[2025-04-23T10:25:26.585+0700] {processor.py:186} INFO - Started process (PID=294338) to work on /home/minhle/mlops/dags/data_pipeline.py
[2025-04-23T10:25:26.586+0700] {processor.py:914} INFO - Processing file /home/minhle/mlops/dags/data_pipeline.py for tasks to queue
[2025-04-23T10:25:26.587+0700] {logging_mixin.py:190} INFO - [2025-04-23T10:25:26.586+0700] {dagbag.py:588} INFO - Filling up the DagBag from /home/minhle/mlops/dags/data_pipeline.py
[2025-04-23T10:25:27.180+0700] {processor.py:925} INFO - DAG(s) 'data_pipeline_v02' retrieved from /home/minhle/mlops/dags/data_pipeline.py
[2025-04-23T10:25:27.350+0700] {logging_mixin.py:190} INFO - [2025-04-23T10:25:27.349+0700] {override.py:1930} INFO - Created Permission View: can read on DAG:data_pipeline_v02
[2025-04-23T10:25:27.416+0700] {logging_mixin.py:190} INFO - [2025-04-23T10:25:27.415+0700] {override.py:1930} INFO - Created Permission View: can delete on DAG:data_pipeline_v02
[2025-04-23T10:25:27.472+0700] {logging_mixin.py:190} INFO - [2025-04-23T10:25:27.472+0700] {override.py:1930} INFO - Created Permission View: can edit on DAG:data_pipeline_v02
[2025-04-23T10:25:27.579+0700] {logging_mixin.py:190} INFO - [2025-04-23T10:25:27.579+0700] {override.py:1930} INFO - Created Permission View: can create on DAG Run:data_pipeline_v02
[2025-04-23T10:25:27.637+0700] {logging_mixin.py:190} INFO - [2025-04-23T10:25:27.636+0700] {override.py:1930} INFO - Created Permission View: can read on DAG Run:data_pipeline_v02
[2025-04-23T10:25:27.695+0700] {logging_mixin.py:190} INFO - [2025-04-23T10:25:27.694+0700] {override.py:1930} INFO - Created Permission View: can delete on DAG Run:data_pipeline_v02
[2025-04-23T10:25:27.752+0700] {logging_mixin.py:190} INFO - [2025-04-23T10:25:27.751+0700] {override.py:1930} INFO - Created Permission View: menu access on DAG Run:data_pipeline_v02
[2025-04-23T10:25:27.753+0700] {logging_mixin.py:190} INFO - [2025-04-23T10:25:27.752+0700] {dag.py:3239} INFO - Sync 1 DAGs
[2025-04-23T10:25:27.771+0700] {logging_mixin.py:190} INFO - [2025-04-23T10:25:27.771+0700] {dag.py:3262} INFO - Creating ORM DAG for data_pipeline_v02
[2025-04-23T10:25:27.771+0700] {logging_mixin.py:190} INFO - [2025-04-23T10:25:27.771+0700] {dag.py:4180} INFO - Setting next_dagrun for data_pipeline_v02 to None, run_after=None
[2025-04-23T10:25:27.845+0700] {processor.py:208} INFO - Processing /home/minhle/mlops/dags/data_pipeline.py took 1.262 seconds
[2025-04-23T10:25:57.939+0700] {processor.py:186} INFO - Started process (PID=294618) to work on /home/minhle/mlops/dags/data_pipeline.py
[2025-04-23T10:25:57.940+0700] {processor.py:914} INFO - Processing file /home/minhle/mlops/dags/data_pipeline.py for tasks to queue
[2025-04-23T10:25:57.942+0700] {logging_mixin.py:190} INFO - [2025-04-23T10:25:57.942+0700] {dagbag.py:588} INFO - Filling up the DagBag from /home/minhle/mlops/dags/data_pipeline.py
[2025-04-23T10:25:58.531+0700] {processor.py:925} INFO - DAG(s) 'data_pipeline_v02' retrieved from /home/minhle/mlops/dags/data_pipeline.py
[2025-04-23T10:25:58.537+0700] {logging_mixin.py:190} INFO - [2025-04-23T10:25:58.537+0700] {dag.py:3239} INFO - Sync 1 DAGs
[2025-04-23T10:25:58.541+0700] {logging_mixin.py:190} INFO - [2025-04-23T10:25:58.541+0700] {dag.py:4180} INFO - Setting next_dagrun for data_pipeline_v02 to None, run_after=None
[2025-04-23T10:25:58.635+0700] {processor.py:208} INFO - Processing /home/minhle/mlops/dags/data_pipeline.py took 0.704 seconds
[2025-04-23T10:26:29.114+0700] {processor.py:186} INFO - Started process (PID=294795) to work on /home/minhle/mlops/dags/data_pipeline.py
[2025-04-23T10:26:29.131+0700] {processor.py:914} INFO - Processing file /home/minhle/mlops/dags/data_pipeline.py for tasks to queue
[2025-04-23T10:26:29.135+0700] {logging_mixin.py:190} INFO - [2025-04-23T10:26:29.135+0700] {dagbag.py:588} INFO - Filling up the DagBag from /home/minhle/mlops/dags/data_pipeline.py
[2025-04-23T10:26:29.769+0700] {processor.py:925} INFO - DAG(s) 'data_pipeline_v02' retrieved from /home/minhle/mlops/dags/data_pipeline.py
[2025-04-23T10:26:29.776+0700] {logging_mixin.py:190} INFO - [2025-04-23T10:26:29.775+0700] {dag.py:3239} INFO - Sync 1 DAGs
[2025-04-23T10:26:29.781+0700] {logging_mixin.py:190} INFO - [2025-04-23T10:26:29.781+0700] {dag.py:4180} INFO - Setting next_dagrun for data_pipeline_v02 to None, run_after=None
[2025-04-23T10:26:29.859+0700] {processor.py:208} INFO - Processing /home/minhle/mlops/dags/data_pipeline.py took 0.753 seconds
[2025-04-23T10:27:00.231+0700] {processor.py:186} INFO - Started process (PID=294935) to work on /home/minhle/mlops/dags/data_pipeline.py
[2025-04-23T10:27:00.232+0700] {processor.py:914} INFO - Processing file /home/minhle/mlops/dags/data_pipeline.py for tasks to queue
[2025-04-23T10:27:00.233+0700] {logging_mixin.py:190} INFO - [2025-04-23T10:27:00.233+0700] {dagbag.py:588} INFO - Filling up the DagBag from /home/minhle/mlops/dags/data_pipeline.py
[2025-04-23T10:27:00.852+0700] {processor.py:925} INFO - DAG(s) 'data_pipeline_v02' retrieved from /home/minhle/mlops/dags/data_pipeline.py
[2025-04-23T10:27:00.859+0700] {logging_mixin.py:190} INFO - [2025-04-23T10:27:00.859+0700] {dag.py:3239} INFO - Sync 1 DAGs
[2025-04-23T10:27:00.864+0700] {logging_mixin.py:190} INFO - [2025-04-23T10:27:00.864+0700] {dag.py:4180} INFO - Setting next_dagrun for data_pipeline_v02 to None, run_after=None
[2025-04-23T10:27:00.981+0700] {processor.py:208} INFO - Processing /home/minhle/mlops/dags/data_pipeline.py took 0.755 seconds
[2025-04-23T10:27:31.310+0700] {processor.py:186} INFO - Started process (PID=294998) to work on /home/minhle/mlops/dags/data_pipeline.py
[2025-04-23T10:27:31.319+0700] {processor.py:914} INFO - Processing file /home/minhle/mlops/dags/data_pipeline.py for tasks to queue
[2025-04-23T10:27:31.322+0700] {logging_mixin.py:190} INFO - [2025-04-23T10:27:31.321+0700] {dagbag.py:588} INFO - Filling up the DagBag from /home/minhle/mlops/dags/data_pipeline.py
[2025-04-23T10:27:31.932+0700] {processor.py:925} INFO - DAG(s) 'data_pipeline_v02' retrieved from /home/minhle/mlops/dags/data_pipeline.py
[2025-04-23T10:27:31.939+0700] {logging_mixin.py:190} INFO - [2025-04-23T10:27:31.939+0700] {dag.py:3239} INFO - Sync 1 DAGs
[2025-04-23T10:27:31.943+0700] {logging_mixin.py:190} INFO - [2025-04-23T10:27:31.943+0700] {dag.py:4180} INFO - Setting next_dagrun for data_pipeline_v02 to None, run_after=None
[2025-04-23T10:27:32.006+0700] {processor.py:208} INFO - Processing /home/minhle/mlops/dags/data_pipeline.py took 0.701 seconds
[2025-04-23T10:28:02.388+0700] {processor.py:186} INFO - Started process (PID=295042) to work on /home/minhle/mlops/dags/data_pipeline.py
[2025-04-23T10:28:02.388+0700] {processor.py:914} INFO - Processing file /home/minhle/mlops/dags/data_pipeline.py for tasks to queue
[2025-04-23T10:28:02.389+0700] {logging_mixin.py:190} INFO - [2025-04-23T10:28:02.389+0700] {dagbag.py:588} INFO - Filling up the DagBag from /home/minhle/mlops/dags/data_pipeline.py
[2025-04-23T10:28:02.992+0700] {processor.py:925} INFO - DAG(s) 'data_pipeline_v02' retrieved from /home/minhle/mlops/dags/data_pipeline.py
[2025-04-23T10:28:02.999+0700] {logging_mixin.py:190} INFO - [2025-04-23T10:28:02.999+0700] {dag.py:3239} INFO - Sync 1 DAGs
[2025-04-23T10:28:03.003+0700] {logging_mixin.py:190} INFO - [2025-04-23T10:28:03.003+0700] {dag.py:4180} INFO - Setting next_dagrun for data_pipeline_v02 to None, run_after=None
[2025-04-23T10:28:03.116+0700] {processor.py:208} INFO - Processing /home/minhle/mlops/dags/data_pipeline.py took 0.735 seconds
[2025-04-23T10:28:34.106+0700] {processor.py:186} INFO - Started process (PID=295094) to work on /home/minhle/mlops/dags/data_pipeline.py
[2025-04-23T10:28:34.204+0700] {processor.py:914} INFO - Processing file /home/minhle/mlops/dags/data_pipeline.py for tasks to queue
[2025-04-23T10:28:34.210+0700] {logging_mixin.py:190} INFO - [2025-04-23T10:28:34.209+0700] {dagbag.py:588} INFO - Filling up the DagBag from /home/minhle/mlops/dags/data_pipeline.py
[2025-04-23T10:28:34.857+0700] {processor.py:925} INFO - DAG(s) 'data_pipeline_v02' retrieved from /home/minhle/mlops/dags/data_pipeline.py
[2025-04-23T10:28:34.864+0700] {logging_mixin.py:190} INFO - [2025-04-23T10:28:34.864+0700] {dag.py:3239} INFO - Sync 1 DAGs
[2025-04-23T10:28:34.868+0700] {logging_mixin.py:190} INFO - [2025-04-23T10:28:34.868+0700] {dag.py:4180} INFO - Setting next_dagrun for data_pipeline_v02 to None, run_after=None
[2025-04-23T10:28:34.932+0700] {processor.py:208} INFO - Processing /home/minhle/mlops/dags/data_pipeline.py took 0.832 seconds
[2025-04-23T10:29:06.011+0700] {processor.py:186} INFO - Started process (PID=295146) to work on /home/minhle/mlops/dags/data_pipeline.py
[2025-04-23T10:29:06.011+0700] {processor.py:914} INFO - Processing file /home/minhle/mlops/dags/data_pipeline.py for tasks to queue
[2025-04-23T10:29:06.012+0700] {logging_mixin.py:190} INFO - [2025-04-23T10:29:06.012+0700] {dagbag.py:588} INFO - Filling up the DagBag from /home/minhle/mlops/dags/data_pipeline.py
[2025-04-23T10:29:06.609+0700] {processor.py:925} INFO - DAG(s) 'data_pipeline_v02' retrieved from /home/minhle/mlops/dags/data_pipeline.py
[2025-04-23T10:29:06.616+0700] {logging_mixin.py:190} INFO - [2025-04-23T10:29:06.615+0700] {dag.py:3239} INFO - Sync 1 DAGs
[2025-04-23T10:29:06.620+0700] {logging_mixin.py:190} INFO - [2025-04-23T10:29:06.620+0700] {dag.py:4180} INFO - Setting next_dagrun for data_pipeline_v02 to None, run_after=None
[2025-04-23T10:29:06.681+0700] {processor.py:208} INFO - Processing /home/minhle/mlops/dags/data_pipeline.py took 0.675 seconds
[2025-04-23T10:29:36.899+0700] {processor.py:186} INFO - Started process (PID=295190) to work on /home/minhle/mlops/dags/data_pipeline.py
[2025-04-23T10:29:37.028+0700] {processor.py:914} INFO - Processing file /home/minhle/mlops/dags/data_pipeline.py for tasks to queue
[2025-04-23T10:29:37.033+0700] {logging_mixin.py:190} INFO - [2025-04-23T10:29:37.032+0700] {dagbag.py:588} INFO - Filling up the DagBag from /home/minhle/mlops/dags/data_pipeline.py
[2025-04-23T10:29:37.653+0700] {processor.py:925} INFO - DAG(s) 'data_pipeline_v02' retrieved from /home/minhle/mlops/dags/data_pipeline.py
[2025-04-23T10:29:37.660+0700] {logging_mixin.py:190} INFO - [2025-04-23T10:29:37.659+0700] {dag.py:3239} INFO - Sync 1 DAGs
[2025-04-23T10:29:37.664+0700] {logging_mixin.py:190} INFO - [2025-04-23T10:29:37.664+0700] {dag.py:4180} INFO - Setting next_dagrun for data_pipeline_v02 to None, run_after=None
[2025-04-23T10:29:38.502+0700] {processor.py:208} INFO - Processing /home/minhle/mlops/dags/data_pipeline.py took 1.608 seconds
[2025-04-23T10:30:08.637+0700] {processor.py:186} INFO - Started process (PID=295251) to work on /home/minhle/mlops/dags/data_pipeline.py
[2025-04-23T10:30:08.638+0700] {processor.py:914} INFO - Processing file /home/minhle/mlops/dags/data_pipeline.py for tasks to queue
[2025-04-23T10:30:08.638+0700] {logging_mixin.py:190} INFO - [2025-04-23T10:30:08.638+0700] {dagbag.py:588} INFO - Filling up the DagBag from /home/minhle/mlops/dags/data_pipeline.py
[2025-04-23T10:30:09.255+0700] {processor.py:925} INFO - DAG(s) 'data_pipeline_v02' retrieved from /home/minhle/mlops/dags/data_pipeline.py
[2025-04-23T10:30:09.261+0700] {logging_mixin.py:190} INFO - [2025-04-23T10:30:09.261+0700] {dag.py:3239} INFO - Sync 1 DAGs
[2025-04-23T10:30:09.265+0700] {logging_mixin.py:190} INFO - [2025-04-23T10:30:09.265+0700] {dag.py:4180} INFO - Setting next_dagrun for data_pipeline_v02 to None, run_after=None
[2025-04-23T10:30:09.535+0700] {processor.py:208} INFO - Processing /home/minhle/mlops/dags/data_pipeline.py took 0.904 seconds
[2025-04-23T10:30:39.835+0700] {processor.py:186} INFO - Started process (PID=295335) to work on /home/minhle/mlops/dags/data_pipeline.py
[2025-04-23T10:30:39.836+0700] {processor.py:914} INFO - Processing file /home/minhle/mlops/dags/data_pipeline.py for tasks to queue
[2025-04-23T10:30:39.839+0700] {logging_mixin.py:190} INFO - [2025-04-23T10:30:39.838+0700] {dagbag.py:588} INFO - Filling up the DagBag from /home/minhle/mlops/dags/data_pipeline.py
[2025-04-23T10:30:40.445+0700] {processor.py:925} INFO - DAG(s) 'data_pipeline_v02' retrieved from /home/minhle/mlops/dags/data_pipeline.py
[2025-04-23T10:30:40.452+0700] {logging_mixin.py:190} INFO - [2025-04-23T10:30:40.452+0700] {dag.py:3239} INFO - Sync 1 DAGs
[2025-04-23T10:30:40.457+0700] {logging_mixin.py:190} INFO - [2025-04-23T10:30:40.457+0700] {dag.py:4180} INFO - Setting next_dagrun for data_pipeline_v02 to None, run_after=None
[2025-04-23T10:30:40.520+0700] {processor.py:208} INFO - Processing /home/minhle/mlops/dags/data_pipeline.py took 0.691 seconds
[2025-04-23T10:31:10.658+0700] {processor.py:186} INFO - Started process (PID=295386) to work on /home/minhle/mlops/dags/data_pipeline.py
[2025-04-23T10:31:10.660+0700] {processor.py:914} INFO - Processing file /home/minhle/mlops/dags/data_pipeline.py for tasks to queue
[2025-04-23T10:31:10.663+0700] {logging_mixin.py:190} INFO - [2025-04-23T10:31:10.663+0700] {dagbag.py:588} INFO - Filling up the DagBag from /home/minhle/mlops/dags/data_pipeline.py
[2025-04-23T10:31:11.271+0700] {processor.py:925} INFO - DAG(s) 'data_pipeline_v02' retrieved from /home/minhle/mlops/dags/data_pipeline.py
[2025-04-23T10:31:11.277+0700] {logging_mixin.py:190} INFO - [2025-04-23T10:31:11.277+0700] {dag.py:3239} INFO - Sync 1 DAGs
[2025-04-23T10:31:11.282+0700] {logging_mixin.py:190} INFO - [2025-04-23T10:31:11.282+0700] {dag.py:4180} INFO - Setting next_dagrun for data_pipeline_v02 to None, run_after=None
[2025-04-23T10:31:11.569+0700] {processor.py:208} INFO - Processing /home/minhle/mlops/dags/data_pipeline.py took 0.920 seconds
[2025-04-23T10:31:41.796+0700] {processor.py:186} INFO - Started process (PID=295446) to work on /home/minhle/mlops/dags/data_pipeline.py
[2025-04-23T10:31:41.797+0700] {processor.py:914} INFO - Processing file /home/minhle/mlops/dags/data_pipeline.py for tasks to queue
[2025-04-23T10:31:41.798+0700] {logging_mixin.py:190} INFO - [2025-04-23T10:31:41.798+0700] {dagbag.py:588} INFO - Filling up the DagBag from /home/minhle/mlops/dags/data_pipeline.py
[2025-04-23T10:31:42.406+0700] {processor.py:925} INFO - DAG(s) 'data_pipeline_v02' retrieved from /home/minhle/mlops/dags/data_pipeline.py
[2025-04-23T10:31:42.413+0700] {logging_mixin.py:190} INFO - [2025-04-23T10:31:42.412+0700] {dag.py:3239} INFO - Sync 1 DAGs
[2025-04-23T10:31:42.417+0700] {logging_mixin.py:190} INFO - [2025-04-23T10:31:42.417+0700] {dag.py:4180} INFO - Setting next_dagrun for data_pipeline_v02 to None, run_after=None
[2025-04-23T10:31:42.485+0700] {processor.py:208} INFO - Processing /home/minhle/mlops/dags/data_pipeline.py took 0.695 seconds
[2025-04-23T10:32:12.603+0700] {processor.py:186} INFO - Started process (PID=295516) to work on /home/minhle/mlops/dags/data_pipeline.py
[2025-04-23T10:32:12.604+0700] {processor.py:914} INFO - Processing file /home/minhle/mlops/dags/data_pipeline.py for tasks to queue
[2025-04-23T10:32:12.606+0700] {logging_mixin.py:190} INFO - [2025-04-23T10:32:12.605+0700] {dagbag.py:588} INFO - Filling up the DagBag from /home/minhle/mlops/dags/data_pipeline.py
[2025-04-23T10:32:13.222+0700] {processor.py:925} INFO - DAG(s) 'data_pipeline_v02' retrieved from /home/minhle/mlops/dags/data_pipeline.py
[2025-04-23T10:32:13.228+0700] {logging_mixin.py:190} INFO - [2025-04-23T10:32:13.228+0700] {dag.py:3239} INFO - Sync 1 DAGs
[2025-04-23T10:32:13.233+0700] {logging_mixin.py:190} INFO - [2025-04-23T10:32:13.233+0700] {dag.py:4180} INFO - Setting next_dagrun for data_pipeline_v02 to None, run_after=None
[2025-04-23T10:32:13.325+0700] {processor.py:208} INFO - Processing /home/minhle/mlops/dags/data_pipeline.py took 0.726 seconds
[2025-04-23T10:32:43.563+0700] {processor.py:186} INFO - Started process (PID=295670) to work on /home/minhle/mlops/dags/data_pipeline.py
[2025-04-23T10:32:43.577+0700] {processor.py:914} INFO - Processing file /home/minhle/mlops/dags/data_pipeline.py for tasks to queue
[2025-04-23T10:32:43.582+0700] {logging_mixin.py:190} INFO - [2025-04-23T10:32:43.581+0700] {dagbag.py:588} INFO - Filling up the DagBag from /home/minhle/mlops/dags/data_pipeline.py
[2025-04-23T10:32:44.186+0700] {processor.py:925} INFO - DAG(s) 'data_pipeline_v02' retrieved from /home/minhle/mlops/dags/data_pipeline.py
[2025-04-23T10:32:44.194+0700] {logging_mixin.py:190} INFO - [2025-04-23T10:32:44.194+0700] {dag.py:3239} INFO - Sync 1 DAGs
[2025-04-23T10:32:44.199+0700] {logging_mixin.py:190} INFO - [2025-04-23T10:32:44.199+0700] {dag.py:4180} INFO - Setting next_dagrun for data_pipeline_v02 to None, run_after=None
[2025-04-23T10:32:44.368+0700] {processor.py:208} INFO - Processing /home/minhle/mlops/dags/data_pipeline.py took 0.811 seconds
[2025-04-23T10:33:14.546+0700] {processor.py:186} INFO - Started process (PID=295889) to work on /home/minhle/mlops/dags/data_pipeline.py
[2025-04-23T10:33:14.547+0700] {processor.py:914} INFO - Processing file /home/minhle/mlops/dags/data_pipeline.py for tasks to queue
[2025-04-23T10:33:14.548+0700] {logging_mixin.py:190} INFO - [2025-04-23T10:33:14.548+0700] {dagbag.py:588} INFO - Filling up the DagBag from /home/minhle/mlops/dags/data_pipeline.py
[2025-04-23T10:33:15.170+0700] {processor.py:925} INFO - DAG(s) 'data_pipeline_v02' retrieved from /home/minhle/mlops/dags/data_pipeline.py
[2025-04-23T10:33:15.177+0700] {logging_mixin.py:190} INFO - [2025-04-23T10:33:15.177+0700] {dag.py:3239} INFO - Sync 1 DAGs
[2025-04-23T10:33:15.182+0700] {logging_mixin.py:190} INFO - [2025-04-23T10:33:15.182+0700] {dag.py:4180} INFO - Setting next_dagrun for data_pipeline_v02 to None, run_after=None
[2025-04-23T10:33:15.298+0700] {processor.py:208} INFO - Processing /home/minhle/mlops/dags/data_pipeline.py took 0.757 seconds
[2025-04-23T10:33:45.428+0700] {processor.py:186} INFO - Started process (PID=296129) to work on /home/minhle/mlops/dags/data_pipeline.py
[2025-04-23T10:33:45.429+0700] {processor.py:914} INFO - Processing file /home/minhle/mlops/dags/data_pipeline.py for tasks to queue
[2025-04-23T10:33:45.430+0700] {logging_mixin.py:190} INFO - [2025-04-23T10:33:45.430+0700] {dagbag.py:588} INFO - Filling up the DagBag from /home/minhle/mlops/dags/data_pipeline.py
[2025-04-23T10:33:46.030+0700] {processor.py:925} INFO - DAG(s) 'data_pipeline_v02' retrieved from /home/minhle/mlops/dags/data_pipeline.py
[2025-04-23T10:33:46.037+0700] {logging_mixin.py:190} INFO - [2025-04-23T10:33:46.037+0700] {dag.py:3239} INFO - Sync 1 DAGs
[2025-04-23T10:33:46.041+0700] {logging_mixin.py:190} INFO - [2025-04-23T10:33:46.041+0700] {dag.py:4180} INFO - Setting next_dagrun for data_pipeline_v02 to None, run_after=None
[2025-04-23T10:33:46.190+0700] {processor.py:208} INFO - Processing /home/minhle/mlops/dags/data_pipeline.py took 0.765 seconds
[2025-04-23T10:34:16.324+0700] {processor.py:186} INFO - Started process (PID=296271) to work on /home/minhle/mlops/dags/data_pipeline.py
[2025-04-23T10:34:16.334+0700] {processor.py:914} INFO - Processing file /home/minhle/mlops/dags/data_pipeline.py for tasks to queue
[2025-04-23T10:34:16.336+0700] {logging_mixin.py:190} INFO - [2025-04-23T10:34:16.335+0700] {dagbag.py:588} INFO - Filling up the DagBag from /home/minhle/mlops/dags/data_pipeline.py
[2025-04-23T10:34:16.984+0700] {processor.py:925} INFO - DAG(s) 'data_pipeline_v02' retrieved from /home/minhle/mlops/dags/data_pipeline.py
[2025-04-23T10:34:16.990+0700] {logging_mixin.py:190} INFO - [2025-04-23T10:34:16.990+0700] {dag.py:3239} INFO - Sync 1 DAGs
[2025-04-23T10:34:16.995+0700] {logging_mixin.py:190} INFO - [2025-04-23T10:34:16.995+0700] {dag.py:4180} INFO - Setting next_dagrun for data_pipeline_v02 to None, run_after=None
[2025-04-23T10:34:17.057+0700] {processor.py:208} INFO - Processing /home/minhle/mlops/dags/data_pipeline.py took 0.737 seconds
[2025-04-23T10:34:47.203+0700] {processor.py:186} INFO - Started process (PID=296413) to work on /home/minhle/mlops/dags/data_pipeline.py
[2025-04-23T10:34:47.205+0700] {processor.py:914} INFO - Processing file /home/minhle/mlops/dags/data_pipeline.py for tasks to queue
[2025-04-23T10:34:47.208+0700] {logging_mixin.py:190} INFO - [2025-04-23T10:34:47.207+0700] {dagbag.py:588} INFO - Filling up the DagBag from /home/minhle/mlops/dags/data_pipeline.py
[2025-04-23T10:34:47.808+0700] {processor.py:925} INFO - DAG(s) 'data_pipeline_v02' retrieved from /home/minhle/mlops/dags/data_pipeline.py
[2025-04-23T10:34:47.815+0700] {logging_mixin.py:190} INFO - [2025-04-23T10:34:47.814+0700] {dag.py:3239} INFO - Sync 1 DAGs
[2025-04-23T10:34:47.819+0700] {logging_mixin.py:190} INFO - [2025-04-23T10:34:47.819+0700] {dag.py:4180} INFO - Setting next_dagrun for data_pipeline_v02 to None, run_after=None
[2025-04-23T10:34:47.884+0700] {processor.py:208} INFO - Processing /home/minhle/mlops/dags/data_pipeline.py took 0.691 seconds
[2025-04-23T10:35:18.469+0700] {processor.py:186} INFO - Started process (PID=296477) to work on /home/minhle/mlops/dags/data_pipeline.py
[2025-04-23T10:35:18.482+0700] {processor.py:914} INFO - Processing file /home/minhle/mlops/dags/data_pipeline.py for tasks to queue
[2025-04-23T10:35:18.486+0700] {logging_mixin.py:190} INFO - [2025-04-23T10:35:18.485+0700] {dagbag.py:588} INFO - Filling up the DagBag from /home/minhle/mlops/dags/data_pipeline.py
[2025-04-23T10:35:19.080+0700] {processor.py:925} INFO - DAG(s) 'data_pipeline_v02' retrieved from /home/minhle/mlops/dags/data_pipeline.py
[2025-04-23T10:35:19.087+0700] {logging_mixin.py:190} INFO - [2025-04-23T10:35:19.087+0700] {dag.py:3239} INFO - Sync 1 DAGs
[2025-04-23T10:35:19.091+0700] {logging_mixin.py:190} INFO - [2025-04-23T10:35:19.091+0700] {dag.py:4180} INFO - Setting next_dagrun for data_pipeline_v02 to None, run_after=None
[2025-04-23T10:35:19.191+0700] {processor.py:208} INFO - Processing /home/minhle/mlops/dags/data_pipeline.py took 0.726 seconds
[2025-04-23T10:35:49.355+0700] {processor.py:186} INFO - Started process (PID=296568) to work on /home/minhle/mlops/dags/data_pipeline.py
[2025-04-23T10:35:49.355+0700] {processor.py:914} INFO - Processing file /home/minhle/mlops/dags/data_pipeline.py for tasks to queue
[2025-04-23T10:35:49.357+0700] {logging_mixin.py:190} INFO - [2025-04-23T10:35:49.356+0700] {dagbag.py:588} INFO - Filling up the DagBag from /home/minhle/mlops/dags/data_pipeline.py
[2025-04-23T10:35:49.946+0700] {processor.py:925} INFO - DAG(s) 'data_pipeline_v02' retrieved from /home/minhle/mlops/dags/data_pipeline.py
[2025-04-23T10:35:49.953+0700] {logging_mixin.py:190} INFO - [2025-04-23T10:35:49.953+0700] {dag.py:3239} INFO - Sync 1 DAGs
[2025-04-23T10:35:49.958+0700] {logging_mixin.py:190} INFO - [2025-04-23T10:35:49.958+0700] {dag.py:4180} INFO - Setting next_dagrun for data_pipeline_v02 to None, run_after=None
[2025-04-23T10:35:50.050+0700] {processor.py:208} INFO - Processing /home/minhle/mlops/dags/data_pipeline.py took 0.701 seconds
[2025-04-23T10:36:20.196+0700] {processor.py:186} INFO - Started process (PID=296804) to work on /home/minhle/mlops/dags/data_pipeline.py
[2025-04-23T10:36:20.200+0700] {processor.py:914} INFO - Processing file /home/minhle/mlops/dags/data_pipeline.py for tasks to queue
[2025-04-23T10:36:20.201+0700] {logging_mixin.py:190} INFO - [2025-04-23T10:36:20.201+0700] {dagbag.py:588} INFO - Filling up the DagBag from /home/minhle/mlops/dags/data_pipeline.py
[2025-04-23T10:36:20.918+0700] {processor.py:925} INFO - DAG(s) 'data_pipeline_v02' retrieved from /home/minhle/mlops/dags/data_pipeline.py
[2025-04-23T10:36:20.924+0700] {logging_mixin.py:190} INFO - [2025-04-23T10:36:20.924+0700] {dag.py:3239} INFO - Sync 1 DAGs
[2025-04-23T10:36:20.930+0700] {logging_mixin.py:190} INFO - [2025-04-23T10:36:20.929+0700] {dag.py:4180} INFO - Setting next_dagrun for data_pipeline_v02 to None, run_after=None
[2025-04-23T10:36:21.011+0700] {processor.py:208} INFO - Processing /home/minhle/mlops/dags/data_pipeline.py took 0.817 seconds
[2025-04-23T10:36:51.210+0700] {processor.py:186} INFO - Started process (PID=296940) to work on /home/minhle/mlops/dags/data_pipeline.py
[2025-04-23T10:36:51.211+0700] {processor.py:914} INFO - Processing file /home/minhle/mlops/dags/data_pipeline.py for tasks to queue
[2025-04-23T10:36:51.213+0700] {logging_mixin.py:190} INFO - [2025-04-23T10:36:51.213+0700] {dagbag.py:588} INFO - Filling up the DagBag from /home/minhle/mlops/dags/data_pipeline.py
[2025-04-23T10:36:51.882+0700] {processor.py:925} INFO - DAG(s) 'data_pipeline_v02' retrieved from /home/minhle/mlops/dags/data_pipeline.py
[2025-04-23T10:36:51.890+0700] {logging_mixin.py:190} INFO - [2025-04-23T10:36:51.889+0700] {dag.py:3239} INFO - Sync 1 DAGs
[2025-04-23T10:36:51.895+0700] {logging_mixin.py:190} INFO - [2025-04-23T10:36:51.895+0700] {dag.py:4180} INFO - Setting next_dagrun for data_pipeline_v02 to None, run_after=None
[2025-04-23T10:36:52.240+0700] {processor.py:208} INFO - Processing /home/minhle/mlops/dags/data_pipeline.py took 1.038 seconds
[2025-04-23T10:37:22.383+0700] {processor.py:186} INFO - Started process (PID=296997) to work on /home/minhle/mlops/dags/data_pipeline.py
[2025-04-23T10:37:22.394+0700] {processor.py:914} INFO - Processing file /home/minhle/mlops/dags/data_pipeline.py for tasks to queue
[2025-04-23T10:37:22.399+0700] {logging_mixin.py:190} INFO - [2025-04-23T10:37:22.398+0700] {dagbag.py:588} INFO - Filling up the DagBag from /home/minhle/mlops/dags/data_pipeline.py
[2025-04-23T10:37:23.011+0700] {processor.py:925} INFO - DAG(s) 'data_pipeline_v02' retrieved from /home/minhle/mlops/dags/data_pipeline.py
[2025-04-23T10:37:23.018+0700] {logging_mixin.py:190} INFO - [2025-04-23T10:37:23.018+0700] {dag.py:3239} INFO - Sync 1 DAGs
[2025-04-23T10:37:23.022+0700] {logging_mixin.py:190} INFO - [2025-04-23T10:37:23.022+0700] {dag.py:4180} INFO - Setting next_dagrun for data_pipeline_v02 to None, run_after=None
[2025-04-23T10:37:23.105+0700] {processor.py:208} INFO - Processing /home/minhle/mlops/dags/data_pipeline.py took 0.728 seconds
[2025-04-23T10:37:31.388+0700] {processor.py:186} INFO - Started process (PID=297056) to work on /home/minhle/mlops/dags/data_pipeline.py
[2025-04-23T10:37:31.389+0700] {processor.py:914} INFO - Processing file /home/minhle/mlops/dags/data_pipeline.py for tasks to queue
[2025-04-23T10:37:31.391+0700] {logging_mixin.py:190} INFO - [2025-04-23T10:37:31.391+0700] {dagbag.py:588} INFO - Filling up the DagBag from /home/minhle/mlops/dags/data_pipeline.py
[2025-04-23T10:37:31.406+0700] {processor.py:925} INFO - DAG(s) 'our_dag_with_python_operator_v07' retrieved from /home/minhle/mlops/dags/data_pipeline.py
[2025-04-23T10:37:31.624+0700] {logging_mixin.py:190} INFO - [2025-04-23T10:37:31.623+0700] {override.py:1930} INFO - Created Permission View: can read on DAG:our_dag_with_python_operator_v07
[2025-04-23T10:37:31.689+0700] {logging_mixin.py:190} INFO - [2025-04-23T10:37:31.688+0700] {override.py:1930} INFO - Created Permission View: can delete on DAG:our_dag_with_python_operator_v07
[2025-04-23T10:37:31.771+0700] {logging_mixin.py:190} INFO - [2025-04-23T10:37:31.770+0700] {override.py:1930} INFO - Created Permission View: can edit on DAG:our_dag_with_python_operator_v07
[2025-04-23T10:37:31.886+0700] {logging_mixin.py:190} INFO - [2025-04-23T10:37:31.885+0700] {override.py:1930} INFO - Created Permission View: can create on DAG Run:our_dag_with_python_operator_v07
[2025-04-23T10:37:31.948+0700] {logging_mixin.py:190} INFO - [2025-04-23T10:37:31.947+0700] {override.py:1930} INFO - Created Permission View: can read on DAG Run:our_dag_with_python_operator_v07
[2025-04-23T10:37:32.014+0700] {logging_mixin.py:190} INFO - [2025-04-23T10:37:32.013+0700] {override.py:1930} INFO - Created Permission View: can delete on DAG Run:our_dag_with_python_operator_v07
[2025-04-23T10:37:32.119+0700] {logging_mixin.py:190} INFO - [2025-04-23T10:37:32.119+0700] {override.py:1930} INFO - Created Permission View: menu access on DAG Run:our_dag_with_python_operator_v07
[2025-04-23T10:37:32.120+0700] {logging_mixin.py:190} INFO - [2025-04-23T10:37:32.120+0700] {dag.py:3239} INFO - Sync 1 DAGs
[2025-04-23T10:37:32.138+0700] {logging_mixin.py:190} INFO - [2025-04-23T10:37:32.138+0700] {dag.py:3262} INFO - Creating ORM DAG for our_dag_with_python_operator_v07
[2025-04-23T10:37:32.142+0700] {logging_mixin.py:190} INFO - [2025-04-23T10:37:32.142+0700] {dag.py:4180} INFO - Setting next_dagrun for our_dag_with_python_operator_v07 to 2021-10-06 00:00:00+00:00, run_after=2021-10-07 00:00:00+00:00
[2025-04-23T10:37:32.215+0700] {processor.py:208} INFO - Processing /home/minhle/mlops/dags/data_pipeline.py took 0.832 seconds
[2025-04-23T10:38:07.670+0700] {processor.py:186} INFO - Started process (PID=297514) to work on /home/minhle/mlops/dags/data_pipeline.py
[2025-04-23T10:38:07.670+0700] {processor.py:914} INFO - Processing file /home/minhle/mlops/dags/data_pipeline.py for tasks to queue
[2025-04-23T10:38:07.672+0700] {logging_mixin.py:190} INFO - [2025-04-23T10:38:07.672+0700] {dagbag.py:588} INFO - Filling up the DagBag from /home/minhle/mlops/dags/data_pipeline.py
[2025-04-23T10:38:07.685+0700] {processor.py:925} INFO - DAG(s) 'our_dag_with_python_operator_v07' retrieved from /home/minhle/mlops/dags/data_pipeline.py
[2025-04-23T10:38:07.694+0700] {logging_mixin.py:190} INFO - [2025-04-23T10:38:07.694+0700] {dag.py:3239} INFO - Sync 1 DAGs
[2025-04-23T10:38:07.764+0700] {logging_mixin.py:190} INFO - [2025-04-23T10:38:07.763+0700] {dag.py:4180} INFO - Setting next_dagrun for our_dag_with_python_operator_v07 to 2021-10-09 00:00:00+00:00, run_after=2021-10-10 00:00:00+00:00
[2025-04-23T10:38:07.881+0700] {processor.py:208} INFO - Processing /home/minhle/mlops/dags/data_pipeline.py took 0.220 seconds
[2025-04-23T10:38:40.910+0700] {processor.py:186} INFO - Started process (PID=297943) to work on /home/minhle/mlops/dags/data_pipeline.py
[2025-04-23T10:38:40.910+0700] {processor.py:914} INFO - Processing file /home/minhle/mlops/dags/data_pipeline.py for tasks to queue
[2025-04-23T10:38:40.911+0700] {logging_mixin.py:190} INFO - [2025-04-23T10:38:40.911+0700] {dagbag.py:588} INFO - Filling up the DagBag from /home/minhle/mlops/dags/data_pipeline.py
[2025-04-23T10:38:40.917+0700] {processor.py:925} INFO - DAG(s) 'our_dag_with_python_operator_v07' retrieved from /home/minhle/mlops/dags/data_pipeline.py
[2025-04-23T10:38:40.927+0700] {logging_mixin.py:190} INFO - [2025-04-23T10:38:40.926+0700] {dag.py:3239} INFO - Sync 1 DAGs
[2025-04-23T10:38:40.997+0700] {logging_mixin.py:190} INFO - [2025-04-23T10:38:40.997+0700] {dag.py:4180} INFO - Setting next_dagrun for our_dag_with_python_operator_v07 to 2021-10-13 00:00:00+00:00, run_after=2021-10-14 00:00:00+00:00
[2025-04-23T10:38:41.197+0700] {processor.py:208} INFO - Processing /home/minhle/mlops/dags/data_pipeline.py took 0.292 seconds
[2025-04-23T10:39:11.536+0700] {processor.py:186} INFO - Started process (PID=298278) to work on /home/minhle/mlops/dags/data_pipeline.py
[2025-04-23T10:39:11.536+0700] {processor.py:914} INFO - Processing file /home/minhle/mlops/dags/data_pipeline.py for tasks to queue
[2025-04-23T10:39:11.538+0700] {logging_mixin.py:190} INFO - [2025-04-23T10:39:11.537+0700] {dagbag.py:588} INFO - Filling up the DagBag from /home/minhle/mlops/dags/data_pipeline.py
[2025-04-23T10:39:11.546+0700] {processor.py:925} INFO - DAG(s) 'our_dag_with_python_operator_v07' retrieved from /home/minhle/mlops/dags/data_pipeline.py
[2025-04-23T10:39:11.557+0700] {logging_mixin.py:190} INFO - [2025-04-23T10:39:11.557+0700] {dag.py:3239} INFO - Sync 1 DAGs
[2025-04-23T10:39:11.622+0700] {logging_mixin.py:190} INFO - [2025-04-23T10:39:11.622+0700] {dag.py:4180} INFO - Setting next_dagrun for our_dag_with_python_operator_v07 to 2021-10-17 00:00:00+00:00, run_after=2021-10-18 00:00:00+00:00
[2025-04-23T10:39:11.847+0700] {processor.py:208} INFO - Processing /home/minhle/mlops/dags/data_pipeline.py took 0.316 seconds
[2025-04-23T10:39:43.582+0700] {processor.py:186} INFO - Started process (PID=298591) to work on /home/minhle/mlops/dags/data_pipeline.py
[2025-04-23T10:39:43.583+0700] {processor.py:914} INFO - Processing file /home/minhle/mlops/dags/data_pipeline.py for tasks to queue
[2025-04-23T10:39:43.584+0700] {logging_mixin.py:190} INFO - [2025-04-23T10:39:43.583+0700] {dagbag.py:588} INFO - Filling up the DagBag from /home/minhle/mlops/dags/data_pipeline.py
[2025-04-23T10:39:43.592+0700] {processor.py:925} INFO - DAG(s) 'our_dag_with_python_operator_v07' retrieved from /home/minhle/mlops/dags/data_pipeline.py
[2025-04-23T10:39:43.602+0700] {logging_mixin.py:190} INFO - [2025-04-23T10:39:43.602+0700] {dag.py:3239} INFO - Sync 1 DAGs
[2025-04-23T10:39:43.665+0700] {logging_mixin.py:190} INFO - [2025-04-23T10:39:43.665+0700] {dag.py:4180} INFO - Setting next_dagrun for our_dag_with_python_operator_v07 to 2021-10-21 00:00:00+00:00, run_after=2021-10-22 00:00:00+00:00
[2025-04-23T10:39:43.783+0700] {processor.py:208} INFO - Processing /home/minhle/mlops/dags/data_pipeline.py took 0.206 seconds
[2025-04-23T10:40:14.741+0700] {processor.py:186} INFO - Started process (PID=298848) to work on /home/minhle/mlops/dags/data_pipeline.py
[2025-04-23T10:40:14.742+0700] {processor.py:914} INFO - Processing file /home/minhle/mlops/dags/data_pipeline.py for tasks to queue
[2025-04-23T10:40:14.743+0700] {logging_mixin.py:190} INFO - [2025-04-23T10:40:14.742+0700] {dagbag.py:588} INFO - Filling up the DagBag from /home/minhle/mlops/dags/data_pipeline.py
[2025-04-23T10:40:14.748+0700] {processor.py:925} INFO - DAG(s) 'our_dag_with_python_operator_v07' retrieved from /home/minhle/mlops/dags/data_pipeline.py
[2025-04-23T10:40:14.758+0700] {logging_mixin.py:190} INFO - [2025-04-23T10:40:14.758+0700] {dag.py:3239} INFO - Sync 1 DAGs
[2025-04-23T10:40:14.832+0700] {logging_mixin.py:190} INFO - [2025-04-23T10:40:14.832+0700] {dag.py:4180} INFO - Setting next_dagrun for our_dag_with_python_operator_v07 to 2021-10-25 00:00:00+00:00, run_after=2021-10-26 00:00:00+00:00
[2025-04-23T10:40:14.928+0700] {processor.py:208} INFO - Processing /home/minhle/mlops/dags/data_pipeline.py took 0.193 seconds
[2025-04-23T10:40:45.321+0700] {processor.py:186} INFO - Started process (PID=299080) to work on /home/minhle/mlops/dags/data_pipeline.py
[2025-04-23T10:40:45.323+0700] {processor.py:914} INFO - Processing file /home/minhle/mlops/dags/data_pipeline.py for tasks to queue
[2025-04-23T10:40:45.325+0700] {logging_mixin.py:190} INFO - [2025-04-23T10:40:45.324+0700] {dagbag.py:588} INFO - Filling up the DagBag from /home/minhle/mlops/dags/data_pipeline.py
[2025-04-23T10:40:45.339+0700] {processor.py:925} INFO - DAG(s) 'our_dag_with_python_operator_v07' retrieved from /home/minhle/mlops/dags/data_pipeline.py
[2025-04-23T10:40:45.348+0700] {logging_mixin.py:190} INFO - [2025-04-23T10:40:45.348+0700] {dag.py:3239} INFO - Sync 1 DAGs
[2025-04-23T10:40:45.415+0700] {logging_mixin.py:190} INFO - [2025-04-23T10:40:45.415+0700] {dag.py:4180} INFO - Setting next_dagrun for our_dag_with_python_operator_v07 to 2021-10-29 00:00:00+00:00, run_after=2021-10-30 00:00:00+00:00
[2025-04-23T10:40:45.523+0700] {processor.py:208} INFO - Processing /home/minhle/mlops/dags/data_pipeline.py took 0.208 seconds
[2025-04-23T10:41:17.054+0700] {processor.py:186} INFO - Started process (PID=299432) to work on /home/minhle/mlops/dags/data_pipeline.py
[2025-04-23T10:41:17.055+0700] {processor.py:914} INFO - Processing file /home/minhle/mlops/dags/data_pipeline.py for tasks to queue
[2025-04-23T10:41:17.058+0700] {logging_mixin.py:190} INFO - [2025-04-23T10:41:17.057+0700] {dagbag.py:588} INFO - Filling up the DagBag from /home/minhle/mlops/dags/data_pipeline.py
[2025-04-23T10:41:17.076+0700] {processor.py:925} INFO - DAG(s) 'our_dag_with_python_operator_v07' retrieved from /home/minhle/mlops/dags/data_pipeline.py
[2025-04-23T10:41:17.087+0700] {logging_mixin.py:190} INFO - [2025-04-23T10:41:17.087+0700] {dag.py:3239} INFO - Sync 1 DAGs
[2025-04-23T10:41:17.152+0700] {logging_mixin.py:190} INFO - [2025-04-23T10:41:17.152+0700] {dag.py:4180} INFO - Setting next_dagrun for our_dag_with_python_operator_v07 to 2021-11-02 00:00:00+00:00, run_after=2021-11-03 00:00:00+00:00
[2025-04-23T10:41:17.248+0700] {processor.py:208} INFO - Processing /home/minhle/mlops/dags/data_pipeline.py took 0.200 seconds
[2025-04-23T10:41:48.748+0700] {processor.py:186} INFO - Started process (PID=299673) to work on /home/minhle/mlops/dags/data_pipeline.py
[2025-04-23T10:41:48.749+0700] {processor.py:914} INFO - Processing file /home/minhle/mlops/dags/data_pipeline.py for tasks to queue
[2025-04-23T10:41:48.751+0700] {logging_mixin.py:190} INFO - [2025-04-23T10:41:48.751+0700] {dagbag.py:588} INFO - Filling up the DagBag from /home/minhle/mlops/dags/data_pipeline.py
[2025-04-23T10:41:48.759+0700] {processor.py:925} INFO - DAG(s) 'our_dag_with_python_operator_v07' retrieved from /home/minhle/mlops/dags/data_pipeline.py
[2025-04-23T10:41:48.768+0700] {logging_mixin.py:190} INFO - [2025-04-23T10:41:48.768+0700] {dag.py:3239} INFO - Sync 1 DAGs
[2025-04-23T10:41:48.832+0700] {logging_mixin.py:190} INFO - [2025-04-23T10:41:48.831+0700] {dag.py:4180} INFO - Setting next_dagrun for our_dag_with_python_operator_v07 to 2021-11-06 00:00:00+00:00, run_after=2021-11-07 00:00:00+00:00
[2025-04-23T10:41:49.243+0700] {processor.py:208} INFO - Processing /home/minhle/mlops/dags/data_pipeline.py took 0.500 seconds
[2025-04-23T10:42:19.634+0700] {processor.py:186} INFO - Started process (PID=299901) to work on /home/minhle/mlops/dags/data_pipeline.py
[2025-04-23T10:42:19.636+0700] {processor.py:914} INFO - Processing file /home/minhle/mlops/dags/data_pipeline.py for tasks to queue
[2025-04-23T10:42:19.637+0700] {logging_mixin.py:190} INFO - [2025-04-23T10:42:19.637+0700] {dagbag.py:588} INFO - Filling up the DagBag from /home/minhle/mlops/dags/data_pipeline.py
[2025-04-23T10:42:19.642+0700] {processor.py:925} INFO - DAG(s) 'our_dag_with_python_operator_v07' retrieved from /home/minhle/mlops/dags/data_pipeline.py
[2025-04-23T10:42:19.651+0700] {logging_mixin.py:190} INFO - [2025-04-23T10:42:19.651+0700] {dag.py:3239} INFO - Sync 1 DAGs
[2025-04-23T10:42:19.715+0700] {logging_mixin.py:190} INFO - [2025-04-23T10:42:19.715+0700] {dag.py:4180} INFO - Setting next_dagrun for our_dag_with_python_operator_v07 to 2021-11-10 00:00:00+00:00, run_after=2021-11-11 00:00:00+00:00
[2025-04-23T10:42:19.818+0700] {processor.py:208} INFO - Processing /home/minhle/mlops/dags/data_pipeline.py took 0.190 seconds
[2025-04-23T10:42:50.723+0700] {processor.py:186} INFO - Started process (PID=300130) to work on /home/minhle/mlops/dags/data_pipeline.py
[2025-04-23T10:42:50.724+0700] {processor.py:914} INFO - Processing file /home/minhle/mlops/dags/data_pipeline.py for tasks to queue
[2025-04-23T10:42:50.725+0700] {logging_mixin.py:190} INFO - [2025-04-23T10:42:50.725+0700] {dagbag.py:588} INFO - Filling up the DagBag from /home/minhle/mlops/dags/data_pipeline.py
[2025-04-23T10:42:50.733+0700] {processor.py:925} INFO - DAG(s) 'our_dag_with_python_operator_v07' retrieved from /home/minhle/mlops/dags/data_pipeline.py
[2025-04-23T10:42:50.742+0700] {logging_mixin.py:190} INFO - [2025-04-23T10:42:50.742+0700] {dag.py:3239} INFO - Sync 1 DAGs
[2025-04-23T10:42:50.805+0700] {logging_mixin.py:190} INFO - [2025-04-23T10:42:50.804+0700] {dag.py:4180} INFO - Setting next_dagrun for our_dag_with_python_operator_v07 to 2021-11-14 00:00:00+00:00, run_after=2021-11-15 00:00:00+00:00
[2025-04-23T10:42:50.907+0700] {processor.py:208} INFO - Processing /home/minhle/mlops/dags/data_pipeline.py took 0.192 seconds
[2025-04-23T10:43:21.143+0700] {processor.py:186} INFO - Started process (PID=300353) to work on /home/minhle/mlops/dags/data_pipeline.py
[2025-04-23T10:43:21.144+0700] {processor.py:914} INFO - Processing file /home/minhle/mlops/dags/data_pipeline.py for tasks to queue
[2025-04-23T10:43:21.146+0700] {logging_mixin.py:190} INFO - [2025-04-23T10:43:21.145+0700] {dagbag.py:588} INFO - Filling up the DagBag from /home/minhle/mlops/dags/data_pipeline.py
[2025-04-23T10:43:21.152+0700] {processor.py:925} INFO - DAG(s) 'our_dag_with_python_operator_v07' retrieved from /home/minhle/mlops/dags/data_pipeline.py
[2025-04-23T10:43:21.162+0700] {logging_mixin.py:190} INFO - [2025-04-23T10:43:21.162+0700] {dag.py:3239} INFO - Sync 1 DAGs
[2025-04-23T10:43:21.233+0700] {logging_mixin.py:190} INFO - [2025-04-23T10:43:21.233+0700] {dag.py:4180} INFO - Setting next_dagrun for our_dag_with_python_operator_v07 to 2021-11-18 00:00:00+00:00, run_after=2021-11-19 00:00:00+00:00
[2025-04-23T10:43:21.366+0700] {processor.py:208} INFO - Processing /home/minhle/mlops/dags/data_pipeline.py took 0.231 seconds
[2025-04-23T10:43:54.613+0700] {processor.py:186} INFO - Started process (PID=300613) to work on /home/minhle/mlops/dags/data_pipeline.py
[2025-04-23T10:43:54.614+0700] {processor.py:914} INFO - Processing file /home/minhle/mlops/dags/data_pipeline.py for tasks to queue
[2025-04-23T10:43:54.614+0700] {logging_mixin.py:190} INFO - [2025-04-23T10:43:54.614+0700] {dagbag.py:588} INFO - Filling up the DagBag from /home/minhle/mlops/dags/data_pipeline.py
[2025-04-23T10:43:54.620+0700] {processor.py:925} INFO - DAG(s) 'our_dag_with_python_operator_v07' retrieved from /home/minhle/mlops/dags/data_pipeline.py
[2025-04-23T10:43:54.629+0700] {logging_mixin.py:190} INFO - [2025-04-23T10:43:54.629+0700] {dag.py:3239} INFO - Sync 1 DAGs
[2025-04-23T10:43:54.691+0700] {logging_mixin.py:190} INFO - [2025-04-23T10:43:54.691+0700] {dag.py:4180} INFO - Setting next_dagrun for our_dag_with_python_operator_v07 to 2021-11-22 00:00:00+00:00, run_after=2021-11-23 00:00:00+00:00
[2025-04-23T10:43:54.798+0700] {processor.py:208} INFO - Processing /home/minhle/mlops/dags/data_pipeline.py took 0.190 seconds
[2025-04-23T10:44:25.841+0700] {processor.py:186} INFO - Started process (PID=300949) to work on /home/minhle/mlops/dags/data_pipeline.py
[2025-04-23T10:44:25.855+0700] {processor.py:914} INFO - Processing file /home/minhle/mlops/dags/data_pipeline.py for tasks to queue
[2025-04-23T10:44:25.857+0700] {logging_mixin.py:190} INFO - [2025-04-23T10:44:25.857+0700] {dagbag.py:588} INFO - Filling up the DagBag from /home/minhle/mlops/dags/data_pipeline.py
[2025-04-23T10:44:25.871+0700] {processor.py:925} INFO - DAG(s) 'our_dag_with_python_operator_v07' retrieved from /home/minhle/mlops/dags/data_pipeline.py
[2025-04-23T10:44:25.938+0700] {logging_mixin.py:190} INFO - [2025-04-23T10:44:25.937+0700] {dag.py:3239} INFO - Sync 1 DAGs
[2025-04-23T10:44:25.945+0700] {logging_mixin.py:190} INFO - [2025-04-23T10:44:25.945+0700] {dag.py:4180} INFO - Setting next_dagrun for our_dag_with_python_operator_v07 to 2021-11-24 00:00:00+00:00, run_after=2021-11-25 00:00:00+00:00
[2025-04-23T10:44:26.016+0700] {processor.py:208} INFO - Processing /home/minhle/mlops/dags/data_pipeline.py took 0.180 seconds
[2025-04-23T10:44:56.948+0700] {processor.py:186} INFO - Started process (PID=300978) to work on /home/minhle/mlops/dags/data_pipeline.py
[2025-04-23T10:44:56.958+0700] {processor.py:914} INFO - Processing file /home/minhle/mlops/dags/data_pipeline.py for tasks to queue
[2025-04-23T10:44:56.958+0700] {logging_mixin.py:190} INFO - [2025-04-23T10:44:56.958+0700] {dagbag.py:588} INFO - Filling up the DagBag from /home/minhle/mlops/dags/data_pipeline.py
[2025-04-23T10:44:56.965+0700] {processor.py:925} INFO - DAG(s) 'our_dag_with_python_operator_v07' retrieved from /home/minhle/mlops/dags/data_pipeline.py
[2025-04-23T10:44:57.029+0700] {logging_mixin.py:190} INFO - [2025-04-23T10:44:57.029+0700] {dag.py:3239} INFO - Sync 1 DAGs
[2025-04-23T10:44:57.036+0700] {logging_mixin.py:190} INFO - [2025-04-23T10:44:57.036+0700] {dag.py:4180} INFO - Setting next_dagrun for our_dag_with_python_operator_v07 to 2021-11-24 00:00:00+00:00, run_after=2021-11-25 00:00:00+00:00
[2025-04-23T10:44:57.105+0700] {processor.py:208} INFO - Processing /home/minhle/mlops/dags/data_pipeline.py took 0.160 seconds
[2025-04-23T10:45:27.463+0700] {processor.py:186} INFO - Started process (PID=301001) to work on /home/minhle/mlops/dags/data_pipeline.py
[2025-04-23T10:45:27.468+0700] {processor.py:914} INFO - Processing file /home/minhle/mlops/dags/data_pipeline.py for tasks to queue
[2025-04-23T10:45:27.469+0700] {logging_mixin.py:190} INFO - [2025-04-23T10:45:27.469+0700] {dagbag.py:588} INFO - Filling up the DagBag from /home/minhle/mlops/dags/data_pipeline.py
[2025-04-23T10:45:27.475+0700] {processor.py:925} INFO - DAG(s) 'our_dag_with_python_operator_v07' retrieved from /home/minhle/mlops/dags/data_pipeline.py
[2025-04-23T10:45:27.485+0700] {logging_mixin.py:190} INFO - [2025-04-23T10:45:27.485+0700] {dag.py:3239} INFO - Sync 1 DAGs
[2025-04-23T10:45:27.495+0700] {logging_mixin.py:190} INFO - [2025-04-23T10:45:27.495+0700] {dag.py:4180} INFO - Setting next_dagrun for our_dag_with_python_operator_v07 to 2021-11-24 00:00:00+00:00, run_after=2021-11-25 00:00:00+00:00
[2025-04-23T10:45:27.580+0700] {processor.py:208} INFO - Processing /home/minhle/mlops/dags/data_pipeline.py took 0.121 seconds
[2025-04-23T10:45:57.765+0700] {processor.py:186} INFO - Started process (PID=301053) to work on /home/minhle/mlops/dags/data_pipeline.py
[2025-04-23T10:45:57.775+0700] {processor.py:914} INFO - Processing file /home/minhle/mlops/dags/data_pipeline.py for tasks to queue
[2025-04-23T10:45:57.777+0700] {logging_mixin.py:190} INFO - [2025-04-23T10:45:57.776+0700] {dagbag.py:588} INFO - Filling up the DagBag from /home/minhle/mlops/dags/data_pipeline.py
[2025-04-23T10:45:57.792+0700] {processor.py:925} INFO - DAG(s) 'our_dag_with_python_operator_v07' retrieved from /home/minhle/mlops/dags/data_pipeline.py
[2025-04-23T10:45:57.801+0700] {logging_mixin.py:190} INFO - [2025-04-23T10:45:57.801+0700] {dag.py:3239} INFO - Sync 1 DAGs
[2025-04-23T10:45:57.810+0700] {logging_mixin.py:190} INFO - [2025-04-23T10:45:57.810+0700] {dag.py:4180} INFO - Setting next_dagrun for our_dag_with_python_operator_v07 to 2021-11-24 00:00:00+00:00, run_after=2021-11-25 00:00:00+00:00
[2025-04-23T10:45:57.884+0700] {processor.py:208} INFO - Processing /home/minhle/mlops/dags/data_pipeline.py took 0.126 seconds
[2025-04-23T10:46:28.058+0700] {processor.py:186} INFO - Started process (PID=301079) to work on /home/minhle/mlops/dags/data_pipeline.py
[2025-04-23T10:46:28.067+0700] {processor.py:914} INFO - Processing file /home/minhle/mlops/dags/data_pipeline.py for tasks to queue
[2025-04-23T10:46:28.068+0700] {logging_mixin.py:190} INFO - [2025-04-23T10:46:28.068+0700] {dagbag.py:588} INFO - Filling up the DagBag from /home/minhle/mlops/dags/data_pipeline.py
[2025-04-23T10:46:28.074+0700] {processor.py:925} INFO - DAG(s) 'our_dag_with_python_operator_v07' retrieved from /home/minhle/mlops/dags/data_pipeline.py
[2025-04-23T10:46:28.084+0700] {logging_mixin.py:190} INFO - [2025-04-23T10:46:28.083+0700] {dag.py:3239} INFO - Sync 1 DAGs
[2025-04-23T10:46:28.093+0700] {logging_mixin.py:190} INFO - [2025-04-23T10:46:28.093+0700] {dag.py:4180} INFO - Setting next_dagrun for our_dag_with_python_operator_v07 to 2021-11-24 00:00:00+00:00, run_after=2021-11-25 00:00:00+00:00
[2025-04-23T10:46:28.234+0700] {processor.py:208} INFO - Processing /home/minhle/mlops/dags/data_pipeline.py took 0.180 seconds
[2025-04-23T10:46:58.368+0700] {processor.py:186} INFO - Started process (PID=301104) to work on /home/minhle/mlops/dags/data_pipeline.py
[2025-04-23T10:46:58.378+0700] {processor.py:914} INFO - Processing file /home/minhle/mlops/dags/data_pipeline.py for tasks to queue
[2025-04-23T10:46:58.381+0700] {logging_mixin.py:190} INFO - [2025-04-23T10:46:58.380+0700] {dagbag.py:588} INFO - Filling up the DagBag from /home/minhle/mlops/dags/data_pipeline.py
[2025-04-23T10:46:58.397+0700] {processor.py:925} INFO - DAG(s) 'our_dag_with_python_operator_v07' retrieved from /home/minhle/mlops/dags/data_pipeline.py
[2025-04-23T10:46:58.408+0700] {logging_mixin.py:190} INFO - [2025-04-23T10:46:58.408+0700] {dag.py:3239} INFO - Sync 1 DAGs
[2025-04-23T10:46:58.419+0700] {logging_mixin.py:190} INFO - [2025-04-23T10:46:58.418+0700] {dag.py:4180} INFO - Setting next_dagrun for our_dag_with_python_operator_v07 to 2021-11-24 00:00:00+00:00, run_after=2021-11-25 00:00:00+00:00
[2025-04-23T10:46:58.486+0700] {processor.py:208} INFO - Processing /home/minhle/mlops/dags/data_pipeline.py took 0.122 seconds
[2025-04-23T10:47:02.376+0700] {processor.py:186} INFO - Started process (PID=301113) to work on /home/minhle/mlops/dags/data_pipeline.py
[2025-04-23T10:47:02.389+0700] {processor.py:914} INFO - Processing file /home/minhle/mlops/dags/data_pipeline.py for tasks to queue
[2025-04-23T10:47:02.392+0700] {logging_mixin.py:190} INFO - [2025-04-23T10:47:02.391+0700] {dagbag.py:588} INFO - Filling up the DagBag from /home/minhle/mlops/dags/data_pipeline.py
[2025-04-23T10:47:02.595+0700] {processor.py:925} INFO - DAG(s) 'data_pipeline_v01' retrieved from /home/minhle/mlops/dags/data_pipeline.py
[2025-04-23T10:47:03.183+0700] {logging_mixin.py:190} INFO - [2025-04-23T10:47:03.181+0700] {override.py:1930} INFO - Created Permission View: can read on DAG:data_pipeline_v01
[2025-04-23T10:47:03.240+0700] {logging_mixin.py:190} INFO - [2025-04-23T10:47:03.239+0700] {override.py:1930} INFO - Created Permission View: can delete on DAG:data_pipeline_v01
[2025-04-23T10:47:03.297+0700] {logging_mixin.py:190} INFO - [2025-04-23T10:47:03.296+0700] {override.py:1930} INFO - Created Permission View: can edit on DAG:data_pipeline_v01
[2025-04-23T10:47:03.412+0700] {logging_mixin.py:190} INFO - [2025-04-23T10:47:03.411+0700] {override.py:1930} INFO - Created Permission View: can create on DAG Run:data_pipeline_v01
[2025-04-23T10:47:03.494+0700] {logging_mixin.py:190} INFO - [2025-04-23T10:47:03.494+0700] {override.py:1930} INFO - Created Permission View: can read on DAG Run:data_pipeline_v01
[2025-04-23T10:47:03.560+0700] {logging_mixin.py:190} INFO - [2025-04-23T10:47:03.559+0700] {override.py:1930} INFO - Created Permission View: can delete on DAG Run:data_pipeline_v01
[2025-04-23T10:47:03.617+0700] {logging_mixin.py:190} INFO - [2025-04-23T10:47:03.616+0700] {override.py:1930} INFO - Created Permission View: menu access on DAG Run:data_pipeline_v01
[2025-04-23T10:47:03.618+0700] {logging_mixin.py:190} INFO - [2025-04-23T10:47:03.618+0700] {dag.py:3239} INFO - Sync 1 DAGs
[2025-04-23T10:47:03.627+0700] {logging_mixin.py:190} INFO - [2025-04-23T10:47:03.626+0700] {dag.py:3262} INFO - Creating ORM DAG for data_pipeline_v01
[2025-04-23T10:47:03.631+0700] {logging_mixin.py:190} INFO - [2025-04-23T10:47:03.630+0700] {dag.py:4180} INFO - Setting next_dagrun for data_pipeline_v01 to 2024-10-06 00:00:00+00:00, run_after=2024-10-07 00:00:00+00:00
[2025-04-23T10:47:03.933+0700] {processor.py:208} INFO - Processing /home/minhle/mlops/dags/data_pipeline.py took 1.567 seconds
[2025-04-23T10:47:35.437+0700] {processor.py:186} INFO - Started process (PID=301602) to work on /home/minhle/mlops/dags/data_pipeline.py
[2025-04-23T10:47:35.447+0700] {processor.py:914} INFO - Processing file /home/minhle/mlops/dags/data_pipeline.py for tasks to queue
[2025-04-23T10:47:35.449+0700] {logging_mixin.py:190} INFO - [2025-04-23T10:47:35.448+0700] {dagbag.py:588} INFO - Filling up the DagBag from /home/minhle/mlops/dags/data_pipeline.py
[2025-04-23T10:47:35.640+0700] {processor.py:925} INFO - DAG(s) 'data_pipeline_v01' retrieved from /home/minhle/mlops/dags/data_pipeline.py
[2025-04-23T10:47:35.648+0700] {logging_mixin.py:190} INFO - [2025-04-23T10:47:35.648+0700] {dag.py:3239} INFO - Sync 1 DAGs
[2025-04-23T10:47:35.657+0700] {logging_mixin.py:190} INFO - [2025-04-23T10:47:35.657+0700] {dag.py:4180} INFO - Setting next_dagrun for data_pipeline_v01 to 2024-10-11 00:00:00+00:00, run_after=2024-10-12 00:00:00+00:00
[2025-04-23T10:47:35.745+0700] {processor.py:208} INFO - Processing /home/minhle/mlops/dags/data_pipeline.py took 0.314 seconds
[2025-04-23T10:48:06.588+0700] {processor.py:186} INFO - Started process (PID=301827) to work on /home/minhle/mlops/dags/data_pipeline.py
[2025-04-23T10:48:06.597+0700] {processor.py:914} INFO - Processing file /home/minhle/mlops/dags/data_pipeline.py for tasks to queue
[2025-04-23T10:48:06.599+0700] {logging_mixin.py:190} INFO - [2025-04-23T10:48:06.598+0700] {dagbag.py:588} INFO - Filling up the DagBag from /home/minhle/mlops/dags/data_pipeline.py
[2025-04-23T10:48:06.796+0700] {processor.py:925} INFO - DAG(s) 'data_pipeline_v01' retrieved from /home/minhle/mlops/dags/data_pipeline.py
[2025-04-23T10:48:06.804+0700] {logging_mixin.py:190} INFO - [2025-04-23T10:48:06.804+0700] {dag.py:3239} INFO - Sync 1 DAGs
[2025-04-23T10:48:06.813+0700] {logging_mixin.py:190} INFO - [2025-04-23T10:48:06.813+0700] {dag.py:4180} INFO - Setting next_dagrun for data_pipeline_v01 to 2024-10-12 00:00:00+00:00, run_after=2024-10-13 00:00:00+00:00
[2025-04-23T10:48:07.093+0700] {processor.py:208} INFO - Processing /home/minhle/mlops/dags/data_pipeline.py took 0.510 seconds
[2025-04-23T10:48:37.809+0700] {processor.py:186} INFO - Started process (PID=301870) to work on /home/minhle/mlops/dags/data_pipeline.py
[2025-04-23T10:48:37.818+0700] {processor.py:914} INFO - Processing file /home/minhle/mlops/dags/data_pipeline.py for tasks to queue
[2025-04-23T10:48:37.820+0700] {logging_mixin.py:190} INFO - [2025-04-23T10:48:37.820+0700] {dagbag.py:588} INFO - Filling up the DagBag from /home/minhle/mlops/dags/data_pipeline.py
[2025-04-23T10:48:38.042+0700] {processor.py:925} INFO - DAG(s) 'data_pipeline_v01' retrieved from /home/minhle/mlops/dags/data_pipeline.py
[2025-04-23T10:48:38.051+0700] {logging_mixin.py:190} INFO - [2025-04-23T10:48:38.051+0700] {dag.py:3239} INFO - Sync 1 DAGs
[2025-04-23T10:48:38.060+0700] {logging_mixin.py:190} INFO - [2025-04-23T10:48:38.060+0700] {dag.py:4180} INFO - Setting next_dagrun for data_pipeline_v01 to 2024-10-12 00:00:00+00:00, run_after=2024-10-13 00:00:00+00:00
[2025-04-23T10:48:38.125+0700] {processor.py:208} INFO - Processing /home/minhle/mlops/dags/data_pipeline.py took 0.322 seconds
[2025-04-23T10:49:08.783+0700] {processor.py:186} INFO - Started process (PID=301970) to work on /home/minhle/mlops/dags/data_pipeline.py
[2025-04-23T10:49:08.824+0700] {processor.py:914} INFO - Processing file /home/minhle/mlops/dags/data_pipeline.py for tasks to queue
[2025-04-23T10:49:08.827+0700] {logging_mixin.py:190} INFO - [2025-04-23T10:49:08.826+0700] {dagbag.py:588} INFO - Filling up the DagBag from /home/minhle/mlops/dags/data_pipeline.py
[2025-04-23T10:49:09.021+0700] {processor.py:925} INFO - DAG(s) 'data_pipeline_v01' retrieved from /home/minhle/mlops/dags/data_pipeline.py
[2025-04-23T10:49:09.029+0700] {logging_mixin.py:190} INFO - [2025-04-23T10:49:09.029+0700] {dag.py:3239} INFO - Sync 1 DAGs
[2025-04-23T10:49:09.038+0700] {logging_mixin.py:190} INFO - [2025-04-23T10:49:09.038+0700] {dag.py:4180} INFO - Setting next_dagrun for data_pipeline_v01 to 2024-10-12 00:00:00+00:00, run_after=2024-10-13 00:00:00+00:00
[2025-04-23T10:49:09.102+0700] {processor.py:208} INFO - Processing /home/minhle/mlops/dags/data_pipeline.py took 0.324 seconds
[2025-04-23T10:49:40.065+0700] {processor.py:186} INFO - Started process (PID=302019) to work on /home/minhle/mlops/dags/data_pipeline.py
[2025-04-23T10:49:40.270+0700] {processor.py:914} INFO - Processing file /home/minhle/mlops/dags/data_pipeline.py for tasks to queue
[2025-04-23T10:49:40.274+0700] {logging_mixin.py:190} INFO - [2025-04-23T10:49:40.273+0700] {dagbag.py:588} INFO - Filling up the DagBag from /home/minhle/mlops/dags/data_pipeline.py
[2025-04-23T10:49:40.487+0700] {processor.py:925} INFO - DAG(s) 'data_pipeline_v01' retrieved from /home/minhle/mlops/dags/data_pipeline.py
[2025-04-23T10:49:40.496+0700] {logging_mixin.py:190} INFO - [2025-04-23T10:49:40.496+0700] {dag.py:3239} INFO - Sync 1 DAGs
[2025-04-23T10:49:40.505+0700] {logging_mixin.py:190} INFO - [2025-04-23T10:49:40.505+0700] {dag.py:4180} INFO - Setting next_dagrun for data_pipeline_v01 to 2024-10-12 00:00:00+00:00, run_after=2024-10-13 00:00:00+00:00
[2025-04-23T10:49:41.063+0700] {processor.py:208} INFO - Processing /home/minhle/mlops/dags/data_pipeline.py took 1.002 seconds
[2025-04-23T10:50:11.956+0700] {processor.py:186} INFO - Started process (PID=302189) to work on /home/minhle/mlops/dags/data_pipeline.py
[2025-04-23T10:50:11.964+0700] {processor.py:914} INFO - Processing file /home/minhle/mlops/dags/data_pipeline.py for tasks to queue
[2025-04-23T10:50:11.966+0700] {logging_mixin.py:190} INFO - [2025-04-23T10:50:11.966+0700] {dagbag.py:588} INFO - Filling up the DagBag from /home/minhle/mlops/dags/data_pipeline.py
[2025-04-23T10:50:12.181+0700] {processor.py:925} INFO - DAG(s) 'data_pipeline_v01' retrieved from /home/minhle/mlops/dags/data_pipeline.py
[2025-04-23T10:50:12.190+0700] {logging_mixin.py:190} INFO - [2025-04-23T10:50:12.190+0700] {dag.py:3239} INFO - Sync 1 DAGs
[2025-04-23T10:50:12.199+0700] {logging_mixin.py:190} INFO - [2025-04-23T10:50:12.199+0700] {dag.py:4180} INFO - Setting next_dagrun for data_pipeline_v01 to 2024-10-12 00:00:00+00:00, run_after=2024-10-13 00:00:00+00:00
[2025-04-23T10:50:12.284+0700] {processor.py:208} INFO - Processing /home/minhle/mlops/dags/data_pipeline.py took 0.334 seconds
[2025-04-23T10:50:42.514+0700] {processor.py:186} INFO - Started process (PID=302261) to work on /home/minhle/mlops/dags/data_pipeline.py
[2025-04-23T10:50:42.542+0700] {processor.py:914} INFO - Processing file /home/minhle/mlops/dags/data_pipeline.py for tasks to queue
[2025-04-23T10:50:42.546+0700] {logging_mixin.py:190} INFO - [2025-04-23T10:50:42.545+0700] {dagbag.py:588} INFO - Filling up the DagBag from /home/minhle/mlops/dags/data_pipeline.py
[2025-04-23T10:50:42.753+0700] {processor.py:925} INFO - DAG(s) 'data_pipeline_v01' retrieved from /home/minhle/mlops/dags/data_pipeline.py
[2025-04-23T10:50:42.761+0700] {logging_mixin.py:190} INFO - [2025-04-23T10:50:42.760+0700] {dag.py:3239} INFO - Sync 1 DAGs
[2025-04-23T10:50:42.769+0700] {logging_mixin.py:190} INFO - [2025-04-23T10:50:42.769+0700] {dag.py:4180} INFO - Setting next_dagrun for data_pipeline_v01 to 2024-10-12 00:00:00+00:00, run_after=2024-10-13 00:00:00+00:00
[2025-04-23T10:50:43.081+0700] {processor.py:208} INFO - Processing /home/minhle/mlops/dags/data_pipeline.py took 0.572 seconds
[2025-04-23T10:51:13.242+0700] {processor.py:186} INFO - Started process (PID=302306) to work on /home/minhle/mlops/dags/data_pipeline.py
[2025-04-23T10:51:13.246+0700] {processor.py:914} INFO - Processing file /home/minhle/mlops/dags/data_pipeline.py for tasks to queue
[2025-04-23T10:51:13.247+0700] {logging_mixin.py:190} INFO - [2025-04-23T10:51:13.246+0700] {dagbag.py:588} INFO - Filling up the DagBag from /home/minhle/mlops/dags/data_pipeline.py
[2025-04-23T10:51:13.436+0700] {processor.py:925} INFO - DAG(s) 'data_pipeline_v01' retrieved from /home/minhle/mlops/dags/data_pipeline.py
[2025-04-23T10:51:13.445+0700] {logging_mixin.py:190} INFO - [2025-04-23T10:51:13.445+0700] {dag.py:3239} INFO - Sync 1 DAGs
[2025-04-23T10:51:13.457+0700] {logging_mixin.py:190} INFO - [2025-04-23T10:51:13.456+0700] {dag.py:4180} INFO - Setting next_dagrun for data_pipeline_v01 to 2024-10-12 00:00:00+00:00, run_after=2024-10-13 00:00:00+00:00
[2025-04-23T10:51:13.530+0700] {processor.py:208} INFO - Processing /home/minhle/mlops/dags/data_pipeline.py took 0.291 seconds
[2025-04-23T10:51:45.005+0700] {processor.py:186} INFO - Started process (PID=302353) to work on /home/minhle/mlops/dags/data_pipeline.py
[2025-04-23T10:51:45.013+0700] {processor.py:914} INFO - Processing file /home/minhle/mlops/dags/data_pipeline.py for tasks to queue
[2025-04-23T10:51:45.016+0700] {logging_mixin.py:190} INFO - [2025-04-23T10:51:45.015+0700] {dagbag.py:588} INFO - Filling up the DagBag from /home/minhle/mlops/dags/data_pipeline.py
[2025-04-23T10:51:45.224+0700] {processor.py:925} INFO - DAG(s) 'data_pipeline_v01' retrieved from /home/minhle/mlops/dags/data_pipeline.py
[2025-04-23T10:51:45.232+0700] {logging_mixin.py:190} INFO - [2025-04-23T10:51:45.232+0700] {dag.py:3239} INFO - Sync 1 DAGs
[2025-04-23T10:51:45.242+0700] {logging_mixin.py:190} INFO - [2025-04-23T10:51:45.242+0700] {dag.py:4180} INFO - Setting next_dagrun for data_pipeline_v01 to 2024-10-12 00:00:00+00:00, run_after=2024-10-13 00:00:00+00:00
[2025-04-23T10:51:45.308+0700] {processor.py:208} INFO - Processing /home/minhle/mlops/dags/data_pipeline.py took 0.307 seconds
[2025-04-23T10:52:15.513+0700] {processor.py:186} INFO - Started process (PID=302400) to work on /home/minhle/mlops/dags/data_pipeline.py
[2025-04-23T10:52:15.525+0700] {processor.py:914} INFO - Processing file /home/minhle/mlops/dags/data_pipeline.py for tasks to queue
[2025-04-23T10:52:15.529+0700] {logging_mixin.py:190} INFO - [2025-04-23T10:52:15.528+0700] {dagbag.py:588} INFO - Filling up the DagBag from /home/minhle/mlops/dags/data_pipeline.py
[2025-04-23T10:52:15.731+0700] {processor.py:925} INFO - DAG(s) 'data_pipeline_v01' retrieved from /home/minhle/mlops/dags/data_pipeline.py
[2025-04-23T10:52:15.739+0700] {logging_mixin.py:190} INFO - [2025-04-23T10:52:15.739+0700] {dag.py:3239} INFO - Sync 1 DAGs
[2025-04-23T10:52:15.749+0700] {logging_mixin.py:190} INFO - [2025-04-23T10:52:15.749+0700] {dag.py:4180} INFO - Setting next_dagrun for data_pipeline_v01 to 2024-10-12 00:00:00+00:00, run_after=2024-10-13 00:00:00+00:00
[2025-04-23T10:52:15.822+0700] {processor.py:208} INFO - Processing /home/minhle/mlops/dags/data_pipeline.py took 0.320 seconds
[2025-04-23T10:52:46.357+0700] {processor.py:186} INFO - Started process (PID=302445) to work on /home/minhle/mlops/dags/data_pipeline.py
[2025-04-23T10:52:46.365+0700] {processor.py:914} INFO - Processing file /home/minhle/mlops/dags/data_pipeline.py for tasks to queue
[2025-04-23T10:52:46.368+0700] {logging_mixin.py:190} INFO - [2025-04-23T10:52:46.367+0700] {dagbag.py:588} INFO - Filling up the DagBag from /home/minhle/mlops/dags/data_pipeline.py
[2025-04-23T10:52:46.563+0700] {processor.py:925} INFO - DAG(s) 'data_pipeline_v01' retrieved from /home/minhle/mlops/dags/data_pipeline.py
[2025-04-23T10:52:46.572+0700] {logging_mixin.py:190} INFO - [2025-04-23T10:52:46.571+0700] {dag.py:3239} INFO - Sync 1 DAGs
[2025-04-23T10:52:46.581+0700] {logging_mixin.py:190} INFO - [2025-04-23T10:52:46.581+0700] {dag.py:4180} INFO - Setting next_dagrun for data_pipeline_v01 to 2024-10-12 00:00:00+00:00, run_after=2024-10-13 00:00:00+00:00
[2025-04-23T10:52:46.678+0700] {processor.py:208} INFO - Processing /home/minhle/mlops/dags/data_pipeline.py took 0.329 seconds
[2025-04-23T10:53:16.902+0700] {processor.py:186} INFO - Started process (PID=302490) to work on /home/minhle/mlops/dags/data_pipeline.py
[2025-04-23T10:53:16.914+0700] {processor.py:914} INFO - Processing file /home/minhle/mlops/dags/data_pipeline.py for tasks to queue
[2025-04-23T10:53:16.917+0700] {logging_mixin.py:190} INFO - [2025-04-23T10:53:16.916+0700] {dagbag.py:588} INFO - Filling up the DagBag from /home/minhle/mlops/dags/data_pipeline.py
[2025-04-23T10:53:17.111+0700] {processor.py:925} INFO - DAG(s) 'data_pipeline_v01' retrieved from /home/minhle/mlops/dags/data_pipeline.py
[2025-04-23T10:53:17.120+0700] {logging_mixin.py:190} INFO - [2025-04-23T10:53:17.120+0700] {dag.py:3239} INFO - Sync 1 DAGs
[2025-04-23T10:53:17.129+0700] {logging_mixin.py:190} INFO - [2025-04-23T10:53:17.129+0700] {dag.py:4180} INFO - Setting next_dagrun for data_pipeline_v01 to 2024-10-12 00:00:00+00:00, run_after=2024-10-13 00:00:00+00:00
[2025-04-23T10:53:17.194+0700] {processor.py:208} INFO - Processing /home/minhle/mlops/dags/data_pipeline.py took 0.298 seconds
[2025-04-23T10:53:48.615+0700] {processor.py:186} INFO - Started process (PID=302535) to work on /home/minhle/mlops/dags/data_pipeline.py
[2025-04-23T10:53:48.627+0700] {processor.py:914} INFO - Processing file /home/minhle/mlops/dags/data_pipeline.py for tasks to queue
[2025-04-23T10:53:48.631+0700] {logging_mixin.py:190} INFO - [2025-04-23T10:53:48.630+0700] {dagbag.py:588} INFO - Filling up the DagBag from /home/minhle/mlops/dags/data_pipeline.py
[2025-04-23T10:53:48.831+0700] {processor.py:925} INFO - DAG(s) 'data_pipeline_v01' retrieved from /home/minhle/mlops/dags/data_pipeline.py
[2025-04-23T10:53:48.839+0700] {logging_mixin.py:190} INFO - [2025-04-23T10:53:48.839+0700] {dag.py:3239} INFO - Sync 1 DAGs
[2025-04-23T10:53:48.848+0700] {logging_mixin.py:190} INFO - [2025-04-23T10:53:48.848+0700] {dag.py:4180} INFO - Setting next_dagrun for data_pipeline_v01 to 2024-10-12 00:00:00+00:00, run_after=2024-10-13 00:00:00+00:00
[2025-04-23T10:53:48.920+0700] {processor.py:208} INFO - Processing /home/minhle/mlops/dags/data_pipeline.py took 0.311 seconds
[2025-04-23T10:54:19.386+0700] {processor.py:186} INFO - Started process (PID=302582) to work on /home/minhle/mlops/dags/data_pipeline.py
[2025-04-23T10:54:19.399+0700] {processor.py:914} INFO - Processing file /home/minhle/mlops/dags/data_pipeline.py for tasks to queue
[2025-04-23T10:54:19.401+0700] {logging_mixin.py:190} INFO - [2025-04-23T10:54:19.400+0700] {dagbag.py:588} INFO - Filling up the DagBag from /home/minhle/mlops/dags/data_pipeline.py
[2025-04-23T10:54:19.593+0700] {processor.py:925} INFO - DAG(s) 'data_pipeline_v01' retrieved from /home/minhle/mlops/dags/data_pipeline.py
[2025-04-23T10:54:19.601+0700] {logging_mixin.py:190} INFO - [2025-04-23T10:54:19.601+0700] {dag.py:3239} INFO - Sync 1 DAGs
[2025-04-23T10:54:19.609+0700] {logging_mixin.py:190} INFO - [2025-04-23T10:54:19.609+0700] {dag.py:4180} INFO - Setting next_dagrun for data_pipeline_v01 to 2024-10-12 00:00:00+00:00, run_after=2024-10-13 00:00:00+00:00
[2025-04-23T10:54:19.678+0700] {processor.py:208} INFO - Processing /home/minhle/mlops/dags/data_pipeline.py took 0.297 seconds
[2025-04-23T10:54:50.607+0700] {processor.py:186} INFO - Started process (PID=302637) to work on /home/minhle/mlops/dags/data_pipeline.py
[2025-04-23T10:54:50.608+0700] {processor.py:914} INFO - Processing file /home/minhle/mlops/dags/data_pipeline.py for tasks to queue
[2025-04-23T10:54:50.610+0700] {logging_mixin.py:190} INFO - [2025-04-23T10:54:50.609+0700] {dagbag.py:588} INFO - Filling up the DagBag from /home/minhle/mlops/dags/data_pipeline.py
[2025-04-23T10:54:50.804+0700] {processor.py:925} INFO - DAG(s) 'data_pipeline_v01' retrieved from /home/minhle/mlops/dags/data_pipeline.py
[2025-04-23T10:54:50.813+0700] {logging_mixin.py:190} INFO - [2025-04-23T10:54:50.812+0700] {dag.py:3239} INFO - Sync 1 DAGs
[2025-04-23T10:54:50.821+0700] {logging_mixin.py:190} INFO - [2025-04-23T10:54:50.821+0700] {dag.py:4180} INFO - Setting next_dagrun for data_pipeline_v01 to 2024-10-12 00:00:00+00:00, run_after=2024-10-13 00:00:00+00:00
[2025-04-23T10:54:50.889+0700] {processor.py:208} INFO - Processing /home/minhle/mlops/dags/data_pipeline.py took 0.291 seconds
[2025-04-23T10:55:20.914+0700] {processor.py:186} INFO - Started process (PID=302682) to work on /home/minhle/mlops/dags/data_pipeline.py
[2025-04-23T10:55:20.932+0700] {processor.py:914} INFO - Processing file /home/minhle/mlops/dags/data_pipeline.py for tasks to queue
[2025-04-23T10:55:20.936+0700] {logging_mixin.py:190} INFO - [2025-04-23T10:55:20.934+0700] {dagbag.py:588} INFO - Filling up the DagBag from /home/minhle/mlops/dags/data_pipeline.py
[2025-04-23T10:55:21.127+0700] {processor.py:925} INFO - DAG(s) 'data_pipeline_v01' retrieved from /home/minhle/mlops/dags/data_pipeline.py
[2025-04-23T10:55:21.136+0700] {logging_mixin.py:190} INFO - [2025-04-23T10:55:21.136+0700] {dag.py:3239} INFO - Sync 1 DAGs
[2025-04-23T10:55:21.145+0700] {logging_mixin.py:190} INFO - [2025-04-23T10:55:21.145+0700] {dag.py:4180} INFO - Setting next_dagrun for data_pipeline_v01 to 2024-10-12 00:00:00+00:00, run_after=2024-10-13 00:00:00+00:00
[2025-04-23T10:55:21.238+0700] {processor.py:208} INFO - Processing /home/minhle/mlops/dags/data_pipeline.py took 0.329 seconds
[2025-04-23T10:55:51.555+0700] {processor.py:186} INFO - Started process (PID=302754) to work on /home/minhle/mlops/dags/data_pipeline.py
[2025-04-23T10:55:51.556+0700] {processor.py:914} INFO - Processing file /home/minhle/mlops/dags/data_pipeline.py for tasks to queue
[2025-04-23T10:55:51.556+0700] {logging_mixin.py:190} INFO - [2025-04-23T10:55:51.556+0700] {dagbag.py:588} INFO - Filling up the DagBag from /home/minhle/mlops/dags/data_pipeline.py
[2025-04-23T10:55:51.745+0700] {processor.py:925} INFO - DAG(s) 'data_pipeline_v01' retrieved from /home/minhle/mlops/dags/data_pipeline.py
[2025-04-23T10:55:51.753+0700] {logging_mixin.py:190} INFO - [2025-04-23T10:55:51.753+0700] {dag.py:3239} INFO - Sync 1 DAGs
[2025-04-23T10:55:51.762+0700] {logging_mixin.py:190} INFO - [2025-04-23T10:55:51.762+0700] {dag.py:4180} INFO - Setting next_dagrun for data_pipeline_v01 to 2024-10-12 00:00:00+00:00, run_after=2024-10-13 00:00:00+00:00
[2025-04-23T10:55:51.833+0700] {processor.py:208} INFO - Processing /home/minhle/mlops/dags/data_pipeline.py took 0.280 seconds
[2025-04-23T10:56:21.883+0700] {processor.py:186} INFO - Started process (PID=302800) to work on /home/minhle/mlops/dags/data_pipeline.py
[2025-04-23T10:56:21.893+0700] {processor.py:914} INFO - Processing file /home/minhle/mlops/dags/data_pipeline.py for tasks to queue
[2025-04-23T10:56:21.896+0700] {logging_mixin.py:190} INFO - [2025-04-23T10:56:21.895+0700] {dagbag.py:588} INFO - Filling up the DagBag from /home/minhle/mlops/dags/data_pipeline.py
[2025-04-23T10:56:22.098+0700] {processor.py:925} INFO - DAG(s) 'data_pipeline_v01' retrieved from /home/minhle/mlops/dags/data_pipeline.py
[2025-04-23T10:56:22.106+0700] {logging_mixin.py:190} INFO - [2025-04-23T10:56:22.106+0700] {dag.py:3239} INFO - Sync 1 DAGs
[2025-04-23T10:56:22.116+0700] {logging_mixin.py:190} INFO - [2025-04-23T10:56:22.116+0700] {dag.py:4180} INFO - Setting next_dagrun for data_pipeline_v01 to 2024-10-12 00:00:00+00:00, run_after=2024-10-13 00:00:00+00:00
[2025-04-23T10:56:22.190+0700] {processor.py:208} INFO - Processing /home/minhle/mlops/dags/data_pipeline.py took 0.313 seconds
[2025-04-23T10:56:52.927+0700] {processor.py:186} INFO - Started process (PID=302855) to work on /home/minhle/mlops/dags/data_pipeline.py
[2025-04-23T10:56:52.927+0700] {processor.py:914} INFO - Processing file /home/minhle/mlops/dags/data_pipeline.py for tasks to queue
[2025-04-23T10:56:52.928+0700] {logging_mixin.py:190} INFO - [2025-04-23T10:56:52.928+0700] {dagbag.py:588} INFO - Filling up the DagBag from /home/minhle/mlops/dags/data_pipeline.py
[2025-04-23T10:56:53.139+0700] {processor.py:925} INFO - DAG(s) 'data_pipeline_v01' retrieved from /home/minhle/mlops/dags/data_pipeline.py
[2025-04-23T10:56:53.147+0700] {logging_mixin.py:190} INFO - [2025-04-23T10:56:53.147+0700] {dag.py:3239} INFO - Sync 1 DAGs
[2025-04-23T10:56:53.156+0700] {logging_mixin.py:190} INFO - [2025-04-23T10:56:53.156+0700] {dag.py:4180} INFO - Setting next_dagrun for data_pipeline_v01 to 2024-10-12 00:00:00+00:00, run_after=2024-10-13 00:00:00+00:00
[2025-04-23T10:56:53.224+0700] {processor.py:208} INFO - Processing /home/minhle/mlops/dags/data_pipeline.py took 0.303 seconds
[2025-04-23T10:57:24.171+0700] {processor.py:186} INFO - Started process (PID=302900) to work on /home/minhle/mlops/dags/data_pipeline.py
[2025-04-23T10:57:24.179+0700] {processor.py:914} INFO - Processing file /home/minhle/mlops/dags/data_pipeline.py for tasks to queue
[2025-04-23T10:57:24.182+0700] {logging_mixin.py:190} INFO - [2025-04-23T10:57:24.181+0700] {dagbag.py:588} INFO - Filling up the DagBag from /home/minhle/mlops/dags/data_pipeline.py
[2025-04-23T10:57:24.373+0700] {processor.py:925} INFO - DAG(s) 'data_pipeline_v01' retrieved from /home/minhle/mlops/dags/data_pipeline.py
[2025-04-23T10:57:24.381+0700] {logging_mixin.py:190} INFO - [2025-04-23T10:57:24.381+0700] {dag.py:3239} INFO - Sync 1 DAGs
[2025-04-23T10:57:24.390+0700] {logging_mixin.py:190} INFO - [2025-04-23T10:57:24.390+0700] {dag.py:4180} INFO - Setting next_dagrun for data_pipeline_v01 to 2024-10-12 00:00:00+00:00, run_after=2024-10-13 00:00:00+00:00
[2025-04-23T10:57:24.460+0700] {processor.py:208} INFO - Processing /home/minhle/mlops/dags/data_pipeline.py took 0.294 seconds
[2025-04-23T10:57:55.091+0700] {processor.py:186} INFO - Started process (PID=302945) to work on /home/minhle/mlops/dags/data_pipeline.py
[2025-04-23T10:57:55.092+0700] {processor.py:914} INFO - Processing file /home/minhle/mlops/dags/data_pipeline.py for tasks to queue
[2025-04-23T10:57:55.093+0700] {logging_mixin.py:190} INFO - [2025-04-23T10:57:55.092+0700] {dagbag.py:588} INFO - Filling up the DagBag from /home/minhle/mlops/dags/data_pipeline.py
[2025-04-23T10:57:55.289+0700] {processor.py:925} INFO - DAG(s) 'data_pipeline_v01' retrieved from /home/minhle/mlops/dags/data_pipeline.py
[2025-04-23T10:57:55.297+0700] {logging_mixin.py:190} INFO - [2025-04-23T10:57:55.297+0700] {dag.py:3239} INFO - Sync 1 DAGs
[2025-04-23T10:57:55.306+0700] {logging_mixin.py:190} INFO - [2025-04-23T10:57:55.306+0700] {dag.py:4180} INFO - Setting next_dagrun for data_pipeline_v01 to 2024-10-12 00:00:00+00:00, run_after=2024-10-13 00:00:00+00:00
[2025-04-23T10:57:56.361+0700] {processor.py:208} INFO - Processing /home/minhle/mlops/dags/data_pipeline.py took 1.275 seconds
[2025-04-23T10:58:26.451+0700] {processor.py:186} INFO - Started process (PID=302992) to work on /home/minhle/mlops/dags/data_pipeline.py
[2025-04-23T10:58:26.465+0700] {processor.py:914} INFO - Processing file /home/minhle/mlops/dags/data_pipeline.py for tasks to queue
[2025-04-23T10:58:26.468+0700] {logging_mixin.py:190} INFO - [2025-04-23T10:58:26.467+0700] {dagbag.py:588} INFO - Filling up the DagBag from /home/minhle/mlops/dags/data_pipeline.py
[2025-04-23T10:58:26.687+0700] {processor.py:925} INFO - DAG(s) 'data_pipeline_v01' retrieved from /home/minhle/mlops/dags/data_pipeline.py
[2025-04-23T10:58:26.696+0700] {logging_mixin.py:190} INFO - [2025-04-23T10:58:26.696+0700] {dag.py:3239} INFO - Sync 1 DAGs
[2025-04-23T10:58:26.705+0700] {logging_mixin.py:190} INFO - [2025-04-23T10:58:26.705+0700] {dag.py:4180} INFO - Setting next_dagrun for data_pipeline_v01 to 2024-10-12 00:00:00+00:00, run_after=2024-10-13 00:00:00+00:00
[2025-04-23T10:58:26.771+0700] {processor.py:208} INFO - Processing /home/minhle/mlops/dags/data_pipeline.py took 0.326 seconds
[2025-04-23T10:58:57.565+0700] {processor.py:186} INFO - Started process (PID=303037) to work on /home/minhle/mlops/dags/data_pipeline.py
[2025-04-23T10:58:57.565+0700] {processor.py:914} INFO - Processing file /home/minhle/mlops/dags/data_pipeline.py for tasks to queue
[2025-04-23T10:58:57.566+0700] {logging_mixin.py:190} INFO - [2025-04-23T10:58:57.566+0700] {dagbag.py:588} INFO - Filling up the DagBag from /home/minhle/mlops/dags/data_pipeline.py
[2025-04-23T10:58:57.755+0700] {processor.py:925} INFO - DAG(s) 'data_pipeline_v01' retrieved from /home/minhle/mlops/dags/data_pipeline.py
[2025-04-23T10:58:57.764+0700] {logging_mixin.py:190} INFO - [2025-04-23T10:58:57.764+0700] {dag.py:3239} INFO - Sync 1 DAGs
[2025-04-23T10:58:57.772+0700] {logging_mixin.py:190} INFO - [2025-04-23T10:58:57.772+0700] {dag.py:4180} INFO - Setting next_dagrun for data_pipeline_v01 to 2024-10-12 00:00:00+00:00, run_after=2024-10-13 00:00:00+00:00
[2025-04-23T10:58:58.121+0700] {processor.py:208} INFO - Processing /home/minhle/mlops/dags/data_pipeline.py took 0.563 seconds
[2025-04-23T10:59:28.292+0700] {processor.py:186} INFO - Started process (PID=303083) to work on /home/minhle/mlops/dags/data_pipeline.py
[2025-04-23T10:59:28.301+0700] {processor.py:914} INFO - Processing file /home/minhle/mlops/dags/data_pipeline.py for tasks to queue
[2025-04-23T10:59:28.304+0700] {logging_mixin.py:190} INFO - [2025-04-23T10:59:28.303+0700] {dagbag.py:588} INFO - Filling up the DagBag from /home/minhle/mlops/dags/data_pipeline.py
[2025-04-23T10:59:28.516+0700] {processor.py:925} INFO - DAG(s) 'data_pipeline_v01' retrieved from /home/minhle/mlops/dags/data_pipeline.py
[2025-04-23T10:59:28.524+0700] {logging_mixin.py:190} INFO - [2025-04-23T10:59:28.524+0700] {dag.py:3239} INFO - Sync 1 DAGs
[2025-04-23T10:59:28.532+0700] {logging_mixin.py:190} INFO - [2025-04-23T10:59:28.532+0700] {dag.py:4180} INFO - Setting next_dagrun for data_pipeline_v01 to 2024-10-12 00:00:00+00:00, run_after=2024-10-13 00:00:00+00:00
[2025-04-23T10:59:28.595+0700] {processor.py:208} INFO - Processing /home/minhle/mlops/dags/data_pipeline.py took 0.308 seconds
[2025-04-23T10:59:58.798+0700] {processor.py:186} INFO - Started process (PID=303129) to work on /home/minhle/mlops/dags/data_pipeline.py
[2025-04-23T10:59:58.799+0700] {processor.py:914} INFO - Processing file /home/minhle/mlops/dags/data_pipeline.py for tasks to queue
[2025-04-23T10:59:58.799+0700] {logging_mixin.py:190} INFO - [2025-04-23T10:59:58.799+0700] {dagbag.py:588} INFO - Filling up the DagBag from /home/minhle/mlops/dags/data_pipeline.py
[2025-04-23T10:59:58.985+0700] {processor.py:925} INFO - DAG(s) 'data_pipeline_v01' retrieved from /home/minhle/mlops/dags/data_pipeline.py
[2025-04-23T10:59:58.993+0700] {logging_mixin.py:190} INFO - [2025-04-23T10:59:58.993+0700] {dag.py:3239} INFO - Sync 1 DAGs
[2025-04-23T10:59:59.002+0700] {logging_mixin.py:190} INFO - [2025-04-23T10:59:59.002+0700] {dag.py:4180} INFO - Setting next_dagrun for data_pipeline_v01 to 2024-10-12 00:00:00+00:00, run_after=2024-10-13 00:00:00+00:00
[2025-04-23T10:59:59.064+0700] {processor.py:208} INFO - Processing /home/minhle/mlops/dags/data_pipeline.py took 0.272 seconds
[2025-04-23T11:00:29.162+0700] {processor.py:186} INFO - Started process (PID=303175) to work on /home/minhle/mlops/dags/data_pipeline.py
[2025-04-23T11:00:29.346+0700] {processor.py:914} INFO - Processing file /home/minhle/mlops/dags/data_pipeline.py for tasks to queue
[2025-04-23T11:00:29.349+0700] {logging_mixin.py:190} INFO - [2025-04-23T11:00:29.348+0700] {dagbag.py:588} INFO - Filling up the DagBag from /home/minhle/mlops/dags/data_pipeline.py
[2025-04-23T11:00:29.536+0700] {processor.py:925} INFO - DAG(s) 'data_pipeline_v01' retrieved from /home/minhle/mlops/dags/data_pipeline.py
[2025-04-23T11:00:29.544+0700] {logging_mixin.py:190} INFO - [2025-04-23T11:00:29.544+0700] {dag.py:3239} INFO - Sync 1 DAGs
[2025-04-23T11:00:29.553+0700] {logging_mixin.py:190} INFO - [2025-04-23T11:00:29.553+0700] {dag.py:4180} INFO - Setting next_dagrun for data_pipeline_v01 to 2024-10-12 00:00:00+00:00, run_after=2024-10-13 00:00:00+00:00
[2025-04-23T11:00:30.412+0700] {processor.py:208} INFO - Processing /home/minhle/mlops/dags/data_pipeline.py took 1.260 seconds
[2025-04-23T11:01:00.638+0700] {processor.py:186} INFO - Started process (PID=303247) to work on /home/minhle/mlops/dags/data_pipeline.py
[2025-04-23T11:01:00.638+0700] {processor.py:914} INFO - Processing file /home/minhle/mlops/dags/data_pipeline.py for tasks to queue
[2025-04-23T11:01:00.639+0700] {logging_mixin.py:190} INFO - [2025-04-23T11:01:00.639+0700] {dagbag.py:588} INFO - Filling up the DagBag from /home/minhle/mlops/dags/data_pipeline.py
[2025-04-23T11:01:00.830+0700] {processor.py:925} INFO - DAG(s) 'data_pipeline_v01' retrieved from /home/minhle/mlops/dags/data_pipeline.py
[2025-04-23T11:01:00.838+0700] {logging_mixin.py:190} INFO - [2025-04-23T11:01:00.838+0700] {dag.py:3239} INFO - Sync 1 DAGs
[2025-04-23T11:01:00.847+0700] {logging_mixin.py:190} INFO - [2025-04-23T11:01:00.846+0700] {dag.py:4180} INFO - Setting next_dagrun for data_pipeline_v01 to 2024-10-12 00:00:00+00:00, run_after=2024-10-13 00:00:00+00:00
[2025-04-23T11:01:00.912+0700] {processor.py:208} INFO - Processing /home/minhle/mlops/dags/data_pipeline.py took 0.281 seconds
[2025-04-23T11:01:31.028+0700] {processor.py:186} INFO - Started process (PID=303293) to work on /home/minhle/mlops/dags/data_pipeline.py
[2025-04-23T11:01:31.040+0700] {processor.py:914} INFO - Processing file /home/minhle/mlops/dags/data_pipeline.py for tasks to queue
[2025-04-23T11:01:31.043+0700] {logging_mixin.py:190} INFO - [2025-04-23T11:01:31.042+0700] {dagbag.py:588} INFO - Filling up the DagBag from /home/minhle/mlops/dags/data_pipeline.py
[2025-04-23T11:01:31.256+0700] {processor.py:925} INFO - DAG(s) 'data_pipeline_v01' retrieved from /home/minhle/mlops/dags/data_pipeline.py
[2025-04-23T11:01:31.265+0700] {logging_mixin.py:190} INFO - [2025-04-23T11:01:31.264+0700] {dag.py:3239} INFO - Sync 1 DAGs
[2025-04-23T11:01:31.274+0700] {logging_mixin.py:190} INFO - [2025-04-23T11:01:31.274+0700] {dag.py:4180} INFO - Setting next_dagrun for data_pipeline_v01 to 2024-10-12 00:00:00+00:00, run_after=2024-10-13 00:00:00+00:00
[2025-04-23T11:01:31.341+0700] {processor.py:208} INFO - Processing /home/minhle/mlops/dags/data_pipeline.py took 0.319 seconds
[2025-04-23T11:02:01.462+0700] {processor.py:186} INFO - Started process (PID=303348) to work on /home/minhle/mlops/dags/data_pipeline.py
[2025-04-23T11:02:01.463+0700] {processor.py:914} INFO - Processing file /home/minhle/mlops/dags/data_pipeline.py for tasks to queue
[2025-04-23T11:02:01.463+0700] {logging_mixin.py:190} INFO - [2025-04-23T11:02:01.463+0700] {dagbag.py:588} INFO - Filling up the DagBag from /home/minhle/mlops/dags/data_pipeline.py
[2025-04-23T11:02:01.670+0700] {processor.py:925} INFO - DAG(s) 'data_pipeline_v01' retrieved from /home/minhle/mlops/dags/data_pipeline.py
[2025-04-23T11:02:01.678+0700] {logging_mixin.py:190} INFO - [2025-04-23T11:02:01.678+0700] {dag.py:3239} INFO - Sync 1 DAGs
[2025-04-23T11:02:01.688+0700] {logging_mixin.py:190} INFO - [2025-04-23T11:02:01.688+0700] {dag.py:4180} INFO - Setting next_dagrun for data_pipeline_v01 to 2024-10-12 00:00:00+00:00, run_after=2024-10-13 00:00:00+00:00
[2025-04-23T11:02:01.777+0700] {processor.py:208} INFO - Processing /home/minhle/mlops/dags/data_pipeline.py took 0.321 seconds
[2025-04-23T11:02:31.939+0700] {processor.py:186} INFO - Started process (PID=303394) to work on /home/minhle/mlops/dags/data_pipeline.py
[2025-04-23T11:02:31.951+0700] {processor.py:914} INFO - Processing file /home/minhle/mlops/dags/data_pipeline.py for tasks to queue
[2025-04-23T11:02:31.954+0700] {logging_mixin.py:190} INFO - [2025-04-23T11:02:31.953+0700] {dagbag.py:588} INFO - Filling up the DagBag from /home/minhle/mlops/dags/data_pipeline.py
[2025-04-23T11:02:32.152+0700] {processor.py:925} INFO - DAG(s) 'data_pipeline_v01' retrieved from /home/minhle/mlops/dags/data_pipeline.py
[2025-04-23T11:02:32.160+0700] {logging_mixin.py:190} INFO - [2025-04-23T11:02:32.160+0700] {dag.py:3239} INFO - Sync 1 DAGs
[2025-04-23T11:02:32.169+0700] {logging_mixin.py:190} INFO - [2025-04-23T11:02:32.169+0700] {dag.py:4180} INFO - Setting next_dagrun for data_pipeline_v01 to 2024-10-12 00:00:00+00:00, run_after=2024-10-13 00:00:00+00:00
[2025-04-23T11:02:32.235+0700] {processor.py:208} INFO - Processing /home/minhle/mlops/dags/data_pipeline.py took 0.304 seconds
[2025-04-23T11:03:02.419+0700] {processor.py:186} INFO - Started process (PID=303439) to work on /home/minhle/mlops/dags/data_pipeline.py
[2025-04-23T11:03:02.420+0700] {processor.py:914} INFO - Processing file /home/minhle/mlops/dags/data_pipeline.py for tasks to queue
[2025-04-23T11:03:02.421+0700] {logging_mixin.py:190} INFO - [2025-04-23T11:03:02.421+0700] {dagbag.py:588} INFO - Filling up the DagBag from /home/minhle/mlops/dags/data_pipeline.py
[2025-04-23T11:03:02.630+0700] {processor.py:925} INFO - DAG(s) 'data_pipeline_v01' retrieved from /home/minhle/mlops/dags/data_pipeline.py
[2025-04-23T11:03:02.639+0700] {logging_mixin.py:190} INFO - [2025-04-23T11:03:02.639+0700] {dag.py:3239} INFO - Sync 1 DAGs
[2025-04-23T11:03:02.648+0700] {logging_mixin.py:190} INFO - [2025-04-23T11:03:02.648+0700] {dag.py:4180} INFO - Setting next_dagrun for data_pipeline_v01 to 2024-10-12 00:00:00+00:00, run_after=2024-10-13 00:00:00+00:00
[2025-04-23T11:03:03.149+0700] {processor.py:208} INFO - Processing /home/minhle/mlops/dags/data_pipeline.py took 0.736 seconds
[2025-04-23T11:03:33.359+0700] {processor.py:186} INFO - Started process (PID=303484) to work on /home/minhle/mlops/dags/data_pipeline.py
[2025-04-23T11:03:33.396+0700] {processor.py:914} INFO - Processing file /home/minhle/mlops/dags/data_pipeline.py for tasks to queue
[2025-04-23T11:03:33.399+0700] {logging_mixin.py:190} INFO - [2025-04-23T11:03:33.398+0700] {dagbag.py:588} INFO - Filling up the DagBag from /home/minhle/mlops/dags/data_pipeline.py
[2025-04-23T11:03:33.591+0700] {processor.py:925} INFO - DAG(s) 'data_pipeline_v01' retrieved from /home/minhle/mlops/dags/data_pipeline.py
[2025-04-23T11:03:33.599+0700] {logging_mixin.py:190} INFO - [2025-04-23T11:03:33.599+0700] {dag.py:3239} INFO - Sync 1 DAGs
[2025-04-23T11:03:33.608+0700] {logging_mixin.py:190} INFO - [2025-04-23T11:03:33.608+0700] {dag.py:4180} INFO - Setting next_dagrun for data_pipeline_v01 to 2024-10-12 00:00:00+00:00, run_after=2024-10-13 00:00:00+00:00
[2025-04-23T11:03:33.682+0700] {processor.py:208} INFO - Processing /home/minhle/mlops/dags/data_pipeline.py took 0.327 seconds
[2025-04-23T11:04:03.823+0700] {processor.py:186} INFO - Started process (PID=303529) to work on /home/minhle/mlops/dags/data_pipeline.py
[2025-04-23T11:04:03.876+0700] {processor.py:914} INFO - Processing file /home/minhle/mlops/dags/data_pipeline.py for tasks to queue
[2025-04-23T11:04:03.879+0700] {logging_mixin.py:190} INFO - [2025-04-23T11:04:03.878+0700] {dagbag.py:588} INFO - Filling up the DagBag from /home/minhle/mlops/dags/data_pipeline.py
[2025-04-23T11:04:04.133+0700] {processor.py:925} INFO - DAG(s) 'data_pipeline_v01' retrieved from /home/minhle/mlops/dags/data_pipeline.py
[2025-04-23T11:04:04.141+0700] {logging_mixin.py:190} INFO - [2025-04-23T11:04:04.141+0700] {dag.py:3239} INFO - Sync 1 DAGs
[2025-04-23T11:04:04.150+0700] {logging_mixin.py:190} INFO - [2025-04-23T11:04:04.150+0700] {dag.py:4180} INFO - Setting next_dagrun for data_pipeline_v01 to 2024-10-12 00:00:00+00:00, run_after=2024-10-13 00:00:00+00:00
[2025-04-23T11:04:04.221+0700] {processor.py:208} INFO - Processing /home/minhle/mlops/dags/data_pipeline.py took 0.402 seconds
[2025-04-23T11:04:34.402+0700] {processor.py:186} INFO - Started process (PID=303575) to work on /home/minhle/mlops/dags/data_pipeline.py
[2025-04-23T11:04:34.415+0700] {processor.py:914} INFO - Processing file /home/minhle/mlops/dags/data_pipeline.py for tasks to queue
[2025-04-23T11:04:34.417+0700] {logging_mixin.py:190} INFO - [2025-04-23T11:04:34.416+0700] {dagbag.py:588} INFO - Filling up the DagBag from /home/minhle/mlops/dags/data_pipeline.py
[2025-04-23T11:04:34.606+0700] {processor.py:925} INFO - DAG(s) 'data_pipeline_v01' retrieved from /home/minhle/mlops/dags/data_pipeline.py
[2025-04-23T11:04:34.614+0700] {logging_mixin.py:190} INFO - [2025-04-23T11:04:34.614+0700] {dag.py:3239} INFO - Sync 1 DAGs
[2025-04-23T11:04:34.622+0700] {logging_mixin.py:190} INFO - [2025-04-23T11:04:34.622+0700] {dag.py:4180} INFO - Setting next_dagrun for data_pipeline_v01 to 2024-10-12 00:00:00+00:00, run_after=2024-10-13 00:00:00+00:00
[2025-04-23T11:04:34.690+0700] {processor.py:208} INFO - Processing /home/minhle/mlops/dags/data_pipeline.py took 0.293 seconds
[2025-04-23T11:05:04.779+0700] {processor.py:186} INFO - Started process (PID=303631) to work on /home/minhle/mlops/dags/data_pipeline.py
[2025-04-23T11:05:04.779+0700] {processor.py:914} INFO - Processing file /home/minhle/mlops/dags/data_pipeline.py for tasks to queue
[2025-04-23T11:05:04.780+0700] {logging_mixin.py:190} INFO - [2025-04-23T11:05:04.780+0700] {dagbag.py:588} INFO - Filling up the DagBag from /home/minhle/mlops/dags/data_pipeline.py
[2025-04-23T11:05:04.971+0700] {processor.py:925} INFO - DAG(s) 'data_pipeline_v01' retrieved from /home/minhle/mlops/dags/data_pipeline.py
[2025-04-23T11:05:04.979+0700] {logging_mixin.py:190} INFO - [2025-04-23T11:05:04.979+0700] {dag.py:3239} INFO - Sync 1 DAGs
[2025-04-23T11:05:04.988+0700] {logging_mixin.py:190} INFO - [2025-04-23T11:05:04.988+0700] {dag.py:4180} INFO - Setting next_dagrun for data_pipeline_v01 to 2024-10-12 00:00:00+00:00, run_after=2024-10-13 00:00:00+00:00
[2025-04-23T11:05:05.064+0700] {processor.py:208} INFO - Processing /home/minhle/mlops/dags/data_pipeline.py took 0.290 seconds
[2025-04-23T11:05:35.216+0700] {processor.py:186} INFO - Started process (PID=303704) to work on /home/minhle/mlops/dags/data_pipeline.py
[2025-04-23T11:05:35.226+0700] {processor.py:914} INFO - Processing file /home/minhle/mlops/dags/data_pipeline.py for tasks to queue
[2025-04-23T11:05:35.228+0700] {logging_mixin.py:190} INFO - [2025-04-23T11:05:35.228+0700] {dagbag.py:588} INFO - Filling up the DagBag from /home/minhle/mlops/dags/data_pipeline.py
[2025-04-23T11:05:35.431+0700] {processor.py:925} INFO - DAG(s) 'data_pipeline_v01' retrieved from /home/minhle/mlops/dags/data_pipeline.py
[2025-04-23T11:05:35.439+0700] {logging_mixin.py:190} INFO - [2025-04-23T11:05:35.439+0700] {dag.py:3239} INFO - Sync 1 DAGs
[2025-04-23T11:05:35.448+0700] {logging_mixin.py:190} INFO - [2025-04-23T11:05:35.448+0700] {dag.py:4180} INFO - Setting next_dagrun for data_pipeline_v01 to 2024-10-12 00:00:00+00:00, run_after=2024-10-13 00:00:00+00:00
[2025-04-23T11:05:35.517+0700] {processor.py:208} INFO - Processing /home/minhle/mlops/dags/data_pipeline.py took 0.306 seconds
[2025-04-23T11:06:05.690+0700] {processor.py:186} INFO - Started process (PID=303759) to work on /home/minhle/mlops/dags/data_pipeline.py
[2025-04-23T11:06:05.693+0700] {processor.py:914} INFO - Processing file /home/minhle/mlops/dags/data_pipeline.py for tasks to queue
[2025-04-23T11:06:05.695+0700] {logging_mixin.py:190} INFO - [2025-04-23T11:06:05.694+0700] {dagbag.py:588} INFO - Filling up the DagBag from /home/minhle/mlops/dags/data_pipeline.py
[2025-04-23T11:06:05.896+0700] {processor.py:925} INFO - DAG(s) 'data_pipeline_v01' retrieved from /home/minhle/mlops/dags/data_pipeline.py
[2025-04-23T11:06:05.904+0700] {logging_mixin.py:190} INFO - [2025-04-23T11:06:05.903+0700] {dag.py:3239} INFO - Sync 1 DAGs
[2025-04-23T11:06:05.913+0700] {logging_mixin.py:190} INFO - [2025-04-23T11:06:05.913+0700] {dag.py:4180} INFO - Setting next_dagrun for data_pipeline_v01 to 2024-10-12 00:00:00+00:00, run_after=2024-10-13 00:00:00+00:00
[2025-04-23T11:06:05.987+0700] {processor.py:208} INFO - Processing /home/minhle/mlops/dags/data_pipeline.py took 0.303 seconds
[2025-04-23T11:06:36.204+0700] {processor.py:186} INFO - Started process (PID=303806) to work on /home/minhle/mlops/dags/data_pipeline.py
[2025-04-23T11:06:36.212+0700] {processor.py:914} INFO - Processing file /home/minhle/mlops/dags/data_pipeline.py for tasks to queue
[2025-04-23T11:06:36.214+0700] {logging_mixin.py:190} INFO - [2025-04-23T11:06:36.214+0700] {dagbag.py:588} INFO - Filling up the DagBag from /home/minhle/mlops/dags/data_pipeline.py
[2025-04-23T11:06:36.442+0700] {processor.py:925} INFO - DAG(s) 'data_pipeline_v01' retrieved from /home/minhle/mlops/dags/data_pipeline.py
[2025-04-23T11:06:36.450+0700] {logging_mixin.py:190} INFO - [2025-04-23T11:06:36.450+0700] {dag.py:3239} INFO - Sync 1 DAGs
[2025-04-23T11:06:36.459+0700] {logging_mixin.py:190} INFO - [2025-04-23T11:06:36.459+0700] {dag.py:4180} INFO - Setting next_dagrun for data_pipeline_v01 to 2024-10-12 00:00:00+00:00, run_after=2024-10-13 00:00:00+00:00
[2025-04-23T11:06:36.533+0700] {processor.py:208} INFO - Processing /home/minhle/mlops/dags/data_pipeline.py took 0.334 seconds
[2025-04-23T11:07:06.706+0700] {processor.py:186} INFO - Started process (PID=303852) to work on /home/minhle/mlops/dags/data_pipeline.py
[2025-04-23T11:07:06.707+0700] {processor.py:914} INFO - Processing file /home/minhle/mlops/dags/data_pipeline.py for tasks to queue
[2025-04-23T11:07:06.707+0700] {logging_mixin.py:190} INFO - [2025-04-23T11:07:06.707+0700] {dagbag.py:588} INFO - Filling up the DagBag from /home/minhle/mlops/dags/data_pipeline.py
[2025-04-23T11:07:06.912+0700] {processor.py:925} INFO - DAG(s) 'data_pipeline_v01' retrieved from /home/minhle/mlops/dags/data_pipeline.py
[2025-04-23T11:07:06.921+0700] {logging_mixin.py:190} INFO - [2025-04-23T11:07:06.921+0700] {dag.py:3239} INFO - Sync 1 DAGs
[2025-04-23T11:07:06.929+0700] {logging_mixin.py:190} INFO - [2025-04-23T11:07:06.929+0700] {dag.py:4180} INFO - Setting next_dagrun for data_pipeline_v01 to 2024-10-12 00:00:00+00:00, run_after=2024-10-13 00:00:00+00:00
[2025-04-23T11:07:07.161+0700] {processor.py:208} INFO - Processing /home/minhle/mlops/dags/data_pipeline.py took 0.461 seconds
[2025-04-23T11:07:37.297+0700] {processor.py:186} INFO - Started process (PID=303897) to work on /home/minhle/mlops/dags/data_pipeline.py
[2025-04-23T11:07:37.324+0700] {processor.py:914} INFO - Processing file /home/minhle/mlops/dags/data_pipeline.py for tasks to queue
[2025-04-23T11:07:37.327+0700] {logging_mixin.py:190} INFO - [2025-04-23T11:07:37.326+0700] {dagbag.py:588} INFO - Filling up the DagBag from /home/minhle/mlops/dags/data_pipeline.py
[2025-04-23T11:07:37.516+0700] {processor.py:925} INFO - DAG(s) 'data_pipeline_v01' retrieved from /home/minhle/mlops/dags/data_pipeline.py
[2025-04-23T11:07:37.525+0700] {logging_mixin.py:190} INFO - [2025-04-23T11:07:37.524+0700] {dag.py:3239} INFO - Sync 1 DAGs
[2025-04-23T11:07:37.533+0700] {logging_mixin.py:190} INFO - [2025-04-23T11:07:37.533+0700] {dag.py:4180} INFO - Setting next_dagrun for data_pipeline_v01 to 2024-10-12 00:00:00+00:00, run_after=2024-10-13 00:00:00+00:00
[2025-04-23T11:07:37.628+0700] {processor.py:208} INFO - Processing /home/minhle/mlops/dags/data_pipeline.py took 0.337 seconds
[2025-04-23T11:08:07.767+0700] {processor.py:186} INFO - Started process (PID=303942) to work on /home/minhle/mlops/dags/data_pipeline.py
[2025-04-23T11:08:07.768+0700] {processor.py:914} INFO - Processing file /home/minhle/mlops/dags/data_pipeline.py for tasks to queue
[2025-04-23T11:08:07.770+0700] {logging_mixin.py:190} INFO - [2025-04-23T11:08:07.769+0700] {dagbag.py:588} INFO - Filling up the DagBag from /home/minhle/mlops/dags/data_pipeline.py
[2025-04-23T11:08:07.967+0700] {processor.py:925} INFO - DAG(s) 'data_pipeline_v01' retrieved from /home/minhle/mlops/dags/data_pipeline.py
[2025-04-23T11:08:07.976+0700] {logging_mixin.py:190} INFO - [2025-04-23T11:08:07.976+0700] {dag.py:3239} INFO - Sync 1 DAGs
[2025-04-23T11:08:07.985+0700] {logging_mixin.py:190} INFO - [2025-04-23T11:08:07.985+0700] {dag.py:4180} INFO - Setting next_dagrun for data_pipeline_v01 to 2024-10-12 00:00:00+00:00, run_after=2024-10-13 00:00:00+00:00
[2025-04-23T11:08:08.075+0700] {processor.py:208} INFO - Processing /home/minhle/mlops/dags/data_pipeline.py took 0.314 seconds
[2025-04-23T11:08:38.264+0700] {processor.py:186} INFO - Started process (PID=303990) to work on /home/minhle/mlops/dags/data_pipeline.py
[2025-04-23T11:08:38.276+0700] {processor.py:914} INFO - Processing file /home/minhle/mlops/dags/data_pipeline.py for tasks to queue
[2025-04-23T11:08:38.277+0700] {logging_mixin.py:190} INFO - [2025-04-23T11:08:38.276+0700] {dagbag.py:588} INFO - Filling up the DagBag from /home/minhle/mlops/dags/data_pipeline.py
[2025-04-23T11:08:38.499+0700] {processor.py:925} INFO - DAG(s) 'data_pipeline_v01' retrieved from /home/minhle/mlops/dags/data_pipeline.py
[2025-04-23T11:08:38.509+0700] {logging_mixin.py:190} INFO - [2025-04-23T11:08:38.508+0700] {dag.py:3239} INFO - Sync 1 DAGs
[2025-04-23T11:08:38.518+0700] {logging_mixin.py:190} INFO - [2025-04-23T11:08:38.518+0700] {dag.py:4180} INFO - Setting next_dagrun for data_pipeline_v01 to 2024-10-12 00:00:00+00:00, run_after=2024-10-13 00:00:00+00:00
[2025-04-23T11:08:38.577+0700] {processor.py:208} INFO - Processing /home/minhle/mlops/dags/data_pipeline.py took 0.319 seconds
[2025-04-23T11:09:08.760+0700] {processor.py:186} INFO - Started process (PID=304045) to work on /home/minhle/mlops/dags/data_pipeline.py
[2025-04-23T11:09:08.761+0700] {processor.py:914} INFO - Processing file /home/minhle/mlops/dags/data_pipeline.py for tasks to queue
[2025-04-23T11:09:08.763+0700] {logging_mixin.py:190} INFO - [2025-04-23T11:09:08.762+0700] {dagbag.py:588} INFO - Filling up the DagBag from /home/minhle/mlops/dags/data_pipeline.py
[2025-04-23T11:09:08.981+0700] {processor.py:925} INFO - DAG(s) 'data_pipeline_v01' retrieved from /home/minhle/mlops/dags/data_pipeline.py
[2025-04-23T11:09:08.990+0700] {logging_mixin.py:190} INFO - [2025-04-23T11:09:08.989+0700] {dag.py:3239} INFO - Sync 1 DAGs
[2025-04-23T11:09:08.998+0700] {logging_mixin.py:190} INFO - [2025-04-23T11:09:08.998+0700] {dag.py:4180} INFO - Setting next_dagrun for data_pipeline_v01 to 2024-10-12 00:00:00+00:00, run_after=2024-10-13 00:00:00+00:00
[2025-04-23T11:09:09.084+0700] {processor.py:208} INFO - Processing /home/minhle/mlops/dags/data_pipeline.py took 0.332 seconds
[2025-04-23T11:09:39.269+0700] {processor.py:186} INFO - Started process (PID=304124) to work on /home/minhle/mlops/dags/data_pipeline.py
[2025-04-23T11:09:39.278+0700] {processor.py:914} INFO - Processing file /home/minhle/mlops/dags/data_pipeline.py for tasks to queue
[2025-04-23T11:09:39.282+0700] {logging_mixin.py:190} INFO - [2025-04-23T11:09:39.281+0700] {dagbag.py:588} INFO - Filling up the DagBag from /home/minhle/mlops/dags/data_pipeline.py
[2025-04-23T11:09:39.477+0700] {processor.py:925} INFO - DAG(s) 'data_pipeline_v01' retrieved from /home/minhle/mlops/dags/data_pipeline.py
[2025-04-23T11:09:39.485+0700] {logging_mixin.py:190} INFO - [2025-04-23T11:09:39.484+0700] {dag.py:3239} INFO - Sync 1 DAGs
[2025-04-23T11:09:39.493+0700] {logging_mixin.py:190} INFO - [2025-04-23T11:09:39.493+0700] {dag.py:4180} INFO - Setting next_dagrun for data_pipeline_v01 to 2024-10-12 00:00:00+00:00, run_after=2024-10-13 00:00:00+00:00
[2025-04-23T11:09:39.566+0700] {processor.py:208} INFO - Processing /home/minhle/mlops/dags/data_pipeline.py took 0.308 seconds
[2025-04-23T11:10:09.868+0700] {processor.py:186} INFO - Started process (PID=304145) to work on /home/minhle/mlops/dags/data_pipeline.py
[2025-04-23T11:10:09.869+0700] {processor.py:914} INFO - Processing file /home/minhle/mlops/dags/data_pipeline.py for tasks to queue
[2025-04-23T11:10:09.870+0700] {logging_mixin.py:190} INFO - [2025-04-23T11:10:09.869+0700] {dagbag.py:588} INFO - Filling up the DagBag from /home/minhle/mlops/dags/data_pipeline.py
[2025-04-23T11:10:10.087+0700] {processor.py:925} INFO - DAG(s) 'data_pipeline_v01' retrieved from /home/minhle/mlops/dags/data_pipeline.py
[2025-04-23T11:10:10.095+0700] {logging_mixin.py:190} INFO - [2025-04-23T11:10:10.095+0700] {dag.py:3239} INFO - Sync 1 DAGs
[2025-04-23T11:10:10.104+0700] {logging_mixin.py:190} INFO - [2025-04-23T11:10:10.104+0700] {dag.py:4180} INFO - Setting next_dagrun for data_pipeline_v01 to 2024-10-12 00:00:00+00:00, run_after=2024-10-13 00:00:00+00:00
[2025-04-23T11:10:10.177+0700] {processor.py:208} INFO - Processing /home/minhle/mlops/dags/data_pipeline.py took 0.313 seconds
[2025-04-23T11:10:40.480+0700] {processor.py:186} INFO - Started process (PID=304221) to work on /home/minhle/mlops/dags/data_pipeline.py
[2025-04-23T11:10:40.485+0700] {processor.py:914} INFO - Processing file /home/minhle/mlops/dags/data_pipeline.py for tasks to queue
[2025-04-23T11:10:40.486+0700] {logging_mixin.py:190} INFO - [2025-04-23T11:10:40.486+0700] {dagbag.py:588} INFO - Filling up the DagBag from /home/minhle/mlops/dags/data_pipeline.py
[2025-04-23T11:10:40.691+0700] {processor.py:925} INFO - DAG(s) 'data_pipeline_v01' retrieved from /home/minhle/mlops/dags/data_pipeline.py
[2025-04-23T11:10:40.700+0700] {logging_mixin.py:190} INFO - [2025-04-23T11:10:40.699+0700] {dag.py:3239} INFO - Sync 1 DAGs
[2025-04-23T11:10:40.709+0700] {logging_mixin.py:190} INFO - [2025-04-23T11:10:40.709+0700] {dag.py:4180} INFO - Setting next_dagrun for data_pipeline_v01 to 2024-10-12 00:00:00+00:00, run_after=2024-10-13 00:00:00+00:00
[2025-04-23T11:10:40.781+0700] {processor.py:208} INFO - Processing /home/minhle/mlops/dags/data_pipeline.py took 0.304 seconds
[2025-04-23T11:11:11.020+0700] {processor.py:186} INFO - Started process (PID=304264) to work on /home/minhle/mlops/dags/data_pipeline.py
[2025-04-23T11:11:11.020+0700] {processor.py:914} INFO - Processing file /home/minhle/mlops/dags/data_pipeline.py for tasks to queue
[2025-04-23T11:11:11.020+0700] {logging_mixin.py:190} INFO - [2025-04-23T11:11:11.020+0700] {dagbag.py:588} INFO - Filling up the DagBag from /home/minhle/mlops/dags/data_pipeline.py
[2025-04-23T11:11:11.209+0700] {processor.py:925} INFO - DAG(s) 'data_pipeline_v01' retrieved from /home/minhle/mlops/dags/data_pipeline.py
[2025-04-23T11:11:11.217+0700] {logging_mixin.py:190} INFO - [2025-04-23T11:11:11.217+0700] {dag.py:3239} INFO - Sync 1 DAGs
[2025-04-23T11:11:11.226+0700] {logging_mixin.py:190} INFO - [2025-04-23T11:11:11.226+0700] {dag.py:4180} INFO - Setting next_dagrun for data_pipeline_v01 to 2024-10-12 00:00:00+00:00, run_after=2024-10-13 00:00:00+00:00
[2025-04-23T11:11:11.291+0700] {processor.py:208} INFO - Processing /home/minhle/mlops/dags/data_pipeline.py took 0.276 seconds
[2025-04-23T11:11:25.035+0700] {processor.py:186} INFO - Started process (PID=304300) to work on /home/minhle/mlops/dags/data_pipeline.py
[2025-04-23T11:11:25.045+0700] {processor.py:914} INFO - Processing file /home/minhle/mlops/dags/data_pipeline.py for tasks to queue
[2025-04-23T11:11:25.047+0700] {logging_mixin.py:190} INFO - [2025-04-23T11:11:25.047+0700] {dagbag.py:588} INFO - Filling up the DagBag from /home/minhle/mlops/dags/data_pipeline.py
[2025-04-23T11:11:25.613+0700] {processor.py:925} INFO - DAG(s) 'data_pipeline_v01' retrieved from /home/minhle/mlops/dags/data_pipeline.py
[2025-04-23T11:11:25.650+0700] {logging_mixin.py:190} INFO - [2025-04-23T11:11:25.650+0700] {dag.py:3239} INFO - Sync 1 DAGs
[2025-04-23T11:11:25.657+0700] {logging_mixin.py:190} INFO - [2025-04-23T11:11:25.657+0700] {dag.py:4180} INFO - Setting next_dagrun for data_pipeline_v01 to 2024-10-12 00:00:00+00:00, run_after=2024-10-13 00:00:00+00:00
[2025-04-23T11:11:25.801+0700] {processor.py:208} INFO - Processing /home/minhle/mlops/dags/data_pipeline.py took 0.769 seconds
[2025-04-23T11:11:56.069+0700] {processor.py:186} INFO - Started process (PID=304379) to work on /home/minhle/mlops/dags/data_pipeline.py
[2025-04-23T11:11:56.070+0700] {processor.py:914} INFO - Processing file /home/minhle/mlops/dags/data_pipeline.py for tasks to queue
[2025-04-23T11:11:56.071+0700] {logging_mixin.py:190} INFO - [2025-04-23T11:11:56.071+0700] {dagbag.py:588} INFO - Filling up the DagBag from /home/minhle/mlops/dags/data_pipeline.py
[2025-04-23T11:11:56.641+0700] {processor.py:925} INFO - DAG(s) 'data_pipeline_v01' retrieved from /home/minhle/mlops/dags/data_pipeline.py
[2025-04-23T11:11:56.648+0700] {logging_mixin.py:190} INFO - [2025-04-23T11:11:56.648+0700] {dag.py:3239} INFO - Sync 1 DAGs
[2025-04-23T11:11:56.656+0700] {logging_mixin.py:190} INFO - [2025-04-23T11:11:56.656+0700] {dag.py:4180} INFO - Setting next_dagrun for data_pipeline_v01 to 2024-10-12 00:00:00+00:00, run_after=2024-10-13 00:00:00+00:00
[2025-04-23T11:11:56.723+0700] {processor.py:208} INFO - Processing /home/minhle/mlops/dags/data_pipeline.py took 0.659 seconds
[2025-04-23T11:12:26.858+0700] {processor.py:186} INFO - Started process (PID=304432) to work on /home/minhle/mlops/dags/data_pipeline.py
[2025-04-23T11:12:26.859+0700] {processor.py:914} INFO - Processing file /home/minhle/mlops/dags/data_pipeline.py for tasks to queue
[2025-04-23T11:12:26.861+0700] {logging_mixin.py:190} INFO - [2025-04-23T11:12:26.861+0700] {dagbag.py:588} INFO - Filling up the DagBag from /home/minhle/mlops/dags/data_pipeline.py
[2025-04-23T11:12:27.426+0700] {processor.py:925} INFO - DAG(s) 'data_pipeline_v01' retrieved from /home/minhle/mlops/dags/data_pipeline.py
[2025-04-23T11:12:27.433+0700] {logging_mixin.py:190} INFO - [2025-04-23T11:12:27.433+0700] {dag.py:3239} INFO - Sync 1 DAGs
[2025-04-23T11:12:27.441+0700] {logging_mixin.py:190} INFO - [2025-04-23T11:12:27.441+0700] {dag.py:4180} INFO - Setting next_dagrun for data_pipeline_v01 to 2024-10-12 00:00:00+00:00, run_after=2024-10-13 00:00:00+00:00
[2025-04-23T11:12:27.511+0700] {processor.py:208} INFO - Processing /home/minhle/mlops/dags/data_pipeline.py took 0.662 seconds
[2025-04-23T11:12:40.761+0700] {processor.py:186} INFO - Started process (PID=304480) to work on /home/minhle/mlops/dags/data_pipeline.py
[2025-04-23T11:12:40.761+0700] {processor.py:914} INFO - Processing file /home/minhle/mlops/dags/data_pipeline.py for tasks to queue
[2025-04-23T11:12:40.762+0700] {logging_mixin.py:190} INFO - [2025-04-23T11:12:40.762+0700] {dagbag.py:588} INFO - Filling up the DagBag from /home/minhle/mlops/dags/data_pipeline.py
[2025-04-23T11:12:41.319+0700] {processor.py:925} INFO - DAG(s) 'data_pipeline_v01' retrieved from /home/minhle/mlops/dags/data_pipeline.py
[2025-04-23T11:12:41.325+0700] {logging_mixin.py:190} INFO - [2025-04-23T11:12:41.325+0700] {dag.py:3239} INFO - Sync 1 DAGs
[2025-04-23T11:12:41.334+0700] {logging_mixin.py:190} INFO - [2025-04-23T11:12:41.333+0700] {dag.py:4180} INFO - Setting next_dagrun for data_pipeline_v01 to 2024-10-12 00:00:00+00:00, run_after=2024-10-13 00:00:00+00:00
[2025-04-23T11:12:41.403+0700] {processor.py:208} INFO - Processing /home/minhle/mlops/dags/data_pipeline.py took 0.648 seconds
[2025-04-23T11:13:13.582+0700] {processor.py:186} INFO - Started process (PID=305046) to work on /home/minhle/mlops/dags/data_pipeline.py
[2025-04-23T11:13:13.591+0700] {processor.py:914} INFO - Processing file /home/minhle/mlops/dags/data_pipeline.py for tasks to queue
[2025-04-23T11:13:13.593+0700] {logging_mixin.py:190} INFO - [2025-04-23T11:13:13.592+0700] {dagbag.py:588} INFO - Filling up the DagBag from /home/minhle/mlops/dags/data_pipeline.py
[2025-04-23T11:13:14.197+0700] {processor.py:925} INFO - DAG(s) 'data_pipeline_v01' retrieved from /home/minhle/mlops/dags/data_pipeline.py
[2025-04-23T11:13:14.204+0700] {logging_mixin.py:190} INFO - [2025-04-23T11:13:14.203+0700] {dag.py:3239} INFO - Sync 1 DAGs
[2025-04-23T11:13:14.213+0700] {logging_mixin.py:190} INFO - [2025-04-23T11:13:14.213+0700] {dag.py:4180} INFO - Setting next_dagrun for data_pipeline_v01 to 2024-10-17 00:00:00+00:00, run_after=2024-10-18 00:00:00+00:00
[2025-04-23T11:13:14.280+0700] {processor.py:208} INFO - Processing /home/minhle/mlops/dags/data_pipeline.py took 0.703 seconds
[2025-04-23T11:13:44.743+0700] {processor.py:186} INFO - Started process (PID=305757) to work on /home/minhle/mlops/dags/data_pipeline.py
[2025-04-23T11:13:44.744+0700] {processor.py:914} INFO - Processing file /home/minhle/mlops/dags/data_pipeline.py for tasks to queue
[2025-04-23T11:13:44.747+0700] {logging_mixin.py:190} INFO - [2025-04-23T11:13:44.745+0700] {dagbag.py:588} INFO - Filling up the DagBag from /home/minhle/mlops/dags/data_pipeline.py
[2025-04-23T11:13:45.309+0700] {processor.py:925} INFO - DAG(s) 'data_pipeline_v01' retrieved from /home/minhle/mlops/dags/data_pipeline.py
[2025-04-23T11:13:45.316+0700] {logging_mixin.py:190} INFO - [2025-04-23T11:13:45.316+0700] {dag.py:3239} INFO - Sync 1 DAGs
[2025-04-23T11:13:45.324+0700] {logging_mixin.py:190} INFO - [2025-04-23T11:13:45.324+0700] {dag.py:4180} INFO - Setting next_dagrun for data_pipeline_v01 to 2024-10-24 00:00:00+00:00, run_after=2024-10-25 00:00:00+00:00
[2025-04-23T11:13:45.538+0700] {processor.py:208} INFO - Processing /home/minhle/mlops/dags/data_pipeline.py took 0.801 seconds
[2025-04-23T11:14:15.706+0700] {processor.py:186} INFO - Started process (PID=305837) to work on /home/minhle/mlops/dags/data_pipeline.py
[2025-04-23T11:14:15.711+0700] {processor.py:914} INFO - Processing file /home/minhle/mlops/dags/data_pipeline.py for tasks to queue
[2025-04-23T11:14:15.714+0700] {logging_mixin.py:190} INFO - [2025-04-23T11:14:15.713+0700] {dagbag.py:588} INFO - Filling up the DagBag from /home/minhle/mlops/dags/data_pipeline.py
[2025-04-23T11:14:16.281+0700] {processor.py:925} INFO - DAG(s) 'data_pipeline_v01' retrieved from /home/minhle/mlops/dags/data_pipeline.py
[2025-04-23T11:14:16.288+0700] {logging_mixin.py:190} INFO - [2025-04-23T11:14:16.288+0700] {dag.py:3239} INFO - Sync 1 DAGs
[2025-04-23T11:14:16.296+0700] {logging_mixin.py:190} INFO - [2025-04-23T11:14:16.296+0700] {dag.py:4180} INFO - Setting next_dagrun for data_pipeline_v01 to 2024-10-24 00:00:00+00:00, run_after=2024-10-25 00:00:00+00:00
[2025-04-23T11:14:16.361+0700] {processor.py:208} INFO - Processing /home/minhle/mlops/dags/data_pipeline.py took 0.662 seconds
[2025-04-23T11:14:23.810+0700] {processor.py:186} INFO - Started process (PID=305881) to work on /home/minhle/mlops/dags/data_pipeline.py
[2025-04-23T11:14:23.961+0700] {processor.py:914} INFO - Processing file /home/minhle/mlops/dags/data_pipeline.py for tasks to queue
[2025-04-23T11:14:23.963+0700] {logging_mixin.py:190} INFO - [2025-04-23T11:14:23.962+0700] {dagbag.py:588} INFO - Filling up the DagBag from /home/minhle/mlops/dags/data_pipeline.py
[2025-04-23T11:14:24.564+0700] {processor.py:925} INFO - DAG(s) 'data_pipeline_v01' retrieved from /home/minhle/mlops/dags/data_pipeline.py
[2025-04-23T11:14:24.606+0700] {logging_mixin.py:190} INFO - [2025-04-23T11:14:24.606+0700] {dag.py:3239} INFO - Sync 1 DAGs
[2025-04-23T11:14:24.614+0700] {logging_mixin.py:190} INFO - [2025-04-23T11:14:24.614+0700] {dag.py:4180} INFO - Setting next_dagrun for data_pipeline_v01 to 2024-10-24 00:00:00+00:00, run_after=2024-10-25 00:00:00+00:00
[2025-04-23T11:14:24.781+0700] {processor.py:208} INFO - Processing /home/minhle/mlops/dags/data_pipeline.py took 0.976 seconds
[2025-04-23T11:15:02.567+0700] {processor.py:186} INFO - Started process (PID=306507) to work on /home/minhle/mlops/dags/data_pipeline.py
[2025-04-23T11:15:02.574+0700] {processor.py:914} INFO - Processing file /home/minhle/mlops/dags/data_pipeline.py for tasks to queue
[2025-04-23T11:15:02.576+0700] {logging_mixin.py:190} INFO - [2025-04-23T11:15:02.575+0700] {dagbag.py:588} INFO - Filling up the DagBag from /home/minhle/mlops/dags/data_pipeline.py
[2025-04-23T11:15:03.134+0700] {processor.py:925} INFO - DAG(s) 'data_pipeline_v01' retrieved from /home/minhle/mlops/dags/data_pipeline.py
[2025-04-23T11:15:03.141+0700] {logging_mixin.py:190} INFO - [2025-04-23T11:15:03.141+0700] {dag.py:3239} INFO - Sync 1 DAGs
[2025-04-23T11:15:03.213+0700] {processor.py:208} INFO - Processing /home/minhle/mlops/dags/data_pipeline.py took 0.651 seconds
[2025-04-23T11:15:33.360+0700] {processor.py:186} INFO - Started process (PID=306753) to work on /home/minhle/mlops/dags/data_pipeline.py
[2025-04-23T11:15:33.369+0700] {processor.py:914} INFO - Processing file /home/minhle/mlops/dags/data_pipeline.py for tasks to queue
[2025-04-23T11:15:33.370+0700] {logging_mixin.py:190} INFO - [2025-04-23T11:15:33.370+0700] {dagbag.py:588} INFO - Filling up the DagBag from /home/minhle/mlops/dags/data_pipeline.py
[2025-04-23T11:15:33.932+0700] {processor.py:925} INFO - DAG(s) 'data_pipeline_v01' retrieved from /home/minhle/mlops/dags/data_pipeline.py
[2025-04-23T11:15:33.940+0700] {logging_mixin.py:190} INFO - [2025-04-23T11:15:33.940+0700] {dag.py:3239} INFO - Sync 1 DAGs
[2025-04-23T11:15:34.037+0700] {processor.py:208} INFO - Processing /home/minhle/mlops/dags/data_pipeline.py took 0.683 seconds
[2025-04-23T11:16:04.384+0700] {processor.py:186} INFO - Started process (PID=306925) to work on /home/minhle/mlops/dags/data_pipeline.py
[2025-04-23T11:16:04.393+0700] {processor.py:914} INFO - Processing file /home/minhle/mlops/dags/data_pipeline.py for tasks to queue
[2025-04-23T11:16:04.394+0700] {logging_mixin.py:190} INFO - [2025-04-23T11:16:04.394+0700] {dagbag.py:588} INFO - Filling up the DagBag from /home/minhle/mlops/dags/data_pipeline.py
[2025-04-23T11:16:04.951+0700] {processor.py:925} INFO - DAG(s) 'data_pipeline_v01' retrieved from /home/minhle/mlops/dags/data_pipeline.py
[2025-04-23T11:16:04.958+0700] {logging_mixin.py:190} INFO - [2025-04-23T11:16:04.957+0700] {dag.py:3239} INFO - Sync 1 DAGs
[2025-04-23T11:16:05.053+0700] {processor.py:208} INFO - Processing /home/minhle/mlops/dags/data_pipeline.py took 0.672 seconds
[2025-04-23T11:16:35.666+0700] {processor.py:186} INFO - Started process (PID=307077) to work on /home/minhle/mlops/dags/data_pipeline.py
[2025-04-23T11:16:35.671+0700] {processor.py:914} INFO - Processing file /home/minhle/mlops/dags/data_pipeline.py for tasks to queue
[2025-04-23T11:16:35.672+0700] {logging_mixin.py:190} INFO - [2025-04-23T11:16:35.671+0700] {dagbag.py:588} INFO - Filling up the DagBag from /home/minhle/mlops/dags/data_pipeline.py
[2025-04-23T11:16:36.230+0700] {processor.py:925} INFO - DAG(s) 'data_pipeline_v01' retrieved from /home/minhle/mlops/dags/data_pipeline.py
[2025-04-23T11:16:36.237+0700] {logging_mixin.py:190} INFO - [2025-04-23T11:16:36.237+0700] {dag.py:3239} INFO - Sync 1 DAGs
[2025-04-23T11:16:36.334+0700] {processor.py:208} INFO - Processing /home/minhle/mlops/dags/data_pipeline.py took 0.672 seconds
[2025-04-23T11:17:06.585+0700] {processor.py:186} INFO - Started process (PID=307305) to work on /home/minhle/mlops/dags/data_pipeline.py
[2025-04-23T11:17:06.596+0700] {processor.py:914} INFO - Processing file /home/minhle/mlops/dags/data_pipeline.py for tasks to queue
[2025-04-23T11:17:06.597+0700] {logging_mixin.py:190} INFO - [2025-04-23T11:17:06.597+0700] {dagbag.py:588} INFO - Filling up the DagBag from /home/minhle/mlops/dags/data_pipeline.py
[2025-04-23T11:17:07.204+0700] {processor.py:925} INFO - DAG(s) 'data_pipeline_v01' retrieved from /home/minhle/mlops/dags/data_pipeline.py
[2025-04-23T11:17:07.211+0700] {logging_mixin.py:190} INFO - [2025-04-23T11:17:07.211+0700] {dag.py:3239} INFO - Sync 1 DAGs
[2025-04-23T11:17:07.331+0700] {processor.py:208} INFO - Processing /home/minhle/mlops/dags/data_pipeline.py took 0.755 seconds
[2025-04-23T11:17:18.667+0700] {processor.py:186} INFO - Started process (PID=307411) to work on /home/minhle/mlops/dags/data_pipeline.py
[2025-04-23T11:17:18.674+0700] {processor.py:914} INFO - Processing file /home/minhle/mlops/dags/data_pipeline.py for tasks to queue
[2025-04-23T11:17:18.674+0700] {logging_mixin.py:190} INFO - [2025-04-23T11:17:18.674+0700] {dagbag.py:588} INFO - Filling up the DagBag from /home/minhle/mlops/dags/data_pipeline.py
[2025-04-23T11:17:19.275+0700] {processor.py:925} INFO - DAG(s) 'data_pipeline_v01' retrieved from /home/minhle/mlops/dags/data_pipeline.py
[2025-04-23T11:17:19.282+0700] {logging_mixin.py:190} INFO - [2025-04-23T11:17:19.282+0700] {dag.py:3239} INFO - Sync 1 DAGs
[2025-04-23T11:17:19.356+0700] {processor.py:208} INFO - Processing /home/minhle/mlops/dags/data_pipeline.py took 0.700 seconds
[2025-04-23T11:20:21.961+0700] {processor.py:186} INFO - Started process (PID=308656) to work on /home/minhle/mlops/dags/data_pipeline.py
[2025-04-23T11:20:21.970+0700] {processor.py:914} INFO - Processing file /home/minhle/mlops/dags/data_pipeline.py for tasks to queue
[2025-04-23T11:20:21.971+0700] {logging_mixin.py:190} INFO - [2025-04-23T11:20:21.971+0700] {dagbag.py:588} INFO - Filling up the DagBag from /home/minhle/mlops/dags/data_pipeline.py
[2025-04-23T11:20:22.592+0700] {processor.py:925} INFO - DAG(s) 'data_pipeline_v01' retrieved from /home/minhle/mlops/dags/data_pipeline.py
[2025-04-23T11:20:22.599+0700] {logging_mixin.py:190} INFO - [2025-04-23T11:20:22.599+0700] {dag.py:3239} INFO - Sync 1 DAGs
[2025-04-23T11:20:22.679+0700] {processor.py:208} INFO - Processing /home/minhle/mlops/dags/data_pipeline.py took 0.720 seconds
[2025-04-23T11:21:26.715+0700] {processor.py:186} INFO - Started process (PID=310169) to work on /home/minhle/mlops/dags/data_pipeline.py
[2025-04-23T11:21:26.723+0700] {processor.py:914} INFO - Processing file /home/minhle/mlops/dags/data_pipeline.py for tasks to queue
[2025-04-23T11:21:26.724+0700] {logging_mixin.py:190} INFO - [2025-04-23T11:21:26.723+0700] {dagbag.py:588} INFO - Filling up the DagBag from /home/minhle/mlops/dags/data_pipeline.py
[2025-04-23T11:21:27.383+0700] {processor.py:925} INFO - DAG(s) 'data_pipeline_v01' retrieved from /home/minhle/mlops/dags/data_pipeline.py
[2025-04-23T11:21:27.391+0700] {logging_mixin.py:190} INFO - [2025-04-23T11:21:27.391+0700] {dag.py:3239} INFO - Sync 1 DAGs
[2025-04-23T11:21:27.488+0700] {processor.py:208} INFO - Processing /home/minhle/mlops/dags/data_pipeline.py took 0.776 seconds
[2025-04-23T11:25:58.816+0700] {processor.py:186} INFO - Started process (PID=312953) to work on /home/minhle/mlops/dags/data_pipeline.py
[2025-04-23T11:25:58.830+0700] {processor.py:914} INFO - Processing file /home/minhle/mlops/dags/data_pipeline.py for tasks to queue
[2025-04-23T11:25:58.832+0700] {logging_mixin.py:190} INFO - [2025-04-23T11:25:58.832+0700] {dagbag.py:588} INFO - Filling up the DagBag from /home/minhle/mlops/dags/data_pipeline.py
[2025-04-23T11:25:59.461+0700] {processor.py:925} INFO - DAG(s) 'data_pipeline_v01' retrieved from /home/minhle/mlops/dags/data_pipeline.py
[2025-04-23T11:25:59.500+0700] {logging_mixin.py:190} INFO - [2025-04-23T11:25:59.500+0700] {dag.py:3239} INFO - Sync 1 DAGs
[2025-04-23T11:25:59.504+0700] {logging_mixin.py:190} INFO - [2025-04-23T11:25:59.504+0700] {dag.py:3262} INFO - Creating ORM DAG for data_pipeline_v01
[2025-04-23T11:25:59.508+0700] {logging_mixin.py:190} INFO - [2025-04-23T11:25:59.507+0700] {dag.py:4180} INFO - Setting next_dagrun for data_pipeline_v01 to 2024-10-06 00:00:00+00:00, run_after=2024-10-07 00:00:00+00:00
[2025-04-23T11:25:59.573+0700] {processor.py:208} INFO - Processing /home/minhle/mlops/dags/data_pipeline.py took 0.759 seconds
[2025-04-23T11:26:36.317+0700] {processor.py:186} INFO - Started process (PID=313718) to work on /home/minhle/mlops/dags/data_pipeline.py
[2025-04-23T11:26:36.318+0700] {processor.py:914} INFO - Processing file /home/minhle/mlops/dags/data_pipeline.py for tasks to queue
[2025-04-23T11:26:36.319+0700] {logging_mixin.py:190} INFO - [2025-04-23T11:26:36.319+0700] {dagbag.py:588} INFO - Filling up the DagBag from /home/minhle/mlops/dags/data_pipeline.py
[2025-04-23T11:26:36.950+0700] {processor.py:925} INFO - DAG(s) 'data_pipeline_v01' retrieved from /home/minhle/mlops/dags/data_pipeline.py
[2025-04-23T11:26:36.957+0700] {logging_mixin.py:190} INFO - [2025-04-23T11:26:36.957+0700] {dag.py:3239} INFO - Sync 1 DAGs
[2025-04-23T11:26:36.965+0700] {logging_mixin.py:190} INFO - [2025-04-23T11:26:36.965+0700] {dag.py:4180} INFO - Setting next_dagrun for data_pipeline_v01 to 2024-10-09 00:00:00+00:00, run_after=2024-10-10 00:00:00+00:00
[2025-04-23T11:26:37.066+0700] {processor.py:208} INFO - Processing /home/minhle/mlops/dags/data_pipeline.py took 0.751 seconds
[2025-04-23T11:27:12.148+0700] {processor.py:186} INFO - Started process (PID=314536) to work on /home/minhle/mlops/dags/data_pipeline.py
[2025-04-23T11:27:12.150+0700] {processor.py:914} INFO - Processing file /home/minhle/mlops/dags/data_pipeline.py for tasks to queue
[2025-04-23T11:27:12.152+0700] {logging_mixin.py:190} INFO - [2025-04-23T11:27:12.152+0700] {dagbag.py:588} INFO - Filling up the DagBag from /home/minhle/mlops/dags/data_pipeline.py
[2025-04-23T11:27:12.779+0700] {processor.py:925} INFO - DAG(s) 'data_pipeline_v01' retrieved from /home/minhle/mlops/dags/data_pipeline.py
[2025-04-23T11:27:12.786+0700] {logging_mixin.py:190} INFO - [2025-04-23T11:27:12.786+0700] {dag.py:3239} INFO - Sync 1 DAGs
[2025-04-23T11:27:12.794+0700] {logging_mixin.py:190} INFO - [2025-04-23T11:27:12.794+0700] {dag.py:4180} INFO - Setting next_dagrun for data_pipeline_v01 to 2024-10-13 00:00:00+00:00, run_after=2024-10-14 00:00:00+00:00
[2025-04-23T11:27:12.898+0700] {processor.py:208} INFO - Processing /home/minhle/mlops/dags/data_pipeline.py took 0.756 seconds
[2025-04-23T11:27:49.447+0700] {processor.py:186} INFO - Started process (PID=315402) to work on /home/minhle/mlops/dags/data_pipeline.py
[2025-04-23T11:27:49.448+0700] {processor.py:914} INFO - Processing file /home/minhle/mlops/dags/data_pipeline.py for tasks to queue
[2025-04-23T11:27:49.449+0700] {logging_mixin.py:190} INFO - [2025-04-23T11:27:49.449+0700] {dagbag.py:588} INFO - Filling up the DagBag from /home/minhle/mlops/dags/data_pipeline.py
[2025-04-23T11:27:50.066+0700] {processor.py:925} INFO - DAG(s) 'data_pipeline_v01' retrieved from /home/minhle/mlops/dags/data_pipeline.py
[2025-04-23T11:27:50.074+0700] {logging_mixin.py:190} INFO - [2025-04-23T11:27:50.074+0700] {dag.py:3239} INFO - Sync 1 DAGs
[2025-04-23T11:27:50.083+0700] {logging_mixin.py:190} INFO - [2025-04-23T11:27:50.083+0700] {dag.py:4180} INFO - Setting next_dagrun for data_pipeline_v01 to 2024-10-17 00:00:00+00:00, run_after=2024-10-18 00:00:00+00:00
[2025-04-23T11:27:50.242+0700] {processor.py:208} INFO - Processing /home/minhle/mlops/dags/data_pipeline.py took 0.799 seconds
[2025-04-23T11:28:26.657+0700] {processor.py:186} INFO - Started process (PID=316213) to work on /home/minhle/mlops/dags/data_pipeline.py
[2025-04-23T11:28:26.665+0700] {processor.py:914} INFO - Processing file /home/minhle/mlops/dags/data_pipeline.py for tasks to queue
[2025-04-23T11:28:26.667+0700] {logging_mixin.py:190} INFO - [2025-04-23T11:28:26.666+0700] {dagbag.py:588} INFO - Filling up the DagBag from /home/minhle/mlops/dags/data_pipeline.py
[2025-04-23T11:28:27.281+0700] {processor.py:925} INFO - DAG(s) 'data_pipeline_v01' retrieved from /home/minhle/mlops/dags/data_pipeline.py
[2025-04-23T11:28:27.288+0700] {logging_mixin.py:190} INFO - [2025-04-23T11:28:27.288+0700] {dag.py:3239} INFO - Sync 1 DAGs
[2025-04-23T11:28:27.521+0700] {processor.py:208} INFO - Processing /home/minhle/mlops/dags/data_pipeline.py took 0.867 seconds
[2025-04-23T11:29:05.391+0700] {processor.py:186} INFO - Started process (PID=317063) to work on /home/minhle/mlops/dags/data_pipeline.py
[2025-04-23T11:29:05.400+0700] {processor.py:914} INFO - Processing file /home/minhle/mlops/dags/data_pipeline.py for tasks to queue
[2025-04-23T11:29:05.404+0700] {logging_mixin.py:190} INFO - [2025-04-23T11:29:05.403+0700] {dagbag.py:588} INFO - Filling up the DagBag from /home/minhle/mlops/dags/data_pipeline.py
[2025-04-23T11:29:06.037+0700] {processor.py:925} INFO - DAG(s) 'data_pipeline_v01' retrieved from /home/minhle/mlops/dags/data_pipeline.py
[2025-04-23T11:29:06.044+0700] {logging_mixin.py:190} INFO - [2025-04-23T11:29:06.044+0700] {dag.py:3239} INFO - Sync 1 DAGs
[2025-04-23T11:29:06.052+0700] {logging_mixin.py:190} INFO - [2025-04-23T11:29:06.052+0700] {dag.py:4180} INFO - Setting next_dagrun for data_pipeline_v01 to 2024-10-24 00:00:00+00:00, run_after=2024-10-25 00:00:00+00:00
[2025-04-23T11:29:06.222+0700] {processor.py:208} INFO - Processing /home/minhle/mlops/dags/data_pipeline.py took 0.836 seconds
[2025-04-23T11:29:37.033+0700] {processor.py:186} INFO - Started process (PID=317232) to work on /home/minhle/mlops/dags/data_pipeline.py
[2025-04-23T11:29:37.034+0700] {processor.py:914} INFO - Processing file /home/minhle/mlops/dags/data_pipeline.py for tasks to queue
[2025-04-23T11:29:37.035+0700] {logging_mixin.py:190} INFO - [2025-04-23T11:29:37.035+0700] {dagbag.py:588} INFO - Filling up the DagBag from /home/minhle/mlops/dags/data_pipeline.py
[2025-04-23T11:29:37.658+0700] {processor.py:925} INFO - DAG(s) 'data_pipeline_v01' retrieved from /home/minhle/mlops/dags/data_pipeline.py
[2025-04-23T11:29:37.665+0700] {logging_mixin.py:190} INFO - [2025-04-23T11:29:37.665+0700] {dag.py:3239} INFO - Sync 1 DAGs
[2025-04-23T11:29:37.674+0700] {logging_mixin.py:190} INFO - [2025-04-23T11:29:37.673+0700] {dag.py:4180} INFO - Setting next_dagrun for data_pipeline_v01 to 2024-10-25 00:00:00+00:00, run_after=2024-10-26 00:00:00+00:00
[2025-04-23T11:29:37.768+0700] {processor.py:208} INFO - Processing /home/minhle/mlops/dags/data_pipeline.py took 0.739 seconds
[2025-04-23T11:30:08.315+0700] {processor.py:186} INFO - Started process (PID=317298) to work on /home/minhle/mlops/dags/data_pipeline.py
[2025-04-23T11:30:08.318+0700] {processor.py:914} INFO - Processing file /home/minhle/mlops/dags/data_pipeline.py for tasks to queue
[2025-04-23T11:30:08.321+0700] {logging_mixin.py:190} INFO - [2025-04-23T11:30:08.320+0700] {dagbag.py:588} INFO - Filling up the DagBag from /home/minhle/mlops/dags/data_pipeline.py
[2025-04-23T11:30:08.948+0700] {processor.py:925} INFO - DAG(s) 'data_pipeline_v01' retrieved from /home/minhle/mlops/dags/data_pipeline.py
[2025-04-23T11:30:08.955+0700] {logging_mixin.py:190} INFO - [2025-04-23T11:30:08.955+0700] {dag.py:3239} INFO - Sync 1 DAGs
[2025-04-23T11:30:08.963+0700] {logging_mixin.py:190} INFO - [2025-04-23T11:30:08.963+0700] {dag.py:4180} INFO - Setting next_dagrun for data_pipeline_v01 to 2024-10-25 00:00:00+00:00, run_after=2024-10-26 00:00:00+00:00
[2025-04-23T11:30:09.053+0700] {processor.py:208} INFO - Processing /home/minhle/mlops/dags/data_pipeline.py took 0.750 seconds
[2025-04-23T11:30:39.165+0700] {processor.py:186} INFO - Started process (PID=317353) to work on /home/minhle/mlops/dags/data_pipeline.py
[2025-04-23T11:30:39.173+0700] {processor.py:914} INFO - Processing file /home/minhle/mlops/dags/data_pipeline.py for tasks to queue
[2025-04-23T11:30:39.177+0700] {logging_mixin.py:190} INFO - [2025-04-23T11:30:39.176+0700] {dagbag.py:588} INFO - Filling up the DagBag from /home/minhle/mlops/dags/data_pipeline.py
[2025-04-23T11:30:39.779+0700] {processor.py:925} INFO - DAG(s) 'data_pipeline_v01' retrieved from /home/minhle/mlops/dags/data_pipeline.py
[2025-04-23T11:30:39.786+0700] {logging_mixin.py:190} INFO - [2025-04-23T11:30:39.786+0700] {dag.py:3239} INFO - Sync 1 DAGs
[2025-04-23T11:30:39.794+0700] {logging_mixin.py:190} INFO - [2025-04-23T11:30:39.794+0700] {dag.py:4180} INFO - Setting next_dagrun for data_pipeline_v01 to 2024-10-25 00:00:00+00:00, run_after=2024-10-26 00:00:00+00:00
[2025-04-23T11:30:39.886+0700] {processor.py:208} INFO - Processing /home/minhle/mlops/dags/data_pipeline.py took 0.728 seconds
[2025-04-23T11:31:10.081+0700] {processor.py:186} INFO - Started process (PID=317451) to work on /home/minhle/mlops/dags/data_pipeline.py
[2025-04-23T11:31:10.091+0700] {processor.py:914} INFO - Processing file /home/minhle/mlops/dags/data_pipeline.py for tasks to queue
[2025-04-23T11:31:10.092+0700] {logging_mixin.py:190} INFO - [2025-04-23T11:31:10.092+0700] {dagbag.py:588} INFO - Filling up the DagBag from /home/minhle/mlops/dags/data_pipeline.py
[2025-04-23T11:31:10.719+0700] {processor.py:925} INFO - DAG(s) 'data_pipeline_v01' retrieved from /home/minhle/mlops/dags/data_pipeline.py
[2025-04-23T11:31:10.727+0700] {logging_mixin.py:190} INFO - [2025-04-23T11:31:10.727+0700] {dag.py:3239} INFO - Sync 1 DAGs
[2025-04-23T11:31:10.735+0700] {logging_mixin.py:190} INFO - [2025-04-23T11:31:10.735+0700] {dag.py:4180} INFO - Setting next_dagrun for data_pipeline_v01 to 2024-10-25 00:00:00+00:00, run_after=2024-10-26 00:00:00+00:00
[2025-04-23T11:31:10.816+0700] {processor.py:208} INFO - Processing /home/minhle/mlops/dags/data_pipeline.py took 0.740 seconds
[2025-04-23T11:31:41.021+0700] {processor.py:186} INFO - Started process (PID=317516) to work on /home/minhle/mlops/dags/data_pipeline.py
[2025-04-23T11:31:41.032+0700] {processor.py:914} INFO - Processing file /home/minhle/mlops/dags/data_pipeline.py for tasks to queue
[2025-04-23T11:31:41.036+0700] {logging_mixin.py:190} INFO - [2025-04-23T11:31:41.035+0700] {dagbag.py:588} INFO - Filling up the DagBag from /home/minhle/mlops/dags/data_pipeline.py
[2025-04-23T11:31:41.663+0700] {processor.py:925} INFO - DAG(s) 'data_pipeline_v01' retrieved from /home/minhle/mlops/dags/data_pipeline.py
[2025-04-23T11:31:41.671+0700] {logging_mixin.py:190} INFO - [2025-04-23T11:31:41.671+0700] {dag.py:3239} INFO - Sync 1 DAGs
[2025-04-23T11:31:41.678+0700] {logging_mixin.py:190} INFO - [2025-04-23T11:31:41.678+0700] {dag.py:4180} INFO - Setting next_dagrun for data_pipeline_v01 to 2024-10-25 00:00:00+00:00, run_after=2024-10-26 00:00:00+00:00
[2025-04-23T11:31:41.770+0700] {processor.py:208} INFO - Processing /home/minhle/mlops/dags/data_pipeline.py took 0.757 seconds
[2025-04-23T11:32:11.938+0700] {processor.py:186} INFO - Started process (PID=317581) to work on /home/minhle/mlops/dags/data_pipeline.py
[2025-04-23T11:32:11.951+0700] {processor.py:914} INFO - Processing file /home/minhle/mlops/dags/data_pipeline.py for tasks to queue
[2025-04-23T11:32:11.956+0700] {logging_mixin.py:190} INFO - [2025-04-23T11:32:11.954+0700] {dagbag.py:588} INFO - Filling up the DagBag from /home/minhle/mlops/dags/data_pipeline.py
[2025-04-23T11:32:12.565+0700] {processor.py:925} INFO - DAG(s) 'data_pipeline_v01' retrieved from /home/minhle/mlops/dags/data_pipeline.py
[2025-04-23T11:32:12.572+0700] {logging_mixin.py:190} INFO - [2025-04-23T11:32:12.571+0700] {dag.py:3239} INFO - Sync 1 DAGs
[2025-04-23T11:32:12.579+0700] {logging_mixin.py:190} INFO - [2025-04-23T11:32:12.579+0700] {dag.py:4180} INFO - Setting next_dagrun for data_pipeline_v01 to 2024-10-25 00:00:00+00:00, run_after=2024-10-26 00:00:00+00:00
[2025-04-23T11:32:12.667+0700] {processor.py:208} INFO - Processing /home/minhle/mlops/dags/data_pipeline.py took 0.739 seconds
[2025-04-23T11:32:42.908+0700] {processor.py:186} INFO - Started process (PID=317656) to work on /home/minhle/mlops/dags/data_pipeline.py
[2025-04-23T11:32:42.962+0700] {processor.py:914} INFO - Processing file /home/minhle/mlops/dags/data_pipeline.py for tasks to queue
[2025-04-23T11:32:42.968+0700] {logging_mixin.py:190} INFO - [2025-04-23T11:32:42.967+0700] {dagbag.py:588} INFO - Filling up the DagBag from /home/minhle/mlops/dags/data_pipeline.py
[2025-04-23T11:32:43.661+0700] {processor.py:925} INFO - DAG(s) 'data_pipeline_v01' retrieved from /home/minhle/mlops/dags/data_pipeline.py
[2025-04-23T11:32:43.668+0700] {logging_mixin.py:190} INFO - [2025-04-23T11:32:43.668+0700] {dag.py:3239} INFO - Sync 1 DAGs
[2025-04-23T11:32:43.676+0700] {logging_mixin.py:190} INFO - [2025-04-23T11:32:43.676+0700] {dag.py:4180} INFO - Setting next_dagrun for data_pipeline_v01 to 2024-10-25 00:00:00+00:00, run_after=2024-10-26 00:00:00+00:00
[2025-04-23T11:32:43.742+0700] {processor.py:208} INFO - Processing /home/minhle/mlops/dags/data_pipeline.py took 0.838 seconds
[2025-04-23T11:33:14.028+0700] {processor.py:186} INFO - Started process (PID=317720) to work on /home/minhle/mlops/dags/data_pipeline.py
[2025-04-23T11:33:14.176+0700] {processor.py:914} INFO - Processing file /home/minhle/mlops/dags/data_pipeline.py for tasks to queue
[2025-04-23T11:33:14.180+0700] {logging_mixin.py:190} INFO - [2025-04-23T11:33:14.179+0700] {dagbag.py:588} INFO - Filling up the DagBag from /home/minhle/mlops/dags/data_pipeline.py
[2025-04-23T11:33:14.794+0700] {processor.py:925} INFO - DAG(s) 'data_pipeline_v01' retrieved from /home/minhle/mlops/dags/data_pipeline.py
[2025-04-23T11:33:14.801+0700] {logging_mixin.py:190} INFO - [2025-04-23T11:33:14.800+0700] {dag.py:3239} INFO - Sync 1 DAGs
[2025-04-23T11:33:14.808+0700] {logging_mixin.py:190} INFO - [2025-04-23T11:33:14.808+0700] {dag.py:4180} INFO - Setting next_dagrun for data_pipeline_v01 to 2024-10-25 00:00:00+00:00, run_after=2024-10-26 00:00:00+00:00
[2025-04-23T11:33:15.421+0700] {processor.py:208} INFO - Processing /home/minhle/mlops/dags/data_pipeline.py took 1.401 seconds
[2025-04-23T11:33:45.573+0700] {processor.py:186} INFO - Started process (PID=317789) to work on /home/minhle/mlops/dags/data_pipeline.py
[2025-04-23T11:33:45.599+0700] {processor.py:914} INFO - Processing file /home/minhle/mlops/dags/data_pipeline.py for tasks to queue
[2025-04-23T11:33:45.603+0700] {logging_mixin.py:190} INFO - [2025-04-23T11:33:45.602+0700] {dagbag.py:588} INFO - Filling up the DagBag from /home/minhle/mlops/dags/data_pipeline.py
[2025-04-23T11:33:46.282+0700] {processor.py:925} INFO - DAG(s) 'data_pipeline_v01' retrieved from /home/minhle/mlops/dags/data_pipeline.py
[2025-04-23T11:33:46.289+0700] {logging_mixin.py:190} INFO - [2025-04-23T11:33:46.288+0700] {dag.py:3239} INFO - Sync 1 DAGs
[2025-04-23T11:33:46.297+0700] {logging_mixin.py:190} INFO - [2025-04-23T11:33:46.297+0700] {dag.py:4180} INFO - Setting next_dagrun for data_pipeline_v01 to 2024-10-25 00:00:00+00:00, run_after=2024-10-26 00:00:00+00:00
[2025-04-23T11:33:46.402+0700] {processor.py:208} INFO - Processing /home/minhle/mlops/dags/data_pipeline.py took 0.835 seconds
[2025-04-23T11:34:16.610+0700] {processor.py:186} INFO - Started process (PID=317850) to work on /home/minhle/mlops/dags/data_pipeline.py
[2025-04-23T11:34:16.612+0700] {processor.py:914} INFO - Processing file /home/minhle/mlops/dags/data_pipeline.py for tasks to queue
[2025-04-23T11:34:16.615+0700] {logging_mixin.py:190} INFO - [2025-04-23T11:34:16.615+0700] {dagbag.py:588} INFO - Filling up the DagBag from /home/minhle/mlops/dags/data_pipeline.py
[2025-04-23T11:34:17.249+0700] {processor.py:925} INFO - DAG(s) 'data_pipeline_v01' retrieved from /home/minhle/mlops/dags/data_pipeline.py
[2025-04-23T11:34:17.255+0700] {logging_mixin.py:190} INFO - [2025-04-23T11:34:17.255+0700] {dag.py:3239} INFO - Sync 1 DAGs
[2025-04-23T11:34:17.263+0700] {logging_mixin.py:190} INFO - [2025-04-23T11:34:17.263+0700] {dag.py:4180} INFO - Setting next_dagrun for data_pipeline_v01 to 2024-10-25 00:00:00+00:00, run_after=2024-10-26 00:00:00+00:00
[2025-04-23T11:34:17.336+0700] {processor.py:208} INFO - Processing /home/minhle/mlops/dags/data_pipeline.py took 0.736 seconds
[2025-04-23T11:34:47.510+0700] {processor.py:186} INFO - Started process (PID=317949) to work on /home/minhle/mlops/dags/data_pipeline.py
[2025-04-23T11:34:47.510+0700] {processor.py:914} INFO - Processing file /home/minhle/mlops/dags/data_pipeline.py for tasks to queue
[2025-04-23T11:34:47.512+0700] {logging_mixin.py:190} INFO - [2025-04-23T11:34:47.511+0700] {dagbag.py:588} INFO - Filling up the DagBag from /home/minhle/mlops/dags/data_pipeline.py
[2025-04-23T11:34:48.129+0700] {processor.py:925} INFO - DAG(s) 'data_pipeline_v01' retrieved from /home/minhle/mlops/dags/data_pipeline.py
[2025-04-23T11:34:48.136+0700] {logging_mixin.py:190} INFO - [2025-04-23T11:34:48.136+0700] {dag.py:3239} INFO - Sync 1 DAGs
[2025-04-23T11:34:48.145+0700] {logging_mixin.py:190} INFO - [2025-04-23T11:34:48.145+0700] {dag.py:4180} INFO - Setting next_dagrun for data_pipeline_v01 to 2024-10-25 00:00:00+00:00, run_after=2024-10-26 00:00:00+00:00
[2025-04-23T11:34:48.233+0700] {processor.py:208} INFO - Processing /home/minhle/mlops/dags/data_pipeline.py took 0.727 seconds
[2025-04-23T11:35:18.409+0700] {processor.py:186} INFO - Started process (PID=318034) to work on /home/minhle/mlops/dags/data_pipeline.py
[2025-04-23T11:35:18.409+0700] {processor.py:914} INFO - Processing file /home/minhle/mlops/dags/data_pipeline.py for tasks to queue
[2025-04-23T11:35:18.410+0700] {logging_mixin.py:190} INFO - [2025-04-23T11:35:18.410+0700] {dagbag.py:588} INFO - Filling up the DagBag from /home/minhle/mlops/dags/data_pipeline.py
[2025-04-23T11:35:19.098+0700] {processor.py:925} INFO - DAG(s) 'data_pipeline_v01' retrieved from /home/minhle/mlops/dags/data_pipeline.py
[2025-04-23T11:35:19.106+0700] {logging_mixin.py:190} INFO - [2025-04-23T11:35:19.105+0700] {dag.py:3239} INFO - Sync 1 DAGs
[2025-04-23T11:35:19.114+0700] {logging_mixin.py:190} INFO - [2025-04-23T11:35:19.114+0700] {dag.py:4180} INFO - Setting next_dagrun for data_pipeline_v01 to 2024-10-25 00:00:00+00:00, run_after=2024-10-26 00:00:00+00:00
[2025-04-23T11:35:19.203+0700] {processor.py:208} INFO - Processing /home/minhle/mlops/dags/data_pipeline.py took 0.797 seconds
[2025-04-23T11:35:49.363+0700] {processor.py:186} INFO - Started process (PID=318101) to work on /home/minhle/mlops/dags/data_pipeline.py
[2025-04-23T11:35:49.365+0700] {processor.py:914} INFO - Processing file /home/minhle/mlops/dags/data_pipeline.py for tasks to queue
[2025-04-23T11:35:49.367+0700] {logging_mixin.py:190} INFO - [2025-04-23T11:35:49.366+0700] {dagbag.py:588} INFO - Filling up the DagBag from /home/minhle/mlops/dags/data_pipeline.py
[2025-04-23T11:35:50.016+0700] {processor.py:925} INFO - DAG(s) 'data_pipeline_v01' retrieved from /home/minhle/mlops/dags/data_pipeline.py
[2025-04-23T11:35:50.023+0700] {logging_mixin.py:190} INFO - [2025-04-23T11:35:50.023+0700] {dag.py:3239} INFO - Sync 1 DAGs
[2025-04-23T11:35:50.030+0700] {logging_mixin.py:190} INFO - [2025-04-23T11:35:50.030+0700] {dag.py:4180} INFO - Setting next_dagrun for data_pipeline_v01 to 2024-10-25 00:00:00+00:00, run_after=2024-10-26 00:00:00+00:00
[2025-04-23T11:35:50.092+0700] {processor.py:208} INFO - Processing /home/minhle/mlops/dags/data_pipeline.py took 0.739 seconds
[2025-04-23T11:36:20.361+0700] {processor.py:186} INFO - Started process (PID=318195) to work on /home/minhle/mlops/dags/data_pipeline.py
[2025-04-23T11:36:20.363+0700] {processor.py:914} INFO - Processing file /home/minhle/mlops/dags/data_pipeline.py for tasks to queue
[2025-04-23T11:36:20.367+0700] {logging_mixin.py:190} INFO - [2025-04-23T11:36:20.366+0700] {dagbag.py:588} INFO - Filling up the DagBag from /home/minhle/mlops/dags/data_pipeline.py
[2025-04-23T11:36:20.996+0700] {processor.py:925} INFO - DAG(s) 'data_pipeline_v01' retrieved from /home/minhle/mlops/dags/data_pipeline.py
[2025-04-23T11:36:21.003+0700] {logging_mixin.py:190} INFO - [2025-04-23T11:36:21.003+0700] {dag.py:3239} INFO - Sync 1 DAGs
[2025-04-23T11:36:21.011+0700] {logging_mixin.py:190} INFO - [2025-04-23T11:36:21.011+0700] {dag.py:4180} INFO - Setting next_dagrun for data_pipeline_v01 to 2024-10-25 00:00:00+00:00, run_after=2024-10-26 00:00:00+00:00
[2025-04-23T11:36:21.960+0700] {processor.py:208} INFO - Processing /home/minhle/mlops/dags/data_pipeline.py took 1.609 seconds
[2025-04-23T11:36:52.360+0700] {processor.py:186} INFO - Started process (PID=318285) to work on /home/minhle/mlops/dags/data_pipeline.py
[2025-04-23T11:36:52.360+0700] {processor.py:914} INFO - Processing file /home/minhle/mlops/dags/data_pipeline.py for tasks to queue
[2025-04-23T11:36:52.362+0700] {logging_mixin.py:190} INFO - [2025-04-23T11:36:52.361+0700] {dagbag.py:588} INFO - Filling up the DagBag from /home/minhle/mlops/dags/data_pipeline.py
[2025-04-23T11:36:53.161+0700] {processor.py:925} INFO - DAG(s) 'data_pipeline_v01' retrieved from /home/minhle/mlops/dags/data_pipeline.py
[2025-04-23T11:36:53.169+0700] {logging_mixin.py:190} INFO - [2025-04-23T11:36:53.168+0700] {dag.py:3239} INFO - Sync 1 DAGs
[2025-04-23T11:36:53.180+0700] {logging_mixin.py:190} INFO - [2025-04-23T11:36:53.180+0700] {dag.py:4180} INFO - Setting next_dagrun for data_pipeline_v01 to 2024-10-25 00:00:00+00:00, run_after=2024-10-26 00:00:00+00:00
[2025-04-23T11:36:53.246+0700] {processor.py:208} INFO - Processing /home/minhle/mlops/dags/data_pipeline.py took 0.889 seconds
[2025-04-23T11:37:23.418+0700] {processor.py:186} INFO - Started process (PID=318349) to work on /home/minhle/mlops/dags/data_pipeline.py
[2025-04-23T11:37:23.419+0700] {processor.py:914} INFO - Processing file /home/minhle/mlops/dags/data_pipeline.py for tasks to queue
[2025-04-23T11:37:23.422+0700] {logging_mixin.py:190} INFO - [2025-04-23T11:37:23.421+0700] {dagbag.py:588} INFO - Filling up the DagBag from /home/minhle/mlops/dags/data_pipeline.py
[2025-04-23T11:37:24.031+0700] {processor.py:925} INFO - DAG(s) 'data_pipeline_v01' retrieved from /home/minhle/mlops/dags/data_pipeline.py
[2025-04-23T11:37:24.038+0700] {logging_mixin.py:190} INFO - [2025-04-23T11:37:24.038+0700] {dag.py:3239} INFO - Sync 1 DAGs
[2025-04-23T11:37:24.046+0700] {logging_mixin.py:190} INFO - [2025-04-23T11:37:24.046+0700] {dag.py:4180} INFO - Setting next_dagrun for data_pipeline_v01 to 2024-10-25 00:00:00+00:00, run_after=2024-10-26 00:00:00+00:00
[2025-04-23T11:37:24.139+0700] {processor.py:208} INFO - Processing /home/minhle/mlops/dags/data_pipeline.py took 0.729 seconds
[2025-04-23T11:37:54.314+0700] {processor.py:186} INFO - Started process (PID=318424) to work on /home/minhle/mlops/dags/data_pipeline.py
[2025-04-23T11:37:54.315+0700] {processor.py:914} INFO - Processing file /home/minhle/mlops/dags/data_pipeline.py for tasks to queue
[2025-04-23T11:37:54.317+0700] {logging_mixin.py:190} INFO - [2025-04-23T11:37:54.317+0700] {dagbag.py:588} INFO - Filling up the DagBag from /home/minhle/mlops/dags/data_pipeline.py
[2025-04-23T11:37:54.903+0700] {processor.py:925} INFO - DAG(s) 'data_pipeline_v01' retrieved from /home/minhle/mlops/dags/data_pipeline.py
[2025-04-23T11:37:54.910+0700] {logging_mixin.py:190} INFO - [2025-04-23T11:37:54.910+0700] {dag.py:3239} INFO - Sync 1 DAGs
[2025-04-23T11:37:54.917+0700] {logging_mixin.py:190} INFO - [2025-04-23T11:37:54.917+0700] {dag.py:4180} INFO - Setting next_dagrun for data_pipeline_v01 to 2024-10-25 00:00:00+00:00, run_after=2024-10-26 00:00:00+00:00
[2025-04-23T11:37:55.677+0700] {processor.py:208} INFO - Processing /home/minhle/mlops/dags/data_pipeline.py took 1.369 seconds
[2025-04-23T11:38:25.800+0700] {processor.py:186} INFO - Started process (PID=318506) to work on /home/minhle/mlops/dags/data_pipeline.py
[2025-04-23T11:38:25.801+0700] {processor.py:914} INFO - Processing file /home/minhle/mlops/dags/data_pipeline.py for tasks to queue
[2025-04-23T11:38:25.803+0700] {logging_mixin.py:190} INFO - [2025-04-23T11:38:25.803+0700] {dagbag.py:588} INFO - Filling up the DagBag from /home/minhle/mlops/dags/data_pipeline.py
[2025-04-23T11:38:26.444+0700] {processor.py:925} INFO - DAG(s) 'data_pipeline_v01' retrieved from /home/minhle/mlops/dags/data_pipeline.py
[2025-04-23T11:38:26.451+0700] {logging_mixin.py:190} INFO - [2025-04-23T11:38:26.451+0700] {dag.py:3239} INFO - Sync 1 DAGs
[2025-04-23T11:38:26.460+0700] {logging_mixin.py:190} INFO - [2025-04-23T11:38:26.460+0700] {dag.py:4180} INFO - Setting next_dagrun for data_pipeline_v01 to 2024-10-25 00:00:00+00:00, run_after=2024-10-26 00:00:00+00:00
[2025-04-23T11:38:26.576+0700] {processor.py:208} INFO - Processing /home/minhle/mlops/dags/data_pipeline.py took 0.783 seconds
[2025-04-23T11:38:56.694+0700] {processor.py:186} INFO - Started process (PID=318554) to work on /home/minhle/mlops/dags/data_pipeline.py
[2025-04-23T11:38:56.695+0700] {processor.py:914} INFO - Processing file /home/minhle/mlops/dags/data_pipeline.py for tasks to queue
[2025-04-23T11:38:56.697+0700] {logging_mixin.py:190} INFO - [2025-04-23T11:38:56.697+0700] {dagbag.py:588} INFO - Filling up the DagBag from /home/minhle/mlops/dags/data_pipeline.py
[2025-04-23T11:38:57.294+0700] {processor.py:925} INFO - DAG(s) 'data_pipeline_v01' retrieved from /home/minhle/mlops/dags/data_pipeline.py
[2025-04-23T11:38:57.301+0700] {logging_mixin.py:190} INFO - [2025-04-23T11:38:57.300+0700] {dag.py:3239} INFO - Sync 1 DAGs
[2025-04-23T11:38:57.309+0700] {logging_mixin.py:190} INFO - [2025-04-23T11:38:57.308+0700] {dag.py:4180} INFO - Setting next_dagrun for data_pipeline_v01 to 2024-10-25 00:00:00+00:00, run_after=2024-10-26 00:00:00+00:00
[2025-04-23T11:38:57.399+0700] {processor.py:208} INFO - Processing /home/minhle/mlops/dags/data_pipeline.py took 0.709 seconds
[2025-04-23T11:39:27.586+0700] {processor.py:186} INFO - Started process (PID=318640) to work on /home/minhle/mlops/dags/data_pipeline.py
[2025-04-23T11:39:27.588+0700] {processor.py:914} INFO - Processing file /home/minhle/mlops/dags/data_pipeline.py for tasks to queue
[2025-04-23T11:39:27.590+0700] {logging_mixin.py:190} INFO - [2025-04-23T11:39:27.590+0700] {dagbag.py:588} INFO - Filling up the DagBag from /home/minhle/mlops/dags/data_pipeline.py
[2025-04-23T11:39:28.170+0700] {processor.py:925} INFO - DAG(s) 'data_pipeline_v01' retrieved from /home/minhle/mlops/dags/data_pipeline.py
[2025-04-23T11:39:28.176+0700] {logging_mixin.py:190} INFO - [2025-04-23T11:39:28.176+0700] {dag.py:3239} INFO - Sync 1 DAGs
[2025-04-23T11:39:28.184+0700] {logging_mixin.py:190} INFO - [2025-04-23T11:39:28.184+0700] {dag.py:4180} INFO - Setting next_dagrun for data_pipeline_v01 to 2024-10-25 00:00:00+00:00, run_after=2024-10-26 00:00:00+00:00
[2025-04-23T11:39:28.275+0700] {processor.py:208} INFO - Processing /home/minhle/mlops/dags/data_pipeline.py took 0.699 seconds
[2025-04-23T11:39:58.371+0700] {processor.py:186} INFO - Started process (PID=318704) to work on /home/minhle/mlops/dags/data_pipeline.py
[2025-04-23T11:39:58.372+0700] {processor.py:914} INFO - Processing file /home/minhle/mlops/dags/data_pipeline.py for tasks to queue
[2025-04-23T11:39:58.374+0700] {logging_mixin.py:190} INFO - [2025-04-23T11:39:58.373+0700] {dagbag.py:588} INFO - Filling up the DagBag from /home/minhle/mlops/dags/data_pipeline.py
[2025-04-23T11:39:58.949+0700] {processor.py:925} INFO - DAG(s) 'data_pipeline_v01' retrieved from /home/minhle/mlops/dags/data_pipeline.py
[2025-04-23T11:39:58.956+0700] {logging_mixin.py:190} INFO - [2025-04-23T11:39:58.955+0700] {dag.py:3239} INFO - Sync 1 DAGs
[2025-04-23T11:39:58.964+0700] {logging_mixin.py:190} INFO - [2025-04-23T11:39:58.964+0700] {dag.py:4180} INFO - Setting next_dagrun for data_pipeline_v01 to 2024-10-25 00:00:00+00:00, run_after=2024-10-26 00:00:00+00:00
[2025-04-23T11:39:59.055+0700] {processor.py:208} INFO - Processing /home/minhle/mlops/dags/data_pipeline.py took 0.690 seconds
[2025-04-23T11:40:29.150+0700] {processor.py:186} INFO - Started process (PID=318769) to work on /home/minhle/mlops/dags/data_pipeline.py
[2025-04-23T11:40:29.151+0700] {processor.py:914} INFO - Processing file /home/minhle/mlops/dags/data_pipeline.py for tasks to queue
[2025-04-23T11:40:29.153+0700] {logging_mixin.py:190} INFO - [2025-04-23T11:40:29.152+0700] {dagbag.py:588} INFO - Filling up the DagBag from /home/minhle/mlops/dags/data_pipeline.py
[2025-04-23T11:40:29.747+0700] {processor.py:925} INFO - DAG(s) 'data_pipeline_v01' retrieved from /home/minhle/mlops/dags/data_pipeline.py
[2025-04-23T11:40:29.754+0700] {logging_mixin.py:190} INFO - [2025-04-23T11:40:29.754+0700] {dag.py:3239} INFO - Sync 1 DAGs
[2025-04-23T11:40:29.762+0700] {logging_mixin.py:190} INFO - [2025-04-23T11:40:29.762+0700] {dag.py:4180} INFO - Setting next_dagrun for data_pipeline_v01 to 2024-10-25 00:00:00+00:00, run_after=2024-10-26 00:00:00+00:00
[2025-04-23T11:40:29.855+0700] {processor.py:208} INFO - Processing /home/minhle/mlops/dags/data_pipeline.py took 0.710 seconds
[2025-04-23T11:41:00.026+0700] {processor.py:186} INFO - Started process (PID=318858) to work on /home/minhle/mlops/dags/data_pipeline.py
[2025-04-23T11:41:00.028+0700] {processor.py:914} INFO - Processing file /home/minhle/mlops/dags/data_pipeline.py for tasks to queue
[2025-04-23T11:41:00.030+0700] {logging_mixin.py:190} INFO - [2025-04-23T11:41:00.029+0700] {dagbag.py:588} INFO - Filling up the DagBag from /home/minhle/mlops/dags/data_pipeline.py
[2025-04-23T11:41:00.615+0700] {processor.py:925} INFO - DAG(s) 'data_pipeline_v01' retrieved from /home/minhle/mlops/dags/data_pipeline.py
[2025-04-23T11:41:00.622+0700] {logging_mixin.py:190} INFO - [2025-04-23T11:41:00.622+0700] {dag.py:3239} INFO - Sync 1 DAGs
[2025-04-23T11:41:00.630+0700] {logging_mixin.py:190} INFO - [2025-04-23T11:41:00.629+0700] {dag.py:4180} INFO - Setting next_dagrun for data_pipeline_v01 to 2024-10-25 00:00:00+00:00, run_after=2024-10-26 00:00:00+00:00
[2025-04-23T11:41:00.719+0700] {processor.py:208} INFO - Processing /home/minhle/mlops/dags/data_pipeline.py took 0.698 seconds
[2025-04-23T11:41:30.895+0700] {processor.py:186} INFO - Started process (PID=318935) to work on /home/minhle/mlops/dags/data_pipeline.py
[2025-04-23T11:41:30.897+0700] {processor.py:914} INFO - Processing file /home/minhle/mlops/dags/data_pipeline.py for tasks to queue
[2025-04-23T11:41:30.899+0700] {logging_mixin.py:190} INFO - [2025-04-23T11:41:30.898+0700] {dagbag.py:588} INFO - Filling up the DagBag from /home/minhle/mlops/dags/data_pipeline.py
[2025-04-23T11:41:31.481+0700] {processor.py:925} INFO - DAG(s) 'data_pipeline_v01' retrieved from /home/minhle/mlops/dags/data_pipeline.py
[2025-04-23T11:41:31.488+0700] {logging_mixin.py:190} INFO - [2025-04-23T11:41:31.487+0700] {dag.py:3239} INFO - Sync 1 DAGs
[2025-04-23T11:41:31.495+0700] {logging_mixin.py:190} INFO - [2025-04-23T11:41:31.495+0700] {dag.py:4180} INFO - Setting next_dagrun for data_pipeline_v01 to 2024-10-25 00:00:00+00:00, run_after=2024-10-26 00:00:00+00:00
[2025-04-23T11:41:31.655+0700] {processor.py:208} INFO - Processing /home/minhle/mlops/dags/data_pipeline.py took 0.770 seconds
[2025-04-23T11:42:01.768+0700] {processor.py:186} INFO - Started process (PID=319000) to work on /home/minhle/mlops/dags/data_pipeline.py
[2025-04-23T11:42:01.769+0700] {processor.py:914} INFO - Processing file /home/minhle/mlops/dags/data_pipeline.py for tasks to queue
[2025-04-23T11:42:01.772+0700] {logging_mixin.py:190} INFO - [2025-04-23T11:42:01.771+0700] {dagbag.py:588} INFO - Filling up the DagBag from /home/minhle/mlops/dags/data_pipeline.py
[2025-04-23T11:42:02.417+0700] {processor.py:925} INFO - DAG(s) 'data_pipeline_v01' retrieved from /home/minhle/mlops/dags/data_pipeline.py
[2025-04-23T11:42:02.424+0700] {logging_mixin.py:190} INFO - [2025-04-23T11:42:02.424+0700] {dag.py:3239} INFO - Sync 1 DAGs
[2025-04-23T11:42:02.432+0700] {logging_mixin.py:190} INFO - [2025-04-23T11:42:02.432+0700] {dag.py:4180} INFO - Setting next_dagrun for data_pipeline_v01 to 2024-10-25 00:00:00+00:00, run_after=2024-10-26 00:00:00+00:00
[2025-04-23T11:42:02.504+0700] {processor.py:208} INFO - Processing /home/minhle/mlops/dags/data_pipeline.py took 0.739 seconds
[2025-04-23T11:42:32.681+0700] {processor.py:186} INFO - Started process (PID=319065) to work on /home/minhle/mlops/dags/data_pipeline.py
[2025-04-23T11:42:32.684+0700] {processor.py:914} INFO - Processing file /home/minhle/mlops/dags/data_pipeline.py for tasks to queue
[2025-04-23T11:42:32.688+0700] {logging_mixin.py:190} INFO - [2025-04-23T11:42:32.687+0700] {dagbag.py:588} INFO - Filling up the DagBag from /home/minhle/mlops/dags/data_pipeline.py
[2025-04-23T11:42:33.271+0700] {processor.py:925} INFO - DAG(s) 'data_pipeline_v01' retrieved from /home/minhle/mlops/dags/data_pipeline.py
[2025-04-23T11:42:33.278+0700] {logging_mixin.py:190} INFO - [2025-04-23T11:42:33.278+0700] {dag.py:3239} INFO - Sync 1 DAGs
[2025-04-23T11:42:33.286+0700] {logging_mixin.py:190} INFO - [2025-04-23T11:42:33.286+0700] {dag.py:4180} INFO - Setting next_dagrun for data_pipeline_v01 to 2024-10-25 00:00:00+00:00, run_after=2024-10-26 00:00:00+00:00
[2025-04-23T11:42:33.372+0700] {processor.py:208} INFO - Processing /home/minhle/mlops/dags/data_pipeline.py took 0.700 seconds
[2025-04-23T11:43:03.476+0700] {processor.py:186} INFO - Started process (PID=319129) to work on /home/minhle/mlops/dags/data_pipeline.py
[2025-04-23T11:43:03.477+0700] {processor.py:914} INFO - Processing file /home/minhle/mlops/dags/data_pipeline.py for tasks to queue
[2025-04-23T11:43:03.479+0700] {logging_mixin.py:190} INFO - [2025-04-23T11:43:03.479+0700] {dagbag.py:588} INFO - Filling up the DagBag from /home/minhle/mlops/dags/data_pipeline.py
[2025-04-23T11:43:04.061+0700] {processor.py:925} INFO - DAG(s) 'data_pipeline_v01' retrieved from /home/minhle/mlops/dags/data_pipeline.py
[2025-04-23T11:43:04.067+0700] {logging_mixin.py:190} INFO - [2025-04-23T11:43:04.067+0700] {dag.py:3239} INFO - Sync 1 DAGs
[2025-04-23T11:43:04.076+0700] {logging_mixin.py:190} INFO - [2025-04-23T11:43:04.076+0700] {dag.py:4180} INFO - Setting next_dagrun for data_pipeline_v01 to 2024-10-25 00:00:00+00:00, run_after=2024-10-26 00:00:00+00:00
[2025-04-23T11:43:04.177+0700] {processor.py:208} INFO - Processing /home/minhle/mlops/dags/data_pipeline.py took 0.711 seconds
[2025-04-23T11:43:34.410+0700] {processor.py:186} INFO - Started process (PID=319203) to work on /home/minhle/mlops/dags/data_pipeline.py
[2025-04-23T11:43:34.412+0700] {processor.py:914} INFO - Processing file /home/minhle/mlops/dags/data_pipeline.py for tasks to queue
[2025-04-23T11:43:34.414+0700] {logging_mixin.py:190} INFO - [2025-04-23T11:43:34.414+0700] {dagbag.py:588} INFO - Filling up the DagBag from /home/minhle/mlops/dags/data_pipeline.py
[2025-04-23T11:43:34.977+0700] {processor.py:925} INFO - DAG(s) 'data_pipeline_v01' retrieved from /home/minhle/mlops/dags/data_pipeline.py
[2025-04-23T11:43:34.984+0700] {logging_mixin.py:190} INFO - [2025-04-23T11:43:34.984+0700] {dag.py:3239} INFO - Sync 1 DAGs
[2025-04-23T11:43:34.992+0700] {logging_mixin.py:190} INFO - [2025-04-23T11:43:34.992+0700] {dag.py:4180} INFO - Setting next_dagrun for data_pipeline_v01 to 2024-10-25 00:00:00+00:00, run_after=2024-10-26 00:00:00+00:00
[2025-04-23T11:43:35.486+0700] {processor.py:208} INFO - Processing /home/minhle/mlops/dags/data_pipeline.py took 1.085 seconds
[2025-04-23T11:44:05.683+0700] {processor.py:186} INFO - Started process (PID=319267) to work on /home/minhle/mlops/dags/data_pipeline.py
[2025-04-23T11:44:05.684+0700] {processor.py:914} INFO - Processing file /home/minhle/mlops/dags/data_pipeline.py for tasks to queue
[2025-04-23T11:44:05.687+0700] {logging_mixin.py:190} INFO - [2025-04-23T11:44:05.686+0700] {dagbag.py:588} INFO - Filling up the DagBag from /home/minhle/mlops/dags/data_pipeline.py
[2025-04-23T11:44:06.260+0700] {processor.py:925} INFO - DAG(s) 'data_pipeline_v01' retrieved from /home/minhle/mlops/dags/data_pipeline.py
[2025-04-23T11:44:06.268+0700] {logging_mixin.py:190} INFO - [2025-04-23T11:44:06.268+0700] {dag.py:3239} INFO - Sync 1 DAGs
[2025-04-23T11:44:06.276+0700] {logging_mixin.py:190} INFO - [2025-04-23T11:44:06.276+0700] {dag.py:4180} INFO - Setting next_dagrun for data_pipeline_v01 to 2024-10-25 00:00:00+00:00, run_after=2024-10-26 00:00:00+00:00
[2025-04-23T11:44:06.365+0700] {processor.py:208} INFO - Processing /home/minhle/mlops/dags/data_pipeline.py took 0.692 seconds
[2025-04-23T11:44:36.543+0700] {processor.py:186} INFO - Started process (PID=319336) to work on /home/minhle/mlops/dags/data_pipeline.py
[2025-04-23T11:44:36.544+0700] {processor.py:914} INFO - Processing file /home/minhle/mlops/dags/data_pipeline.py for tasks to queue
[2025-04-23T11:44:36.546+0700] {logging_mixin.py:190} INFO - [2025-04-23T11:44:36.546+0700] {dagbag.py:588} INFO - Filling up the DagBag from /home/minhle/mlops/dags/data_pipeline.py
[2025-04-23T11:44:37.097+0700] {processor.py:925} INFO - DAG(s) 'data_pipeline_v01' retrieved from /home/minhle/mlops/dags/data_pipeline.py
[2025-04-23T11:44:37.105+0700] {logging_mixin.py:190} INFO - [2025-04-23T11:44:37.104+0700] {dag.py:3239} INFO - Sync 1 DAGs
[2025-04-23T11:44:37.112+0700] {logging_mixin.py:190} INFO - [2025-04-23T11:44:37.112+0700] {dag.py:4180} INFO - Setting next_dagrun for data_pipeline_v01 to 2024-10-25 00:00:00+00:00, run_after=2024-10-26 00:00:00+00:00
[2025-04-23T11:44:37.195+0700] {processor.py:208} INFO - Processing /home/minhle/mlops/dags/data_pipeline.py took 0.659 seconds
[2025-04-23T11:45:07.323+0700] {processor.py:186} INFO - Started process (PID=319482) to work on /home/minhle/mlops/dags/data_pipeline.py
[2025-04-23T11:45:07.324+0700] {processor.py:914} INFO - Processing file /home/minhle/mlops/dags/data_pipeline.py for tasks to queue
[2025-04-23T11:45:07.326+0700] {logging_mixin.py:190} INFO - [2025-04-23T11:45:07.326+0700] {dagbag.py:588} INFO - Filling up the DagBag from /home/minhle/mlops/dags/data_pipeline.py
[2025-04-23T11:45:07.931+0700] {processor.py:925} INFO - DAG(s) 'data_pipeline_v01' retrieved from /home/minhle/mlops/dags/data_pipeline.py
[2025-04-23T11:45:07.938+0700] {logging_mixin.py:190} INFO - [2025-04-23T11:45:07.938+0700] {dag.py:3239} INFO - Sync 1 DAGs
[2025-04-23T11:45:07.946+0700] {logging_mixin.py:190} INFO - [2025-04-23T11:45:07.946+0700] {dag.py:4180} INFO - Setting next_dagrun for data_pipeline_v01 to 2024-10-25 00:00:00+00:00, run_after=2024-10-26 00:00:00+00:00
[2025-04-23T11:45:08.027+0700] {processor.py:208} INFO - Processing /home/minhle/mlops/dags/data_pipeline.py took 0.710 seconds
[2025-04-23T11:45:38.215+0700] {processor.py:186} INFO - Started process (PID=319554) to work on /home/minhle/mlops/dags/data_pipeline.py
[2025-04-23T11:45:38.216+0700] {processor.py:914} INFO - Processing file /home/minhle/mlops/dags/data_pipeline.py for tasks to queue
[2025-04-23T11:45:38.219+0700] {logging_mixin.py:190} INFO - [2025-04-23T11:45:38.219+0700] {dagbag.py:588} INFO - Filling up the DagBag from /home/minhle/mlops/dags/data_pipeline.py
[2025-04-23T11:45:38.808+0700] {processor.py:925} INFO - DAG(s) 'data_pipeline_v01' retrieved from /home/minhle/mlops/dags/data_pipeline.py
[2025-04-23T11:45:38.815+0700] {logging_mixin.py:190} INFO - [2025-04-23T11:45:38.815+0700] {dag.py:3239} INFO - Sync 1 DAGs
[2025-04-23T11:45:38.823+0700] {logging_mixin.py:190} INFO - [2025-04-23T11:45:38.822+0700] {dag.py:4180} INFO - Setting next_dagrun for data_pipeline_v01 to 2024-10-25 00:00:00+00:00, run_after=2024-10-26 00:00:00+00:00
[2025-04-23T11:45:38.913+0700] {processor.py:208} INFO - Processing /home/minhle/mlops/dags/data_pipeline.py took 0.706 seconds
[2025-04-23T11:46:09.084+0700] {processor.py:186} INFO - Started process (PID=319649) to work on /home/minhle/mlops/dags/data_pipeline.py
[2025-04-23T11:46:09.085+0700] {processor.py:914} INFO - Processing file /home/minhle/mlops/dags/data_pipeline.py for tasks to queue
[2025-04-23T11:46:09.088+0700] {logging_mixin.py:190} INFO - [2025-04-23T11:46:09.088+0700] {dagbag.py:588} INFO - Filling up the DagBag from /home/minhle/mlops/dags/data_pipeline.py
[2025-04-23T11:46:09.747+0700] {processor.py:925} INFO - DAG(s) 'data_pipeline_v01' retrieved from /home/minhle/mlops/dags/data_pipeline.py
[2025-04-23T11:46:09.754+0700] {logging_mixin.py:190} INFO - [2025-04-23T11:46:09.754+0700] {dag.py:3239} INFO - Sync 1 DAGs
[2025-04-23T11:46:09.761+0700] {logging_mixin.py:190} INFO - [2025-04-23T11:46:09.761+0700] {dag.py:4180} INFO - Setting next_dagrun for data_pipeline_v01 to 2024-10-25 00:00:00+00:00, run_after=2024-10-26 00:00:00+00:00
[2025-04-23T11:46:09.851+0700] {processor.py:208} INFO - Processing /home/minhle/mlops/dags/data_pipeline.py took 0.773 seconds
[2025-04-23T11:46:40.049+0700] {processor.py:186} INFO - Started process (PID=319715) to work on /home/minhle/mlops/dags/data_pipeline.py
[2025-04-23T11:46:40.049+0700] {processor.py:914} INFO - Processing file /home/minhle/mlops/dags/data_pipeline.py for tasks to queue
[2025-04-23T11:46:40.050+0700] {logging_mixin.py:190} INFO - [2025-04-23T11:46:40.050+0700] {dagbag.py:588} INFO - Filling up the DagBag from /home/minhle/mlops/dags/data_pipeline.py
[2025-04-23T11:46:40.594+0700] {processor.py:925} INFO - DAG(s) 'data_pipeline_v01' retrieved from /home/minhle/mlops/dags/data_pipeline.py
[2025-04-23T11:46:40.601+0700] {logging_mixin.py:190} INFO - [2025-04-23T11:46:40.601+0700] {dag.py:3239} INFO - Sync 1 DAGs
[2025-04-23T11:46:40.609+0700] {logging_mixin.py:190} INFO - [2025-04-23T11:46:40.609+0700] {dag.py:4180} INFO - Setting next_dagrun for data_pipeline_v01 to 2024-10-25 00:00:00+00:00, run_after=2024-10-26 00:00:00+00:00
[2025-04-23T11:46:40.685+0700] {processor.py:208} INFO - Processing /home/minhle/mlops/dags/data_pipeline.py took 0.641 seconds
[2025-04-23T11:47:10.836+0700] {processor.py:186} INFO - Started process (PID=319779) to work on /home/minhle/mlops/dags/data_pipeline.py
[2025-04-23T11:47:10.837+0700] {processor.py:914} INFO - Processing file /home/minhle/mlops/dags/data_pipeline.py for tasks to queue
[2025-04-23T11:47:10.840+0700] {logging_mixin.py:190} INFO - [2025-04-23T11:47:10.839+0700] {dagbag.py:588} INFO - Filling up the DagBag from /home/minhle/mlops/dags/data_pipeline.py
[2025-04-23T11:47:11.406+0700] {processor.py:925} INFO - DAG(s) 'data_pipeline_v01' retrieved from /home/minhle/mlops/dags/data_pipeline.py
[2025-04-23T11:47:11.413+0700] {logging_mixin.py:190} INFO - [2025-04-23T11:47:11.412+0700] {dag.py:3239} INFO - Sync 1 DAGs
[2025-04-23T11:47:11.420+0700] {logging_mixin.py:190} INFO - [2025-04-23T11:47:11.420+0700] {dag.py:4180} INFO - Setting next_dagrun for data_pipeline_v01 to 2024-10-25 00:00:00+00:00, run_after=2024-10-26 00:00:00+00:00
[2025-04-23T11:47:11.514+0700] {processor.py:208} INFO - Processing /home/minhle/mlops/dags/data_pipeline.py took 0.684 seconds
[2025-04-23T11:47:41.616+0700] {processor.py:186} INFO - Started process (PID=319844) to work on /home/minhle/mlops/dags/data_pipeline.py
[2025-04-23T11:47:41.616+0700] {processor.py:914} INFO - Processing file /home/minhle/mlops/dags/data_pipeline.py for tasks to queue
[2025-04-23T11:47:41.618+0700] {logging_mixin.py:190} INFO - [2025-04-23T11:47:41.618+0700] {dagbag.py:588} INFO - Filling up the DagBag from /home/minhle/mlops/dags/data_pipeline.py
[2025-04-23T11:47:42.160+0700] {processor.py:925} INFO - DAG(s) 'data_pipeline_v01' retrieved from /home/minhle/mlops/dags/data_pipeline.py
[2025-04-23T11:47:42.167+0700] {logging_mixin.py:190} INFO - [2025-04-23T11:47:42.166+0700] {dag.py:3239} INFO - Sync 1 DAGs
[2025-04-23T11:47:42.174+0700] {logging_mixin.py:190} INFO - [2025-04-23T11:47:42.174+0700] {dag.py:4180} INFO - Setting next_dagrun for data_pipeline_v01 to 2024-10-25 00:00:00+00:00, run_after=2024-10-26 00:00:00+00:00
[2025-04-23T11:47:42.266+0700] {processor.py:208} INFO - Processing /home/minhle/mlops/dags/data_pipeline.py took 0.655 seconds
[2025-04-23T11:48:13.779+0700] {processor.py:186} INFO - Started process (PID=319910) to work on /home/minhle/mlops/dags/data_pipeline.py
[2025-04-23T11:48:13.781+0700] {processor.py:914} INFO - Processing file /home/minhle/mlops/dags/data_pipeline.py for tasks to queue
[2025-04-23T11:48:13.784+0700] {logging_mixin.py:190} INFO - [2025-04-23T11:48:13.784+0700] {dagbag.py:588} INFO - Filling up the DagBag from /home/minhle/mlops/dags/data_pipeline.py
[2025-04-23T11:48:14.332+0700] {processor.py:925} INFO - DAG(s) 'data_pipeline_v01' retrieved from /home/minhle/mlops/dags/data_pipeline.py
[2025-04-23T11:48:14.338+0700] {logging_mixin.py:190} INFO - [2025-04-23T11:48:14.338+0700] {dag.py:3239} INFO - Sync 1 DAGs
[2025-04-23T11:48:14.346+0700] {logging_mixin.py:190} INFO - [2025-04-23T11:48:14.346+0700] {dag.py:4180} INFO - Setting next_dagrun for data_pipeline_v01 to 2024-10-25 00:00:00+00:00, run_after=2024-10-26 00:00:00+00:00
[2025-04-23T11:48:14.424+0700] {processor.py:208} INFO - Processing /home/minhle/mlops/dags/data_pipeline.py took 0.656 seconds
[2025-04-23T11:48:45.760+0700] {processor.py:186} INFO - Started process (PID=319975) to work on /home/minhle/mlops/dags/data_pipeline.py
[2025-04-23T11:48:45.761+0700] {processor.py:914} INFO - Processing file /home/minhle/mlops/dags/data_pipeline.py for tasks to queue
[2025-04-23T11:48:45.763+0700] {logging_mixin.py:190} INFO - [2025-04-23T11:48:45.763+0700] {dagbag.py:588} INFO - Filling up the DagBag from /home/minhle/mlops/dags/data_pipeline.py
[2025-04-23T11:48:46.355+0700] {processor.py:925} INFO - DAG(s) 'data_pipeline_v01' retrieved from /home/minhle/mlops/dags/data_pipeline.py
[2025-04-23T11:48:46.362+0700] {logging_mixin.py:190} INFO - [2025-04-23T11:48:46.362+0700] {dag.py:3239} INFO - Sync 1 DAGs
[2025-04-23T11:48:46.370+0700] {logging_mixin.py:190} INFO - [2025-04-23T11:48:46.370+0700] {dag.py:4180} INFO - Setting next_dagrun for data_pipeline_v01 to 2024-10-25 00:00:00+00:00, run_after=2024-10-26 00:00:00+00:00
[2025-04-23T11:48:46.449+0700] {processor.py:208} INFO - Processing /home/minhle/mlops/dags/data_pipeline.py took 0.695 seconds
[2025-04-23T11:49:16.631+0700] {processor.py:186} INFO - Started process (PID=320039) to work on /home/minhle/mlops/dags/data_pipeline.py
[2025-04-23T11:49:16.632+0700] {processor.py:914} INFO - Processing file /home/minhle/mlops/dags/data_pipeline.py for tasks to queue
[2025-04-23T11:49:16.633+0700] {logging_mixin.py:190} INFO - [2025-04-23T11:49:16.633+0700] {dagbag.py:588} INFO - Filling up the DagBag from /home/minhle/mlops/dags/data_pipeline.py
[2025-04-23T11:49:17.184+0700] {processor.py:925} INFO - DAG(s) 'data_pipeline_v01' retrieved from /home/minhle/mlops/dags/data_pipeline.py
[2025-04-23T11:49:17.192+0700] {logging_mixin.py:190} INFO - [2025-04-23T11:49:17.192+0700] {dag.py:3239} INFO - Sync 1 DAGs
[2025-04-23T11:49:17.200+0700] {logging_mixin.py:190} INFO - [2025-04-23T11:49:17.199+0700] {dag.py:4180} INFO - Setting next_dagrun for data_pipeline_v01 to 2024-10-25 00:00:00+00:00, run_after=2024-10-26 00:00:00+00:00
[2025-04-23T11:49:17.281+0700] {processor.py:208} INFO - Processing /home/minhle/mlops/dags/data_pipeline.py took 0.656 seconds
[2025-04-23T11:49:48.529+0700] {processor.py:186} INFO - Started process (PID=320117) to work on /home/minhle/mlops/dags/data_pipeline.py
[2025-04-23T11:49:48.530+0700] {processor.py:914} INFO - Processing file /home/minhle/mlops/dags/data_pipeline.py for tasks to queue
[2025-04-23T11:49:48.531+0700] {logging_mixin.py:190} INFO - [2025-04-23T11:49:48.531+0700] {dagbag.py:588} INFO - Filling up the DagBag from /home/minhle/mlops/dags/data_pipeline.py
[2025-04-23T11:49:49.089+0700] {processor.py:925} INFO - DAG(s) 'data_pipeline_v01' retrieved from /home/minhle/mlops/dags/data_pipeline.py
[2025-04-23T11:49:49.096+0700] {logging_mixin.py:190} INFO - [2025-04-23T11:49:49.095+0700] {dag.py:3239} INFO - Sync 1 DAGs
[2025-04-23T11:49:49.103+0700] {logging_mixin.py:190} INFO - [2025-04-23T11:49:49.103+0700] {dag.py:4180} INFO - Setting next_dagrun for data_pipeline_v01 to 2024-10-25 00:00:00+00:00, run_after=2024-10-26 00:00:00+00:00
[2025-04-23T11:49:49.201+0700] {processor.py:208} INFO - Processing /home/minhle/mlops/dags/data_pipeline.py took 0.676 seconds
[2025-04-23T11:50:20.057+0700] {processor.py:186} INFO - Started process (PID=320225) to work on /home/minhle/mlops/dags/data_pipeline.py
[2025-04-23T11:50:20.058+0700] {processor.py:914} INFO - Processing file /home/minhle/mlops/dags/data_pipeline.py for tasks to queue
[2025-04-23T11:50:20.059+0700] {logging_mixin.py:190} INFO - [2025-04-23T11:50:20.058+0700] {dagbag.py:588} INFO - Filling up the DagBag from /home/minhle/mlops/dags/data_pipeline.py
[2025-04-23T11:50:20.753+0700] {processor.py:925} INFO - DAG(s) 'data_pipeline_v01' retrieved from /home/minhle/mlops/dags/data_pipeline.py
[2025-04-23T11:50:20.760+0700] {logging_mixin.py:190} INFO - [2025-04-23T11:50:20.760+0700] {dag.py:3239} INFO - Sync 1 DAGs
[2025-04-23T11:50:20.767+0700] {logging_mixin.py:190} INFO - [2025-04-23T11:50:20.767+0700] {dag.py:4180} INFO - Setting next_dagrun for data_pipeline_v01 to 2024-10-25 00:00:00+00:00, run_after=2024-10-26 00:00:00+00:00
[2025-04-23T11:50:20.838+0700] {processor.py:208} INFO - Processing /home/minhle/mlops/dags/data_pipeline.py took 0.783 seconds
[2025-04-23T11:50:51.145+0700] {processor.py:186} INFO - Started process (PID=320301) to work on /home/minhle/mlops/dags/data_pipeline.py
[2025-04-23T11:50:51.146+0700] {processor.py:914} INFO - Processing file /home/minhle/mlops/dags/data_pipeline.py for tasks to queue
[2025-04-23T11:50:51.147+0700] {logging_mixin.py:190} INFO - [2025-04-23T11:50:51.147+0700] {dagbag.py:588} INFO - Filling up the DagBag from /home/minhle/mlops/dags/data_pipeline.py
[2025-04-23T11:50:51.813+0700] {processor.py:925} INFO - DAG(s) 'data_pipeline_v01' retrieved from /home/minhle/mlops/dags/data_pipeline.py
[2025-04-23T11:50:51.821+0700] {logging_mixin.py:190} INFO - [2025-04-23T11:50:51.821+0700] {dag.py:3239} INFO - Sync 1 DAGs
[2025-04-23T11:50:51.830+0700] {logging_mixin.py:190} INFO - [2025-04-23T11:50:51.829+0700] {dag.py:4180} INFO - Setting next_dagrun for data_pipeline_v01 to 2024-10-25 00:00:00+00:00, run_after=2024-10-26 00:00:00+00:00
[2025-04-23T11:50:52.012+0700] {processor.py:208} INFO - Processing /home/minhle/mlops/dags/data_pipeline.py took 0.870 seconds
[2025-04-23T11:51:22.220+0700] {processor.py:186} INFO - Started process (PID=320402) to work on /home/minhle/mlops/dags/data_pipeline.py
[2025-04-23T11:51:22.221+0700] {processor.py:914} INFO - Processing file /home/minhle/mlops/dags/data_pipeline.py for tasks to queue
[2025-04-23T11:51:22.223+0700] {logging_mixin.py:190} INFO - [2025-04-23T11:51:22.222+0700] {dagbag.py:588} INFO - Filling up the DagBag from /home/minhle/mlops/dags/data_pipeline.py
[2025-04-23T11:51:22.791+0700] {processor.py:925} INFO - DAG(s) 'data_pipeline_v01' retrieved from /home/minhle/mlops/dags/data_pipeline.py
[2025-04-23T11:51:22.798+0700] {logging_mixin.py:190} INFO - [2025-04-23T11:51:22.798+0700] {dag.py:3239} INFO - Sync 1 DAGs
[2025-04-23T11:51:22.807+0700] {logging_mixin.py:190} INFO - [2025-04-23T11:51:22.806+0700] {dag.py:4180} INFO - Setting next_dagrun for data_pipeline_v01 to 2024-10-25 00:00:00+00:00, run_after=2024-10-26 00:00:00+00:00
[2025-04-23T11:51:22.901+0700] {processor.py:208} INFO - Processing /home/minhle/mlops/dags/data_pipeline.py took 0.688 seconds
[2025-04-23T11:51:53.744+0700] {processor.py:186} INFO - Started process (PID=320466) to work on /home/minhle/mlops/dags/data_pipeline.py
[2025-04-23T11:51:53.745+0700] {processor.py:914} INFO - Processing file /home/minhle/mlops/dags/data_pipeline.py for tasks to queue
[2025-04-23T11:51:53.746+0700] {logging_mixin.py:190} INFO - [2025-04-23T11:51:53.746+0700] {dagbag.py:588} INFO - Filling up the DagBag from /home/minhle/mlops/dags/data_pipeline.py
[2025-04-23T11:51:54.287+0700] {processor.py:925} INFO - DAG(s) 'data_pipeline_v01' retrieved from /home/minhle/mlops/dags/data_pipeline.py
[2025-04-23T11:51:54.293+0700] {logging_mixin.py:190} INFO - [2025-04-23T11:51:54.293+0700] {dag.py:3239} INFO - Sync 1 DAGs
[2025-04-23T11:51:54.301+0700] {logging_mixin.py:190} INFO - [2025-04-23T11:51:54.301+0700] {dag.py:4180} INFO - Setting next_dagrun for data_pipeline_v01 to 2024-10-25 00:00:00+00:00, run_after=2024-10-26 00:00:00+00:00
[2025-04-23T11:51:54.381+0700] {processor.py:208} INFO - Processing /home/minhle/mlops/dags/data_pipeline.py took 0.642 seconds
[2025-04-23T11:52:24.563+0700] {processor.py:186} INFO - Started process (PID=320541) to work on /home/minhle/mlops/dags/data_pipeline.py
[2025-04-23T11:52:24.563+0700] {processor.py:914} INFO - Processing file /home/minhle/mlops/dags/data_pipeline.py for tasks to queue
[2025-04-23T11:52:24.564+0700] {logging_mixin.py:190} INFO - [2025-04-23T11:52:24.564+0700] {dagbag.py:588} INFO - Filling up the DagBag from /home/minhle/mlops/dags/data_pipeline.py
[2025-04-23T11:52:25.148+0700] {processor.py:925} INFO - DAG(s) 'data_pipeline_v01' retrieved from /home/minhle/mlops/dags/data_pipeline.py
[2025-04-23T11:52:25.155+0700] {logging_mixin.py:190} INFO - [2025-04-23T11:52:25.155+0700] {dag.py:3239} INFO - Sync 1 DAGs
[2025-04-23T11:52:25.164+0700] {logging_mixin.py:190} INFO - [2025-04-23T11:52:25.164+0700] {dag.py:4180} INFO - Setting next_dagrun for data_pipeline_v01 to 2024-10-25 00:00:00+00:00, run_after=2024-10-26 00:00:00+00:00
[2025-04-23T11:52:25.239+0700] {processor.py:208} INFO - Processing /home/minhle/mlops/dags/data_pipeline.py took 0.681 seconds
[2025-04-23T11:52:55.598+0700] {processor.py:186} INFO - Started process (PID=320605) to work on /home/minhle/mlops/dags/data_pipeline.py
[2025-04-23T11:52:55.599+0700] {processor.py:914} INFO - Processing file /home/minhle/mlops/dags/data_pipeline.py for tasks to queue
[2025-04-23T11:52:55.600+0700] {logging_mixin.py:190} INFO - [2025-04-23T11:52:55.600+0700] {dagbag.py:588} INFO - Filling up the DagBag from /home/minhle/mlops/dags/data_pipeline.py
[2025-04-23T11:52:56.162+0700] {processor.py:925} INFO - DAG(s) 'data_pipeline_v01' retrieved from /home/minhle/mlops/dags/data_pipeline.py
[2025-04-23T11:52:56.170+0700] {logging_mixin.py:190} INFO - [2025-04-23T11:52:56.170+0700] {dag.py:3239} INFO - Sync 1 DAGs
[2025-04-23T11:52:56.178+0700] {logging_mixin.py:190} INFO - [2025-04-23T11:52:56.178+0700] {dag.py:4180} INFO - Setting next_dagrun for data_pipeline_v01 to 2024-10-25 00:00:00+00:00, run_after=2024-10-26 00:00:00+00:00
[2025-04-23T11:52:56.349+0700] {processor.py:208} INFO - Processing /home/minhle/mlops/dags/data_pipeline.py took 0.757 seconds
[2025-04-23T11:53:26.573+0700] {processor.py:186} INFO - Started process (PID=320685) to work on /home/minhle/mlops/dags/data_pipeline.py
[2025-04-23T11:53:26.574+0700] {processor.py:914} INFO - Processing file /home/minhle/mlops/dags/data_pipeline.py for tasks to queue
[2025-04-23T11:53:26.577+0700] {logging_mixin.py:190} INFO - [2025-04-23T11:53:26.577+0700] {dagbag.py:588} INFO - Filling up the DagBag from /home/minhle/mlops/dags/data_pipeline.py
[2025-04-23T11:53:27.132+0700] {processor.py:925} INFO - DAG(s) 'data_pipeline_v01' retrieved from /home/minhle/mlops/dags/data_pipeline.py
[2025-04-23T11:53:27.140+0700] {logging_mixin.py:190} INFO - [2025-04-23T11:53:27.140+0700] {dag.py:3239} INFO - Sync 1 DAGs
[2025-04-23T11:53:27.148+0700] {logging_mixin.py:190} INFO - [2025-04-23T11:53:27.148+0700] {dag.py:4180} INFO - Setting next_dagrun for data_pipeline_v01 to 2024-10-25 00:00:00+00:00, run_after=2024-10-26 00:00:00+00:00
[2025-04-23T11:53:27.265+0700] {processor.py:208} INFO - Processing /home/minhle/mlops/dags/data_pipeline.py took 0.703 seconds
[2025-04-23T11:53:57.551+0700] {processor.py:186} INFO - Started process (PID=320725) to work on /home/minhle/mlops/dags/data_pipeline.py
[2025-04-23T11:53:57.551+0700] {processor.py:914} INFO - Processing file /home/minhle/mlops/dags/data_pipeline.py for tasks to queue
[2025-04-23T11:53:57.552+0700] {logging_mixin.py:190} INFO - [2025-04-23T11:53:57.552+0700] {dagbag.py:588} INFO - Filling up the DagBag from /home/minhle/mlops/dags/data_pipeline.py
[2025-04-23T11:53:58.115+0700] {processor.py:925} INFO - DAG(s) 'data_pipeline_v01' retrieved from /home/minhle/mlops/dags/data_pipeline.py
[2025-04-23T11:53:58.122+0700] {logging_mixin.py:190} INFO - [2025-04-23T11:53:58.122+0700] {dag.py:3239} INFO - Sync 1 DAGs
[2025-04-23T11:53:58.130+0700] {logging_mixin.py:190} INFO - [2025-04-23T11:53:58.130+0700] {dag.py:4180} INFO - Setting next_dagrun for data_pipeline_v01 to 2024-10-25 00:00:00+00:00, run_after=2024-10-26 00:00:00+00:00
[2025-04-23T11:53:58.218+0700] {processor.py:208} INFO - Processing /home/minhle/mlops/dags/data_pipeline.py took 0.671 seconds
[2025-04-23T11:54:28.365+0700] {processor.py:186} INFO - Started process (PID=320766) to work on /home/minhle/mlops/dags/data_pipeline.py
[2025-04-23T11:54:28.375+0700] {processor.py:914} INFO - Processing file /home/minhle/mlops/dags/data_pipeline.py for tasks to queue
[2025-04-23T11:54:28.380+0700] {logging_mixin.py:190} INFO - [2025-04-23T11:54:28.380+0700] {dagbag.py:588} INFO - Filling up the DagBag from /home/minhle/mlops/dags/data_pipeline.py
[2025-04-23T11:54:28.933+0700] {processor.py:925} INFO - DAG(s) 'data_pipeline_v01' retrieved from /home/minhle/mlops/dags/data_pipeline.py
[2025-04-23T11:54:28.940+0700] {logging_mixin.py:190} INFO - [2025-04-23T11:54:28.940+0700] {dag.py:3239} INFO - Sync 1 DAGs
[2025-04-23T11:54:28.948+0700] {logging_mixin.py:190} INFO - [2025-04-23T11:54:28.947+0700] {dag.py:4180} INFO - Setting next_dagrun for data_pipeline_v01 to 2024-10-25 00:00:00+00:00, run_after=2024-10-26 00:00:00+00:00
[2025-04-23T11:54:29.035+0700] {processor.py:208} INFO - Processing /home/minhle/mlops/dags/data_pipeline.py took 0.676 seconds
[2025-04-23T11:54:59.170+0700] {processor.py:186} INFO - Started process (PID=320806) to work on /home/minhle/mlops/dags/data_pipeline.py
[2025-04-23T11:54:59.170+0700] {processor.py:914} INFO - Processing file /home/minhle/mlops/dags/data_pipeline.py for tasks to queue
[2025-04-23T11:54:59.172+0700] {logging_mixin.py:190} INFO - [2025-04-23T11:54:59.171+0700] {dagbag.py:588} INFO - Filling up the DagBag from /home/minhle/mlops/dags/data_pipeline.py
[2025-04-23T11:54:59.718+0700] {processor.py:925} INFO - DAG(s) 'data_pipeline_v01' retrieved from /home/minhle/mlops/dags/data_pipeline.py
[2025-04-23T11:54:59.726+0700] {logging_mixin.py:190} INFO - [2025-04-23T11:54:59.725+0700] {dag.py:3239} INFO - Sync 1 DAGs
[2025-04-23T11:54:59.733+0700] {logging_mixin.py:190} INFO - [2025-04-23T11:54:59.733+0700] {dag.py:4180} INFO - Setting next_dagrun for data_pipeline_v01 to 2024-10-25 00:00:00+00:00, run_after=2024-10-26 00:00:00+00:00
[2025-04-23T11:54:59.820+0700] {processor.py:208} INFO - Processing /home/minhle/mlops/dags/data_pipeline.py took 0.656 seconds
[2025-04-23T11:55:29.949+0700] {processor.py:186} INFO - Started process (PID=320877) to work on /home/minhle/mlops/dags/data_pipeline.py
[2025-04-23T11:55:29.954+0700] {processor.py:914} INFO - Processing file /home/minhle/mlops/dags/data_pipeline.py for tasks to queue
[2025-04-23T11:55:29.955+0700] {logging_mixin.py:190} INFO - [2025-04-23T11:55:29.955+0700] {dagbag.py:588} INFO - Filling up the DagBag from /home/minhle/mlops/dags/data_pipeline.py
[2025-04-23T11:55:30.498+0700] {processor.py:925} INFO - DAG(s) 'data_pipeline_v01' retrieved from /home/minhle/mlops/dags/data_pipeline.py
[2025-04-23T11:55:30.505+0700] {logging_mixin.py:190} INFO - [2025-04-23T11:55:30.505+0700] {dag.py:3239} INFO - Sync 1 DAGs
[2025-04-23T11:55:30.513+0700] {logging_mixin.py:190} INFO - [2025-04-23T11:55:30.513+0700] {dag.py:4180} INFO - Setting next_dagrun for data_pipeline_v01 to 2024-10-25 00:00:00+00:00, run_after=2024-10-26 00:00:00+00:00
[2025-04-23T11:55:30.603+0700] {processor.py:208} INFO - Processing /home/minhle/mlops/dags/data_pipeline.py took 0.657 seconds
[2025-04-23T11:56:00.749+0700] {processor.py:186} INFO - Started process (PID=320956) to work on /home/minhle/mlops/dags/data_pipeline.py
[2025-04-23T11:56:00.749+0700] {processor.py:914} INFO - Processing file /home/minhle/mlops/dags/data_pipeline.py for tasks to queue
[2025-04-23T11:56:00.750+0700] {logging_mixin.py:190} INFO - [2025-04-23T11:56:00.750+0700] {dagbag.py:588} INFO - Filling up the DagBag from /home/minhle/mlops/dags/data_pipeline.py
[2025-04-23T11:56:01.322+0700] {processor.py:925} INFO - DAG(s) 'data_pipeline_v01' retrieved from /home/minhle/mlops/dags/data_pipeline.py
[2025-04-23T11:56:01.329+0700] {logging_mixin.py:190} INFO - [2025-04-23T11:56:01.329+0700] {dag.py:3239} INFO - Sync 1 DAGs
[2025-04-23T11:56:01.337+0700] {logging_mixin.py:190} INFO - [2025-04-23T11:56:01.337+0700] {dag.py:4180} INFO - Setting next_dagrun for data_pipeline_v01 to 2024-10-25 00:00:00+00:00, run_after=2024-10-26 00:00:00+00:00
[2025-04-23T11:56:01.419+0700] {processor.py:208} INFO - Processing /home/minhle/mlops/dags/data_pipeline.py took 0.673 seconds
[2025-04-23T11:56:31.530+0700] {processor.py:186} INFO - Started process (PID=321034) to work on /home/minhle/mlops/dags/data_pipeline.py
[2025-04-23T11:56:31.544+0700] {processor.py:914} INFO - Processing file /home/minhle/mlops/dags/data_pipeline.py for tasks to queue
[2025-04-23T11:56:31.547+0700] {logging_mixin.py:190} INFO - [2025-04-23T11:56:31.546+0700] {dagbag.py:588} INFO - Filling up the DagBag from /home/minhle/mlops/dags/data_pipeline.py
[2025-04-23T11:56:32.098+0700] {processor.py:925} INFO - DAG(s) 'data_pipeline_v01' retrieved from /home/minhle/mlops/dags/data_pipeline.py
[2025-04-23T11:56:32.105+0700] {logging_mixin.py:190} INFO - [2025-04-23T11:56:32.105+0700] {dag.py:3239} INFO - Sync 1 DAGs
[2025-04-23T11:56:32.113+0700] {logging_mixin.py:190} INFO - [2025-04-23T11:56:32.113+0700] {dag.py:4180} INFO - Setting next_dagrun for data_pipeline_v01 to 2024-10-25 00:00:00+00:00, run_after=2024-10-26 00:00:00+00:00
[2025-04-23T11:56:32.171+0700] {processor.py:208} INFO - Processing /home/minhle/mlops/dags/data_pipeline.py took 0.649 seconds
[2025-04-23T11:57:02.319+0700] {processor.py:186} INFO - Started process (PID=321108) to work on /home/minhle/mlops/dags/data_pipeline.py
[2025-04-23T11:57:02.328+0700] {processor.py:914} INFO - Processing file /home/minhle/mlops/dags/data_pipeline.py for tasks to queue
[2025-04-23T11:57:02.333+0700] {logging_mixin.py:190} INFO - [2025-04-23T11:57:02.332+0700] {dagbag.py:588} INFO - Filling up the DagBag from /home/minhle/mlops/dags/data_pipeline.py
[2025-04-23T11:57:02.887+0700] {processor.py:925} INFO - DAG(s) 'data_pipeline_v01' retrieved from /home/minhle/mlops/dags/data_pipeline.py
[2025-04-23T11:57:02.894+0700] {logging_mixin.py:190} INFO - [2025-04-23T11:57:02.893+0700] {dag.py:3239} INFO - Sync 1 DAGs
[2025-04-23T11:57:02.902+0700] {logging_mixin.py:190} INFO - [2025-04-23T11:57:02.901+0700] {dag.py:4180} INFO - Setting next_dagrun for data_pipeline_v01 to 2024-10-25 00:00:00+00:00, run_after=2024-10-26 00:00:00+00:00
[2025-04-23T11:57:02.999+0700] {processor.py:208} INFO - Processing /home/minhle/mlops/dags/data_pipeline.py took 0.691 seconds
[2025-04-23T11:57:33.086+0700] {processor.py:186} INFO - Started process (PID=321172) to work on /home/minhle/mlops/dags/data_pipeline.py
[2025-04-23T11:57:33.087+0700] {processor.py:914} INFO - Processing file /home/minhle/mlops/dags/data_pipeline.py for tasks to queue
[2025-04-23T11:57:33.088+0700] {logging_mixin.py:190} INFO - [2025-04-23T11:57:33.088+0700] {dagbag.py:588} INFO - Filling up the DagBag from /home/minhle/mlops/dags/data_pipeline.py
[2025-04-23T11:57:33.633+0700] {processor.py:925} INFO - DAG(s) 'data_pipeline_v01' retrieved from /home/minhle/mlops/dags/data_pipeline.py
[2025-04-23T11:57:33.641+0700] {logging_mixin.py:190} INFO - [2025-04-23T11:57:33.640+0700] {dag.py:3239} INFO - Sync 1 DAGs
[2025-04-23T11:57:33.648+0700] {logging_mixin.py:190} INFO - [2025-04-23T11:57:33.648+0700] {dag.py:4180} INFO - Setting next_dagrun for data_pipeline_v01 to 2024-10-25 00:00:00+00:00, run_after=2024-10-26 00:00:00+00:00
[2025-04-23T11:57:33.726+0700] {processor.py:208} INFO - Processing /home/minhle/mlops/dags/data_pipeline.py took 0.644 seconds
[2025-04-23T11:58:03.863+0700] {processor.py:186} INFO - Started process (PID=321236) to work on /home/minhle/mlops/dags/data_pipeline.py
[2025-04-23T11:58:03.865+0700] {processor.py:914} INFO - Processing file /home/minhle/mlops/dags/data_pipeline.py for tasks to queue
[2025-04-23T11:58:03.867+0700] {logging_mixin.py:190} INFO - [2025-04-23T11:58:03.867+0700] {dagbag.py:588} INFO - Filling up the DagBag from /home/minhle/mlops/dags/data_pipeline.py
[2025-04-23T11:58:04.410+0700] {processor.py:925} INFO - DAG(s) 'data_pipeline_v01' retrieved from /home/minhle/mlops/dags/data_pipeline.py
[2025-04-23T11:58:04.417+0700] {logging_mixin.py:190} INFO - [2025-04-23T11:58:04.417+0700] {dag.py:3239} INFO - Sync 1 DAGs
[2025-04-23T11:58:04.425+0700] {logging_mixin.py:190} INFO - [2025-04-23T11:58:04.425+0700] {dag.py:4180} INFO - Setting next_dagrun for data_pipeline_v01 to 2024-10-25 00:00:00+00:00, run_after=2024-10-26 00:00:00+00:00
[2025-04-23T11:58:04.516+0700] {processor.py:208} INFO - Processing /home/minhle/mlops/dags/data_pipeline.py took 0.659 seconds
[2025-04-23T11:58:34.748+0700] {processor.py:186} INFO - Started process (PID=321305) to work on /home/minhle/mlops/dags/data_pipeline.py
[2025-04-23T11:58:34.750+0700] {processor.py:914} INFO - Processing file /home/minhle/mlops/dags/data_pipeline.py for tasks to queue
[2025-04-23T11:58:34.751+0700] {logging_mixin.py:190} INFO - [2025-04-23T11:58:34.750+0700] {dagbag.py:588} INFO - Filling up the DagBag from /home/minhle/mlops/dags/data_pipeline.py
[2025-04-23T11:58:35.305+0700] {processor.py:925} INFO - DAG(s) 'data_pipeline_v01' retrieved from /home/minhle/mlops/dags/data_pipeline.py
[2025-04-23T11:58:35.312+0700] {logging_mixin.py:190} INFO - [2025-04-23T11:58:35.312+0700] {dag.py:3239} INFO - Sync 1 DAGs
[2025-04-23T11:58:35.320+0700] {logging_mixin.py:190} INFO - [2025-04-23T11:58:35.320+0700] {dag.py:4180} INFO - Setting next_dagrun for data_pipeline_v01 to 2024-10-25 00:00:00+00:00, run_after=2024-10-26 00:00:00+00:00
[2025-04-23T11:58:35.405+0700] {processor.py:208} INFO - Processing /home/minhle/mlops/dags/data_pipeline.py took 0.661 seconds
[2025-04-23T11:59:05.612+0700] {processor.py:186} INFO - Started process (PID=321369) to work on /home/minhle/mlops/dags/data_pipeline.py
[2025-04-23T11:59:05.613+0700] {processor.py:914} INFO - Processing file /home/minhle/mlops/dags/data_pipeline.py for tasks to queue
[2025-04-23T11:59:05.616+0700] {logging_mixin.py:190} INFO - [2025-04-23T11:59:05.615+0700] {dagbag.py:588} INFO - Filling up the DagBag from /home/minhle/mlops/dags/data_pipeline.py
[2025-04-23T11:59:06.182+0700] {processor.py:925} INFO - DAG(s) 'data_pipeline_v01' retrieved from /home/minhle/mlops/dags/data_pipeline.py
[2025-04-23T11:59:06.189+0700] {logging_mixin.py:190} INFO - [2025-04-23T11:59:06.189+0700] {dag.py:3239} INFO - Sync 1 DAGs
[2025-04-23T11:59:06.197+0700] {logging_mixin.py:190} INFO - [2025-04-23T11:59:06.196+0700] {dag.py:4180} INFO - Setting next_dagrun for data_pipeline_v01 to 2024-10-25 00:00:00+00:00, run_after=2024-10-26 00:00:00+00:00
[2025-04-23T11:59:06.290+0700] {processor.py:208} INFO - Processing /home/minhle/mlops/dags/data_pipeline.py took 0.683 seconds
[2025-04-23T11:59:36.327+0700] {processor.py:186} INFO - Started process (PID=321443) to work on /home/minhle/mlops/dags/data_pipeline.py
[2025-04-23T11:59:36.328+0700] {processor.py:914} INFO - Processing file /home/minhle/mlops/dags/data_pipeline.py for tasks to queue
[2025-04-23T11:59:36.329+0700] {logging_mixin.py:190} INFO - [2025-04-23T11:59:36.329+0700] {dagbag.py:588} INFO - Filling up the DagBag from /home/minhle/mlops/dags/data_pipeline.py
[2025-04-23T11:59:36.882+0700] {processor.py:925} INFO - DAG(s) 'data_pipeline_v01' retrieved from /home/minhle/mlops/dags/data_pipeline.py
[2025-04-23T11:59:36.888+0700] {logging_mixin.py:190} INFO - [2025-04-23T11:59:36.888+0700] {dag.py:3239} INFO - Sync 1 DAGs
[2025-04-23T11:59:36.896+0700] {logging_mixin.py:190} INFO - [2025-04-23T11:59:36.896+0700] {dag.py:4180} INFO - Setting next_dagrun for data_pipeline_v01 to 2024-10-25 00:00:00+00:00, run_after=2024-10-26 00:00:00+00:00
[2025-04-23T11:59:36.968+0700] {processor.py:208} INFO - Processing /home/minhle/mlops/dags/data_pipeline.py took 0.646 seconds
[2025-04-23T12:00:07.083+0700] {processor.py:186} INFO - Started process (PID=321507) to work on /home/minhle/mlops/dags/data_pipeline.py
[2025-04-23T12:00:07.094+0700] {processor.py:914} INFO - Processing file /home/minhle/mlops/dags/data_pipeline.py for tasks to queue
[2025-04-23T12:00:07.099+0700] {logging_mixin.py:190} INFO - [2025-04-23T12:00:07.099+0700] {dagbag.py:588} INFO - Filling up the DagBag from /home/minhle/mlops/dags/data_pipeline.py
[2025-04-23T12:00:07.654+0700] {processor.py:925} INFO - DAG(s) 'data_pipeline_v01' retrieved from /home/minhle/mlops/dags/data_pipeline.py
[2025-04-23T12:00:07.661+0700] {logging_mixin.py:190} INFO - [2025-04-23T12:00:07.661+0700] {dag.py:3239} INFO - Sync 1 DAGs
[2025-04-23T12:00:07.669+0700] {logging_mixin.py:190} INFO - [2025-04-23T12:00:07.668+0700] {dag.py:4180} INFO - Setting next_dagrun for data_pipeline_v01 to 2024-10-25 00:00:00+00:00, run_after=2024-10-26 00:00:00+00:00
[2025-04-23T12:00:07.737+0700] {processor.py:208} INFO - Processing /home/minhle/mlops/dags/data_pipeline.py took 0.664 seconds
[2025-04-23T12:00:37.857+0700] {processor.py:186} INFO - Started process (PID=321572) to work on /home/minhle/mlops/dags/data_pipeline.py
[2025-04-23T12:00:37.858+0700] {processor.py:914} INFO - Processing file /home/minhle/mlops/dags/data_pipeline.py for tasks to queue
[2025-04-23T12:00:37.861+0700] {logging_mixin.py:190} INFO - [2025-04-23T12:00:37.861+0700] {dagbag.py:588} INFO - Filling up the DagBag from /home/minhle/mlops/dags/data_pipeline.py
[2025-04-23T12:00:38.418+0700] {processor.py:925} INFO - DAG(s) 'data_pipeline_v01' retrieved from /home/minhle/mlops/dags/data_pipeline.py
[2025-04-23T12:00:38.425+0700] {logging_mixin.py:190} INFO - [2025-04-23T12:00:38.425+0700] {dag.py:3239} INFO - Sync 1 DAGs
[2025-04-23T12:00:38.433+0700] {logging_mixin.py:190} INFO - [2025-04-23T12:00:38.433+0700] {dag.py:4180} INFO - Setting next_dagrun for data_pipeline_v01 to 2024-10-25 00:00:00+00:00, run_after=2024-10-26 00:00:00+00:00
[2025-04-23T12:00:38.502+0700] {processor.py:208} INFO - Processing /home/minhle/mlops/dags/data_pipeline.py took 0.656 seconds
[2025-04-23T12:01:08.782+0700] {processor.py:186} INFO - Started process (PID=321663) to work on /home/minhle/mlops/dags/data_pipeline.py
[2025-04-23T12:01:08.814+0700] {processor.py:914} INFO - Processing file /home/minhle/mlops/dags/data_pipeline.py for tasks to queue
[2025-04-23T12:01:08.818+0700] {logging_mixin.py:190} INFO - [2025-04-23T12:01:08.817+0700] {dagbag.py:588} INFO - Filling up the DagBag from /home/minhle/mlops/dags/data_pipeline.py
[2025-04-23T12:01:09.370+0700] {processor.py:925} INFO - DAG(s) 'data_pipeline_v01' retrieved from /home/minhle/mlops/dags/data_pipeline.py
[2025-04-23T12:01:09.377+0700] {logging_mixin.py:190} INFO - [2025-04-23T12:01:09.377+0700] {dag.py:3239} INFO - Sync 1 DAGs
[2025-04-23T12:01:09.385+0700] {logging_mixin.py:190} INFO - [2025-04-23T12:01:09.385+0700] {dag.py:4180} INFO - Setting next_dagrun for data_pipeline_v01 to 2024-10-25 00:00:00+00:00, run_after=2024-10-26 00:00:00+00:00
[2025-04-23T12:01:09.998+0700] {processor.py:208} INFO - Processing /home/minhle/mlops/dags/data_pipeline.py took 1.221 seconds
[2025-04-23T12:01:40.257+0700] {processor.py:186} INFO - Started process (PID=321727) to work on /home/minhle/mlops/dags/data_pipeline.py
[2025-04-23T12:01:40.258+0700] {processor.py:914} INFO - Processing file /home/minhle/mlops/dags/data_pipeline.py for tasks to queue
[2025-04-23T12:01:40.262+0700] {logging_mixin.py:190} INFO - [2025-04-23T12:01:40.261+0700] {dagbag.py:588} INFO - Filling up the DagBag from /home/minhle/mlops/dags/data_pipeline.py
[2025-04-23T12:01:40.807+0700] {processor.py:925} INFO - DAG(s) 'data_pipeline_v01' retrieved from /home/minhle/mlops/dags/data_pipeline.py
[2025-04-23T12:01:40.813+0700] {logging_mixin.py:190} INFO - [2025-04-23T12:01:40.813+0700] {dag.py:3239} INFO - Sync 1 DAGs
[2025-04-23T12:01:40.821+0700] {logging_mixin.py:190} INFO - [2025-04-23T12:01:40.821+0700] {dag.py:4180} INFO - Setting next_dagrun for data_pipeline_v01 to 2024-10-25 00:00:00+00:00, run_after=2024-10-26 00:00:00+00:00
[2025-04-23T12:01:40.946+0700] {processor.py:208} INFO - Processing /home/minhle/mlops/dags/data_pipeline.py took 0.699 seconds
[2025-04-23T12:02:11.024+0700] {processor.py:186} INFO - Started process (PID=321792) to work on /home/minhle/mlops/dags/data_pipeline.py
[2025-04-23T12:02:11.033+0700] {processor.py:914} INFO - Processing file /home/minhle/mlops/dags/data_pipeline.py for tasks to queue
[2025-04-23T12:02:11.037+0700] {logging_mixin.py:190} INFO - [2025-04-23T12:02:11.036+0700] {dagbag.py:588} INFO - Filling up the DagBag from /home/minhle/mlops/dags/data_pipeline.py
[2025-04-23T12:02:11.601+0700] {processor.py:925} INFO - DAG(s) 'data_pipeline_v01' retrieved from /home/minhle/mlops/dags/data_pipeline.py
[2025-04-23T12:02:11.608+0700] {logging_mixin.py:190} INFO - [2025-04-23T12:02:11.608+0700] {dag.py:3239} INFO - Sync 1 DAGs
[2025-04-23T12:02:11.615+0700] {logging_mixin.py:190} INFO - [2025-04-23T12:02:11.615+0700] {dag.py:4180} INFO - Setting next_dagrun for data_pipeline_v01 to 2024-10-25 00:00:00+00:00, run_after=2024-10-26 00:00:00+00:00
[2025-04-23T12:02:11.710+0700] {processor.py:208} INFO - Processing /home/minhle/mlops/dags/data_pipeline.py took 0.691 seconds
[2025-04-23T12:02:41.823+0700] {processor.py:186} INFO - Started process (PID=321856) to work on /home/minhle/mlops/dags/data_pipeline.py
[2025-04-23T12:02:41.824+0700] {processor.py:914} INFO - Processing file /home/minhle/mlops/dags/data_pipeline.py for tasks to queue
[2025-04-23T12:02:41.825+0700] {logging_mixin.py:190} INFO - [2025-04-23T12:02:41.825+0700] {dagbag.py:588} INFO - Filling up the DagBag from /home/minhle/mlops/dags/data_pipeline.py
[2025-04-23T12:02:42.364+0700] {processor.py:925} INFO - DAG(s) 'data_pipeline_v01' retrieved from /home/minhle/mlops/dags/data_pipeline.py
[2025-04-23T12:02:42.371+0700] {logging_mixin.py:190} INFO - [2025-04-23T12:02:42.371+0700] {dag.py:3239} INFO - Sync 1 DAGs
[2025-04-23T12:02:42.378+0700] {logging_mixin.py:190} INFO - [2025-04-23T12:02:42.378+0700] {dag.py:4180} INFO - Setting next_dagrun for data_pipeline_v01 to 2024-10-25 00:00:00+00:00, run_after=2024-10-26 00:00:00+00:00
[2025-04-23T12:02:42.450+0700] {processor.py:208} INFO - Processing /home/minhle/mlops/dags/data_pipeline.py took 0.634 seconds
[2025-04-23T12:03:12.552+0700] {processor.py:186} INFO - Started process (PID=321921) to work on /home/minhle/mlops/dags/data_pipeline.py
[2025-04-23T12:03:12.560+0700] {processor.py:914} INFO - Processing file /home/minhle/mlops/dags/data_pipeline.py for tasks to queue
[2025-04-23T12:03:12.562+0700] {logging_mixin.py:190} INFO - [2025-04-23T12:03:12.562+0700] {dagbag.py:588} INFO - Filling up the DagBag from /home/minhle/mlops/dags/data_pipeline.py
[2025-04-23T12:03:13.184+0700] {processor.py:925} INFO - DAG(s) 'data_pipeline_v01' retrieved from /home/minhle/mlops/dags/data_pipeline.py
[2025-04-23T12:03:13.192+0700] {logging_mixin.py:190} INFO - [2025-04-23T12:03:13.192+0700] {dag.py:3239} INFO - Sync 1 DAGs
[2025-04-23T12:03:13.200+0700] {logging_mixin.py:190} INFO - [2025-04-23T12:03:13.200+0700] {dag.py:4180} INFO - Setting next_dagrun for data_pipeline_v01 to 2024-10-25 00:00:00+00:00, run_after=2024-10-26 00:00:00+00:00
[2025-04-23T12:03:13.293+0700] {processor.py:208} INFO - Processing /home/minhle/mlops/dags/data_pipeline.py took 0.746 seconds
[2025-04-23T12:03:43.471+0700] {processor.py:186} INFO - Started process (PID=321985) to work on /home/minhle/mlops/dags/data_pipeline.py
[2025-04-23T12:03:43.472+0700] {processor.py:914} INFO - Processing file /home/minhle/mlops/dags/data_pipeline.py for tasks to queue
[2025-04-23T12:03:43.476+0700] {logging_mixin.py:190} INFO - [2025-04-23T12:03:43.475+0700] {dagbag.py:588} INFO - Filling up the DagBag from /home/minhle/mlops/dags/data_pipeline.py
[2025-04-23T12:03:44.054+0700] {processor.py:925} INFO - DAG(s) 'data_pipeline_v01' retrieved from /home/minhle/mlops/dags/data_pipeline.py
[2025-04-23T12:03:44.061+0700] {logging_mixin.py:190} INFO - [2025-04-23T12:03:44.061+0700] {dag.py:3239} INFO - Sync 1 DAGs
[2025-04-23T12:03:44.069+0700] {logging_mixin.py:190} INFO - [2025-04-23T12:03:44.069+0700] {dag.py:4180} INFO - Setting next_dagrun for data_pipeline_v01 to 2024-10-25 00:00:00+00:00, run_after=2024-10-26 00:00:00+00:00
[2025-04-23T12:03:44.151+0700] {processor.py:208} INFO - Processing /home/minhle/mlops/dags/data_pipeline.py took 0.689 seconds
[2025-04-23T12:04:14.251+0700] {processor.py:186} INFO - Started process (PID=322051) to work on /home/minhle/mlops/dags/data_pipeline.py
[2025-04-23T12:04:14.256+0700] {processor.py:914} INFO - Processing file /home/minhle/mlops/dags/data_pipeline.py for tasks to queue
[2025-04-23T12:04:14.258+0700] {logging_mixin.py:190} INFO - [2025-04-23T12:04:14.257+0700] {dagbag.py:588} INFO - Filling up the DagBag from /home/minhle/mlops/dags/data_pipeline.py
[2025-04-23T12:04:14.831+0700] {processor.py:925} INFO - DAG(s) 'data_pipeline_v01' retrieved from /home/minhle/mlops/dags/data_pipeline.py
[2025-04-23T12:04:14.838+0700] {logging_mixin.py:190} INFO - [2025-04-23T12:04:14.838+0700] {dag.py:3239} INFO - Sync 1 DAGs
[2025-04-23T12:04:14.847+0700] {logging_mixin.py:190} INFO - [2025-04-23T12:04:14.847+0700] {dag.py:4180} INFO - Setting next_dagrun for data_pipeline_v01 to 2024-10-25 00:00:00+00:00, run_after=2024-10-26 00:00:00+00:00
[2025-04-23T12:04:14.921+0700] {processor.py:208} INFO - Processing /home/minhle/mlops/dags/data_pipeline.py took 0.674 seconds
[2025-04-23T12:04:44.965+0700] {processor.py:186} INFO - Started process (PID=322115) to work on /home/minhle/mlops/dags/data_pipeline.py
[2025-04-23T12:04:44.966+0700] {processor.py:914} INFO - Processing file /home/minhle/mlops/dags/data_pipeline.py for tasks to queue
[2025-04-23T12:04:44.967+0700] {logging_mixin.py:190} INFO - [2025-04-23T12:04:44.967+0700] {dagbag.py:588} INFO - Filling up the DagBag from /home/minhle/mlops/dags/data_pipeline.py
[2025-04-23T12:04:45.507+0700] {processor.py:925} INFO - DAG(s) 'data_pipeline_v01' retrieved from /home/minhle/mlops/dags/data_pipeline.py
[2025-04-23T12:04:45.514+0700] {logging_mixin.py:190} INFO - [2025-04-23T12:04:45.514+0700] {dag.py:3239} INFO - Sync 1 DAGs
[2025-04-23T12:04:45.522+0700] {logging_mixin.py:190} INFO - [2025-04-23T12:04:45.522+0700] {dag.py:4180} INFO - Setting next_dagrun for data_pipeline_v01 to 2024-10-25 00:00:00+00:00, run_after=2024-10-26 00:00:00+00:00
[2025-04-23T12:04:45.742+0700] {processor.py:208} INFO - Processing /home/minhle/mlops/dags/data_pipeline.py took 0.783 seconds
[2025-04-23T12:05:15.842+0700] {processor.py:186} INFO - Started process (PID=322176) to work on /home/minhle/mlops/dags/data_pipeline.py
[2025-04-23T12:05:15.849+0700] {processor.py:914} INFO - Processing file /home/minhle/mlops/dags/data_pipeline.py for tasks to queue
[2025-04-23T12:05:15.850+0700] {logging_mixin.py:190} INFO - [2025-04-23T12:05:15.850+0700] {dagbag.py:588} INFO - Filling up the DagBag from /home/minhle/mlops/dags/data_pipeline.py
[2025-04-23T12:05:16.408+0700] {processor.py:925} INFO - DAG(s) 'data_pipeline_v01' retrieved from /home/minhle/mlops/dags/data_pipeline.py
[2025-04-23T12:05:16.415+0700] {logging_mixin.py:190} INFO - [2025-04-23T12:05:16.415+0700] {dag.py:3239} INFO - Sync 1 DAGs
[2025-04-23T12:05:16.423+0700] {logging_mixin.py:190} INFO - [2025-04-23T12:05:16.423+0700] {dag.py:4180} INFO - Setting next_dagrun for data_pipeline_v01 to 2024-10-25 00:00:00+00:00, run_after=2024-10-26 00:00:00+00:00
[2025-04-23T12:05:16.503+0700] {processor.py:208} INFO - Processing /home/minhle/mlops/dags/data_pipeline.py took 0.664 seconds
[2025-04-23T12:05:46.627+0700] {processor.py:186} INFO - Started process (PID=322349) to work on /home/minhle/mlops/dags/data_pipeline.py
[2025-04-23T12:05:46.628+0700] {processor.py:914} INFO - Processing file /home/minhle/mlops/dags/data_pipeline.py for tasks to queue
[2025-04-23T12:05:46.629+0700] {logging_mixin.py:190} INFO - [2025-04-23T12:05:46.629+0700] {dagbag.py:588} INFO - Filling up the DagBag from /home/minhle/mlops/dags/data_pipeline.py
[2025-04-23T12:05:47.168+0700] {processor.py:925} INFO - DAG(s) 'data_pipeline_v01' retrieved from /home/minhle/mlops/dags/data_pipeline.py
[2025-04-23T12:05:47.174+0700] {logging_mixin.py:190} INFO - [2025-04-23T12:05:47.174+0700] {dag.py:3239} INFO - Sync 1 DAGs
[2025-04-23T12:05:47.182+0700] {logging_mixin.py:190} INFO - [2025-04-23T12:05:47.182+0700] {dag.py:4180} INFO - Setting next_dagrun for data_pipeline_v01 to 2024-10-25 00:00:00+00:00, run_after=2024-10-26 00:00:00+00:00
[2025-04-23T12:05:47.252+0700] {processor.py:208} INFO - Processing /home/minhle/mlops/dags/data_pipeline.py took 0.631 seconds
[2025-04-23T12:06:17.411+0700] {processor.py:186} INFO - Started process (PID=322433) to work on /home/minhle/mlops/dags/data_pipeline.py
[2025-04-23T12:06:17.419+0700] {processor.py:914} INFO - Processing file /home/minhle/mlops/dags/data_pipeline.py for tasks to queue
[2025-04-23T12:06:17.422+0700] {logging_mixin.py:190} INFO - [2025-04-23T12:06:17.422+0700] {dagbag.py:588} INFO - Filling up the DagBag from /home/minhle/mlops/dags/data_pipeline.py
[2025-04-23T12:06:17.963+0700] {processor.py:925} INFO - DAG(s) 'data_pipeline_v01' retrieved from /home/minhle/mlops/dags/data_pipeline.py
[2025-04-23T12:06:17.970+0700] {logging_mixin.py:190} INFO - [2025-04-23T12:06:17.970+0700] {dag.py:3239} INFO - Sync 1 DAGs
[2025-04-23T12:06:17.979+0700] {logging_mixin.py:190} INFO - [2025-04-23T12:06:17.979+0700] {dag.py:4180} INFO - Setting next_dagrun for data_pipeline_v01 to 2024-10-25 00:00:00+00:00, run_after=2024-10-26 00:00:00+00:00
[2025-04-23T12:06:18.049+0700] {processor.py:208} INFO - Processing /home/minhle/mlops/dags/data_pipeline.py took 0.642 seconds
[2025-04-23T12:06:48.189+0700] {processor.py:186} INFO - Started process (PID=322474) to work on /home/minhle/mlops/dags/data_pipeline.py
[2025-04-23T12:06:48.189+0700] {processor.py:914} INFO - Processing file /home/minhle/mlops/dags/data_pipeline.py for tasks to queue
[2025-04-23T12:06:48.190+0700] {logging_mixin.py:190} INFO - [2025-04-23T12:06:48.190+0700] {dagbag.py:588} INFO - Filling up the DagBag from /home/minhle/mlops/dags/data_pipeline.py
[2025-04-23T12:06:48.758+0700] {processor.py:925} INFO - DAG(s) 'data_pipeline_v01' retrieved from /home/minhle/mlops/dags/data_pipeline.py
[2025-04-23T12:06:48.765+0700] {logging_mixin.py:190} INFO - [2025-04-23T12:06:48.765+0700] {dag.py:3239} INFO - Sync 1 DAGs
[2025-04-23T12:06:48.773+0700] {logging_mixin.py:190} INFO - [2025-04-23T12:06:48.773+0700] {dag.py:4180} INFO - Setting next_dagrun for data_pipeline_v01 to 2024-10-25 00:00:00+00:00, run_after=2024-10-26 00:00:00+00:00
[2025-04-23T12:06:48.864+0700] {processor.py:208} INFO - Processing /home/minhle/mlops/dags/data_pipeline.py took 0.681 seconds
[2025-04-23T12:07:19.054+0700] {processor.py:186} INFO - Started process (PID=322514) to work on /home/minhle/mlops/dags/data_pipeline.py
[2025-04-23T12:07:19.059+0700] {processor.py:914} INFO - Processing file /home/minhle/mlops/dags/data_pipeline.py for tasks to queue
[2025-04-23T12:07:19.064+0700] {logging_mixin.py:190} INFO - [2025-04-23T12:07:19.064+0700] {dagbag.py:588} INFO - Filling up the DagBag from /home/minhle/mlops/dags/data_pipeline.py
[2025-04-23T12:07:19.626+0700] {processor.py:925} INFO - DAG(s) 'data_pipeline_v01' retrieved from /home/minhle/mlops/dags/data_pipeline.py
[2025-04-23T12:07:19.633+0700] {logging_mixin.py:190} INFO - [2025-04-23T12:07:19.633+0700] {dag.py:3239} INFO - Sync 1 DAGs
[2025-04-23T12:07:19.641+0700] {logging_mixin.py:190} INFO - [2025-04-23T12:07:19.641+0700] {dag.py:4180} INFO - Setting next_dagrun for data_pipeline_v01 to 2024-10-25 00:00:00+00:00, run_after=2024-10-26 00:00:00+00:00
[2025-04-23T12:07:19.733+0700] {processor.py:208} INFO - Processing /home/minhle/mlops/dags/data_pipeline.py took 0.690 seconds
[2025-04-23T12:07:49.889+0700] {processor.py:186} INFO - Started process (PID=322554) to work on /home/minhle/mlops/dags/data_pipeline.py
[2025-04-23T12:07:49.890+0700] {processor.py:914} INFO - Processing file /home/minhle/mlops/dags/data_pipeline.py for tasks to queue
[2025-04-23T12:07:49.891+0700] {logging_mixin.py:190} INFO - [2025-04-23T12:07:49.890+0700] {dagbag.py:588} INFO - Filling up the DagBag from /home/minhle/mlops/dags/data_pipeline.py
[2025-04-23T12:07:50.467+0700] {processor.py:925} INFO - DAG(s) 'data_pipeline_v01' retrieved from /home/minhle/mlops/dags/data_pipeline.py
[2025-04-23T12:07:50.473+0700] {logging_mixin.py:190} INFO - [2025-04-23T12:07:50.473+0700] {dag.py:3239} INFO - Sync 1 DAGs
[2025-04-23T12:07:50.481+0700] {logging_mixin.py:190} INFO - [2025-04-23T12:07:50.481+0700] {dag.py:4180} INFO - Setting next_dagrun for data_pipeline_v01 to 2024-10-25 00:00:00+00:00, run_after=2024-10-26 00:00:00+00:00
[2025-04-23T12:07:51.010+0700] {processor.py:208} INFO - Processing /home/minhle/mlops/dags/data_pipeline.py took 1.126 seconds
[2025-04-23T12:08:21.171+0700] {processor.py:186} INFO - Started process (PID=322599) to work on /home/minhle/mlops/dags/data_pipeline.py
[2025-04-23T12:08:21.179+0700] {processor.py:914} INFO - Processing file /home/minhle/mlops/dags/data_pipeline.py for tasks to queue
[2025-04-23T12:08:21.183+0700] {logging_mixin.py:190} INFO - [2025-04-23T12:08:21.182+0700] {dagbag.py:588} INFO - Filling up the DagBag from /home/minhle/mlops/dags/data_pipeline.py
[2025-04-23T12:08:21.738+0700] {processor.py:925} INFO - DAG(s) 'data_pipeline_v01' retrieved from /home/minhle/mlops/dags/data_pipeline.py
[2025-04-23T12:08:21.745+0700] {logging_mixin.py:190} INFO - [2025-04-23T12:08:21.745+0700] {dag.py:3239} INFO - Sync 1 DAGs
[2025-04-23T12:08:21.752+0700] {logging_mixin.py:190} INFO - [2025-04-23T12:08:21.752+0700] {dag.py:4180} INFO - Setting next_dagrun for data_pipeline_v01 to 2024-10-25 00:00:00+00:00, run_after=2024-10-26 00:00:00+00:00
[2025-04-23T12:08:21.823+0700] {processor.py:208} INFO - Processing /home/minhle/mlops/dags/data_pipeline.py took 0.657 seconds
[2025-04-23T12:08:51.961+0700] {processor.py:186} INFO - Started process (PID=322650) to work on /home/minhle/mlops/dags/data_pipeline.py
[2025-04-23T12:08:51.961+0700] {processor.py:914} INFO - Processing file /home/minhle/mlops/dags/data_pipeline.py for tasks to queue
[2025-04-23T12:08:51.963+0700] {logging_mixin.py:190} INFO - [2025-04-23T12:08:51.962+0700] {dagbag.py:588} INFO - Filling up the DagBag from /home/minhle/mlops/dags/data_pipeline.py
[2025-04-23T12:08:52.503+0700] {processor.py:925} INFO - DAG(s) 'data_pipeline_v01' retrieved from /home/minhle/mlops/dags/data_pipeline.py
[2025-04-23T12:08:52.510+0700] {logging_mixin.py:190} INFO - [2025-04-23T12:08:52.510+0700] {dag.py:3239} INFO - Sync 1 DAGs
[2025-04-23T12:08:52.518+0700] {logging_mixin.py:190} INFO - [2025-04-23T12:08:52.518+0700] {dag.py:4180} INFO - Setting next_dagrun for data_pipeline_v01 to 2024-10-25 00:00:00+00:00, run_after=2024-10-26 00:00:00+00:00
[2025-04-23T12:08:52.583+0700] {processor.py:208} INFO - Processing /home/minhle/mlops/dags/data_pipeline.py took 0.628 seconds
[2025-04-23T12:09:22.735+0700] {processor.py:186} INFO - Started process (PID=322691) to work on /home/minhle/mlops/dags/data_pipeline.py
[2025-04-23T12:09:22.748+0700] {processor.py:914} INFO - Processing file /home/minhle/mlops/dags/data_pipeline.py for tasks to queue
[2025-04-23T12:09:22.753+0700] {logging_mixin.py:190} INFO - [2025-04-23T12:09:22.752+0700] {dagbag.py:588} INFO - Filling up the DagBag from /home/minhle/mlops/dags/data_pipeline.py
[2025-04-23T12:09:23.324+0700] {processor.py:925} INFO - DAG(s) 'data_pipeline_v01' retrieved from /home/minhle/mlops/dags/data_pipeline.py
[2025-04-23T12:09:23.331+0700] {logging_mixin.py:190} INFO - [2025-04-23T12:09:23.330+0700] {dag.py:3239} INFO - Sync 1 DAGs
[2025-04-23T12:09:23.339+0700] {logging_mixin.py:190} INFO - [2025-04-23T12:09:23.338+0700] {dag.py:4180} INFO - Setting next_dagrun for data_pipeline_v01 to 2024-10-25 00:00:00+00:00, run_after=2024-10-26 00:00:00+00:00
[2025-04-23T12:09:23.408+0700] {processor.py:208} INFO - Processing /home/minhle/mlops/dags/data_pipeline.py took 0.679 seconds
[2025-04-23T12:09:53.914+0700] {processor.py:186} INFO - Started process (PID=322731) to work on /home/minhle/mlops/dags/data_pipeline.py
[2025-04-23T12:09:53.915+0700] {processor.py:914} INFO - Processing file /home/minhle/mlops/dags/data_pipeline.py for tasks to queue
[2025-04-23T12:09:53.916+0700] {logging_mixin.py:190} INFO - [2025-04-23T12:09:53.916+0700] {dagbag.py:588} INFO - Filling up the DagBag from /home/minhle/mlops/dags/data_pipeline.py
[2025-04-23T12:09:54.459+0700] {processor.py:925} INFO - DAG(s) 'data_pipeline_v01' retrieved from /home/minhle/mlops/dags/data_pipeline.py
[2025-04-23T12:09:54.466+0700] {logging_mixin.py:190} INFO - [2025-04-23T12:09:54.466+0700] {dag.py:3239} INFO - Sync 1 DAGs
[2025-04-23T12:09:54.477+0700] {logging_mixin.py:190} INFO - [2025-04-23T12:09:54.477+0700] {dag.py:4180} INFO - Setting next_dagrun for data_pipeline_v01 to 2024-10-25 00:00:00+00:00, run_after=2024-10-26 00:00:00+00:00
[2025-04-23T12:09:54.686+0700] {processor.py:208} INFO - Processing /home/minhle/mlops/dags/data_pipeline.py took 0.776 seconds
[2025-04-23T12:10:24.846+0700] {processor.py:186} INFO - Started process (PID=322772) to work on /home/minhle/mlops/dags/data_pipeline.py
[2025-04-23T12:10:24.976+0700] {processor.py:914} INFO - Processing file /home/minhle/mlops/dags/data_pipeline.py for tasks to queue
[2025-04-23T12:10:24.981+0700] {logging_mixin.py:190} INFO - [2025-04-23T12:10:24.981+0700] {dagbag.py:588} INFO - Filling up the DagBag from /home/minhle/mlops/dags/data_pipeline.py
[2025-04-23T12:10:25.529+0700] {processor.py:925} INFO - DAG(s) 'data_pipeline_v01' retrieved from /home/minhle/mlops/dags/data_pipeline.py
[2025-04-23T12:10:25.536+0700] {logging_mixin.py:190} INFO - [2025-04-23T12:10:25.535+0700] {dag.py:3239} INFO - Sync 1 DAGs
[2025-04-23T12:10:25.544+0700] {logging_mixin.py:190} INFO - [2025-04-23T12:10:25.544+0700] {dag.py:4180} INFO - Setting next_dagrun for data_pipeline_v01 to 2024-10-25 00:00:00+00:00, run_after=2024-10-26 00:00:00+00:00
[2025-04-23T12:10:25.620+0700] {processor.py:208} INFO - Processing /home/minhle/mlops/dags/data_pipeline.py took 0.783 seconds
[2025-04-23T12:10:55.734+0700] {processor.py:186} INFO - Started process (PID=322822) to work on /home/minhle/mlops/dags/data_pipeline.py
[2025-04-23T12:10:55.735+0700] {processor.py:914} INFO - Processing file /home/minhle/mlops/dags/data_pipeline.py for tasks to queue
[2025-04-23T12:10:55.736+0700] {logging_mixin.py:190} INFO - [2025-04-23T12:10:55.736+0700] {dagbag.py:588} INFO - Filling up the DagBag from /home/minhle/mlops/dags/data_pipeline.py
[2025-04-23T12:10:56.304+0700] {processor.py:925} INFO - DAG(s) 'data_pipeline_v01' retrieved from /home/minhle/mlops/dags/data_pipeline.py
[2025-04-23T12:10:56.311+0700] {logging_mixin.py:190} INFO - [2025-04-23T12:10:56.310+0700] {dag.py:3239} INFO - Sync 1 DAGs
[2025-04-23T12:10:56.319+0700] {logging_mixin.py:190} INFO - [2025-04-23T12:10:56.318+0700] {dag.py:4180} INFO - Setting next_dagrun for data_pipeline_v01 to 2024-10-25 00:00:00+00:00, run_after=2024-10-26 00:00:00+00:00
[2025-04-23T12:10:56.400+0700] {processor.py:208} INFO - Processing /home/minhle/mlops/dags/data_pipeline.py took 0.671 seconds
[2025-04-23T12:11:26.527+0700] {processor.py:186} INFO - Started process (PID=322889) to work on /home/minhle/mlops/dags/data_pipeline.py
[2025-04-23T12:11:26.534+0700] {processor.py:914} INFO - Processing file /home/minhle/mlops/dags/data_pipeline.py for tasks to queue
[2025-04-23T12:11:26.538+0700] {logging_mixin.py:190} INFO - [2025-04-23T12:11:26.537+0700] {dagbag.py:588} INFO - Filling up the DagBag from /home/minhle/mlops/dags/data_pipeline.py
[2025-04-23T12:11:27.104+0700] {processor.py:925} INFO - DAG(s) 'data_pipeline_v01' retrieved from /home/minhle/mlops/dags/data_pipeline.py
[2025-04-23T12:11:27.111+0700] {logging_mixin.py:190} INFO - [2025-04-23T12:11:27.111+0700] {dag.py:3239} INFO - Sync 1 DAGs
[2025-04-23T12:11:27.118+0700] {logging_mixin.py:190} INFO - [2025-04-23T12:11:27.118+0700] {dag.py:4180} INFO - Setting next_dagrun for data_pipeline_v01 to 2024-10-25 00:00:00+00:00, run_after=2024-10-26 00:00:00+00:00
[2025-04-23T12:11:27.202+0700] {processor.py:208} INFO - Processing /home/minhle/mlops/dags/data_pipeline.py took 0.685 seconds
[2025-04-23T12:11:57.302+0700] {processor.py:186} INFO - Started process (PID=322929) to work on /home/minhle/mlops/dags/data_pipeline.py
[2025-04-23T12:11:57.303+0700] {processor.py:914} INFO - Processing file /home/minhle/mlops/dags/data_pipeline.py for tasks to queue
[2025-04-23T12:11:57.304+0700] {logging_mixin.py:190} INFO - [2025-04-23T12:11:57.304+0700] {dagbag.py:588} INFO - Filling up the DagBag from /home/minhle/mlops/dags/data_pipeline.py
[2025-04-23T12:11:57.868+0700] {processor.py:925} INFO - DAG(s) 'data_pipeline_v01' retrieved from /home/minhle/mlops/dags/data_pipeline.py
[2025-04-23T12:11:57.876+0700] {logging_mixin.py:190} INFO - [2025-04-23T12:11:57.875+0700] {dag.py:3239} INFO - Sync 1 DAGs
[2025-04-23T12:11:57.883+0700] {logging_mixin.py:190} INFO - [2025-04-23T12:11:57.883+0700] {dag.py:4180} INFO - Setting next_dagrun for data_pipeline_v01 to 2024-10-25 00:00:00+00:00, run_after=2024-10-26 00:00:00+00:00
[2025-04-23T12:11:57.968+0700] {processor.py:208} INFO - Processing /home/minhle/mlops/dags/data_pipeline.py took 0.672 seconds
[2025-04-23T12:12:29.509+0700] {processor.py:186} INFO - Started process (PID=322980) to work on /home/minhle/mlops/dags/data_pipeline.py
[2025-04-23T12:12:29.528+0700] {processor.py:914} INFO - Processing file /home/minhle/mlops/dags/data_pipeline.py for tasks to queue
[2025-04-23T12:12:29.532+0700] {logging_mixin.py:190} INFO - [2025-04-23T12:12:29.532+0700] {dagbag.py:588} INFO - Filling up the DagBag from /home/minhle/mlops/dags/data_pipeline.py
[2025-04-23T12:12:30.088+0700] {processor.py:925} INFO - DAG(s) 'data_pipeline_v01' retrieved from /home/minhle/mlops/dags/data_pipeline.py
[2025-04-23T12:12:30.094+0700] {logging_mixin.py:190} INFO - [2025-04-23T12:12:30.094+0700] {dag.py:3239} INFO - Sync 1 DAGs
[2025-04-23T12:12:30.102+0700] {logging_mixin.py:190} INFO - [2025-04-23T12:12:30.102+0700] {dag.py:4180} INFO - Setting next_dagrun for data_pipeline_v01 to 2024-10-25 00:00:00+00:00, run_after=2024-10-26 00:00:00+00:00
[2025-04-23T12:12:30.186+0700] {processor.py:208} INFO - Processing /home/minhle/mlops/dags/data_pipeline.py took 0.685 seconds
[2025-04-23T12:13:00.889+0700] {processor.py:186} INFO - Started process (PID=323020) to work on /home/minhle/mlops/dags/data_pipeline.py
[2025-04-23T12:13:00.889+0700] {processor.py:914} INFO - Processing file /home/minhle/mlops/dags/data_pipeline.py for tasks to queue
[2025-04-23T12:13:00.890+0700] {logging_mixin.py:190} INFO - [2025-04-23T12:13:00.890+0700] {dagbag.py:588} INFO - Filling up the DagBag from /home/minhle/mlops/dags/data_pipeline.py
[2025-04-23T12:13:01.444+0700] {processor.py:925} INFO - DAG(s) 'data_pipeline_v01' retrieved from /home/minhle/mlops/dags/data_pipeline.py
[2025-04-23T12:13:01.451+0700] {logging_mixin.py:190} INFO - [2025-04-23T12:13:01.450+0700] {dag.py:3239} INFO - Sync 1 DAGs
[2025-04-23T12:13:01.458+0700] {logging_mixin.py:190} INFO - [2025-04-23T12:13:01.458+0700] {dag.py:4180} INFO - Setting next_dagrun for data_pipeline_v01 to 2024-10-25 00:00:00+00:00, run_after=2024-10-26 00:00:00+00:00
[2025-04-23T12:13:01.527+0700] {processor.py:208} INFO - Processing /home/minhle/mlops/dags/data_pipeline.py took 0.643 seconds
[2025-04-23T12:13:33.045+0700] {processor.py:186} INFO - Started process (PID=323060) to work on /home/minhle/mlops/dags/data_pipeline.py
[2025-04-23T12:13:33.056+0700] {processor.py:914} INFO - Processing file /home/minhle/mlops/dags/data_pipeline.py for tasks to queue
[2025-04-23T12:13:33.060+0700] {logging_mixin.py:190} INFO - [2025-04-23T12:13:33.059+0700] {dagbag.py:588} INFO - Filling up the DagBag from /home/minhle/mlops/dags/data_pipeline.py
[2025-04-23T12:13:33.625+0700] {processor.py:925} INFO - DAG(s) 'data_pipeline_v01' retrieved from /home/minhle/mlops/dags/data_pipeline.py
[2025-04-23T12:13:33.632+0700] {logging_mixin.py:190} INFO - [2025-04-23T12:13:33.631+0700] {dag.py:3239} INFO - Sync 1 DAGs
[2025-04-23T12:13:33.639+0700] {logging_mixin.py:190} INFO - [2025-04-23T12:13:33.639+0700] {dag.py:4180} INFO - Setting next_dagrun for data_pipeline_v01 to 2024-10-25 00:00:00+00:00, run_after=2024-10-26 00:00:00+00:00
[2025-04-23T12:13:33.709+0700] {processor.py:208} INFO - Processing /home/minhle/mlops/dags/data_pipeline.py took 0.669 seconds
[2025-04-23T12:14:04.039+0700] {processor.py:186} INFO - Started process (PID=323100) to work on /home/minhle/mlops/dags/data_pipeline.py
[2025-04-23T12:14:04.039+0700] {processor.py:914} INFO - Processing file /home/minhle/mlops/dags/data_pipeline.py for tasks to queue
[2025-04-23T12:14:04.041+0700] {logging_mixin.py:190} INFO - [2025-04-23T12:14:04.041+0700] {dagbag.py:588} INFO - Filling up the DagBag from /home/minhle/mlops/dags/data_pipeline.py
[2025-04-23T12:14:04.609+0700] {processor.py:925} INFO - DAG(s) 'data_pipeline_v01' retrieved from /home/minhle/mlops/dags/data_pipeline.py
[2025-04-23T12:14:04.616+0700] {logging_mixin.py:190} INFO - [2025-04-23T12:14:04.616+0700] {dag.py:3239} INFO - Sync 1 DAGs
[2025-04-23T12:14:04.624+0700] {logging_mixin.py:190} INFO - [2025-04-23T12:14:04.624+0700] {dag.py:4180} INFO - Setting next_dagrun for data_pipeline_v01 to 2024-10-25 00:00:00+00:00, run_after=2024-10-26 00:00:00+00:00
[2025-04-23T12:14:04.742+0700] {processor.py:208} INFO - Processing /home/minhle/mlops/dags/data_pipeline.py took 0.708 seconds
[2025-04-23T12:14:35.328+0700] {processor.py:186} INFO - Started process (PID=323141) to work on /home/minhle/mlops/dags/data_pipeline.py
[2025-04-23T12:14:35.342+0700] {processor.py:914} INFO - Processing file /home/minhle/mlops/dags/data_pipeline.py for tasks to queue
[2025-04-23T12:14:35.348+0700] {logging_mixin.py:190} INFO - [2025-04-23T12:14:35.347+0700] {dagbag.py:588} INFO - Filling up the DagBag from /home/minhle/mlops/dags/data_pipeline.py
[2025-04-23T12:14:35.892+0700] {processor.py:925} INFO - DAG(s) 'data_pipeline_v01' retrieved from /home/minhle/mlops/dags/data_pipeline.py
[2025-04-23T12:14:35.898+0700] {logging_mixin.py:190} INFO - [2025-04-23T12:14:35.898+0700] {dag.py:3239} INFO - Sync 1 DAGs
[2025-04-23T12:14:35.906+0700] {logging_mixin.py:190} INFO - [2025-04-23T12:14:35.906+0700] {dag.py:4180} INFO - Setting next_dagrun for data_pipeline_v01 to 2024-10-25 00:00:00+00:00, run_after=2024-10-26 00:00:00+00:00
[2025-04-23T12:14:35.974+0700] {processor.py:208} INFO - Processing /home/minhle/mlops/dags/data_pipeline.py took 0.651 seconds
[2025-04-23T12:15:07.405+0700] {processor.py:186} INFO - Started process (PID=323182) to work on /home/minhle/mlops/dags/data_pipeline.py
[2025-04-23T12:15:07.406+0700] {processor.py:914} INFO - Processing file /home/minhle/mlops/dags/data_pipeline.py for tasks to queue
[2025-04-23T12:15:07.407+0700] {logging_mixin.py:190} INFO - [2025-04-23T12:15:07.407+0700] {dagbag.py:588} INFO - Filling up the DagBag from /home/minhle/mlops/dags/data_pipeline.py
[2025-04-23T12:15:07.996+0700] {processor.py:925} INFO - DAG(s) 'data_pipeline_v01' retrieved from /home/minhle/mlops/dags/data_pipeline.py
[2025-04-23T12:15:08.003+0700] {logging_mixin.py:190} INFO - [2025-04-23T12:15:08.003+0700] {dag.py:3239} INFO - Sync 1 DAGs
[2025-04-23T12:15:08.011+0700] {logging_mixin.py:190} INFO - [2025-04-23T12:15:08.011+0700] {dag.py:4180} INFO - Setting next_dagrun for data_pipeline_v01 to 2024-10-25 00:00:00+00:00, run_after=2024-10-26 00:00:00+00:00
[2025-04-23T12:15:08.096+0700] {processor.py:208} INFO - Processing /home/minhle/mlops/dags/data_pipeline.py took 0.697 seconds
[2025-04-23T12:15:39.398+0700] {processor.py:186} INFO - Started process (PID=323222) to work on /home/minhle/mlops/dags/data_pipeline.py
[2025-04-23T12:15:39.399+0700] {processor.py:914} INFO - Processing file /home/minhle/mlops/dags/data_pipeline.py for tasks to queue
[2025-04-23T12:15:39.401+0700] {logging_mixin.py:190} INFO - [2025-04-23T12:15:39.400+0700] {dagbag.py:588} INFO - Filling up the DagBag from /home/minhle/mlops/dags/data_pipeline.py
[2025-04-23T12:15:39.964+0700] {processor.py:925} INFO - DAG(s) 'data_pipeline_v01' retrieved from /home/minhle/mlops/dags/data_pipeline.py
[2025-04-23T12:15:39.970+0700] {logging_mixin.py:190} INFO - [2025-04-23T12:15:39.970+0700] {dag.py:3239} INFO - Sync 1 DAGs
[2025-04-23T12:15:39.978+0700] {logging_mixin.py:190} INFO - [2025-04-23T12:15:39.978+0700] {dag.py:4180} INFO - Setting next_dagrun for data_pipeline_v01 to 2024-10-25 00:00:00+00:00, run_after=2024-10-26 00:00:00+00:00
[2025-04-23T12:15:40.067+0700] {processor.py:208} INFO - Processing /home/minhle/mlops/dags/data_pipeline.py took 0.675 seconds
[2025-04-23T12:16:10.615+0700] {processor.py:186} INFO - Started process (PID=323300) to work on /home/minhle/mlops/dags/data_pipeline.py
[2025-04-23T12:16:10.615+0700] {processor.py:914} INFO - Processing file /home/minhle/mlops/dags/data_pipeline.py for tasks to queue
[2025-04-23T12:16:10.617+0700] {logging_mixin.py:190} INFO - [2025-04-23T12:16:10.616+0700] {dagbag.py:588} INFO - Filling up the DagBag from /home/minhle/mlops/dags/data_pipeline.py
[2025-04-23T12:16:11.158+0700] {processor.py:925} INFO - DAG(s) 'data_pipeline_v01' retrieved from /home/minhle/mlops/dags/data_pipeline.py
[2025-04-23T12:16:11.166+0700] {logging_mixin.py:190} INFO - [2025-04-23T12:16:11.165+0700] {dag.py:3239} INFO - Sync 1 DAGs
[2025-04-23T12:16:11.173+0700] {logging_mixin.py:190} INFO - [2025-04-23T12:16:11.173+0700] {dag.py:4180} INFO - Setting next_dagrun for data_pipeline_v01 to 2024-10-25 00:00:00+00:00, run_after=2024-10-26 00:00:00+00:00
[2025-04-23T12:16:11.308+0700] {processor.py:208} INFO - Processing /home/minhle/mlops/dags/data_pipeline.py took 0.698 seconds
[2025-04-23T12:16:41.359+0700] {processor.py:186} INFO - Started process (PID=323341) to work on /home/minhle/mlops/dags/data_pipeline.py
[2025-04-23T12:16:41.372+0700] {processor.py:914} INFO - Processing file /home/minhle/mlops/dags/data_pipeline.py for tasks to queue
[2025-04-23T12:16:41.377+0700] {logging_mixin.py:190} INFO - [2025-04-23T12:16:41.376+0700] {dagbag.py:588} INFO - Filling up the DagBag from /home/minhle/mlops/dags/data_pipeline.py
[2025-04-23T12:16:41.929+0700] {processor.py:925} INFO - DAG(s) 'data_pipeline_v01' retrieved from /home/minhle/mlops/dags/data_pipeline.py
[2025-04-23T12:16:41.936+0700] {logging_mixin.py:190} INFO - [2025-04-23T12:16:41.936+0700] {dag.py:3239} INFO - Sync 1 DAGs
[2025-04-23T12:16:41.944+0700] {logging_mixin.py:190} INFO - [2025-04-23T12:16:41.944+0700] {dag.py:4180} INFO - Setting next_dagrun for data_pipeline_v01 to 2024-10-25 00:00:00+00:00, run_after=2024-10-26 00:00:00+00:00
[2025-04-23T12:16:42.015+0700] {processor.py:208} INFO - Processing /home/minhle/mlops/dags/data_pipeline.py took 0.663 seconds
[2025-04-23T12:17:12.484+0700] {processor.py:186} INFO - Started process (PID=323394) to work on /home/minhle/mlops/dags/data_pipeline.py
[2025-04-23T12:17:12.484+0700] {processor.py:914} INFO - Processing file /home/minhle/mlops/dags/data_pipeline.py for tasks to queue
[2025-04-23T12:17:12.485+0700] {logging_mixin.py:190} INFO - [2025-04-23T12:17:12.485+0700] {dagbag.py:588} INFO - Filling up the DagBag from /home/minhle/mlops/dags/data_pipeline.py
[2025-04-23T12:17:13.041+0700] {processor.py:925} INFO - DAG(s) 'data_pipeline_v01' retrieved from /home/minhle/mlops/dags/data_pipeline.py
[2025-04-23T12:17:13.048+0700] {logging_mixin.py:190} INFO - [2025-04-23T12:17:13.048+0700] {dag.py:3239} INFO - Sync 1 DAGs
[2025-04-23T12:17:13.055+0700] {logging_mixin.py:190} INFO - [2025-04-23T12:17:13.055+0700] {dag.py:4180} INFO - Setting next_dagrun for data_pipeline_v01 to 2024-10-25 00:00:00+00:00, run_after=2024-10-26 00:00:00+00:00
[2025-04-23T12:17:13.123+0700] {processor.py:208} INFO - Processing /home/minhle/mlops/dags/data_pipeline.py took 0.646 seconds
[2025-04-23T12:17:44.102+0700] {processor.py:186} INFO - Started process (PID=323434) to work on /home/minhle/mlops/dags/data_pipeline.py
[2025-04-23T12:17:44.116+0700] {processor.py:914} INFO - Processing file /home/minhle/mlops/dags/data_pipeline.py for tasks to queue
[2025-04-23T12:17:44.121+0700] {logging_mixin.py:190} INFO - [2025-04-23T12:17:44.120+0700] {dagbag.py:588} INFO - Filling up the DagBag from /home/minhle/mlops/dags/data_pipeline.py
[2025-04-23T12:17:44.678+0700] {processor.py:925} INFO - DAG(s) 'data_pipeline_v01' retrieved from /home/minhle/mlops/dags/data_pipeline.py
[2025-04-23T12:17:44.685+0700] {logging_mixin.py:190} INFO - [2025-04-23T12:17:44.685+0700] {dag.py:3239} INFO - Sync 1 DAGs
[2025-04-23T12:17:44.692+0700] {logging_mixin.py:190} INFO - [2025-04-23T12:17:44.692+0700] {dag.py:4180} INFO - Setting next_dagrun for data_pipeline_v01 to 2024-10-25 00:00:00+00:00, run_after=2024-10-26 00:00:00+00:00
[2025-04-23T12:17:44.791+0700] {processor.py:208} INFO - Processing /home/minhle/mlops/dags/data_pipeline.py took 0.697 seconds
[2025-04-23T12:18:15.088+0700] {processor.py:186} INFO - Started process (PID=323486) to work on /home/minhle/mlops/dags/data_pipeline.py
[2025-04-23T12:18:15.089+0700] {processor.py:914} INFO - Processing file /home/minhle/mlops/dags/data_pipeline.py for tasks to queue
[2025-04-23T12:18:15.090+0700] {logging_mixin.py:190} INFO - [2025-04-23T12:18:15.090+0700] {dagbag.py:588} INFO - Filling up the DagBag from /home/minhle/mlops/dags/data_pipeline.py
[2025-04-23T12:18:15.636+0700] {processor.py:925} INFO - DAG(s) 'data_pipeline_v01' retrieved from /home/minhle/mlops/dags/data_pipeline.py
[2025-04-23T12:18:15.642+0700] {logging_mixin.py:190} INFO - [2025-04-23T12:18:15.642+0700] {dag.py:3239} INFO - Sync 1 DAGs
[2025-04-23T12:18:15.650+0700] {logging_mixin.py:190} INFO - [2025-04-23T12:18:15.650+0700] {dag.py:4180} INFO - Setting next_dagrun for data_pipeline_v01 to 2024-10-25 00:00:00+00:00, run_after=2024-10-26 00:00:00+00:00
[2025-04-23T12:18:15.726+0700] {processor.py:208} INFO - Processing /home/minhle/mlops/dags/data_pipeline.py took 0.643 seconds
[2025-04-23T12:18:45.870+0700] {processor.py:186} INFO - Started process (PID=323528) to work on /home/minhle/mlops/dags/data_pipeline.py
[2025-04-23T12:18:45.878+0700] {processor.py:914} INFO - Processing file /home/minhle/mlops/dags/data_pipeline.py for tasks to queue
[2025-04-23T12:18:45.882+0700] {logging_mixin.py:190} INFO - [2025-04-23T12:18:45.881+0700] {dagbag.py:588} INFO - Filling up the DagBag from /home/minhle/mlops/dags/data_pipeline.py
[2025-04-23T12:18:46.443+0700] {processor.py:925} INFO - DAG(s) 'data_pipeline_v01' retrieved from /home/minhle/mlops/dags/data_pipeline.py
[2025-04-23T12:18:46.450+0700] {logging_mixin.py:190} INFO - [2025-04-23T12:18:46.450+0700] {dag.py:3239} INFO - Sync 1 DAGs
[2025-04-23T12:18:46.458+0700] {logging_mixin.py:190} INFO - [2025-04-23T12:18:46.458+0700] {dag.py:4180} INFO - Setting next_dagrun for data_pipeline_v01 to 2024-10-25 00:00:00+00:00, run_after=2024-10-26 00:00:00+00:00
[2025-04-23T12:18:46.539+0700] {processor.py:208} INFO - Processing /home/minhle/mlops/dags/data_pipeline.py took 0.675 seconds
[2025-04-23T12:19:16.628+0700] {processor.py:186} INFO - Started process (PID=323568) to work on /home/minhle/mlops/dags/data_pipeline.py
[2025-04-23T12:19:16.628+0700] {processor.py:914} INFO - Processing file /home/minhle/mlops/dags/data_pipeline.py for tasks to queue
[2025-04-23T12:19:16.630+0700] {logging_mixin.py:190} INFO - [2025-04-23T12:19:16.629+0700] {dagbag.py:588} INFO - Filling up the DagBag from /home/minhle/mlops/dags/data_pipeline.py
[2025-04-23T12:19:17.192+0700] {processor.py:925} INFO - DAG(s) 'data_pipeline_v01' retrieved from /home/minhle/mlops/dags/data_pipeline.py
[2025-04-23T12:19:17.199+0700] {logging_mixin.py:190} INFO - [2025-04-23T12:19:17.199+0700] {dag.py:3239} INFO - Sync 1 DAGs
[2025-04-23T12:19:17.207+0700] {logging_mixin.py:190} INFO - [2025-04-23T12:19:17.207+0700] {dag.py:4180} INFO - Setting next_dagrun for data_pipeline_v01 to 2024-10-25 00:00:00+00:00, run_after=2024-10-26 00:00:00+00:00
[2025-04-23T12:19:17.337+0700] {processor.py:208} INFO - Processing /home/minhle/mlops/dags/data_pipeline.py took 0.714 seconds
[2025-04-23T12:19:47.521+0700] {processor.py:186} INFO - Started process (PID=323608) to work on /home/minhle/mlops/dags/data_pipeline.py
[2025-04-23T12:19:47.550+0700] {processor.py:914} INFO - Processing file /home/minhle/mlops/dags/data_pipeline.py for tasks to queue
[2025-04-23T12:19:47.555+0700] {logging_mixin.py:190} INFO - [2025-04-23T12:19:47.554+0700] {dagbag.py:588} INFO - Filling up the DagBag from /home/minhle/mlops/dags/data_pipeline.py
[2025-04-23T12:19:48.108+0700] {processor.py:925} INFO - DAG(s) 'data_pipeline_v01' retrieved from /home/minhle/mlops/dags/data_pipeline.py
[2025-04-23T12:19:48.114+0700] {logging_mixin.py:190} INFO - [2025-04-23T12:19:48.114+0700] {dag.py:3239} INFO - Sync 1 DAGs
[2025-04-23T12:19:48.122+0700] {logging_mixin.py:190} INFO - [2025-04-23T12:19:48.122+0700] {dag.py:4180} INFO - Setting next_dagrun for data_pipeline_v01 to 2024-10-25 00:00:00+00:00, run_after=2024-10-26 00:00:00+00:00
[2025-04-23T12:19:48.424+0700] {processor.py:208} INFO - Processing /home/minhle/mlops/dags/data_pipeline.py took 0.911 seconds
[2025-04-23T12:20:18.601+0700] {processor.py:186} INFO - Started process (PID=323650) to work on /home/minhle/mlops/dags/data_pipeline.py
[2025-04-23T12:20:18.602+0700] {processor.py:914} INFO - Processing file /home/minhle/mlops/dags/data_pipeline.py for tasks to queue
[2025-04-23T12:20:18.603+0700] {logging_mixin.py:190} INFO - [2025-04-23T12:20:18.603+0700] {dagbag.py:588} INFO - Filling up the DagBag from /home/minhle/mlops/dags/data_pipeline.py
[2025-04-23T12:20:19.159+0700] {processor.py:925} INFO - DAG(s) 'data_pipeline_v01' retrieved from /home/minhle/mlops/dags/data_pipeline.py
[2025-04-23T12:20:19.166+0700] {logging_mixin.py:190} INFO - [2025-04-23T12:20:19.166+0700] {dag.py:3239} INFO - Sync 1 DAGs
[2025-04-23T12:20:19.174+0700] {logging_mixin.py:190} INFO - [2025-04-23T12:20:19.174+0700] {dag.py:4180} INFO - Setting next_dagrun for data_pipeline_v01 to 2024-10-25 00:00:00+00:00, run_after=2024-10-26 00:00:00+00:00
[2025-04-23T12:20:19.240+0700] {processor.py:208} INFO - Processing /home/minhle/mlops/dags/data_pipeline.py took 0.645 seconds
[2025-04-23T12:20:49.387+0700] {processor.py:186} INFO - Started process (PID=323690) to work on /home/minhle/mlops/dags/data_pipeline.py
[2025-04-23T12:20:49.391+0700] {processor.py:914} INFO - Processing file /home/minhle/mlops/dags/data_pipeline.py for tasks to queue
[2025-04-23T12:20:49.394+0700] {logging_mixin.py:190} INFO - [2025-04-23T12:20:49.393+0700] {dagbag.py:588} INFO - Filling up the DagBag from /home/minhle/mlops/dags/data_pipeline.py
[2025-04-23T12:20:49.942+0700] {processor.py:925} INFO - DAG(s) 'data_pipeline_v01' retrieved from /home/minhle/mlops/dags/data_pipeline.py
[2025-04-23T12:20:49.950+0700] {logging_mixin.py:190} INFO - [2025-04-23T12:20:49.949+0700] {dag.py:3239} INFO - Sync 1 DAGs
[2025-04-23T12:20:49.957+0700] {logging_mixin.py:190} INFO - [2025-04-23T12:20:49.957+0700] {dag.py:4180} INFO - Setting next_dagrun for data_pipeline_v01 to 2024-10-25 00:00:00+00:00, run_after=2024-10-26 00:00:00+00:00
[2025-04-23T12:20:50.404+0700] {processor.py:208} INFO - Processing /home/minhle/mlops/dags/data_pipeline.py took 1.022 seconds
[2025-04-23T12:21:20.584+0700] {processor.py:186} INFO - Started process (PID=323767) to work on /home/minhle/mlops/dags/data_pipeline.py
[2025-04-23T12:21:20.584+0700] {processor.py:914} INFO - Processing file /home/minhle/mlops/dags/data_pipeline.py for tasks to queue
[2025-04-23T12:21:20.585+0700] {logging_mixin.py:190} INFO - [2025-04-23T12:21:20.585+0700] {dagbag.py:588} INFO - Filling up the DagBag from /home/minhle/mlops/dags/data_pipeline.py
[2025-04-23T12:21:21.124+0700] {processor.py:925} INFO - DAG(s) 'data_pipeline_v01' retrieved from /home/minhle/mlops/dags/data_pipeline.py
[2025-04-23T12:21:21.131+0700] {logging_mixin.py:190} INFO - [2025-04-23T12:21:21.131+0700] {dag.py:3239} INFO - Sync 1 DAGs
[2025-04-23T12:21:21.138+0700] {logging_mixin.py:190} INFO - [2025-04-23T12:21:21.138+0700] {dag.py:4180} INFO - Setting next_dagrun for data_pipeline_v01 to 2024-10-25 00:00:00+00:00, run_after=2024-10-26 00:00:00+00:00
[2025-04-23T12:21:21.250+0700] {processor.py:208} INFO - Processing /home/minhle/mlops/dags/data_pipeline.py took 0.673 seconds
[2025-04-23T12:21:51.370+0700] {processor.py:186} INFO - Started process (PID=323807) to work on /home/minhle/mlops/dags/data_pipeline.py
[2025-04-23T12:21:51.419+0700] {processor.py:914} INFO - Processing file /home/minhle/mlops/dags/data_pipeline.py for tasks to queue
[2025-04-23T12:21:51.425+0700] {logging_mixin.py:190} INFO - [2025-04-23T12:21:51.424+0700] {dagbag.py:588} INFO - Filling up the DagBag from /home/minhle/mlops/dags/data_pipeline.py
[2025-04-23T12:21:51.977+0700] {processor.py:925} INFO - DAG(s) 'data_pipeline_v01' retrieved from /home/minhle/mlops/dags/data_pipeline.py
[2025-04-23T12:21:51.984+0700] {logging_mixin.py:190} INFO - [2025-04-23T12:21:51.984+0700] {dag.py:3239} INFO - Sync 1 DAGs
[2025-04-23T12:21:51.991+0700] {logging_mixin.py:190} INFO - [2025-04-23T12:21:51.991+0700] {dag.py:4180} INFO - Setting next_dagrun for data_pipeline_v01 to 2024-10-25 00:00:00+00:00, run_after=2024-10-26 00:00:00+00:00
[2025-04-23T12:21:52.413+0700] {processor.py:208} INFO - Processing /home/minhle/mlops/dags/data_pipeline.py took 1.054 seconds
[2025-04-23T12:22:22.559+0700] {processor.py:186} INFO - Started process (PID=323850) to work on /home/minhle/mlops/dags/data_pipeline.py
[2025-04-23T12:22:22.560+0700] {processor.py:914} INFO - Processing file /home/minhle/mlops/dags/data_pipeline.py for tasks to queue
[2025-04-23T12:22:22.564+0700] {logging_mixin.py:190} INFO - [2025-04-23T12:22:22.564+0700] {dagbag.py:588} INFO - Filling up the DagBag from /home/minhle/mlops/dags/data_pipeline.py
[2025-04-23T12:22:23.114+0700] {processor.py:925} INFO - DAG(s) 'data_pipeline_v01' retrieved from /home/minhle/mlops/dags/data_pipeline.py
[2025-04-23T12:22:23.121+0700] {logging_mixin.py:190} INFO - [2025-04-23T12:22:23.120+0700] {dag.py:3239} INFO - Sync 1 DAGs
[2025-04-23T12:22:23.128+0700] {logging_mixin.py:190} INFO - [2025-04-23T12:22:23.128+0700] {dag.py:4180} INFO - Setting next_dagrun for data_pipeline_v01 to 2024-10-25 00:00:00+00:00, run_after=2024-10-26 00:00:00+00:00
[2025-04-23T12:22:23.542+0700] {processor.py:208} INFO - Processing /home/minhle/mlops/dags/data_pipeline.py took 0.992 seconds
[2025-04-23T12:22:53.648+0700] {processor.py:186} INFO - Started process (PID=323890) to work on /home/minhle/mlops/dags/data_pipeline.py
[2025-04-23T12:22:53.648+0700] {processor.py:914} INFO - Processing file /home/minhle/mlops/dags/data_pipeline.py for tasks to queue
[2025-04-23T12:22:53.649+0700] {logging_mixin.py:190} INFO - [2025-04-23T12:22:53.649+0700] {dagbag.py:588} INFO - Filling up the DagBag from /home/minhle/mlops/dags/data_pipeline.py
[2025-04-23T12:22:54.194+0700] {processor.py:925} INFO - DAG(s) 'data_pipeline_v01' retrieved from /home/minhle/mlops/dags/data_pipeline.py
[2025-04-23T12:22:54.200+0700] {logging_mixin.py:190} INFO - [2025-04-23T12:22:54.200+0700] {dag.py:3239} INFO - Sync 1 DAGs
[2025-04-23T12:22:54.208+0700] {logging_mixin.py:190} INFO - [2025-04-23T12:22:54.208+0700] {dag.py:4180} INFO - Setting next_dagrun for data_pipeline_v01 to 2024-10-25 00:00:00+00:00, run_after=2024-10-26 00:00:00+00:00
[2025-04-23T12:22:54.400+0700] {processor.py:208} INFO - Processing /home/minhle/mlops/dags/data_pipeline.py took 0.757 seconds
[2025-04-23T12:23:24.548+0700] {processor.py:186} INFO - Started process (PID=323930) to work on /home/minhle/mlops/dags/data_pipeline.py
[2025-04-23T12:23:24.549+0700] {processor.py:914} INFO - Processing file /home/minhle/mlops/dags/data_pipeline.py for tasks to queue
[2025-04-23T12:23:24.550+0700] {logging_mixin.py:190} INFO - [2025-04-23T12:23:24.550+0700] {dagbag.py:588} INFO - Filling up the DagBag from /home/minhle/mlops/dags/data_pipeline.py
[2025-04-23T12:23:25.100+0700] {processor.py:925} INFO - DAG(s) 'data_pipeline_v01' retrieved from /home/minhle/mlops/dags/data_pipeline.py
[2025-04-23T12:23:25.107+0700] {logging_mixin.py:190} INFO - [2025-04-23T12:23:25.107+0700] {dag.py:3239} INFO - Sync 1 DAGs
[2025-04-23T12:23:25.115+0700] {logging_mixin.py:190} INFO - [2025-04-23T12:23:25.115+0700] {dag.py:4180} INFO - Setting next_dagrun for data_pipeline_v01 to 2024-10-25 00:00:00+00:00, run_after=2024-10-26 00:00:00+00:00
[2025-04-23T12:23:25.311+0700] {processor.py:208} INFO - Processing /home/minhle/mlops/dags/data_pipeline.py took 0.769 seconds
[2025-04-23T12:23:55.438+0700] {processor.py:186} INFO - Started process (PID=323970) to work on /home/minhle/mlops/dags/data_pipeline.py
[2025-04-23T12:23:55.439+0700] {processor.py:914} INFO - Processing file /home/minhle/mlops/dags/data_pipeline.py for tasks to queue
[2025-04-23T12:23:55.440+0700] {logging_mixin.py:190} INFO - [2025-04-23T12:23:55.439+0700] {dagbag.py:588} INFO - Filling up the DagBag from /home/minhle/mlops/dags/data_pipeline.py
[2025-04-23T12:23:55.989+0700] {processor.py:925} INFO - DAG(s) 'data_pipeline_v01' retrieved from /home/minhle/mlops/dags/data_pipeline.py
[2025-04-23T12:23:55.996+0700] {logging_mixin.py:190} INFO - [2025-04-23T12:23:55.996+0700] {dag.py:3239} INFO - Sync 1 DAGs
[2025-04-23T12:23:56.004+0700] {logging_mixin.py:190} INFO - [2025-04-23T12:23:56.004+0700] {dag.py:4180} INFO - Setting next_dagrun for data_pipeline_v01 to 2024-10-25 00:00:00+00:00, run_after=2024-10-26 00:00:00+00:00
[2025-04-23T12:23:56.083+0700] {processor.py:208} INFO - Processing /home/minhle/mlops/dags/data_pipeline.py took 0.650 seconds
[2025-04-23T12:24:26.219+0700] {processor.py:186} INFO - Started process (PID=324011) to work on /home/minhle/mlops/dags/data_pipeline.py
[2025-04-23T12:24:26.220+0700] {processor.py:914} INFO - Processing file /home/minhle/mlops/dags/data_pipeline.py for tasks to queue
[2025-04-23T12:24:26.222+0700] {logging_mixin.py:190} INFO - [2025-04-23T12:24:26.222+0700] {dagbag.py:588} INFO - Filling up the DagBag from /home/minhle/mlops/dags/data_pipeline.py
[2025-04-23T12:24:26.802+0700] {processor.py:925} INFO - DAG(s) 'data_pipeline_v01' retrieved from /home/minhle/mlops/dags/data_pipeline.py
[2025-04-23T12:24:26.809+0700] {logging_mixin.py:190} INFO - [2025-04-23T12:24:26.809+0700] {dag.py:3239} INFO - Sync 1 DAGs
[2025-04-23T12:24:26.817+0700] {logging_mixin.py:190} INFO - [2025-04-23T12:24:26.817+0700] {dag.py:4180} INFO - Setting next_dagrun for data_pipeline_v01 to 2024-10-25 00:00:00+00:00, run_after=2024-10-26 00:00:00+00:00
[2025-04-23T12:24:27.005+0700] {processor.py:208} INFO - Processing /home/minhle/mlops/dags/data_pipeline.py took 0.791 seconds
[2025-04-23T12:24:57.099+0700] {processor.py:186} INFO - Started process (PID=324051) to work on /home/minhle/mlops/dags/data_pipeline.py
[2025-04-23T12:24:57.100+0700] {processor.py:914} INFO - Processing file /home/minhle/mlops/dags/data_pipeline.py for tasks to queue
[2025-04-23T12:24:57.103+0700] {logging_mixin.py:190} INFO - [2025-04-23T12:24:57.102+0700] {dagbag.py:588} INFO - Filling up the DagBag from /home/minhle/mlops/dags/data_pipeline.py
[2025-04-23T12:24:57.669+0700] {processor.py:925} INFO - DAG(s) 'data_pipeline_v01' retrieved from /home/minhle/mlops/dags/data_pipeline.py
[2025-04-23T12:24:57.676+0700] {logging_mixin.py:190} INFO - [2025-04-23T12:24:57.676+0700] {dag.py:3239} INFO - Sync 1 DAGs
[2025-04-23T12:24:57.684+0700] {logging_mixin.py:190} INFO - [2025-04-23T12:24:57.684+0700] {dag.py:4180} INFO - Setting next_dagrun for data_pipeline_v01 to 2024-10-25 00:00:00+00:00, run_after=2024-10-26 00:00:00+00:00
[2025-04-23T12:24:57.751+0700] {processor.py:208} INFO - Processing /home/minhle/mlops/dags/data_pipeline.py took 0.657 seconds
[2025-04-23T12:25:27.870+0700] {processor.py:186} INFO - Started process (PID=324091) to work on /home/minhle/mlops/dags/data_pipeline.py
[2025-04-23T12:25:27.870+0700] {processor.py:914} INFO - Processing file /home/minhle/mlops/dags/data_pipeline.py for tasks to queue
[2025-04-23T12:25:27.873+0700] {logging_mixin.py:190} INFO - [2025-04-23T12:25:27.872+0700] {dagbag.py:588} INFO - Filling up the DagBag from /home/minhle/mlops/dags/data_pipeline.py
[2025-04-23T12:25:28.418+0700] {processor.py:925} INFO - DAG(s) 'data_pipeline_v01' retrieved from /home/minhle/mlops/dags/data_pipeline.py
[2025-04-23T12:25:28.425+0700] {logging_mixin.py:190} INFO - [2025-04-23T12:25:28.425+0700] {dag.py:3239} INFO - Sync 1 DAGs
[2025-04-23T12:25:28.432+0700] {logging_mixin.py:190} INFO - [2025-04-23T12:25:28.432+0700] {dag.py:4180} INFO - Setting next_dagrun for data_pipeline_v01 to 2024-10-25 00:00:00+00:00, run_after=2024-10-26 00:00:00+00:00
[2025-04-23T12:25:28.507+0700] {processor.py:208} INFO - Processing /home/minhle/mlops/dags/data_pipeline.py took 0.642 seconds
[2025-04-23T12:25:58.716+0700] {processor.py:186} INFO - Started process (PID=324132) to work on /home/minhle/mlops/dags/data_pipeline.py
[2025-04-23T12:25:58.717+0700] {processor.py:914} INFO - Processing file /home/minhle/mlops/dags/data_pipeline.py for tasks to queue
[2025-04-23T12:25:58.719+0700] {logging_mixin.py:190} INFO - [2025-04-23T12:25:58.718+0700] {dagbag.py:588} INFO - Filling up the DagBag from /home/minhle/mlops/dags/data_pipeline.py
[2025-04-23T12:25:59.315+0700] {processor.py:925} INFO - DAG(s) 'data_pipeline_v01' retrieved from /home/minhle/mlops/dags/data_pipeline.py
[2025-04-23T12:25:59.322+0700] {logging_mixin.py:190} INFO - [2025-04-23T12:25:59.321+0700] {dag.py:3239} INFO - Sync 1 DAGs
[2025-04-23T12:25:59.329+0700] {logging_mixin.py:190} INFO - [2025-04-23T12:25:59.329+0700] {dag.py:4180} INFO - Setting next_dagrun for data_pipeline_v01 to 2024-10-25 00:00:00+00:00, run_after=2024-10-26 00:00:00+00:00
[2025-04-23T12:25:59.422+0700] {processor.py:208} INFO - Processing /home/minhle/mlops/dags/data_pipeline.py took 0.711 seconds
[2025-04-23T12:26:29.608+0700] {processor.py:186} INFO - Started process (PID=324200) to work on /home/minhle/mlops/dags/data_pipeline.py
[2025-04-23T12:26:29.609+0700] {processor.py:914} INFO - Processing file /home/minhle/mlops/dags/data_pipeline.py for tasks to queue
[2025-04-23T12:26:29.611+0700] {logging_mixin.py:190} INFO - [2025-04-23T12:26:29.610+0700] {dagbag.py:588} INFO - Filling up the DagBag from /home/minhle/mlops/dags/data_pipeline.py
[2025-04-23T12:26:30.153+0700] {processor.py:925} INFO - DAG(s) 'data_pipeline_v01' retrieved from /home/minhle/mlops/dags/data_pipeline.py
[2025-04-23T12:26:30.159+0700] {logging_mixin.py:190} INFO - [2025-04-23T12:26:30.159+0700] {dag.py:3239} INFO - Sync 1 DAGs
[2025-04-23T12:26:30.167+0700] {logging_mixin.py:190} INFO - [2025-04-23T12:26:30.167+0700] {dag.py:4180} INFO - Setting next_dagrun for data_pipeline_v01 to 2024-10-25 00:00:00+00:00, run_after=2024-10-26 00:00:00+00:00
[2025-04-23T12:26:30.258+0700] {processor.py:208} INFO - Processing /home/minhle/mlops/dags/data_pipeline.py took 0.653 seconds
[2025-04-23T12:27:00.381+0700] {processor.py:186} INFO - Started process (PID=324240) to work on /home/minhle/mlops/dags/data_pipeline.py
[2025-04-23T12:27:00.382+0700] {processor.py:914} INFO - Processing file /home/minhle/mlops/dags/data_pipeline.py for tasks to queue
[2025-04-23T12:27:00.383+0700] {logging_mixin.py:190} INFO - [2025-04-23T12:27:00.383+0700] {dagbag.py:588} INFO - Filling up the DagBag from /home/minhle/mlops/dags/data_pipeline.py
[2025-04-23T12:27:00.943+0700] {processor.py:925} INFO - DAG(s) 'data_pipeline_v01' retrieved from /home/minhle/mlops/dags/data_pipeline.py
[2025-04-23T12:27:00.950+0700] {logging_mixin.py:190} INFO - [2025-04-23T12:27:00.950+0700] {dag.py:3239} INFO - Sync 1 DAGs
[2025-04-23T12:27:00.958+0700] {logging_mixin.py:190} INFO - [2025-04-23T12:27:00.958+0700] {dag.py:4180} INFO - Setting next_dagrun for data_pipeline_v01 to 2024-10-25 00:00:00+00:00, run_after=2024-10-26 00:00:00+00:00
[2025-04-23T12:27:01.061+0700] {processor.py:208} INFO - Processing /home/minhle/mlops/dags/data_pipeline.py took 0.685 seconds
[2025-04-23T12:27:31.192+0700] {processor.py:186} INFO - Started process (PID=324280) to work on /home/minhle/mlops/dags/data_pipeline.py
[2025-04-23T12:27:31.199+0700] {processor.py:914} INFO - Processing file /home/minhle/mlops/dags/data_pipeline.py for tasks to queue
[2025-04-23T12:27:31.203+0700] {logging_mixin.py:190} INFO - [2025-04-23T12:27:31.202+0700] {dagbag.py:588} INFO - Filling up the DagBag from /home/minhle/mlops/dags/data_pipeline.py
[2025-04-23T12:27:31.774+0700] {processor.py:925} INFO - DAG(s) 'data_pipeline_v01' retrieved from /home/minhle/mlops/dags/data_pipeline.py
[2025-04-23T12:27:31.780+0700] {logging_mixin.py:190} INFO - [2025-04-23T12:27:31.780+0700] {dag.py:3239} INFO - Sync 1 DAGs
[2025-04-23T12:27:31.788+0700] {logging_mixin.py:190} INFO - [2025-04-23T12:27:31.788+0700] {dag.py:4180} INFO - Setting next_dagrun for data_pipeline_v01 to 2024-10-25 00:00:00+00:00, run_after=2024-10-26 00:00:00+00:00
[2025-04-23T12:27:31.860+0700] {processor.py:208} INFO - Processing /home/minhle/mlops/dags/data_pipeline.py took 0.674 seconds
[2025-04-23T12:28:02.049+0700] {processor.py:186} INFO - Started process (PID=324320) to work on /home/minhle/mlops/dags/data_pipeline.py
[2025-04-23T12:28:02.050+0700] {processor.py:914} INFO - Processing file /home/minhle/mlops/dags/data_pipeline.py for tasks to queue
[2025-04-23T12:28:02.052+0700] {logging_mixin.py:190} INFO - [2025-04-23T12:28:02.052+0700] {dagbag.py:588} INFO - Filling up the DagBag from /home/minhle/mlops/dags/data_pipeline.py
[2025-04-23T12:28:02.604+0700] {processor.py:925} INFO - DAG(s) 'data_pipeline_v01' retrieved from /home/minhle/mlops/dags/data_pipeline.py
[2025-04-23T12:28:02.611+0700] {logging_mixin.py:190} INFO - [2025-04-23T12:28:02.611+0700] {dag.py:3239} INFO - Sync 1 DAGs
[2025-04-23T12:28:02.619+0700] {logging_mixin.py:190} INFO - [2025-04-23T12:28:02.619+0700] {dag.py:4180} INFO - Setting next_dagrun for data_pipeline_v01 to 2024-10-25 00:00:00+00:00, run_after=2024-10-26 00:00:00+00:00
[2025-04-23T12:28:02.702+0700] {processor.py:208} INFO - Processing /home/minhle/mlops/dags/data_pipeline.py took 0.659 seconds
[2025-04-23T12:28:33.247+0700] {processor.py:186} INFO - Started process (PID=324362) to work on /home/minhle/mlops/dags/data_pipeline.py
[2025-04-23T12:28:33.260+0700] {processor.py:914} INFO - Processing file /home/minhle/mlops/dags/data_pipeline.py for tasks to queue
[2025-04-23T12:28:33.264+0700] {logging_mixin.py:190} INFO - [2025-04-23T12:28:33.264+0700] {dagbag.py:588} INFO - Filling up the DagBag from /home/minhle/mlops/dags/data_pipeline.py
[2025-04-23T12:28:33.805+0700] {processor.py:925} INFO - DAG(s) 'data_pipeline_v01' retrieved from /home/minhle/mlops/dags/data_pipeline.py
[2025-04-23T12:28:33.812+0700] {logging_mixin.py:190} INFO - [2025-04-23T12:28:33.812+0700] {dag.py:3239} INFO - Sync 1 DAGs
[2025-04-23T12:28:33.820+0700] {logging_mixin.py:190} INFO - [2025-04-23T12:28:33.820+0700] {dag.py:4180} INFO - Setting next_dagrun for data_pipeline_v01 to 2024-10-25 00:00:00+00:00, run_after=2024-10-26 00:00:00+00:00
[2025-04-23T12:28:33.913+0700] {processor.py:208} INFO - Processing /home/minhle/mlops/dags/data_pipeline.py took 0.671 seconds
[2025-04-23T12:29:04.068+0700] {processor.py:186} INFO - Started process (PID=324417) to work on /home/minhle/mlops/dags/data_pipeline.py
[2025-04-23T12:29:04.069+0700] {processor.py:914} INFO - Processing file /home/minhle/mlops/dags/data_pipeline.py for tasks to queue
[2025-04-23T12:29:04.071+0700] {logging_mixin.py:190} INFO - [2025-04-23T12:29:04.070+0700] {dagbag.py:588} INFO - Filling up the DagBag from /home/minhle/mlops/dags/data_pipeline.py
[2025-04-23T12:29:04.612+0700] {processor.py:925} INFO - DAG(s) 'data_pipeline_v01' retrieved from /home/minhle/mlops/dags/data_pipeline.py
[2025-04-23T12:29:04.619+0700] {logging_mixin.py:190} INFO - [2025-04-23T12:29:04.619+0700] {dag.py:3239} INFO - Sync 1 DAGs
[2025-04-23T12:29:04.627+0700] {logging_mixin.py:190} INFO - [2025-04-23T12:29:04.627+0700] {dag.py:4180} INFO - Setting next_dagrun for data_pipeline_v01 to 2024-10-25 00:00:00+00:00, run_after=2024-10-26 00:00:00+00:00
[2025-04-23T12:29:04.710+0700] {processor.py:208} INFO - Processing /home/minhle/mlops/dags/data_pipeline.py took 0.647 seconds
[2025-04-23T12:29:34.852+0700] {processor.py:186} INFO - Started process (PID=324457) to work on /home/minhle/mlops/dags/data_pipeline.py
[2025-04-23T12:29:34.866+0700] {processor.py:914} INFO - Processing file /home/minhle/mlops/dags/data_pipeline.py for tasks to queue
[2025-04-23T12:29:34.871+0700] {logging_mixin.py:190} INFO - [2025-04-23T12:29:34.870+0700] {dagbag.py:588} INFO - Filling up the DagBag from /home/minhle/mlops/dags/data_pipeline.py
[2025-04-23T12:29:35.445+0700] {processor.py:925} INFO - DAG(s) 'data_pipeline_v01' retrieved from /home/minhle/mlops/dags/data_pipeline.py
[2025-04-23T12:29:35.453+0700] {logging_mixin.py:190} INFO - [2025-04-23T12:29:35.452+0700] {dag.py:3239} INFO - Sync 1 DAGs
[2025-04-23T12:29:35.460+0700] {logging_mixin.py:190} INFO - [2025-04-23T12:29:35.460+0700] {dag.py:4180} INFO - Setting next_dagrun for data_pipeline_v01 to 2024-10-25 00:00:00+00:00, run_after=2024-10-26 00:00:00+00:00
[2025-04-23T12:29:35.529+0700] {processor.py:208} INFO - Processing /home/minhle/mlops/dags/data_pipeline.py took 0.682 seconds
[2025-04-23T12:30:05.707+0700] {processor.py:186} INFO - Started process (PID=324501) to work on /home/minhle/mlops/dags/data_pipeline.py
[2025-04-23T12:30:05.707+0700] {processor.py:914} INFO - Processing file /home/minhle/mlops/dags/data_pipeline.py for tasks to queue
[2025-04-23T12:30:05.708+0700] {logging_mixin.py:190} INFO - [2025-04-23T12:30:05.708+0700] {dagbag.py:588} INFO - Filling up the DagBag from /home/minhle/mlops/dags/data_pipeline.py
[2025-04-23T12:30:06.248+0700] {processor.py:925} INFO - DAG(s) 'data_pipeline_v01' retrieved from /home/minhle/mlops/dags/data_pipeline.py
[2025-04-23T12:30:06.255+0700] {logging_mixin.py:190} INFO - [2025-04-23T12:30:06.255+0700] {dag.py:3239} INFO - Sync 1 DAGs
[2025-04-23T12:30:06.263+0700] {logging_mixin.py:190} INFO - [2025-04-23T12:30:06.263+0700] {dag.py:4180} INFO - Setting next_dagrun for data_pipeline_v01 to 2024-10-25 00:00:00+00:00, run_after=2024-10-26 00:00:00+00:00
[2025-04-23T12:30:06.332+0700] {processor.py:208} INFO - Processing /home/minhle/mlops/dags/data_pipeline.py took 0.632 seconds
[2025-04-23T12:30:36.686+0700] {processor.py:186} INFO - Started process (PID=324552) to work on /home/minhle/mlops/dags/data_pipeline.py
[2025-04-23T12:30:36.694+0700] {processor.py:914} INFO - Processing file /home/minhle/mlops/dags/data_pipeline.py for tasks to queue
[2025-04-23T12:30:36.700+0700] {logging_mixin.py:190} INFO - [2025-04-23T12:30:36.699+0700] {dagbag.py:588} INFO - Filling up the DagBag from /home/minhle/mlops/dags/data_pipeline.py
[2025-04-23T12:30:37.257+0700] {processor.py:925} INFO - DAG(s) 'data_pipeline_v01' retrieved from /home/minhle/mlops/dags/data_pipeline.py
[2025-04-23T12:30:37.264+0700] {logging_mixin.py:190} INFO - [2025-04-23T12:30:37.264+0700] {dag.py:3239} INFO - Sync 1 DAGs
[2025-04-23T12:30:37.272+0700] {logging_mixin.py:190} INFO - [2025-04-23T12:30:37.272+0700] {dag.py:4180} INFO - Setting next_dagrun for data_pipeline_v01 to 2024-10-25 00:00:00+00:00, run_after=2024-10-26 00:00:00+00:00
[2025-04-23T12:30:37.351+0700] {processor.py:208} INFO - Processing /home/minhle/mlops/dags/data_pipeline.py took 0.673 seconds
[2025-04-23T12:31:07.489+0700] {processor.py:186} INFO - Started process (PID=324619) to work on /home/minhle/mlops/dags/data_pipeline.py
[2025-04-23T12:31:07.489+0700] {processor.py:914} INFO - Processing file /home/minhle/mlops/dags/data_pipeline.py for tasks to queue
[2025-04-23T12:31:07.491+0700] {logging_mixin.py:190} INFO - [2025-04-23T12:31:07.490+0700] {dagbag.py:588} INFO - Filling up the DagBag from /home/minhle/mlops/dags/data_pipeline.py
[2025-04-23T12:31:08.043+0700] {processor.py:925} INFO - DAG(s) 'data_pipeline_v01' retrieved from /home/minhle/mlops/dags/data_pipeline.py
[2025-04-23T12:31:08.049+0700] {logging_mixin.py:190} INFO - [2025-04-23T12:31:08.049+0700] {dag.py:3239} INFO - Sync 1 DAGs
[2025-04-23T12:31:08.057+0700] {logging_mixin.py:190} INFO - [2025-04-23T12:31:08.057+0700] {dag.py:4180} INFO - Setting next_dagrun for data_pipeline_v01 to 2024-10-25 00:00:00+00:00, run_after=2024-10-26 00:00:00+00:00
[2025-04-23T12:31:08.863+0700] {processor.py:208} INFO - Processing /home/minhle/mlops/dags/data_pipeline.py took 1.380 seconds
[2025-04-23T12:31:39.052+0700] {processor.py:186} INFO - Started process (PID=324660) to work on /home/minhle/mlops/dags/data_pipeline.py
[2025-04-23T12:31:39.138+0700] {processor.py:914} INFO - Processing file /home/minhle/mlops/dags/data_pipeline.py for tasks to queue
[2025-04-23T12:31:39.144+0700] {logging_mixin.py:190} INFO - [2025-04-23T12:31:39.144+0700] {dagbag.py:588} INFO - Filling up the DagBag from /home/minhle/mlops/dags/data_pipeline.py
[2025-04-23T12:31:39.692+0700] {processor.py:925} INFO - DAG(s) 'data_pipeline_v01' retrieved from /home/minhle/mlops/dags/data_pipeline.py
[2025-04-23T12:31:39.698+0700] {logging_mixin.py:190} INFO - [2025-04-23T12:31:39.698+0700] {dag.py:3239} INFO - Sync 1 DAGs
[2025-04-23T12:31:39.706+0700] {logging_mixin.py:190} INFO - [2025-04-23T12:31:39.706+0700] {dag.py:4180} INFO - Setting next_dagrun for data_pipeline_v01 to 2024-10-25 00:00:00+00:00, run_after=2024-10-26 00:00:00+00:00
[2025-04-23T12:31:40.290+0700] {processor.py:208} INFO - Processing /home/minhle/mlops/dags/data_pipeline.py took 1.243 seconds
[2025-04-23T12:32:10.473+0700] {processor.py:186} INFO - Started process (PID=324700) to work on /home/minhle/mlops/dags/data_pipeline.py
[2025-04-23T12:32:10.474+0700] {processor.py:914} INFO - Processing file /home/minhle/mlops/dags/data_pipeline.py for tasks to queue
[2025-04-23T12:32:10.475+0700] {logging_mixin.py:190} INFO - [2025-04-23T12:32:10.475+0700] {dagbag.py:588} INFO - Filling up the DagBag from /home/minhle/mlops/dags/data_pipeline.py
[2025-04-23T12:32:11.031+0700] {processor.py:925} INFO - DAG(s) 'data_pipeline_v01' retrieved from /home/minhle/mlops/dags/data_pipeline.py
[2025-04-23T12:32:11.038+0700] {logging_mixin.py:190} INFO - [2025-04-23T12:32:11.038+0700] {dag.py:3239} INFO - Sync 1 DAGs
[2025-04-23T12:32:11.046+0700] {logging_mixin.py:190} INFO - [2025-04-23T12:32:11.046+0700] {dag.py:4180} INFO - Setting next_dagrun for data_pipeline_v01 to 2024-10-25 00:00:00+00:00, run_after=2024-10-26 00:00:00+00:00
[2025-04-23T12:32:11.133+0700] {processor.py:208} INFO - Processing /home/minhle/mlops/dags/data_pipeline.py took 0.665 seconds
[2025-04-23T12:32:41.199+0700] {processor.py:186} INFO - Started process (PID=324741) to work on /home/minhle/mlops/dags/data_pipeline.py
[2025-04-23T12:32:41.207+0700] {processor.py:914} INFO - Processing file /home/minhle/mlops/dags/data_pipeline.py for tasks to queue
[2025-04-23T12:32:41.211+0700] {logging_mixin.py:190} INFO - [2025-04-23T12:32:41.210+0700] {dagbag.py:588} INFO - Filling up the DagBag from /home/minhle/mlops/dags/data_pipeline.py
[2025-04-23T12:32:41.772+0700] {processor.py:925} INFO - DAG(s) 'data_pipeline_v01' retrieved from /home/minhle/mlops/dags/data_pipeline.py
[2025-04-23T12:32:41.779+0700] {logging_mixin.py:190} INFO - [2025-04-23T12:32:41.779+0700] {dag.py:3239} INFO - Sync 1 DAGs
[2025-04-23T12:32:41.787+0700] {logging_mixin.py:190} INFO - [2025-04-23T12:32:41.786+0700] {dag.py:4180} INFO - Setting next_dagrun for data_pipeline_v01 to 2024-10-25 00:00:00+00:00, run_after=2024-10-26 00:00:00+00:00
[2025-04-23T12:32:41.872+0700] {processor.py:208} INFO - Processing /home/minhle/mlops/dags/data_pipeline.py took 0.679 seconds
[2025-04-23T12:33:12.031+0700] {processor.py:186} INFO - Started process (PID=324792) to work on /home/minhle/mlops/dags/data_pipeline.py
[2025-04-23T12:33:12.031+0700] {processor.py:914} INFO - Processing file /home/minhle/mlops/dags/data_pipeline.py for tasks to queue
[2025-04-23T12:33:12.033+0700] {logging_mixin.py:190} INFO - [2025-04-23T12:33:12.033+0700] {dagbag.py:588} INFO - Filling up the DagBag from /home/minhle/mlops/dags/data_pipeline.py
[2025-04-23T12:33:12.578+0700] {processor.py:925} INFO - DAG(s) 'data_pipeline_v01' retrieved from /home/minhle/mlops/dags/data_pipeline.py
[2025-04-23T12:33:12.585+0700] {logging_mixin.py:190} INFO - [2025-04-23T12:33:12.585+0700] {dag.py:3239} INFO - Sync 1 DAGs
[2025-04-23T12:33:12.594+0700] {logging_mixin.py:190} INFO - [2025-04-23T12:33:12.593+0700] {dag.py:4180} INFO - Setting next_dagrun for data_pipeline_v01 to 2024-10-25 00:00:00+00:00, run_after=2024-10-26 00:00:00+00:00
[2025-04-23T12:33:12.680+0700] {processor.py:208} INFO - Processing /home/minhle/mlops/dags/data_pipeline.py took 0.655 seconds
[2025-04-23T12:33:42.847+0700] {processor.py:186} INFO - Started process (PID=324835) to work on /home/minhle/mlops/dags/data_pipeline.py
[2025-04-23T12:33:42.860+0700] {processor.py:914} INFO - Processing file /home/minhle/mlops/dags/data_pipeline.py for tasks to queue
[2025-04-23T12:33:42.865+0700] {logging_mixin.py:190} INFO - [2025-04-23T12:33:42.864+0700] {dagbag.py:588} INFO - Filling up the DagBag from /home/minhle/mlops/dags/data_pipeline.py
[2025-04-23T12:33:43.421+0700] {processor.py:925} INFO - DAG(s) 'data_pipeline_v01' retrieved from /home/minhle/mlops/dags/data_pipeline.py
[2025-04-23T12:33:43.428+0700] {logging_mixin.py:190} INFO - [2025-04-23T12:33:43.428+0700] {dag.py:3239} INFO - Sync 1 DAGs
[2025-04-23T12:33:43.436+0700] {logging_mixin.py:190} INFO - [2025-04-23T12:33:43.436+0700] {dag.py:4180} INFO - Setting next_dagrun for data_pipeline_v01 to 2024-10-25 00:00:00+00:00, run_after=2024-10-26 00:00:00+00:00
[2025-04-23T12:33:43.523+0700] {processor.py:208} INFO - Processing /home/minhle/mlops/dags/data_pipeline.py took 0.684 seconds
[2025-04-23T12:34:14.302+0700] {processor.py:186} INFO - Started process (PID=324876) to work on /home/minhle/mlops/dags/data_pipeline.py
[2025-04-23T12:34:14.303+0700] {processor.py:914} INFO - Processing file /home/minhle/mlops/dags/data_pipeline.py for tasks to queue
[2025-04-23T12:34:14.305+0700] {logging_mixin.py:190} INFO - [2025-04-23T12:34:14.304+0700] {dagbag.py:588} INFO - Filling up the DagBag from /home/minhle/mlops/dags/data_pipeline.py
[2025-04-23T12:34:14.851+0700] {processor.py:925} INFO - DAG(s) 'data_pipeline_v01' retrieved from /home/minhle/mlops/dags/data_pipeline.py
[2025-04-23T12:34:14.859+0700] {logging_mixin.py:190} INFO - [2025-04-23T12:34:14.858+0700] {dag.py:3239} INFO - Sync 1 DAGs
[2025-04-23T12:34:14.866+0700] {logging_mixin.py:190} INFO - [2025-04-23T12:34:14.866+0700] {dag.py:4180} INFO - Setting next_dagrun for data_pipeline_v01 to 2024-10-25 00:00:00+00:00, run_after=2024-10-26 00:00:00+00:00
[2025-04-23T12:34:15.338+0700] {processor.py:208} INFO - Processing /home/minhle/mlops/dags/data_pipeline.py took 1.041 seconds
[2025-04-23T12:34:45.598+0700] {processor.py:186} INFO - Started process (PID=324916) to work on /home/minhle/mlops/dags/data_pipeline.py
[2025-04-23T12:34:45.598+0700] {processor.py:914} INFO - Processing file /home/minhle/mlops/dags/data_pipeline.py for tasks to queue
[2025-04-23T12:34:45.601+0700] {logging_mixin.py:190} INFO - [2025-04-23T12:34:45.600+0700] {dagbag.py:588} INFO - Filling up the DagBag from /home/minhle/mlops/dags/data_pipeline.py
[2025-04-23T12:34:46.153+0700] {processor.py:925} INFO - DAG(s) 'data_pipeline_v01' retrieved from /home/minhle/mlops/dags/data_pipeline.py
[2025-04-23T12:34:46.160+0700] {logging_mixin.py:190} INFO - [2025-04-23T12:34:46.160+0700] {dag.py:3239} INFO - Sync 1 DAGs
[2025-04-23T12:34:46.168+0700] {logging_mixin.py:190} INFO - [2025-04-23T12:34:46.168+0700] {dag.py:4180} INFO - Setting next_dagrun for data_pipeline_v01 to 2024-10-25 00:00:00+00:00, run_after=2024-10-26 00:00:00+00:00
[2025-04-23T12:34:46.271+0700] {processor.py:208} INFO - Processing /home/minhle/mlops/dags/data_pipeline.py took 0.677 seconds
[2025-04-23T12:35:16.394+0700] {processor.py:186} INFO - Started process (PID=324956) to work on /home/minhle/mlops/dags/data_pipeline.py
[2025-04-23T12:35:16.395+0700] {processor.py:914} INFO - Processing file /home/minhle/mlops/dags/data_pipeline.py for tasks to queue
[2025-04-23T12:35:16.398+0700] {logging_mixin.py:190} INFO - [2025-04-23T12:35:16.397+0700] {dagbag.py:588} INFO - Filling up the DagBag from /home/minhle/mlops/dags/data_pipeline.py
[2025-04-23T12:35:16.963+0700] {processor.py:925} INFO - DAG(s) 'data_pipeline_v01' retrieved from /home/minhle/mlops/dags/data_pipeline.py
[2025-04-23T12:35:16.970+0700] {logging_mixin.py:190} INFO - [2025-04-23T12:35:16.970+0700] {dag.py:3239} INFO - Sync 1 DAGs
[2025-04-23T12:35:16.977+0700] {logging_mixin.py:190} INFO - [2025-04-23T12:35:16.977+0700] {dag.py:4180} INFO - Setting next_dagrun for data_pipeline_v01 to 2024-10-25 00:00:00+00:00, run_after=2024-10-26 00:00:00+00:00
[2025-04-23T12:35:17.052+0700] {processor.py:208} INFO - Processing /home/minhle/mlops/dags/data_pipeline.py took 0.664 seconds
[2025-04-23T12:35:47.207+0700] {processor.py:186} INFO - Started process (PID=324996) to work on /home/minhle/mlops/dags/data_pipeline.py
[2025-04-23T12:35:47.208+0700] {processor.py:914} INFO - Processing file /home/minhle/mlops/dags/data_pipeline.py for tasks to queue
[2025-04-23T12:35:47.210+0700] {logging_mixin.py:190} INFO - [2025-04-23T12:35:47.209+0700] {dagbag.py:588} INFO - Filling up the DagBag from /home/minhle/mlops/dags/data_pipeline.py
[2025-04-23T12:35:47.750+0700] {processor.py:925} INFO - DAG(s) 'data_pipeline_v01' retrieved from /home/minhle/mlops/dags/data_pipeline.py
[2025-04-23T12:35:47.757+0700] {logging_mixin.py:190} INFO - [2025-04-23T12:35:47.757+0700] {dag.py:3239} INFO - Sync 1 DAGs
[2025-04-23T12:35:47.764+0700] {logging_mixin.py:190} INFO - [2025-04-23T12:35:47.764+0700] {dag.py:4180} INFO - Setting next_dagrun for data_pipeline_v01 to 2024-10-25 00:00:00+00:00, run_after=2024-10-26 00:00:00+00:00
[2025-04-23T12:35:47.850+0700] {processor.py:208} INFO - Processing /home/minhle/mlops/dags/data_pipeline.py took 0.647 seconds
[2025-04-23T12:36:18.028+0700] {processor.py:186} INFO - Started process (PID=325064) to work on /home/minhle/mlops/dags/data_pipeline.py
[2025-04-23T12:36:18.044+0700] {processor.py:914} INFO - Processing file /home/minhle/mlops/dags/data_pipeline.py for tasks to queue
[2025-04-23T12:36:18.048+0700] {logging_mixin.py:190} INFO - [2025-04-23T12:36:18.047+0700] {dagbag.py:588} INFO - Filling up the DagBag from /home/minhle/mlops/dags/data_pipeline.py
[2025-04-23T12:36:18.601+0700] {processor.py:925} INFO - DAG(s) 'data_pipeline_v01' retrieved from /home/minhle/mlops/dags/data_pipeline.py
[2025-04-23T12:36:18.608+0700] {logging_mixin.py:190} INFO - [2025-04-23T12:36:18.608+0700] {dag.py:3239} INFO - Sync 1 DAGs
[2025-04-23T12:36:18.616+0700] {logging_mixin.py:190} INFO - [2025-04-23T12:36:18.615+0700] {dag.py:4180} INFO - Setting next_dagrun for data_pipeline_v01 to 2024-10-25 00:00:00+00:00, run_after=2024-10-26 00:00:00+00:00
[2025-04-23T12:36:18.709+0700] {processor.py:208} INFO - Processing /home/minhle/mlops/dags/data_pipeline.py took 0.686 seconds
[2025-04-23T12:36:48.810+0700] {processor.py:186} INFO - Started process (PID=325105) to work on /home/minhle/mlops/dags/data_pipeline.py
[2025-04-23T12:36:48.811+0700] {processor.py:914} INFO - Processing file /home/minhle/mlops/dags/data_pipeline.py for tasks to queue
[2025-04-23T12:36:48.813+0700] {logging_mixin.py:190} INFO - [2025-04-23T12:36:48.812+0700] {dagbag.py:588} INFO - Filling up the DagBag from /home/minhle/mlops/dags/data_pipeline.py
[2025-04-23T12:36:49.386+0700] {processor.py:925} INFO - DAG(s) 'data_pipeline_v01' retrieved from /home/minhle/mlops/dags/data_pipeline.py
[2025-04-23T12:36:49.392+0700] {logging_mixin.py:190} INFO - [2025-04-23T12:36:49.392+0700] {dag.py:3239} INFO - Sync 1 DAGs
[2025-04-23T12:36:49.400+0700] {logging_mixin.py:190} INFO - [2025-04-23T12:36:49.400+0700] {dag.py:4180} INFO - Setting next_dagrun for data_pipeline_v01 to 2024-10-25 00:00:00+00:00, run_after=2024-10-26 00:00:00+00:00
[2025-04-23T12:36:49.541+0700] {processor.py:208} INFO - Processing /home/minhle/mlops/dags/data_pipeline.py took 0.736 seconds
[2025-04-23T12:37:19.762+0700] {processor.py:186} INFO - Started process (PID=325145) to work on /home/minhle/mlops/dags/data_pipeline.py
[2025-04-23T12:37:19.902+0700] {processor.py:914} INFO - Processing file /home/minhle/mlops/dags/data_pipeline.py for tasks to queue
[2025-04-23T12:37:19.907+0700] {logging_mixin.py:190} INFO - [2025-04-23T12:37:19.906+0700] {dagbag.py:588} INFO - Filling up the DagBag from /home/minhle/mlops/dags/data_pipeline.py
[2025-04-23T12:37:20.454+0700] {processor.py:925} INFO - DAG(s) 'data_pipeline_v01' retrieved from /home/minhle/mlops/dags/data_pipeline.py
[2025-04-23T12:37:20.461+0700] {logging_mixin.py:190} INFO - [2025-04-23T12:37:20.461+0700] {dag.py:3239} INFO - Sync 1 DAGs
[2025-04-23T12:37:20.469+0700] {logging_mixin.py:190} INFO - [2025-04-23T12:37:20.469+0700] {dag.py:4180} INFO - Setting next_dagrun for data_pipeline_v01 to 2024-10-25 00:00:00+00:00, run_after=2024-10-26 00:00:00+00:00
[2025-04-23T12:37:20.889+0700] {processor.py:208} INFO - Processing /home/minhle/mlops/dags/data_pipeline.py took 1.136 seconds
[2025-04-23T12:37:51.047+0700] {processor.py:186} INFO - Started process (PID=325185) to work on /home/minhle/mlops/dags/data_pipeline.py
[2025-04-23T12:37:51.051+0700] {processor.py:914} INFO - Processing file /home/minhle/mlops/dags/data_pipeline.py for tasks to queue
[2025-04-23T12:37:51.056+0700] {logging_mixin.py:190} INFO - [2025-04-23T12:37:51.055+0700] {dagbag.py:588} INFO - Filling up the DagBag from /home/minhle/mlops/dags/data_pipeline.py
[2025-04-23T12:37:51.603+0700] {processor.py:925} INFO - DAG(s) 'data_pipeline_v01' retrieved from /home/minhle/mlops/dags/data_pipeline.py
[2025-04-23T12:37:51.610+0700] {logging_mixin.py:190} INFO - [2025-04-23T12:37:51.610+0700] {dag.py:3239} INFO - Sync 1 DAGs
[2025-04-23T12:37:51.618+0700] {logging_mixin.py:190} INFO - [2025-04-23T12:37:51.618+0700] {dag.py:4180} INFO - Setting next_dagrun for data_pipeline_v01 to 2024-10-25 00:00:00+00:00, run_after=2024-10-26 00:00:00+00:00
[2025-04-23T12:37:51.678+0700] {processor.py:208} INFO - Processing /home/minhle/mlops/dags/data_pipeline.py took 0.638 seconds
[2025-04-23T12:38:21.822+0700] {processor.py:186} INFO - Started process (PID=325226) to work on /home/minhle/mlops/dags/data_pipeline.py
[2025-04-23T12:38:21.823+0700] {processor.py:914} INFO - Processing file /home/minhle/mlops/dags/data_pipeline.py for tasks to queue
[2025-04-23T12:38:21.824+0700] {logging_mixin.py:190} INFO - [2025-04-23T12:38:21.824+0700] {dagbag.py:588} INFO - Filling up the DagBag from /home/minhle/mlops/dags/data_pipeline.py
[2025-04-23T12:38:22.388+0700] {processor.py:925} INFO - DAG(s) 'data_pipeline_v01' retrieved from /home/minhle/mlops/dags/data_pipeline.py
[2025-04-23T12:38:22.395+0700] {logging_mixin.py:190} INFO - [2025-04-23T12:38:22.395+0700] {dag.py:3239} INFO - Sync 1 DAGs
[2025-04-23T12:38:22.403+0700] {logging_mixin.py:190} INFO - [2025-04-23T12:38:22.403+0700] {dag.py:4180} INFO - Setting next_dagrun for data_pipeline_v01 to 2024-10-25 00:00:00+00:00, run_after=2024-10-26 00:00:00+00:00
[2025-04-23T12:38:22.484+0700] {processor.py:208} INFO - Processing /home/minhle/mlops/dags/data_pipeline.py took 0.667 seconds
[2025-04-23T12:38:52.612+0700] {processor.py:186} INFO - Started process (PID=325267) to work on /home/minhle/mlops/dags/data_pipeline.py
[2025-04-23T12:38:52.618+0700] {processor.py:914} INFO - Processing file /home/minhle/mlops/dags/data_pipeline.py for tasks to queue
[2025-04-23T12:38:52.619+0700] {logging_mixin.py:190} INFO - [2025-04-23T12:38:52.619+0700] {dagbag.py:588} INFO - Filling up the DagBag from /home/minhle/mlops/dags/data_pipeline.py
[2025-04-23T12:38:53.176+0700] {processor.py:925} INFO - DAG(s) 'data_pipeline_v01' retrieved from /home/minhle/mlops/dags/data_pipeline.py
[2025-04-23T12:38:53.183+0700] {logging_mixin.py:190} INFO - [2025-04-23T12:38:53.183+0700] {dag.py:3239} INFO - Sync 1 DAGs
[2025-04-23T12:38:53.191+0700] {logging_mixin.py:190} INFO - [2025-04-23T12:38:53.191+0700] {dag.py:4180} INFO - Setting next_dagrun for data_pipeline_v01 to 2024-10-25 00:00:00+00:00, run_after=2024-10-26 00:00:00+00:00
[2025-04-23T12:38:53.263+0700] {processor.py:208} INFO - Processing /home/minhle/mlops/dags/data_pipeline.py took 0.659 seconds
[2025-04-23T12:39:23.330+0700] {processor.py:186} INFO - Started process (PID=325317) to work on /home/minhle/mlops/dags/data_pipeline.py
[2025-04-23T12:39:23.330+0700] {processor.py:914} INFO - Processing file /home/minhle/mlops/dags/data_pipeline.py for tasks to queue
[2025-04-23T12:39:23.332+0700] {logging_mixin.py:190} INFO - [2025-04-23T12:39:23.332+0700] {dagbag.py:588} INFO - Filling up the DagBag from /home/minhle/mlops/dags/data_pipeline.py
[2025-04-23T12:39:23.877+0700] {processor.py:925} INFO - DAG(s) 'data_pipeline_v01' retrieved from /home/minhle/mlops/dags/data_pipeline.py
[2025-04-23T12:39:23.884+0700] {logging_mixin.py:190} INFO - [2025-04-23T12:39:23.884+0700] {dag.py:3239} INFO - Sync 1 DAGs
[2025-04-23T12:39:23.891+0700] {logging_mixin.py:190} INFO - [2025-04-23T12:39:23.891+0700] {dag.py:4180} INFO - Setting next_dagrun for data_pipeline_v01 to 2024-10-25 00:00:00+00:00, run_after=2024-10-26 00:00:00+00:00
[2025-04-23T12:39:23.977+0700] {processor.py:208} INFO - Processing /home/minhle/mlops/dags/data_pipeline.py took 0.652 seconds
[2025-04-23T12:39:54.184+0700] {processor.py:186} INFO - Started process (PID=325357) to work on /home/minhle/mlops/dags/data_pipeline.py
[2025-04-23T12:39:54.256+0700] {processor.py:914} INFO - Processing file /home/minhle/mlops/dags/data_pipeline.py for tasks to queue
[2025-04-23T12:39:54.260+0700] {logging_mixin.py:190} INFO - [2025-04-23T12:39:54.259+0700] {dagbag.py:588} INFO - Filling up the DagBag from /home/minhle/mlops/dags/data_pipeline.py
[2025-04-23T12:39:54.822+0700] {processor.py:925} INFO - DAG(s) 'data_pipeline_v01' retrieved from /home/minhle/mlops/dags/data_pipeline.py
[2025-04-23T12:39:54.829+0700] {logging_mixin.py:190} INFO - [2025-04-23T12:39:54.828+0700] {dag.py:3239} INFO - Sync 1 DAGs
[2025-04-23T12:39:54.836+0700] {logging_mixin.py:190} INFO - [2025-04-23T12:39:54.836+0700] {dag.py:4180} INFO - Setting next_dagrun for data_pipeline_v01 to 2024-10-25 00:00:00+00:00, run_after=2024-10-26 00:00:00+00:00
[2025-04-23T12:39:55.258+0700] {processor.py:208} INFO - Processing /home/minhle/mlops/dags/data_pipeline.py took 1.080 seconds
[2025-04-23T12:40:25.424+0700] {processor.py:186} INFO - Started process (PID=325398) to work on /home/minhle/mlops/dags/data_pipeline.py
[2025-04-23T12:40:25.424+0700] {processor.py:914} INFO - Processing file /home/minhle/mlops/dags/data_pipeline.py for tasks to queue
[2025-04-23T12:40:25.425+0700] {logging_mixin.py:190} INFO - [2025-04-23T12:40:25.425+0700] {dagbag.py:588} INFO - Filling up the DagBag from /home/minhle/mlops/dags/data_pipeline.py
[2025-04-23T12:40:25.973+0700] {processor.py:925} INFO - DAG(s) 'data_pipeline_v01' retrieved from /home/minhle/mlops/dags/data_pipeline.py
[2025-04-23T12:40:25.979+0700] {logging_mixin.py:190} INFO - [2025-04-23T12:40:25.979+0700] {dag.py:3239} INFO - Sync 1 DAGs
[2025-04-23T12:40:25.987+0700] {logging_mixin.py:190} INFO - [2025-04-23T12:40:25.987+0700] {dag.py:4180} INFO - Setting next_dagrun for data_pipeline_v01 to 2024-10-25 00:00:00+00:00, run_after=2024-10-26 00:00:00+00:00
[2025-04-23T12:40:26.469+0700] {processor.py:208} INFO - Processing /home/minhle/mlops/dags/data_pipeline.py took 1.049 seconds
[2025-04-23T12:40:56.696+0700] {processor.py:186} INFO - Started process (PID=325438) to work on /home/minhle/mlops/dags/data_pipeline.py
[2025-04-23T12:40:56.750+0700] {processor.py:914} INFO - Processing file /home/minhle/mlops/dags/data_pipeline.py for tasks to queue
[2025-04-23T12:40:56.755+0700] {logging_mixin.py:190} INFO - [2025-04-23T12:40:56.754+0700] {dagbag.py:588} INFO - Filling up the DagBag from /home/minhle/mlops/dags/data_pipeline.py
[2025-04-23T12:40:57.298+0700] {processor.py:925} INFO - DAG(s) 'data_pipeline_v01' retrieved from /home/minhle/mlops/dags/data_pipeline.py
[2025-04-23T12:40:57.305+0700] {logging_mixin.py:190} INFO - [2025-04-23T12:40:57.305+0700] {dag.py:3239} INFO - Sync 1 DAGs
[2025-04-23T12:40:57.313+0700] {logging_mixin.py:190} INFO - [2025-04-23T12:40:57.313+0700] {dag.py:4180} INFO - Setting next_dagrun for data_pipeline_v01 to 2024-10-25 00:00:00+00:00, run_after=2024-10-26 00:00:00+00:00
[2025-04-23T12:40:57.800+0700] {processor.py:208} INFO - Processing /home/minhle/mlops/dags/data_pipeline.py took 1.109 seconds
[2025-04-23T12:41:28.042+0700] {processor.py:186} INFO - Started process (PID=325515) to work on /home/minhle/mlops/dags/data_pipeline.py
[2025-04-23T12:41:28.042+0700] {processor.py:914} INFO - Processing file /home/minhle/mlops/dags/data_pipeline.py for tasks to queue
[2025-04-23T12:41:28.043+0700] {logging_mixin.py:190} INFO - [2025-04-23T12:41:28.043+0700] {dagbag.py:588} INFO - Filling up the DagBag from /home/minhle/mlops/dags/data_pipeline.py
[2025-04-23T12:41:28.585+0700] {processor.py:925} INFO - DAG(s) 'data_pipeline_v01' retrieved from /home/minhle/mlops/dags/data_pipeline.py
[2025-04-23T12:41:28.592+0700] {logging_mixin.py:190} INFO - [2025-04-23T12:41:28.592+0700] {dag.py:3239} INFO - Sync 1 DAGs
[2025-04-23T12:41:28.600+0700] {logging_mixin.py:190} INFO - [2025-04-23T12:41:28.600+0700] {dag.py:4180} INFO - Setting next_dagrun for data_pipeline_v01 to 2024-10-25 00:00:00+00:00, run_after=2024-10-26 00:00:00+00:00
[2025-04-23T12:41:28.688+0700] {processor.py:208} INFO - Processing /home/minhle/mlops/dags/data_pipeline.py took 0.651 seconds
[2025-04-23T12:41:58.817+0700] {processor.py:186} INFO - Started process (PID=325556) to work on /home/minhle/mlops/dags/data_pipeline.py
[2025-04-23T12:41:58.828+0700] {processor.py:914} INFO - Processing file /home/minhle/mlops/dags/data_pipeline.py for tasks to queue
[2025-04-23T12:41:58.832+0700] {logging_mixin.py:190} INFO - [2025-04-23T12:41:58.831+0700] {dagbag.py:588} INFO - Filling up the DagBag from /home/minhle/mlops/dags/data_pipeline.py
[2025-04-23T12:41:59.396+0700] {processor.py:925} INFO - DAG(s) 'data_pipeline_v01' retrieved from /home/minhle/mlops/dags/data_pipeline.py
[2025-04-23T12:41:59.403+0700] {logging_mixin.py:190} INFO - [2025-04-23T12:41:59.403+0700] {dag.py:3239} INFO - Sync 1 DAGs
[2025-04-23T12:41:59.411+0700] {logging_mixin.py:190} INFO - [2025-04-23T12:41:59.411+0700] {dag.py:4180} INFO - Setting next_dagrun for data_pipeline_v01 to 2024-10-25 00:00:00+00:00, run_after=2024-10-26 00:00:00+00:00
[2025-04-23T12:41:59.504+0700] {processor.py:208} INFO - Processing /home/minhle/mlops/dags/data_pipeline.py took 0.692 seconds
[2025-04-23T12:42:29.618+0700] {processor.py:186} INFO - Started process (PID=325597) to work on /home/minhle/mlops/dags/data_pipeline.py
[2025-04-23T12:42:29.619+0700] {processor.py:914} INFO - Processing file /home/minhle/mlops/dags/data_pipeline.py for tasks to queue
[2025-04-23T12:42:29.621+0700] {logging_mixin.py:190} INFO - [2025-04-23T12:42:29.620+0700] {dagbag.py:588} INFO - Filling up the DagBag from /home/minhle/mlops/dags/data_pipeline.py
[2025-04-23T12:42:30.184+0700] {processor.py:925} INFO - DAG(s) 'data_pipeline_v01' retrieved from /home/minhle/mlops/dags/data_pipeline.py
[2025-04-23T12:42:30.191+0700] {logging_mixin.py:190} INFO - [2025-04-23T12:42:30.191+0700] {dag.py:3239} INFO - Sync 1 DAGs
[2025-04-23T12:42:30.199+0700] {logging_mixin.py:190} INFO - [2025-04-23T12:42:30.199+0700] {dag.py:4180} INFO - Setting next_dagrun for data_pipeline_v01 to 2024-10-25 00:00:00+00:00, run_after=2024-10-26 00:00:00+00:00
[2025-04-23T12:42:30.285+0700] {processor.py:208} INFO - Processing /home/minhle/mlops/dags/data_pipeline.py took 0.673 seconds
[2025-04-23T12:43:00.391+0700] {processor.py:186} INFO - Started process (PID=325637) to work on /home/minhle/mlops/dags/data_pipeline.py
[2025-04-23T12:43:00.398+0700] {processor.py:914} INFO - Processing file /home/minhle/mlops/dags/data_pipeline.py for tasks to queue
[2025-04-23T12:43:00.401+0700] {logging_mixin.py:190} INFO - [2025-04-23T12:43:00.400+0700] {dagbag.py:588} INFO - Filling up the DagBag from /home/minhle/mlops/dags/data_pipeline.py
[2025-04-23T12:43:00.948+0700] {processor.py:925} INFO - DAG(s) 'data_pipeline_v01' retrieved from /home/minhle/mlops/dags/data_pipeline.py
[2025-04-23T12:43:00.956+0700] {logging_mixin.py:190} INFO - [2025-04-23T12:43:00.955+0700] {dag.py:3239} INFO - Sync 1 DAGs
[2025-04-23T12:43:00.963+0700] {logging_mixin.py:190} INFO - [2025-04-23T12:43:00.963+0700] {dag.py:4180} INFO - Setting next_dagrun for data_pipeline_v01 to 2024-10-25 00:00:00+00:00, run_after=2024-10-26 00:00:00+00:00
[2025-04-23T12:43:01.056+0700] {processor.py:208} INFO - Processing /home/minhle/mlops/dags/data_pipeline.py took 0.670 seconds
[2025-04-23T12:43:31.175+0700] {processor.py:186} INFO - Started process (PID=325677) to work on /home/minhle/mlops/dags/data_pipeline.py
[2025-04-23T12:43:31.176+0700] {processor.py:914} INFO - Processing file /home/minhle/mlops/dags/data_pipeline.py for tasks to queue
[2025-04-23T12:43:31.178+0700] {logging_mixin.py:190} INFO - [2025-04-23T12:43:31.178+0700] {dagbag.py:588} INFO - Filling up the DagBag from /home/minhle/mlops/dags/data_pipeline.py
[2025-04-23T12:43:31.750+0700] {processor.py:925} INFO - DAG(s) 'data_pipeline_v01' retrieved from /home/minhle/mlops/dags/data_pipeline.py
[2025-04-23T12:43:31.758+0700] {logging_mixin.py:190} INFO - [2025-04-23T12:43:31.757+0700] {dag.py:3239} INFO - Sync 1 DAGs
[2025-04-23T12:43:31.765+0700] {logging_mixin.py:190} INFO - [2025-04-23T12:43:31.765+0700] {dag.py:4180} INFO - Setting next_dagrun for data_pipeline_v01 to 2024-10-25 00:00:00+00:00, run_after=2024-10-26 00:00:00+00:00
[2025-04-23T12:43:31.836+0700] {processor.py:208} INFO - Processing /home/minhle/mlops/dags/data_pipeline.py took 0.671 seconds
[2025-04-23T12:44:01.957+0700] {processor.py:186} INFO - Started process (PID=325727) to work on /home/minhle/mlops/dags/data_pipeline.py
[2025-04-23T12:44:01.967+0700] {processor.py:914} INFO - Processing file /home/minhle/mlops/dags/data_pipeline.py for tasks to queue
[2025-04-23T12:44:01.970+0700] {logging_mixin.py:190} INFO - [2025-04-23T12:44:01.970+0700] {dagbag.py:588} INFO - Filling up the DagBag from /home/minhle/mlops/dags/data_pipeline.py
[2025-04-23T12:44:02.519+0700] {processor.py:925} INFO - DAG(s) 'data_pipeline_v01' retrieved from /home/minhle/mlops/dags/data_pipeline.py
[2025-04-23T12:44:02.526+0700] {logging_mixin.py:190} INFO - [2025-04-23T12:44:02.526+0700] {dag.py:3239} INFO - Sync 1 DAGs
[2025-04-23T12:44:02.534+0700] {logging_mixin.py:190} INFO - [2025-04-23T12:44:02.533+0700] {dag.py:4180} INFO - Setting next_dagrun for data_pipeline_v01 to 2024-10-25 00:00:00+00:00, run_after=2024-10-26 00:00:00+00:00
[2025-04-23T12:44:02.602+0700] {processor.py:208} INFO - Processing /home/minhle/mlops/dags/data_pipeline.py took 0.649 seconds
[2025-04-23T12:44:32.688+0700] {processor.py:186} INFO - Started process (PID=325768) to work on /home/minhle/mlops/dags/data_pipeline.py
[2025-04-23T12:44:32.689+0700] {processor.py:914} INFO - Processing file /home/minhle/mlops/dags/data_pipeline.py for tasks to queue
[2025-04-23T12:44:32.690+0700] {logging_mixin.py:190} INFO - [2025-04-23T12:44:32.690+0700] {dagbag.py:588} INFO - Filling up the DagBag from /home/minhle/mlops/dags/data_pipeline.py
[2025-04-23T12:44:33.234+0700] {processor.py:925} INFO - DAG(s) 'data_pipeline_v01' retrieved from /home/minhle/mlops/dags/data_pipeline.py
[2025-04-23T12:44:33.241+0700] {logging_mixin.py:190} INFO - [2025-04-23T12:44:33.241+0700] {dag.py:3239} INFO - Sync 1 DAGs
[2025-04-23T12:44:33.249+0700] {logging_mixin.py:190} INFO - [2025-04-23T12:44:33.249+0700] {dag.py:4180} INFO - Setting next_dagrun for data_pipeline_v01 to 2024-10-25 00:00:00+00:00, run_after=2024-10-26 00:00:00+00:00
[2025-04-23T12:44:33.362+0700] {processor.py:208} INFO - Processing /home/minhle/mlops/dags/data_pipeline.py took 0.680 seconds
[2025-04-23T12:45:03.505+0700] {processor.py:186} INFO - Started process (PID=325808) to work on /home/minhle/mlops/dags/data_pipeline.py
[2025-04-23T12:45:03.587+0700] {processor.py:914} INFO - Processing file /home/minhle/mlops/dags/data_pipeline.py for tasks to queue
[2025-04-23T12:45:03.592+0700] {logging_mixin.py:190} INFO - [2025-04-23T12:45:03.591+0700] {dagbag.py:588} INFO - Filling up the DagBag from /home/minhle/mlops/dags/data_pipeline.py
[2025-04-23T12:45:04.177+0700] {processor.py:925} INFO - DAG(s) 'data_pipeline_v01' retrieved from /home/minhle/mlops/dags/data_pipeline.py
[2025-04-23T12:45:04.184+0700] {logging_mixin.py:190} INFO - [2025-04-23T12:45:04.184+0700] {dag.py:3239} INFO - Sync 1 DAGs
[2025-04-23T12:45:04.191+0700] {logging_mixin.py:190} INFO - [2025-04-23T12:45:04.191+0700] {dag.py:4180} INFO - Setting next_dagrun for data_pipeline_v01 to 2024-10-25 00:00:00+00:00, run_after=2024-10-26 00:00:00+00:00
[2025-04-23T12:45:05.412+0700] {processor.py:208} INFO - Processing /home/minhle/mlops/dags/data_pipeline.py took 1.913 seconds
[2025-04-23T12:45:35.678+0700] {processor.py:186} INFO - Started process (PID=325850) to work on /home/minhle/mlops/dags/data_pipeline.py
[2025-04-23T12:45:35.679+0700] {processor.py:914} INFO - Processing file /home/minhle/mlops/dags/data_pipeline.py for tasks to queue
[2025-04-23T12:45:35.681+0700] {logging_mixin.py:190} INFO - [2025-04-23T12:45:35.680+0700] {dagbag.py:588} INFO - Filling up the DagBag from /home/minhle/mlops/dags/data_pipeline.py
[2025-04-23T12:45:36.253+0700] {processor.py:925} INFO - DAG(s) 'data_pipeline_v01' retrieved from /home/minhle/mlops/dags/data_pipeline.py
[2025-04-23T12:45:36.259+0700] {logging_mixin.py:190} INFO - [2025-04-23T12:45:36.259+0700] {dag.py:3239} INFO - Sync 1 DAGs
[2025-04-23T12:45:36.267+0700] {logging_mixin.py:190} INFO - [2025-04-23T12:45:36.267+0700] {dag.py:4180} INFO - Setting next_dagrun for data_pipeline_v01 to 2024-10-25 00:00:00+00:00, run_after=2024-10-26 00:00:00+00:00
[2025-04-23T12:45:36.435+0700] {processor.py:208} INFO - Processing /home/minhle/mlops/dags/data_pipeline.py took 0.762 seconds
[2025-04-23T12:46:06.508+0700] {processor.py:186} INFO - Started process (PID=325927) to work on /home/minhle/mlops/dags/data_pipeline.py
[2025-04-23T12:46:06.508+0700] {processor.py:914} INFO - Processing file /home/minhle/mlops/dags/data_pipeline.py for tasks to queue
[2025-04-23T12:46:06.510+0700] {logging_mixin.py:190} INFO - [2025-04-23T12:46:06.509+0700] {dagbag.py:588} INFO - Filling up the DagBag from /home/minhle/mlops/dags/data_pipeline.py
[2025-04-23T12:46:07.062+0700] {processor.py:925} INFO - DAG(s) 'data_pipeline_v01' retrieved from /home/minhle/mlops/dags/data_pipeline.py
[2025-04-23T12:46:07.069+0700] {logging_mixin.py:190} INFO - [2025-04-23T12:46:07.069+0700] {dag.py:3239} INFO - Sync 1 DAGs
[2025-04-23T12:46:07.077+0700] {logging_mixin.py:190} INFO - [2025-04-23T12:46:07.077+0700] {dag.py:4180} INFO - Setting next_dagrun for data_pipeline_v01 to 2024-10-25 00:00:00+00:00, run_after=2024-10-26 00:00:00+00:00
[2025-04-23T12:46:07.160+0700] {processor.py:208} INFO - Processing /home/minhle/mlops/dags/data_pipeline.py took 0.656 seconds
[2025-04-23T12:46:37.295+0700] {processor.py:186} INFO - Started process (PID=325968) to work on /home/minhle/mlops/dags/data_pipeline.py
[2025-04-23T12:46:37.296+0700] {processor.py:914} INFO - Processing file /home/minhle/mlops/dags/data_pipeline.py for tasks to queue
[2025-04-23T12:46:37.297+0700] {logging_mixin.py:190} INFO - [2025-04-23T12:46:37.296+0700] {dagbag.py:588} INFO - Filling up the DagBag from /home/minhle/mlops/dags/data_pipeline.py
[2025-04-23T12:46:37.853+0700] {processor.py:925} INFO - DAG(s) 'data_pipeline_v01' retrieved from /home/minhle/mlops/dags/data_pipeline.py
[2025-04-23T12:46:37.860+0700] {logging_mixin.py:190} INFO - [2025-04-23T12:46:37.860+0700] {dag.py:3239} INFO - Sync 1 DAGs
[2025-04-23T12:46:37.868+0700] {logging_mixin.py:190} INFO - [2025-04-23T12:46:37.868+0700] {dag.py:4180} INFO - Setting next_dagrun for data_pipeline_v01 to 2024-10-25 00:00:00+00:00, run_after=2024-10-26 00:00:00+00:00
[2025-04-23T12:46:37.945+0700] {processor.py:208} INFO - Processing /home/minhle/mlops/dags/data_pipeline.py took 0.655 seconds
[2025-04-23T12:47:08.077+0700] {processor.py:186} INFO - Started process (PID=326008) to work on /home/minhle/mlops/dags/data_pipeline.py
[2025-04-23T12:47:08.079+0700] {processor.py:914} INFO - Processing file /home/minhle/mlops/dags/data_pipeline.py for tasks to queue
[2025-04-23T12:47:08.082+0700] {logging_mixin.py:190} INFO - [2025-04-23T12:47:08.082+0700] {dagbag.py:588} INFO - Filling up the DagBag from /home/minhle/mlops/dags/data_pipeline.py
[2025-04-23T12:47:08.642+0700] {processor.py:925} INFO - DAG(s) 'data_pipeline_v01' retrieved from /home/minhle/mlops/dags/data_pipeline.py
[2025-04-23T12:47:08.648+0700] {logging_mixin.py:190} INFO - [2025-04-23T12:47:08.648+0700] {dag.py:3239} INFO - Sync 1 DAGs
[2025-04-23T12:47:08.656+0700] {logging_mixin.py:190} INFO - [2025-04-23T12:47:08.656+0700] {dag.py:4180} INFO - Setting next_dagrun for data_pipeline_v01 to 2024-10-25 00:00:00+00:00, run_after=2024-10-26 00:00:00+00:00
[2025-04-23T12:47:08.759+0700] {processor.py:208} INFO - Processing /home/minhle/mlops/dags/data_pipeline.py took 0.691 seconds
[2025-04-23T12:47:38.863+0700] {processor.py:186} INFO - Started process (PID=326059) to work on /home/minhle/mlops/dags/data_pipeline.py
[2025-04-23T12:47:38.864+0700] {processor.py:914} INFO - Processing file /home/minhle/mlops/dags/data_pipeline.py for tasks to queue
[2025-04-23T12:47:38.866+0700] {logging_mixin.py:190} INFO - [2025-04-23T12:47:38.865+0700] {dagbag.py:588} INFO - Filling up the DagBag from /home/minhle/mlops/dags/data_pipeline.py
[2025-04-23T12:47:39.433+0700] {processor.py:925} INFO - DAG(s) 'data_pipeline_v01' retrieved from /home/minhle/mlops/dags/data_pipeline.py
[2025-04-23T12:47:39.440+0700] {logging_mixin.py:190} INFO - [2025-04-23T12:47:39.440+0700] {dag.py:3239} INFO - Sync 1 DAGs
[2025-04-23T12:47:39.448+0700] {logging_mixin.py:190} INFO - [2025-04-23T12:47:39.448+0700] {dag.py:4180} INFO - Setting next_dagrun for data_pipeline_v01 to 2024-10-25 00:00:00+00:00, run_after=2024-10-26 00:00:00+00:00
[2025-04-23T12:47:40.494+0700] {processor.py:208} INFO - Processing /home/minhle/mlops/dags/data_pipeline.py took 1.636 seconds
[2025-04-23T12:48:10.701+0700] {processor.py:186} INFO - Started process (PID=326100) to work on /home/minhle/mlops/dags/data_pipeline.py
[2025-04-23T12:48:10.838+0700] {processor.py:914} INFO - Processing file /home/minhle/mlops/dags/data_pipeline.py for tasks to queue
[2025-04-23T12:48:10.842+0700] {logging_mixin.py:190} INFO - [2025-04-23T12:48:10.841+0700] {dagbag.py:588} INFO - Filling up the DagBag from /home/minhle/mlops/dags/data_pipeline.py
[2025-04-23T12:48:11.385+0700] {processor.py:925} INFO - DAG(s) 'data_pipeline_v01' retrieved from /home/minhle/mlops/dags/data_pipeline.py
[2025-04-23T12:48:11.392+0700] {logging_mixin.py:190} INFO - [2025-04-23T12:48:11.392+0700] {dag.py:3239} INFO - Sync 1 DAGs
[2025-04-23T12:48:11.400+0700] {logging_mixin.py:190} INFO - [2025-04-23T12:48:11.400+0700] {dag.py:4180} INFO - Setting next_dagrun for data_pipeline_v01 to 2024-10-25 00:00:00+00:00, run_after=2024-10-26 00:00:00+00:00
[2025-04-23T12:48:11.678+0700] {processor.py:208} INFO - Processing /home/minhle/mlops/dags/data_pipeline.py took 0.982 seconds
[2025-04-23T12:48:41.866+0700] {processor.py:186} INFO - Started process (PID=326141) to work on /home/minhle/mlops/dags/data_pipeline.py
[2025-04-23T12:48:41.867+0700] {processor.py:914} INFO - Processing file /home/minhle/mlops/dags/data_pipeline.py for tasks to queue
[2025-04-23T12:48:41.868+0700] {logging_mixin.py:190} INFO - [2025-04-23T12:48:41.867+0700] {dagbag.py:588} INFO - Filling up the DagBag from /home/minhle/mlops/dags/data_pipeline.py
[2025-04-23T12:48:42.406+0700] {processor.py:925} INFO - DAG(s) 'data_pipeline_v01' retrieved from /home/minhle/mlops/dags/data_pipeline.py
[2025-04-23T12:48:42.413+0700] {logging_mixin.py:190} INFO - [2025-04-23T12:48:42.412+0700] {dag.py:3239} INFO - Sync 1 DAGs
[2025-04-23T12:48:42.420+0700] {logging_mixin.py:190} INFO - [2025-04-23T12:48:42.420+0700] {dag.py:4180} INFO - Setting next_dagrun for data_pipeline_v01 to 2024-10-25 00:00:00+00:00, run_after=2024-10-26 00:00:00+00:00
[2025-04-23T12:48:43.075+0700] {processor.py:208} INFO - Processing /home/minhle/mlops/dags/data_pipeline.py took 1.216 seconds
[2025-04-23T12:49:13.301+0700] {processor.py:186} INFO - Started process (PID=326191) to work on /home/minhle/mlops/dags/data_pipeline.py
[2025-04-23T12:49:13.324+0700] {processor.py:914} INFO - Processing file /home/minhle/mlops/dags/data_pipeline.py for tasks to queue
[2025-04-23T12:49:13.328+0700] {logging_mixin.py:190} INFO - [2025-04-23T12:49:13.327+0700] {dagbag.py:588} INFO - Filling up the DagBag from /home/minhle/mlops/dags/data_pipeline.py
[2025-04-23T12:49:13.888+0700] {processor.py:925} INFO - DAG(s) 'data_pipeline_v01' retrieved from /home/minhle/mlops/dags/data_pipeline.py
[2025-04-23T12:49:13.895+0700] {logging_mixin.py:190} INFO - [2025-04-23T12:49:13.895+0700] {dag.py:3239} INFO - Sync 1 DAGs
[2025-04-23T12:49:13.903+0700] {logging_mixin.py:190} INFO - [2025-04-23T12:49:13.903+0700] {dag.py:4180} INFO - Setting next_dagrun for data_pipeline_v01 to 2024-10-25 00:00:00+00:00, run_after=2024-10-26 00:00:00+00:00
[2025-04-23T12:49:14.055+0700] {processor.py:208} INFO - Processing /home/minhle/mlops/dags/data_pipeline.py took 0.759 seconds
[2025-04-23T12:49:44.184+0700] {processor.py:186} INFO - Started process (PID=326231) to work on /home/minhle/mlops/dags/data_pipeline.py
[2025-04-23T12:49:44.184+0700] {processor.py:914} INFO - Processing file /home/minhle/mlops/dags/data_pipeline.py for tasks to queue
[2025-04-23T12:49:44.186+0700] {logging_mixin.py:190} INFO - [2025-04-23T12:49:44.185+0700] {dagbag.py:588} INFO - Filling up the DagBag from /home/minhle/mlops/dags/data_pipeline.py
[2025-04-23T12:49:44.733+0700] {processor.py:925} INFO - DAG(s) 'data_pipeline_v01' retrieved from /home/minhle/mlops/dags/data_pipeline.py
[2025-04-23T12:49:44.740+0700] {logging_mixin.py:190} INFO - [2025-04-23T12:49:44.740+0700] {dag.py:3239} INFO - Sync 1 DAGs
[2025-04-23T12:49:44.747+0700] {logging_mixin.py:190} INFO - [2025-04-23T12:49:44.747+0700] {dag.py:4180} INFO - Setting next_dagrun for data_pipeline_v01 to 2024-10-25 00:00:00+00:00, run_after=2024-10-26 00:00:00+00:00
[2025-04-23T12:49:44.903+0700] {processor.py:208} INFO - Processing /home/minhle/mlops/dags/data_pipeline.py took 0.723 seconds
[2025-04-23T12:50:15.063+0700] {processor.py:186} INFO - Started process (PID=326272) to work on /home/minhle/mlops/dags/data_pipeline.py
[2025-04-23T12:50:15.077+0700] {processor.py:914} INFO - Processing file /home/minhle/mlops/dags/data_pipeline.py for tasks to queue
[2025-04-23T12:50:15.082+0700] {logging_mixin.py:190} INFO - [2025-04-23T12:50:15.081+0700] {dagbag.py:588} INFO - Filling up the DagBag from /home/minhle/mlops/dags/data_pipeline.py
[2025-04-23T12:50:15.640+0700] {processor.py:925} INFO - DAG(s) 'data_pipeline_v01' retrieved from /home/minhle/mlops/dags/data_pipeline.py
[2025-04-23T12:50:15.647+0700] {logging_mixin.py:190} INFO - [2025-04-23T12:50:15.646+0700] {dag.py:3239} INFO - Sync 1 DAGs
[2025-04-23T12:50:15.654+0700] {logging_mixin.py:190} INFO - [2025-04-23T12:50:15.654+0700] {dag.py:4180} INFO - Setting next_dagrun for data_pipeline_v01 to 2024-10-25 00:00:00+00:00, run_after=2024-10-26 00:00:00+00:00
[2025-04-23T12:50:15.739+0700] {processor.py:208} INFO - Processing /home/minhle/mlops/dags/data_pipeline.py took 0.681 seconds
[2025-04-23T12:50:45.823+0700] {processor.py:186} INFO - Started process (PID=326318) to work on /home/minhle/mlops/dags/data_pipeline.py
[2025-04-23T12:50:45.823+0700] {processor.py:914} INFO - Processing file /home/minhle/mlops/dags/data_pipeline.py for tasks to queue
[2025-04-23T12:50:45.825+0700] {logging_mixin.py:190} INFO - [2025-04-23T12:50:45.824+0700] {dagbag.py:588} INFO - Filling up the DagBag from /home/minhle/mlops/dags/data_pipeline.py
[2025-04-23T12:50:46.386+0700] {processor.py:925} INFO - DAG(s) 'data_pipeline_v01' retrieved from /home/minhle/mlops/dags/data_pipeline.py
[2025-04-23T12:50:46.393+0700] {logging_mixin.py:190} INFO - [2025-04-23T12:50:46.393+0700] {dag.py:3239} INFO - Sync 1 DAGs
[2025-04-23T12:50:46.401+0700] {logging_mixin.py:190} INFO - [2025-04-23T12:50:46.401+0700] {dag.py:4180} INFO - Setting next_dagrun for data_pipeline_v01 to 2024-10-25 00:00:00+00:00, run_after=2024-10-26 00:00:00+00:00
[2025-04-23T12:50:46.485+0700] {processor.py:208} INFO - Processing /home/minhle/mlops/dags/data_pipeline.py took 0.667 seconds
[2025-04-23T12:51:16.592+0700] {processor.py:186} INFO - Started process (PID=326396) to work on /home/minhle/mlops/dags/data_pipeline.py
[2025-04-23T12:51:16.604+0700] {processor.py:914} INFO - Processing file /home/minhle/mlops/dags/data_pipeline.py for tasks to queue
[2025-04-23T12:51:16.606+0700] {logging_mixin.py:190} INFO - [2025-04-23T12:51:16.606+0700] {dagbag.py:588} INFO - Filling up the DagBag from /home/minhle/mlops/dags/data_pipeline.py
[2025-04-23T12:51:17.155+0700] {processor.py:925} INFO - DAG(s) 'data_pipeline_v01' retrieved from /home/minhle/mlops/dags/data_pipeline.py
[2025-04-23T12:51:17.161+0700] {logging_mixin.py:190} INFO - [2025-04-23T12:51:17.161+0700] {dag.py:3239} INFO - Sync 1 DAGs
[2025-04-23T12:51:17.169+0700] {logging_mixin.py:190} INFO - [2025-04-23T12:51:17.169+0700] {dag.py:4180} INFO - Setting next_dagrun for data_pipeline_v01 to 2024-10-25 00:00:00+00:00, run_after=2024-10-26 00:00:00+00:00
[2025-04-23T12:51:17.260+0700] {processor.py:208} INFO - Processing /home/minhle/mlops/dags/data_pipeline.py took 0.672 seconds
[2025-04-23T12:51:47.369+0700] {processor.py:186} INFO - Started process (PID=326436) to work on /home/minhle/mlops/dags/data_pipeline.py
[2025-04-23T12:51:47.369+0700] {processor.py:914} INFO - Processing file /home/minhle/mlops/dags/data_pipeline.py for tasks to queue
[2025-04-23T12:51:47.371+0700] {logging_mixin.py:190} INFO - [2025-04-23T12:51:47.371+0700] {dagbag.py:588} INFO - Filling up the DagBag from /home/minhle/mlops/dags/data_pipeline.py
[2025-04-23T12:51:47.911+0700] {processor.py:925} INFO - DAG(s) 'data_pipeline_v01' retrieved from /home/minhle/mlops/dags/data_pipeline.py
[2025-04-23T12:51:47.918+0700] {logging_mixin.py:190} INFO - [2025-04-23T12:51:47.918+0700] {dag.py:3239} INFO - Sync 1 DAGs
[2025-04-23T12:51:47.926+0700] {logging_mixin.py:190} INFO - [2025-04-23T12:51:47.926+0700] {dag.py:4180} INFO - Setting next_dagrun for data_pipeline_v01 to 2024-10-25 00:00:00+00:00, run_after=2024-10-26 00:00:00+00:00
[2025-04-23T12:51:47.988+0700] {processor.py:208} INFO - Processing /home/minhle/mlops/dags/data_pipeline.py took 0.624 seconds
[2025-04-23T12:52:18.222+0700] {processor.py:186} INFO - Started process (PID=326477) to work on /home/minhle/mlops/dags/data_pipeline.py
[2025-04-23T12:52:18.299+0700] {processor.py:914} INFO - Processing file /home/minhle/mlops/dags/data_pipeline.py for tasks to queue
[2025-04-23T12:52:18.304+0700] {logging_mixin.py:190} INFO - [2025-04-23T12:52:18.302+0700] {dagbag.py:588} INFO - Filling up the DagBag from /home/minhle/mlops/dags/data_pipeline.py
[2025-04-23T12:52:18.871+0700] {processor.py:925} INFO - DAG(s) 'data_pipeline_v01' retrieved from /home/minhle/mlops/dags/data_pipeline.py
[2025-04-23T12:52:18.878+0700] {logging_mixin.py:190} INFO - [2025-04-23T12:52:18.878+0700] {dag.py:3239} INFO - Sync 1 DAGs
[2025-04-23T12:52:18.886+0700] {logging_mixin.py:190} INFO - [2025-04-23T12:52:18.885+0700] {dag.py:4180} INFO - Setting next_dagrun for data_pipeline_v01 to 2024-10-25 00:00:00+00:00, run_after=2024-10-26 00:00:00+00:00
[2025-04-23T12:52:18.986+0700] {processor.py:208} INFO - Processing /home/minhle/mlops/dags/data_pipeline.py took 0.772 seconds
[2025-04-23T12:52:49.192+0700] {processor.py:186} INFO - Started process (PID=326533) to work on /home/minhle/mlops/dags/data_pipeline.py
[2025-04-23T12:52:49.193+0700] {processor.py:914} INFO - Processing file /home/minhle/mlops/dags/data_pipeline.py for tasks to queue
[2025-04-23T12:52:49.195+0700] {logging_mixin.py:190} INFO - [2025-04-23T12:52:49.195+0700] {dagbag.py:588} INFO - Filling up the DagBag from /home/minhle/mlops/dags/data_pipeline.py
[2025-04-23T12:52:49.756+0700] {processor.py:925} INFO - DAG(s) 'data_pipeline_v01' retrieved from /home/minhle/mlops/dags/data_pipeline.py
[2025-04-23T12:52:49.763+0700] {logging_mixin.py:190} INFO - [2025-04-23T12:52:49.763+0700] {dag.py:3239} INFO - Sync 1 DAGs
[2025-04-23T12:52:49.771+0700] {logging_mixin.py:190} INFO - [2025-04-23T12:52:49.771+0700] {dag.py:4180} INFO - Setting next_dagrun for data_pipeline_v01 to 2024-10-25 00:00:00+00:00, run_after=2024-10-26 00:00:00+00:00
[2025-04-23T12:52:49.857+0700] {processor.py:208} INFO - Processing /home/minhle/mlops/dags/data_pipeline.py took 0.674 seconds
[2025-04-23T12:53:19.966+0700] {processor.py:186} INFO - Started process (PID=326573) to work on /home/minhle/mlops/dags/data_pipeline.py
[2025-04-23T12:53:20.000+0700] {processor.py:914} INFO - Processing file /home/minhle/mlops/dags/data_pipeline.py for tasks to queue
[2025-04-23T12:53:20.005+0700] {logging_mixin.py:190} INFO - [2025-04-23T12:53:20.004+0700] {dagbag.py:588} INFO - Filling up the DagBag from /home/minhle/mlops/dags/data_pipeline.py
[2025-04-23T12:53:20.566+0700] {processor.py:925} INFO - DAG(s) 'data_pipeline_v01' retrieved from /home/minhle/mlops/dags/data_pipeline.py
[2025-04-23T12:53:20.573+0700] {logging_mixin.py:190} INFO - [2025-04-23T12:53:20.573+0700] {dag.py:3239} INFO - Sync 1 DAGs
[2025-04-23T12:53:20.581+0700] {logging_mixin.py:190} INFO - [2025-04-23T12:53:20.580+0700] {dag.py:4180} INFO - Setting next_dagrun for data_pipeline_v01 to 2024-10-25 00:00:00+00:00, run_after=2024-10-26 00:00:00+00:00
[2025-04-23T12:53:20.652+0700] {processor.py:208} INFO - Processing /home/minhle/mlops/dags/data_pipeline.py took 0.691 seconds
[2025-04-23T12:53:50.736+0700] {processor.py:186} INFO - Started process (PID=326613) to work on /home/minhle/mlops/dags/data_pipeline.py
[2025-04-23T12:53:50.737+0700] {processor.py:914} INFO - Processing file /home/minhle/mlops/dags/data_pipeline.py for tasks to queue
[2025-04-23T12:53:50.738+0700] {logging_mixin.py:190} INFO - [2025-04-23T12:53:50.737+0700] {dagbag.py:588} INFO - Filling up the DagBag from /home/minhle/mlops/dags/data_pipeline.py
[2025-04-23T12:53:51.289+0700] {processor.py:925} INFO - DAG(s) 'data_pipeline_v01' retrieved from /home/minhle/mlops/dags/data_pipeline.py
[2025-04-23T12:53:51.296+0700] {logging_mixin.py:190} INFO - [2025-04-23T12:53:51.295+0700] {dag.py:3239} INFO - Sync 1 DAGs
[2025-04-23T12:53:51.303+0700] {logging_mixin.py:190} INFO - [2025-04-23T12:53:51.303+0700] {dag.py:4180} INFO - Setting next_dagrun for data_pipeline_v01 to 2024-10-25 00:00:00+00:00, run_after=2024-10-26 00:00:00+00:00
[2025-04-23T12:53:51.389+0700] {processor.py:208} INFO - Processing /home/minhle/mlops/dags/data_pipeline.py took 0.658 seconds
[2025-04-23T12:54:21.508+0700] {processor.py:186} INFO - Started process (PID=326654) to work on /home/minhle/mlops/dags/data_pipeline.py
[2025-04-23T12:54:21.628+0700] {processor.py:914} INFO - Processing file /home/minhle/mlops/dags/data_pipeline.py for tasks to queue
[2025-04-23T12:54:21.633+0700] {logging_mixin.py:190} INFO - [2025-04-23T12:54:21.633+0700] {dagbag.py:588} INFO - Filling up the DagBag from /home/minhle/mlops/dags/data_pipeline.py
[2025-04-23T12:54:22.178+0700] {processor.py:925} INFO - DAG(s) 'data_pipeline_v01' retrieved from /home/minhle/mlops/dags/data_pipeline.py
[2025-04-23T12:54:22.185+0700] {logging_mixin.py:190} INFO - [2025-04-23T12:54:22.184+0700] {dag.py:3239} INFO - Sync 1 DAGs
[2025-04-23T12:54:22.192+0700] {logging_mixin.py:190} INFO - [2025-04-23T12:54:22.192+0700] {dag.py:4180} INFO - Setting next_dagrun for data_pipeline_v01 to 2024-10-25 00:00:00+00:00, run_after=2024-10-26 00:00:00+00:00
[2025-04-23T12:54:22.282+0700] {processor.py:208} INFO - Processing /home/minhle/mlops/dags/data_pipeline.py took 0.779 seconds
[2025-04-23T12:54:52.470+0700] {processor.py:186} INFO - Started process (PID=326704) to work on /home/minhle/mlops/dags/data_pipeline.py
[2025-04-23T12:54:52.471+0700] {processor.py:914} INFO - Processing file /home/minhle/mlops/dags/data_pipeline.py for tasks to queue
[2025-04-23T12:54:52.472+0700] {logging_mixin.py:190} INFO - [2025-04-23T12:54:52.471+0700] {dagbag.py:588} INFO - Filling up the DagBag from /home/minhle/mlops/dags/data_pipeline.py
[2025-04-23T12:54:53.013+0700] {processor.py:925} INFO - DAG(s) 'data_pipeline_v01' retrieved from /home/minhle/mlops/dags/data_pipeline.py
[2025-04-23T12:54:53.020+0700] {logging_mixin.py:190} INFO - [2025-04-23T12:54:53.020+0700] {dag.py:3239} INFO - Sync 1 DAGs
[2025-04-23T12:54:53.028+0700] {logging_mixin.py:190} INFO - [2025-04-23T12:54:53.028+0700] {dag.py:4180} INFO - Setting next_dagrun for data_pipeline_v01 to 2024-10-25 00:00:00+00:00, run_after=2024-10-26 00:00:00+00:00
[2025-04-23T12:54:53.571+0700] {processor.py:208} INFO - Processing /home/minhle/mlops/dags/data_pipeline.py took 1.106 seconds
[2025-04-23T12:55:23.840+0700] {processor.py:186} INFO - Started process (PID=326744) to work on /home/minhle/mlops/dags/data_pipeline.py
[2025-04-23T12:55:23.914+0700] {processor.py:914} INFO - Processing file /home/minhle/mlops/dags/data_pipeline.py for tasks to queue
[2025-04-23T12:55:23.917+0700] {logging_mixin.py:190} INFO - [2025-04-23T12:55:23.916+0700] {dagbag.py:588} INFO - Filling up the DagBag from /home/minhle/mlops/dags/data_pipeline.py
[2025-04-23T12:55:24.459+0700] {processor.py:925} INFO - DAG(s) 'data_pipeline_v01' retrieved from /home/minhle/mlops/dags/data_pipeline.py
[2025-04-23T12:55:24.466+0700] {logging_mixin.py:190} INFO - [2025-04-23T12:55:24.465+0700] {dag.py:3239} INFO - Sync 1 DAGs
[2025-04-23T12:55:24.474+0700] {logging_mixin.py:190} INFO - [2025-04-23T12:55:24.474+0700] {dag.py:4180} INFO - Setting next_dagrun for data_pipeline_v01 to 2024-10-25 00:00:00+00:00, run_after=2024-10-26 00:00:00+00:00
[2025-04-23T12:55:24.571+0700] {processor.py:208} INFO - Processing /home/minhle/mlops/dags/data_pipeline.py took 0.735 seconds
[2025-04-23T12:55:54.733+0700] {processor.py:186} INFO - Started process (PID=326784) to work on /home/minhle/mlops/dags/data_pipeline.py
[2025-04-23T12:55:54.735+0700] {processor.py:914} INFO - Processing file /home/minhle/mlops/dags/data_pipeline.py for tasks to queue
[2025-04-23T12:55:54.739+0700] {logging_mixin.py:190} INFO - [2025-04-23T12:55:54.738+0700] {dagbag.py:588} INFO - Filling up the DagBag from /home/minhle/mlops/dags/data_pipeline.py
[2025-04-23T12:55:55.291+0700] {processor.py:925} INFO - DAG(s) 'data_pipeline_v01' retrieved from /home/minhle/mlops/dags/data_pipeline.py
[2025-04-23T12:55:55.298+0700] {logging_mixin.py:190} INFO - [2025-04-23T12:55:55.298+0700] {dag.py:3239} INFO - Sync 1 DAGs
[2025-04-23T12:55:55.306+0700] {logging_mixin.py:190} INFO - [2025-04-23T12:55:55.306+0700] {dag.py:4180} INFO - Setting next_dagrun for data_pipeline_v01 to 2024-10-25 00:00:00+00:00, run_after=2024-10-26 00:00:00+00:00
[2025-04-23T12:55:55.398+0700] {processor.py:208} INFO - Processing /home/minhle/mlops/dags/data_pipeline.py took 0.676 seconds
[2025-04-23T12:56:25.484+0700] {processor.py:186} INFO - Started process (PID=326852) to work on /home/minhle/mlops/dags/data_pipeline.py
[2025-04-23T12:56:25.500+0700] {processor.py:914} INFO - Processing file /home/minhle/mlops/dags/data_pipeline.py for tasks to queue
[2025-04-23T12:56:25.504+0700] {logging_mixin.py:190} INFO - [2025-04-23T12:56:25.503+0700] {dagbag.py:588} INFO - Filling up the DagBag from /home/minhle/mlops/dags/data_pipeline.py
[2025-04-23T12:56:26.063+0700] {processor.py:925} INFO - DAG(s) 'data_pipeline_v01' retrieved from /home/minhle/mlops/dags/data_pipeline.py
[2025-04-23T12:56:26.070+0700] {logging_mixin.py:190} INFO - [2025-04-23T12:56:26.070+0700] {dag.py:3239} INFO - Sync 1 DAGs
[2025-04-23T12:56:26.078+0700] {logging_mixin.py:190} INFO - [2025-04-23T12:56:26.078+0700] {dag.py:4180} INFO - Setting next_dagrun for data_pipeline_v01 to 2024-10-25 00:00:00+00:00, run_after=2024-10-26 00:00:00+00:00
[2025-04-23T12:56:26.167+0700] {processor.py:208} INFO - Processing /home/minhle/mlops/dags/data_pipeline.py took 0.689 seconds
[2025-04-23T12:56:56.313+0700] {processor.py:186} INFO - Started process (PID=326902) to work on /home/minhle/mlops/dags/data_pipeline.py
[2025-04-23T12:56:56.314+0700] {processor.py:914} INFO - Processing file /home/minhle/mlops/dags/data_pipeline.py for tasks to queue
[2025-04-23T12:56:56.315+0700] {logging_mixin.py:190} INFO - [2025-04-23T12:56:56.315+0700] {dagbag.py:588} INFO - Filling up the DagBag from /home/minhle/mlops/dags/data_pipeline.py
[2025-04-23T12:56:56.863+0700] {processor.py:925} INFO - DAG(s) 'data_pipeline_v01' retrieved from /home/minhle/mlops/dags/data_pipeline.py
[2025-04-23T12:56:56.870+0700] {logging_mixin.py:190} INFO - [2025-04-23T12:56:56.870+0700] {dag.py:3239} INFO - Sync 1 DAGs
[2025-04-23T12:56:56.878+0700] {logging_mixin.py:190} INFO - [2025-04-23T12:56:56.877+0700] {dag.py:4180} INFO - Setting next_dagrun for data_pipeline_v01 to 2024-10-25 00:00:00+00:00, run_after=2024-10-26 00:00:00+00:00
[2025-04-23T12:56:56.973+0700] {processor.py:208} INFO - Processing /home/minhle/mlops/dags/data_pipeline.py took 0.664 seconds
[2025-04-23T12:57:27.101+0700] {processor.py:186} INFO - Started process (PID=326942) to work on /home/minhle/mlops/dags/data_pipeline.py
[2025-04-23T12:57:27.114+0700] {processor.py:914} INFO - Processing file /home/minhle/mlops/dags/data_pipeline.py for tasks to queue
[2025-04-23T12:57:27.120+0700] {logging_mixin.py:190} INFO - [2025-04-23T12:57:27.119+0700] {dagbag.py:588} INFO - Filling up the DagBag from /home/minhle/mlops/dags/data_pipeline.py
[2025-04-23T12:57:27.669+0700] {processor.py:925} INFO - DAG(s) 'data_pipeline_v01' retrieved from /home/minhle/mlops/dags/data_pipeline.py
[2025-04-23T12:57:27.676+0700] {logging_mixin.py:190} INFO - [2025-04-23T12:57:27.676+0700] {dag.py:3239} INFO - Sync 1 DAGs
[2025-04-23T12:57:27.683+0700] {logging_mixin.py:190} INFO - [2025-04-23T12:57:27.683+0700] {dag.py:4180} INFO - Setting next_dagrun for data_pipeline_v01 to 2024-10-25 00:00:00+00:00, run_after=2024-10-26 00:00:00+00:00
[2025-04-23T12:57:27.765+0700] {processor.py:208} INFO - Processing /home/minhle/mlops/dags/data_pipeline.py took 0.670 seconds
[2025-04-23T12:57:57.947+0700] {processor.py:186} INFO - Started process (PID=326982) to work on /home/minhle/mlops/dags/data_pipeline.py
[2025-04-23T12:57:57.948+0700] {processor.py:914} INFO - Processing file /home/minhle/mlops/dags/data_pipeline.py for tasks to queue
[2025-04-23T12:57:57.949+0700] {logging_mixin.py:190} INFO - [2025-04-23T12:57:57.949+0700] {dagbag.py:588} INFO - Filling up the DagBag from /home/minhle/mlops/dags/data_pipeline.py
[2025-04-23T12:57:58.511+0700] {processor.py:925} INFO - DAG(s) 'data_pipeline_v01' retrieved from /home/minhle/mlops/dags/data_pipeline.py
[2025-04-23T12:57:58.518+0700] {logging_mixin.py:190} INFO - [2025-04-23T12:57:58.518+0700] {dag.py:3239} INFO - Sync 1 DAGs
[2025-04-23T12:57:58.525+0700] {logging_mixin.py:190} INFO - [2025-04-23T12:57:58.525+0700] {dag.py:4180} INFO - Setting next_dagrun for data_pipeline_v01 to 2024-10-25 00:00:00+00:00, run_after=2024-10-26 00:00:00+00:00
[2025-04-23T12:57:59.772+0700] {processor.py:208} INFO - Processing /home/minhle/mlops/dags/data_pipeline.py took 1.829 seconds
[2025-04-23T12:58:30.005+0700] {processor.py:186} INFO - Started process (PID=327025) to work on /home/minhle/mlops/dags/data_pipeline.py
[2025-04-23T12:58:30.006+0700] {processor.py:914} INFO - Processing file /home/minhle/mlops/dags/data_pipeline.py for tasks to queue
[2025-04-23T12:58:30.007+0700] {logging_mixin.py:190} INFO - [2025-04-23T12:58:30.006+0700] {dagbag.py:588} INFO - Filling up the DagBag from /home/minhle/mlops/dags/data_pipeline.py
[2025-04-23T12:58:30.546+0700] {processor.py:925} INFO - DAG(s) 'data_pipeline_v01' retrieved from /home/minhle/mlops/dags/data_pipeline.py
[2025-04-23T12:58:30.553+0700] {logging_mixin.py:190} INFO - [2025-04-23T12:58:30.553+0700] {dag.py:3239} INFO - Sync 1 DAGs
[2025-04-23T12:58:30.561+0700] {logging_mixin.py:190} INFO - [2025-04-23T12:58:30.561+0700] {dag.py:4180} INFO - Setting next_dagrun for data_pipeline_v01 to 2024-10-25 00:00:00+00:00, run_after=2024-10-26 00:00:00+00:00
[2025-04-23T12:58:30.631+0700] {processor.py:208} INFO - Processing /home/minhle/mlops/dags/data_pipeline.py took 0.633 seconds
[2025-04-23T12:59:00.778+0700] {processor.py:186} INFO - Started process (PID=327065) to work on /home/minhle/mlops/dags/data_pipeline.py
[2025-04-23T12:59:00.785+0700] {processor.py:914} INFO - Processing file /home/minhle/mlops/dags/data_pipeline.py for tasks to queue
[2025-04-23T12:59:00.788+0700] {logging_mixin.py:190} INFO - [2025-04-23T12:59:00.788+0700] {dagbag.py:588} INFO - Filling up the DagBag from /home/minhle/mlops/dags/data_pipeline.py
[2025-04-23T12:59:01.360+0700] {processor.py:925} INFO - DAG(s) 'data_pipeline_v01' retrieved from /home/minhle/mlops/dags/data_pipeline.py
[2025-04-23T12:59:01.367+0700] {logging_mixin.py:190} INFO - [2025-04-23T12:59:01.367+0700] {dag.py:3239} INFO - Sync 1 DAGs
[2025-04-23T12:59:01.375+0700] {logging_mixin.py:190} INFO - [2025-04-23T12:59:01.375+0700] {dag.py:4180} INFO - Setting next_dagrun for data_pipeline_v01 to 2024-10-25 00:00:00+00:00, run_after=2024-10-26 00:00:00+00:00
[2025-04-23T12:59:01.468+0700] {processor.py:208} INFO - Processing /home/minhle/mlops/dags/data_pipeline.py took 0.693 seconds
[2025-04-23T12:59:31.588+0700] {processor.py:186} INFO - Started process (PID=327105) to work on /home/minhle/mlops/dags/data_pipeline.py
[2025-04-23T12:59:31.589+0700] {processor.py:914} INFO - Processing file /home/minhle/mlops/dags/data_pipeline.py for tasks to queue
[2025-04-23T12:59:31.591+0700] {logging_mixin.py:190} INFO - [2025-04-23T12:59:31.590+0700] {dagbag.py:588} INFO - Filling up the DagBag from /home/minhle/mlops/dags/data_pipeline.py
[2025-04-23T12:59:32.141+0700] {processor.py:925} INFO - DAG(s) 'data_pipeline_v01' retrieved from /home/minhle/mlops/dags/data_pipeline.py
[2025-04-23T12:59:32.148+0700] {logging_mixin.py:190} INFO - [2025-04-23T12:59:32.148+0700] {dag.py:3239} INFO - Sync 1 DAGs
[2025-04-23T12:59:32.156+0700] {logging_mixin.py:190} INFO - [2025-04-23T12:59:32.156+0700] {dag.py:4180} INFO - Setting next_dagrun for data_pipeline_v01 to 2024-10-25 00:00:00+00:00, run_after=2024-10-26 00:00:00+00:00
[2025-04-23T12:59:32.239+0700] {processor.py:208} INFO - Processing /home/minhle/mlops/dags/data_pipeline.py took 0.654 seconds
[2025-04-23T13:00:02.379+0700] {processor.py:186} INFO - Started process (PID=327208) to work on /home/minhle/mlops/dags/data_pipeline.py
[2025-04-23T13:00:02.379+0700] {processor.py:914} INFO - Processing file /home/minhle/mlops/dags/data_pipeline.py for tasks to queue
[2025-04-23T13:00:02.380+0700] {logging_mixin.py:190} INFO - [2025-04-23T13:00:02.380+0700] {dagbag.py:588} INFO - Filling up the DagBag from /home/minhle/mlops/dags/data_pipeline.py
[2025-04-23T13:00:02.921+0700] {processor.py:925} INFO - DAG(s) 'data_pipeline_v01' retrieved from /home/minhle/mlops/dags/data_pipeline.py
[2025-04-23T13:00:02.928+0700] {logging_mixin.py:190} INFO - [2025-04-23T13:00:02.927+0700] {dag.py:3239} INFO - Sync 1 DAGs
[2025-04-23T13:00:02.936+0700] {logging_mixin.py:190} INFO - [2025-04-23T13:00:02.936+0700] {dag.py:4180} INFO - Setting next_dagrun for data_pipeline_v01 to 2024-10-25 00:00:00+00:00, run_after=2024-10-26 00:00:00+00:00
[2025-04-23T13:00:03.026+0700] {processor.py:208} INFO - Processing /home/minhle/mlops/dags/data_pipeline.py took 0.651 seconds
[2025-04-23T13:00:33.229+0700] {processor.py:186} INFO - Started process (PID=327249) to work on /home/minhle/mlops/dags/data_pipeline.py
[2025-04-23T13:00:33.235+0700] {processor.py:914} INFO - Processing file /home/minhle/mlops/dags/data_pipeline.py for tasks to queue
[2025-04-23T13:00:33.240+0700] {logging_mixin.py:190} INFO - [2025-04-23T13:00:33.239+0700] {dagbag.py:588} INFO - Filling up the DagBag from /home/minhle/mlops/dags/data_pipeline.py
[2025-04-23T13:00:33.794+0700] {processor.py:925} INFO - DAG(s) 'data_pipeline_v01' retrieved from /home/minhle/mlops/dags/data_pipeline.py
[2025-04-23T13:00:33.800+0700] {logging_mixin.py:190} INFO - [2025-04-23T13:00:33.800+0700] {dag.py:3239} INFO - Sync 1 DAGs
[2025-04-23T13:00:33.808+0700] {logging_mixin.py:190} INFO - [2025-04-23T13:00:33.808+0700] {dag.py:4180} INFO - Setting next_dagrun for data_pipeline_v01 to 2024-10-25 00:00:00+00:00, run_after=2024-10-26 00:00:00+00:00
[2025-04-23T13:00:33.962+0700] {processor.py:208} INFO - Processing /home/minhle/mlops/dags/data_pipeline.py took 0.739 seconds
[2025-04-23T13:01:04.102+0700] {processor.py:186} INFO - Started process (PID=327326) to work on /home/minhle/mlops/dags/data_pipeline.py
[2025-04-23T13:01:04.103+0700] {processor.py:914} INFO - Processing file /home/minhle/mlops/dags/data_pipeline.py for tasks to queue
[2025-04-23T13:01:04.104+0700] {logging_mixin.py:190} INFO - [2025-04-23T13:01:04.104+0700] {dagbag.py:588} INFO - Filling up the DagBag from /home/minhle/mlops/dags/data_pipeline.py
[2025-04-23T13:01:04.652+0700] {processor.py:925} INFO - DAG(s) 'data_pipeline_v01' retrieved from /home/minhle/mlops/dags/data_pipeline.py
[2025-04-23T13:01:04.660+0700] {logging_mixin.py:190} INFO - [2025-04-23T13:01:04.659+0700] {dag.py:3239} INFO - Sync 1 DAGs
[2025-04-23T13:01:04.667+0700] {logging_mixin.py:190} INFO - [2025-04-23T13:01:04.667+0700] {dag.py:4180} INFO - Setting next_dagrun for data_pipeline_v01 to 2024-10-25 00:00:00+00:00, run_after=2024-10-26 00:00:00+00:00
[2025-04-23T13:01:04.814+0700] {processor.py:208} INFO - Processing /home/minhle/mlops/dags/data_pipeline.py took 0.718 seconds
[2025-04-23T13:01:34.974+0700] {processor.py:186} INFO - Started process (PID=327366) to work on /home/minhle/mlops/dags/data_pipeline.py
[2025-04-23T13:01:34.986+0700] {processor.py:914} INFO - Processing file /home/minhle/mlops/dags/data_pipeline.py for tasks to queue
[2025-04-23T13:01:34.991+0700] {logging_mixin.py:190} INFO - [2025-04-23T13:01:34.990+0700] {dagbag.py:588} INFO - Filling up the DagBag from /home/minhle/mlops/dags/data_pipeline.py
[2025-04-23T13:01:35.539+0700] {processor.py:925} INFO - DAG(s) 'data_pipeline_v01' retrieved from /home/minhle/mlops/dags/data_pipeline.py
[2025-04-23T13:01:35.546+0700] {logging_mixin.py:190} INFO - [2025-04-23T13:01:35.546+0700] {dag.py:3239} INFO - Sync 1 DAGs
[2025-04-23T13:01:35.554+0700] {logging_mixin.py:190} INFO - [2025-04-23T13:01:35.554+0700] {dag.py:4180} INFO - Setting next_dagrun for data_pipeline_v01 to 2024-10-25 00:00:00+00:00, run_after=2024-10-26 00:00:00+00:00
[2025-04-23T13:01:35.628+0700] {processor.py:208} INFO - Processing /home/minhle/mlops/dags/data_pipeline.py took 0.659 seconds
[2025-04-23T13:02:05.783+0700] {processor.py:186} INFO - Started process (PID=327406) to work on /home/minhle/mlops/dags/data_pipeline.py
[2025-04-23T13:02:05.784+0700] {processor.py:914} INFO - Processing file /home/minhle/mlops/dags/data_pipeline.py for tasks to queue
[2025-04-23T13:02:05.785+0700] {logging_mixin.py:190} INFO - [2025-04-23T13:02:05.785+0700] {dagbag.py:588} INFO - Filling up the DagBag from /home/minhle/mlops/dags/data_pipeline.py
[2025-04-23T13:02:06.351+0700] {processor.py:925} INFO - DAG(s) 'data_pipeline_v01' retrieved from /home/minhle/mlops/dags/data_pipeline.py
[2025-04-23T13:02:06.358+0700] {logging_mixin.py:190} INFO - [2025-04-23T13:02:06.358+0700] {dag.py:3239} INFO - Sync 1 DAGs
[2025-04-23T13:02:06.365+0700] {logging_mixin.py:190} INFO - [2025-04-23T13:02:06.365+0700] {dag.py:4180} INFO - Setting next_dagrun for data_pipeline_v01 to 2024-10-25 00:00:00+00:00, run_after=2024-10-26 00:00:00+00:00
[2025-04-23T13:02:06.454+0700] {processor.py:208} INFO - Processing /home/minhle/mlops/dags/data_pipeline.py took 0.676 seconds
[2025-04-23T13:02:36.601+0700] {processor.py:186} INFO - Started process (PID=327447) to work on /home/minhle/mlops/dags/data_pipeline.py
[2025-04-23T13:02:36.638+0700] {processor.py:914} INFO - Processing file /home/minhle/mlops/dags/data_pipeline.py for tasks to queue
[2025-04-23T13:02:36.643+0700] {logging_mixin.py:190} INFO - [2025-04-23T13:02:36.642+0700] {dagbag.py:588} INFO - Filling up the DagBag from /home/minhle/mlops/dags/data_pipeline.py
[2025-04-23T13:02:37.224+0700] {processor.py:925} INFO - DAG(s) 'data_pipeline_v01' retrieved from /home/minhle/mlops/dags/data_pipeline.py
[2025-04-23T13:02:37.230+0700] {logging_mixin.py:190} INFO - [2025-04-23T13:02:37.230+0700] {dag.py:3239} INFO - Sync 1 DAGs
[2025-04-23T13:02:37.238+0700] {logging_mixin.py:190} INFO - [2025-04-23T13:02:37.238+0700] {dag.py:4180} INFO - Setting next_dagrun for data_pipeline_v01 to 2024-10-25 00:00:00+00:00, run_after=2024-10-26 00:00:00+00:00
[2025-04-23T13:02:37.329+0700] {processor.py:208} INFO - Processing /home/minhle/mlops/dags/data_pipeline.py took 0.735 seconds
[2025-04-23T13:03:07.615+0700] {processor.py:186} INFO - Started process (PID=327487) to work on /home/minhle/mlops/dags/data_pipeline.py
[2025-04-23T13:03:07.616+0700] {processor.py:914} INFO - Processing file /home/minhle/mlops/dags/data_pipeline.py for tasks to queue
[2025-04-23T13:03:07.619+0700] {logging_mixin.py:190} INFO - [2025-04-23T13:03:07.619+0700] {dagbag.py:588} INFO - Filling up the DagBag from /home/minhle/mlops/dags/data_pipeline.py
[2025-04-23T13:03:08.182+0700] {processor.py:925} INFO - DAG(s) 'data_pipeline_v01' retrieved from /home/minhle/mlops/dags/data_pipeline.py
[2025-04-23T13:03:08.189+0700] {logging_mixin.py:190} INFO - [2025-04-23T13:03:08.189+0700] {dag.py:3239} INFO - Sync 1 DAGs
[2025-04-23T13:03:08.196+0700] {logging_mixin.py:190} INFO - [2025-04-23T13:03:08.196+0700] {dag.py:4180} INFO - Setting next_dagrun for data_pipeline_v01 to 2024-10-25 00:00:00+00:00, run_after=2024-10-26 00:00:00+00:00
[2025-04-23T13:03:08.804+0700] {processor.py:208} INFO - Processing /home/minhle/mlops/dags/data_pipeline.py took 1.202 seconds
[2025-04-23T13:03:39.033+0700] {processor.py:186} INFO - Started process (PID=327537) to work on /home/minhle/mlops/dags/data_pipeline.py
[2025-04-23T13:03:39.174+0700] {processor.py:914} INFO - Processing file /home/minhle/mlops/dags/data_pipeline.py for tasks to queue
[2025-04-23T13:03:39.180+0700] {logging_mixin.py:190} INFO - [2025-04-23T13:03:39.179+0700] {dagbag.py:588} INFO - Filling up the DagBag from /home/minhle/mlops/dags/data_pipeline.py
[2025-04-23T13:03:39.729+0700] {processor.py:925} INFO - DAG(s) 'data_pipeline_v01' retrieved from /home/minhle/mlops/dags/data_pipeline.py
[2025-04-23T13:03:39.736+0700] {logging_mixin.py:190} INFO - [2025-04-23T13:03:39.736+0700] {dag.py:3239} INFO - Sync 1 DAGs
[2025-04-23T13:03:39.744+0700] {logging_mixin.py:190} INFO - [2025-04-23T13:03:39.744+0700] {dag.py:4180} INFO - Setting next_dagrun for data_pipeline_v01 to 2024-10-25 00:00:00+00:00, run_after=2024-10-26 00:00:00+00:00
[2025-04-23T13:03:40.132+0700] {processor.py:208} INFO - Processing /home/minhle/mlops/dags/data_pipeline.py took 1.103 seconds
[2025-04-23T13:04:10.548+0700] {processor.py:186} INFO - Started process (PID=327579) to work on /home/minhle/mlops/dags/data_pipeline.py
[2025-04-23T13:04:10.549+0700] {processor.py:914} INFO - Processing file /home/minhle/mlops/dags/data_pipeline.py for tasks to queue
[2025-04-23T13:04:10.550+0700] {logging_mixin.py:190} INFO - [2025-04-23T13:04:10.550+0700] {dagbag.py:588} INFO - Filling up the DagBag from /home/minhle/mlops/dags/data_pipeline.py
[2025-04-23T13:04:11.093+0700] {processor.py:925} INFO - DAG(s) 'data_pipeline_v01' retrieved from /home/minhle/mlops/dags/data_pipeline.py
[2025-04-23T13:04:11.100+0700] {logging_mixin.py:190} INFO - [2025-04-23T13:04:11.100+0700] {dag.py:3239} INFO - Sync 1 DAGs
[2025-04-23T13:04:11.108+0700] {logging_mixin.py:190} INFO - [2025-04-23T13:04:11.108+0700] {dag.py:4180} INFO - Setting next_dagrun for data_pipeline_v01 to 2024-10-25 00:00:00+00:00, run_after=2024-10-26 00:00:00+00:00
[2025-04-23T13:04:11.617+0700] {processor.py:208} INFO - Processing /home/minhle/mlops/dags/data_pipeline.py took 1.073 seconds
[2025-04-23T13:04:41.859+0700] {processor.py:186} INFO - Started process (PID=327619) to work on /home/minhle/mlops/dags/data_pipeline.py
[2025-04-23T13:04:41.977+0700] {processor.py:914} INFO - Processing file /home/minhle/mlops/dags/data_pipeline.py for tasks to queue
[2025-04-23T13:04:41.981+0700] {logging_mixin.py:190} INFO - [2025-04-23T13:04:41.980+0700] {dagbag.py:588} INFO - Filling up the DagBag from /home/minhle/mlops/dags/data_pipeline.py
[2025-04-23T13:04:42.534+0700] {processor.py:925} INFO - DAG(s) 'data_pipeline_v01' retrieved from /home/minhle/mlops/dags/data_pipeline.py
[2025-04-23T13:04:42.541+0700] {logging_mixin.py:190} INFO - [2025-04-23T13:04:42.541+0700] {dag.py:3239} INFO - Sync 1 DAGs
[2025-04-23T13:04:42.550+0700] {logging_mixin.py:190} INFO - [2025-04-23T13:04:42.550+0700] {dag.py:4180} INFO - Setting next_dagrun for data_pipeline_v01 to 2024-10-25 00:00:00+00:00, run_after=2024-10-26 00:00:00+00:00
[2025-04-23T13:04:42.648+0700] {processor.py:208} INFO - Processing /home/minhle/mlops/dags/data_pipeline.py took 0.795 seconds
[2025-04-23T13:05:12.767+0700] {processor.py:186} INFO - Started process (PID=327659) to work on /home/minhle/mlops/dags/data_pipeline.py
[2025-04-23T13:05:12.768+0700] {processor.py:914} INFO - Processing file /home/minhle/mlops/dags/data_pipeline.py for tasks to queue
[2025-04-23T13:05:12.769+0700] {logging_mixin.py:190} INFO - [2025-04-23T13:05:12.769+0700] {dagbag.py:588} INFO - Filling up the DagBag from /home/minhle/mlops/dags/data_pipeline.py
[2025-04-23T13:05:13.337+0700] {processor.py:925} INFO - DAG(s) 'data_pipeline_v01' retrieved from /home/minhle/mlops/dags/data_pipeline.py
[2025-04-23T13:05:13.344+0700] {logging_mixin.py:190} INFO - [2025-04-23T13:05:13.344+0700] {dag.py:3239} INFO - Sync 1 DAGs
[2025-04-23T13:05:13.352+0700] {logging_mixin.py:190} INFO - [2025-04-23T13:05:13.352+0700] {dag.py:4180} INFO - Setting next_dagrun for data_pipeline_v01 to 2024-10-25 00:00:00+00:00, run_after=2024-10-26 00:00:00+00:00
[2025-04-23T13:05:13.438+0700] {processor.py:208} INFO - Processing /home/minhle/mlops/dags/data_pipeline.py took 0.676 seconds
[2025-04-23T13:05:43.569+0700] {processor.py:186} INFO - Started process (PID=327699) to work on /home/minhle/mlops/dags/data_pipeline.py
[2025-04-23T13:05:43.580+0700] {processor.py:914} INFO - Processing file /home/minhle/mlops/dags/data_pipeline.py for tasks to queue
[2025-04-23T13:05:43.585+0700] {logging_mixin.py:190} INFO - [2025-04-23T13:05:43.584+0700] {dagbag.py:588} INFO - Filling up the DagBag from /home/minhle/mlops/dags/data_pipeline.py
[2025-04-23T13:05:44.165+0700] {processor.py:925} INFO - DAG(s) 'data_pipeline_v01' retrieved from /home/minhle/mlops/dags/data_pipeline.py
[2025-04-23T13:05:44.173+0700] {logging_mixin.py:190} INFO - [2025-04-23T13:05:44.173+0700] {dag.py:3239} INFO - Sync 1 DAGs
[2025-04-23T13:05:44.180+0700] {logging_mixin.py:190} INFO - [2025-04-23T13:05:44.180+0700] {dag.py:4180} INFO - Setting next_dagrun for data_pipeline_v01 to 2024-10-25 00:00:00+00:00, run_after=2024-10-26 00:00:00+00:00
[2025-04-23T13:05:44.251+0700] {processor.py:208} INFO - Processing /home/minhle/mlops/dags/data_pipeline.py took 0.687 seconds
[2025-04-23T13:06:14.394+0700] {processor.py:186} INFO - Started process (PID=327788) to work on /home/minhle/mlops/dags/data_pipeline.py
[2025-04-23T13:06:14.395+0700] {processor.py:914} INFO - Processing file /home/minhle/mlops/dags/data_pipeline.py for tasks to queue
[2025-04-23T13:06:14.397+0700] {logging_mixin.py:190} INFO - [2025-04-23T13:06:14.397+0700] {dagbag.py:588} INFO - Filling up the DagBag from /home/minhle/mlops/dags/data_pipeline.py
[2025-04-23T13:06:14.952+0700] {processor.py:925} INFO - DAG(s) 'data_pipeline_v01' retrieved from /home/minhle/mlops/dags/data_pipeline.py
[2025-04-23T13:06:14.959+0700] {logging_mixin.py:190} INFO - [2025-04-23T13:06:14.959+0700] {dag.py:3239} INFO - Sync 1 DAGs
[2025-04-23T13:06:14.967+0700] {logging_mixin.py:190} INFO - [2025-04-23T13:06:14.967+0700] {dag.py:4180} INFO - Setting next_dagrun for data_pipeline_v01 to 2024-10-25 00:00:00+00:00, run_after=2024-10-26 00:00:00+00:00
[2025-04-23T13:06:15.050+0700] {processor.py:208} INFO - Processing /home/minhle/mlops/dags/data_pipeline.py took 0.664 seconds
[2025-04-23T13:06:45.211+0700] {processor.py:186} INFO - Started process (PID=327828) to work on /home/minhle/mlops/dags/data_pipeline.py
[2025-04-23T13:06:45.224+0700] {processor.py:914} INFO - Processing file /home/minhle/mlops/dags/data_pipeline.py for tasks to queue
[2025-04-23T13:06:45.227+0700] {logging_mixin.py:190} INFO - [2025-04-23T13:06:45.226+0700] {dagbag.py:588} INFO - Filling up the DagBag from /home/minhle/mlops/dags/data_pipeline.py
[2025-04-23T13:06:45.771+0700] {processor.py:925} INFO - DAG(s) 'data_pipeline_v01' retrieved from /home/minhle/mlops/dags/data_pipeline.py
[2025-04-23T13:06:45.778+0700] {logging_mixin.py:190} INFO - [2025-04-23T13:06:45.778+0700] {dag.py:3239} INFO - Sync 1 DAGs
[2025-04-23T13:06:45.785+0700] {logging_mixin.py:190} INFO - [2025-04-23T13:06:45.785+0700] {dag.py:4180} INFO - Setting next_dagrun for data_pipeline_v01 to 2024-10-25 00:00:00+00:00, run_after=2024-10-26 00:00:00+00:00
[2025-04-23T13:06:45.858+0700] {processor.py:208} INFO - Processing /home/minhle/mlops/dags/data_pipeline.py took 0.649 seconds
[2025-04-23T13:07:15.935+0700] {processor.py:186} INFO - Started process (PID=327868) to work on /home/minhle/mlops/dags/data_pipeline.py
[2025-04-23T13:07:15.936+0700] {processor.py:914} INFO - Processing file /home/minhle/mlops/dags/data_pipeline.py for tasks to queue
[2025-04-23T13:07:15.938+0700] {logging_mixin.py:190} INFO - [2025-04-23T13:07:15.937+0700] {dagbag.py:588} INFO - Filling up the DagBag from /home/minhle/mlops/dags/data_pipeline.py
[2025-04-23T13:07:16.482+0700] {processor.py:925} INFO - DAG(s) 'data_pipeline_v01' retrieved from /home/minhle/mlops/dags/data_pipeline.py
[2025-04-23T13:07:16.489+0700] {logging_mixin.py:190} INFO - [2025-04-23T13:07:16.489+0700] {dag.py:3239} INFO - Sync 1 DAGs
[2025-04-23T13:07:16.496+0700] {logging_mixin.py:190} INFO - [2025-04-23T13:07:16.496+0700] {dag.py:4180} INFO - Setting next_dagrun for data_pipeline_v01 to 2024-10-25 00:00:00+00:00, run_after=2024-10-26 00:00:00+00:00
[2025-04-23T13:07:16.587+0700] {processor.py:208} INFO - Processing /home/minhle/mlops/dags/data_pipeline.py took 0.657 seconds
[2025-04-23T13:07:46.730+0700] {processor.py:186} INFO - Started process (PID=327918) to work on /home/minhle/mlops/dags/data_pipeline.py
[2025-04-23T13:07:46.927+0700] {processor.py:914} INFO - Processing file /home/minhle/mlops/dags/data_pipeline.py for tasks to queue
[2025-04-23T13:07:46.931+0700] {logging_mixin.py:190} INFO - [2025-04-23T13:07:46.930+0700] {dagbag.py:588} INFO - Filling up the DagBag from /home/minhle/mlops/dags/data_pipeline.py
[2025-04-23T13:07:47.472+0700] {processor.py:925} INFO - DAG(s) 'data_pipeline_v01' retrieved from /home/minhle/mlops/dags/data_pipeline.py
[2025-04-23T13:07:47.478+0700] {logging_mixin.py:190} INFO - [2025-04-23T13:07:47.478+0700] {dag.py:3239} INFO - Sync 1 DAGs
[2025-04-23T13:07:47.486+0700] {logging_mixin.py:190} INFO - [2025-04-23T13:07:47.486+0700] {dag.py:4180} INFO - Setting next_dagrun for data_pipeline_v01 to 2024-10-25 00:00:00+00:00, run_after=2024-10-26 00:00:00+00:00
[2025-04-23T13:07:47.777+0700] {processor.py:208} INFO - Processing /home/minhle/mlops/dags/data_pipeline.py took 1.053 seconds
[2025-04-23T13:08:17.950+0700] {processor.py:186} INFO - Started process (PID=327959) to work on /home/minhle/mlops/dags/data_pipeline.py
[2025-04-23T13:08:17.950+0700] {processor.py:914} INFO - Processing file /home/minhle/mlops/dags/data_pipeline.py for tasks to queue
[2025-04-23T13:08:17.953+0700] {logging_mixin.py:190} INFO - [2025-04-23T13:08:17.953+0700] {dagbag.py:588} INFO - Filling up the DagBag from /home/minhle/mlops/dags/data_pipeline.py
[2025-04-23T13:08:18.496+0700] {processor.py:925} INFO - DAG(s) 'data_pipeline_v01' retrieved from /home/minhle/mlops/dags/data_pipeline.py
[2025-04-23T13:08:18.502+0700] {logging_mixin.py:190} INFO - [2025-04-23T13:08:18.502+0700] {dag.py:3239} INFO - Sync 1 DAGs
[2025-04-23T13:08:18.510+0700] {logging_mixin.py:190} INFO - [2025-04-23T13:08:18.510+0700] {dag.py:4180} INFO - Setting next_dagrun for data_pipeline_v01 to 2024-10-25 00:00:00+00:00, run_after=2024-10-26 00:00:00+00:00
[2025-04-23T13:08:18.598+0700] {processor.py:208} INFO - Processing /home/minhle/mlops/dags/data_pipeline.py took 0.654 seconds
[2025-04-23T13:08:48.771+0700] {processor.py:186} INFO - Started process (PID=328000) to work on /home/minhle/mlops/dags/data_pipeline.py
[2025-04-23T13:08:48.771+0700] {processor.py:914} INFO - Processing file /home/minhle/mlops/dags/data_pipeline.py for tasks to queue
[2025-04-23T13:08:48.772+0700] {logging_mixin.py:190} INFO - [2025-04-23T13:08:48.772+0700] {dagbag.py:588} INFO - Filling up the DagBag from /home/minhle/mlops/dags/data_pipeline.py
[2025-04-23T13:08:49.316+0700] {processor.py:925} INFO - DAG(s) 'data_pipeline_v01' retrieved from /home/minhle/mlops/dags/data_pipeline.py
[2025-04-23T13:08:49.323+0700] {logging_mixin.py:190} INFO - [2025-04-23T13:08:49.323+0700] {dag.py:3239} INFO - Sync 1 DAGs
[2025-04-23T13:08:49.331+0700] {logging_mixin.py:190} INFO - [2025-04-23T13:08:49.331+0700] {dag.py:4180} INFO - Setting next_dagrun for data_pipeline_v01 to 2024-10-25 00:00:00+00:00, run_after=2024-10-26 00:00:00+00:00
[2025-04-23T13:08:49.411+0700] {processor.py:208} INFO - Processing /home/minhle/mlops/dags/data_pipeline.py took 0.647 seconds
[2025-04-23T13:09:19.582+0700] {processor.py:186} INFO - Started process (PID=328051) to work on /home/minhle/mlops/dags/data_pipeline.py
[2025-04-23T13:09:19.583+0700] {processor.py:914} INFO - Processing file /home/minhle/mlops/dags/data_pipeline.py for tasks to queue
[2025-04-23T13:09:19.585+0700] {logging_mixin.py:190} INFO - [2025-04-23T13:09:19.585+0700] {dagbag.py:588} INFO - Filling up the DagBag from /home/minhle/mlops/dags/data_pipeline.py
[2025-04-23T13:09:20.146+0700] {processor.py:925} INFO - DAG(s) 'data_pipeline_v01' retrieved from /home/minhle/mlops/dags/data_pipeline.py
[2025-04-23T13:09:20.153+0700] {logging_mixin.py:190} INFO - [2025-04-23T13:09:20.153+0700] {dag.py:3239} INFO - Sync 1 DAGs
[2025-04-23T13:09:20.161+0700] {logging_mixin.py:190} INFO - [2025-04-23T13:09:20.161+0700] {dag.py:4180} INFO - Setting next_dagrun for data_pipeline_v01 to 2024-10-25 00:00:00+00:00, run_after=2024-10-26 00:00:00+00:00
[2025-04-23T13:09:20.242+0700] {processor.py:208} INFO - Processing /home/minhle/mlops/dags/data_pipeline.py took 0.669 seconds
[2025-04-23T13:09:50.691+0700] {processor.py:186} INFO - Started process (PID=328091) to work on /home/minhle/mlops/dags/data_pipeline.py
[2025-04-23T13:09:50.692+0700] {processor.py:914} INFO - Processing file /home/minhle/mlops/dags/data_pipeline.py for tasks to queue
[2025-04-23T13:09:50.693+0700] {logging_mixin.py:190} INFO - [2025-04-23T13:09:50.693+0700] {dagbag.py:588} INFO - Filling up the DagBag from /home/minhle/mlops/dags/data_pipeline.py
[2025-04-23T13:09:51.239+0700] {processor.py:925} INFO - DAG(s) 'data_pipeline_v01' retrieved from /home/minhle/mlops/dags/data_pipeline.py
[2025-04-23T13:09:51.246+0700] {logging_mixin.py:190} INFO - [2025-04-23T13:09:51.246+0700] {dag.py:3239} INFO - Sync 1 DAGs
[2025-04-23T13:09:51.254+0700] {logging_mixin.py:190} INFO - [2025-04-23T13:09:51.254+0700] {dag.py:4180} INFO - Setting next_dagrun for data_pipeline_v01 to 2024-10-25 00:00:00+00:00, run_after=2024-10-26 00:00:00+00:00
[2025-04-23T13:09:51.497+0700] {processor.py:208} INFO - Processing /home/minhle/mlops/dags/data_pipeline.py took 0.812 seconds
[2025-04-23T13:10:22.291+0700] {processor.py:186} INFO - Started process (PID=328179) to work on /home/minhle/mlops/dags/data_pipeline.py
[2025-04-23T13:10:22.447+0700] {processor.py:914} INFO - Processing file /home/minhle/mlops/dags/data_pipeline.py for tasks to queue
[2025-04-23T13:10:22.453+0700] {logging_mixin.py:190} INFO - [2025-04-23T13:10:22.452+0700] {dagbag.py:588} INFO - Filling up the DagBag from /home/minhle/mlops/dags/data_pipeline.py
[2025-04-23T13:10:23.016+0700] {processor.py:925} INFO - DAG(s) 'data_pipeline_v01' retrieved from /home/minhle/mlops/dags/data_pipeline.py
[2025-04-23T13:10:23.023+0700] {logging_mixin.py:190} INFO - [2025-04-23T13:10:23.023+0700] {dag.py:3239} INFO - Sync 1 DAGs
[2025-04-23T13:10:23.031+0700] {logging_mixin.py:190} INFO - [2025-04-23T13:10:23.030+0700] {dag.py:4180} INFO - Setting next_dagrun for data_pipeline_v01 to 2024-10-25 00:00:00+00:00, run_after=2024-10-26 00:00:00+00:00
[2025-04-23T13:10:23.128+0700] {processor.py:208} INFO - Processing /home/minhle/mlops/dags/data_pipeline.py took 0.839 seconds
[2025-04-23T13:10:53.872+0700] {processor.py:186} INFO - Started process (PID=328225) to work on /home/minhle/mlops/dags/data_pipeline.py
[2025-04-23T13:10:53.873+0700] {processor.py:914} INFO - Processing file /home/minhle/mlops/dags/data_pipeline.py for tasks to queue
[2025-04-23T13:10:53.874+0700] {logging_mixin.py:190} INFO - [2025-04-23T13:10:53.873+0700] {dagbag.py:588} INFO - Filling up the DagBag from /home/minhle/mlops/dags/data_pipeline.py
[2025-04-23T13:10:54.435+0700] {processor.py:925} INFO - DAG(s) 'data_pipeline_v01' retrieved from /home/minhle/mlops/dags/data_pipeline.py
[2025-04-23T13:10:54.442+0700] {logging_mixin.py:190} INFO - [2025-04-23T13:10:54.441+0700] {dag.py:3239} INFO - Sync 1 DAGs
[2025-04-23T13:10:54.449+0700] {logging_mixin.py:190} INFO - [2025-04-23T13:10:54.449+0700] {dag.py:4180} INFO - Setting next_dagrun for data_pipeline_v01 to 2024-10-25 00:00:00+00:00, run_after=2024-10-26 00:00:00+00:00
[2025-04-23T13:10:54.536+0700] {processor.py:208} INFO - Processing /home/minhle/mlops/dags/data_pipeline.py took 0.667 seconds
[2025-04-23T13:11:24.647+0700] {processor.py:186} INFO - Started process (PID=328318) to work on /home/minhle/mlops/dags/data_pipeline.py
[2025-04-23T13:11:24.774+0700] {processor.py:914} INFO - Processing file /home/minhle/mlops/dags/data_pipeline.py for tasks to queue
[2025-04-23T13:11:24.776+0700] {logging_mixin.py:190} INFO - [2025-04-23T13:11:24.776+0700] {dagbag.py:588} INFO - Filling up the DagBag from /home/minhle/mlops/dags/data_pipeline.py
[2025-04-23T13:11:25.468+0700] {processor.py:925} INFO - DAG(s) 'data_pipeline_v01' retrieved from /home/minhle/mlops/dags/data_pipeline.py
[2025-04-23T13:11:25.476+0700] {logging_mixin.py:190} INFO - [2025-04-23T13:11:25.475+0700] {dag.py:3239} INFO - Sync 1 DAGs
[2025-04-23T13:11:25.484+0700] {logging_mixin.py:190} INFO - [2025-04-23T13:11:25.484+0700] {dag.py:4180} INFO - Setting next_dagrun for data_pipeline_v01 to 2024-10-25 00:00:00+00:00, run_after=2024-10-26 00:00:00+00:00
[2025-04-23T13:11:26.192+0700] {processor.py:208} INFO - Processing /home/minhle/mlops/dags/data_pipeline.py took 1.552 seconds
[2025-04-23T13:11:56.408+0700] {processor.py:186} INFO - Started process (PID=328376) to work on /home/minhle/mlops/dags/data_pipeline.py
[2025-04-23T13:11:56.408+0700] {processor.py:914} INFO - Processing file /home/minhle/mlops/dags/data_pipeline.py for tasks to queue
[2025-04-23T13:11:56.410+0700] {logging_mixin.py:190} INFO - [2025-04-23T13:11:56.410+0700] {dagbag.py:588} INFO - Filling up the DagBag from /home/minhle/mlops/dags/data_pipeline.py
[2025-04-23T13:11:56.955+0700] {processor.py:925} INFO - DAG(s) 'data_pipeline_v01' retrieved from /home/minhle/mlops/dags/data_pipeline.py
[2025-04-23T13:11:56.962+0700] {logging_mixin.py:190} INFO - [2025-04-23T13:11:56.962+0700] {dag.py:3239} INFO - Sync 1 DAGs
[2025-04-23T13:11:56.970+0700] {logging_mixin.py:190} INFO - [2025-04-23T13:11:56.970+0700] {dag.py:4180} INFO - Setting next_dagrun for data_pipeline_v01 to 2024-10-25 00:00:00+00:00, run_after=2024-10-26 00:00:00+00:00
[2025-04-23T13:11:57.465+0700] {processor.py:208} INFO - Processing /home/minhle/mlops/dags/data_pipeline.py took 1.066 seconds
[2025-04-23T13:12:27.699+0700] {processor.py:186} INFO - Started process (PID=328417) to work on /home/minhle/mlops/dags/data_pipeline.py
[2025-04-23T13:12:27.743+0700] {processor.py:914} INFO - Processing file /home/minhle/mlops/dags/data_pipeline.py for tasks to queue
[2025-04-23T13:12:27.748+0700] {logging_mixin.py:190} INFO - [2025-04-23T13:12:27.747+0700] {dagbag.py:588} INFO - Filling up the DagBag from /home/minhle/mlops/dags/data_pipeline.py
[2025-04-23T13:12:28.311+0700] {processor.py:925} INFO - DAG(s) 'data_pipeline_v01' retrieved from /home/minhle/mlops/dags/data_pipeline.py
[2025-04-23T13:12:28.318+0700] {logging_mixin.py:190} INFO - [2025-04-23T13:12:28.318+0700] {dag.py:3239} INFO - Sync 1 DAGs
[2025-04-23T13:12:28.326+0700] {logging_mixin.py:190} INFO - [2025-04-23T13:12:28.326+0700] {dag.py:4180} INFO - Setting next_dagrun for data_pipeline_v01 to 2024-10-25 00:00:00+00:00, run_after=2024-10-26 00:00:00+00:00
[2025-04-23T13:12:28.610+0700] {processor.py:208} INFO - Processing /home/minhle/mlops/dags/data_pipeline.py took 0.914 seconds
[2025-04-23T13:12:58.876+0700] {processor.py:186} INFO - Started process (PID=328476) to work on /home/minhle/mlops/dags/data_pipeline.py
[2025-04-23T13:12:58.877+0700] {processor.py:914} INFO - Processing file /home/minhle/mlops/dags/data_pipeline.py for tasks to queue
[2025-04-23T13:12:58.878+0700] {logging_mixin.py:190} INFO - [2025-04-23T13:12:58.878+0700] {dagbag.py:588} INFO - Filling up the DagBag from /home/minhle/mlops/dags/data_pipeline.py
[2025-04-23T13:12:59.449+0700] {processor.py:925} INFO - DAG(s) 'data_pipeline_v01' retrieved from /home/minhle/mlops/dags/data_pipeline.py
[2025-04-23T13:12:59.456+0700] {logging_mixin.py:190} INFO - [2025-04-23T13:12:59.455+0700] {dag.py:3239} INFO - Sync 1 DAGs
[2025-04-23T13:12:59.464+0700] {logging_mixin.py:190} INFO - [2025-04-23T13:12:59.464+0700] {dag.py:4180} INFO - Setting next_dagrun for data_pipeline_v01 to 2024-10-25 00:00:00+00:00, run_after=2024-10-26 00:00:00+00:00
[2025-04-23T13:12:59.632+0700] {processor.py:208} INFO - Processing /home/minhle/mlops/dags/data_pipeline.py took 0.762 seconds
[2025-04-23T13:13:29.831+0700] {processor.py:186} INFO - Started process (PID=328644) to work on /home/minhle/mlops/dags/data_pipeline.py
[2025-04-23T13:13:29.837+0700] {processor.py:914} INFO - Processing file /home/minhle/mlops/dags/data_pipeline.py for tasks to queue
[2025-04-23T13:13:29.843+0700] {logging_mixin.py:190} INFO - [2025-04-23T13:13:29.841+0700] {dagbag.py:588} INFO - Filling up the DagBag from /home/minhle/mlops/dags/data_pipeline.py
[2025-04-23T13:13:30.463+0700] {processor.py:925} INFO - DAG(s) 'data_pipeline_v01' retrieved from /home/minhle/mlops/dags/data_pipeline.py
[2025-04-23T13:13:30.470+0700] {logging_mixin.py:190} INFO - [2025-04-23T13:13:30.470+0700] {dag.py:3239} INFO - Sync 1 DAGs
[2025-04-23T13:13:30.479+0700] {logging_mixin.py:190} INFO - [2025-04-23T13:13:30.479+0700] {dag.py:4180} INFO - Setting next_dagrun for data_pipeline_v01 to 2024-10-25 00:00:00+00:00, run_after=2024-10-26 00:00:00+00:00
[2025-04-23T13:13:30.649+0700] {processor.py:208} INFO - Processing /home/minhle/mlops/dags/data_pipeline.py took 0.826 seconds
[2025-04-23T13:14:00.792+0700] {processor.py:186} INFO - Started process (PID=328804) to work on /home/minhle/mlops/dags/data_pipeline.py
[2025-04-23T13:14:00.792+0700] {processor.py:914} INFO - Processing file /home/minhle/mlops/dags/data_pipeline.py for tasks to queue
[2025-04-23T13:14:00.793+0700] {logging_mixin.py:190} INFO - [2025-04-23T13:14:00.793+0700] {dagbag.py:588} INFO - Filling up the DagBag from /home/minhle/mlops/dags/data_pipeline.py
[2025-04-23T13:14:01.374+0700] {processor.py:925} INFO - DAG(s) 'data_pipeline_v01' retrieved from /home/minhle/mlops/dags/data_pipeline.py
[2025-04-23T13:14:01.381+0700] {logging_mixin.py:190} INFO - [2025-04-23T13:14:01.380+0700] {dag.py:3239} INFO - Sync 1 DAGs
[2025-04-23T13:14:01.389+0700] {logging_mixin.py:190} INFO - [2025-04-23T13:14:01.389+0700] {dag.py:4180} INFO - Setting next_dagrun for data_pipeline_v01 to 2024-10-25 00:00:00+00:00, run_after=2024-10-26 00:00:00+00:00
[2025-04-23T13:14:01.478+0700] {processor.py:208} INFO - Processing /home/minhle/mlops/dags/data_pipeline.py took 0.691 seconds
[2025-04-23T13:14:31.570+0700] {processor.py:186} INFO - Started process (PID=328863) to work on /home/minhle/mlops/dags/data_pipeline.py
[2025-04-23T13:14:31.571+0700] {processor.py:914} INFO - Processing file /home/minhle/mlops/dags/data_pipeline.py for tasks to queue
[2025-04-23T13:14:31.574+0700] {logging_mixin.py:190} INFO - [2025-04-23T13:14:31.573+0700] {dagbag.py:588} INFO - Filling up the DagBag from /home/minhle/mlops/dags/data_pipeline.py
[2025-04-23T13:14:32.121+0700] {processor.py:925} INFO - DAG(s) 'data_pipeline_v01' retrieved from /home/minhle/mlops/dags/data_pipeline.py
[2025-04-23T13:14:32.128+0700] {logging_mixin.py:190} INFO - [2025-04-23T13:14:32.128+0700] {dag.py:3239} INFO - Sync 1 DAGs
[2025-04-23T13:14:32.136+0700] {logging_mixin.py:190} INFO - [2025-04-23T13:14:32.136+0700] {dag.py:4180} INFO - Setting next_dagrun for data_pipeline_v01 to 2024-10-25 00:00:00+00:00, run_after=2024-10-26 00:00:00+00:00
[2025-04-23T13:14:32.216+0700] {processor.py:208} INFO - Processing /home/minhle/mlops/dags/data_pipeline.py took 0.656 seconds
[2025-04-23T13:15:02.352+0700] {processor.py:186} INFO - Started process (PID=328907) to work on /home/minhle/mlops/dags/data_pipeline.py
[2025-04-23T13:15:02.353+0700] {processor.py:914} INFO - Processing file /home/minhle/mlops/dags/data_pipeline.py for tasks to queue
[2025-04-23T13:15:02.354+0700] {logging_mixin.py:190} INFO - [2025-04-23T13:15:02.353+0700] {dagbag.py:588} INFO - Filling up the DagBag from /home/minhle/mlops/dags/data_pipeline.py
[2025-04-23T13:15:02.899+0700] {processor.py:925} INFO - DAG(s) 'data_pipeline_v01' retrieved from /home/minhle/mlops/dags/data_pipeline.py
[2025-04-23T13:15:02.906+0700] {logging_mixin.py:190} INFO - [2025-04-23T13:15:02.906+0700] {dag.py:3239} INFO - Sync 1 DAGs
[2025-04-23T13:15:02.914+0700] {logging_mixin.py:190} INFO - [2025-04-23T13:15:02.913+0700] {dag.py:4180} INFO - Setting next_dagrun for data_pipeline_v01 to 2024-10-25 00:00:00+00:00, run_after=2024-10-26 00:00:00+00:00
[2025-04-23T13:15:02.997+0700] {processor.py:208} INFO - Processing /home/minhle/mlops/dags/data_pipeline.py took 0.652 seconds
[2025-04-23T13:15:33.140+0700] {processor.py:186} INFO - Started process (PID=328947) to work on /home/minhle/mlops/dags/data_pipeline.py
[2025-04-23T13:15:33.140+0700] {processor.py:914} INFO - Processing file /home/minhle/mlops/dags/data_pipeline.py for tasks to queue
[2025-04-23T13:15:33.142+0700] {logging_mixin.py:190} INFO - [2025-04-23T13:15:33.141+0700] {dagbag.py:588} INFO - Filling up the DagBag from /home/minhle/mlops/dags/data_pipeline.py
[2025-04-23T13:15:33.687+0700] {processor.py:925} INFO - DAG(s) 'data_pipeline_v01' retrieved from /home/minhle/mlops/dags/data_pipeline.py
[2025-04-23T13:15:33.695+0700] {logging_mixin.py:190} INFO - [2025-04-23T13:15:33.694+0700] {dag.py:3239} INFO - Sync 1 DAGs
[2025-04-23T13:15:33.702+0700] {logging_mixin.py:190} INFO - [2025-04-23T13:15:33.702+0700] {dag.py:4180} INFO - Setting next_dagrun for data_pipeline_v01 to 2024-10-25 00:00:00+00:00, run_after=2024-10-26 00:00:00+00:00
[2025-04-23T13:15:33.792+0700] {processor.py:208} INFO - Processing /home/minhle/mlops/dags/data_pipeline.py took 0.658 seconds
[2025-04-23T13:16:05.205+0700] {processor.py:186} INFO - Started process (PID=329014) to work on /home/minhle/mlops/dags/data_pipeline.py
[2025-04-23T13:16:05.206+0700] {processor.py:914} INFO - Processing file /home/minhle/mlops/dags/data_pipeline.py for tasks to queue
[2025-04-23T13:16:05.207+0700] {logging_mixin.py:190} INFO - [2025-04-23T13:16:05.207+0700] {dagbag.py:588} INFO - Filling up the DagBag from /home/minhle/mlops/dags/data_pipeline.py
[2025-04-23T13:16:05.779+0700] {processor.py:925} INFO - DAG(s) 'data_pipeline_v01' retrieved from /home/minhle/mlops/dags/data_pipeline.py
[2025-04-23T13:16:05.786+0700] {logging_mixin.py:190} INFO - [2025-04-23T13:16:05.786+0700] {dag.py:3239} INFO - Sync 1 DAGs
[2025-04-23T13:16:05.793+0700] {logging_mixin.py:190} INFO - [2025-04-23T13:16:05.793+0700] {dag.py:4180} INFO - Setting next_dagrun for data_pipeline_v01 to 2024-10-25 00:00:00+00:00, run_after=2024-10-26 00:00:00+00:00
[2025-04-23T13:16:05.871+0700] {processor.py:208} INFO - Processing /home/minhle/mlops/dags/data_pipeline.py took 0.672 seconds
[2025-04-23T13:16:36.693+0700] {processor.py:186} INFO - Started process (PID=329056) to work on /home/minhle/mlops/dags/data_pipeline.py
[2025-04-23T13:16:36.694+0700] {processor.py:914} INFO - Processing file /home/minhle/mlops/dags/data_pipeline.py for tasks to queue
[2025-04-23T13:16:36.695+0700] {logging_mixin.py:190} INFO - [2025-04-23T13:16:36.695+0700] {dagbag.py:588} INFO - Filling up the DagBag from /home/minhle/mlops/dags/data_pipeline.py
[2025-04-23T13:16:37.247+0700] {processor.py:925} INFO - DAG(s) 'data_pipeline_v01' retrieved from /home/minhle/mlops/dags/data_pipeline.py
[2025-04-23T13:16:37.254+0700] {logging_mixin.py:190} INFO - [2025-04-23T13:16:37.254+0700] {dag.py:3239} INFO - Sync 1 DAGs
[2025-04-23T13:16:37.262+0700] {logging_mixin.py:190} INFO - [2025-04-23T13:16:37.262+0700] {dag.py:4180} INFO - Setting next_dagrun for data_pipeline_v01 to 2024-10-25 00:00:00+00:00, run_after=2024-10-26 00:00:00+00:00
[2025-04-23T13:16:37.339+0700] {processor.py:208} INFO - Processing /home/minhle/mlops/dags/data_pipeline.py took 0.650 seconds
[2025-04-23T13:17:08.024+0700] {processor.py:186} INFO - Started process (PID=329101) to work on /home/minhle/mlops/dags/data_pipeline.py
[2025-04-23T13:17:08.039+0700] {processor.py:914} INFO - Processing file /home/minhle/mlops/dags/data_pipeline.py for tasks to queue
[2025-04-23T13:17:08.043+0700] {logging_mixin.py:190} INFO - [2025-04-23T13:17:08.042+0700] {dagbag.py:588} INFO - Filling up the DagBag from /home/minhle/mlops/dags/data_pipeline.py
[2025-04-23T13:17:08.602+0700] {processor.py:925} INFO - DAG(s) 'data_pipeline_v01' retrieved from /home/minhle/mlops/dags/data_pipeline.py
[2025-04-23T13:17:08.609+0700] {logging_mixin.py:190} INFO - [2025-04-23T13:17:08.608+0700] {dag.py:3239} INFO - Sync 1 DAGs
[2025-04-23T13:17:08.616+0700] {logging_mixin.py:190} INFO - [2025-04-23T13:17:08.616+0700] {dag.py:4180} INFO - Setting next_dagrun for data_pipeline_v01 to 2024-10-25 00:00:00+00:00, run_after=2024-10-26 00:00:00+00:00
[2025-04-23T13:17:08.711+0700] {processor.py:208} INFO - Processing /home/minhle/mlops/dags/data_pipeline.py took 0.692 seconds
[2025-04-23T13:17:40.090+0700] {processor.py:186} INFO - Started process (PID=329151) to work on /home/minhle/mlops/dags/data_pipeline.py
[2025-04-23T13:17:40.091+0700] {processor.py:914} INFO - Processing file /home/minhle/mlops/dags/data_pipeline.py for tasks to queue
[2025-04-23T13:17:40.092+0700] {logging_mixin.py:190} INFO - [2025-04-23T13:17:40.092+0700] {dagbag.py:588} INFO - Filling up the DagBag from /home/minhle/mlops/dags/data_pipeline.py
[2025-04-23T13:17:40.653+0700] {processor.py:925} INFO - DAG(s) 'data_pipeline_v01' retrieved from /home/minhle/mlops/dags/data_pipeline.py
[2025-04-23T13:17:40.660+0700] {logging_mixin.py:190} INFO - [2025-04-23T13:17:40.660+0700] {dag.py:3239} INFO - Sync 1 DAGs
[2025-04-23T13:17:40.668+0700] {logging_mixin.py:190} INFO - [2025-04-23T13:17:40.668+0700] {dag.py:4180} INFO - Setting next_dagrun for data_pipeline_v01 to 2024-10-25 00:00:00+00:00, run_after=2024-10-26 00:00:00+00:00
[2025-04-23T13:17:40.739+0700] {processor.py:208} INFO - Processing /home/minhle/mlops/dags/data_pipeline.py took 0.654 seconds
[2025-04-23T13:18:10.908+0700] {processor.py:186} INFO - Started process (PID=329202) to work on /home/minhle/mlops/dags/data_pipeline.py
[2025-04-23T13:18:11.008+0700] {processor.py:914} INFO - Processing file /home/minhle/mlops/dags/data_pipeline.py for tasks to queue
[2025-04-23T13:18:11.012+0700] {logging_mixin.py:190} INFO - [2025-04-23T13:18:11.012+0700] {dagbag.py:588} INFO - Filling up the DagBag from /home/minhle/mlops/dags/data_pipeline.py
[2025-04-23T13:18:11.568+0700] {processor.py:925} INFO - DAG(s) 'data_pipeline_v01' retrieved from /home/minhle/mlops/dags/data_pipeline.py
[2025-04-23T13:18:11.575+0700] {logging_mixin.py:190} INFO - [2025-04-23T13:18:11.575+0700] {dag.py:3239} INFO - Sync 1 DAGs
[2025-04-23T13:18:11.583+0700] {logging_mixin.py:190} INFO - [2025-04-23T13:18:11.583+0700] {dag.py:4180} INFO - Setting next_dagrun for data_pipeline_v01 to 2024-10-25 00:00:00+00:00, run_after=2024-10-26 00:00:00+00:00
[2025-04-23T13:18:11.671+0700] {processor.py:208} INFO - Processing /home/minhle/mlops/dags/data_pipeline.py took 0.767 seconds
[2025-04-23T13:18:41.778+0700] {processor.py:186} INFO - Started process (PID=329243) to work on /home/minhle/mlops/dags/data_pipeline.py
[2025-04-23T13:18:41.778+0700] {processor.py:914} INFO - Processing file /home/minhle/mlops/dags/data_pipeline.py for tasks to queue
[2025-04-23T13:18:41.779+0700] {logging_mixin.py:190} INFO - [2025-04-23T13:18:41.779+0700] {dagbag.py:588} INFO - Filling up the DagBag from /home/minhle/mlops/dags/data_pipeline.py
[2025-04-23T13:18:42.318+0700] {processor.py:925} INFO - DAG(s) 'data_pipeline_v01' retrieved from /home/minhle/mlops/dags/data_pipeline.py
[2025-04-23T13:18:42.325+0700] {logging_mixin.py:190} INFO - [2025-04-23T13:18:42.325+0700] {dag.py:3239} INFO - Sync 1 DAGs
[2025-04-23T13:18:42.333+0700] {logging_mixin.py:190} INFO - [2025-04-23T13:18:42.333+0700] {dag.py:4180} INFO - Setting next_dagrun for data_pipeline_v01 to 2024-10-25 00:00:00+00:00, run_after=2024-10-26 00:00:00+00:00
[2025-04-23T13:18:43.030+0700] {processor.py:208} INFO - Processing /home/minhle/mlops/dags/data_pipeline.py took 1.258 seconds
[2025-04-23T13:19:14.011+0700] {processor.py:186} INFO - Started process (PID=329283) to work on /home/minhle/mlops/dags/data_pipeline.py
[2025-04-23T13:19:14.029+0700] {processor.py:914} INFO - Processing file /home/minhle/mlops/dags/data_pipeline.py for tasks to queue
[2025-04-23T13:19:14.033+0700] {logging_mixin.py:190} INFO - [2025-04-23T13:19:14.032+0700] {dagbag.py:588} INFO - Filling up the DagBag from /home/minhle/mlops/dags/data_pipeline.py
[2025-04-23T13:19:14.605+0700] {processor.py:925} INFO - DAG(s) 'data_pipeline_v01' retrieved from /home/minhle/mlops/dags/data_pipeline.py
[2025-04-23T13:19:14.613+0700] {logging_mixin.py:190} INFO - [2025-04-23T13:19:14.612+0700] {dag.py:3239} INFO - Sync 1 DAGs
[2025-04-23T13:19:14.620+0700] {logging_mixin.py:190} INFO - [2025-04-23T13:19:14.620+0700] {dag.py:4180} INFO - Setting next_dagrun for data_pipeline_v01 to 2024-10-25 00:00:00+00:00, run_after=2024-10-26 00:00:00+00:00
[2025-04-23T13:19:14.695+0700] {processor.py:208} INFO - Processing /home/minhle/mlops/dags/data_pipeline.py took 0.688 seconds
[2025-04-23T13:19:44.741+0700] {processor.py:186} INFO - Started process (PID=329333) to work on /home/minhle/mlops/dags/data_pipeline.py
[2025-04-23T13:19:44.742+0700] {processor.py:914} INFO - Processing file /home/minhle/mlops/dags/data_pipeline.py for tasks to queue
[2025-04-23T13:19:44.745+0700] {logging_mixin.py:190} INFO - [2025-04-23T13:19:44.744+0700] {dagbag.py:588} INFO - Filling up the DagBag from /home/minhle/mlops/dags/data_pipeline.py
[2025-04-23T13:19:45.322+0700] {processor.py:925} INFO - DAG(s) 'data_pipeline_v01' retrieved from /home/minhle/mlops/dags/data_pipeline.py
[2025-04-23T13:19:45.329+0700] {logging_mixin.py:190} INFO - [2025-04-23T13:19:45.329+0700] {dag.py:3239} INFO - Sync 1 DAGs
[2025-04-23T13:19:45.336+0700] {logging_mixin.py:190} INFO - [2025-04-23T13:19:45.336+0700] {dag.py:4180} INFO - Setting next_dagrun for data_pipeline_v01 to 2024-10-25 00:00:00+00:00, run_after=2024-10-26 00:00:00+00:00
[2025-04-23T13:19:45.408+0700] {processor.py:208} INFO - Processing /home/minhle/mlops/dags/data_pipeline.py took 0.671 seconds
[2025-04-23T13:20:15.584+0700] {processor.py:186} INFO - Started process (PID=329381) to work on /home/minhle/mlops/dags/data_pipeline.py
[2025-04-23T13:20:15.585+0700] {processor.py:914} INFO - Processing file /home/minhle/mlops/dags/data_pipeline.py for tasks to queue
[2025-04-23T13:20:15.587+0700] {logging_mixin.py:190} INFO - [2025-04-23T13:20:15.586+0700] {dagbag.py:588} INFO - Filling up the DagBag from /home/minhle/mlops/dags/data_pipeline.py
[2025-04-23T13:20:16.134+0700] {processor.py:925} INFO - DAG(s) 'data_pipeline_v01' retrieved from /home/minhle/mlops/dags/data_pipeline.py
[2025-04-23T13:20:16.141+0700] {logging_mixin.py:190} INFO - [2025-04-23T13:20:16.140+0700] {dag.py:3239} INFO - Sync 1 DAGs
[2025-04-23T13:20:16.148+0700] {logging_mixin.py:190} INFO - [2025-04-23T13:20:16.148+0700] {dag.py:4180} INFO - Setting next_dagrun for data_pipeline_v01 to 2024-10-25 00:00:00+00:00, run_after=2024-10-26 00:00:00+00:00
[2025-04-23T13:20:16.239+0700] {processor.py:208} INFO - Processing /home/minhle/mlops/dags/data_pipeline.py took 0.661 seconds
[2025-04-23T13:20:46.533+0700] {processor.py:186} INFO - Started process (PID=329421) to work on /home/minhle/mlops/dags/data_pipeline.py
[2025-04-23T13:20:46.535+0700] {processor.py:914} INFO - Processing file /home/minhle/mlops/dags/data_pipeline.py for tasks to queue
[2025-04-23T13:20:46.537+0700] {logging_mixin.py:190} INFO - [2025-04-23T13:20:46.537+0700] {dagbag.py:588} INFO - Filling up the DagBag from /home/minhle/mlops/dags/data_pipeline.py
[2025-04-23T13:20:47.089+0700] {processor.py:925} INFO - DAG(s) 'data_pipeline_v01' retrieved from /home/minhle/mlops/dags/data_pipeline.py
[2025-04-23T13:20:47.096+0700] {logging_mixin.py:190} INFO - [2025-04-23T13:20:47.096+0700] {dag.py:3239} INFO - Sync 1 DAGs
[2025-04-23T13:20:47.103+0700] {logging_mixin.py:190} INFO - [2025-04-23T13:20:47.103+0700] {dag.py:4180} INFO - Setting next_dagrun for data_pipeline_v01 to 2024-10-25 00:00:00+00:00, run_after=2024-10-26 00:00:00+00:00
[2025-04-23T13:20:47.190+0700] {processor.py:208} INFO - Processing /home/minhle/mlops/dags/data_pipeline.py took 0.662 seconds
[2025-04-23T13:21:17.712+0700] {processor.py:186} INFO - Started process (PID=329488) to work on /home/minhle/mlops/dags/data_pipeline.py
[2025-04-23T13:21:17.712+0700] {processor.py:914} INFO - Processing file /home/minhle/mlops/dags/data_pipeline.py for tasks to queue
[2025-04-23T13:21:17.714+0700] {logging_mixin.py:190} INFO - [2025-04-23T13:21:17.713+0700] {dagbag.py:588} INFO - Filling up the DagBag from /home/minhle/mlops/dags/data_pipeline.py
[2025-04-23T13:21:18.304+0700] {processor.py:925} INFO - DAG(s) 'data_pipeline_v01' retrieved from /home/minhle/mlops/dags/data_pipeline.py
[2025-04-23T13:21:18.311+0700] {logging_mixin.py:190} INFO - [2025-04-23T13:21:18.310+0700] {dag.py:3239} INFO - Sync 1 DAGs
[2025-04-23T13:21:18.318+0700] {logging_mixin.py:190} INFO - [2025-04-23T13:21:18.318+0700] {dag.py:4180} INFO - Setting next_dagrun for data_pipeline_v01 to 2024-10-25 00:00:00+00:00, run_after=2024-10-26 00:00:00+00:00
[2025-04-23T13:21:18.410+0700] {processor.py:208} INFO - Processing /home/minhle/mlops/dags/data_pipeline.py took 0.704 seconds
[2025-04-23T13:21:48.871+0700] {processor.py:186} INFO - Started process (PID=329528) to work on /home/minhle/mlops/dags/data_pipeline.py
[2025-04-23T13:21:48.920+0700] {processor.py:914} INFO - Processing file /home/minhle/mlops/dags/data_pipeline.py for tasks to queue
[2025-04-23T13:21:48.924+0700] {logging_mixin.py:190} INFO - [2025-04-23T13:21:48.924+0700] {dagbag.py:588} INFO - Filling up the DagBag from /home/minhle/mlops/dags/data_pipeline.py
[2025-04-23T13:21:49.486+0700] {processor.py:925} INFO - DAG(s) 'data_pipeline_v01' retrieved from /home/minhle/mlops/dags/data_pipeline.py
[2025-04-23T13:21:49.493+0700] {logging_mixin.py:190} INFO - [2025-04-23T13:21:49.493+0700] {dag.py:3239} INFO - Sync 1 DAGs
[2025-04-23T13:21:49.501+0700] {logging_mixin.py:190} INFO - [2025-04-23T13:21:49.501+0700] {dag.py:4180} INFO - Setting next_dagrun for data_pipeline_v01 to 2024-10-25 00:00:00+00:00, run_after=2024-10-26 00:00:00+00:00
[2025-04-23T13:21:49.584+0700] {processor.py:208} INFO - Processing /home/minhle/mlops/dags/data_pipeline.py took 0.719 seconds
[2025-04-23T13:22:19.804+0700] {processor.py:186} INFO - Started process (PID=329571) to work on /home/minhle/mlops/dags/data_pipeline.py
[2025-04-23T13:22:19.805+0700] {processor.py:914} INFO - Processing file /home/minhle/mlops/dags/data_pipeline.py for tasks to queue
[2025-04-23T13:22:19.806+0700] {logging_mixin.py:190} INFO - [2025-04-23T13:22:19.806+0700] {dagbag.py:588} INFO - Filling up the DagBag from /home/minhle/mlops/dags/data_pipeline.py
[2025-04-23T13:22:20.360+0700] {processor.py:925} INFO - DAG(s) 'data_pipeline_v01' retrieved from /home/minhle/mlops/dags/data_pipeline.py
[2025-04-23T13:22:20.367+0700] {logging_mixin.py:190} INFO - [2025-04-23T13:22:20.367+0700] {dag.py:3239} INFO - Sync 1 DAGs
[2025-04-23T13:22:20.375+0700] {logging_mixin.py:190} INFO - [2025-04-23T13:22:20.375+0700] {dag.py:4180} INFO - Setting next_dagrun for data_pipeline_v01 to 2024-10-25 00:00:00+00:00, run_after=2024-10-26 00:00:00+00:00
[2025-04-23T13:22:20.469+0700] {processor.py:208} INFO - Processing /home/minhle/mlops/dags/data_pipeline.py took 0.672 seconds
[2025-04-23T13:22:50.941+0700] {processor.py:186} INFO - Started process (PID=329613) to work on /home/minhle/mlops/dags/data_pipeline.py
[2025-04-23T13:22:50.947+0700] {processor.py:914} INFO - Processing file /home/minhle/mlops/dags/data_pipeline.py for tasks to queue
[2025-04-23T13:22:50.951+0700] {logging_mixin.py:190} INFO - [2025-04-23T13:22:50.950+0700] {dagbag.py:588} INFO - Filling up the DagBag from /home/minhle/mlops/dags/data_pipeline.py
[2025-04-23T13:22:51.496+0700] {processor.py:925} INFO - DAG(s) 'data_pipeline_v01' retrieved from /home/minhle/mlops/dags/data_pipeline.py
[2025-04-23T13:22:51.502+0700] {logging_mixin.py:190} INFO - [2025-04-23T13:22:51.502+0700] {dag.py:3239} INFO - Sync 1 DAGs
[2025-04-23T13:22:51.510+0700] {logging_mixin.py:190} INFO - [2025-04-23T13:22:51.510+0700] {dag.py:4180} INFO - Setting next_dagrun for data_pipeline_v01 to 2024-10-25 00:00:00+00:00, run_after=2024-10-26 00:00:00+00:00
[2025-04-23T13:22:51.588+0700] {processor.py:208} INFO - Processing /home/minhle/mlops/dags/data_pipeline.py took 0.651 seconds
[2025-04-23T13:23:21.718+0700] {processor.py:186} INFO - Started process (PID=329663) to work on /home/minhle/mlops/dags/data_pipeline.py
[2025-04-23T13:23:21.719+0700] {processor.py:914} INFO - Processing file /home/minhle/mlops/dags/data_pipeline.py for tasks to queue
[2025-04-23T13:23:21.720+0700] {logging_mixin.py:190} INFO - [2025-04-23T13:23:21.720+0700] {dagbag.py:588} INFO - Filling up the DagBag from /home/minhle/mlops/dags/data_pipeline.py
[2025-04-23T13:23:22.264+0700] {processor.py:925} INFO - DAG(s) 'data_pipeline_v01' retrieved from /home/minhle/mlops/dags/data_pipeline.py
[2025-04-23T13:23:22.271+0700] {logging_mixin.py:190} INFO - [2025-04-23T13:23:22.271+0700] {dag.py:3239} INFO - Sync 1 DAGs
[2025-04-23T13:23:22.279+0700] {logging_mixin.py:190} INFO - [2025-04-23T13:23:22.279+0700] {dag.py:4180} INFO - Setting next_dagrun for data_pipeline_v01 to 2024-10-25 00:00:00+00:00, run_after=2024-10-26 00:00:00+00:00
[2025-04-23T13:23:22.362+0700] {processor.py:208} INFO - Processing /home/minhle/mlops/dags/data_pipeline.py took 0.649 seconds
[2025-04-23T13:23:52.577+0700] {processor.py:186} INFO - Started process (PID=329703) to work on /home/minhle/mlops/dags/data_pipeline.py
[2025-04-23T13:23:52.642+0700] {processor.py:914} INFO - Processing file /home/minhle/mlops/dags/data_pipeline.py for tasks to queue
[2025-04-23T13:23:52.647+0700] {logging_mixin.py:190} INFO - [2025-04-23T13:23:52.646+0700] {dagbag.py:588} INFO - Filling up the DagBag from /home/minhle/mlops/dags/data_pipeline.py
[2025-04-23T13:23:53.198+0700] {processor.py:925} INFO - DAG(s) 'data_pipeline_v01' retrieved from /home/minhle/mlops/dags/data_pipeline.py
[2025-04-23T13:23:53.206+0700] {logging_mixin.py:190} INFO - [2025-04-23T13:23:53.205+0700] {dag.py:3239} INFO - Sync 1 DAGs
[2025-04-23T13:23:53.213+0700] {logging_mixin.py:190} INFO - [2025-04-23T13:23:53.213+0700] {dag.py:4180} INFO - Setting next_dagrun for data_pipeline_v01 to 2024-10-25 00:00:00+00:00, run_after=2024-10-26 00:00:00+00:00
[2025-04-23T13:23:53.292+0700] {processor.py:208} INFO - Processing /home/minhle/mlops/dags/data_pipeline.py took 0.720 seconds
[2025-04-23T13:24:23.454+0700] {processor.py:186} INFO - Started process (PID=329744) to work on /home/minhle/mlops/dags/data_pipeline.py
[2025-04-23T13:24:23.455+0700] {processor.py:914} INFO - Processing file /home/minhle/mlops/dags/data_pipeline.py for tasks to queue
[2025-04-23T13:24:23.456+0700] {logging_mixin.py:190} INFO - [2025-04-23T13:24:23.456+0700] {dagbag.py:588} INFO - Filling up the DagBag from /home/minhle/mlops/dags/data_pipeline.py
[2025-04-23T13:24:24.000+0700] {processor.py:925} INFO - DAG(s) 'data_pipeline_v01' retrieved from /home/minhle/mlops/dags/data_pipeline.py
[2025-04-23T13:24:24.008+0700] {logging_mixin.py:190} INFO - [2025-04-23T13:24:24.007+0700] {dag.py:3239} INFO - Sync 1 DAGs
[2025-04-23T13:24:24.015+0700] {logging_mixin.py:190} INFO - [2025-04-23T13:24:24.015+0700] {dag.py:4180} INFO - Setting next_dagrun for data_pipeline_v01 to 2024-10-25 00:00:00+00:00, run_after=2024-10-26 00:00:00+00:00
[2025-04-23T13:24:24.274+0700] {processor.py:208} INFO - Processing /home/minhle/mlops/dags/data_pipeline.py took 0.826 seconds
[2025-04-23T13:24:54.423+0700] {processor.py:186} INFO - Started process (PID=329784) to work on /home/minhle/mlops/dags/data_pipeline.py
[2025-04-23T13:24:54.434+0700] {processor.py:914} INFO - Processing file /home/minhle/mlops/dags/data_pipeline.py for tasks to queue
[2025-04-23T13:24:54.439+0700] {logging_mixin.py:190} INFO - [2025-04-23T13:24:54.438+0700] {dagbag.py:588} INFO - Filling up the DagBag from /home/minhle/mlops/dags/data_pipeline.py
[2025-04-23T13:24:55.019+0700] {processor.py:925} INFO - DAG(s) 'data_pipeline_v01' retrieved from /home/minhle/mlops/dags/data_pipeline.py
[2025-04-23T13:24:55.026+0700] {logging_mixin.py:190} INFO - [2025-04-23T13:24:55.026+0700] {dag.py:3239} INFO - Sync 1 DAGs
[2025-04-23T13:24:55.033+0700] {logging_mixin.py:190} INFO - [2025-04-23T13:24:55.033+0700] {dag.py:4180} INFO - Setting next_dagrun for data_pipeline_v01 to 2024-10-25 00:00:00+00:00, run_after=2024-10-26 00:00:00+00:00
[2025-04-23T13:24:55.105+0700] {processor.py:208} INFO - Processing /home/minhle/mlops/dags/data_pipeline.py took 0.687 seconds
[2025-04-23T13:25:25.211+0700] {processor.py:186} INFO - Started process (PID=329828) to work on /home/minhle/mlops/dags/data_pipeline.py
[2025-04-23T13:25:25.211+0700] {processor.py:914} INFO - Processing file /home/minhle/mlops/dags/data_pipeline.py for tasks to queue
[2025-04-23T13:25:25.212+0700] {logging_mixin.py:190} INFO - [2025-04-23T13:25:25.212+0700] {dagbag.py:588} INFO - Filling up the DagBag from /home/minhle/mlops/dags/data_pipeline.py
[2025-04-23T13:25:25.767+0700] {processor.py:925} INFO - DAG(s) 'data_pipeline_v01' retrieved from /home/minhle/mlops/dags/data_pipeline.py
[2025-04-23T13:25:25.774+0700] {logging_mixin.py:190} INFO - [2025-04-23T13:25:25.774+0700] {dag.py:3239} INFO - Sync 1 DAGs
[2025-04-23T13:25:25.781+0700] {logging_mixin.py:190} INFO - [2025-04-23T13:25:25.781+0700] {dag.py:4180} INFO - Setting next_dagrun for data_pipeline_v01 to 2024-10-25 00:00:00+00:00, run_after=2024-10-26 00:00:00+00:00
[2025-04-23T13:25:25.866+0700] {processor.py:208} INFO - Processing /home/minhle/mlops/dags/data_pipeline.py took 0.660 seconds
[2025-04-23T13:25:55.989+0700] {processor.py:186} INFO - Started process (PID=329893) to work on /home/minhle/mlops/dags/data_pipeline.py
[2025-04-23T13:25:55.995+0700] {processor.py:914} INFO - Processing file /home/minhle/mlops/dags/data_pipeline.py for tasks to queue
[2025-04-23T13:25:55.996+0700] {logging_mixin.py:190} INFO - [2025-04-23T13:25:55.996+0700] {dagbag.py:588} INFO - Filling up the DagBag from /home/minhle/mlops/dags/data_pipeline.py
[2025-04-23T13:25:56.547+0700] {processor.py:925} INFO - DAG(s) 'data_pipeline_v01' retrieved from /home/minhle/mlops/dags/data_pipeline.py
[2025-04-23T13:25:56.554+0700] {logging_mixin.py:190} INFO - [2025-04-23T13:25:56.553+0700] {dag.py:3239} INFO - Sync 1 DAGs
[2025-04-23T13:25:56.561+0700] {logging_mixin.py:190} INFO - [2025-04-23T13:25:56.561+0700] {dag.py:4180} INFO - Setting next_dagrun for data_pipeline_v01 to 2024-10-25 00:00:00+00:00, run_after=2024-10-26 00:00:00+00:00
[2025-04-23T13:25:56.650+0700] {processor.py:208} INFO - Processing /home/minhle/mlops/dags/data_pipeline.py took 0.666 seconds
[2025-04-23T13:26:26.784+0700] {processor.py:186} INFO - Started process (PID=329986) to work on /home/minhle/mlops/dags/data_pipeline.py
[2025-04-23T13:26:26.784+0700] {processor.py:914} INFO - Processing file /home/minhle/mlops/dags/data_pipeline.py for tasks to queue
[2025-04-23T13:26:26.786+0700] {logging_mixin.py:190} INFO - [2025-04-23T13:26:26.785+0700] {dagbag.py:588} INFO - Filling up the DagBag from /home/minhle/mlops/dags/data_pipeline.py
[2025-04-23T13:26:27.349+0700] {processor.py:925} INFO - DAG(s) 'data_pipeline_v01' retrieved from /home/minhle/mlops/dags/data_pipeline.py
[2025-04-23T13:26:27.356+0700] {logging_mixin.py:190} INFO - [2025-04-23T13:26:27.356+0700] {dag.py:3239} INFO - Sync 1 DAGs
[2025-04-23T13:26:27.364+0700] {logging_mixin.py:190} INFO - [2025-04-23T13:26:27.364+0700] {dag.py:4180} INFO - Setting next_dagrun for data_pipeline_v01 to 2024-10-25 00:00:00+00:00, run_after=2024-10-26 00:00:00+00:00
[2025-04-23T13:26:27.454+0700] {processor.py:208} INFO - Processing /home/minhle/mlops/dags/data_pipeline.py took 0.674 seconds
[2025-04-23T13:26:57.654+0700] {processor.py:186} INFO - Started process (PID=330050) to work on /home/minhle/mlops/dags/data_pipeline.py
[2025-04-23T13:26:57.748+0700] {processor.py:914} INFO - Processing file /home/minhle/mlops/dags/data_pipeline.py for tasks to queue
[2025-04-23T13:26:57.753+0700] {logging_mixin.py:190} INFO - [2025-04-23T13:26:57.753+0700] {dagbag.py:588} INFO - Filling up the DagBag from /home/minhle/mlops/dags/data_pipeline.py
[2025-04-23T13:26:58.303+0700] {processor.py:925} INFO - DAG(s) 'data_pipeline_v01' retrieved from /home/minhle/mlops/dags/data_pipeline.py
[2025-04-23T13:26:58.310+0700] {logging_mixin.py:190} INFO - [2025-04-23T13:26:58.310+0700] {dag.py:3239} INFO - Sync 1 DAGs
[2025-04-23T13:26:58.319+0700] {logging_mixin.py:190} INFO - [2025-04-23T13:26:58.318+0700] {dag.py:4180} INFO - Setting next_dagrun for data_pipeline_v01 to 2024-10-25 00:00:00+00:00, run_after=2024-10-26 00:00:00+00:00
[2025-04-23T13:26:59.446+0700] {processor.py:208} INFO - Processing /home/minhle/mlops/dags/data_pipeline.py took 1.799 seconds
[2025-04-23T13:27:29.633+0700] {processor.py:186} INFO - Started process (PID=330114) to work on /home/minhle/mlops/dags/data_pipeline.py
[2025-04-23T13:27:29.633+0700] {processor.py:914} INFO - Processing file /home/minhle/mlops/dags/data_pipeline.py for tasks to queue
[2025-04-23T13:27:29.634+0700] {logging_mixin.py:190} INFO - [2025-04-23T13:27:29.634+0700] {dagbag.py:588} INFO - Filling up the DagBag from /home/minhle/mlops/dags/data_pipeline.py
[2025-04-23T13:27:30.176+0700] {processor.py:925} INFO - DAG(s) 'data_pipeline_v01' retrieved from /home/minhle/mlops/dags/data_pipeline.py
[2025-04-23T13:27:30.182+0700] {logging_mixin.py:190} INFO - [2025-04-23T13:27:30.182+0700] {dag.py:3239} INFO - Sync 1 DAGs
[2025-04-23T13:27:30.190+0700] {logging_mixin.py:190} INFO - [2025-04-23T13:27:30.190+0700] {dag.py:4180} INFO - Setting next_dagrun for data_pipeline_v01 to 2024-10-25 00:00:00+00:00, run_after=2024-10-26 00:00:00+00:00
[2025-04-23T13:27:30.264+0700] {processor.py:208} INFO - Processing /home/minhle/mlops/dags/data_pipeline.py took 0.636 seconds
[2025-04-23T13:28:00.423+0700] {processor.py:186} INFO - Started process (PID=330178) to work on /home/minhle/mlops/dags/data_pipeline.py
[2025-04-23T13:28:00.423+0700] {processor.py:914} INFO - Processing file /home/minhle/mlops/dags/data_pipeline.py for tasks to queue
[2025-04-23T13:28:00.424+0700] {logging_mixin.py:190} INFO - [2025-04-23T13:28:00.424+0700] {dagbag.py:588} INFO - Filling up the DagBag from /home/minhle/mlops/dags/data_pipeline.py
[2025-04-23T13:28:00.980+0700] {processor.py:925} INFO - DAG(s) 'data_pipeline_v01' retrieved from /home/minhle/mlops/dags/data_pipeline.py
[2025-04-23T13:28:00.988+0700] {logging_mixin.py:190} INFO - [2025-04-23T13:28:00.988+0700] {dag.py:3239} INFO - Sync 1 DAGs
[2025-04-23T13:28:00.996+0700] {logging_mixin.py:190} INFO - [2025-04-23T13:28:00.996+0700] {dag.py:4180} INFO - Setting next_dagrun for data_pipeline_v01 to 2024-10-25 00:00:00+00:00, run_after=2024-10-26 00:00:00+00:00
[2025-04-23T13:28:01.776+0700] {processor.py:208} INFO - Processing /home/minhle/mlops/dags/data_pipeline.py took 1.360 seconds
[2025-04-23T13:28:31.854+0700] {processor.py:186} INFO - Started process (PID=330244) to work on /home/minhle/mlops/dags/data_pipeline.py
[2025-04-23T13:28:31.855+0700] {processor.py:914} INFO - Processing file /home/minhle/mlops/dags/data_pipeline.py for tasks to queue
[2025-04-23T13:28:31.858+0700] {logging_mixin.py:190} INFO - [2025-04-23T13:28:31.857+0700] {dagbag.py:588} INFO - Filling up the DagBag from /home/minhle/mlops/dags/data_pipeline.py
[2025-04-23T13:28:32.414+0700] {processor.py:925} INFO - DAG(s) 'data_pipeline_v01' retrieved from /home/minhle/mlops/dags/data_pipeline.py
[2025-04-23T13:28:32.422+0700] {logging_mixin.py:190} INFO - [2025-04-23T13:28:32.421+0700] {dag.py:3239} INFO - Sync 1 DAGs
[2025-04-23T13:28:32.429+0700] {logging_mixin.py:190} INFO - [2025-04-23T13:28:32.429+0700] {dag.py:4180} INFO - Setting next_dagrun for data_pipeline_v01 to 2024-10-25 00:00:00+00:00, run_after=2024-10-26 00:00:00+00:00
[2025-04-23T13:28:32.522+0700] {processor.py:208} INFO - Processing /home/minhle/mlops/dags/data_pipeline.py took 0.673 seconds
[2025-04-23T13:29:02.638+0700] {processor.py:186} INFO - Started process (PID=330308) to work on /home/minhle/mlops/dags/data_pipeline.py
[2025-04-23T13:29:02.639+0700] {processor.py:914} INFO - Processing file /home/minhle/mlops/dags/data_pipeline.py for tasks to queue
[2025-04-23T13:29:02.642+0700] {logging_mixin.py:190} INFO - [2025-04-23T13:29:02.641+0700] {dagbag.py:588} INFO - Filling up the DagBag from /home/minhle/mlops/dags/data_pipeline.py
[2025-04-23T13:29:03.207+0700] {processor.py:925} INFO - DAG(s) 'data_pipeline_v01' retrieved from /home/minhle/mlops/dags/data_pipeline.py
[2025-04-23T13:29:03.214+0700] {logging_mixin.py:190} INFO - [2025-04-23T13:29:03.214+0700] {dag.py:3239} INFO - Sync 1 DAGs
[2025-04-23T13:29:03.222+0700] {logging_mixin.py:190} INFO - [2025-04-23T13:29:03.222+0700] {dag.py:4180} INFO - Setting next_dagrun for data_pipeline_v01 to 2024-10-25 00:00:00+00:00, run_after=2024-10-26 00:00:00+00:00
[2025-04-23T13:29:03.308+0700] {processor.py:208} INFO - Processing /home/minhle/mlops/dags/data_pipeline.py took 0.675 seconds
[2025-04-23T13:29:34.290+0700] {processor.py:186} INFO - Started process (PID=330372) to work on /home/minhle/mlops/dags/data_pipeline.py
[2025-04-23T13:29:34.291+0700] {processor.py:914} INFO - Processing file /home/minhle/mlops/dags/data_pipeline.py for tasks to queue
[2025-04-23T13:29:34.293+0700] {logging_mixin.py:190} INFO - [2025-04-23T13:29:34.292+0700] {dagbag.py:588} INFO - Filling up the DagBag from /home/minhle/mlops/dags/data_pipeline.py
[2025-04-23T13:29:34.850+0700] {processor.py:925} INFO - DAG(s) 'data_pipeline_v01' retrieved from /home/minhle/mlops/dags/data_pipeline.py
[2025-04-23T13:29:34.857+0700] {logging_mixin.py:190} INFO - [2025-04-23T13:29:34.856+0700] {dag.py:3239} INFO - Sync 1 DAGs
[2025-04-23T13:29:34.864+0700] {logging_mixin.py:190} INFO - [2025-04-23T13:29:34.864+0700] {dag.py:4180} INFO - Setting next_dagrun for data_pipeline_v01 to 2024-10-25 00:00:00+00:00, run_after=2024-10-26 00:00:00+00:00
[2025-04-23T13:29:34.937+0700] {processor.py:208} INFO - Processing /home/minhle/mlops/dags/data_pipeline.py took 0.650 seconds
[2025-04-23T13:30:05.115+0700] {processor.py:186} INFO - Started process (PID=330454) to work on /home/minhle/mlops/dags/data_pipeline.py
[2025-04-23T13:30:05.116+0700] {processor.py:914} INFO - Processing file /home/minhle/mlops/dags/data_pipeline.py for tasks to queue
[2025-04-23T13:30:05.117+0700] {logging_mixin.py:190} INFO - [2025-04-23T13:30:05.117+0700] {dagbag.py:588} INFO - Filling up the DagBag from /home/minhle/mlops/dags/data_pipeline.py
[2025-04-23T13:30:05.657+0700] {processor.py:925} INFO - DAG(s) 'data_pipeline_v01' retrieved from /home/minhle/mlops/dags/data_pipeline.py
[2025-04-23T13:30:05.663+0700] {logging_mixin.py:190} INFO - [2025-04-23T13:30:05.663+0700] {dag.py:3239} INFO - Sync 1 DAGs
[2025-04-23T13:30:05.671+0700] {logging_mixin.py:190} INFO - [2025-04-23T13:30:05.671+0700] {dag.py:4180} INFO - Setting next_dagrun for data_pipeline_v01 to 2024-10-25 00:00:00+00:00, run_after=2024-10-26 00:00:00+00:00
[2025-04-23T13:30:05.754+0700] {processor.py:208} INFO - Processing /home/minhle/mlops/dags/data_pipeline.py took 0.645 seconds
[2025-04-23T13:30:36.004+0700] {processor.py:186} INFO - Started process (PID=330521) to work on /home/minhle/mlops/dags/data_pipeline.py
[2025-04-23T13:30:36.147+0700] {processor.py:914} INFO - Processing file /home/minhle/mlops/dags/data_pipeline.py for tasks to queue
[2025-04-23T13:30:36.152+0700] {logging_mixin.py:190} INFO - [2025-04-23T13:30:36.151+0700] {dagbag.py:588} INFO - Filling up the DagBag from /home/minhle/mlops/dags/data_pipeline.py
[2025-04-23T13:30:36.704+0700] {processor.py:925} INFO - DAG(s) 'data_pipeline_v01' retrieved from /home/minhle/mlops/dags/data_pipeline.py
[2025-04-23T13:30:36.711+0700] {logging_mixin.py:190} INFO - [2025-04-23T13:30:36.711+0700] {dag.py:3239} INFO - Sync 1 DAGs
[2025-04-23T13:30:36.719+0700] {logging_mixin.py:190} INFO - [2025-04-23T13:30:36.719+0700] {dag.py:4180} INFO - Setting next_dagrun for data_pipeline_v01 to 2024-10-25 00:00:00+00:00, run_after=2024-10-26 00:00:00+00:00
[2025-04-23T13:30:36.801+0700] {processor.py:208} INFO - Processing /home/minhle/mlops/dags/data_pipeline.py took 0.801 seconds
[2025-04-23T13:31:07.096+0700] {processor.py:186} INFO - Started process (PID=330614) to work on /home/minhle/mlops/dags/data_pipeline.py
[2025-04-23T13:31:07.097+0700] {processor.py:914} INFO - Processing file /home/minhle/mlops/dags/data_pipeline.py for tasks to queue
[2025-04-23T13:31:07.098+0700] {logging_mixin.py:190} INFO - [2025-04-23T13:31:07.098+0700] {dagbag.py:588} INFO - Filling up the DagBag from /home/minhle/mlops/dags/data_pipeline.py
[2025-04-23T13:31:07.646+0700] {processor.py:925} INFO - DAG(s) 'data_pipeline_v01' retrieved from /home/minhle/mlops/dags/data_pipeline.py
[2025-04-23T13:31:07.652+0700] {logging_mixin.py:190} INFO - [2025-04-23T13:31:07.652+0700] {dag.py:3239} INFO - Sync 1 DAGs
[2025-04-23T13:31:07.661+0700] {logging_mixin.py:190} INFO - [2025-04-23T13:31:07.660+0700] {dag.py:4180} INFO - Setting next_dagrun for data_pipeline_v01 to 2024-10-25 00:00:00+00:00, run_after=2024-10-26 00:00:00+00:00
[2025-04-23T13:31:07.745+0700] {processor.py:208} INFO - Processing /home/minhle/mlops/dags/data_pipeline.py took 0.654 seconds
[2025-04-23T13:31:37.921+0700] {processor.py:186} INFO - Started process (PID=330678) to work on /home/minhle/mlops/dags/data_pipeline.py
[2025-04-23T13:31:37.931+0700] {processor.py:914} INFO - Processing file /home/minhle/mlops/dags/data_pipeline.py for tasks to queue
[2025-04-23T13:31:37.936+0700] {logging_mixin.py:190} INFO - [2025-04-23T13:31:37.935+0700] {dagbag.py:588} INFO - Filling up the DagBag from /home/minhle/mlops/dags/data_pipeline.py
[2025-04-23T13:31:38.499+0700] {processor.py:925} INFO - DAG(s) 'data_pipeline_v01' retrieved from /home/minhle/mlops/dags/data_pipeline.py
[2025-04-23T13:31:38.506+0700] {logging_mixin.py:190} INFO - [2025-04-23T13:31:38.506+0700] {dag.py:3239} INFO - Sync 1 DAGs
[2025-04-23T13:31:38.514+0700] {logging_mixin.py:190} INFO - [2025-04-23T13:31:38.514+0700] {dag.py:4180} INFO - Setting next_dagrun for data_pipeline_v01 to 2024-10-25 00:00:00+00:00, run_after=2024-10-26 00:00:00+00:00
[2025-04-23T13:31:38.597+0700] {processor.py:208} INFO - Processing /home/minhle/mlops/dags/data_pipeline.py took 0.681 seconds
[2025-04-23T13:32:08.722+0700] {processor.py:186} INFO - Started process (PID=330742) to work on /home/minhle/mlops/dags/data_pipeline.py
[2025-04-23T13:32:08.723+0700] {processor.py:914} INFO - Processing file /home/minhle/mlops/dags/data_pipeline.py for tasks to queue
[2025-04-23T13:32:08.724+0700] {logging_mixin.py:190} INFO - [2025-04-23T13:32:08.724+0700] {dagbag.py:588} INFO - Filling up the DagBag from /home/minhle/mlops/dags/data_pipeline.py
[2025-04-23T13:32:09.266+0700] {processor.py:925} INFO - DAG(s) 'data_pipeline_v01' retrieved from /home/minhle/mlops/dags/data_pipeline.py
[2025-04-23T13:32:09.273+0700] {logging_mixin.py:190} INFO - [2025-04-23T13:32:09.273+0700] {dag.py:3239} INFO - Sync 1 DAGs
[2025-04-23T13:32:09.281+0700] {logging_mixin.py:190} INFO - [2025-04-23T13:32:09.281+0700] {dag.py:4180} INFO - Setting next_dagrun for data_pipeline_v01 to 2024-10-25 00:00:00+00:00, run_after=2024-10-26 00:00:00+00:00
[2025-04-23T13:32:09.372+0700] {processor.py:208} INFO - Processing /home/minhle/mlops/dags/data_pipeline.py took 0.655 seconds
[2025-04-23T13:32:41.120+0700] {processor.py:186} INFO - Started process (PID=330817) to work on /home/minhle/mlops/dags/data_pipeline.py
[2025-04-23T13:32:41.150+0700] {processor.py:914} INFO - Processing file /home/minhle/mlops/dags/data_pipeline.py for tasks to queue
[2025-04-23T13:32:41.156+0700] {logging_mixin.py:190} INFO - [2025-04-23T13:32:41.155+0700] {dagbag.py:588} INFO - Filling up the DagBag from /home/minhle/mlops/dags/data_pipeline.py
[2025-04-23T13:32:41.746+0700] {processor.py:925} INFO - DAG(s) 'data_pipeline_v01' retrieved from /home/minhle/mlops/dags/data_pipeline.py
[2025-04-23T13:32:41.835+0700] {logging_mixin.py:190} INFO - [2025-04-23T13:32:41.834+0700] {dag.py:3239} INFO - Sync 1 DAGs
[2025-04-23T13:32:41.955+0700] {processor.py:208} INFO - Processing /home/minhle/mlops/dags/data_pipeline.py took 0.840 seconds
[2025-04-23T13:33:58.366+0700] {processor.py:186} INFO - Started process (PID=332426) to work on /home/minhle/mlops/dags/data_pipeline.py
[2025-04-23T13:33:58.373+0700] {processor.py:914} INFO - Processing file /home/minhle/mlops/dags/data_pipeline.py for tasks to queue
[2025-04-23T13:33:58.374+0700] {logging_mixin.py:190} INFO - [2025-04-23T13:33:58.374+0700] {dagbag.py:588} INFO - Filling up the DagBag from /home/minhle/mlops/dags/data_pipeline.py
[2025-04-23T13:33:59.089+0700] {processor.py:925} INFO - DAG(s) 'data_pipeline_v01' retrieved from /home/minhle/mlops/dags/data_pipeline.py
[2025-04-23T13:33:59.135+0700] {logging_mixin.py:190} INFO - [2025-04-23T13:33:59.135+0700] {dag.py:3239} INFO - Sync 1 DAGs
[2025-04-23T13:33:59.234+0700] {processor.py:208} INFO - Processing /home/minhle/mlops/dags/data_pipeline.py took 0.871 seconds
[2025-04-23T13:34:33.922+0700] {processor.py:186} INFO - Started process (PID=333220) to work on /home/minhle/mlops/dags/data_pipeline.py
[2025-04-23T13:34:33.923+0700] {processor.py:914} INFO - Processing file /home/minhle/mlops/dags/data_pipeline.py for tasks to queue
[2025-04-23T13:34:33.924+0700] {logging_mixin.py:190} INFO - [2025-04-23T13:34:33.924+0700] {dagbag.py:588} INFO - Filling up the DagBag from /home/minhle/mlops/dags/data_pipeline.py
[2025-04-23T13:34:34.569+0700] {processor.py:925} INFO - DAG(s) 'data_pipeline_v01' retrieved from /home/minhle/mlops/dags/data_pipeline.py
[2025-04-23T13:34:34.724+0700] {logging_mixin.py:190} INFO - [2025-04-23T13:34:34.724+0700] {dag.py:3239} INFO - Sync 1 DAGs
[2025-04-23T13:34:34.947+0700] {logging_mixin.py:190} INFO - [2025-04-23T13:34:34.947+0700] {dag.py:4180} INFO - Setting next_dagrun for data_pipeline_v01 to 2024-10-28 00:00:00+00:00, run_after=2024-10-29 00:00:00+00:00
[2025-04-23T13:34:35.053+0700] {processor.py:208} INFO - Processing /home/minhle/mlops/dags/data_pipeline.py took 1.135 seconds
[2025-04-23T13:35:07.158+0700] {processor.py:186} INFO - Started process (PID=333884) to work on /home/minhle/mlops/dags/data_pipeline.py
[2025-04-23T13:35:07.159+0700] {processor.py:914} INFO - Processing file /home/minhle/mlops/dags/data_pipeline.py for tasks to queue
[2025-04-23T13:35:07.160+0700] {logging_mixin.py:190} INFO - [2025-04-23T13:35:07.160+0700] {dagbag.py:588} INFO - Filling up the DagBag from /home/minhle/mlops/dags/data_pipeline.py
[2025-04-23T13:35:07.830+0700] {processor.py:925} INFO - DAG(s) 'data_pipeline_v01' retrieved from /home/minhle/mlops/dags/data_pipeline.py
[2025-04-23T13:35:07.837+0700] {logging_mixin.py:190} INFO - [2025-04-23T13:35:07.837+0700] {dag.py:3239} INFO - Sync 1 DAGs
[2025-04-23T13:35:07.844+0700] {logging_mixin.py:190} INFO - [2025-04-23T13:35:07.844+0700] {dag.py:4180} INFO - Setting next_dagrun for data_pipeline_v01 to 2024-10-31 00:00:00+00:00, run_after=2024-11-01 00:00:00+00:00
[2025-04-23T13:35:07.953+0700] {processor.py:208} INFO - Processing /home/minhle/mlops/dags/data_pipeline.py took 0.800 seconds
[2025-04-23T13:35:39.335+0700] {processor.py:186} INFO - Started process (PID=334571) to work on /home/minhle/mlops/dags/data_pipeline.py
[2025-04-23T13:35:39.335+0700] {processor.py:914} INFO - Processing file /home/minhle/mlops/dags/data_pipeline.py for tasks to queue
[2025-04-23T13:35:39.336+0700] {logging_mixin.py:190} INFO - [2025-04-23T13:35:39.336+0700] {dagbag.py:588} INFO - Filling up the DagBag from /home/minhle/mlops/dags/data_pipeline.py
[2025-04-23T13:35:39.949+0700] {processor.py:925} INFO - DAG(s) 'data_pipeline_v01' retrieved from /home/minhle/mlops/dags/data_pipeline.py
[2025-04-23T13:35:39.956+0700] {logging_mixin.py:190} INFO - [2025-04-23T13:35:39.956+0700] {dag.py:3239} INFO - Sync 1 DAGs
[2025-04-23T13:35:39.962+0700] {logging_mixin.py:190} INFO - [2025-04-23T13:35:39.962+0700] {dag.py:4180} INFO - Setting next_dagrun for data_pipeline_v01 to 2024-11-03 00:00:00+00:00, run_after=2024-11-04 00:00:00+00:00
[2025-04-23T13:35:40.048+0700] {processor.py:208} INFO - Processing /home/minhle/mlops/dags/data_pipeline.py took 0.717 seconds
[2025-04-23T13:36:36.589+0700] {processor.py:186} INFO - Started process (PID=335868) to work on /home/minhle/mlops/dags/data_pipeline.py
[2025-04-23T13:36:36.615+0700] {processor.py:914} INFO - Processing file /home/minhle/mlops/dags/data_pipeline.py for tasks to queue
[2025-04-23T13:36:36.619+0700] {logging_mixin.py:190} INFO - [2025-04-23T13:36:36.618+0700] {dagbag.py:588} INFO - Filling up the DagBag from /home/minhle/mlops/dags/data_pipeline.py
[2025-04-23T13:36:37.289+0700] {processor.py:925} INFO - DAG(s) 'data_pipeline_v01' retrieved from /home/minhle/mlops/dags/data_pipeline.py
[2025-04-23T13:36:37.297+0700] {logging_mixin.py:190} INFO - [2025-04-23T13:36:37.297+0700] {dag.py:3239} INFO - Sync 1 DAGs
[2025-04-23T13:36:37.306+0700] {logging_mixin.py:190} INFO - [2025-04-23T13:36:37.306+0700] {dag.py:4180} INFO - Setting next_dagrun for data_pipeline_v01 to 2024-11-07 00:00:00+00:00, run_after=2024-11-08 00:00:00+00:00
[2025-04-23T13:36:37.417+0700] {processor.py:208} INFO - Processing /home/minhle/mlops/dags/data_pipeline.py took 0.835 seconds
[2025-04-23T13:37:15.138+0700] {processor.py:186} INFO - Started process (PID=336980) to work on /home/minhle/mlops/dags/data_pipeline.py
[2025-04-23T13:37:15.139+0700] {processor.py:914} INFO - Processing file /home/minhle/mlops/dags/data_pipeline.py for tasks to queue
[2025-04-23T13:37:15.140+0700] {logging_mixin.py:190} INFO - [2025-04-23T13:37:15.140+0700] {dagbag.py:588} INFO - Filling up the DagBag from /home/minhle/mlops/dags/data_pipeline.py
[2025-04-23T13:37:15.756+0700] {processor.py:925} INFO - DAG(s) 'data_pipeline_v01' retrieved from /home/minhle/mlops/dags/data_pipeline.py
[2025-04-23T13:37:15.763+0700] {logging_mixin.py:190} INFO - [2025-04-23T13:37:15.763+0700] {dag.py:3239} INFO - Sync 1 DAGs
[2025-04-23T13:37:15.771+0700] {logging_mixin.py:190} INFO - [2025-04-23T13:37:15.771+0700] {dag.py:4180} INFO - Setting next_dagrun for data_pipeline_v01 to 2024-11-11 00:00:00+00:00, run_after=2024-11-12 00:00:00+00:00
[2025-04-23T13:37:15.878+0700] {processor.py:208} INFO - Processing /home/minhle/mlops/dags/data_pipeline.py took 0.744 seconds
[2025-04-23T13:37:50.858+0700] {processor.py:186} INFO - Started process (PID=337738) to work on /home/minhle/mlops/dags/data_pipeline.py
[2025-04-23T13:37:50.899+0700] {processor.py:914} INFO - Processing file /home/minhle/mlops/dags/data_pipeline.py for tasks to queue
[2025-04-23T13:37:50.903+0700] {logging_mixin.py:190} INFO - [2025-04-23T13:37:50.903+0700] {dagbag.py:588} INFO - Filling up the DagBag from /home/minhle/mlops/dags/data_pipeline.py
[2025-04-23T13:37:51.562+0700] {processor.py:925} INFO - DAG(s) 'data_pipeline_v01' retrieved from /home/minhle/mlops/dags/data_pipeline.py
[2025-04-23T13:37:51.569+0700] {logging_mixin.py:190} INFO - [2025-04-23T13:37:51.569+0700] {dag.py:3239} INFO - Sync 1 DAGs
[2025-04-23T13:37:51.577+0700] {logging_mixin.py:190} INFO - [2025-04-23T13:37:51.577+0700] {dag.py:4180} INFO - Setting next_dagrun for data_pipeline_v01 to 2024-11-14 00:00:00+00:00, run_after=2024-11-15 00:00:00+00:00
[2025-04-23T13:37:51.662+0700] {processor.py:208} INFO - Processing /home/minhle/mlops/dags/data_pipeline.py took 0.811 seconds
[2025-04-23T13:38:34.737+0700] {processor.py:186} INFO - Started process (PID=338669) to work on /home/minhle/mlops/dags/data_pipeline.py
[2025-04-23T13:38:34.738+0700] {processor.py:914} INFO - Processing file /home/minhle/mlops/dags/data_pipeline.py for tasks to queue
[2025-04-23T13:38:34.741+0700] {logging_mixin.py:190} INFO - [2025-04-23T13:38:34.740+0700] {dagbag.py:588} INFO - Filling up the DagBag from /home/minhle/mlops/dags/data_pipeline.py
[2025-04-23T13:38:35.370+0700] {processor.py:925} INFO - DAG(s) 'data_pipeline_v01' retrieved from /home/minhle/mlops/dags/data_pipeline.py
[2025-04-23T13:38:35.622+0700] {logging_mixin.py:190} INFO - [2025-04-23T13:38:35.622+0700] {dag.py:3239} INFO - Sync 1 DAGs
[2025-04-23T13:38:35.632+0700] {logging_mixin.py:190} INFO - [2025-04-23T13:38:35.632+0700] {dag.py:4180} INFO - Setting next_dagrun for data_pipeline_v01 to 2024-11-18 00:00:00+00:00, run_after=2024-11-19 00:00:00+00:00
[2025-04-23T13:38:35.828+0700] {processor.py:208} INFO - Processing /home/minhle/mlops/dags/data_pipeline.py took 1.098 seconds
[2025-04-23T13:48:42.085+0700] {processor.py:186} INFO - Started process (PID=348255) to work on /home/minhle/mlops/dags/data_pipeline.py
[2025-04-23T13:48:42.090+0700] {processor.py:914} INFO - Processing file /home/minhle/mlops/dags/data_pipeline.py for tasks to queue
[2025-04-23T13:48:42.092+0700] {logging_mixin.py:190} INFO - [2025-04-23T13:48:42.092+0700] {dagbag.py:588} INFO - Filling up the DagBag from /home/minhle/mlops/dags/data_pipeline.py
[2025-04-23T13:48:42.710+0700] {processor.py:925} INFO - DAG(s) 'data_pipeline_v01' retrieved from /home/minhle/mlops/dags/data_pipeline.py
[2025-04-23T13:48:42.717+0700] {logging_mixin.py:190} INFO - [2025-04-23T13:48:42.717+0700] {dag.py:3239} INFO - Sync 1 DAGs
[2025-04-23T13:48:42.725+0700] {logging_mixin.py:190} INFO - [2025-04-23T13:48:42.725+0700] {dag.py:4180} INFO - Setting next_dagrun for data_pipeline_v01 to 2024-11-22 00:00:00+00:00, run_after=2024-11-23 00:00:00+00:00
[2025-04-23T13:48:42.815+0700] {processor.py:208} INFO - Processing /home/minhle/mlops/dags/data_pipeline.py took 0.737 seconds
[2025-04-23T13:57:02.791+0700] {processor.py:186} INFO - Started process (PID=356492) to work on /home/minhle/mlops/dags/data_pipeline.py
[2025-04-23T13:57:02.804+0700] {processor.py:914} INFO - Processing file /home/minhle/mlops/dags/data_pipeline.py for tasks to queue
[2025-04-23T13:57:02.807+0700] {logging_mixin.py:190} INFO - [2025-04-23T13:57:02.806+0700] {dagbag.py:588} INFO - Filling up the DagBag from /home/minhle/mlops/dags/data_pipeline.py
[2025-04-23T13:57:03.396+0700] {processor.py:925} INFO - DAG(s) 'data_pipeline_v01' retrieved from /home/minhle/mlops/dags/data_pipeline.py
[2025-04-23T13:57:03.403+0700] {logging_mixin.py:190} INFO - [2025-04-23T13:57:03.403+0700] {dag.py:3239} INFO - Sync 1 DAGs
[2025-04-23T13:57:03.409+0700] {logging_mixin.py:190} INFO - [2025-04-23T13:57:03.409+0700] {dag.py:4180} INFO - Setting next_dagrun for data_pipeline_v01 to 2024-11-24 00:00:00+00:00, run_after=2024-11-25 00:00:00+00:00
[2025-04-23T13:57:03.486+0700] {processor.py:208} INFO - Processing /home/minhle/mlops/dags/data_pipeline.py took 0.700 seconds
[2025-04-23T13:57:33.644+0700] {processor.py:186} INFO - Started process (PID=356697) to work on /home/minhle/mlops/dags/data_pipeline.py
[2025-04-23T13:57:33.647+0700] {processor.py:914} INFO - Processing file /home/minhle/mlops/dags/data_pipeline.py for tasks to queue
[2025-04-23T13:57:33.649+0700] {logging_mixin.py:190} INFO - [2025-04-23T13:57:33.648+0700] {dagbag.py:588} INFO - Filling up the DagBag from /home/minhle/mlops/dags/data_pipeline.py
[2025-04-23T13:57:34.220+0700] {processor.py:925} INFO - DAG(s) 'data_pipeline_v01' retrieved from /home/minhle/mlops/dags/data_pipeline.py
[2025-04-23T13:57:34.227+0700] {logging_mixin.py:190} INFO - [2025-04-23T13:57:34.227+0700] {dag.py:3239} INFO - Sync 1 DAGs
[2025-04-23T13:57:34.233+0700] {logging_mixin.py:190} INFO - [2025-04-23T13:57:34.233+0700] {dag.py:4180} INFO - Setting next_dagrun for data_pipeline_v01 to 2024-11-24 00:00:00+00:00, run_after=2024-11-25 00:00:00+00:00
[2025-04-23T13:57:34.300+0700] {processor.py:208} INFO - Processing /home/minhle/mlops/dags/data_pipeline.py took 0.662 seconds
[2025-04-23T13:58:04.760+0700] {processor.py:186} INFO - Started process (PID=356778) to work on /home/minhle/mlops/dags/data_pipeline.py
[2025-04-23T13:58:04.763+0700] {processor.py:914} INFO - Processing file /home/minhle/mlops/dags/data_pipeline.py for tasks to queue
[2025-04-23T13:58:04.765+0700] {logging_mixin.py:190} INFO - [2025-04-23T13:58:04.764+0700] {dagbag.py:588} INFO - Filling up the DagBag from /home/minhle/mlops/dags/data_pipeline.py
[2025-04-23T13:58:05.332+0700] {processor.py:925} INFO - DAG(s) 'data_pipeline_v01' retrieved from /home/minhle/mlops/dags/data_pipeline.py
[2025-04-23T13:58:05.338+0700] {logging_mixin.py:190} INFO - [2025-04-23T13:58:05.338+0700] {dag.py:3239} INFO - Sync 1 DAGs
[2025-04-23T13:58:05.345+0700] {logging_mixin.py:190} INFO - [2025-04-23T13:58:05.345+0700] {dag.py:4180} INFO - Setting next_dagrun for data_pipeline_v01 to 2024-11-24 00:00:00+00:00, run_after=2024-11-25 00:00:00+00:00
[2025-04-23T13:58:05.456+0700] {processor.py:208} INFO - Processing /home/minhle/mlops/dags/data_pipeline.py took 0.702 seconds
[2025-04-23T13:58:36.114+0700] {processor.py:186} INFO - Started process (PID=356861) to work on /home/minhle/mlops/dags/data_pipeline.py
[2025-04-23T13:58:36.121+0700] {processor.py:914} INFO - Processing file /home/minhle/mlops/dags/data_pipeline.py for tasks to queue
[2025-04-23T13:58:36.123+0700] {logging_mixin.py:190} INFO - [2025-04-23T13:58:36.123+0700] {dagbag.py:588} INFO - Filling up the DagBag from /home/minhle/mlops/dags/data_pipeline.py
[2025-04-23T13:58:36.690+0700] {processor.py:925} INFO - DAG(s) 'data_pipeline_v01' retrieved from /home/minhle/mlops/dags/data_pipeline.py
[2025-04-23T13:58:36.696+0700] {logging_mixin.py:190} INFO - [2025-04-23T13:58:36.696+0700] {dag.py:3239} INFO - Sync 1 DAGs
[2025-04-23T13:58:36.703+0700] {logging_mixin.py:190} INFO - [2025-04-23T13:58:36.703+0700] {dag.py:4180} INFO - Setting next_dagrun for data_pipeline_v01 to 2024-11-24 00:00:00+00:00, run_after=2024-11-25 00:00:00+00:00
[2025-04-23T13:58:36.811+0700] {processor.py:208} INFO - Processing /home/minhle/mlops/dags/data_pipeline.py took 0.703 seconds
[2025-04-23T13:59:09.682+0700] {processor.py:186} INFO - Started process (PID=356969) to work on /home/minhle/mlops/dags/data_pipeline.py
[2025-04-23T13:59:09.700+0700] {processor.py:914} INFO - Processing file /home/minhle/mlops/dags/data_pipeline.py for tasks to queue
[2025-04-23T13:59:09.703+0700] {logging_mixin.py:190} INFO - [2025-04-23T13:59:09.702+0700] {dagbag.py:588} INFO - Filling up the DagBag from /home/minhle/mlops/dags/data_pipeline.py
[2025-04-23T13:59:10.267+0700] {processor.py:925} INFO - DAG(s) 'data_pipeline_v01' retrieved from /home/minhle/mlops/dags/data_pipeline.py
[2025-04-23T13:59:10.274+0700] {logging_mixin.py:190} INFO - [2025-04-23T13:59:10.274+0700] {dag.py:3239} INFO - Sync 1 DAGs
[2025-04-23T13:59:10.281+0700] {logging_mixin.py:190} INFO - [2025-04-23T13:59:10.281+0700] {dag.py:4180} INFO - Setting next_dagrun for data_pipeline_v01 to 2024-11-24 00:00:00+00:00, run_after=2024-11-25 00:00:00+00:00
[2025-04-23T13:59:10.360+0700] {processor.py:208} INFO - Processing /home/minhle/mlops/dags/data_pipeline.py took 0.683 seconds
[2025-04-23T13:59:40.719+0700] {processor.py:186} INFO - Started process (PID=357049) to work on /home/minhle/mlops/dags/data_pipeline.py
[2025-04-23T13:59:40.730+0700] {processor.py:914} INFO - Processing file /home/minhle/mlops/dags/data_pipeline.py for tasks to queue
[2025-04-23T13:59:40.732+0700] {logging_mixin.py:190} INFO - [2025-04-23T13:59:40.732+0700] {dagbag.py:588} INFO - Filling up the DagBag from /home/minhle/mlops/dags/data_pipeline.py
[2025-04-23T13:59:41.316+0700] {processor.py:925} INFO - DAG(s) 'data_pipeline_v01' retrieved from /home/minhle/mlops/dags/data_pipeline.py
[2025-04-23T13:59:41.323+0700] {logging_mixin.py:190} INFO - [2025-04-23T13:59:41.322+0700] {dag.py:3239} INFO - Sync 1 DAGs
[2025-04-23T13:59:41.329+0700] {logging_mixin.py:190} INFO - [2025-04-23T13:59:41.329+0700] {dag.py:4180} INFO - Setting next_dagrun for data_pipeline_v01 to 2024-11-24 00:00:00+00:00, run_after=2024-11-25 00:00:00+00:00
[2025-04-23T13:59:41.404+0700] {processor.py:208} INFO - Processing /home/minhle/mlops/dags/data_pipeline.py took 0.690 seconds
[2025-04-23T14:00:13.049+0700] {processor.py:186} INFO - Started process (PID=357163) to work on /home/minhle/mlops/dags/data_pipeline.py
[2025-04-23T14:00:13.057+0700] {processor.py:914} INFO - Processing file /home/minhle/mlops/dags/data_pipeline.py for tasks to queue
[2025-04-23T14:00:13.058+0700] {logging_mixin.py:190} INFO - [2025-04-23T14:00:13.058+0700] {dagbag.py:588} INFO - Filling up the DagBag from /home/minhle/mlops/dags/data_pipeline.py
[2025-04-23T14:00:13.632+0700] {processor.py:925} INFO - DAG(s) 'data_pipeline_v01' retrieved from /home/minhle/mlops/dags/data_pipeline.py
[2025-04-23T14:00:13.638+0700] {logging_mixin.py:190} INFO - [2025-04-23T14:00:13.638+0700] {dag.py:3239} INFO - Sync 1 DAGs
[2025-04-23T14:00:13.645+0700] {logging_mixin.py:190} INFO - [2025-04-23T14:00:13.645+0700] {dag.py:4180} INFO - Setting next_dagrun for data_pipeline_v01 to 2024-11-24 00:00:00+00:00, run_after=2024-11-25 00:00:00+00:00
[2025-04-23T14:00:13.718+0700] {processor.py:208} INFO - Processing /home/minhle/mlops/dags/data_pipeline.py took 0.673 seconds
[2025-04-23T14:00:44.770+0700] {processor.py:186} INFO - Started process (PID=357265) to work on /home/minhle/mlops/dags/data_pipeline.py
[2025-04-23T14:00:44.782+0700] {processor.py:914} INFO - Processing file /home/minhle/mlops/dags/data_pipeline.py for tasks to queue
[2025-04-23T14:00:44.784+0700] {logging_mixin.py:190} INFO - [2025-04-23T14:00:44.783+0700] {dagbag.py:588} INFO - Filling up the DagBag from /home/minhle/mlops/dags/data_pipeline.py
[2025-04-23T14:00:45.343+0700] {processor.py:925} INFO - DAG(s) 'data_pipeline_v01' retrieved from /home/minhle/mlops/dags/data_pipeline.py
[2025-04-23T14:00:45.350+0700] {logging_mixin.py:190} INFO - [2025-04-23T14:00:45.350+0700] {dag.py:3239} INFO - Sync 1 DAGs
[2025-04-23T14:00:45.357+0700] {logging_mixin.py:190} INFO - [2025-04-23T14:00:45.356+0700] {dag.py:4180} INFO - Setting next_dagrun for data_pipeline_v01 to 2024-11-24 00:00:00+00:00, run_after=2024-11-25 00:00:00+00:00
[2025-04-23T14:00:45.415+0700] {processor.py:208} INFO - Processing /home/minhle/mlops/dags/data_pipeline.py took 0.651 seconds
[2025-04-23T14:01:17.278+0700] {processor.py:186} INFO - Started process (PID=357345) to work on /home/minhle/mlops/dags/data_pipeline.py
[2025-04-23T14:01:17.285+0700] {processor.py:914} INFO - Processing file /home/minhle/mlops/dags/data_pipeline.py for tasks to queue
[2025-04-23T14:01:17.287+0700] {logging_mixin.py:190} INFO - [2025-04-23T14:01:17.286+0700] {dagbag.py:588} INFO - Filling up the DagBag from /home/minhle/mlops/dags/data_pipeline.py
[2025-04-23T14:01:17.835+0700] {processor.py:925} INFO - DAG(s) 'data_pipeline_v01' retrieved from /home/minhle/mlops/dags/data_pipeline.py
[2025-04-23T14:01:17.842+0700] {logging_mixin.py:190} INFO - [2025-04-23T14:01:17.842+0700] {dag.py:3239} INFO - Sync 1 DAGs
[2025-04-23T14:01:17.848+0700] {logging_mixin.py:190} INFO - [2025-04-23T14:01:17.848+0700] {dag.py:4180} INFO - Setting next_dagrun for data_pipeline_v01 to 2024-11-24 00:00:00+00:00, run_after=2024-11-25 00:00:00+00:00
[2025-04-23T14:01:17.964+0700] {processor.py:208} INFO - Processing /home/minhle/mlops/dags/data_pipeline.py took 0.692 seconds
[2025-04-23T14:01:49.053+0700] {processor.py:186} INFO - Started process (PID=357425) to work on /home/minhle/mlops/dags/data_pipeline.py
[2025-04-23T14:01:49.057+0700] {processor.py:914} INFO - Processing file /home/minhle/mlops/dags/data_pipeline.py for tasks to queue
[2025-04-23T14:01:49.058+0700] {logging_mixin.py:190} INFO - [2025-04-23T14:01:49.058+0700] {dagbag.py:588} INFO - Filling up the DagBag from /home/minhle/mlops/dags/data_pipeline.py
[2025-04-23T14:01:49.604+0700] {processor.py:925} INFO - DAG(s) 'data_pipeline_v01' retrieved from /home/minhle/mlops/dags/data_pipeline.py
[2025-04-23T14:01:49.611+0700] {logging_mixin.py:190} INFO - [2025-04-23T14:01:49.610+0700] {dag.py:3239} INFO - Sync 1 DAGs
[2025-04-23T14:01:49.617+0700] {logging_mixin.py:190} INFO - [2025-04-23T14:01:49.617+0700] {dag.py:4180} INFO - Setting next_dagrun for data_pipeline_v01 to 2024-11-24 00:00:00+00:00, run_after=2024-11-25 00:00:00+00:00
[2025-04-23T14:01:49.683+0700] {processor.py:208} INFO - Processing /home/minhle/mlops/dags/data_pipeline.py took 0.636 seconds
[2025-04-23T14:02:20.828+0700] {processor.py:186} INFO - Started process (PID=357506) to work on /home/minhle/mlops/dags/data_pipeline.py
[2025-04-23T14:02:20.839+0700] {processor.py:914} INFO - Processing file /home/minhle/mlops/dags/data_pipeline.py for tasks to queue
[2025-04-23T14:02:20.841+0700] {logging_mixin.py:190} INFO - [2025-04-23T14:02:20.841+0700] {dagbag.py:588} INFO - Filling up the DagBag from /home/minhle/mlops/dags/data_pipeline.py
[2025-04-23T14:02:21.392+0700] {processor.py:925} INFO - DAG(s) 'data_pipeline_v01' retrieved from /home/minhle/mlops/dags/data_pipeline.py
[2025-04-23T14:02:21.398+0700] {logging_mixin.py:190} INFO - [2025-04-23T14:02:21.398+0700] {dag.py:3239} INFO - Sync 1 DAGs
[2025-04-23T14:02:21.405+0700] {logging_mixin.py:190} INFO - [2025-04-23T14:02:21.405+0700] {dag.py:4180} INFO - Setting next_dagrun for data_pipeline_v01 to 2024-11-24 00:00:00+00:00, run_after=2024-11-25 00:00:00+00:00
[2025-04-23T14:02:21.472+0700] {processor.py:208} INFO - Processing /home/minhle/mlops/dags/data_pipeline.py took 0.649 seconds
[2025-04-23T14:02:52.617+0700] {processor.py:186} INFO - Started process (PID=357597) to work on /home/minhle/mlops/dags/data_pipeline.py
[2025-04-23T14:02:52.622+0700] {processor.py:914} INFO - Processing file /home/minhle/mlops/dags/data_pipeline.py for tasks to queue
[2025-04-23T14:02:52.623+0700] {logging_mixin.py:190} INFO - [2025-04-23T14:02:52.623+0700] {dagbag.py:588} INFO - Filling up the DagBag from /home/minhle/mlops/dags/data_pipeline.py
[2025-04-23T14:02:53.175+0700] {processor.py:925} INFO - DAG(s) 'data_pipeline_v01' retrieved from /home/minhle/mlops/dags/data_pipeline.py
[2025-04-23T14:02:53.182+0700] {logging_mixin.py:190} INFO - [2025-04-23T14:02:53.182+0700] {dag.py:3239} INFO - Sync 1 DAGs
[2025-04-23T14:02:53.188+0700] {logging_mixin.py:190} INFO - [2025-04-23T14:02:53.188+0700] {dag.py:4180} INFO - Setting next_dagrun for data_pipeline_v01 to 2024-11-24 00:00:00+00:00, run_after=2024-11-25 00:00:00+00:00
[2025-04-23T14:02:53.275+0700] {processor.py:208} INFO - Processing /home/minhle/mlops/dags/data_pipeline.py took 0.664 seconds
[2025-04-23T14:03:24.519+0700] {processor.py:186} INFO - Started process (PID=357767) to work on /home/minhle/mlops/dags/data_pipeline.py
[2025-04-23T14:03:24.534+0700] {processor.py:914} INFO - Processing file /home/minhle/mlops/dags/data_pipeline.py for tasks to queue
[2025-04-23T14:03:24.537+0700] {logging_mixin.py:190} INFO - [2025-04-23T14:03:24.536+0700] {dagbag.py:588} INFO - Filling up the DagBag from /home/minhle/mlops/dags/data_pipeline.py
[2025-04-23T14:03:25.128+0700] {processor.py:925} INFO - DAG(s) 'data_pipeline_v01' retrieved from /home/minhle/mlops/dags/data_pipeline.py
[2025-04-23T14:03:25.135+0700] {logging_mixin.py:190} INFO - [2025-04-23T14:03:25.135+0700] {dag.py:3239} INFO - Sync 1 DAGs
[2025-04-23T14:03:25.141+0700] {logging_mixin.py:190} INFO - [2025-04-23T14:03:25.141+0700] {dag.py:4180} INFO - Setting next_dagrun for data_pipeline_v01 to 2024-11-24 00:00:00+00:00, run_after=2024-11-25 00:00:00+00:00
[2025-04-23T14:03:25.207+0700] {processor.py:208} INFO - Processing /home/minhle/mlops/dags/data_pipeline.py took 0.693 seconds
[2025-04-23T14:03:56.303+0700] {processor.py:186} INFO - Started process (PID=357993) to work on /home/minhle/mlops/dags/data_pipeline.py
[2025-04-23T14:03:56.306+0700] {processor.py:914} INFO - Processing file /home/minhle/mlops/dags/data_pipeline.py for tasks to queue
[2025-04-23T14:03:56.308+0700] {logging_mixin.py:190} INFO - [2025-04-23T14:03:56.307+0700] {dagbag.py:588} INFO - Filling up the DagBag from /home/minhle/mlops/dags/data_pipeline.py
[2025-04-23T14:03:56.915+0700] {processor.py:925} INFO - DAG(s) 'data_pipeline_v01' retrieved from /home/minhle/mlops/dags/data_pipeline.py
[2025-04-23T14:03:56.922+0700] {logging_mixin.py:190} INFO - [2025-04-23T14:03:56.922+0700] {dag.py:3239} INFO - Sync 1 DAGs
[2025-04-23T14:03:56.928+0700] {logging_mixin.py:190} INFO - [2025-04-23T14:03:56.928+0700] {dag.py:4180} INFO - Setting next_dagrun for data_pipeline_v01 to 2024-11-24 00:00:00+00:00, run_after=2024-11-25 00:00:00+00:00
[2025-04-23T14:03:56.998+0700] {processor.py:208} INFO - Processing /home/minhle/mlops/dags/data_pipeline.py took 0.701 seconds
[2025-04-23T14:04:28.083+0700] {processor.py:186} INFO - Started process (PID=358159) to work on /home/minhle/mlops/dags/data_pipeline.py
[2025-04-23T14:04:28.098+0700] {processor.py:914} INFO - Processing file /home/minhle/mlops/dags/data_pipeline.py for tasks to queue
[2025-04-23T14:04:28.101+0700] {logging_mixin.py:190} INFO - [2025-04-23T14:04:28.100+0700] {dagbag.py:588} INFO - Filling up the DagBag from /home/minhle/mlops/dags/data_pipeline.py
[2025-04-23T14:04:28.706+0700] {processor.py:925} INFO - DAG(s) 'data_pipeline_v01' retrieved from /home/minhle/mlops/dags/data_pipeline.py
[2025-04-23T14:04:28.713+0700] {logging_mixin.py:190} INFO - [2025-04-23T14:04:28.713+0700] {dag.py:3239} INFO - Sync 1 DAGs
[2025-04-23T14:04:28.720+0700] {logging_mixin.py:190} INFO - [2025-04-23T14:04:28.720+0700] {dag.py:4180} INFO - Setting next_dagrun for data_pipeline_v01 to 2024-11-24 00:00:00+00:00, run_after=2024-11-25 00:00:00+00:00
[2025-04-23T14:04:28.784+0700] {processor.py:208} INFO - Processing /home/minhle/mlops/dags/data_pipeline.py took 0.706 seconds
[2025-04-23T14:04:59.817+0700] {processor.py:186} INFO - Started process (PID=358268) to work on /home/minhle/mlops/dags/data_pipeline.py
[2025-04-23T14:04:59.827+0700] {processor.py:914} INFO - Processing file /home/minhle/mlops/dags/data_pipeline.py for tasks to queue
[2025-04-23T14:04:59.829+0700] {logging_mixin.py:190} INFO - [2025-04-23T14:04:59.828+0700] {dagbag.py:588} INFO - Filling up the DagBag from /home/minhle/mlops/dags/data_pipeline.py
[2025-04-23T14:05:00.377+0700] {processor.py:925} INFO - DAG(s) 'data_pipeline_v01' retrieved from /home/minhle/mlops/dags/data_pipeline.py
[2025-04-23T14:05:00.384+0700] {logging_mixin.py:190} INFO - [2025-04-23T14:05:00.384+0700] {dag.py:3239} INFO - Sync 1 DAGs
[2025-04-23T14:05:00.391+0700] {logging_mixin.py:190} INFO - [2025-04-23T14:05:00.391+0700] {dag.py:4180} INFO - Setting next_dagrun for data_pipeline_v01 to 2024-11-24 00:00:00+00:00, run_after=2024-11-25 00:00:00+00:00
[2025-04-23T14:05:00.457+0700] {processor.py:208} INFO - Processing /home/minhle/mlops/dags/data_pipeline.py took 0.645 seconds
[2025-04-23T14:05:31.586+0700] {processor.py:186} INFO - Started process (PID=358372) to work on /home/minhle/mlops/dags/data_pipeline.py
[2025-04-23T14:05:31.589+0700] {processor.py:914} INFO - Processing file /home/minhle/mlops/dags/data_pipeline.py for tasks to queue
[2025-04-23T14:05:31.591+0700] {logging_mixin.py:190} INFO - [2025-04-23T14:05:31.591+0700] {dagbag.py:588} INFO - Filling up the DagBag from /home/minhle/mlops/dags/data_pipeline.py
[2025-04-23T14:05:32.160+0700] {processor.py:925} INFO - DAG(s) 'data_pipeline_v01' retrieved from /home/minhle/mlops/dags/data_pipeline.py
[2025-04-23T14:05:32.167+0700] {logging_mixin.py:190} INFO - [2025-04-23T14:05:32.166+0700] {dag.py:3239} INFO - Sync 1 DAGs
[2025-04-23T14:05:32.173+0700] {logging_mixin.py:190} INFO - [2025-04-23T14:05:32.173+0700] {dag.py:4180} INFO - Setting next_dagrun for data_pipeline_v01 to 2024-11-24 00:00:00+00:00, run_after=2024-11-25 00:00:00+00:00
[2025-04-23T14:05:32.241+0700] {processor.py:208} INFO - Processing /home/minhle/mlops/dags/data_pipeline.py took 0.661 seconds
[2025-04-23T14:06:03.374+0700] {processor.py:186} INFO - Started process (PID=358480) to work on /home/minhle/mlops/dags/data_pipeline.py
[2025-04-23T14:06:03.385+0700] {processor.py:914} INFO - Processing file /home/minhle/mlops/dags/data_pipeline.py for tasks to queue
[2025-04-23T14:06:03.387+0700] {logging_mixin.py:190} INFO - [2025-04-23T14:06:03.387+0700] {dagbag.py:588} INFO - Filling up the DagBag from /home/minhle/mlops/dags/data_pipeline.py
[2025-04-23T14:06:03.969+0700] {processor.py:925} INFO - DAG(s) 'data_pipeline_v01' retrieved from /home/minhle/mlops/dags/data_pipeline.py
[2025-04-23T14:06:03.976+0700] {logging_mixin.py:190} INFO - [2025-04-23T14:06:03.976+0700] {dag.py:3239} INFO - Sync 1 DAGs
[2025-04-23T14:06:03.983+0700] {logging_mixin.py:190} INFO - [2025-04-23T14:06:03.983+0700] {dag.py:4180} INFO - Setting next_dagrun for data_pipeline_v01 to 2024-11-24 00:00:00+00:00, run_after=2024-11-25 00:00:00+00:00
[2025-04-23T14:06:04.054+0700] {processor.py:208} INFO - Processing /home/minhle/mlops/dags/data_pipeline.py took 0.685 seconds
[2025-04-23T14:06:35.146+0700] {processor.py:186} INFO - Started process (PID=358585) to work on /home/minhle/mlops/dags/data_pipeline.py
[2025-04-23T14:06:35.151+0700] {processor.py:914} INFO - Processing file /home/minhle/mlops/dags/data_pipeline.py for tasks to queue
[2025-04-23T14:06:35.153+0700] {logging_mixin.py:190} INFO - [2025-04-23T14:06:35.153+0700] {dagbag.py:588} INFO - Filling up the DagBag from /home/minhle/mlops/dags/data_pipeline.py
[2025-04-23T14:06:35.708+0700] {processor.py:925} INFO - DAG(s) 'data_pipeline_v01' retrieved from /home/minhle/mlops/dags/data_pipeline.py
[2025-04-23T14:06:35.715+0700] {logging_mixin.py:190} INFO - [2025-04-23T14:06:35.715+0700] {dag.py:3239} INFO - Sync 1 DAGs
[2025-04-23T14:06:35.721+0700] {logging_mixin.py:190} INFO - [2025-04-23T14:06:35.721+0700] {dag.py:4180} INFO - Setting next_dagrun for data_pipeline_v01 to 2024-11-24 00:00:00+00:00, run_after=2024-11-25 00:00:00+00:00
[2025-04-23T14:06:35.787+0700] {processor.py:208} INFO - Processing /home/minhle/mlops/dags/data_pipeline.py took 0.647 seconds
[2025-04-23T14:07:07.157+0700] {processor.py:186} INFO - Started process (PID=358690) to work on /home/minhle/mlops/dags/data_pipeline.py
[2025-04-23T14:07:07.168+0700] {processor.py:914} INFO - Processing file /home/minhle/mlops/dags/data_pipeline.py for tasks to queue
[2025-04-23T14:07:07.169+0700] {logging_mixin.py:190} INFO - [2025-04-23T14:07:07.169+0700] {dagbag.py:588} INFO - Filling up the DagBag from /home/minhle/mlops/dags/data_pipeline.py
[2025-04-23T14:07:07.724+0700] {processor.py:925} INFO - DAG(s) 'data_pipeline_v01' retrieved from /home/minhle/mlops/dags/data_pipeline.py
[2025-04-23T14:07:07.731+0700] {logging_mixin.py:190} INFO - [2025-04-23T14:07:07.731+0700] {dag.py:3239} INFO - Sync 1 DAGs
[2025-04-23T14:07:07.737+0700] {logging_mixin.py:190} INFO - [2025-04-23T14:07:07.737+0700] {dag.py:4180} INFO - Setting next_dagrun for data_pipeline_v01 to 2024-11-24 00:00:00+00:00, run_after=2024-11-25 00:00:00+00:00
[2025-04-23T14:07:07.806+0700] {processor.py:208} INFO - Processing /home/minhle/mlops/dags/data_pipeline.py took 0.653 seconds
[2025-04-23T14:07:39.886+0700] {processor.py:186} INFO - Started process (PID=358794) to work on /home/minhle/mlops/dags/data_pipeline.py
[2025-04-23T14:07:39.909+0700] {processor.py:914} INFO - Processing file /home/minhle/mlops/dags/data_pipeline.py for tasks to queue
[2025-04-23T14:07:39.910+0700] {logging_mixin.py:190} INFO - [2025-04-23T14:07:39.909+0700] {dagbag.py:588} INFO - Filling up the DagBag from /home/minhle/mlops/dags/data_pipeline.py
[2025-04-23T14:07:40.501+0700] {processor.py:925} INFO - DAG(s) 'data_pipeline_v01' retrieved from /home/minhle/mlops/dags/data_pipeline.py
[2025-04-23T14:07:40.509+0700] {logging_mixin.py:190} INFO - [2025-04-23T14:07:40.508+0700] {dag.py:3239} INFO - Sync 1 DAGs
[2025-04-23T14:07:40.515+0700] {logging_mixin.py:190} INFO - [2025-04-23T14:07:40.515+0700] {dag.py:4180} INFO - Setting next_dagrun for data_pipeline_v01 to 2024-11-24 00:00:00+00:00, run_after=2024-11-25 00:00:00+00:00
[2025-04-23T14:07:40.608+0700] {processor.py:208} INFO - Processing /home/minhle/mlops/dags/data_pipeline.py took 0.725 seconds
[2025-04-23T14:07:43.818+0700] {processor.py:186} INFO - Started process (PID=358860) to work on /home/minhle/mlops/dags/data_pipeline.py
[2025-04-23T14:07:43.819+0700] {processor.py:914} INFO - Processing file /home/minhle/mlops/dags/data_pipeline.py for tasks to queue
[2025-04-23T14:07:43.821+0700] {logging_mixin.py:190} INFO - [2025-04-23T14:07:43.820+0700] {dagbag.py:588} INFO - Filling up the DagBag from /home/minhle/mlops/dags/data_pipeline.py
[2025-04-23T14:07:44.406+0700] {processor.py:925} INFO - DAG(s) 'data_pipeline_v01' retrieved from /home/minhle/mlops/dags/data_pipeline.py
[2025-04-23T14:07:44.442+0700] {logging_mixin.py:190} INFO - [2025-04-23T14:07:44.442+0700] {dag.py:3239} INFO - Sync 1 DAGs
[2025-04-23T14:07:44.449+0700] {logging_mixin.py:190} INFO - [2025-04-23T14:07:44.449+0700] {dag.py:4180} INFO - Setting next_dagrun for data_pipeline_v01 to 2025-04-22 00:00:00+00:00, run_after=2025-04-23 00:00:00+00:00
[2025-04-23T14:07:44.533+0700] {processor.py:208} INFO - Processing /home/minhle/mlops/dags/data_pipeline.py took 0.725 seconds
[2025-04-23T14:08:14.885+0700] {processor.py:186} INFO - Started process (PID=358966) to work on /home/minhle/mlops/dags/data_pipeline.py
[2025-04-23T14:08:15.024+0700] {processor.py:914} INFO - Processing file /home/minhle/mlops/dags/data_pipeline.py for tasks to queue
[2025-04-23T14:08:15.027+0700] {logging_mixin.py:190} INFO - [2025-04-23T14:08:15.026+0700] {dagbag.py:588} INFO - Filling up the DagBag from /home/minhle/mlops/dags/data_pipeline.py
[2025-04-23T14:08:15.600+0700] {processor.py:925} INFO - DAG(s) 'data_pipeline_v01' retrieved from /home/minhle/mlops/dags/data_pipeline.py
[2025-04-23T14:08:15.607+0700] {logging_mixin.py:190} INFO - [2025-04-23T14:08:15.606+0700] {dag.py:3239} INFO - Sync 1 DAGs
[2025-04-23T14:08:15.614+0700] {logging_mixin.py:190} INFO - [2025-04-23T14:08:15.614+0700] {dag.py:4180} INFO - Setting next_dagrun for data_pipeline_v01 to 2025-04-22 00:00:00+00:00, run_after=2025-04-23 00:00:00+00:00
[2025-04-23T14:08:15.694+0700] {processor.py:208} INFO - Processing /home/minhle/mlops/dags/data_pipeline.py took 0.814 seconds
[2025-04-23T14:08:46.751+0700] {processor.py:186} INFO - Started process (PID=359075) to work on /home/minhle/mlops/dags/data_pipeline.py
[2025-04-23T14:08:46.820+0700] {processor.py:914} INFO - Processing file /home/minhle/mlops/dags/data_pipeline.py for tasks to queue
[2025-04-23T14:08:46.823+0700] {logging_mixin.py:190} INFO - [2025-04-23T14:08:46.822+0700] {dagbag.py:588} INFO - Filling up the DagBag from /home/minhle/mlops/dags/data_pipeline.py
[2025-04-23T14:08:47.389+0700] {processor.py:925} INFO - DAG(s) 'data_pipeline_v01' retrieved from /home/minhle/mlops/dags/data_pipeline.py
[2025-04-23T14:08:47.396+0700] {logging_mixin.py:190} INFO - [2025-04-23T14:08:47.396+0700] {dag.py:3239} INFO - Sync 1 DAGs
[2025-04-23T14:08:47.403+0700] {logging_mixin.py:190} INFO - [2025-04-23T14:08:47.403+0700] {dag.py:4180} INFO - Setting next_dagrun for data_pipeline_v01 to 2025-04-22 00:00:00+00:00, run_after=2025-04-23 00:00:00+00:00
[2025-04-23T14:08:47.471+0700] {processor.py:208} INFO - Processing /home/minhle/mlops/dags/data_pipeline.py took 0.726 seconds
[2025-04-23T14:09:17.744+0700] {processor.py:186} INFO - Started process (PID=359219) to work on /home/minhle/mlops/dags/data_pipeline.py
[2025-04-23T14:09:17.895+0700] {processor.py:914} INFO - Processing file /home/minhle/mlops/dags/data_pipeline.py for tasks to queue
[2025-04-23T14:09:17.898+0700] {logging_mixin.py:190} INFO - [2025-04-23T14:09:17.897+0700] {dagbag.py:588} INFO - Filling up the DagBag from /home/minhle/mlops/dags/data_pipeline.py
[2025-04-23T14:09:18.460+0700] {processor.py:925} INFO - DAG(s) 'data_pipeline_v01' retrieved from /home/minhle/mlops/dags/data_pipeline.py
[2025-04-23T14:09:18.467+0700] {logging_mixin.py:190} INFO - [2025-04-23T14:09:18.467+0700] {dag.py:3239} INFO - Sync 1 DAGs
[2025-04-23T14:09:18.474+0700] {logging_mixin.py:190} INFO - [2025-04-23T14:09:18.473+0700] {dag.py:4180} INFO - Setting next_dagrun for data_pipeline_v01 to 2025-04-22 00:00:00+00:00, run_after=2025-04-23 00:00:00+00:00
[2025-04-23T14:09:18.874+0700] {processor.py:208} INFO - Processing /home/minhle/mlops/dags/data_pipeline.py took 1.136 seconds
[2025-04-23T14:09:49.274+0700] {processor.py:186} INFO - Started process (PID=359324) to work on /home/minhle/mlops/dags/data_pipeline.py
[2025-04-23T14:09:49.274+0700] {processor.py:914} INFO - Processing file /home/minhle/mlops/dags/data_pipeline.py for tasks to queue
[2025-04-23T14:09:49.275+0700] {logging_mixin.py:190} INFO - [2025-04-23T14:09:49.274+0700] {dagbag.py:588} INFO - Filling up the DagBag from /home/minhle/mlops/dags/data_pipeline.py
[2025-04-23T14:09:49.826+0700] {processor.py:925} INFO - DAG(s) 'data_pipeline_v01' retrieved from /home/minhle/mlops/dags/data_pipeline.py
[2025-04-23T14:09:49.833+0700] {logging_mixin.py:190} INFO - [2025-04-23T14:09:49.833+0700] {dag.py:3239} INFO - Sync 1 DAGs
[2025-04-23T14:09:49.839+0700] {logging_mixin.py:190} INFO - [2025-04-23T14:09:49.839+0700] {dag.py:4180} INFO - Setting next_dagrun for data_pipeline_v01 to 2025-04-22 00:00:00+00:00, run_after=2025-04-23 00:00:00+00:00
[2025-04-23T14:09:49.927+0700] {processor.py:208} INFO - Processing /home/minhle/mlops/dags/data_pipeline.py took 0.661 seconds
[2025-04-23T14:10:20.069+0700] {processor.py:186} INFO - Started process (PID=359406) to work on /home/minhle/mlops/dags/data_pipeline.py
[2025-04-23T14:10:20.078+0700] {processor.py:914} INFO - Processing file /home/minhle/mlops/dags/data_pipeline.py for tasks to queue
[2025-04-23T14:10:20.080+0700] {logging_mixin.py:190} INFO - [2025-04-23T14:10:20.080+0700] {dagbag.py:588} INFO - Filling up the DagBag from /home/minhle/mlops/dags/data_pipeline.py
[2025-04-23T14:10:20.644+0700] {processor.py:925} INFO - DAG(s) 'data_pipeline_v01' retrieved from /home/minhle/mlops/dags/data_pipeline.py
[2025-04-23T14:10:20.651+0700] {logging_mixin.py:190} INFO - [2025-04-23T14:10:20.651+0700] {dag.py:3239} INFO - Sync 1 DAGs
[2025-04-23T14:10:20.657+0700] {logging_mixin.py:190} INFO - [2025-04-23T14:10:20.657+0700] {dag.py:4180} INFO - Setting next_dagrun for data_pipeline_v01 to 2025-04-22 00:00:00+00:00, run_after=2025-04-23 00:00:00+00:00
[2025-04-23T14:10:20.712+0700] {processor.py:208} INFO - Processing /home/minhle/mlops/dags/data_pipeline.py took 0.648 seconds
[2025-04-23T14:10:52.919+0700] {processor.py:186} INFO - Started process (PID=359515) to work on /home/minhle/mlops/dags/data_pipeline.py
[2025-04-23T14:10:52.919+0700] {processor.py:914} INFO - Processing file /home/minhle/mlops/dags/data_pipeline.py for tasks to queue
[2025-04-23T14:10:52.921+0700] {logging_mixin.py:190} INFO - [2025-04-23T14:10:52.920+0700] {dagbag.py:588} INFO - Filling up the DagBag from /home/minhle/mlops/dags/data_pipeline.py
[2025-04-23T14:10:53.506+0700] {processor.py:925} INFO - DAG(s) 'data_pipeline_v01' retrieved from /home/minhle/mlops/dags/data_pipeline.py
[2025-04-23T14:10:53.513+0700] {logging_mixin.py:190} INFO - [2025-04-23T14:10:53.513+0700] {dag.py:3239} INFO - Sync 1 DAGs
[2025-04-23T14:10:53.520+0700] {logging_mixin.py:190} INFO - [2025-04-23T14:10:53.519+0700] {dag.py:4180} INFO - Setting next_dagrun for data_pipeline_v01 to 2025-04-22 00:00:00+00:00, run_after=2025-04-23 00:00:00+00:00
[2025-04-23T14:10:53.587+0700] {processor.py:208} INFO - Processing /home/minhle/mlops/dags/data_pipeline.py took 0.677 seconds
[2025-04-23T14:11:24.834+0700] {processor.py:186} INFO - Started process (PID=359655) to work on /home/minhle/mlops/dags/data_pipeline.py
[2025-04-23T14:11:24.834+0700] {processor.py:914} INFO - Processing file /home/minhle/mlops/dags/data_pipeline.py for tasks to queue
[2025-04-23T14:11:24.835+0700] {logging_mixin.py:190} INFO - [2025-04-23T14:11:24.835+0700] {dagbag.py:588} INFO - Filling up the DagBag from /home/minhle/mlops/dags/data_pipeline.py
[2025-04-23T14:11:25.379+0700] {processor.py:925} INFO - DAG(s) 'data_pipeline_v01' retrieved from /home/minhle/mlops/dags/data_pipeline.py
[2025-04-23T14:11:25.385+0700] {logging_mixin.py:190} INFO - [2025-04-23T14:11:25.385+0700] {dag.py:3239} INFO - Sync 1 DAGs
[2025-04-23T14:11:25.392+0700] {logging_mixin.py:190} INFO - [2025-04-23T14:11:25.392+0700] {dag.py:4180} INFO - Setting next_dagrun for data_pipeline_v01 to 2025-04-22 00:00:00+00:00, run_after=2025-04-23 00:00:00+00:00
[2025-04-23T14:11:25.473+0700] {processor.py:208} INFO - Processing /home/minhle/mlops/dags/data_pipeline.py took 0.646 seconds
[2025-04-23T14:11:56.875+0700] {processor.py:186} INFO - Started process (PID=359741) to work on /home/minhle/mlops/dags/data_pipeline.py
[2025-04-23T14:11:56.883+0700] {processor.py:914} INFO - Processing file /home/minhle/mlops/dags/data_pipeline.py for tasks to queue
[2025-04-23T14:11:56.885+0700] {logging_mixin.py:190} INFO - [2025-04-23T14:11:56.884+0700] {dagbag.py:588} INFO - Filling up the DagBag from /home/minhle/mlops/dags/data_pipeline.py
[2025-04-23T14:11:57.448+0700] {processor.py:925} INFO - DAG(s) 'data_pipeline_v01' retrieved from /home/minhle/mlops/dags/data_pipeline.py
[2025-04-23T14:11:57.455+0700] {logging_mixin.py:190} INFO - [2025-04-23T14:11:57.454+0700] {dag.py:3239} INFO - Sync 1 DAGs
[2025-04-23T14:11:57.462+0700] {logging_mixin.py:190} INFO - [2025-04-23T14:11:57.462+0700] {dag.py:4180} INFO - Setting next_dagrun for data_pipeline_v01 to 2025-04-22 00:00:00+00:00, run_after=2025-04-23 00:00:00+00:00
[2025-04-23T14:11:57.530+0700] {processor.py:208} INFO - Processing /home/minhle/mlops/dags/data_pipeline.py took 0.660 seconds
[2025-04-23T14:12:28.461+0700] {processor.py:186} INFO - Started process (PID=359822) to work on /home/minhle/mlops/dags/data_pipeline.py
[2025-04-23T14:12:28.462+0700] {processor.py:914} INFO - Processing file /home/minhle/mlops/dags/data_pipeline.py for tasks to queue
[2025-04-23T14:12:28.463+0700] {logging_mixin.py:190} INFO - [2025-04-23T14:12:28.462+0700] {dagbag.py:588} INFO - Filling up the DagBag from /home/minhle/mlops/dags/data_pipeline.py
[2025-04-23T14:12:29.022+0700] {processor.py:925} INFO - DAG(s) 'data_pipeline_v01' retrieved from /home/minhle/mlops/dags/data_pipeline.py
[2025-04-23T14:12:29.029+0700] {logging_mixin.py:190} INFO - [2025-04-23T14:12:29.029+0700] {dag.py:3239} INFO - Sync 1 DAGs
[2025-04-23T14:12:29.036+0700] {logging_mixin.py:190} INFO - [2025-04-23T14:12:29.036+0700] {dag.py:4180} INFO - Setting next_dagrun for data_pipeline_v01 to 2025-04-22 00:00:00+00:00, run_after=2025-04-23 00:00:00+00:00
[2025-04-23T14:12:29.105+0700] {processor.py:208} INFO - Processing /home/minhle/mlops/dags/data_pipeline.py took 0.650 seconds
[2025-04-23T14:13:01.639+0700] {processor.py:186} INFO - Started process (PID=359902) to work on /home/minhle/mlops/dags/data_pipeline.py
[2025-04-23T14:13:01.648+0700] {processor.py:914} INFO - Processing file /home/minhle/mlops/dags/data_pipeline.py for tasks to queue
[2025-04-23T14:13:01.650+0700] {logging_mixin.py:190} INFO - [2025-04-23T14:13:01.649+0700] {dagbag.py:588} INFO - Filling up the DagBag from /home/minhle/mlops/dags/data_pipeline.py
[2025-04-23T14:13:02.208+0700] {processor.py:925} INFO - DAG(s) 'data_pipeline_v01' retrieved from /home/minhle/mlops/dags/data_pipeline.py
[2025-04-23T14:13:02.216+0700] {logging_mixin.py:190} INFO - [2025-04-23T14:13:02.216+0700] {dag.py:3239} INFO - Sync 1 DAGs
[2025-04-23T14:13:02.222+0700] {logging_mixin.py:190} INFO - [2025-04-23T14:13:02.222+0700] {dag.py:4180} INFO - Setting next_dagrun for data_pipeline_v01 to 2025-04-22 00:00:00+00:00, run_after=2025-04-23 00:00:00+00:00
[2025-04-23T14:13:02.293+0700] {processor.py:208} INFO - Processing /home/minhle/mlops/dags/data_pipeline.py took 0.659 seconds
[2025-04-23T14:13:33.467+0700] {processor.py:186} INFO - Started process (PID=359993) to work on /home/minhle/mlops/dags/data_pipeline.py
[2025-04-23T14:13:33.468+0700] {processor.py:914} INFO - Processing file /home/minhle/mlops/dags/data_pipeline.py for tasks to queue
[2025-04-23T14:13:33.468+0700] {logging_mixin.py:190} INFO - [2025-04-23T14:13:33.468+0700] {dagbag.py:588} INFO - Filling up the DagBag from /home/minhle/mlops/dags/data_pipeline.py
[2025-04-23T14:13:34.012+0700] {processor.py:925} INFO - DAG(s) 'data_pipeline_v01' retrieved from /home/minhle/mlops/dags/data_pipeline.py
[2025-04-23T14:13:34.019+0700] {logging_mixin.py:190} INFO - [2025-04-23T14:13:34.019+0700] {dag.py:3239} INFO - Sync 1 DAGs
[2025-04-23T14:13:34.026+0700] {logging_mixin.py:190} INFO - [2025-04-23T14:13:34.025+0700] {dag.py:4180} INFO - Setting next_dagrun for data_pipeline_v01 to 2025-04-22 00:00:00+00:00, run_after=2025-04-23 00:00:00+00:00
[2025-04-23T14:13:34.096+0700] {processor.py:208} INFO - Processing /home/minhle/mlops/dags/data_pipeline.py took 0.635 seconds
[2025-04-23T14:14:05.294+0700] {processor.py:186} INFO - Started process (PID=360101) to work on /home/minhle/mlops/dags/data_pipeline.py
[2025-04-23T14:14:05.312+0700] {processor.py:914} INFO - Processing file /home/minhle/mlops/dags/data_pipeline.py for tasks to queue
[2025-04-23T14:14:05.315+0700] {logging_mixin.py:190} INFO - [2025-04-23T14:14:05.314+0700] {dagbag.py:588} INFO - Filling up the DagBag from /home/minhle/mlops/dags/data_pipeline.py
[2025-04-23T14:14:05.893+0700] {processor.py:925} INFO - DAG(s) 'data_pipeline_v01' retrieved from /home/minhle/mlops/dags/data_pipeline.py
[2025-04-23T14:14:05.900+0700] {logging_mixin.py:190} INFO - [2025-04-23T14:14:05.899+0700] {dag.py:3239} INFO - Sync 1 DAGs
[2025-04-23T14:14:05.906+0700] {logging_mixin.py:190} INFO - [2025-04-23T14:14:05.906+0700] {dag.py:4180} INFO - Setting next_dagrun for data_pipeline_v01 to 2025-04-22 00:00:00+00:00, run_after=2025-04-23 00:00:00+00:00
[2025-04-23T14:14:05.973+0700] {processor.py:208} INFO - Processing /home/minhle/mlops/dags/data_pipeline.py took 0.684 seconds
[2025-04-23T14:14:36.571+0700] {processor.py:186} INFO - Started process (PID=360203) to work on /home/minhle/mlops/dags/data_pipeline.py
[2025-04-23T14:14:36.572+0700] {processor.py:914} INFO - Processing file /home/minhle/mlops/dags/data_pipeline.py for tasks to queue
[2025-04-23T14:14:36.573+0700] {logging_mixin.py:190} INFO - [2025-04-23T14:14:36.572+0700] {dagbag.py:588} INFO - Filling up the DagBag from /home/minhle/mlops/dags/data_pipeline.py
[2025-04-23T14:14:37.126+0700] {processor.py:925} INFO - DAG(s) 'data_pipeline_v01' retrieved from /home/minhle/mlops/dags/data_pipeline.py
[2025-04-23T14:14:37.132+0700] {logging_mixin.py:190} INFO - [2025-04-23T14:14:37.132+0700] {dag.py:3239} INFO - Sync 1 DAGs
[2025-04-23T14:14:37.139+0700] {logging_mixin.py:190} INFO - [2025-04-23T14:14:37.139+0700] {dag.py:4180} INFO - Setting next_dagrun for data_pipeline_v01 to 2025-04-22 00:00:00+00:00, run_after=2025-04-23 00:00:00+00:00
[2025-04-23T14:14:37.242+0700] {processor.py:208} INFO - Processing /home/minhle/mlops/dags/data_pipeline.py took 0.677 seconds
[2025-04-23T14:15:09.341+0700] {processor.py:186} INFO - Started process (PID=360283) to work on /home/minhle/mlops/dags/data_pipeline.py
[2025-04-23T14:15:09.347+0700] {processor.py:914} INFO - Processing file /home/minhle/mlops/dags/data_pipeline.py for tasks to queue
[2025-04-23T14:15:09.348+0700] {logging_mixin.py:190} INFO - [2025-04-23T14:15:09.348+0700] {dagbag.py:588} INFO - Filling up the DagBag from /home/minhle/mlops/dags/data_pipeline.py
[2025-04-23T14:15:09.896+0700] {processor.py:925} INFO - DAG(s) 'data_pipeline_v01' retrieved from /home/minhle/mlops/dags/data_pipeline.py
[2025-04-23T14:15:09.902+0700] {logging_mixin.py:190} INFO - [2025-04-23T14:15:09.902+0700] {dag.py:3239} INFO - Sync 1 DAGs
[2025-04-23T14:15:09.910+0700] {logging_mixin.py:190} INFO - [2025-04-23T14:15:09.909+0700] {dag.py:4180} INFO - Setting next_dagrun for data_pipeline_v01 to 2025-04-22 00:00:00+00:00, run_after=2025-04-23 00:00:00+00:00
[2025-04-23T14:15:09.976+0700] {processor.py:208} INFO - Processing /home/minhle/mlops/dags/data_pipeline.py took 0.638 seconds
[2025-04-23T14:15:40.102+0700] {processor.py:186} INFO - Started process (PID=360364) to work on /home/minhle/mlops/dags/data_pipeline.py
[2025-04-23T14:15:40.103+0700] {processor.py:914} INFO - Processing file /home/minhle/mlops/dags/data_pipeline.py for tasks to queue
[2025-04-23T14:15:40.103+0700] {logging_mixin.py:190} INFO - [2025-04-23T14:15:40.103+0700] {dagbag.py:588} INFO - Filling up the DagBag from /home/minhle/mlops/dags/data_pipeline.py
[2025-04-23T14:15:40.665+0700] {processor.py:925} INFO - DAG(s) 'data_pipeline_v01' retrieved from /home/minhle/mlops/dags/data_pipeline.py
[2025-04-23T14:15:40.672+0700] {logging_mixin.py:190} INFO - [2025-04-23T14:15:40.672+0700] {dag.py:3239} INFO - Sync 1 DAGs
[2025-04-23T14:15:40.679+0700] {logging_mixin.py:190} INFO - [2025-04-23T14:15:40.679+0700] {dag.py:4180} INFO - Setting next_dagrun for data_pipeline_v01 to 2025-04-22 00:00:00+00:00, run_after=2025-04-23 00:00:00+00:00
[2025-04-23T14:15:40.744+0700] {processor.py:208} INFO - Processing /home/minhle/mlops/dags/data_pipeline.py took 0.648 seconds
[2025-04-23T14:16:12.883+0700] {processor.py:186} INFO - Started process (PID=360456) to work on /home/minhle/mlops/dags/data_pipeline.py
[2025-04-23T14:16:12.901+0700] {processor.py:914} INFO - Processing file /home/minhle/mlops/dags/data_pipeline.py for tasks to queue
[2025-04-23T14:16:12.904+0700] {logging_mixin.py:190} INFO - [2025-04-23T14:16:12.903+0700] {dagbag.py:588} INFO - Filling up the DagBag from /home/minhle/mlops/dags/data_pipeline.py
[2025-04-23T14:16:13.448+0700] {processor.py:925} INFO - DAG(s) 'data_pipeline_v01' retrieved from /home/minhle/mlops/dags/data_pipeline.py
[2025-04-23T14:16:13.455+0700] {logging_mixin.py:190} INFO - [2025-04-23T14:16:13.455+0700] {dag.py:3239} INFO - Sync 1 DAGs
[2025-04-23T14:16:13.462+0700] {logging_mixin.py:190} INFO - [2025-04-23T14:16:13.462+0700] {dag.py:4180} INFO - Setting next_dagrun for data_pipeline_v01 to 2025-04-22 00:00:00+00:00, run_after=2025-04-23 00:00:00+00:00
[2025-04-23T14:16:13.527+0700] {processor.py:208} INFO - Processing /home/minhle/mlops/dags/data_pipeline.py took 0.651 seconds
[2025-04-23T14:16:44.633+0700] {processor.py:186} INFO - Started process (PID=360539) to work on /home/minhle/mlops/dags/data_pipeline.py
[2025-04-23T14:16:44.634+0700] {processor.py:914} INFO - Processing file /home/minhle/mlops/dags/data_pipeline.py for tasks to queue
[2025-04-23T14:16:44.634+0700] {logging_mixin.py:190} INFO - [2025-04-23T14:16:44.634+0700] {dagbag.py:588} INFO - Filling up the DagBag from /home/minhle/mlops/dags/data_pipeline.py
[2025-04-23T14:16:45.183+0700] {processor.py:925} INFO - DAG(s) 'data_pipeline_v01' retrieved from /home/minhle/mlops/dags/data_pipeline.py
[2025-04-23T14:16:45.189+0700] {logging_mixin.py:190} INFO - [2025-04-23T14:16:45.189+0700] {dag.py:3239} INFO - Sync 1 DAGs
[2025-04-23T14:16:45.196+0700] {logging_mixin.py:190} INFO - [2025-04-23T14:16:45.196+0700] {dag.py:4180} INFO - Setting next_dagrun for data_pipeline_v01 to 2025-04-22 00:00:00+00:00, run_after=2025-04-23 00:00:00+00:00
[2025-04-23T14:16:45.279+0700] {processor.py:208} INFO - Processing /home/minhle/mlops/dags/data_pipeline.py took 0.649 seconds
[2025-04-23T14:17:16.159+0700] {processor.py:186} INFO - Started process (PID=360623) to work on /home/minhle/mlops/dags/data_pipeline.py
[2025-04-23T14:17:16.168+0700] {processor.py:914} INFO - Processing file /home/minhle/mlops/dags/data_pipeline.py for tasks to queue
[2025-04-23T14:17:16.170+0700] {logging_mixin.py:190} INFO - [2025-04-23T14:17:16.169+0700] {dagbag.py:588} INFO - Filling up the DagBag from /home/minhle/mlops/dags/data_pipeline.py
[2025-04-23T14:17:16.714+0700] {processor.py:925} INFO - DAG(s) 'data_pipeline_v01' retrieved from /home/minhle/mlops/dags/data_pipeline.py
[2025-04-23T14:17:16.720+0700] {logging_mixin.py:190} INFO - [2025-04-23T14:17:16.720+0700] {dag.py:3239} INFO - Sync 1 DAGs
[2025-04-23T14:17:16.727+0700] {logging_mixin.py:190} INFO - [2025-04-23T14:17:16.727+0700] {dag.py:4180} INFO - Setting next_dagrun for data_pipeline_v01 to 2025-04-22 00:00:00+00:00, run_after=2025-04-23 00:00:00+00:00
[2025-04-23T14:17:16.788+0700] {processor.py:208} INFO - Processing /home/minhle/mlops/dags/data_pipeline.py took 0.635 seconds
[2025-04-23T14:17:47.937+0700] {processor.py:186} INFO - Started process (PID=360703) to work on /home/minhle/mlops/dags/data_pipeline.py
[2025-04-23T14:17:47.938+0700] {processor.py:914} INFO - Processing file /home/minhle/mlops/dags/data_pipeline.py for tasks to queue
[2025-04-23T14:17:47.941+0700] {logging_mixin.py:190} INFO - [2025-04-23T14:17:47.940+0700] {dagbag.py:588} INFO - Filling up the DagBag from /home/minhle/mlops/dags/data_pipeline.py
[2025-04-23T14:17:48.492+0700] {processor.py:925} INFO - DAG(s) 'data_pipeline_v01' retrieved from /home/minhle/mlops/dags/data_pipeline.py
[2025-04-23T14:17:48.499+0700] {logging_mixin.py:190} INFO - [2025-04-23T14:17:48.499+0700] {dag.py:3239} INFO - Sync 1 DAGs
[2025-04-23T14:17:48.505+0700] {logging_mixin.py:190} INFO - [2025-04-23T14:17:48.505+0700] {dag.py:4180} INFO - Setting next_dagrun for data_pipeline_v01 to 2025-04-22 00:00:00+00:00, run_after=2025-04-23 00:00:00+00:00
[2025-04-23T14:17:48.599+0700] {processor.py:208} INFO - Processing /home/minhle/mlops/dags/data_pipeline.py took 0.669 seconds
[2025-04-23T14:18:20.037+0700] {processor.py:186} INFO - Started process (PID=360794) to work on /home/minhle/mlops/dags/data_pipeline.py
[2025-04-23T14:18:20.039+0700] {processor.py:914} INFO - Processing file /home/minhle/mlops/dags/data_pipeline.py for tasks to queue
[2025-04-23T14:18:20.040+0700] {logging_mixin.py:190} INFO - [2025-04-23T14:18:20.040+0700] {dagbag.py:588} INFO - Filling up the DagBag from /home/minhle/mlops/dags/data_pipeline.py
[2025-04-23T14:18:20.586+0700] {processor.py:925} INFO - DAG(s) 'data_pipeline_v01' retrieved from /home/minhle/mlops/dags/data_pipeline.py
[2025-04-23T14:18:20.593+0700] {logging_mixin.py:190} INFO - [2025-04-23T14:18:20.593+0700] {dag.py:3239} INFO - Sync 1 DAGs
[2025-04-23T14:18:20.600+0700] {logging_mixin.py:190} INFO - [2025-04-23T14:18:20.600+0700] {dag.py:4180} INFO - Setting next_dagrun for data_pipeline_v01 to 2025-04-22 00:00:00+00:00, run_after=2025-04-23 00:00:00+00:00
[2025-04-23T14:18:20.894+0700] {processor.py:208} INFO - Processing /home/minhle/mlops/dags/data_pipeline.py took 0.864 seconds
[2025-04-23T14:18:52.336+0700] {processor.py:186} INFO - Started process (PID=360875) to work on /home/minhle/mlops/dags/data_pipeline.py
[2025-04-23T14:18:52.348+0700] {processor.py:914} INFO - Processing file /home/minhle/mlops/dags/data_pipeline.py for tasks to queue
[2025-04-23T14:18:52.351+0700] {logging_mixin.py:190} INFO - [2025-04-23T14:18:52.351+0700] {dagbag.py:588} INFO - Filling up the DagBag from /home/minhle/mlops/dags/data_pipeline.py
[2025-04-23T14:18:52.911+0700] {processor.py:925} INFO - DAG(s) 'data_pipeline_v01' retrieved from /home/minhle/mlops/dags/data_pipeline.py
[2025-04-23T14:18:52.918+0700] {logging_mixin.py:190} INFO - [2025-04-23T14:18:52.918+0700] {dag.py:3239} INFO - Sync 1 DAGs
[2025-04-23T14:18:52.925+0700] {logging_mixin.py:190} INFO - [2025-04-23T14:18:52.925+0700] {dag.py:4180} INFO - Setting next_dagrun for data_pipeline_v01 to 2025-04-22 00:00:00+00:00, run_after=2025-04-23 00:00:00+00:00
[2025-04-23T14:18:52.993+0700] {processor.py:208} INFO - Processing /home/minhle/mlops/dags/data_pipeline.py took 0.662 seconds
[2025-04-23T14:19:23.939+0700] {processor.py:186} INFO - Started process (PID=361066) to work on /home/minhle/mlops/dags/data_pipeline.py
[2025-04-23T14:19:23.939+0700] {processor.py:914} INFO - Processing file /home/minhle/mlops/dags/data_pipeline.py for tasks to queue
[2025-04-23T14:19:23.940+0700] {logging_mixin.py:190} INFO - [2025-04-23T14:19:23.939+0700] {dagbag.py:588} INFO - Filling up the DagBag from /home/minhle/mlops/dags/data_pipeline.py
[2025-04-23T14:19:24.487+0700] {processor.py:925} INFO - DAG(s) 'data_pipeline_v01' retrieved from /home/minhle/mlops/dags/data_pipeline.py
[2025-04-23T14:19:24.494+0700] {logging_mixin.py:190} INFO - [2025-04-23T14:19:24.494+0700] {dag.py:3239} INFO - Sync 1 DAGs
[2025-04-23T14:19:24.500+0700] {logging_mixin.py:190} INFO - [2025-04-23T14:19:24.500+0700] {dag.py:4180} INFO - Setting next_dagrun for data_pipeline_v01 to 2025-04-22 00:00:00+00:00, run_after=2025-04-23 00:00:00+00:00
[2025-04-23T14:19:24.633+0700] {processor.py:208} INFO - Processing /home/minhle/mlops/dags/data_pipeline.py took 0.699 seconds
[2025-04-23T14:19:56.591+0700] {processor.py:186} INFO - Started process (PID=361217) to work on /home/minhle/mlops/dags/data_pipeline.py
[2025-04-23T14:19:56.841+0700] {processor.py:914} INFO - Processing file /home/minhle/mlops/dags/data_pipeline.py for tasks to queue
[2025-04-23T14:19:56.844+0700] {logging_mixin.py:190} INFO - [2025-04-23T14:19:56.843+0700] {dagbag.py:588} INFO - Filling up the DagBag from /home/minhle/mlops/dags/data_pipeline.py
[2025-04-23T14:19:57.461+0700] {processor.py:925} INFO - DAG(s) 'data_pipeline_v01' retrieved from /home/minhle/mlops/dags/data_pipeline.py
[2025-04-23T14:19:57.469+0700] {logging_mixin.py:190} INFO - [2025-04-23T14:19:57.469+0700] {dag.py:3239} INFO - Sync 1 DAGs
[2025-04-23T14:19:57.476+0700] {logging_mixin.py:190} INFO - [2025-04-23T14:19:57.476+0700] {dag.py:4180} INFO - Setting next_dagrun for data_pipeline_v01 to 2025-04-22 00:00:00+00:00, run_after=2025-04-23 00:00:00+00:00
[2025-04-23T14:19:57.595+0700] {processor.py:208} INFO - Processing /home/minhle/mlops/dags/data_pipeline.py took 1.011 seconds
[2025-04-23T14:20:29.542+0700] {processor.py:186} INFO - Started process (PID=361344) to work on /home/minhle/mlops/dags/data_pipeline.py
[2025-04-23T14:20:29.543+0700] {processor.py:914} INFO - Processing file /home/minhle/mlops/dags/data_pipeline.py for tasks to queue
[2025-04-23T14:20:29.543+0700] {logging_mixin.py:190} INFO - [2025-04-23T14:20:29.543+0700] {dagbag.py:588} INFO - Filling up the DagBag from /home/minhle/mlops/dags/data_pipeline.py
[2025-04-23T14:20:30.125+0700] {processor.py:925} INFO - DAG(s) 'data_pipeline_v01' retrieved from /home/minhle/mlops/dags/data_pipeline.py
[2025-04-23T14:20:30.133+0700] {logging_mixin.py:190} INFO - [2025-04-23T14:20:30.133+0700] {dag.py:3239} INFO - Sync 1 DAGs
[2025-04-23T14:20:30.140+0700] {logging_mixin.py:190} INFO - [2025-04-23T14:20:30.140+0700] {dag.py:4180} INFO - Setting next_dagrun for data_pipeline_v01 to 2025-04-22 00:00:00+00:00, run_after=2025-04-23 00:00:00+00:00
[2025-04-23T14:20:30.209+0700] {processor.py:208} INFO - Processing /home/minhle/mlops/dags/data_pipeline.py took 0.673 seconds
[2025-04-23T14:21:01.469+0700] {processor.py:186} INFO - Started process (PID=361434) to work on /home/minhle/mlops/dags/data_pipeline.py
[2025-04-23T14:21:01.471+0700] {processor.py:914} INFO - Processing file /home/minhle/mlops/dags/data_pipeline.py for tasks to queue
[2025-04-23T14:21:01.473+0700] {logging_mixin.py:190} INFO - [2025-04-23T14:21:01.473+0700] {dagbag.py:588} INFO - Filling up the DagBag from /home/minhle/mlops/dags/data_pipeline.py
[2025-04-23T14:21:02.026+0700] {processor.py:925} INFO - DAG(s) 'data_pipeline_v01' retrieved from /home/minhle/mlops/dags/data_pipeline.py
[2025-04-23T14:21:02.033+0700] {logging_mixin.py:190} INFO - [2025-04-23T14:21:02.032+0700] {dag.py:3239} INFO - Sync 1 DAGs
[2025-04-23T14:21:02.039+0700] {logging_mixin.py:190} INFO - [2025-04-23T14:21:02.039+0700] {dag.py:4180} INFO - Setting next_dagrun for data_pipeline_v01 to 2025-04-22 00:00:00+00:00, run_after=2025-04-23 00:00:00+00:00
[2025-04-23T14:21:02.175+0700] {processor.py:208} INFO - Processing /home/minhle/mlops/dags/data_pipeline.py took 0.712 seconds
[2025-04-23T14:21:33.349+0700] {processor.py:186} INFO - Started process (PID=361514) to work on /home/minhle/mlops/dags/data_pipeline.py
[2025-04-23T14:21:33.350+0700] {processor.py:914} INFO - Processing file /home/minhle/mlops/dags/data_pipeline.py for tasks to queue
[2025-04-23T14:21:33.351+0700] {logging_mixin.py:190} INFO - [2025-04-23T14:21:33.351+0700] {dagbag.py:588} INFO - Filling up the DagBag from /home/minhle/mlops/dags/data_pipeline.py
[2025-04-23T14:21:33.915+0700] {processor.py:925} INFO - DAG(s) 'data_pipeline_v01' retrieved from /home/minhle/mlops/dags/data_pipeline.py
[2025-04-23T14:21:33.921+0700] {logging_mixin.py:190} INFO - [2025-04-23T14:21:33.921+0700] {dag.py:3239} INFO - Sync 1 DAGs
[2025-04-23T14:21:33.928+0700] {logging_mixin.py:190} INFO - [2025-04-23T14:21:33.928+0700] {dag.py:4180} INFO - Setting next_dagrun for data_pipeline_v01 to 2025-04-22 00:00:00+00:00, run_after=2025-04-23 00:00:00+00:00
[2025-04-23T14:21:33.991+0700] {processor.py:208} INFO - Processing /home/minhle/mlops/dags/data_pipeline.py took 0.647 seconds
[2025-04-23T14:22:05.200+0700] {processor.py:186} INFO - Started process (PID=361596) to work on /home/minhle/mlops/dags/data_pipeline.py
[2025-04-23T14:22:05.201+0700] {processor.py:914} INFO - Processing file /home/minhle/mlops/dags/data_pipeline.py for tasks to queue
[2025-04-23T14:22:05.202+0700] {logging_mixin.py:190} INFO - [2025-04-23T14:22:05.201+0700] {dagbag.py:588} INFO - Filling up the DagBag from /home/minhle/mlops/dags/data_pipeline.py
[2025-04-23T14:22:05.767+0700] {processor.py:925} INFO - DAG(s) 'data_pipeline_v01' retrieved from /home/minhle/mlops/dags/data_pipeline.py
[2025-04-23T14:22:05.774+0700] {logging_mixin.py:190} INFO - [2025-04-23T14:22:05.774+0700] {dag.py:3239} INFO - Sync 1 DAGs
[2025-04-23T14:22:05.781+0700] {logging_mixin.py:190} INFO - [2025-04-23T14:22:05.781+0700] {dag.py:4180} INFO - Setting next_dagrun for data_pipeline_v01 to 2025-04-22 00:00:00+00:00, run_after=2025-04-23 00:00:00+00:00
[2025-04-23T14:22:05.850+0700] {processor.py:208} INFO - Processing /home/minhle/mlops/dags/data_pipeline.py took 0.654 seconds
[2025-04-23T14:22:37.526+0700] {processor.py:186} INFO - Started process (PID=361677) to work on /home/minhle/mlops/dags/data_pipeline.py
[2025-04-23T14:22:37.529+0700] {processor.py:914} INFO - Processing file /home/minhle/mlops/dags/data_pipeline.py for tasks to queue
[2025-04-23T14:22:37.531+0700] {logging_mixin.py:190} INFO - [2025-04-23T14:22:37.530+0700] {dagbag.py:588} INFO - Filling up the DagBag from /home/minhle/mlops/dags/data_pipeline.py
[2025-04-23T14:22:38.078+0700] {processor.py:925} INFO - DAG(s) 'data_pipeline_v01' retrieved from /home/minhle/mlops/dags/data_pipeline.py
[2025-04-23T14:22:38.085+0700] {logging_mixin.py:190} INFO - [2025-04-23T14:22:38.085+0700] {dag.py:3239} INFO - Sync 1 DAGs
[2025-04-23T14:22:38.092+0700] {logging_mixin.py:190} INFO - [2025-04-23T14:22:38.092+0700] {dag.py:4180} INFO - Setting next_dagrun for data_pipeline_v01 to 2025-04-22 00:00:00+00:00, run_after=2025-04-23 00:00:00+00:00
[2025-04-23T14:22:38.178+0700] {processor.py:208} INFO - Processing /home/minhle/mlops/dags/data_pipeline.py took 0.658 seconds
[2025-04-23T14:23:08.553+0700] {processor.py:186} INFO - Started process (PID=361791) to work on /home/minhle/mlops/dags/data_pipeline.py
[2025-04-23T14:23:08.553+0700] {processor.py:914} INFO - Processing file /home/minhle/mlops/dags/data_pipeline.py for tasks to queue
[2025-04-23T14:23:08.554+0700] {logging_mixin.py:190} INFO - [2025-04-23T14:23:08.554+0700] {dagbag.py:588} INFO - Filling up the DagBag from /home/minhle/mlops/dags/data_pipeline.py
[2025-04-23T14:23:09.112+0700] {processor.py:925} INFO - DAG(s) 'data_pipeline_v01' retrieved from /home/minhle/mlops/dags/data_pipeline.py
[2025-04-23T14:23:09.119+0700] {logging_mixin.py:190} INFO - [2025-04-23T14:23:09.118+0700] {dag.py:3239} INFO - Sync 1 DAGs
[2025-04-23T14:23:09.125+0700] {logging_mixin.py:190} INFO - [2025-04-23T14:23:09.125+0700] {dag.py:4180} INFO - Setting next_dagrun for data_pipeline_v01 to 2025-04-22 00:00:00+00:00, run_after=2025-04-23 00:00:00+00:00
[2025-04-23T14:23:09.193+0700] {processor.py:208} INFO - Processing /home/minhle/mlops/dags/data_pipeline.py took 0.644 seconds
[2025-04-23T14:23:41.203+0700] {processor.py:186} INFO - Started process (PID=361993) to work on /home/minhle/mlops/dags/data_pipeline.py
[2025-04-23T14:23:41.213+0700] {processor.py:914} INFO - Processing file /home/minhle/mlops/dags/data_pipeline.py for tasks to queue
[2025-04-23T14:23:41.215+0700] {logging_mixin.py:190} INFO - [2025-04-23T14:23:41.214+0700] {dagbag.py:588} INFO - Filling up the DagBag from /home/minhle/mlops/dags/data_pipeline.py
[2025-04-23T14:23:41.773+0700] {processor.py:925} INFO - DAG(s) 'data_pipeline_v01' retrieved from /home/minhle/mlops/dags/data_pipeline.py
[2025-04-23T14:23:41.779+0700] {logging_mixin.py:190} INFO - [2025-04-23T14:23:41.779+0700] {dag.py:3239} INFO - Sync 1 DAGs
[2025-04-23T14:23:41.786+0700] {logging_mixin.py:190} INFO - [2025-04-23T14:23:41.786+0700] {dag.py:4180} INFO - Setting next_dagrun for data_pipeline_v01 to 2025-04-22 00:00:00+00:00, run_after=2025-04-23 00:00:00+00:00
[2025-04-23T14:23:41.855+0700] {processor.py:208} INFO - Processing /home/minhle/mlops/dags/data_pipeline.py took 0.656 seconds
[2025-04-23T14:24:13.665+0700] {processor.py:186} INFO - Started process (PID=362104) to work on /home/minhle/mlops/dags/data_pipeline.py
[2025-04-23T14:24:13.666+0700] {processor.py:914} INFO - Processing file /home/minhle/mlops/dags/data_pipeline.py for tasks to queue
[2025-04-23T14:24:13.666+0700] {logging_mixin.py:190} INFO - [2025-04-23T14:24:13.666+0700] {dagbag.py:588} INFO - Filling up the DagBag from /home/minhle/mlops/dags/data_pipeline.py
[2025-04-23T14:24:14.224+0700] {processor.py:925} INFO - DAG(s) 'data_pipeline_v01' retrieved from /home/minhle/mlops/dags/data_pipeline.py
[2025-04-23T14:24:14.231+0700] {logging_mixin.py:190} INFO - [2025-04-23T14:24:14.231+0700] {dag.py:3239} INFO - Sync 1 DAGs
[2025-04-23T14:24:14.238+0700] {logging_mixin.py:190} INFO - [2025-04-23T14:24:14.238+0700] {dag.py:4180} INFO - Setting next_dagrun for data_pipeline_v01 to 2025-04-22 00:00:00+00:00, run_after=2025-04-23 00:00:00+00:00
[2025-04-23T14:24:14.306+0700] {processor.py:208} INFO - Processing /home/minhle/mlops/dags/data_pipeline.py took 0.644 seconds
[2025-04-23T14:24:45.680+0700] {processor.py:186} INFO - Started process (PID=362194) to work on /home/minhle/mlops/dags/data_pipeline.py
[2025-04-23T14:24:45.681+0700] {processor.py:914} INFO - Processing file /home/minhle/mlops/dags/data_pipeline.py for tasks to queue
[2025-04-23T14:24:45.683+0700] {logging_mixin.py:190} INFO - [2025-04-23T14:24:45.682+0700] {dagbag.py:588} INFO - Filling up the DagBag from /home/minhle/mlops/dags/data_pipeline.py
[2025-04-23T14:24:46.255+0700] {processor.py:925} INFO - DAG(s) 'data_pipeline_v01' retrieved from /home/minhle/mlops/dags/data_pipeline.py
[2025-04-23T14:24:46.262+0700] {logging_mixin.py:190} INFO - [2025-04-23T14:24:46.261+0700] {dag.py:3239} INFO - Sync 1 DAGs
[2025-04-23T14:24:46.269+0700] {logging_mixin.py:190} INFO - [2025-04-23T14:24:46.269+0700] {dag.py:4180} INFO - Setting next_dagrun for data_pipeline_v01 to 2025-04-22 00:00:00+00:00, run_after=2025-04-23 00:00:00+00:00
[2025-04-23T14:24:46.343+0700] {processor.py:208} INFO - Processing /home/minhle/mlops/dags/data_pipeline.py took 0.669 seconds
[2025-04-23T14:25:16.582+0700] {processor.py:186} INFO - Started process (PID=362274) to work on /home/minhle/mlops/dags/data_pipeline.py
[2025-04-23T14:25:16.583+0700] {processor.py:914} INFO - Processing file /home/minhle/mlops/dags/data_pipeline.py for tasks to queue
[2025-04-23T14:25:16.583+0700] {logging_mixin.py:190} INFO - [2025-04-23T14:25:16.583+0700] {dagbag.py:588} INFO - Filling up the DagBag from /home/minhle/mlops/dags/data_pipeline.py
[2025-04-23T14:25:17.159+0700] {processor.py:925} INFO - DAG(s) 'data_pipeline_v01' retrieved from /home/minhle/mlops/dags/data_pipeline.py
[2025-04-23T14:25:17.166+0700] {logging_mixin.py:190} INFO - [2025-04-23T14:25:17.165+0700] {dag.py:3239} INFO - Sync 1 DAGs
[2025-04-23T14:25:17.173+0700] {logging_mixin.py:190} INFO - [2025-04-23T14:25:17.173+0700] {dag.py:4180} INFO - Setting next_dagrun for data_pipeline_v01 to 2025-04-22 00:00:00+00:00, run_after=2025-04-23 00:00:00+00:00
[2025-04-23T14:25:17.240+0700] {processor.py:208} INFO - Processing /home/minhle/mlops/dags/data_pipeline.py took 0.662 seconds
[2025-04-23T14:25:48.343+0700] {processor.py:186} INFO - Started process (PID=362378) to work on /home/minhle/mlops/dags/data_pipeline.py
[2025-04-23T14:25:48.349+0700] {processor.py:914} INFO - Processing file /home/minhle/mlops/dags/data_pipeline.py for tasks to queue
[2025-04-23T14:25:48.350+0700] {logging_mixin.py:190} INFO - [2025-04-23T14:25:48.350+0700] {dagbag.py:588} INFO - Filling up the DagBag from /home/minhle/mlops/dags/data_pipeline.py
[2025-04-23T14:25:48.914+0700] {processor.py:925} INFO - DAG(s) 'data_pipeline_v01' retrieved from /home/minhle/mlops/dags/data_pipeline.py
[2025-04-23T14:25:48.921+0700] {logging_mixin.py:190} INFO - [2025-04-23T14:25:48.921+0700] {dag.py:3239} INFO - Sync 1 DAGs
[2025-04-23T14:25:48.928+0700] {logging_mixin.py:190} INFO - [2025-04-23T14:25:48.928+0700] {dag.py:4180} INFO - Setting next_dagrun for data_pipeline_v01 to 2025-04-22 00:00:00+00:00, run_after=2025-04-23 00:00:00+00:00
[2025-04-23T14:25:49.000+0700] {processor.py:208} INFO - Processing /home/minhle/mlops/dags/data_pipeline.py took 0.662 seconds
[2025-04-23T14:26:20.870+0700] {processor.py:186} INFO - Started process (PID=362460) to work on /home/minhle/mlops/dags/data_pipeline.py
[2025-04-23T14:26:20.870+0700] {processor.py:914} INFO - Processing file /home/minhle/mlops/dags/data_pipeline.py for tasks to queue
[2025-04-23T14:26:20.871+0700] {logging_mixin.py:190} INFO - [2025-04-23T14:26:20.870+0700] {dagbag.py:588} INFO - Filling up the DagBag from /home/minhle/mlops/dags/data_pipeline.py
[2025-04-23T14:26:21.420+0700] {processor.py:925} INFO - DAG(s) 'data_pipeline_v01' retrieved from /home/minhle/mlops/dags/data_pipeline.py
[2025-04-23T14:26:21.427+0700] {logging_mixin.py:190} INFO - [2025-04-23T14:26:21.426+0700] {dag.py:3239} INFO - Sync 1 DAGs
[2025-04-23T14:26:21.433+0700] {logging_mixin.py:190} INFO - [2025-04-23T14:26:21.433+0700] {dag.py:4180} INFO - Setting next_dagrun for data_pipeline_v01 to 2025-04-22 00:00:00+00:00, run_after=2025-04-23 00:00:00+00:00
[2025-04-23T14:26:21.516+0700] {processor.py:208} INFO - Processing /home/minhle/mlops/dags/data_pipeline.py took 0.653 seconds
[2025-04-23T14:26:52.716+0700] {processor.py:186} INFO - Started process (PID=362559) to work on /home/minhle/mlops/dags/data_pipeline.py
[2025-04-23T14:26:52.717+0700] {processor.py:914} INFO - Processing file /home/minhle/mlops/dags/data_pipeline.py for tasks to queue
[2025-04-23T14:26:52.718+0700] {logging_mixin.py:190} INFO - [2025-04-23T14:26:52.717+0700] {dagbag.py:588} INFO - Filling up the DagBag from /home/minhle/mlops/dags/data_pipeline.py
[2025-04-23T14:26:53.279+0700] {processor.py:925} INFO - DAG(s) 'data_pipeline_v01' retrieved from /home/minhle/mlops/dags/data_pipeline.py
[2025-04-23T14:26:53.286+0700] {logging_mixin.py:190} INFO - [2025-04-23T14:26:53.286+0700] {dag.py:3239} INFO - Sync 1 DAGs
[2025-04-23T14:26:53.292+0700] {logging_mixin.py:190} INFO - [2025-04-23T14:26:53.292+0700] {dag.py:4180} INFO - Setting next_dagrun for data_pipeline_v01 to 2025-04-22 00:00:00+00:00, run_after=2025-04-23 00:00:00+00:00
[2025-04-23T14:26:53.359+0700] {processor.py:208} INFO - Processing /home/minhle/mlops/dags/data_pipeline.py took 0.648 seconds
[2025-04-23T14:27:24.415+0700] {processor.py:186} INFO - Started process (PID=362644) to work on /home/minhle/mlops/dags/data_pipeline.py
[2025-04-23T14:27:24.415+0700] {processor.py:914} INFO - Processing file /home/minhle/mlops/dags/data_pipeline.py for tasks to queue
[2025-04-23T14:27:24.416+0700] {logging_mixin.py:190} INFO - [2025-04-23T14:27:24.416+0700] {dagbag.py:588} INFO - Filling up the DagBag from /home/minhle/mlops/dags/data_pipeline.py
[2025-04-23T14:27:24.956+0700] {processor.py:925} INFO - DAG(s) 'data_pipeline_v01' retrieved from /home/minhle/mlops/dags/data_pipeline.py
[2025-04-23T14:27:24.962+0700] {logging_mixin.py:190} INFO - [2025-04-23T14:27:24.962+0700] {dag.py:3239} INFO - Sync 1 DAGs
[2025-04-23T14:27:24.969+0700] {logging_mixin.py:190} INFO - [2025-04-23T14:27:24.969+0700] {dag.py:4180} INFO - Setting next_dagrun for data_pipeline_v01 to 2025-04-22 00:00:00+00:00, run_after=2025-04-23 00:00:00+00:00
[2025-04-23T14:27:25.047+0700] {processor.py:208} INFO - Processing /home/minhle/mlops/dags/data_pipeline.py took 0.639 seconds
[2025-04-23T14:27:56.265+0700] {processor.py:186} INFO - Started process (PID=362734) to work on /home/minhle/mlops/dags/data_pipeline.py
[2025-04-23T14:27:56.275+0700] {processor.py:914} INFO - Processing file /home/minhle/mlops/dags/data_pipeline.py for tasks to queue
[2025-04-23T14:27:56.278+0700] {logging_mixin.py:190} INFO - [2025-04-23T14:27:56.277+0700] {dagbag.py:588} INFO - Filling up the DagBag from /home/minhle/mlops/dags/data_pipeline.py
[2025-04-23T14:27:56.827+0700] {processor.py:925} INFO - DAG(s) 'data_pipeline_v01' retrieved from /home/minhle/mlops/dags/data_pipeline.py
[2025-04-23T14:27:56.833+0700] {logging_mixin.py:190} INFO - [2025-04-23T14:27:56.833+0700] {dag.py:3239} INFO - Sync 1 DAGs
[2025-04-23T14:27:56.841+0700] {logging_mixin.py:190} INFO - [2025-04-23T14:27:56.840+0700] {dag.py:4180} INFO - Setting next_dagrun for data_pipeline_v01 to 2025-04-22 00:00:00+00:00, run_after=2025-04-23 00:00:00+00:00
[2025-04-23T14:27:56.930+0700] {processor.py:208} INFO - Processing /home/minhle/mlops/dags/data_pipeline.py took 0.670 seconds
[2025-04-23T14:28:28.036+0700] {processor.py:186} INFO - Started process (PID=362818) to work on /home/minhle/mlops/dags/data_pipeline.py
[2025-04-23T14:28:28.037+0700] {processor.py:914} INFO - Processing file /home/minhle/mlops/dags/data_pipeline.py for tasks to queue
[2025-04-23T14:28:28.037+0700] {logging_mixin.py:190} INFO - [2025-04-23T14:28:28.037+0700] {dagbag.py:588} INFO - Filling up the DagBag from /home/minhle/mlops/dags/data_pipeline.py
[2025-04-23T14:28:28.580+0700] {processor.py:925} INFO - DAG(s) 'data_pipeline_v01' retrieved from /home/minhle/mlops/dags/data_pipeline.py
[2025-04-23T14:28:28.587+0700] {logging_mixin.py:190} INFO - [2025-04-23T14:28:28.587+0700] {dag.py:3239} INFO - Sync 1 DAGs
[2025-04-23T14:28:28.594+0700] {logging_mixin.py:190} INFO - [2025-04-23T14:28:28.594+0700] {dag.py:4180} INFO - Setting next_dagrun for data_pipeline_v01 to 2025-04-22 00:00:00+00:00, run_after=2025-04-23 00:00:00+00:00
[2025-04-23T14:28:28.670+0700] {processor.py:208} INFO - Processing /home/minhle/mlops/dags/data_pipeline.py took 0.640 seconds
[2025-04-23T14:28:59.810+0700] {processor.py:186} INFO - Started process (PID=362902) to work on /home/minhle/mlops/dags/data_pipeline.py
[2025-04-23T14:28:59.822+0700] {processor.py:914} INFO - Processing file /home/minhle/mlops/dags/data_pipeline.py for tasks to queue
[2025-04-23T14:28:59.824+0700] {logging_mixin.py:190} INFO - [2025-04-23T14:28:59.823+0700] {dagbag.py:588} INFO - Filling up the DagBag from /home/minhle/mlops/dags/data_pipeline.py
[2025-04-23T14:29:00.395+0700] {processor.py:925} INFO - DAG(s) 'data_pipeline_v01' retrieved from /home/minhle/mlops/dags/data_pipeline.py
[2025-04-23T14:29:00.402+0700] {logging_mixin.py:190} INFO - [2025-04-23T14:29:00.402+0700] {dag.py:3239} INFO - Sync 1 DAGs
[2025-04-23T14:29:00.409+0700] {logging_mixin.py:190} INFO - [2025-04-23T14:29:00.409+0700] {dag.py:4180} INFO - Setting next_dagrun for data_pipeline_v01 to 2025-04-22 00:00:00+00:00, run_after=2025-04-23 00:00:00+00:00
[2025-04-23T14:29:00.493+0700] {processor.py:208} INFO - Processing /home/minhle/mlops/dags/data_pipeline.py took 0.687 seconds
[2025-04-23T14:29:31.421+0700] {processor.py:186} INFO - Started process (PID=363007) to work on /home/minhle/mlops/dags/data_pipeline.py
[2025-04-23T14:29:31.422+0700] {processor.py:914} INFO - Processing file /home/minhle/mlops/dags/data_pipeline.py for tasks to queue
[2025-04-23T14:29:31.423+0700] {logging_mixin.py:190} INFO - [2025-04-23T14:29:31.422+0700] {dagbag.py:588} INFO - Filling up the DagBag from /home/minhle/mlops/dags/data_pipeline.py
[2025-04-23T14:29:31.964+0700] {processor.py:925} INFO - DAG(s) 'data_pipeline_v01' retrieved from /home/minhle/mlops/dags/data_pipeline.py
[2025-04-23T14:29:31.971+0700] {logging_mixin.py:190} INFO - [2025-04-23T14:29:31.971+0700] {dag.py:3239} INFO - Sync 1 DAGs
[2025-04-23T14:29:31.977+0700] {logging_mixin.py:190} INFO - [2025-04-23T14:29:31.977+0700] {dag.py:4180} INFO - Setting next_dagrun for data_pipeline_v01 to 2025-04-22 00:00:00+00:00, run_after=2025-04-23 00:00:00+00:00
[2025-04-23T14:29:32.058+0700] {processor.py:208} INFO - Processing /home/minhle/mlops/dags/data_pipeline.py took 0.642 seconds
[2025-04-23T14:30:03.290+0700] {processor.py:186} INFO - Started process (PID=363089) to work on /home/minhle/mlops/dags/data_pipeline.py
[2025-04-23T14:30:03.290+0700] {processor.py:914} INFO - Processing file /home/minhle/mlops/dags/data_pipeline.py for tasks to queue
[2025-04-23T14:30:03.291+0700] {logging_mixin.py:190} INFO - [2025-04-23T14:30:03.291+0700] {dagbag.py:588} INFO - Filling up the DagBag from /home/minhle/mlops/dags/data_pipeline.py
[2025-04-23T14:30:03.836+0700] {processor.py:925} INFO - DAG(s) 'data_pipeline_v01' retrieved from /home/minhle/mlops/dags/data_pipeline.py
[2025-04-23T14:30:03.842+0700] {logging_mixin.py:190} INFO - [2025-04-23T14:30:03.842+0700] {dag.py:3239} INFO - Sync 1 DAGs
[2025-04-23T14:30:03.849+0700] {logging_mixin.py:190} INFO - [2025-04-23T14:30:03.849+0700] {dag.py:4180} INFO - Setting next_dagrun for data_pipeline_v01 to 2025-04-22 00:00:00+00:00, run_after=2025-04-23 00:00:00+00:00
[2025-04-23T14:30:03.933+0700] {processor.py:208} INFO - Processing /home/minhle/mlops/dags/data_pipeline.py took 0.648 seconds
[2025-04-23T14:30:35.391+0700] {processor.py:186} INFO - Started process (PID=363315) to work on /home/minhle/mlops/dags/data_pipeline.py
[2025-04-23T14:30:35.400+0700] {processor.py:914} INFO - Processing file /home/minhle/mlops/dags/data_pipeline.py for tasks to queue
[2025-04-23T14:30:35.402+0700] {logging_mixin.py:190} INFO - [2025-04-23T14:30:35.401+0700] {dagbag.py:588} INFO - Filling up the DagBag from /home/minhle/mlops/dags/data_pipeline.py
[2025-04-23T14:30:36.010+0700] {processor.py:925} INFO - DAG(s) 'data_pipeline_v01' retrieved from /home/minhle/mlops/dags/data_pipeline.py
[2025-04-23T14:30:36.017+0700] {logging_mixin.py:190} INFO - [2025-04-23T14:30:36.017+0700] {dag.py:3239} INFO - Sync 1 DAGs
[2025-04-23T14:30:36.025+0700] {logging_mixin.py:190} INFO - [2025-04-23T14:30:36.024+0700] {dag.py:4180} INFO - Setting next_dagrun for data_pipeline_v01 to 2025-04-22 00:00:00+00:00, run_after=2025-04-23 00:00:00+00:00
[2025-04-23T14:30:36.089+0700] {processor.py:208} INFO - Processing /home/minhle/mlops/dags/data_pipeline.py took 0.708 seconds
[2025-04-23T14:31:07.257+0700] {processor.py:186} INFO - Started process (PID=363418) to work on /home/minhle/mlops/dags/data_pipeline.py
[2025-04-23T14:31:07.258+0700] {processor.py:914} INFO - Processing file /home/minhle/mlops/dags/data_pipeline.py for tasks to queue
[2025-04-23T14:31:07.259+0700] {logging_mixin.py:190} INFO - [2025-04-23T14:31:07.259+0700] {dagbag.py:588} INFO - Filling up the DagBag from /home/minhle/mlops/dags/data_pipeline.py
[2025-04-23T14:31:07.866+0700] {processor.py:925} INFO - DAG(s) 'data_pipeline_v01' retrieved from /home/minhle/mlops/dags/data_pipeline.py
[2025-04-23T14:31:07.874+0700] {logging_mixin.py:190} INFO - [2025-04-23T14:31:07.874+0700] {dag.py:3239} INFO - Sync 1 DAGs
[2025-04-23T14:31:07.881+0700] {logging_mixin.py:190} INFO - [2025-04-23T14:31:07.881+0700] {dag.py:4180} INFO - Setting next_dagrun for data_pipeline_v01 to 2025-04-22 00:00:00+00:00, run_after=2025-04-23 00:00:00+00:00
[2025-04-23T14:31:07.956+0700] {processor.py:208} INFO - Processing /home/minhle/mlops/dags/data_pipeline.py took 0.703 seconds
[2025-04-23T14:31:39.355+0700] {processor.py:186} INFO - Started process (PID=363546) to work on /home/minhle/mlops/dags/data_pipeline.py
[2025-04-23T14:31:39.355+0700] {processor.py:914} INFO - Processing file /home/minhle/mlops/dags/data_pipeline.py for tasks to queue
[2025-04-23T14:31:39.357+0700] {logging_mixin.py:190} INFO - [2025-04-23T14:31:39.356+0700] {dagbag.py:588} INFO - Filling up the DagBag from /home/minhle/mlops/dags/data_pipeline.py
[2025-04-23T14:31:39.934+0700] {processor.py:925} INFO - DAG(s) 'data_pipeline_v01' retrieved from /home/minhle/mlops/dags/data_pipeline.py
[2025-04-23T14:31:39.941+0700] {logging_mixin.py:190} INFO - [2025-04-23T14:31:39.941+0700] {dag.py:3239} INFO - Sync 1 DAGs
[2025-04-23T14:31:39.948+0700] {logging_mixin.py:190} INFO - [2025-04-23T14:31:39.948+0700] {dag.py:4180} INFO - Setting next_dagrun for data_pipeline_v01 to 2025-04-22 00:00:00+00:00, run_after=2025-04-23 00:00:00+00:00
[2025-04-23T14:31:40.008+0700] {processor.py:208} INFO - Processing /home/minhle/mlops/dags/data_pipeline.py took 0.658 seconds
[2025-04-23T14:32:11.264+0700] {processor.py:186} INFO - Started process (PID=363779) to work on /home/minhle/mlops/dags/data_pipeline.py
[2025-04-23T14:32:11.265+0700] {processor.py:914} INFO - Processing file /home/minhle/mlops/dags/data_pipeline.py for tasks to queue
[2025-04-23T14:32:11.265+0700] {logging_mixin.py:190} INFO - [2025-04-23T14:32:11.265+0700] {dagbag.py:588} INFO - Filling up the DagBag from /home/minhle/mlops/dags/data_pipeline.py
[2025-04-23T14:32:11.930+0700] {processor.py:925} INFO - DAG(s) 'data_pipeline_v01' retrieved from /home/minhle/mlops/dags/data_pipeline.py
[2025-04-23T14:32:11.939+0700] {logging_mixin.py:190} INFO - [2025-04-23T14:32:11.938+0700] {dag.py:3239} INFO - Sync 1 DAGs
[2025-04-23T14:32:11.946+0700] {logging_mixin.py:190} INFO - [2025-04-23T14:32:11.946+0700] {dag.py:4180} INFO - Setting next_dagrun for data_pipeline_v01 to 2025-04-22 00:00:00+00:00, run_after=2025-04-23 00:00:00+00:00
[2025-04-23T14:32:12.029+0700] {processor.py:208} INFO - Processing /home/minhle/mlops/dags/data_pipeline.py took 0.770 seconds
[2025-04-23T14:32:42.630+0700] {processor.py:186} INFO - Started process (PID=363921) to work on /home/minhle/mlops/dags/data_pipeline.py
[2025-04-23T14:32:42.631+0700] {processor.py:914} INFO - Processing file /home/minhle/mlops/dags/data_pipeline.py for tasks to queue
[2025-04-23T14:32:42.632+0700] {logging_mixin.py:190} INFO - [2025-04-23T14:32:42.632+0700] {dagbag.py:588} INFO - Filling up the DagBag from /home/minhle/mlops/dags/data_pipeline.py
[2025-04-23T14:32:43.193+0700] {processor.py:925} INFO - DAG(s) 'data_pipeline_v01' retrieved from /home/minhle/mlops/dags/data_pipeline.py
[2025-04-23T14:32:43.200+0700] {logging_mixin.py:190} INFO - [2025-04-23T14:32:43.200+0700] {dag.py:3239} INFO - Sync 1 DAGs
[2025-04-23T14:32:43.207+0700] {logging_mixin.py:190} INFO - [2025-04-23T14:32:43.207+0700] {dag.py:4180} INFO - Setting next_dagrun for data_pipeline_v01 to 2025-04-22 00:00:00+00:00, run_after=2025-04-23 00:00:00+00:00
[2025-04-23T14:32:43.293+0700] {processor.py:208} INFO - Processing /home/minhle/mlops/dags/data_pipeline.py took 0.667 seconds
[2025-04-23T14:33:14.064+0700] {processor.py:186} INFO - Started process (PID=364001) to work on /home/minhle/mlops/dags/data_pipeline.py
[2025-04-23T14:33:14.064+0700] {processor.py:914} INFO - Processing file /home/minhle/mlops/dags/data_pipeline.py for tasks to queue
[2025-04-23T14:33:14.065+0700] {logging_mixin.py:190} INFO - [2025-04-23T14:33:14.065+0700] {dagbag.py:588} INFO - Filling up the DagBag from /home/minhle/mlops/dags/data_pipeline.py
[2025-04-23T14:33:14.631+0700] {processor.py:925} INFO - DAG(s) 'data_pipeline_v01' retrieved from /home/minhle/mlops/dags/data_pipeline.py
[2025-04-23T14:33:14.638+0700] {logging_mixin.py:190} INFO - [2025-04-23T14:33:14.638+0700] {dag.py:3239} INFO - Sync 1 DAGs
[2025-04-23T14:33:14.645+0700] {logging_mixin.py:190} INFO - [2025-04-23T14:33:14.645+0700] {dag.py:4180} INFO - Setting next_dagrun for data_pipeline_v01 to 2025-04-22 00:00:00+00:00, run_after=2025-04-23 00:00:00+00:00
[2025-04-23T14:33:14.722+0700] {processor.py:208} INFO - Processing /home/minhle/mlops/dags/data_pipeline.py took 0.664 seconds
[2025-04-23T14:33:46.000+0700] {processor.py:186} INFO - Started process (PID=364129) to work on /home/minhle/mlops/dags/data_pipeline.py
[2025-04-23T14:33:46.001+0700] {processor.py:914} INFO - Processing file /home/minhle/mlops/dags/data_pipeline.py for tasks to queue
[2025-04-23T14:33:46.002+0700] {logging_mixin.py:190} INFO - [2025-04-23T14:33:46.002+0700] {dagbag.py:588} INFO - Filling up the DagBag from /home/minhle/mlops/dags/data_pipeline.py
[2025-04-23T14:33:46.586+0700] {processor.py:925} INFO - DAG(s) 'data_pipeline_v01' retrieved from /home/minhle/mlops/dags/data_pipeline.py
[2025-04-23T14:33:46.593+0700] {logging_mixin.py:190} INFO - [2025-04-23T14:33:46.593+0700] {dag.py:3239} INFO - Sync 1 DAGs
[2025-04-23T14:33:46.600+0700] {logging_mixin.py:190} INFO - [2025-04-23T14:33:46.600+0700] {dag.py:4180} INFO - Setting next_dagrun for data_pipeline_v01 to 2025-04-22 00:00:00+00:00, run_after=2025-04-23 00:00:00+00:00
[2025-04-23T14:33:46.684+0700] {processor.py:208} INFO - Processing /home/minhle/mlops/dags/data_pipeline.py took 0.692 seconds
[2025-04-23T14:34:18.632+0700] {processor.py:186} INFO - Started process (PID=364237) to work on /home/minhle/mlops/dags/data_pipeline.py
[2025-04-23T14:34:18.633+0700] {processor.py:914} INFO - Processing file /home/minhle/mlops/dags/data_pipeline.py for tasks to queue
[2025-04-23T14:34:18.634+0700] {logging_mixin.py:190} INFO - [2025-04-23T14:34:18.633+0700] {dagbag.py:588} INFO - Filling up the DagBag from /home/minhle/mlops/dags/data_pipeline.py
[2025-04-23T14:34:19.247+0700] {processor.py:925} INFO - DAG(s) 'data_pipeline_v01' retrieved from /home/minhle/mlops/dags/data_pipeline.py
[2025-04-23T14:34:19.254+0700] {logging_mixin.py:190} INFO - [2025-04-23T14:34:19.253+0700] {dag.py:3239} INFO - Sync 1 DAGs
[2025-04-23T14:34:19.261+0700] {logging_mixin.py:190} INFO - [2025-04-23T14:34:19.261+0700] {dag.py:4180} INFO - Setting next_dagrun for data_pipeline_v01 to 2025-04-22 00:00:00+00:00, run_after=2025-04-23 00:00:00+00:00
[2025-04-23T14:34:19.324+0700] {processor.py:208} INFO - Processing /home/minhle/mlops/dags/data_pipeline.py took 0.696 seconds
[2025-04-23T14:34:50.493+0700] {processor.py:186} INFO - Started process (PID=364327) to work on /home/minhle/mlops/dags/data_pipeline.py
[2025-04-23T14:34:50.494+0700] {processor.py:914} INFO - Processing file /home/minhle/mlops/dags/data_pipeline.py for tasks to queue
[2025-04-23T14:34:50.494+0700] {logging_mixin.py:190} INFO - [2025-04-23T14:34:50.494+0700] {dagbag.py:588} INFO - Filling up the DagBag from /home/minhle/mlops/dags/data_pipeline.py
[2025-04-23T14:34:51.048+0700] {processor.py:925} INFO - DAG(s) 'data_pipeline_v01' retrieved from /home/minhle/mlops/dags/data_pipeline.py
[2025-04-23T14:34:51.055+0700] {logging_mixin.py:190} INFO - [2025-04-23T14:34:51.055+0700] {dag.py:3239} INFO - Sync 1 DAGs
[2025-04-23T14:34:51.062+0700] {logging_mixin.py:190} INFO - [2025-04-23T14:34:51.062+0700] {dag.py:4180} INFO - Setting next_dagrun for data_pipeline_v01 to 2025-04-22 00:00:00+00:00, run_after=2025-04-23 00:00:00+00:00
[2025-04-23T14:34:51.145+0700] {processor.py:208} INFO - Processing /home/minhle/mlops/dags/data_pipeline.py took 0.658 seconds
[2025-04-23T14:35:22.536+0700] {processor.py:186} INFO - Started process (PID=364409) to work on /home/minhle/mlops/dags/data_pipeline.py
[2025-04-23T14:35:22.537+0700] {processor.py:914} INFO - Processing file /home/minhle/mlops/dags/data_pipeline.py for tasks to queue
[2025-04-23T14:35:22.538+0700] {logging_mixin.py:190} INFO - [2025-04-23T14:35:22.538+0700] {dagbag.py:588} INFO - Filling up the DagBag from /home/minhle/mlops/dags/data_pipeline.py
[2025-04-23T14:35:23.113+0700] {processor.py:925} INFO - DAG(s) 'data_pipeline_v01' retrieved from /home/minhle/mlops/dags/data_pipeline.py
[2025-04-23T14:35:23.121+0700] {logging_mixin.py:190} INFO - [2025-04-23T14:35:23.121+0700] {dag.py:3239} INFO - Sync 1 DAGs
[2025-04-23T14:35:23.128+0700] {logging_mixin.py:190} INFO - [2025-04-23T14:35:23.127+0700] {dag.py:4180} INFO - Setting next_dagrun for data_pipeline_v01 to 2025-04-22 00:00:00+00:00, run_after=2025-04-23 00:00:00+00:00
[2025-04-23T14:35:23.366+0700] {processor.py:208} INFO - Processing /home/minhle/mlops/dags/data_pipeline.py took 0.835 seconds
[2025-04-23T14:35:54.556+0700] {processor.py:186} INFO - Started process (PID=364613) to work on /home/minhle/mlops/dags/data_pipeline.py
[2025-04-23T14:35:54.557+0700] {processor.py:914} INFO - Processing file /home/minhle/mlops/dags/data_pipeline.py for tasks to queue
[2025-04-23T14:35:54.558+0700] {logging_mixin.py:190} INFO - [2025-04-23T14:35:54.557+0700] {dagbag.py:588} INFO - Filling up the DagBag from /home/minhle/mlops/dags/data_pipeline.py
[2025-04-23T14:35:55.218+0700] {processor.py:925} INFO - DAG(s) 'data_pipeline_v01' retrieved from /home/minhle/mlops/dags/data_pipeline.py
[2025-04-23T14:35:55.226+0700] {logging_mixin.py:190} INFO - [2025-04-23T14:35:55.226+0700] {dag.py:3239} INFO - Sync 1 DAGs
[2025-04-23T14:35:55.233+0700] {logging_mixin.py:190} INFO - [2025-04-23T14:35:55.233+0700] {dag.py:4180} INFO - Setting next_dagrun for data_pipeline_v01 to 2025-04-22 00:00:00+00:00, run_after=2025-04-23 00:00:00+00:00
[2025-04-23T14:35:55.340+0700] {processor.py:208} INFO - Processing /home/minhle/mlops/dags/data_pipeline.py took 0.786 seconds
[2025-04-23T14:36:26.503+0700] {processor.py:186} INFO - Started process (PID=364704) to work on /home/minhle/mlops/dags/data_pipeline.py
[2025-04-23T14:36:26.511+0700] {processor.py:914} INFO - Processing file /home/minhle/mlops/dags/data_pipeline.py for tasks to queue
[2025-04-23T14:36:26.513+0700] {logging_mixin.py:190} INFO - [2025-04-23T14:36:26.512+0700] {dagbag.py:588} INFO - Filling up the DagBag from /home/minhle/mlops/dags/data_pipeline.py
[2025-04-23T14:36:27.104+0700] {processor.py:925} INFO - DAG(s) 'data_pipeline_v01' retrieved from /home/minhle/mlops/dags/data_pipeline.py
[2025-04-23T14:36:27.112+0700] {logging_mixin.py:190} INFO - [2025-04-23T14:36:27.112+0700] {dag.py:3239} INFO - Sync 1 DAGs
[2025-04-23T14:36:27.119+0700] {logging_mixin.py:190} INFO - [2025-04-23T14:36:27.119+0700] {dag.py:4180} INFO - Setting next_dagrun for data_pipeline_v01 to 2025-04-22 00:00:00+00:00, run_after=2025-04-23 00:00:00+00:00
[2025-04-23T14:36:27.208+0700] {processor.py:208} INFO - Processing /home/minhle/mlops/dags/data_pipeline.py took 0.709 seconds
[2025-04-23T14:36:58.446+0700] {processor.py:186} INFO - Started process (PID=364788) to work on /home/minhle/mlops/dags/data_pipeline.py
[2025-04-23T14:36:58.447+0700] {processor.py:914} INFO - Processing file /home/minhle/mlops/dags/data_pipeline.py for tasks to queue
[2025-04-23T14:36:58.449+0700] {logging_mixin.py:190} INFO - [2025-04-23T14:36:58.448+0700] {dagbag.py:588} INFO - Filling up the DagBag from /home/minhle/mlops/dags/data_pipeline.py
[2025-04-23T14:36:59.017+0700] {processor.py:925} INFO - DAG(s) 'data_pipeline_v01' retrieved from /home/minhle/mlops/dags/data_pipeline.py
[2025-04-23T14:36:59.024+0700] {logging_mixin.py:190} INFO - [2025-04-23T14:36:59.024+0700] {dag.py:3239} INFO - Sync 1 DAGs
[2025-04-23T14:36:59.031+0700] {logging_mixin.py:190} INFO - [2025-04-23T14:36:59.031+0700] {dag.py:4180} INFO - Setting next_dagrun for data_pipeline_v01 to 2025-04-22 00:00:00+00:00, run_after=2025-04-23 00:00:00+00:00
[2025-04-23T14:36:59.118+0700] {processor.py:208} INFO - Processing /home/minhle/mlops/dags/data_pipeline.py took 0.679 seconds
[2025-04-23T14:37:30.999+0700] {processor.py:186} INFO - Started process (PID=364903) to work on /home/minhle/mlops/dags/data_pipeline.py
[2025-04-23T14:37:31.000+0700] {processor.py:914} INFO - Processing file /home/minhle/mlops/dags/data_pipeline.py for tasks to queue
[2025-04-23T14:37:31.001+0700] {logging_mixin.py:190} INFO - [2025-04-23T14:37:31.000+0700] {dagbag.py:588} INFO - Filling up the DagBag from /home/minhle/mlops/dags/data_pipeline.py
[2025-04-23T14:37:31.562+0700] {processor.py:925} INFO - DAG(s) 'data_pipeline_v01' retrieved from /home/minhle/mlops/dags/data_pipeline.py
[2025-04-23T14:37:31.569+0700] {logging_mixin.py:190} INFO - [2025-04-23T14:37:31.569+0700] {dag.py:3239} INFO - Sync 1 DAGs
[2025-04-23T14:37:31.576+0700] {logging_mixin.py:190} INFO - [2025-04-23T14:37:31.576+0700] {dag.py:4180} INFO - Setting next_dagrun for data_pipeline_v01 to 2025-04-22 00:00:00+00:00, run_after=2025-04-23 00:00:00+00:00
[2025-04-23T14:37:31.661+0700] {processor.py:208} INFO - Processing /home/minhle/mlops/dags/data_pipeline.py took 0.665 seconds
[2025-04-23T14:38:02.190+0700] {processor.py:186} INFO - Started process (PID=365049) to work on /home/minhle/mlops/dags/data_pipeline.py
[2025-04-23T14:38:02.190+0700] {processor.py:914} INFO - Processing file /home/minhle/mlops/dags/data_pipeline.py for tasks to queue
[2025-04-23T14:38:02.191+0700] {logging_mixin.py:190} INFO - [2025-04-23T14:38:02.190+0700] {dagbag.py:588} INFO - Filling up the DagBag from /home/minhle/mlops/dags/data_pipeline.py
[2025-04-23T14:38:02.832+0700] {processor.py:925} INFO - DAG(s) 'data_pipeline_v01' retrieved from /home/minhle/mlops/dags/data_pipeline.py
[2025-04-23T14:38:02.839+0700] {logging_mixin.py:190} INFO - [2025-04-23T14:38:02.839+0700] {dag.py:3239} INFO - Sync 1 DAGs
[2025-04-23T14:38:02.847+0700] {logging_mixin.py:190} INFO - [2025-04-23T14:38:02.847+0700] {dag.py:4180} INFO - Setting next_dagrun for data_pipeline_v01 to 2025-04-22 00:00:00+00:00, run_after=2025-04-23 00:00:00+00:00
[2025-04-23T14:38:02.911+0700] {processor.py:208} INFO - Processing /home/minhle/mlops/dags/data_pipeline.py took 0.725 seconds
[2025-04-23T14:38:34.469+0700] {processor.py:186} INFO - Started process (PID=365153) to work on /home/minhle/mlops/dags/data_pipeline.py
[2025-04-23T14:38:34.469+0700] {processor.py:914} INFO - Processing file /home/minhle/mlops/dags/data_pipeline.py for tasks to queue
[2025-04-23T14:38:34.470+0700] {logging_mixin.py:190} INFO - [2025-04-23T14:38:34.470+0700] {dagbag.py:588} INFO - Filling up the DagBag from /home/minhle/mlops/dags/data_pipeline.py
[2025-04-23T14:38:35.039+0700] {processor.py:925} INFO - DAG(s) 'data_pipeline_v01' retrieved from /home/minhle/mlops/dags/data_pipeline.py
[2025-04-23T14:38:35.046+0700] {logging_mixin.py:190} INFO - [2025-04-23T14:38:35.046+0700] {dag.py:3239} INFO - Sync 1 DAGs
[2025-04-23T14:38:35.052+0700] {logging_mixin.py:190} INFO - [2025-04-23T14:38:35.052+0700] {dag.py:4180} INFO - Setting next_dagrun for data_pipeline_v01 to 2025-04-22 00:00:00+00:00, run_after=2025-04-23 00:00:00+00:00
[2025-04-23T14:38:35.138+0700] {processor.py:208} INFO - Processing /home/minhle/mlops/dags/data_pipeline.py took 0.675 seconds
[2025-04-23T14:39:06.391+0700] {processor.py:186} INFO - Started process (PID=365314) to work on /home/minhle/mlops/dags/data_pipeline.py
[2025-04-23T14:39:06.391+0700] {processor.py:914} INFO - Processing file /home/minhle/mlops/dags/data_pipeline.py for tasks to queue
[2025-04-23T14:39:06.392+0700] {logging_mixin.py:190} INFO - [2025-04-23T14:39:06.391+0700] {dagbag.py:588} INFO - Filling up the DagBag from /home/minhle/mlops/dags/data_pipeline.py
[2025-04-23T14:39:06.942+0700] {processor.py:925} INFO - DAG(s) 'data_pipeline_v01' retrieved from /home/minhle/mlops/dags/data_pipeline.py
[2025-04-23T14:39:06.949+0700] {logging_mixin.py:190} INFO - [2025-04-23T14:39:06.948+0700] {dag.py:3239} INFO - Sync 1 DAGs
[2025-04-23T14:39:06.955+0700] {logging_mixin.py:190} INFO - [2025-04-23T14:39:06.955+0700] {dag.py:4180} INFO - Setting next_dagrun for data_pipeline_v01 to 2025-04-22 00:00:00+00:00, run_after=2025-04-23 00:00:00+00:00
[2025-04-23T14:39:07.027+0700] {processor.py:208} INFO - Processing /home/minhle/mlops/dags/data_pipeline.py took 0.642 seconds
[2025-04-23T14:39:38.301+0700] {processor.py:186} INFO - Started process (PID=365399) to work on /home/minhle/mlops/dags/data_pipeline.py
[2025-04-23T14:39:38.302+0700] {processor.py:914} INFO - Processing file /home/minhle/mlops/dags/data_pipeline.py for tasks to queue
[2025-04-23T14:39:38.303+0700] {logging_mixin.py:190} INFO - [2025-04-23T14:39:38.302+0700] {dagbag.py:588} INFO - Filling up the DagBag from /home/minhle/mlops/dags/data_pipeline.py
[2025-04-23T14:39:38.854+0700] {processor.py:925} INFO - DAG(s) 'data_pipeline_v01' retrieved from /home/minhle/mlops/dags/data_pipeline.py
[2025-04-23T14:39:38.861+0700] {logging_mixin.py:190} INFO - [2025-04-23T14:39:38.860+0700] {dag.py:3239} INFO - Sync 1 DAGs
[2025-04-23T14:39:38.867+0700] {logging_mixin.py:190} INFO - [2025-04-23T14:39:38.867+0700] {dag.py:4180} INFO - Setting next_dagrun for data_pipeline_v01 to 2025-04-22 00:00:00+00:00, run_after=2025-04-23 00:00:00+00:00
[2025-04-23T14:39:38.936+0700] {processor.py:208} INFO - Processing /home/minhle/mlops/dags/data_pipeline.py took 0.641 seconds
[2025-04-23T14:40:10.083+0700] {processor.py:186} INFO - Started process (PID=365489) to work on /home/minhle/mlops/dags/data_pipeline.py
[2025-04-23T14:40:10.084+0700] {processor.py:914} INFO - Processing file /home/minhle/mlops/dags/data_pipeline.py for tasks to queue
[2025-04-23T14:40:10.084+0700] {logging_mixin.py:190} INFO - [2025-04-23T14:40:10.084+0700] {dagbag.py:588} INFO - Filling up the DagBag from /home/minhle/mlops/dags/data_pipeline.py
[2025-04-23T14:40:10.638+0700] {processor.py:925} INFO - DAG(s) 'data_pipeline_v01' retrieved from /home/minhle/mlops/dags/data_pipeline.py
[2025-04-23T14:40:10.645+0700] {logging_mixin.py:190} INFO - [2025-04-23T14:40:10.644+0700] {dag.py:3239} INFO - Sync 1 DAGs
[2025-04-23T14:40:10.651+0700] {logging_mixin.py:190} INFO - [2025-04-23T14:40:10.651+0700] {dag.py:4180} INFO - Setting next_dagrun for data_pipeline_v01 to 2025-04-22 00:00:00+00:00, run_after=2025-04-23 00:00:00+00:00
[2025-04-23T14:40:10.741+0700] {processor.py:208} INFO - Processing /home/minhle/mlops/dags/data_pipeline.py took 0.663 seconds
[2025-04-23T14:40:41.877+0700] {processor.py:186} INFO - Started process (PID=365599) to work on /home/minhle/mlops/dags/data_pipeline.py
[2025-04-23T14:40:41.878+0700] {processor.py:914} INFO - Processing file /home/minhle/mlops/dags/data_pipeline.py for tasks to queue
[2025-04-23T14:40:41.879+0700] {logging_mixin.py:190} INFO - [2025-04-23T14:40:41.878+0700] {dagbag.py:588} INFO - Filling up the DagBag from /home/minhle/mlops/dags/data_pipeline.py
[2025-04-23T14:40:42.427+0700] {processor.py:925} INFO - DAG(s) 'data_pipeline_v01' retrieved from /home/minhle/mlops/dags/data_pipeline.py
[2025-04-23T14:40:42.433+0700] {logging_mixin.py:190} INFO - [2025-04-23T14:40:42.433+0700] {dag.py:3239} INFO - Sync 1 DAGs
[2025-04-23T14:40:42.440+0700] {logging_mixin.py:190} INFO - [2025-04-23T14:40:42.440+0700] {dag.py:4180} INFO - Setting next_dagrun for data_pipeline_v01 to 2025-04-22 00:00:00+00:00, run_after=2025-04-23 00:00:00+00:00
[2025-04-23T14:40:42.523+0700] {processor.py:208} INFO - Processing /home/minhle/mlops/dags/data_pipeline.py took 0.650 seconds
[2025-04-23T14:41:13.555+0700] {processor.py:186} INFO - Started process (PID=365681) to work on /home/minhle/mlops/dags/data_pipeline.py
[2025-04-23T14:41:13.556+0700] {processor.py:914} INFO - Processing file /home/minhle/mlops/dags/data_pipeline.py for tasks to queue
[2025-04-23T14:41:13.557+0700] {logging_mixin.py:190} INFO - [2025-04-23T14:41:13.556+0700] {dagbag.py:588} INFO - Filling up the DagBag from /home/minhle/mlops/dags/data_pipeline.py
[2025-04-23T14:41:14.126+0700] {processor.py:925} INFO - DAG(s) 'data_pipeline_v01' retrieved from /home/minhle/mlops/dags/data_pipeline.py
[2025-04-23T14:41:14.133+0700] {logging_mixin.py:190} INFO - [2025-04-23T14:41:14.132+0700] {dag.py:3239} INFO - Sync 1 DAGs
[2025-04-23T14:41:14.140+0700] {logging_mixin.py:190} INFO - [2025-04-23T14:41:14.139+0700] {dag.py:4180} INFO - Setting next_dagrun for data_pipeline_v01 to 2025-04-22 00:00:00+00:00, run_after=2025-04-23 00:00:00+00:00
[2025-04-23T14:41:14.215+0700] {processor.py:208} INFO - Processing /home/minhle/mlops/dags/data_pipeline.py took 0.665 seconds
[2025-04-23T14:41:45.229+0700] {processor.py:186} INFO - Started process (PID=365762) to work on /home/minhle/mlops/dags/data_pipeline.py
[2025-04-23T14:41:45.243+0700] {processor.py:914} INFO - Processing file /home/minhle/mlops/dags/data_pipeline.py for tasks to queue
[2025-04-23T14:41:45.247+0700] {logging_mixin.py:190} INFO - [2025-04-23T14:41:45.246+0700] {dagbag.py:588} INFO - Filling up the DagBag from /home/minhle/mlops/dags/data_pipeline.py
[2025-04-23T14:41:45.822+0700] {processor.py:925} INFO - DAG(s) 'data_pipeline_v01' retrieved from /home/minhle/mlops/dags/data_pipeline.py
[2025-04-23T14:41:45.830+0700] {logging_mixin.py:190} INFO - [2025-04-23T14:41:45.829+0700] {dag.py:3239} INFO - Sync 1 DAGs
[2025-04-23T14:41:45.836+0700] {logging_mixin.py:190} INFO - [2025-04-23T14:41:45.836+0700] {dag.py:4180} INFO - Setting next_dagrun for data_pipeline_v01 to 2025-04-22 00:00:00+00:00, run_after=2025-04-23 00:00:00+00:00
[2025-04-23T14:41:45.909+0700] {processor.py:208} INFO - Processing /home/minhle/mlops/dags/data_pipeline.py took 0.685 seconds
[2025-04-23T14:42:16.914+0700] {processor.py:186} INFO - Started process (PID=365843) to work on /home/minhle/mlops/dags/data_pipeline.py
[2025-04-23T14:42:16.914+0700] {processor.py:914} INFO - Processing file /home/minhle/mlops/dags/data_pipeline.py for tasks to queue
[2025-04-23T14:42:16.915+0700] {logging_mixin.py:190} INFO - [2025-04-23T14:42:16.915+0700] {dagbag.py:588} INFO - Filling up the DagBag from /home/minhle/mlops/dags/data_pipeline.py
[2025-04-23T14:42:17.471+0700] {processor.py:925} INFO - DAG(s) 'data_pipeline_v01' retrieved from /home/minhle/mlops/dags/data_pipeline.py
[2025-04-23T14:42:17.478+0700] {logging_mixin.py:190} INFO - [2025-04-23T14:42:17.478+0700] {dag.py:3239} INFO - Sync 1 DAGs
[2025-04-23T14:42:17.484+0700] {logging_mixin.py:190} INFO - [2025-04-23T14:42:17.484+0700] {dag.py:4180} INFO - Setting next_dagrun for data_pipeline_v01 to 2025-04-22 00:00:00+00:00, run_after=2025-04-23 00:00:00+00:00
[2025-04-23T14:42:17.571+0700] {processor.py:208} INFO - Processing /home/minhle/mlops/dags/data_pipeline.py took 0.662 seconds
[2025-04-23T14:42:48.604+0700] {processor.py:186} INFO - Started process (PID=365933) to work on /home/minhle/mlops/dags/data_pipeline.py
[2025-04-23T14:42:48.615+0700] {processor.py:914} INFO - Processing file /home/minhle/mlops/dags/data_pipeline.py for tasks to queue
[2025-04-23T14:42:48.617+0700] {logging_mixin.py:190} INFO - [2025-04-23T14:42:48.617+0700] {dagbag.py:588} INFO - Filling up the DagBag from /home/minhle/mlops/dags/data_pipeline.py
[2025-04-23T14:42:49.171+0700] {processor.py:925} INFO - DAG(s) 'data_pipeline_v01' retrieved from /home/minhle/mlops/dags/data_pipeline.py
[2025-04-23T14:42:49.178+0700] {logging_mixin.py:190} INFO - [2025-04-23T14:42:49.178+0700] {dag.py:3239} INFO - Sync 1 DAGs
[2025-04-23T14:42:49.185+0700] {logging_mixin.py:190} INFO - [2025-04-23T14:42:49.184+0700] {dag.py:4180} INFO - Setting next_dagrun for data_pipeline_v01 to 2025-04-22 00:00:00+00:00, run_after=2025-04-23 00:00:00+00:00
[2025-04-23T14:42:49.253+0700] {processor.py:208} INFO - Processing /home/minhle/mlops/dags/data_pipeline.py took 0.655 seconds
[2025-04-23T14:43:20.378+0700] {processor.py:186} INFO - Started process (PID=366013) to work on /home/minhle/mlops/dags/data_pipeline.py
[2025-04-23T14:43:20.379+0700] {processor.py:914} INFO - Processing file /home/minhle/mlops/dags/data_pipeline.py for tasks to queue
[2025-04-23T14:43:20.381+0700] {logging_mixin.py:190} INFO - [2025-04-23T14:43:20.380+0700] {dagbag.py:588} INFO - Filling up the DagBag from /home/minhle/mlops/dags/data_pipeline.py
[2025-04-23T14:43:20.931+0700] {processor.py:925} INFO - DAG(s) 'data_pipeline_v01' retrieved from /home/minhle/mlops/dags/data_pipeline.py
[2025-04-23T14:43:20.938+0700] {logging_mixin.py:190} INFO - [2025-04-23T14:43:20.938+0700] {dag.py:3239} INFO - Sync 1 DAGs
[2025-04-23T14:43:20.944+0700] {logging_mixin.py:190} INFO - [2025-04-23T14:43:20.944+0700] {dag.py:4180} INFO - Setting next_dagrun for data_pipeline_v01 to 2025-04-22 00:00:00+00:00, run_after=2025-04-23 00:00:00+00:00
[2025-04-23T14:43:21.010+0700] {processor.py:208} INFO - Processing /home/minhle/mlops/dags/data_pipeline.py took 0.637 seconds
[2025-04-23T14:43:52.155+0700] {processor.py:186} INFO - Started process (PID=366094) to work on /home/minhle/mlops/dags/data_pipeline.py
[2025-04-23T14:43:52.159+0700] {processor.py:914} INFO - Processing file /home/minhle/mlops/dags/data_pipeline.py for tasks to queue
[2025-04-23T14:43:52.161+0700] {logging_mixin.py:190} INFO - [2025-04-23T14:43:52.161+0700] {dagbag.py:588} INFO - Filling up the DagBag from /home/minhle/mlops/dags/data_pipeline.py
[2025-04-23T14:43:52.709+0700] {processor.py:925} INFO - DAG(s) 'data_pipeline_v01' retrieved from /home/minhle/mlops/dags/data_pipeline.py
[2025-04-23T14:43:52.716+0700] {logging_mixin.py:190} INFO - [2025-04-23T14:43:52.716+0700] {dag.py:3239} INFO - Sync 1 DAGs
[2025-04-23T14:43:52.723+0700] {logging_mixin.py:190} INFO - [2025-04-23T14:43:52.723+0700] {dag.py:4180} INFO - Setting next_dagrun for data_pipeline_v01 to 2025-04-22 00:00:00+00:00, run_after=2025-04-23 00:00:00+00:00
[2025-04-23T14:43:52.788+0700] {processor.py:208} INFO - Processing /home/minhle/mlops/dags/data_pipeline.py took 0.638 seconds
[2025-04-23T14:44:23.845+0700] {processor.py:186} INFO - Started process (PID=366258) to work on /home/minhle/mlops/dags/data_pipeline.py
[2025-04-23T14:44:23.846+0700] {processor.py:914} INFO - Processing file /home/minhle/mlops/dags/data_pipeline.py for tasks to queue
[2025-04-23T14:44:23.847+0700] {logging_mixin.py:190} INFO - [2025-04-23T14:44:23.847+0700] {dagbag.py:588} INFO - Filling up the DagBag from /home/minhle/mlops/dags/data_pipeline.py
[2025-04-23T14:44:24.405+0700] {processor.py:925} INFO - DAG(s) 'data_pipeline_v01' retrieved from /home/minhle/mlops/dags/data_pipeline.py
[2025-04-23T14:44:24.412+0700] {logging_mixin.py:190} INFO - [2025-04-23T14:44:24.412+0700] {dag.py:3239} INFO - Sync 1 DAGs
[2025-04-23T14:44:24.419+0700] {logging_mixin.py:190} INFO - [2025-04-23T14:44:24.419+0700] {dag.py:4180} INFO - Setting next_dagrun for data_pipeline_v01 to 2025-04-22 00:00:00+00:00, run_after=2025-04-23 00:00:00+00:00
[2025-04-23T14:44:24.486+0700] {processor.py:208} INFO - Processing /home/minhle/mlops/dags/data_pipeline.py took 0.651 seconds
[2025-04-23T14:44:55.615+0700] {processor.py:186} INFO - Started process (PID=366343) to work on /home/minhle/mlops/dags/data_pipeline.py
[2025-04-23T14:44:55.625+0700] {processor.py:914} INFO - Processing file /home/minhle/mlops/dags/data_pipeline.py for tasks to queue
[2025-04-23T14:44:55.628+0700] {logging_mixin.py:190} INFO - [2025-04-23T14:44:55.627+0700] {dagbag.py:588} INFO - Filling up the DagBag from /home/minhle/mlops/dags/data_pipeline.py
[2025-04-23T14:44:56.186+0700] {processor.py:925} INFO - DAG(s) 'data_pipeline_v01' retrieved from /home/minhle/mlops/dags/data_pipeline.py
[2025-04-23T14:44:56.194+0700] {logging_mixin.py:190} INFO - [2025-04-23T14:44:56.193+0700] {dag.py:3239} INFO - Sync 1 DAGs
[2025-04-23T14:44:56.200+0700] {logging_mixin.py:190} INFO - [2025-04-23T14:44:56.200+0700] {dag.py:4180} INFO - Setting next_dagrun for data_pipeline_v01 to 2025-04-22 00:00:00+00:00, run_after=2025-04-23 00:00:00+00:00
[2025-04-23T14:44:56.265+0700] {processor.py:208} INFO - Processing /home/minhle/mlops/dags/data_pipeline.py took 0.655 seconds
[2025-04-23T14:45:27.301+0700] {processor.py:186} INFO - Started process (PID=366469) to work on /home/minhle/mlops/dags/data_pipeline.py
[2025-04-23T14:45:27.302+0700] {processor.py:914} INFO - Processing file /home/minhle/mlops/dags/data_pipeline.py for tasks to queue
[2025-04-23T14:45:27.304+0700] {logging_mixin.py:190} INFO - [2025-04-23T14:45:27.303+0700] {dagbag.py:588} INFO - Filling up the DagBag from /home/minhle/mlops/dags/data_pipeline.py
[2025-04-23T14:45:27.880+0700] {processor.py:925} INFO - DAG(s) 'data_pipeline_v01' retrieved from /home/minhle/mlops/dags/data_pipeline.py
[2025-04-23T14:45:27.887+0700] {logging_mixin.py:190} INFO - [2025-04-23T14:45:27.887+0700] {dag.py:3239} INFO - Sync 1 DAGs
[2025-04-23T14:45:27.893+0700] {logging_mixin.py:190} INFO - [2025-04-23T14:45:27.893+0700] {dag.py:4180} INFO - Setting next_dagrun for data_pipeline_v01 to 2025-04-22 00:00:00+00:00, run_after=2025-04-23 00:00:00+00:00
[2025-04-23T14:45:27.961+0700] {processor.py:208} INFO - Processing /home/minhle/mlops/dags/data_pipeline.py took 0.666 seconds
[2025-04-23T14:45:59.063+0700] {processor.py:186} INFO - Started process (PID=366568) to work on /home/minhle/mlops/dags/data_pipeline.py
[2025-04-23T14:45:59.069+0700] {processor.py:914} INFO - Processing file /home/minhle/mlops/dags/data_pipeline.py for tasks to queue
[2025-04-23T14:45:59.071+0700] {logging_mixin.py:190} INFO - [2025-04-23T14:45:59.070+0700] {dagbag.py:588} INFO - Filling up the DagBag from /home/minhle/mlops/dags/data_pipeline.py
[2025-04-23T14:45:59.620+0700] {processor.py:925} INFO - DAG(s) 'data_pipeline_v01' retrieved from /home/minhle/mlops/dags/data_pipeline.py
[2025-04-23T14:45:59.626+0700] {logging_mixin.py:190} INFO - [2025-04-23T14:45:59.626+0700] {dag.py:3239} INFO - Sync 1 DAGs
[2025-04-23T14:45:59.633+0700] {logging_mixin.py:190} INFO - [2025-04-23T14:45:59.633+0700] {dag.py:4180} INFO - Setting next_dagrun for data_pipeline_v01 to 2025-04-22 00:00:00+00:00, run_after=2025-04-23 00:00:00+00:00
[2025-04-23T14:45:59.815+0700] {processor.py:208} INFO - Processing /home/minhle/mlops/dags/data_pipeline.py took 0.758 seconds
[2025-04-23T14:46:30.837+0700] {processor.py:186} INFO - Started process (PID=366649) to work on /home/minhle/mlops/dags/data_pipeline.py
[2025-04-23T14:46:30.838+0700] {processor.py:914} INFO - Processing file /home/minhle/mlops/dags/data_pipeline.py for tasks to queue
[2025-04-23T14:46:30.840+0700] {logging_mixin.py:190} INFO - [2025-04-23T14:46:30.839+0700] {dagbag.py:588} INFO - Filling up the DagBag from /home/minhle/mlops/dags/data_pipeline.py
[2025-04-23T14:46:31.404+0700] {processor.py:925} INFO - DAG(s) 'data_pipeline_v01' retrieved from /home/minhle/mlops/dags/data_pipeline.py
[2025-04-23T14:46:31.410+0700] {logging_mixin.py:190} INFO - [2025-04-23T14:46:31.410+0700] {dag.py:3239} INFO - Sync 1 DAGs
[2025-04-23T14:46:31.417+0700] {logging_mixin.py:190} INFO - [2025-04-23T14:46:31.417+0700] {dag.py:4180} INFO - Setting next_dagrun for data_pipeline_v01 to 2025-04-22 00:00:00+00:00, run_after=2025-04-23 00:00:00+00:00
[2025-04-23T14:46:31.496+0700] {processor.py:208} INFO - Processing /home/minhle/mlops/dags/data_pipeline.py took 0.665 seconds
[2025-04-23T14:47:02.626+0700] {processor.py:186} INFO - Started process (PID=366777) to work on /home/minhle/mlops/dags/data_pipeline.py
[2025-04-23T14:47:02.626+0700] {processor.py:914} INFO - Processing file /home/minhle/mlops/dags/data_pipeline.py for tasks to queue
[2025-04-23T14:47:02.627+0700] {logging_mixin.py:190} INFO - [2025-04-23T14:47:02.627+0700] {dagbag.py:588} INFO - Filling up the DagBag from /home/minhle/mlops/dags/data_pipeline.py
[2025-04-23T14:47:03.185+0700] {processor.py:925} INFO - DAG(s) 'data_pipeline_v01' retrieved from /home/minhle/mlops/dags/data_pipeline.py
[2025-04-23T14:47:03.192+0700] {logging_mixin.py:190} INFO - [2025-04-23T14:47:03.192+0700] {dag.py:3239} INFO - Sync 1 DAGs
[2025-04-23T14:47:03.199+0700] {logging_mixin.py:190} INFO - [2025-04-23T14:47:03.199+0700] {dag.py:4180} INFO - Setting next_dagrun for data_pipeline_v01 to 2025-04-22 00:00:00+00:00, run_after=2025-04-23 00:00:00+00:00
[2025-04-23T14:47:03.268+0700] {processor.py:208} INFO - Processing /home/minhle/mlops/dags/data_pipeline.py took 0.647 seconds
[2025-04-23T14:47:34.812+0700] {processor.py:186} INFO - Started process (PID=366923) to work on /home/minhle/mlops/dags/data_pipeline.py
[2025-04-23T14:47:34.813+0700] {processor.py:914} INFO - Processing file /home/minhle/mlops/dags/data_pipeline.py for tasks to queue
[2025-04-23T14:47:34.814+0700] {logging_mixin.py:190} INFO - [2025-04-23T14:47:34.814+0700] {dagbag.py:588} INFO - Filling up the DagBag from /home/minhle/mlops/dags/data_pipeline.py
[2025-04-23T14:47:35.415+0700] {processor.py:925} INFO - DAG(s) 'data_pipeline_v01' retrieved from /home/minhle/mlops/dags/data_pipeline.py
[2025-04-23T14:47:35.422+0700] {logging_mixin.py:190} INFO - [2025-04-23T14:47:35.422+0700] {dag.py:3239} INFO - Sync 1 DAGs
[2025-04-23T14:47:35.430+0700] {logging_mixin.py:190} INFO - [2025-04-23T14:47:35.429+0700] {dag.py:4180} INFO - Setting next_dagrun for data_pipeline_v01 to 2025-04-22 00:00:00+00:00, run_after=2025-04-23 00:00:00+00:00
[2025-04-23T14:47:35.517+0700] {processor.py:208} INFO - Processing /home/minhle/mlops/dags/data_pipeline.py took 0.715 seconds
[2025-04-23T14:48:06.572+0700] {processor.py:186} INFO - Started process (PID=367016) to work on /home/minhle/mlops/dags/data_pipeline.py
[2025-04-23T14:48:06.579+0700] {processor.py:914} INFO - Processing file /home/minhle/mlops/dags/data_pipeline.py for tasks to queue
[2025-04-23T14:48:06.580+0700] {logging_mixin.py:190} INFO - [2025-04-23T14:48:06.580+0700] {dagbag.py:588} INFO - Filling up the DagBag from /home/minhle/mlops/dags/data_pipeline.py
[2025-04-23T14:48:07.172+0700] {processor.py:925} INFO - DAG(s) 'data_pipeline_v01' retrieved from /home/minhle/mlops/dags/data_pipeline.py
[2025-04-23T14:48:07.180+0700] {logging_mixin.py:190} INFO - [2025-04-23T14:48:07.180+0700] {dag.py:3239} INFO - Sync 1 DAGs
[2025-04-23T14:48:07.187+0700] {logging_mixin.py:190} INFO - [2025-04-23T14:48:07.187+0700] {dag.py:4180} INFO - Setting next_dagrun for data_pipeline_v01 to 2025-04-22 00:00:00+00:00, run_after=2025-04-23 00:00:00+00:00
[2025-04-23T14:48:07.287+0700] {processor.py:208} INFO - Processing /home/minhle/mlops/dags/data_pipeline.py took 0.718 seconds
[2025-04-23T14:48:38.488+0700] {processor.py:186} INFO - Started process (PID=367158) to work on /home/minhle/mlops/dags/data_pipeline.py
[2025-04-23T14:48:38.493+0700] {processor.py:914} INFO - Processing file /home/minhle/mlops/dags/data_pipeline.py for tasks to queue
[2025-04-23T14:48:38.495+0700] {logging_mixin.py:190} INFO - [2025-04-23T14:48:38.494+0700] {dagbag.py:588} INFO - Filling up the DagBag from /home/minhle/mlops/dags/data_pipeline.py
[2025-04-23T14:48:39.080+0700] {processor.py:925} INFO - DAG(s) 'data_pipeline_v01' retrieved from /home/minhle/mlops/dags/data_pipeline.py
[2025-04-23T14:48:39.086+0700] {logging_mixin.py:190} INFO - [2025-04-23T14:48:39.086+0700] {dag.py:3239} INFO - Sync 1 DAGs
[2025-04-23T14:48:39.093+0700] {logging_mixin.py:190} INFO - [2025-04-23T14:48:39.093+0700] {dag.py:4180} INFO - Setting next_dagrun for data_pipeline_v01 to 2025-04-22 00:00:00+00:00, run_after=2025-04-23 00:00:00+00:00
[2025-04-23T14:48:39.156+0700] {processor.py:208} INFO - Processing /home/minhle/mlops/dags/data_pipeline.py took 0.673 seconds
[2025-04-23T14:49:10.238+0700] {processor.py:186} INFO - Started process (PID=367300) to work on /home/minhle/mlops/dags/data_pipeline.py
[2025-04-23T14:49:10.238+0700] {processor.py:914} INFO - Processing file /home/minhle/mlops/dags/data_pipeline.py for tasks to queue
[2025-04-23T14:49:10.240+0700] {logging_mixin.py:190} INFO - [2025-04-23T14:49:10.239+0700] {dagbag.py:588} INFO - Filling up the DagBag from /home/minhle/mlops/dags/data_pipeline.py
[2025-04-23T14:49:10.799+0700] {processor.py:925} INFO - DAG(s) 'data_pipeline_v01' retrieved from /home/minhle/mlops/dags/data_pipeline.py
[2025-04-23T14:49:10.806+0700] {logging_mixin.py:190} INFO - [2025-04-23T14:49:10.805+0700] {dag.py:3239} INFO - Sync 1 DAGs
[2025-04-23T14:49:10.812+0700] {logging_mixin.py:190} INFO - [2025-04-23T14:49:10.812+0700] {dag.py:4180} INFO - Setting next_dagrun for data_pipeline_v01 to 2025-04-22 00:00:00+00:00, run_after=2025-04-23 00:00:00+00:00
[2025-04-23T14:49:10.876+0700] {processor.py:208} INFO - Processing /home/minhle/mlops/dags/data_pipeline.py took 0.646 seconds
[2025-04-23T14:49:41.551+0700] {processor.py:186} INFO - Started process (PID=367428) to work on /home/minhle/mlops/dags/data_pipeline.py
[2025-04-23T14:49:41.551+0700] {processor.py:914} INFO - Processing file /home/minhle/mlops/dags/data_pipeline.py for tasks to queue
[2025-04-23T14:49:41.552+0700] {logging_mixin.py:190} INFO - [2025-04-23T14:49:41.552+0700] {dagbag.py:588} INFO - Filling up the DagBag from /home/minhle/mlops/dags/data_pipeline.py
[2025-04-23T14:49:42.103+0700] {processor.py:925} INFO - DAG(s) 'data_pipeline_v01' retrieved from /home/minhle/mlops/dags/data_pipeline.py
[2025-04-23T14:49:42.110+0700] {logging_mixin.py:190} INFO - [2025-04-23T14:49:42.110+0700] {dag.py:3239} INFO - Sync 1 DAGs
[2025-04-23T14:49:42.117+0700] {logging_mixin.py:190} INFO - [2025-04-23T14:49:42.117+0700] {dag.py:4180} INFO - Setting next_dagrun for data_pipeline_v01 to 2025-04-22 00:00:00+00:00, run_after=2025-04-23 00:00:00+00:00
[2025-04-23T14:49:42.224+0700] {processor.py:208} INFO - Processing /home/minhle/mlops/dags/data_pipeline.py took 0.678 seconds
[2025-04-23T14:50:13.114+0700] {processor.py:186} INFO - Started process (PID=367543) to work on /home/minhle/mlops/dags/data_pipeline.py
[2025-04-23T14:50:13.120+0700] {processor.py:914} INFO - Processing file /home/minhle/mlops/dags/data_pipeline.py for tasks to queue
[2025-04-23T14:50:13.121+0700] {logging_mixin.py:190} INFO - [2025-04-23T14:50:13.121+0700] {dagbag.py:588} INFO - Filling up the DagBag from /home/minhle/mlops/dags/data_pipeline.py
[2025-04-23T14:50:13.684+0700] {processor.py:925} INFO - DAG(s) 'data_pipeline_v01' retrieved from /home/minhle/mlops/dags/data_pipeline.py
[2025-04-23T14:50:13.691+0700] {logging_mixin.py:190} INFO - [2025-04-23T14:50:13.691+0700] {dag.py:3239} INFO - Sync 1 DAGs
[2025-04-23T14:50:13.698+0700] {logging_mixin.py:190} INFO - [2025-04-23T14:50:13.698+0700] {dag.py:4180} INFO - Setting next_dagrun for data_pipeline_v01 to 2025-04-22 00:00:00+00:00, run_after=2025-04-23 00:00:00+00:00
[2025-04-23T14:50:13.782+0700] {processor.py:208} INFO - Processing /home/minhle/mlops/dags/data_pipeline.py took 0.672 seconds
[2025-04-23T14:50:46.485+0700] {processor.py:186} INFO - Started process (PID=367638) to work on /home/minhle/mlops/dags/data_pipeline.py
[2025-04-23T14:50:46.486+0700] {processor.py:914} INFO - Processing file /home/minhle/mlops/dags/data_pipeline.py for tasks to queue
[2025-04-23T14:50:46.487+0700] {logging_mixin.py:190} INFO - [2025-04-23T14:50:46.487+0700] {dagbag.py:588} INFO - Filling up the DagBag from /home/minhle/mlops/dags/data_pipeline.py
[2025-04-23T14:50:47.049+0700] {processor.py:925} INFO - DAG(s) 'data_pipeline_v01' retrieved from /home/minhle/mlops/dags/data_pipeline.py
[2025-04-23T14:50:47.056+0700] {logging_mixin.py:190} INFO - [2025-04-23T14:50:47.056+0700] {dag.py:3239} INFO - Sync 1 DAGs
[2025-04-23T14:50:47.064+0700] {logging_mixin.py:190} INFO - [2025-04-23T14:50:47.064+0700] {dag.py:4180} INFO - Setting next_dagrun for data_pipeline_v01 to 2025-04-22 00:00:00+00:00, run_after=2025-04-23 00:00:00+00:00
[2025-04-23T14:50:47.136+0700] {processor.py:208} INFO - Processing /home/minhle/mlops/dags/data_pipeline.py took 0.659 seconds
[2025-04-23T14:51:18.608+0700] {processor.py:186} INFO - Started process (PID=367727) to work on /home/minhle/mlops/dags/data_pipeline.py
[2025-04-23T14:51:18.613+0700] {processor.py:914} INFO - Processing file /home/minhle/mlops/dags/data_pipeline.py for tasks to queue
[2025-04-23T14:51:18.615+0700] {logging_mixin.py:190} INFO - [2025-04-23T14:51:18.614+0700] {dagbag.py:588} INFO - Filling up the DagBag from /home/minhle/mlops/dags/data_pipeline.py
[2025-04-23T14:51:19.174+0700] {processor.py:925} INFO - DAG(s) 'data_pipeline_v01' retrieved from /home/minhle/mlops/dags/data_pipeline.py
[2025-04-23T14:51:19.182+0700] {logging_mixin.py:190} INFO - [2025-04-23T14:51:19.182+0700] {dag.py:3239} INFO - Sync 1 DAGs
[2025-04-23T14:51:19.189+0700] {logging_mixin.py:190} INFO - [2025-04-23T14:51:19.188+0700] {dag.py:4180} INFO - Setting next_dagrun for data_pipeline_v01 to 2025-04-22 00:00:00+00:00, run_after=2025-04-23 00:00:00+00:00
[2025-04-23T14:51:19.254+0700] {processor.py:208} INFO - Processing /home/minhle/mlops/dags/data_pipeline.py took 0.651 seconds
[2025-04-23T14:51:50.439+0700] {processor.py:186} INFO - Started process (PID=367831) to work on /home/minhle/mlops/dags/data_pipeline.py
[2025-04-23T14:51:50.440+0700] {processor.py:914} INFO - Processing file /home/minhle/mlops/dags/data_pipeline.py for tasks to queue
[2025-04-23T14:51:50.440+0700] {logging_mixin.py:190} INFO - [2025-04-23T14:51:50.440+0700] {dagbag.py:588} INFO - Filling up the DagBag from /home/minhle/mlops/dags/data_pipeline.py
[2025-04-23T14:51:51.017+0700] {processor.py:925} INFO - DAG(s) 'data_pipeline_v01' retrieved from /home/minhle/mlops/dags/data_pipeline.py
[2025-04-23T14:51:51.024+0700] {logging_mixin.py:190} INFO - [2025-04-23T14:51:51.024+0700] {dag.py:3239} INFO - Sync 1 DAGs
[2025-04-23T14:51:51.030+0700] {logging_mixin.py:190} INFO - [2025-04-23T14:51:51.030+0700] {dag.py:4180} INFO - Setting next_dagrun for data_pipeline_v01 to 2025-04-22 00:00:00+00:00, run_after=2025-04-23 00:00:00+00:00
[2025-04-23T14:51:51.097+0700] {processor.py:208} INFO - Processing /home/minhle/mlops/dags/data_pipeline.py took 0.664 seconds
[2025-04-23T14:52:22.273+0700] {processor.py:186} INFO - Started process (PID=367923) to work on /home/minhle/mlops/dags/data_pipeline.py
[2025-04-23T14:52:22.280+0700] {processor.py:914} INFO - Processing file /home/minhle/mlops/dags/data_pipeline.py for tasks to queue
[2025-04-23T14:52:22.281+0700] {logging_mixin.py:190} INFO - [2025-04-23T14:52:22.280+0700] {dagbag.py:588} INFO - Filling up the DagBag from /home/minhle/mlops/dags/data_pipeline.py
[2025-04-23T14:52:22.831+0700] {processor.py:925} INFO - DAG(s) 'data_pipeline_v01' retrieved from /home/minhle/mlops/dags/data_pipeline.py
[2025-04-23T14:52:22.838+0700] {logging_mixin.py:190} INFO - [2025-04-23T14:52:22.838+0700] {dag.py:3239} INFO - Sync 1 DAGs
[2025-04-23T14:52:22.845+0700] {logging_mixin.py:190} INFO - [2025-04-23T14:52:22.845+0700] {dag.py:4180} INFO - Setting next_dagrun for data_pipeline_v01 to 2025-04-22 00:00:00+00:00, run_after=2025-04-23 00:00:00+00:00
[2025-04-23T14:52:22.910+0700] {processor.py:208} INFO - Processing /home/minhle/mlops/dags/data_pipeline.py took 0.640 seconds
[2025-04-23T14:52:54.230+0700] {processor.py:186} INFO - Started process (PID=368003) to work on /home/minhle/mlops/dags/data_pipeline.py
[2025-04-23T14:52:54.231+0700] {processor.py:914} INFO - Processing file /home/minhle/mlops/dags/data_pipeline.py for tasks to queue
[2025-04-23T14:52:54.232+0700] {logging_mixin.py:190} INFO - [2025-04-23T14:52:54.231+0700] {dagbag.py:588} INFO - Filling up the DagBag from /home/minhle/mlops/dags/data_pipeline.py
[2025-04-23T14:52:54.798+0700] {processor.py:925} INFO - DAG(s) 'data_pipeline_v01' retrieved from /home/minhle/mlops/dags/data_pipeline.py
[2025-04-23T14:52:54.805+0700] {logging_mixin.py:190} INFO - [2025-04-23T14:52:54.805+0700] {dag.py:3239} INFO - Sync 1 DAGs
[2025-04-23T14:52:54.812+0700] {logging_mixin.py:190} INFO - [2025-04-23T14:52:54.812+0700] {dag.py:4180} INFO - Setting next_dagrun for data_pipeline_v01 to 2025-04-22 00:00:00+00:00, run_after=2025-04-23 00:00:00+00:00
[2025-04-23T14:52:54.953+0700] {processor.py:208} INFO - Processing /home/minhle/mlops/dags/data_pipeline.py took 0.727 seconds
[2025-04-23T14:53:25.918+0700] {processor.py:186} INFO - Started process (PID=368112) to work on /home/minhle/mlops/dags/data_pipeline.py
[2025-04-23T14:53:25.919+0700] {processor.py:914} INFO - Processing file /home/minhle/mlops/dags/data_pipeline.py for tasks to queue
[2025-04-23T14:53:25.919+0700] {logging_mixin.py:190} INFO - [2025-04-23T14:53:25.919+0700] {dagbag.py:588} INFO - Filling up the DagBag from /home/minhle/mlops/dags/data_pipeline.py
[2025-04-23T14:53:26.469+0700] {processor.py:925} INFO - DAG(s) 'data_pipeline_v01' retrieved from /home/minhle/mlops/dags/data_pipeline.py
[2025-04-23T14:53:26.476+0700] {logging_mixin.py:190} INFO - [2025-04-23T14:53:26.475+0700] {dag.py:3239} INFO - Sync 1 DAGs
[2025-04-23T14:53:26.483+0700] {logging_mixin.py:190} INFO - [2025-04-23T14:53:26.483+0700] {dag.py:4180} INFO - Setting next_dagrun for data_pipeline_v01 to 2025-04-22 00:00:00+00:00, run_after=2025-04-23 00:00:00+00:00
[2025-04-23T14:53:26.563+0700] {processor.py:208} INFO - Processing /home/minhle/mlops/dags/data_pipeline.py took 0.651 seconds
[2025-04-23T14:53:57.891+0700] {processor.py:186} INFO - Started process (PID=368214) to work on /home/minhle/mlops/dags/data_pipeline.py
[2025-04-23T14:53:57.893+0700] {processor.py:914} INFO - Processing file /home/minhle/mlops/dags/data_pipeline.py for tasks to queue
[2025-04-23T14:53:57.893+0700] {logging_mixin.py:190} INFO - [2025-04-23T14:53:57.893+0700] {dagbag.py:588} INFO - Filling up the DagBag from /home/minhle/mlops/dags/data_pipeline.py
[2025-04-23T14:53:58.453+0700] {processor.py:925} INFO - DAG(s) 'data_pipeline_v01' retrieved from /home/minhle/mlops/dags/data_pipeline.py
[2025-04-23T14:53:58.460+0700] {logging_mixin.py:190} INFO - [2025-04-23T14:53:58.459+0700] {dag.py:3239} INFO - Sync 1 DAGs
[2025-04-23T14:53:58.467+0700] {logging_mixin.py:190} INFO - [2025-04-23T14:53:58.467+0700] {dag.py:4180} INFO - Setting next_dagrun for data_pipeline_v01 to 2025-04-22 00:00:00+00:00, run_after=2025-04-23 00:00:00+00:00
[2025-04-23T14:53:58.540+0700] {processor.py:208} INFO - Processing /home/minhle/mlops/dags/data_pipeline.py took 0.656 seconds
[2025-04-23T14:54:29.658+0700] {processor.py:186} INFO - Started process (PID=368336) to work on /home/minhle/mlops/dags/data_pipeline.py
[2025-04-23T14:54:29.659+0700] {processor.py:914} INFO - Processing file /home/minhle/mlops/dags/data_pipeline.py for tasks to queue
[2025-04-23T14:54:29.660+0700] {logging_mixin.py:190} INFO - [2025-04-23T14:54:29.659+0700] {dagbag.py:588} INFO - Filling up the DagBag from /home/minhle/mlops/dags/data_pipeline.py
[2025-04-23T14:54:30.202+0700] {processor.py:925} INFO - DAG(s) 'data_pipeline_v01' retrieved from /home/minhle/mlops/dags/data_pipeline.py
[2025-04-23T14:54:30.209+0700] {logging_mixin.py:190} INFO - [2025-04-23T14:54:30.209+0700] {dag.py:3239} INFO - Sync 1 DAGs
[2025-04-23T14:54:30.216+0700] {logging_mixin.py:190} INFO - [2025-04-23T14:54:30.215+0700] {dag.py:4180} INFO - Setting next_dagrun for data_pipeline_v01 to 2025-04-22 00:00:00+00:00, run_after=2025-04-23 00:00:00+00:00
[2025-04-23T14:54:30.299+0700] {processor.py:208} INFO - Processing /home/minhle/mlops/dags/data_pipeline.py took 0.646 seconds
[2025-04-23T14:55:01.421+0700] {processor.py:186} INFO - Started process (PID=368430) to work on /home/minhle/mlops/dags/data_pipeline.py
[2025-04-23T14:55:01.422+0700] {processor.py:914} INFO - Processing file /home/minhle/mlops/dags/data_pipeline.py for tasks to queue
[2025-04-23T14:55:01.422+0700] {logging_mixin.py:190} INFO - [2025-04-23T14:55:01.422+0700] {dagbag.py:588} INFO - Filling up the DagBag from /home/minhle/mlops/dags/data_pipeline.py
[2025-04-23T14:55:01.964+0700] {processor.py:925} INFO - DAG(s) 'data_pipeline_v01' retrieved from /home/minhle/mlops/dags/data_pipeline.py
[2025-04-23T14:55:01.971+0700] {logging_mixin.py:190} INFO - [2025-04-23T14:55:01.970+0700] {dag.py:3239} INFO - Sync 1 DAGs
[2025-04-23T14:55:01.977+0700] {logging_mixin.py:190} INFO - [2025-04-23T14:55:01.977+0700] {dag.py:4180} INFO - Setting next_dagrun for data_pipeline_v01 to 2025-04-22 00:00:00+00:00, run_after=2025-04-23 00:00:00+00:00
[2025-04-23T14:55:02.060+0700] {processor.py:208} INFO - Processing /home/minhle/mlops/dags/data_pipeline.py took 0.645 seconds
[2025-04-23T14:55:33.203+0700] {processor.py:186} INFO - Started process (PID=368510) to work on /home/minhle/mlops/dags/data_pipeline.py
[2025-04-23T14:55:33.204+0700] {processor.py:914} INFO - Processing file /home/minhle/mlops/dags/data_pipeline.py for tasks to queue
[2025-04-23T14:55:33.205+0700] {logging_mixin.py:190} INFO - [2025-04-23T14:55:33.204+0700] {dagbag.py:588} INFO - Filling up the DagBag from /home/minhle/mlops/dags/data_pipeline.py
[2025-04-23T14:55:33.770+0700] {processor.py:925} INFO - DAG(s) 'data_pipeline_v01' retrieved from /home/minhle/mlops/dags/data_pipeline.py
[2025-04-23T14:55:33.777+0700] {logging_mixin.py:190} INFO - [2025-04-23T14:55:33.776+0700] {dag.py:3239} INFO - Sync 1 DAGs
[2025-04-23T14:55:33.783+0700] {logging_mixin.py:190} INFO - [2025-04-23T14:55:33.783+0700] {dag.py:4180} INFO - Setting next_dagrun for data_pipeline_v01 to 2025-04-22 00:00:00+00:00, run_after=2025-04-23 00:00:00+00:00
[2025-04-23T14:55:33.871+0700] {processor.py:208} INFO - Processing /home/minhle/mlops/dags/data_pipeline.py took 0.673 seconds
[2025-04-23T14:56:04.972+0700] {processor.py:186} INFO - Started process (PID=368590) to work on /home/minhle/mlops/dags/data_pipeline.py
[2025-04-23T14:56:04.973+0700] {processor.py:914} INFO - Processing file /home/minhle/mlops/dags/data_pipeline.py for tasks to queue
[2025-04-23T14:56:04.973+0700] {logging_mixin.py:190} INFO - [2025-04-23T14:56:04.973+0700] {dagbag.py:588} INFO - Filling up the DagBag from /home/minhle/mlops/dags/data_pipeline.py
[2025-04-23T14:56:05.518+0700] {processor.py:925} INFO - DAG(s) 'data_pipeline_v01' retrieved from /home/minhle/mlops/dags/data_pipeline.py
[2025-04-23T14:56:05.525+0700] {logging_mixin.py:190} INFO - [2025-04-23T14:56:05.524+0700] {dag.py:3239} INFO - Sync 1 DAGs
[2025-04-23T14:56:05.531+0700] {logging_mixin.py:190} INFO - [2025-04-23T14:56:05.531+0700] {dag.py:4180} INFO - Setting next_dagrun for data_pipeline_v01 to 2025-04-22 00:00:00+00:00, run_after=2025-04-23 00:00:00+00:00
[2025-04-23T14:56:05.664+0700] {processor.py:208} INFO - Processing /home/minhle/mlops/dags/data_pipeline.py took 0.698 seconds
[2025-04-23T14:56:36.753+0700] {processor.py:186} INFO - Started process (PID=368673) to work on /home/minhle/mlops/dags/data_pipeline.py
[2025-04-23T14:56:36.754+0700] {processor.py:914} INFO - Processing file /home/minhle/mlops/dags/data_pipeline.py for tasks to queue
[2025-04-23T14:56:36.756+0700] {logging_mixin.py:190} INFO - [2025-04-23T14:56:36.756+0700] {dagbag.py:588} INFO - Filling up the DagBag from /home/minhle/mlops/dags/data_pipeline.py
[2025-04-23T14:56:37.299+0700] {processor.py:925} INFO - DAG(s) 'data_pipeline_v01' retrieved from /home/minhle/mlops/dags/data_pipeline.py
[2025-04-23T14:56:37.305+0700] {logging_mixin.py:190} INFO - [2025-04-23T14:56:37.305+0700] {dag.py:3239} INFO - Sync 1 DAGs
[2025-04-23T14:56:37.375+0700] {logging_mixin.py:190} INFO - [2025-04-23T14:56:37.375+0700] {dag.py:4180} INFO - Setting next_dagrun for data_pipeline_v01 to 2025-04-22 00:00:00+00:00, run_after=2025-04-23 00:00:00+00:00
[2025-04-23T14:56:37.447+0700] {processor.py:208} INFO - Processing /home/minhle/mlops/dags/data_pipeline.py took 0.700 seconds
[2025-04-23T14:57:08.434+0700] {processor.py:186} INFO - Started process (PID=368753) to work on /home/minhle/mlops/dags/data_pipeline.py
[2025-04-23T14:57:08.435+0700] {processor.py:914} INFO - Processing file /home/minhle/mlops/dags/data_pipeline.py for tasks to queue
[2025-04-23T14:57:08.436+0700] {logging_mixin.py:190} INFO - [2025-04-23T14:57:08.436+0700] {dagbag.py:588} INFO - Filling up the DagBag from /home/minhle/mlops/dags/data_pipeline.py
[2025-04-23T14:57:09.001+0700] {processor.py:925} INFO - DAG(s) 'data_pipeline_v01' retrieved from /home/minhle/mlops/dags/data_pipeline.py
[2025-04-23T14:57:09.008+0700] {logging_mixin.py:190} INFO - [2025-04-23T14:57:09.007+0700] {dag.py:3239} INFO - Sync 1 DAGs
[2025-04-23T14:57:09.014+0700] {logging_mixin.py:190} INFO - [2025-04-23T14:57:09.014+0700] {dag.py:4180} INFO - Setting next_dagrun for data_pipeline_v01 to 2025-04-22 00:00:00+00:00, run_after=2025-04-23 00:00:00+00:00
[2025-04-23T14:57:09.109+0700] {processor.py:208} INFO - Processing /home/minhle/mlops/dags/data_pipeline.py took 0.681 seconds
[2025-04-23T14:57:40.223+0700] {processor.py:186} INFO - Started process (PID=368971) to work on /home/minhle/mlops/dags/data_pipeline.py
[2025-04-23T14:57:40.224+0700] {processor.py:914} INFO - Processing file /home/minhle/mlops/dags/data_pipeline.py for tasks to queue
[2025-04-23T14:57:40.225+0700] {logging_mixin.py:190} INFO - [2025-04-23T14:57:40.224+0700] {dagbag.py:588} INFO - Filling up the DagBag from /home/minhle/mlops/dags/data_pipeline.py
[2025-04-23T14:57:40.773+0700] {processor.py:925} INFO - DAG(s) 'data_pipeline_v01' retrieved from /home/minhle/mlops/dags/data_pipeline.py
[2025-04-23T14:57:40.780+0700] {logging_mixin.py:190} INFO - [2025-04-23T14:57:40.780+0700] {dag.py:3239} INFO - Sync 1 DAGs
[2025-04-23T14:57:40.786+0700] {logging_mixin.py:190} INFO - [2025-04-23T14:57:40.786+0700] {dag.py:4180} INFO - Setting next_dagrun for data_pipeline_v01 to 2025-04-22 00:00:00+00:00, run_after=2025-04-23 00:00:00+00:00
[2025-04-23T14:57:40.864+0700] {processor.py:208} INFO - Processing /home/minhle/mlops/dags/data_pipeline.py took 0.646 seconds
[2025-04-23T14:58:12.196+0700] {processor.py:186} INFO - Started process (PID=369069) to work on /home/minhle/mlops/dags/data_pipeline.py
[2025-04-23T14:58:12.197+0700] {processor.py:914} INFO - Processing file /home/minhle/mlops/dags/data_pipeline.py for tasks to queue
[2025-04-23T14:58:12.198+0700] {logging_mixin.py:190} INFO - [2025-04-23T14:58:12.198+0700] {dagbag.py:588} INFO - Filling up the DagBag from /home/minhle/mlops/dags/data_pipeline.py
[2025-04-23T14:58:12.749+0700] {processor.py:925} INFO - DAG(s) 'data_pipeline_v01' retrieved from /home/minhle/mlops/dags/data_pipeline.py
[2025-04-23T14:58:12.756+0700] {logging_mixin.py:190} INFO - [2025-04-23T14:58:12.756+0700] {dag.py:3239} INFO - Sync 1 DAGs
[2025-04-23T14:58:12.763+0700] {logging_mixin.py:190} INFO - [2025-04-23T14:58:12.763+0700] {dag.py:4180} INFO - Setting next_dagrun for data_pipeline_v01 to 2025-04-22 00:00:00+00:00, run_after=2025-04-23 00:00:00+00:00
[2025-04-23T14:58:12.829+0700] {processor.py:208} INFO - Processing /home/minhle/mlops/dags/data_pipeline.py took 0.638 seconds
[2025-04-23T14:58:43.987+0700] {processor.py:186} INFO - Started process (PID=369150) to work on /home/minhle/mlops/dags/data_pipeline.py
[2025-04-23T14:58:43.988+0700] {processor.py:914} INFO - Processing file /home/minhle/mlops/dags/data_pipeline.py for tasks to queue
[2025-04-23T14:58:43.989+0700] {logging_mixin.py:190} INFO - [2025-04-23T14:58:43.989+0700] {dagbag.py:588} INFO - Filling up the DagBag from /home/minhle/mlops/dags/data_pipeline.py
[2025-04-23T14:58:44.540+0700] {processor.py:925} INFO - DAG(s) 'data_pipeline_v01' retrieved from /home/minhle/mlops/dags/data_pipeline.py
[2025-04-23T14:58:44.547+0700] {logging_mixin.py:190} INFO - [2025-04-23T14:58:44.547+0700] {dag.py:3239} INFO - Sync 1 DAGs
[2025-04-23T14:58:44.554+0700] {logging_mixin.py:190} INFO - [2025-04-23T14:58:44.554+0700] {dag.py:4180} INFO - Setting next_dagrun for data_pipeline_v01 to 2025-04-22 00:00:00+00:00, run_after=2025-04-23 00:00:00+00:00
[2025-04-23T14:58:44.640+0700] {processor.py:208} INFO - Processing /home/minhle/mlops/dags/data_pipeline.py took 0.659 seconds
[2025-04-23T14:59:15.765+0700] {processor.py:186} INFO - Started process (PID=369267) to work on /home/minhle/mlops/dags/data_pipeline.py
[2025-04-23T14:59:15.766+0700] {processor.py:914} INFO - Processing file /home/minhle/mlops/dags/data_pipeline.py for tasks to queue
[2025-04-23T14:59:15.766+0700] {logging_mixin.py:190} INFO - [2025-04-23T14:59:15.766+0700] {dagbag.py:588} INFO - Filling up the DagBag from /home/minhle/mlops/dags/data_pipeline.py
[2025-04-23T14:59:16.319+0700] {processor.py:925} INFO - DAG(s) 'data_pipeline_v01' retrieved from /home/minhle/mlops/dags/data_pipeline.py
[2025-04-23T14:59:16.326+0700] {logging_mixin.py:190} INFO - [2025-04-23T14:59:16.325+0700] {dag.py:3239} INFO - Sync 1 DAGs
[2025-04-23T14:59:16.332+0700] {logging_mixin.py:190} INFO - [2025-04-23T14:59:16.332+0700] {dag.py:4180} INFO - Setting next_dagrun for data_pipeline_v01 to 2025-04-22 00:00:00+00:00, run_after=2025-04-23 00:00:00+00:00
[2025-04-23T14:59:16.474+0700] {processor.py:208} INFO - Processing /home/minhle/mlops/dags/data_pipeline.py took 0.715 seconds
[2025-04-23T14:59:47.347+0700] {processor.py:186} INFO - Started process (PID=369347) to work on /home/minhle/mlops/dags/data_pipeline.py
[2025-04-23T14:59:47.349+0700] {processor.py:914} INFO - Processing file /home/minhle/mlops/dags/data_pipeline.py for tasks to queue
[2025-04-23T14:59:47.351+0700] {logging_mixin.py:190} INFO - [2025-04-23T14:59:47.350+0700] {dagbag.py:588} INFO - Filling up the DagBag from /home/minhle/mlops/dags/data_pipeline.py
[2025-04-23T14:59:47.907+0700] {processor.py:925} INFO - DAG(s) 'data_pipeline_v01' retrieved from /home/minhle/mlops/dags/data_pipeline.py
[2025-04-23T14:59:47.914+0700] {logging_mixin.py:190} INFO - [2025-04-23T14:59:47.914+0700] {dag.py:3239} INFO - Sync 1 DAGs
[2025-04-23T14:59:47.989+0700] {logging_mixin.py:190} INFO - [2025-04-23T14:59:47.989+0700] {dag.py:4180} INFO - Setting next_dagrun for data_pipeline_v01 to 2025-04-22 00:00:00+00:00, run_after=2025-04-23 00:00:00+00:00
[2025-04-23T14:59:48.062+0700] {processor.py:208} INFO - Processing /home/minhle/mlops/dags/data_pipeline.py took 0.724 seconds
[2025-04-23T15:00:19.366+0700] {processor.py:186} INFO - Started process (PID=369429) to work on /home/minhle/mlops/dags/data_pipeline.py
[2025-04-23T15:00:19.367+0700] {processor.py:914} INFO - Processing file /home/minhle/mlops/dags/data_pipeline.py for tasks to queue
[2025-04-23T15:00:19.368+0700] {logging_mixin.py:190} INFO - [2025-04-23T15:00:19.368+0700] {dagbag.py:588} INFO - Filling up the DagBag from /home/minhle/mlops/dags/data_pipeline.py
[2025-04-23T15:00:19.919+0700] {processor.py:925} INFO - DAG(s) 'data_pipeline_v01' retrieved from /home/minhle/mlops/dags/data_pipeline.py
[2025-04-23T15:00:19.926+0700] {logging_mixin.py:190} INFO - [2025-04-23T15:00:19.926+0700] {dag.py:3239} INFO - Sync 1 DAGs
[2025-04-23T15:00:19.933+0700] {logging_mixin.py:190} INFO - [2025-04-23T15:00:19.933+0700] {dag.py:4180} INFO - Setting next_dagrun for data_pipeline_v01 to 2025-04-22 00:00:00+00:00, run_after=2025-04-23 00:00:00+00:00
[2025-04-23T15:00:20.225+0700] {processor.py:208} INFO - Processing /home/minhle/mlops/dags/data_pipeline.py took 0.870 seconds
[2025-04-23T15:00:50.793+0700] {processor.py:186} INFO - Started process (PID=369519) to work on /home/minhle/mlops/dags/data_pipeline.py
[2025-04-23T15:00:50.794+0700] {processor.py:914} INFO - Processing file /home/minhle/mlops/dags/data_pipeline.py for tasks to queue
[2025-04-23T15:00:50.796+0700] {logging_mixin.py:190} INFO - [2025-04-23T15:00:50.795+0700] {dagbag.py:588} INFO - Filling up the DagBag from /home/minhle/mlops/dags/data_pipeline.py
[2025-04-23T15:00:51.352+0700] {processor.py:925} INFO - DAG(s) 'data_pipeline_v01' retrieved from /home/minhle/mlops/dags/data_pipeline.py
[2025-04-23T15:00:51.360+0700] {logging_mixin.py:190} INFO - [2025-04-23T15:00:51.359+0700] {dag.py:3239} INFO - Sync 1 DAGs
[2025-04-23T15:00:51.366+0700] {logging_mixin.py:190} INFO - [2025-04-23T15:00:51.366+0700] {dag.py:4180} INFO - Setting next_dagrun for data_pipeline_v01 to 2025-04-22 00:00:00+00:00, run_after=2025-04-23 00:00:00+00:00
[2025-04-23T15:00:51.428+0700] {processor.py:208} INFO - Processing /home/minhle/mlops/dags/data_pipeline.py took 0.640 seconds
[2025-04-23T15:01:23.346+0700] {processor.py:186} INFO - Started process (PID=369599) to work on /home/minhle/mlops/dags/data_pipeline.py
[2025-04-23T15:01:23.348+0700] {processor.py:914} INFO - Processing file /home/minhle/mlops/dags/data_pipeline.py for tasks to queue
[2025-04-23T15:01:23.350+0700] {logging_mixin.py:190} INFO - [2025-04-23T15:01:23.349+0700] {dagbag.py:588} INFO - Filling up the DagBag from /home/minhle/mlops/dags/data_pipeline.py
[2025-04-23T15:01:23.933+0700] {processor.py:925} INFO - DAG(s) 'data_pipeline_v01' retrieved from /home/minhle/mlops/dags/data_pipeline.py
[2025-04-23T15:01:23.940+0700] {logging_mixin.py:190} INFO - [2025-04-23T15:01:23.940+0700] {dag.py:3239} INFO - Sync 1 DAGs
[2025-04-23T15:01:23.946+0700] {logging_mixin.py:190} INFO - [2025-04-23T15:01:23.946+0700] {dag.py:4180} INFO - Setting next_dagrun for data_pipeline_v01 to 2025-04-22 00:00:00+00:00, run_after=2025-04-23 00:00:00+00:00
[2025-04-23T15:01:24.011+0700] {processor.py:208} INFO - Processing /home/minhle/mlops/dags/data_pipeline.py took 0.671 seconds
[2025-04-23T15:01:55.483+0700] {processor.py:186} INFO - Started process (PID=369679) to work on /home/minhle/mlops/dags/data_pipeline.py
[2025-04-23T15:01:55.484+0700] {processor.py:914} INFO - Processing file /home/minhle/mlops/dags/data_pipeline.py for tasks to queue
[2025-04-23T15:01:55.484+0700] {logging_mixin.py:190} INFO - [2025-04-23T15:01:55.484+0700] {dagbag.py:588} INFO - Filling up the DagBag from /home/minhle/mlops/dags/data_pipeline.py
[2025-04-23T15:01:56.035+0700] {processor.py:925} INFO - DAG(s) 'data_pipeline_v01' retrieved from /home/minhle/mlops/dags/data_pipeline.py
[2025-04-23T15:01:56.042+0700] {logging_mixin.py:190} INFO - [2025-04-23T15:01:56.042+0700] {dag.py:3239} INFO - Sync 1 DAGs
[2025-04-23T15:01:56.049+0700] {logging_mixin.py:190} INFO - [2025-04-23T15:01:56.049+0700] {dag.py:4180} INFO - Setting next_dagrun for data_pipeline_v01 to 2025-04-22 00:00:00+00:00, run_after=2025-04-23 00:00:00+00:00
[2025-04-23T15:01:56.149+0700] {processor.py:208} INFO - Processing /home/minhle/mlops/dags/data_pipeline.py took 0.671 seconds
[2025-04-23T15:02:27.419+0700] {processor.py:186} INFO - Started process (PID=369761) to work on /home/minhle/mlops/dags/data_pipeline.py
[2025-04-23T15:02:27.421+0700] {processor.py:914} INFO - Processing file /home/minhle/mlops/dags/data_pipeline.py for tasks to queue
[2025-04-23T15:02:27.423+0700] {logging_mixin.py:190} INFO - [2025-04-23T15:02:27.422+0700] {dagbag.py:588} INFO - Filling up the DagBag from /home/minhle/mlops/dags/data_pipeline.py
[2025-04-23T15:02:27.985+0700] {processor.py:925} INFO - DAG(s) 'data_pipeline_v01' retrieved from /home/minhle/mlops/dags/data_pipeline.py
[2025-04-23T15:02:27.992+0700] {logging_mixin.py:190} INFO - [2025-04-23T15:02:27.992+0700] {dag.py:3239} INFO - Sync 1 DAGs
[2025-04-23T15:02:27.999+0700] {logging_mixin.py:190} INFO - [2025-04-23T15:02:27.999+0700] {dag.py:4180} INFO - Setting next_dagrun for data_pipeline_v01 to 2025-04-22 00:00:00+00:00, run_after=2025-04-23 00:00:00+00:00
[2025-04-23T15:02:28.141+0700] {processor.py:208} INFO - Processing /home/minhle/mlops/dags/data_pipeline.py took 0.728 seconds
[2025-04-23T15:02:59.483+0700] {processor.py:186} INFO - Started process (PID=369841) to work on /home/minhle/mlops/dags/data_pipeline.py
[2025-04-23T15:02:59.485+0700] {processor.py:914} INFO - Processing file /home/minhle/mlops/dags/data_pipeline.py for tasks to queue
[2025-04-23T15:02:59.486+0700] {logging_mixin.py:190} INFO - [2025-04-23T15:02:59.486+0700] {dagbag.py:588} INFO - Filling up the DagBag from /home/minhle/mlops/dags/data_pipeline.py
[2025-04-23T15:03:00.045+0700] {processor.py:925} INFO - DAG(s) 'data_pipeline_v01' retrieved from /home/minhle/mlops/dags/data_pipeline.py
[2025-04-23T15:03:00.052+0700] {logging_mixin.py:190} INFO - [2025-04-23T15:03:00.052+0700] {dag.py:3239} INFO - Sync 1 DAGs
[2025-04-23T15:03:00.129+0700] {logging_mixin.py:190} INFO - [2025-04-23T15:03:00.129+0700] {dag.py:4180} INFO - Setting next_dagrun for data_pipeline_v01 to 2025-04-22 00:00:00+00:00, run_after=2025-04-23 00:00:00+00:00
[2025-04-23T15:03:00.199+0700] {processor.py:208} INFO - Processing /home/minhle/mlops/dags/data_pipeline.py took 0.726 seconds
[2025-04-23T15:03:31.486+0700] {processor.py:186} INFO - Started process (PID=369932) to work on /home/minhle/mlops/dags/data_pipeline.py
[2025-04-23T15:03:31.486+0700] {processor.py:914} INFO - Processing file /home/minhle/mlops/dags/data_pipeline.py for tasks to queue
[2025-04-23T15:03:31.487+0700] {logging_mixin.py:190} INFO - [2025-04-23T15:03:31.487+0700] {dagbag.py:588} INFO - Filling up the DagBag from /home/minhle/mlops/dags/data_pipeline.py
[2025-04-23T15:03:32.039+0700] {processor.py:925} INFO - DAG(s) 'data_pipeline_v01' retrieved from /home/minhle/mlops/dags/data_pipeline.py
[2025-04-23T15:03:32.047+0700] {logging_mixin.py:190} INFO - [2025-04-23T15:03:32.046+0700] {dag.py:3239} INFO - Sync 1 DAGs
[2025-04-23T15:03:32.125+0700] {logging_mixin.py:190} INFO - [2025-04-23T15:03:32.124+0700] {dag.py:4180} INFO - Setting next_dagrun for data_pipeline_v01 to 2025-04-22 00:00:00+00:00, run_after=2025-04-23 00:00:00+00:00
[2025-04-23T15:03:32.212+0700] {processor.py:208} INFO - Processing /home/minhle/mlops/dags/data_pipeline.py took 0.733 seconds
[2025-04-23T15:04:03.280+0700] {processor.py:186} INFO - Started process (PID=370039) to work on /home/minhle/mlops/dags/data_pipeline.py
[2025-04-23T15:04:03.282+0700] {processor.py:914} INFO - Processing file /home/minhle/mlops/dags/data_pipeline.py for tasks to queue
[2025-04-23T15:04:03.284+0700] {logging_mixin.py:190} INFO - [2025-04-23T15:04:03.284+0700] {dagbag.py:588} INFO - Filling up the DagBag from /home/minhle/mlops/dags/data_pipeline.py
[2025-04-23T15:04:03.842+0700] {processor.py:925} INFO - DAG(s) 'data_pipeline_v01' retrieved from /home/minhle/mlops/dags/data_pipeline.py
[2025-04-23T15:04:03.850+0700] {logging_mixin.py:190} INFO - [2025-04-23T15:04:03.849+0700] {dag.py:3239} INFO - Sync 1 DAGs
[2025-04-23T15:04:03.856+0700] {logging_mixin.py:190} INFO - [2025-04-23T15:04:03.856+0700] {dag.py:4180} INFO - Setting next_dagrun for data_pipeline_v01 to 2025-04-22 00:00:00+00:00, run_after=2025-04-23 00:00:00+00:00
[2025-04-23T15:04:03.928+0700] {processor.py:208} INFO - Processing /home/minhle/mlops/dags/data_pipeline.py took 0.657 seconds
[2025-04-23T15:04:34.911+0700] {processor.py:186} INFO - Started process (PID=370120) to work on /home/minhle/mlops/dags/data_pipeline.py
[2025-04-23T15:04:34.912+0700] {processor.py:914} INFO - Processing file /home/minhle/mlops/dags/data_pipeline.py for tasks to queue
[2025-04-23T15:04:34.913+0700] {logging_mixin.py:190} INFO - [2025-04-23T15:04:34.913+0700] {dagbag.py:588} INFO - Filling up the DagBag from /home/minhle/mlops/dags/data_pipeline.py
[2025-04-23T15:04:35.481+0700] {processor.py:925} INFO - DAG(s) 'data_pipeline_v01' retrieved from /home/minhle/mlops/dags/data_pipeline.py
[2025-04-23T15:04:35.488+0700] {logging_mixin.py:190} INFO - [2025-04-23T15:04:35.487+0700] {dag.py:3239} INFO - Sync 1 DAGs
[2025-04-23T15:04:35.494+0700] {logging_mixin.py:190} INFO - [2025-04-23T15:04:35.494+0700] {dag.py:4180} INFO - Setting next_dagrun for data_pipeline_v01 to 2025-04-22 00:00:00+00:00, run_after=2025-04-23 00:00:00+00:00
[2025-04-23T15:04:35.560+0700] {processor.py:208} INFO - Processing /home/minhle/mlops/dags/data_pipeline.py took 0.657 seconds
[2025-04-23T15:05:06.867+0700] {processor.py:186} INFO - Started process (PID=370200) to work on /home/minhle/mlops/dags/data_pipeline.py
[2025-04-23T15:05:06.868+0700] {processor.py:914} INFO - Processing file /home/minhle/mlops/dags/data_pipeline.py for tasks to queue
[2025-04-23T15:05:06.869+0700] {logging_mixin.py:190} INFO - [2025-04-23T15:05:06.869+0700] {dagbag.py:588} INFO - Filling up the DagBag from /home/minhle/mlops/dags/data_pipeline.py
[2025-04-23T15:05:07.434+0700] {processor.py:925} INFO - DAG(s) 'data_pipeline_v01' retrieved from /home/minhle/mlops/dags/data_pipeline.py
[2025-04-23T15:05:07.441+0700] {logging_mixin.py:190} INFO - [2025-04-23T15:05:07.441+0700] {dag.py:3239} INFO - Sync 1 DAGs
[2025-04-23T15:05:07.448+0700] {logging_mixin.py:190} INFO - [2025-04-23T15:05:07.448+0700] {dag.py:4180} INFO - Setting next_dagrun for data_pipeline_v01 to 2025-04-22 00:00:00+00:00, run_after=2025-04-23 00:00:00+00:00
[2025-04-23T15:05:07.515+0700] {processor.py:208} INFO - Processing /home/minhle/mlops/dags/data_pipeline.py took 0.653 seconds
[2025-04-23T15:05:38.254+0700] {processor.py:186} INFO - Started process (PID=370280) to work on /home/minhle/mlops/dags/data_pipeline.py
[2025-04-23T15:05:38.255+0700] {processor.py:914} INFO - Processing file /home/minhle/mlops/dags/data_pipeline.py for tasks to queue
[2025-04-23T15:05:38.256+0700] {logging_mixin.py:190} INFO - [2025-04-23T15:05:38.255+0700] {dagbag.py:588} INFO - Filling up the DagBag from /home/minhle/mlops/dags/data_pipeline.py
[2025-04-23T15:05:38.804+0700] {processor.py:925} INFO - DAG(s) 'data_pipeline_v01' retrieved from /home/minhle/mlops/dags/data_pipeline.py
[2025-04-23T15:05:38.811+0700] {logging_mixin.py:190} INFO - [2025-04-23T15:05:38.810+0700] {dag.py:3239} INFO - Sync 1 DAGs
[2025-04-23T15:05:38.817+0700] {logging_mixin.py:190} INFO - [2025-04-23T15:05:38.817+0700] {dag.py:4180} INFO - Setting next_dagrun for data_pipeline_v01 to 2025-04-22 00:00:00+00:00, run_after=2025-04-23 00:00:00+00:00
[2025-04-23T15:05:38.951+0700] {processor.py:208} INFO - Processing /home/minhle/mlops/dags/data_pipeline.py took 0.700 seconds
[2025-04-23T15:06:10.432+0700] {processor.py:186} INFO - Started process (PID=370399) to work on /home/minhle/mlops/dags/data_pipeline.py
[2025-04-23T15:06:10.432+0700] {processor.py:914} INFO - Processing file /home/minhle/mlops/dags/data_pipeline.py for tasks to queue
[2025-04-23T15:06:10.433+0700] {logging_mixin.py:190} INFO - [2025-04-23T15:06:10.433+0700] {dagbag.py:588} INFO - Filling up the DagBag from /home/minhle/mlops/dags/data_pipeline.py
[2025-04-23T15:06:10.973+0700] {processor.py:925} INFO - DAG(s) 'data_pipeline_v01' retrieved from /home/minhle/mlops/dags/data_pipeline.py
[2025-04-23T15:06:10.979+0700] {logging_mixin.py:190} INFO - [2025-04-23T15:06:10.979+0700] {dag.py:3239} INFO - Sync 1 DAGs
[2025-04-23T15:06:11.050+0700] {logging_mixin.py:190} INFO - [2025-04-23T15:06:11.050+0700] {dag.py:4180} INFO - Setting next_dagrun for data_pipeline_v01 to 2025-04-22 00:00:00+00:00, run_after=2025-04-23 00:00:00+00:00
[2025-04-23T15:06:11.125+0700] {processor.py:208} INFO - Processing /home/minhle/mlops/dags/data_pipeline.py took 0.699 seconds
[2025-04-23T15:06:42.905+0700] {processor.py:186} INFO - Started process (PID=370548) to work on /home/minhle/mlops/dags/data_pipeline.py
[2025-04-23T15:06:42.907+0700] {processor.py:914} INFO - Processing file /home/minhle/mlops/dags/data_pipeline.py for tasks to queue
[2025-04-23T15:06:42.909+0700] {logging_mixin.py:190} INFO - [2025-04-23T15:06:42.909+0700] {dagbag.py:588} INFO - Filling up the DagBag from /home/minhle/mlops/dags/data_pipeline.py
[2025-04-23T15:06:43.561+0700] {processor.py:925} INFO - DAG(s) 'data_pipeline_v01' retrieved from /home/minhle/mlops/dags/data_pipeline.py
[2025-04-23T15:06:43.568+0700] {logging_mixin.py:190} INFO - [2025-04-23T15:06:43.568+0700] {dag.py:3239} INFO - Sync 1 DAGs
[2025-04-23T15:06:43.656+0700] {logging_mixin.py:190} INFO - [2025-04-23T15:06:43.655+0700] {dag.py:4180} INFO - Setting next_dagrun for data_pipeline_v01 to 2025-04-22 00:00:00+00:00, run_after=2025-04-23 00:00:00+00:00
[2025-04-23T15:06:43.718+0700] {processor.py:208} INFO - Processing /home/minhle/mlops/dags/data_pipeline.py took 0.821 seconds
[2025-04-23T15:07:14.614+0700] {processor.py:186} INFO - Started process (PID=370736) to work on /home/minhle/mlops/dags/data_pipeline.py
[2025-04-23T15:07:14.615+0700] {processor.py:914} INFO - Processing file /home/minhle/mlops/dags/data_pipeline.py for tasks to queue
[2025-04-23T15:07:14.616+0700] {logging_mixin.py:190} INFO - [2025-04-23T15:07:14.615+0700] {dagbag.py:588} INFO - Filling up the DagBag from /home/minhle/mlops/dags/data_pipeline.py
[2025-04-23T15:07:15.174+0700] {processor.py:925} INFO - DAG(s) 'data_pipeline_v01' retrieved from /home/minhle/mlops/dags/data_pipeline.py
[2025-04-23T15:07:15.244+0700] {logging_mixin.py:190} INFO - [2025-04-23T15:07:15.244+0700] {dag.py:3239} INFO - Sync 1 DAGs
[2025-04-23T15:07:15.251+0700] {logging_mixin.py:190} INFO - [2025-04-23T15:07:15.250+0700] {dag.py:4180} INFO - Setting next_dagrun for data_pipeline_v01 to 2025-04-22 00:00:00+00:00, run_after=2025-04-23 00:00:00+00:00
[2025-04-23T15:07:16.167+0700] {processor.py:208} INFO - Processing /home/minhle/mlops/dags/data_pipeline.py took 1.557 seconds
[2025-04-23T15:07:46.954+0700] {processor.py:186} INFO - Started process (PID=370820) to work on /home/minhle/mlops/dags/data_pipeline.py
[2025-04-23T15:07:46.955+0700] {processor.py:914} INFO - Processing file /home/minhle/mlops/dags/data_pipeline.py for tasks to queue
[2025-04-23T15:07:46.957+0700] {logging_mixin.py:190} INFO - [2025-04-23T15:07:46.956+0700] {dagbag.py:588} INFO - Filling up the DagBag from /home/minhle/mlops/dags/data_pipeline.py
[2025-04-23T15:07:47.505+0700] {processor.py:925} INFO - DAG(s) 'data_pipeline_v01' retrieved from /home/minhle/mlops/dags/data_pipeline.py
[2025-04-23T15:07:47.576+0700] {logging_mixin.py:190} INFO - [2025-04-23T15:07:47.576+0700] {dag.py:3239} INFO - Sync 1 DAGs
[2025-04-23T15:07:47.583+0700] {logging_mixin.py:190} INFO - [2025-04-23T15:07:47.583+0700] {dag.py:4180} INFO - Setting next_dagrun for data_pipeline_v01 to 2025-04-22 00:00:00+00:00, run_after=2025-04-23 00:00:00+00:00
[2025-04-23T15:07:47.646+0700] {processor.py:208} INFO - Processing /home/minhle/mlops/dags/data_pipeline.py took 0.697 seconds
[2025-04-23T15:08:18.942+0700] {processor.py:186} INFO - Started process (PID=371021) to work on /home/minhle/mlops/dags/data_pipeline.py
[2025-04-23T15:08:18.943+0700] {processor.py:914} INFO - Processing file /home/minhle/mlops/dags/data_pipeline.py for tasks to queue
[2025-04-23T15:08:18.943+0700] {logging_mixin.py:190} INFO - [2025-04-23T15:08:18.943+0700] {dagbag.py:588} INFO - Filling up the DagBag from /home/minhle/mlops/dags/data_pipeline.py
[2025-04-23T15:08:19.788+0700] {processor.py:925} INFO - DAG(s) 'data_pipeline_v01' retrieved from /home/minhle/mlops/dags/data_pipeline.py
[2025-04-23T15:08:19.795+0700] {logging_mixin.py:190} INFO - [2025-04-23T15:08:19.795+0700] {dag.py:3239} INFO - Sync 1 DAGs
[2025-04-23T15:08:19.802+0700] {logging_mixin.py:190} INFO - [2025-04-23T15:08:19.802+0700] {dag.py:4180} INFO - Setting next_dagrun for data_pipeline_v01 to 2025-04-22 00:00:00+00:00, run_after=2025-04-23 00:00:00+00:00
[2025-04-23T15:08:19.891+0700] {processor.py:208} INFO - Processing /home/minhle/mlops/dags/data_pipeline.py took 0.953 seconds
[2025-04-23T15:08:50.723+0700] {processor.py:186} INFO - Started process (PID=371201) to work on /home/minhle/mlops/dags/data_pipeline.py
[2025-04-23T15:08:50.723+0700] {processor.py:914} INFO - Processing file /home/minhle/mlops/dags/data_pipeline.py for tasks to queue
[2025-04-23T15:08:50.725+0700] {logging_mixin.py:190} INFO - [2025-04-23T15:08:50.724+0700] {dagbag.py:588} INFO - Filling up the DagBag from /home/minhle/mlops/dags/data_pipeline.py
[2025-04-23T15:08:51.301+0700] {processor.py:925} INFO - DAG(s) 'data_pipeline_v01' retrieved from /home/minhle/mlops/dags/data_pipeline.py
[2025-04-23T15:08:51.308+0700] {logging_mixin.py:190} INFO - [2025-04-23T15:08:51.308+0700] {dag.py:3239} INFO - Sync 1 DAGs
[2025-04-23T15:08:51.316+0700] {logging_mixin.py:190} INFO - [2025-04-23T15:08:51.315+0700] {dag.py:4180} INFO - Setting next_dagrun for data_pipeline_v01 to 2025-04-22 00:00:00+00:00, run_after=2025-04-23 00:00:00+00:00
[2025-04-23T15:08:51.461+0700] {processor.py:208} INFO - Processing /home/minhle/mlops/dags/data_pipeline.py took 0.744 seconds
[2025-04-23T15:09:22.412+0700] {processor.py:186} INFO - Started process (PID=371323) to work on /home/minhle/mlops/dags/data_pipeline.py
[2025-04-23T15:09:22.412+0700] {processor.py:914} INFO - Processing file /home/minhle/mlops/dags/data_pipeline.py for tasks to queue
[2025-04-23T15:09:22.413+0700] {logging_mixin.py:190} INFO - [2025-04-23T15:09:22.412+0700] {dagbag.py:588} INFO - Filling up the DagBag from /home/minhle/mlops/dags/data_pipeline.py
[2025-04-23T15:09:22.957+0700] {processor.py:925} INFO - DAG(s) 'data_pipeline_v01' retrieved from /home/minhle/mlops/dags/data_pipeline.py
[2025-04-23T15:09:22.964+0700] {logging_mixin.py:190} INFO - [2025-04-23T15:09:22.964+0700] {dag.py:3239} INFO - Sync 1 DAGs
[2025-04-23T15:09:23.036+0700] {logging_mixin.py:190} INFO - [2025-04-23T15:09:23.036+0700] {dag.py:4180} INFO - Setting next_dagrun for data_pipeline_v01 to 2025-04-22 00:00:00+00:00, run_after=2025-04-23 00:00:00+00:00
[2025-04-23T15:09:23.109+0700] {processor.py:208} INFO - Processing /home/minhle/mlops/dags/data_pipeline.py took 0.702 seconds
[2025-04-23T15:09:54.489+0700] {processor.py:186} INFO - Started process (PID=371445) to work on /home/minhle/mlops/dags/data_pipeline.py
[2025-04-23T15:09:54.490+0700] {processor.py:914} INFO - Processing file /home/minhle/mlops/dags/data_pipeline.py for tasks to queue
[2025-04-23T15:09:54.490+0700] {logging_mixin.py:190} INFO - [2025-04-23T15:09:54.490+0700] {dagbag.py:588} INFO - Filling up the DagBag from /home/minhle/mlops/dags/data_pipeline.py
[2025-04-23T15:09:55.086+0700] {processor.py:925} INFO - DAG(s) 'data_pipeline_v01' retrieved from /home/minhle/mlops/dags/data_pipeline.py
[2025-04-23T15:09:55.093+0700] {logging_mixin.py:190} INFO - [2025-04-23T15:09:55.093+0700] {dag.py:3239} INFO - Sync 1 DAGs
[2025-04-23T15:09:55.172+0700] {logging_mixin.py:190} INFO - [2025-04-23T15:09:55.172+0700] {dag.py:4180} INFO - Setting next_dagrun for data_pipeline_v01 to 2025-04-22 00:00:00+00:00, run_after=2025-04-23 00:00:00+00:00
[2025-04-23T15:09:55.277+0700] {processor.py:208} INFO - Processing /home/minhle/mlops/dags/data_pipeline.py took 0.793 seconds
[2025-04-23T15:10:26.328+0700] {processor.py:186} INFO - Started process (PID=371703) to work on /home/minhle/mlops/dags/data_pipeline.py
[2025-04-23T15:10:26.329+0700] {processor.py:914} INFO - Processing file /home/minhle/mlops/dags/data_pipeline.py for tasks to queue
[2025-04-23T15:10:26.329+0700] {logging_mixin.py:190} INFO - [2025-04-23T15:10:26.329+0700] {dagbag.py:588} INFO - Filling up the DagBag from /home/minhle/mlops/dags/data_pipeline.py
[2025-04-23T15:10:26.902+0700] {processor.py:925} INFO - DAG(s) 'data_pipeline_v01' retrieved from /home/minhle/mlops/dags/data_pipeline.py
[2025-04-23T15:10:26.982+0700] {logging_mixin.py:190} INFO - [2025-04-23T15:10:26.982+0700] {dag.py:3239} INFO - Sync 1 DAGs
[2025-04-23T15:10:26.989+0700] {logging_mixin.py:190} INFO - [2025-04-23T15:10:26.989+0700] {dag.py:4180} INFO - Setting next_dagrun for data_pipeline_v01 to 2025-04-22 00:00:00+00:00, run_after=2025-04-23 00:00:00+00:00
[2025-04-23T15:10:27.075+0700] {processor.py:208} INFO - Processing /home/minhle/mlops/dags/data_pipeline.py took 0.754 seconds
[2025-04-23T15:10:58.417+0700] {processor.py:186} INFO - Started process (PID=371790) to work on /home/minhle/mlops/dags/data_pipeline.py
[2025-04-23T15:10:58.418+0700] {processor.py:914} INFO - Processing file /home/minhle/mlops/dags/data_pipeline.py for tasks to queue
[2025-04-23T15:10:58.419+0700] {logging_mixin.py:190} INFO - [2025-04-23T15:10:58.418+0700] {dagbag.py:588} INFO - Filling up the DagBag from /home/minhle/mlops/dags/data_pipeline.py
[2025-04-23T15:10:58.978+0700] {processor.py:925} INFO - DAG(s) 'data_pipeline_v01' retrieved from /home/minhle/mlops/dags/data_pipeline.py
[2025-04-23T15:10:59.050+0700] {logging_mixin.py:190} INFO - [2025-04-23T15:10:59.050+0700] {dag.py:3239} INFO - Sync 1 DAGs
[2025-04-23T15:10:59.057+0700] {logging_mixin.py:190} INFO - [2025-04-23T15:10:59.057+0700] {dag.py:4180} INFO - Setting next_dagrun for data_pipeline_v01 to 2025-04-22 00:00:00+00:00, run_after=2025-04-23 00:00:00+00:00
[2025-04-23T15:10:59.123+0700] {processor.py:208} INFO - Processing /home/minhle/mlops/dags/data_pipeline.py took 0.709 seconds
[2025-04-23T15:11:30.223+0700] {processor.py:186} INFO - Started process (PID=371885) to work on /home/minhle/mlops/dags/data_pipeline.py
[2025-04-23T15:11:30.224+0700] {processor.py:914} INFO - Processing file /home/minhle/mlops/dags/data_pipeline.py for tasks to queue
[2025-04-23T15:11:30.225+0700] {logging_mixin.py:190} INFO - [2025-04-23T15:11:30.225+0700] {dagbag.py:588} INFO - Filling up the DagBag from /home/minhle/mlops/dags/data_pipeline.py
[2025-04-23T15:11:30.809+0700] {processor.py:925} INFO - DAG(s) 'data_pipeline_v01' retrieved from /home/minhle/mlops/dags/data_pipeline.py
[2025-04-23T15:11:30.816+0700] {logging_mixin.py:190} INFO - [2025-04-23T15:11:30.816+0700] {dag.py:3239} INFO - Sync 1 DAGs
[2025-04-23T15:11:30.823+0700] {logging_mixin.py:190} INFO - [2025-04-23T15:11:30.823+0700] {dag.py:4180} INFO - Setting next_dagrun for data_pipeline_v01 to 2025-04-22 00:00:00+00:00, run_after=2025-04-23 00:00:00+00:00
[2025-04-23T15:11:30.886+0700] {processor.py:208} INFO - Processing /home/minhle/mlops/dags/data_pipeline.py took 0.669 seconds
[2025-04-23T15:12:01.736+0700] {processor.py:186} INFO - Started process (PID=371984) to work on /home/minhle/mlops/dags/data_pipeline.py
[2025-04-23T15:12:01.737+0700] {processor.py:914} INFO - Processing file /home/minhle/mlops/dags/data_pipeline.py for tasks to queue
[2025-04-23T15:12:01.738+0700] {logging_mixin.py:190} INFO - [2025-04-23T15:12:01.738+0700] {dagbag.py:588} INFO - Filling up the DagBag from /home/minhle/mlops/dags/data_pipeline.py
[2025-04-23T15:12:02.304+0700] {processor.py:925} INFO - DAG(s) 'data_pipeline_v01' retrieved from /home/minhle/mlops/dags/data_pipeline.py
[2025-04-23T15:12:02.311+0700] {logging_mixin.py:190} INFO - [2025-04-23T15:12:02.311+0700] {dag.py:3239} INFO - Sync 1 DAGs
[2025-04-23T15:12:02.318+0700] {logging_mixin.py:190} INFO - [2025-04-23T15:12:02.318+0700] {dag.py:4180} INFO - Setting next_dagrun for data_pipeline_v01 to 2025-04-22 00:00:00+00:00, run_after=2025-04-23 00:00:00+00:00
[2025-04-23T15:12:02.456+0700] {processor.py:208} INFO - Processing /home/minhle/mlops/dags/data_pipeline.py took 0.726 seconds
[2025-04-23T15:12:33.789+0700] {processor.py:186} INFO - Started process (PID=372081) to work on /home/minhle/mlops/dags/data_pipeline.py
[2025-04-23T15:12:33.790+0700] {processor.py:914} INFO - Processing file /home/minhle/mlops/dags/data_pipeline.py for tasks to queue
[2025-04-23T15:12:33.792+0700] {logging_mixin.py:190} INFO - [2025-04-23T15:12:33.792+0700] {dagbag.py:588} INFO - Filling up the DagBag from /home/minhle/mlops/dags/data_pipeline.py
[2025-04-23T15:12:34.350+0700] {processor.py:925} INFO - DAG(s) 'data_pipeline_v01' retrieved from /home/minhle/mlops/dags/data_pipeline.py
[2025-04-23T15:12:34.356+0700] {logging_mixin.py:190} INFO - [2025-04-23T15:12:34.356+0700] {dag.py:3239} INFO - Sync 1 DAGs
[2025-04-23T15:12:34.429+0700] {logging_mixin.py:190} INFO - [2025-04-23T15:12:34.429+0700] {dag.py:4180} INFO - Setting next_dagrun for data_pipeline_v01 to 2025-04-22 00:00:00+00:00, run_after=2025-04-23 00:00:00+00:00
[2025-04-23T15:12:34.496+0700] {processor.py:208} INFO - Processing /home/minhle/mlops/dags/data_pipeline.py took 0.713 seconds
[2025-04-23T15:13:05.582+0700] {processor.py:186} INFO - Started process (PID=372191) to work on /home/minhle/mlops/dags/data_pipeline.py
[2025-04-23T15:13:05.583+0700] {processor.py:914} INFO - Processing file /home/minhle/mlops/dags/data_pipeline.py for tasks to queue
[2025-04-23T15:13:05.583+0700] {logging_mixin.py:190} INFO - [2025-04-23T15:13:05.583+0700] {dagbag.py:588} INFO - Filling up the DagBag from /home/minhle/mlops/dags/data_pipeline.py
[2025-04-23T15:13:06.147+0700] {processor.py:925} INFO - DAG(s) 'data_pipeline_v01' retrieved from /home/minhle/mlops/dags/data_pipeline.py
[2025-04-23T15:13:06.154+0700] {logging_mixin.py:190} INFO - [2025-04-23T15:13:06.154+0700] {dag.py:3239} INFO - Sync 1 DAGs
[2025-04-23T15:13:06.225+0700] {logging_mixin.py:190} INFO - [2025-04-23T15:13:06.225+0700] {dag.py:4180} INFO - Setting next_dagrun for data_pipeline_v01 to 2025-04-22 00:00:00+00:00, run_after=2025-04-23 00:00:00+00:00
[2025-04-23T15:13:06.293+0700] {processor.py:208} INFO - Processing /home/minhle/mlops/dags/data_pipeline.py took 0.717 seconds
[2025-04-23T15:13:37.388+0700] {processor.py:186} INFO - Started process (PID=372274) to work on /home/minhle/mlops/dags/data_pipeline.py
[2025-04-23T15:13:37.397+0700] {processor.py:914} INFO - Processing file /home/minhle/mlops/dags/data_pipeline.py for tasks to queue
[2025-04-23T15:13:37.399+0700] {logging_mixin.py:190} INFO - [2025-04-23T15:13:37.398+0700] {dagbag.py:588} INFO - Filling up the DagBag from /home/minhle/mlops/dags/data_pipeline.py
[2025-04-23T15:13:37.957+0700] {processor.py:925} INFO - DAG(s) 'data_pipeline_v01' retrieved from /home/minhle/mlops/dags/data_pipeline.py
[2025-04-23T15:13:38.031+0700] {logging_mixin.py:190} INFO - [2025-04-23T15:13:38.031+0700] {dag.py:3239} INFO - Sync 1 DAGs
[2025-04-23T15:13:38.038+0700] {logging_mixin.py:190} INFO - [2025-04-23T15:13:38.038+0700] {dag.py:4180} INFO - Setting next_dagrun for data_pipeline_v01 to 2025-04-22 00:00:00+00:00, run_after=2025-04-23 00:00:00+00:00
[2025-04-23T15:13:38.097+0700] {processor.py:208} INFO - Processing /home/minhle/mlops/dags/data_pipeline.py took 0.718 seconds
[2025-04-23T15:14:09.141+0700] {processor.py:186} INFO - Started process (PID=372411) to work on /home/minhle/mlops/dags/data_pipeline.py
[2025-04-23T15:14:09.142+0700] {processor.py:914} INFO - Processing file /home/minhle/mlops/dags/data_pipeline.py for tasks to queue
[2025-04-23T15:14:09.142+0700] {logging_mixin.py:190} INFO - [2025-04-23T15:14:09.142+0700] {dagbag.py:588} INFO - Filling up the DagBag from /home/minhle/mlops/dags/data_pipeline.py
[2025-04-23T15:14:09.691+0700] {processor.py:925} INFO - DAG(s) 'data_pipeline_v01' retrieved from /home/minhle/mlops/dags/data_pipeline.py
[2025-04-23T15:14:09.764+0700] {logging_mixin.py:190} INFO - [2025-04-23T15:14:09.763+0700] {dag.py:3239} INFO - Sync 1 DAGs
[2025-04-23T15:14:09.770+0700] {logging_mixin.py:190} INFO - [2025-04-23T15:14:09.770+0700] {dag.py:4180} INFO - Setting next_dagrun for data_pipeline_v01 to 2025-04-22 00:00:00+00:00, run_after=2025-04-23 00:00:00+00:00
[2025-04-23T15:14:09.857+0700] {processor.py:208} INFO - Processing /home/minhle/mlops/dags/data_pipeline.py took 0.723 seconds
[2025-04-23T15:14:40.929+0700] {processor.py:186} INFO - Started process (PID=372493) to work on /home/minhle/mlops/dags/data_pipeline.py
[2025-04-23T15:14:40.936+0700] {processor.py:914} INFO - Processing file /home/minhle/mlops/dags/data_pipeline.py for tasks to queue
[2025-04-23T15:14:40.938+0700] {logging_mixin.py:190} INFO - [2025-04-23T15:14:40.937+0700] {dagbag.py:588} INFO - Filling up the DagBag from /home/minhle/mlops/dags/data_pipeline.py
[2025-04-23T15:14:41.561+0700] {processor.py:925} INFO - DAG(s) 'data_pipeline_v01' retrieved from /home/minhle/mlops/dags/data_pipeline.py
[2025-04-23T15:14:41.567+0700] {logging_mixin.py:190} INFO - [2025-04-23T15:14:41.567+0700] {dag.py:3239} INFO - Sync 1 DAGs
[2025-04-23T15:14:41.574+0700] {logging_mixin.py:190} INFO - [2025-04-23T15:14:41.574+0700] {dag.py:4180} INFO - Setting next_dagrun for data_pipeline_v01 to 2025-04-22 00:00:00+00:00, run_after=2025-04-23 00:00:00+00:00
[2025-04-23T15:14:41.637+0700] {processor.py:208} INFO - Processing /home/minhle/mlops/dags/data_pipeline.py took 0.715 seconds
[2025-04-23T15:15:12.700+0700] {processor.py:186} INFO - Started process (PID=372592) to work on /home/minhle/mlops/dags/data_pipeline.py
[2025-04-23T15:15:12.701+0700] {processor.py:914} INFO - Processing file /home/minhle/mlops/dags/data_pipeline.py for tasks to queue
[2025-04-23T15:15:12.702+0700] {logging_mixin.py:190} INFO - [2025-04-23T15:15:12.702+0700] {dagbag.py:588} INFO - Filling up the DagBag from /home/minhle/mlops/dags/data_pipeline.py
[2025-04-23T15:15:13.353+0700] {processor.py:925} INFO - DAG(s) 'data_pipeline_v01' retrieved from /home/minhle/mlops/dags/data_pipeline.py
[2025-04-23T15:15:13.360+0700] {logging_mixin.py:190} INFO - [2025-04-23T15:15:13.360+0700] {dag.py:3239} INFO - Sync 1 DAGs
[2025-04-23T15:15:13.367+0700] {logging_mixin.py:190} INFO - [2025-04-23T15:15:13.367+0700] {dag.py:4180} INFO - Setting next_dagrun for data_pipeline_v01 to 2025-04-22 00:00:00+00:00, run_after=2025-04-23 00:00:00+00:00
[2025-04-23T15:15:13.459+0700] {processor.py:208} INFO - Processing /home/minhle/mlops/dags/data_pipeline.py took 0.765 seconds
[2025-04-23T15:15:44.488+0700] {processor.py:186} INFO - Started process (PID=372673) to work on /home/minhle/mlops/dags/data_pipeline.py
[2025-04-23T15:15:44.493+0700] {processor.py:914} INFO - Processing file /home/minhle/mlops/dags/data_pipeline.py for tasks to queue
[2025-04-23T15:15:44.495+0700] {logging_mixin.py:190} INFO - [2025-04-23T15:15:44.494+0700] {dagbag.py:588} INFO - Filling up the DagBag from /home/minhle/mlops/dags/data_pipeline.py
[2025-04-23T15:15:45.069+0700] {processor.py:925} INFO - DAG(s) 'data_pipeline_v01' retrieved from /home/minhle/mlops/dags/data_pipeline.py
[2025-04-23T15:15:45.075+0700] {logging_mixin.py:190} INFO - [2025-04-23T15:15:45.075+0700] {dag.py:3239} INFO - Sync 1 DAGs
[2025-04-23T15:15:45.149+0700] {logging_mixin.py:190} INFO - [2025-04-23T15:15:45.149+0700] {dag.py:4180} INFO - Setting next_dagrun for data_pipeline_v01 to 2025-04-22 00:00:00+00:00, run_after=2025-04-23 00:00:00+00:00
[2025-04-23T15:15:45.215+0700] {processor.py:208} INFO - Processing /home/minhle/mlops/dags/data_pipeline.py took 0.732 seconds
[2025-04-23T15:16:16.347+0700] {processor.py:186} INFO - Started process (PID=372754) to work on /home/minhle/mlops/dags/data_pipeline.py
[2025-04-23T15:16:16.347+0700] {processor.py:914} INFO - Processing file /home/minhle/mlops/dags/data_pipeline.py for tasks to queue
[2025-04-23T15:16:16.348+0700] {logging_mixin.py:190} INFO - [2025-04-23T15:16:16.348+0700] {dagbag.py:588} INFO - Filling up the DagBag from /home/minhle/mlops/dags/data_pipeline.py
[2025-04-23T15:16:16.894+0700] {processor.py:925} INFO - DAG(s) 'data_pipeline_v01' retrieved from /home/minhle/mlops/dags/data_pipeline.py
[2025-04-23T15:16:16.901+0700] {logging_mixin.py:190} INFO - [2025-04-23T15:16:16.901+0700] {dag.py:3239} INFO - Sync 1 DAGs
[2025-04-23T15:16:16.976+0700] {logging_mixin.py:190} INFO - [2025-04-23T15:16:16.975+0700] {dag.py:4180} INFO - Setting next_dagrun for data_pipeline_v01 to 2025-04-22 00:00:00+00:00, run_after=2025-04-23 00:00:00+00:00
[2025-04-23T15:16:17.043+0700] {processor.py:208} INFO - Processing /home/minhle/mlops/dags/data_pipeline.py took 0.702 seconds
[2025-04-23T15:16:48.752+0700] {processor.py:186} INFO - Started process (PID=372835) to work on /home/minhle/mlops/dags/data_pipeline.py
[2025-04-23T15:16:48.763+0700] {processor.py:914} INFO - Processing file /home/minhle/mlops/dags/data_pipeline.py for tasks to queue
[2025-04-23T15:16:48.766+0700] {logging_mixin.py:190} INFO - [2025-04-23T15:16:48.765+0700] {dagbag.py:588} INFO - Filling up the DagBag from /home/minhle/mlops/dags/data_pipeline.py
[2025-04-23T15:16:49.335+0700] {processor.py:925} INFO - DAG(s) 'data_pipeline_v01' retrieved from /home/minhle/mlops/dags/data_pipeline.py
[2025-04-23T15:16:49.413+0700] {logging_mixin.py:190} INFO - [2025-04-23T15:16:49.412+0700] {dag.py:3239} INFO - Sync 1 DAGs
[2025-04-23T15:16:49.420+0700] {logging_mixin.py:190} INFO - [2025-04-23T15:16:49.420+0700] {dag.py:4180} INFO - Setting next_dagrun for data_pipeline_v01 to 2025-04-22 00:00:00+00:00, run_after=2025-04-23 00:00:00+00:00
[2025-04-23T15:16:49.489+0700] {processor.py:208} INFO - Processing /home/minhle/mlops/dags/data_pipeline.py took 0.745 seconds
[2025-04-23T15:17:20.824+0700] {processor.py:186} INFO - Started process (PID=372928) to work on /home/minhle/mlops/dags/data_pipeline.py
[2025-04-23T15:17:20.824+0700] {processor.py:914} INFO - Processing file /home/minhle/mlops/dags/data_pipeline.py for tasks to queue
[2025-04-23T15:17:20.825+0700] {logging_mixin.py:190} INFO - [2025-04-23T15:17:20.824+0700] {dagbag.py:588} INFO - Filling up the DagBag from /home/minhle/mlops/dags/data_pipeline.py
[2025-04-23T15:17:21.378+0700] {processor.py:925} INFO - DAG(s) 'data_pipeline_v01' retrieved from /home/minhle/mlops/dags/data_pipeline.py
[2025-04-23T15:17:21.451+0700] {logging_mixin.py:190} INFO - [2025-04-23T15:17:21.451+0700] {dag.py:3239} INFO - Sync 1 DAGs
[2025-04-23T15:17:21.458+0700] {logging_mixin.py:190} INFO - [2025-04-23T15:17:21.458+0700] {dag.py:4180} INFO - Setting next_dagrun for data_pipeline_v01 to 2025-04-22 00:00:00+00:00, run_after=2025-04-23 00:00:00+00:00
[2025-04-23T15:17:21.523+0700] {processor.py:208} INFO - Processing /home/minhle/mlops/dags/data_pipeline.py took 0.705 seconds
[2025-04-23T15:17:52.357+0700] {processor.py:186} INFO - Started process (PID=373021) to work on /home/minhle/mlops/dags/data_pipeline.py
[2025-04-23T15:17:52.366+0700] {processor.py:914} INFO - Processing file /home/minhle/mlops/dags/data_pipeline.py for tasks to queue
[2025-04-23T15:17:52.369+0700] {logging_mixin.py:190} INFO - [2025-04-23T15:17:52.368+0700] {dagbag.py:588} INFO - Filling up the DagBag from /home/minhle/mlops/dags/data_pipeline.py
[2025-04-23T15:17:52.990+0700] {processor.py:925} INFO - DAG(s) 'data_pipeline_v01' retrieved from /home/minhle/mlops/dags/data_pipeline.py
[2025-04-23T15:17:52.997+0700] {logging_mixin.py:190} INFO - [2025-04-23T15:17:52.996+0700] {dag.py:3239} INFO - Sync 1 DAGs
[2025-04-23T15:17:53.003+0700] {logging_mixin.py:190} INFO - [2025-04-23T15:17:53.003+0700] {dag.py:4180} INFO - Setting next_dagrun for data_pipeline_v01 to 2025-04-22 00:00:00+00:00, run_after=2025-04-23 00:00:00+00:00
[2025-04-23T15:17:53.097+0700] {processor.py:208} INFO - Processing /home/minhle/mlops/dags/data_pipeline.py took 0.746 seconds
[2025-04-23T15:18:24.496+0700] {processor.py:186} INFO - Started process (PID=373154) to work on /home/minhle/mlops/dags/data_pipeline.py
[2025-04-23T15:18:24.497+0700] {processor.py:914} INFO - Processing file /home/minhle/mlops/dags/data_pipeline.py for tasks to queue
[2025-04-23T15:18:24.498+0700] {logging_mixin.py:190} INFO - [2025-04-23T15:18:24.497+0700] {dagbag.py:588} INFO - Filling up the DagBag from /home/minhle/mlops/dags/data_pipeline.py
[2025-04-23T15:18:25.141+0700] {processor.py:925} INFO - DAG(s) 'data_pipeline_v01' retrieved from /home/minhle/mlops/dags/data_pipeline.py
[2025-04-23T15:18:25.148+0700] {logging_mixin.py:190} INFO - [2025-04-23T15:18:25.148+0700] {dag.py:3239} INFO - Sync 1 DAGs
[2025-04-23T15:18:25.155+0700] {logging_mixin.py:190} INFO - [2025-04-23T15:18:25.155+0700] {dag.py:4180} INFO - Setting next_dagrun for data_pipeline_v01 to 2025-04-22 00:00:00+00:00, run_after=2025-04-23 00:00:00+00:00
[2025-04-23T15:18:25.277+0700] {processor.py:208} INFO - Processing /home/minhle/mlops/dags/data_pipeline.py took 0.788 seconds
[2025-04-23T15:18:56.386+0700] {processor.py:186} INFO - Started process (PID=373234) to work on /home/minhle/mlops/dags/data_pipeline.py
[2025-04-23T15:18:56.387+0700] {processor.py:914} INFO - Processing file /home/minhle/mlops/dags/data_pipeline.py for tasks to queue
[2025-04-23T15:18:56.388+0700] {logging_mixin.py:190} INFO - [2025-04-23T15:18:56.387+0700] {dagbag.py:588} INFO - Filling up the DagBag from /home/minhle/mlops/dags/data_pipeline.py
[2025-04-23T15:18:57.039+0700] {processor.py:925} INFO - DAG(s) 'data_pipeline_v01' retrieved from /home/minhle/mlops/dags/data_pipeline.py
[2025-04-23T15:18:57.050+0700] {logging_mixin.py:190} INFO - [2025-04-23T15:18:57.050+0700] {dag.py:3239} INFO - Sync 1 DAGs
[2025-04-23T15:18:57.058+0700] {logging_mixin.py:190} INFO - [2025-04-23T15:18:57.058+0700] {dag.py:4180} INFO - Setting next_dagrun for data_pipeline_v01 to 2025-04-22 00:00:00+00:00, run_after=2025-04-23 00:00:00+00:00
[2025-04-23T15:18:57.124+0700] {processor.py:208} INFO - Processing /home/minhle/mlops/dags/data_pipeline.py took 0.745 seconds
[2025-04-23T15:19:28.395+0700] {processor.py:186} INFO - Started process (PID=373388) to work on /home/minhle/mlops/dags/data_pipeline.py
[2025-04-23T15:19:28.404+0700] {processor.py:914} INFO - Processing file /home/minhle/mlops/dags/data_pipeline.py for tasks to queue
[2025-04-23T15:19:28.407+0700] {logging_mixin.py:190} INFO - [2025-04-23T15:19:28.406+0700] {dagbag.py:588} INFO - Filling up the DagBag from /home/minhle/mlops/dags/data_pipeline.py
[2025-04-23T15:19:28.976+0700] {processor.py:925} INFO - DAG(s) 'data_pipeline_v01' retrieved from /home/minhle/mlops/dags/data_pipeline.py
[2025-04-23T15:19:28.983+0700] {logging_mixin.py:190} INFO - [2025-04-23T15:19:28.983+0700] {dag.py:3239} INFO - Sync 1 DAGs
[2025-04-23T15:19:29.060+0700] {logging_mixin.py:190} INFO - [2025-04-23T15:19:29.060+0700] {dag.py:4180} INFO - Setting next_dagrun for data_pipeline_v01 to 2025-04-22 00:00:00+00:00, run_after=2025-04-23 00:00:00+00:00
[2025-04-23T15:19:29.123+0700] {processor.py:208} INFO - Processing /home/minhle/mlops/dags/data_pipeline.py took 0.739 seconds
[2025-04-23T15:20:00.200+0700] {processor.py:186} INFO - Started process (PID=373468) to work on /home/minhle/mlops/dags/data_pipeline.py
[2025-04-23T15:20:00.200+0700] {processor.py:914} INFO - Processing file /home/minhle/mlops/dags/data_pipeline.py for tasks to queue
[2025-04-23T15:20:00.201+0700] {logging_mixin.py:190} INFO - [2025-04-23T15:20:00.201+0700] {dagbag.py:588} INFO - Filling up the DagBag from /home/minhle/mlops/dags/data_pipeline.py
[2025-04-23T15:20:00.759+0700] {processor.py:925} INFO - DAG(s) 'data_pipeline_v01' retrieved from /home/minhle/mlops/dags/data_pipeline.py
[2025-04-23T15:20:00.833+0700] {logging_mixin.py:190} INFO - [2025-04-23T15:20:00.833+0700] {dag.py:3239} INFO - Sync 1 DAGs
[2025-04-23T15:20:00.840+0700] {logging_mixin.py:190} INFO - [2025-04-23T15:20:00.840+0700] {dag.py:4180} INFO - Setting next_dagrun for data_pipeline_v01 to 2025-04-22 00:00:00+00:00, run_after=2025-04-23 00:00:00+00:00
[2025-04-23T15:20:00.902+0700] {processor.py:208} INFO - Processing /home/minhle/mlops/dags/data_pipeline.py took 0.708 seconds
[2025-04-23T15:20:32.006+0700] {processor.py:186} INFO - Started process (PID=373549) to work on /home/minhle/mlops/dags/data_pipeline.py
[2025-04-23T15:20:32.016+0700] {processor.py:914} INFO - Processing file /home/minhle/mlops/dags/data_pipeline.py for tasks to queue
[2025-04-23T15:20:32.018+0700] {logging_mixin.py:190} INFO - [2025-04-23T15:20:32.018+0700] {dagbag.py:588} INFO - Filling up the DagBag from /home/minhle/mlops/dags/data_pipeline.py
[2025-04-23T15:20:32.598+0700] {processor.py:925} INFO - DAG(s) 'data_pipeline_v01' retrieved from /home/minhle/mlops/dags/data_pipeline.py
[2025-04-23T15:20:32.684+0700] {logging_mixin.py:190} INFO - [2025-04-23T15:20:32.684+0700] {dag.py:3239} INFO - Sync 1 DAGs
[2025-04-23T15:20:32.691+0700] {logging_mixin.py:190} INFO - [2025-04-23T15:20:32.691+0700] {dag.py:4180} INFO - Setting next_dagrun for data_pipeline_v01 to 2025-04-22 00:00:00+00:00, run_after=2025-04-23 00:00:00+00:00
[2025-04-23T15:20:32.782+0700] {processor.py:208} INFO - Processing /home/minhle/mlops/dags/data_pipeline.py took 0.781 seconds
[2025-04-23T15:21:03.905+0700] {processor.py:186} INFO - Started process (PID=373629) to work on /home/minhle/mlops/dags/data_pipeline.py
[2025-04-23T15:21:03.907+0700] {processor.py:914} INFO - Processing file /home/minhle/mlops/dags/data_pipeline.py for tasks to queue
[2025-04-23T15:21:03.909+0700] {logging_mixin.py:190} INFO - [2025-04-23T15:21:03.908+0700] {dagbag.py:588} INFO - Filling up the DagBag from /home/minhle/mlops/dags/data_pipeline.py
[2025-04-23T15:21:04.603+0700] {processor.py:925} INFO - DAG(s) 'data_pipeline_v01' retrieved from /home/minhle/mlops/dags/data_pipeline.py
[2025-04-23T15:21:04.610+0700] {logging_mixin.py:190} INFO - [2025-04-23T15:21:04.610+0700] {dag.py:3239} INFO - Sync 1 DAGs
[2025-04-23T15:21:04.617+0700] {logging_mixin.py:190} INFO - [2025-04-23T15:21:04.617+0700] {dag.py:4180} INFO - Setting next_dagrun for data_pipeline_v01 to 2025-04-22 00:00:00+00:00, run_after=2025-04-23 00:00:00+00:00
[2025-04-23T15:21:04.680+0700] {processor.py:208} INFO - Processing /home/minhle/mlops/dags/data_pipeline.py took 0.787 seconds
[2025-04-23T15:21:35.713+0700] {processor.py:186} INFO - Started process (PID=373738) to work on /home/minhle/mlops/dags/data_pipeline.py
[2025-04-23T15:21:35.716+0700] {processor.py:914} INFO - Processing file /home/minhle/mlops/dags/data_pipeline.py for tasks to queue
[2025-04-23T15:21:35.718+0700] {logging_mixin.py:190} INFO - [2025-04-23T15:21:35.717+0700] {dagbag.py:588} INFO - Filling up the DagBag from /home/minhle/mlops/dags/data_pipeline.py
[2025-04-23T15:21:36.348+0700] {processor.py:925} INFO - DAG(s) 'data_pipeline_v01' retrieved from /home/minhle/mlops/dags/data_pipeline.py
[2025-04-23T15:21:36.355+0700] {logging_mixin.py:190} INFO - [2025-04-23T15:21:36.355+0700] {dag.py:3239} INFO - Sync 1 DAGs
[2025-04-23T15:21:36.361+0700] {logging_mixin.py:190} INFO - [2025-04-23T15:21:36.361+0700] {dag.py:4180} INFO - Setting next_dagrun for data_pipeline_v01 to 2025-04-22 00:00:00+00:00, run_after=2025-04-23 00:00:00+00:00
[2025-04-23T15:21:36.441+0700] {processor.py:208} INFO - Processing /home/minhle/mlops/dags/data_pipeline.py took 0.739 seconds
[2025-04-23T15:22:07.567+0700] {processor.py:186} INFO - Started process (PID=373868) to work on /home/minhle/mlops/dags/data_pipeline.py
[2025-04-23T15:22:07.568+0700] {processor.py:914} INFO - Processing file /home/minhle/mlops/dags/data_pipeline.py for tasks to queue
[2025-04-23T15:22:07.568+0700] {logging_mixin.py:190} INFO - [2025-04-23T15:22:07.568+0700] {dagbag.py:588} INFO - Filling up the DagBag from /home/minhle/mlops/dags/data_pipeline.py
[2025-04-23T15:22:08.253+0700] {processor.py:925} INFO - DAG(s) 'data_pipeline_v01' retrieved from /home/minhle/mlops/dags/data_pipeline.py
[2025-04-23T15:22:08.260+0700] {logging_mixin.py:190} INFO - [2025-04-23T15:22:08.260+0700] {dag.py:3239} INFO - Sync 1 DAGs
[2025-04-23T15:22:08.267+0700] {logging_mixin.py:190} INFO - [2025-04-23T15:22:08.267+0700] {dag.py:4180} INFO - Setting next_dagrun for data_pipeline_v01 to 2025-04-22 00:00:00+00:00, run_after=2025-04-23 00:00:00+00:00
[2025-04-23T15:22:08.329+0700] {processor.py:208} INFO - Processing /home/minhle/mlops/dags/data_pipeline.py took 0.765 seconds
[2025-04-23T15:22:39.402+0700] {processor.py:186} INFO - Started process (PID=373949) to work on /home/minhle/mlops/dags/data_pipeline.py
[2025-04-23T15:22:39.403+0700] {processor.py:914} INFO - Processing file /home/minhle/mlops/dags/data_pipeline.py for tasks to queue
[2025-04-23T15:22:39.404+0700] {logging_mixin.py:190} INFO - [2025-04-23T15:22:39.404+0700] {dagbag.py:588} INFO - Filling up the DagBag from /home/minhle/mlops/dags/data_pipeline.py
[2025-04-23T15:22:39.967+0700] {processor.py:925} INFO - DAG(s) 'data_pipeline_v01' retrieved from /home/minhle/mlops/dags/data_pipeline.py
[2025-04-23T15:22:39.974+0700] {logging_mixin.py:190} INFO - [2025-04-23T15:22:39.974+0700] {dag.py:3239} INFO - Sync 1 DAGs
[2025-04-23T15:22:40.055+0700] {logging_mixin.py:190} INFO - [2025-04-23T15:22:40.055+0700] {dag.py:4180} INFO - Setting next_dagrun for data_pipeline_v01 to 2025-04-22 00:00:00+00:00, run_after=2025-04-23 00:00:00+00:00
[2025-04-23T15:22:40.143+0700] {processor.py:208} INFO - Processing /home/minhle/mlops/dags/data_pipeline.py took 0.747 seconds
[2025-04-23T15:23:10.963+0700] {processor.py:186} INFO - Started process (PID=374029) to work on /home/minhle/mlops/dags/data_pipeline.py
[2025-04-23T15:23:10.977+0700] {processor.py:914} INFO - Processing file /home/minhle/mlops/dags/data_pipeline.py for tasks to queue
[2025-04-23T15:23:10.979+0700] {logging_mixin.py:190} INFO - [2025-04-23T15:23:10.979+0700] {dagbag.py:588} INFO - Filling up the DagBag from /home/minhle/mlops/dags/data_pipeline.py
[2025-04-23T15:23:11.549+0700] {processor.py:925} INFO - DAG(s) 'data_pipeline_v01' retrieved from /home/minhle/mlops/dags/data_pipeline.py
[2025-04-23T15:23:11.622+0700] {logging_mixin.py:190} INFO - [2025-04-23T15:23:11.621+0700] {dag.py:3239} INFO - Sync 1 DAGs
[2025-04-23T15:23:11.628+0700] {logging_mixin.py:190} INFO - [2025-04-23T15:23:11.628+0700] {dag.py:4180} INFO - Setting next_dagrun for data_pipeline_v01 to 2025-04-22 00:00:00+00:00, run_after=2025-04-23 00:00:00+00:00
[2025-04-23T15:23:11.704+0700] {processor.py:208} INFO - Processing /home/minhle/mlops/dags/data_pipeline.py took 0.748 seconds
[2025-04-23T15:23:43.034+0700] {processor.py:186} INFO - Started process (PID=374119) to work on /home/minhle/mlops/dags/data_pipeline.py
[2025-04-23T15:23:43.035+0700] {processor.py:914} INFO - Processing file /home/minhle/mlops/dags/data_pipeline.py for tasks to queue
[2025-04-23T15:23:43.036+0700] {logging_mixin.py:190} INFO - [2025-04-23T15:23:43.035+0700] {dagbag.py:588} INFO - Filling up the DagBag from /home/minhle/mlops/dags/data_pipeline.py
[2025-04-23T15:23:43.585+0700] {processor.py:925} INFO - DAG(s) 'data_pipeline_v01' retrieved from /home/minhle/mlops/dags/data_pipeline.py
[2025-04-23T15:23:43.657+0700] {logging_mixin.py:190} INFO - [2025-04-23T15:23:43.657+0700] {dag.py:3239} INFO - Sync 1 DAGs
[2025-04-23T15:23:43.663+0700] {logging_mixin.py:190} INFO - [2025-04-23T15:23:43.663+0700] {dag.py:4180} INFO - Setting next_dagrun for data_pipeline_v01 to 2025-04-22 00:00:00+00:00, run_after=2025-04-23 00:00:00+00:00
[2025-04-23T15:23:43.734+0700] {processor.py:208} INFO - Processing /home/minhle/mlops/dags/data_pipeline.py took 0.705 seconds
[2025-04-23T15:24:14.865+0700] {processor.py:186} INFO - Started process (PID=374228) to work on /home/minhle/mlops/dags/data_pipeline.py
[2025-04-23T15:24:14.866+0700] {processor.py:914} INFO - Processing file /home/minhle/mlops/dags/data_pipeline.py for tasks to queue
[2025-04-23T15:24:14.868+0700] {logging_mixin.py:190} INFO - [2025-04-23T15:24:14.867+0700] {dagbag.py:588} INFO - Filling up the DagBag from /home/minhle/mlops/dags/data_pipeline.py
[2025-04-23T15:24:15.481+0700] {processor.py:925} INFO - DAG(s) 'data_pipeline_v01' retrieved from /home/minhle/mlops/dags/data_pipeline.py
[2025-04-23T15:24:15.488+0700] {logging_mixin.py:190} INFO - [2025-04-23T15:24:15.487+0700] {dag.py:3239} INFO - Sync 1 DAGs
[2025-04-23T15:24:15.494+0700] {logging_mixin.py:190} INFO - [2025-04-23T15:24:15.494+0700] {dag.py:4180} INFO - Setting next_dagrun for data_pipeline_v01 to 2025-04-22 00:00:00+00:00, run_after=2025-04-23 00:00:00+00:00
[2025-04-23T15:24:15.556+0700] {processor.py:208} INFO - Processing /home/minhle/mlops/dags/data_pipeline.py took 0.696 seconds
[2025-04-23T15:24:46.642+0700] {processor.py:186} INFO - Started process (PID=374337) to work on /home/minhle/mlops/dags/data_pipeline.py
[2025-04-23T15:24:46.642+0700] {processor.py:914} INFO - Processing file /home/minhle/mlops/dags/data_pipeline.py for tasks to queue
[2025-04-23T15:24:46.643+0700] {logging_mixin.py:190} INFO - [2025-04-23T15:24:46.643+0700] {dagbag.py:588} INFO - Filling up the DagBag from /home/minhle/mlops/dags/data_pipeline.py
[2025-04-23T15:24:47.251+0700] {processor.py:925} INFO - DAG(s) 'data_pipeline_v01' retrieved from /home/minhle/mlops/dags/data_pipeline.py
[2025-04-23T15:24:47.258+0700] {logging_mixin.py:190} INFO - [2025-04-23T15:24:47.258+0700] {dag.py:3239} INFO - Sync 1 DAGs
[2025-04-23T15:24:47.265+0700] {logging_mixin.py:190} INFO - [2025-04-23T15:24:47.265+0700] {dag.py:4180} INFO - Setting next_dagrun for data_pipeline_v01 to 2025-04-22 00:00:00+00:00, run_after=2025-04-23 00:00:00+00:00
[2025-04-23T15:24:47.332+0700] {processor.py:208} INFO - Processing /home/minhle/mlops/dags/data_pipeline.py took 0.696 seconds
[2025-04-23T15:25:18.123+0700] {processor.py:186} INFO - Started process (PID=374422) to work on /home/minhle/mlops/dags/data_pipeline.py
[2025-04-23T15:25:18.131+0700] {processor.py:914} INFO - Processing file /home/minhle/mlops/dags/data_pipeline.py for tasks to queue
[2025-04-23T15:25:18.133+0700] {logging_mixin.py:190} INFO - [2025-04-23T15:25:18.132+0700] {dagbag.py:588} INFO - Filling up the DagBag from /home/minhle/mlops/dags/data_pipeline.py
[2025-04-23T15:25:18.746+0700] {processor.py:925} INFO - DAG(s) 'data_pipeline_v01' retrieved from /home/minhle/mlops/dags/data_pipeline.py
[2025-04-23T15:25:18.753+0700] {logging_mixin.py:190} INFO - [2025-04-23T15:25:18.753+0700] {dag.py:3239} INFO - Sync 1 DAGs
[2025-04-23T15:25:18.760+0700] {logging_mixin.py:190} INFO - [2025-04-23T15:25:18.760+0700] {dag.py:4180} INFO - Setting next_dagrun for data_pipeline_v01 to 2025-04-22 00:00:00+00:00, run_after=2025-04-23 00:00:00+00:00
[2025-04-23T15:25:18.827+0700] {processor.py:208} INFO - Processing /home/minhle/mlops/dags/data_pipeline.py took 0.712 seconds
[2025-04-23T15:25:50.275+0700] {processor.py:186} INFO - Started process (PID=374546) to work on /home/minhle/mlops/dags/data_pipeline.py
[2025-04-23T15:25:50.275+0700] {processor.py:914} INFO - Processing file /home/minhle/mlops/dags/data_pipeline.py for tasks to queue
[2025-04-23T15:25:50.276+0700] {logging_mixin.py:190} INFO - [2025-04-23T15:25:50.276+0700] {dagbag.py:588} INFO - Filling up the DagBag from /home/minhle/mlops/dags/data_pipeline.py
[2025-04-23T15:25:50.957+0700] {processor.py:925} INFO - DAG(s) 'data_pipeline_v01' retrieved from /home/minhle/mlops/dags/data_pipeline.py
[2025-04-23T15:25:50.964+0700] {logging_mixin.py:190} INFO - [2025-04-23T15:25:50.964+0700] {dag.py:3239} INFO - Sync 1 DAGs
[2025-04-23T15:25:50.971+0700] {logging_mixin.py:190} INFO - [2025-04-23T15:25:50.971+0700] {dag.py:4180} INFO - Setting next_dagrun for data_pipeline_v01 to 2025-04-22 00:00:00+00:00, run_after=2025-04-23 00:00:00+00:00
[2025-04-23T15:25:51.041+0700] {processor.py:208} INFO - Processing /home/minhle/mlops/dags/data_pipeline.py took 0.769 seconds
[2025-04-23T15:26:22.054+0700] {processor.py:186} INFO - Started process (PID=374627) to work on /home/minhle/mlops/dags/data_pipeline.py
[2025-04-23T15:26:22.063+0700] {processor.py:914} INFO - Processing file /home/minhle/mlops/dags/data_pipeline.py for tasks to queue
[2025-04-23T15:26:22.064+0700] {logging_mixin.py:190} INFO - [2025-04-23T15:26:22.064+0700] {dagbag.py:588} INFO - Filling up the DagBag from /home/minhle/mlops/dags/data_pipeline.py
[2025-04-23T15:26:22.610+0700] {processor.py:925} INFO - DAG(s) 'data_pipeline_v01' retrieved from /home/minhle/mlops/dags/data_pipeline.py
[2025-04-23T15:26:22.682+0700] {logging_mixin.py:190} INFO - [2025-04-23T15:26:22.682+0700] {dag.py:3239} INFO - Sync 1 DAGs
[2025-04-23T15:26:22.688+0700] {logging_mixin.py:190} INFO - [2025-04-23T15:26:22.688+0700] {dag.py:4180} INFO - Setting next_dagrun for data_pipeline_v01 to 2025-04-22 00:00:00+00:00, run_after=2025-04-23 00:00:00+00:00
[2025-04-23T15:26:22.755+0700] {processor.py:208} INFO - Processing /home/minhle/mlops/dags/data_pipeline.py took 0.703 seconds
[2025-04-23T15:26:53.815+0700] {processor.py:186} INFO - Started process (PID=374707) to work on /home/minhle/mlops/dags/data_pipeline.py
[2025-04-23T15:26:53.821+0700] {processor.py:914} INFO - Processing file /home/minhle/mlops/dags/data_pipeline.py for tasks to queue
[2025-04-23T15:26:53.824+0700] {logging_mixin.py:190} INFO - [2025-04-23T15:26:53.823+0700] {dagbag.py:588} INFO - Filling up the DagBag from /home/minhle/mlops/dags/data_pipeline.py
[2025-04-23T15:26:54.439+0700] {processor.py:925} INFO - DAG(s) 'data_pipeline_v01' retrieved from /home/minhle/mlops/dags/data_pipeline.py
[2025-04-23T15:26:54.447+0700] {logging_mixin.py:190} INFO - [2025-04-23T15:26:54.446+0700] {dag.py:3239} INFO - Sync 1 DAGs
[2025-04-23T15:26:54.453+0700] {logging_mixin.py:190} INFO - [2025-04-23T15:26:54.453+0700] {dag.py:4180} INFO - Setting next_dagrun for data_pipeline_v01 to 2025-04-22 00:00:00+00:00, run_after=2025-04-23 00:00:00+00:00
[2025-04-23T15:26:54.553+0700] {processor.py:208} INFO - Processing /home/minhle/mlops/dags/data_pipeline.py took 0.745 seconds
[2025-04-23T15:27:25.590+0700] {processor.py:186} INFO - Started process (PID=374787) to work on /home/minhle/mlops/dags/data_pipeline.py
[2025-04-23T15:27:25.591+0700] {processor.py:914} INFO - Processing file /home/minhle/mlops/dags/data_pipeline.py for tasks to queue
[2025-04-23T15:27:25.591+0700] {logging_mixin.py:190} INFO - [2025-04-23T15:27:25.591+0700] {dagbag.py:588} INFO - Filling up the DagBag from /home/minhle/mlops/dags/data_pipeline.py
[2025-04-23T15:27:26.203+0700] {processor.py:925} INFO - DAG(s) 'data_pipeline_v01' retrieved from /home/minhle/mlops/dags/data_pipeline.py
[2025-04-23T15:27:26.210+0700] {logging_mixin.py:190} INFO - [2025-04-23T15:27:26.210+0700] {dag.py:3239} INFO - Sync 1 DAGs
[2025-04-23T15:27:26.217+0700] {logging_mixin.py:190} INFO - [2025-04-23T15:27:26.217+0700] {dag.py:4180} INFO - Setting next_dagrun for data_pipeline_v01 to 2025-04-22 00:00:00+00:00, run_after=2025-04-23 00:00:00+00:00
[2025-04-23T15:27:26.282+0700] {processor.py:208} INFO - Processing /home/minhle/mlops/dags/data_pipeline.py took 0.698 seconds
[2025-04-23T15:27:56.869+0700] {processor.py:186} INFO - Started process (PID=374867) to work on /home/minhle/mlops/dags/data_pipeline.py
[2025-04-23T15:27:56.880+0700] {processor.py:914} INFO - Processing file /home/minhle/mlops/dags/data_pipeline.py for tasks to queue
[2025-04-23T15:27:56.882+0700] {logging_mixin.py:190} INFO - [2025-04-23T15:27:56.881+0700] {dagbag.py:588} INFO - Filling up the DagBag from /home/minhle/mlops/dags/data_pipeline.py
[2025-04-23T15:27:57.508+0700] {processor.py:925} INFO - DAG(s) 'data_pipeline_v01' retrieved from /home/minhle/mlops/dags/data_pipeline.py
[2025-04-23T15:27:57.515+0700] {logging_mixin.py:190} INFO - [2025-04-23T15:27:57.515+0700] {dag.py:3239} INFO - Sync 1 DAGs
[2025-04-23T15:27:57.522+0700] {logging_mixin.py:190} INFO - [2025-04-23T15:27:57.522+0700] {dag.py:4180} INFO - Setting next_dagrun for data_pipeline_v01 to 2025-04-22 00:00:00+00:00, run_after=2025-04-23 00:00:00+00:00
[2025-04-23T15:27:57.596+0700] {processor.py:208} INFO - Processing /home/minhle/mlops/dags/data_pipeline.py took 0.732 seconds
[2025-04-23T15:28:29.254+0700] {processor.py:186} INFO - Started process (PID=375012) to work on /home/minhle/mlops/dags/data_pipeline.py
[2025-04-23T15:28:29.254+0700] {processor.py:914} INFO - Processing file /home/minhle/mlops/dags/data_pipeline.py for tasks to queue
[2025-04-23T15:28:29.255+0700] {logging_mixin.py:190} INFO - [2025-04-23T15:28:29.255+0700] {dagbag.py:588} INFO - Filling up the DagBag from /home/minhle/mlops/dags/data_pipeline.py
[2025-04-23T15:28:29.862+0700] {processor.py:925} INFO - DAG(s) 'data_pipeline_v01' retrieved from /home/minhle/mlops/dags/data_pipeline.py
[2025-04-23T15:28:29.869+0700] {logging_mixin.py:190} INFO - [2025-04-23T15:28:29.869+0700] {dag.py:3239} INFO - Sync 1 DAGs
[2025-04-23T15:28:29.876+0700] {logging_mixin.py:190} INFO - [2025-04-23T15:28:29.876+0700] {dag.py:4180} INFO - Setting next_dagrun for data_pipeline_v01 to 2025-04-22 00:00:00+00:00, run_after=2025-04-23 00:00:00+00:00
[2025-04-23T15:28:29.947+0700] {processor.py:208} INFO - Processing /home/minhle/mlops/dags/data_pipeline.py took 0.700 seconds
[2025-04-23T15:29:01.026+0700] {processor.py:186} INFO - Started process (PID=375095) to work on /home/minhle/mlops/dags/data_pipeline.py
[2025-04-23T15:29:01.027+0700] {processor.py:914} INFO - Processing file /home/minhle/mlops/dags/data_pipeline.py for tasks to queue
[2025-04-23T15:29:01.028+0700] {logging_mixin.py:190} INFO - [2025-04-23T15:29:01.027+0700] {dagbag.py:588} INFO - Filling up the DagBag from /home/minhle/mlops/dags/data_pipeline.py
[2025-04-23T15:29:01.641+0700] {processor.py:925} INFO - DAG(s) 'data_pipeline_v01' retrieved from /home/minhle/mlops/dags/data_pipeline.py
[2025-04-23T15:29:01.648+0700] {logging_mixin.py:190} INFO - [2025-04-23T15:29:01.648+0700] {dag.py:3239} INFO - Sync 1 DAGs
[2025-04-23T15:29:01.655+0700] {logging_mixin.py:190} INFO - [2025-04-23T15:29:01.655+0700] {dag.py:4180} INFO - Setting next_dagrun for data_pipeline_v01 to 2025-04-22 00:00:00+00:00, run_after=2025-04-23 00:00:00+00:00
[2025-04-23T15:29:01.725+0700] {processor.py:208} INFO - Processing /home/minhle/mlops/dags/data_pipeline.py took 0.703 seconds
[2025-04-23T15:29:32.804+0700] {processor.py:186} INFO - Started process (PID=375201) to work on /home/minhle/mlops/dags/data_pipeline.py
[2025-04-23T15:29:32.809+0700] {processor.py:914} INFO - Processing file /home/minhle/mlops/dags/data_pipeline.py for tasks to queue
[2025-04-23T15:29:32.810+0700] {logging_mixin.py:190} INFO - [2025-04-23T15:29:32.810+0700] {dagbag.py:588} INFO - Filling up the DagBag from /home/minhle/mlops/dags/data_pipeline.py
[2025-04-23T15:29:33.427+0700] {processor.py:925} INFO - DAG(s) 'data_pipeline_v01' retrieved from /home/minhle/mlops/dags/data_pipeline.py
[2025-04-23T15:29:33.434+0700] {logging_mixin.py:190} INFO - [2025-04-23T15:29:33.434+0700] {dag.py:3239} INFO - Sync 1 DAGs
[2025-04-23T15:29:33.440+0700] {logging_mixin.py:190} INFO - [2025-04-23T15:29:33.440+0700] {dag.py:4180} INFO - Setting next_dagrun for data_pipeline_v01 to 2025-04-22 00:00:00+00:00, run_after=2025-04-23 00:00:00+00:00
[2025-04-23T15:29:33.506+0700] {processor.py:208} INFO - Processing /home/minhle/mlops/dags/data_pipeline.py took 0.708 seconds
[2025-04-23T15:30:04.598+0700] {processor.py:186} INFO - Started process (PID=375327) to work on /home/minhle/mlops/dags/data_pipeline.py
[2025-04-23T15:30:04.598+0700] {processor.py:914} INFO - Processing file /home/minhle/mlops/dags/data_pipeline.py for tasks to queue
[2025-04-23T15:30:04.599+0700] {logging_mixin.py:190} INFO - [2025-04-23T15:30:04.599+0700] {dagbag.py:588} INFO - Filling up the DagBag from /home/minhle/mlops/dags/data_pipeline.py
[2025-04-23T15:30:05.220+0700] {processor.py:925} INFO - DAG(s) 'data_pipeline_v01' retrieved from /home/minhle/mlops/dags/data_pipeline.py
[2025-04-23T15:30:05.227+0700] {logging_mixin.py:190} INFO - [2025-04-23T15:30:05.227+0700] {dag.py:3239} INFO - Sync 1 DAGs
[2025-04-23T15:30:05.234+0700] {logging_mixin.py:190} INFO - [2025-04-23T15:30:05.234+0700] {dag.py:4180} INFO - Setting next_dagrun for data_pipeline_v01 to 2025-04-22 00:00:00+00:00, run_after=2025-04-23 00:00:00+00:00
[2025-04-23T15:30:05.303+0700] {processor.py:208} INFO - Processing /home/minhle/mlops/dags/data_pipeline.py took 0.710 seconds
[2025-04-23T15:30:36.389+0700] {processor.py:186} INFO - Started process (PID=375408) to work on /home/minhle/mlops/dags/data_pipeline.py
[2025-04-23T15:30:36.400+0700] {processor.py:914} INFO - Processing file /home/minhle/mlops/dags/data_pipeline.py for tasks to queue
[2025-04-23T15:30:36.402+0700] {logging_mixin.py:190} INFO - [2025-04-23T15:30:36.401+0700] {dagbag.py:588} INFO - Filling up the DagBag from /home/minhle/mlops/dags/data_pipeline.py
[2025-04-23T15:30:37.027+0700] {processor.py:925} INFO - DAG(s) 'data_pipeline_v01' retrieved from /home/minhle/mlops/dags/data_pipeline.py
[2025-04-23T15:30:37.034+0700] {logging_mixin.py:190} INFO - [2025-04-23T15:30:37.034+0700] {dag.py:3239} INFO - Sync 1 DAGs
[2025-04-23T15:30:37.040+0700] {logging_mixin.py:190} INFO - [2025-04-23T15:30:37.040+0700] {dag.py:4180} INFO - Setting next_dagrun for data_pipeline_v01 to 2025-04-22 00:00:00+00:00, run_after=2025-04-23 00:00:00+00:00
[2025-04-23T15:30:37.109+0700] {processor.py:208} INFO - Processing /home/minhle/mlops/dags/data_pipeline.py took 0.725 seconds
[2025-04-23T15:31:08.180+0700] {processor.py:186} INFO - Started process (PID=375489) to work on /home/minhle/mlops/dags/data_pipeline.py
[2025-04-23T15:31:08.180+0700] {processor.py:914} INFO - Processing file /home/minhle/mlops/dags/data_pipeline.py for tasks to queue
[2025-04-23T15:31:08.180+0700] {logging_mixin.py:190} INFO - [2025-04-23T15:31:08.180+0700] {dagbag.py:588} INFO - Filling up the DagBag from /home/minhle/mlops/dags/data_pipeline.py
[2025-04-23T15:31:08.796+0700] {processor.py:925} INFO - DAG(s) 'data_pipeline_v01' retrieved from /home/minhle/mlops/dags/data_pipeline.py
[2025-04-23T15:31:08.802+0700] {logging_mixin.py:190} INFO - [2025-04-23T15:31:08.802+0700] {dag.py:3239} INFO - Sync 1 DAGs
[2025-04-23T15:31:08.809+0700] {logging_mixin.py:190} INFO - [2025-04-23T15:31:08.809+0700] {dag.py:4180} INFO - Setting next_dagrun for data_pipeline_v01 to 2025-04-22 00:00:00+00:00, run_after=2025-04-23 00:00:00+00:00
[2025-04-23T15:31:08.899+0700] {processor.py:208} INFO - Processing /home/minhle/mlops/dags/data_pipeline.py took 0.725 seconds
[2025-04-23T15:31:39.964+0700] {processor.py:186} INFO - Started process (PID=375584) to work on /home/minhle/mlops/dags/data_pipeline.py
[2025-04-23T15:31:39.965+0700] {processor.py:914} INFO - Processing file /home/minhle/mlops/dags/data_pipeline.py for tasks to queue
[2025-04-23T15:31:39.965+0700] {logging_mixin.py:190} INFO - [2025-04-23T15:31:39.965+0700] {dagbag.py:588} INFO - Filling up the DagBag from /home/minhle/mlops/dags/data_pipeline.py
[2025-04-23T15:31:40.588+0700] {processor.py:925} INFO - DAG(s) 'data_pipeline_v01' retrieved from /home/minhle/mlops/dags/data_pipeline.py
[2025-04-23T15:31:40.595+0700] {logging_mixin.py:190} INFO - [2025-04-23T15:31:40.594+0700] {dag.py:3239} INFO - Sync 1 DAGs
[2025-04-23T15:31:40.602+0700] {logging_mixin.py:190} INFO - [2025-04-23T15:31:40.602+0700] {dag.py:4180} INFO - Setting next_dagrun for data_pipeline_v01 to 2025-04-22 00:00:00+00:00, run_after=2025-04-23 00:00:00+00:00
[2025-04-23T15:31:40.712+0700] {processor.py:208} INFO - Processing /home/minhle/mlops/dags/data_pipeline.py took 0.754 seconds
[2025-04-23T15:32:11.858+0700] {processor.py:186} INFO - Started process (PID=375675) to work on /home/minhle/mlops/dags/data_pipeline.py
[2025-04-23T15:32:11.869+0700] {processor.py:914} INFO - Processing file /home/minhle/mlops/dags/data_pipeline.py for tasks to queue
[2025-04-23T15:32:11.872+0700] {logging_mixin.py:190} INFO - [2025-04-23T15:32:11.871+0700] {dagbag.py:588} INFO - Filling up the DagBag from /home/minhle/mlops/dags/data_pipeline.py
[2025-04-23T15:32:12.504+0700] {processor.py:925} INFO - DAG(s) 'data_pipeline_v01' retrieved from /home/minhle/mlops/dags/data_pipeline.py
[2025-04-23T15:32:12.511+0700] {logging_mixin.py:190} INFO - [2025-04-23T15:32:12.511+0700] {dag.py:3239} INFO - Sync 1 DAGs
[2025-04-23T15:32:12.518+0700] {logging_mixin.py:190} INFO - [2025-04-23T15:32:12.518+0700] {dag.py:4180} INFO - Setting next_dagrun for data_pipeline_v01 to 2025-04-22 00:00:00+00:00, run_after=2025-04-23 00:00:00+00:00
[2025-04-23T15:32:12.610+0700] {processor.py:208} INFO - Processing /home/minhle/mlops/dags/data_pipeline.py took 0.760 seconds
[2025-04-23T15:32:43.644+0700] {processor.py:186} INFO - Started process (PID=375760) to work on /home/minhle/mlops/dags/data_pipeline.py
[2025-04-23T15:32:43.644+0700] {processor.py:914} INFO - Processing file /home/minhle/mlops/dags/data_pipeline.py for tasks to queue
[2025-04-23T15:32:43.645+0700] {logging_mixin.py:190} INFO - [2025-04-23T15:32:43.645+0700] {dagbag.py:588} INFO - Filling up the DagBag from /home/minhle/mlops/dags/data_pipeline.py
[2025-04-23T15:32:44.284+0700] {processor.py:925} INFO - DAG(s) 'data_pipeline_v01' retrieved from /home/minhle/mlops/dags/data_pipeline.py
[2025-04-23T15:32:44.291+0700] {logging_mixin.py:190} INFO - [2025-04-23T15:32:44.291+0700] {dag.py:3239} INFO - Sync 1 DAGs
[2025-04-23T15:32:44.298+0700] {logging_mixin.py:190} INFO - [2025-04-23T15:32:44.297+0700] {dag.py:4180} INFO - Setting next_dagrun for data_pipeline_v01 to 2025-04-22 00:00:00+00:00, run_after=2025-04-23 00:00:00+00:00
[2025-04-23T15:32:44.358+0700] {processor.py:208} INFO - Processing /home/minhle/mlops/dags/data_pipeline.py took 0.720 seconds
[2025-04-23T15:33:15.019+0700] {processor.py:186} INFO - Started process (PID=375884) to work on /home/minhle/mlops/dags/data_pipeline.py
[2025-04-23T15:33:15.031+0700] {processor.py:914} INFO - Processing file /home/minhle/mlops/dags/data_pipeline.py for tasks to queue
[2025-04-23T15:33:15.034+0700] {logging_mixin.py:190} INFO - [2025-04-23T15:33:15.033+0700] {dagbag.py:588} INFO - Filling up the DagBag from /home/minhle/mlops/dags/data_pipeline.py
[2025-04-23T15:33:15.678+0700] {processor.py:925} INFO - DAG(s) 'data_pipeline_v01' retrieved from /home/minhle/mlops/dags/data_pipeline.py
[2025-04-23T15:33:15.686+0700] {logging_mixin.py:190} INFO - [2025-04-23T15:33:15.686+0700] {dag.py:3239} INFO - Sync 1 DAGs
[2025-04-23T15:33:15.693+0700] {logging_mixin.py:190} INFO - [2025-04-23T15:33:15.693+0700] {dag.py:4180} INFO - Setting next_dagrun for data_pipeline_v01 to 2025-04-22 00:00:00+00:00, run_after=2025-04-23 00:00:00+00:00
[2025-04-23T15:33:15.756+0700] {processor.py:208} INFO - Processing /home/minhle/mlops/dags/data_pipeline.py took 0.743 seconds
[2025-04-23T15:33:47.262+0700] {processor.py:186} INFO - Started process (PID=375964) to work on /home/minhle/mlops/dags/data_pipeline.py
[2025-04-23T15:33:47.263+0700] {processor.py:914} INFO - Processing file /home/minhle/mlops/dags/data_pipeline.py for tasks to queue
[2025-04-23T15:33:47.264+0700] {logging_mixin.py:190} INFO - [2025-04-23T15:33:47.263+0700] {dagbag.py:588} INFO - Filling up the DagBag from /home/minhle/mlops/dags/data_pipeline.py
[2025-04-23T15:33:47.898+0700] {processor.py:925} INFO - DAG(s) 'data_pipeline_v01' retrieved from /home/minhle/mlops/dags/data_pipeline.py
[2025-04-23T15:33:47.905+0700] {logging_mixin.py:190} INFO - [2025-04-23T15:33:47.905+0700] {dag.py:3239} INFO - Sync 1 DAGs
[2025-04-23T15:33:47.912+0700] {logging_mixin.py:190} INFO - [2025-04-23T15:33:47.912+0700] {dag.py:4180} INFO - Setting next_dagrun for data_pipeline_v01 to 2025-04-22 00:00:00+00:00, run_after=2025-04-23 00:00:00+00:00
[2025-04-23T15:33:47.996+0700] {processor.py:208} INFO - Processing /home/minhle/mlops/dags/data_pipeline.py took 0.739 seconds
[2025-04-23T15:34:19.052+0700] {processor.py:186} INFO - Started process (PID=376072) to work on /home/minhle/mlops/dags/data_pipeline.py
[2025-04-23T15:34:19.060+0700] {processor.py:914} INFO - Processing file /home/minhle/mlops/dags/data_pipeline.py for tasks to queue
[2025-04-23T15:34:19.063+0700] {logging_mixin.py:190} INFO - [2025-04-23T15:34:19.062+0700] {dagbag.py:588} INFO - Filling up the DagBag from /home/minhle/mlops/dags/data_pipeline.py
[2025-04-23T15:34:19.688+0700] {processor.py:925} INFO - DAG(s) 'data_pipeline_v01' retrieved from /home/minhle/mlops/dags/data_pipeline.py
[2025-04-23T15:34:19.695+0700] {logging_mixin.py:190} INFO - [2025-04-23T15:34:19.694+0700] {dag.py:3239} INFO - Sync 1 DAGs
[2025-04-23T15:34:19.701+0700] {logging_mixin.py:190} INFO - [2025-04-23T15:34:19.701+0700] {dag.py:4180} INFO - Setting next_dagrun for data_pipeline_v01 to 2025-04-22 00:00:00+00:00, run_after=2025-04-23 00:00:00+00:00
[2025-04-23T15:34:19.763+0700] {processor.py:208} INFO - Processing /home/minhle/mlops/dags/data_pipeline.py took 0.718 seconds
[2025-04-23T15:34:50.919+0700] {processor.py:186} INFO - Started process (PID=376152) to work on /home/minhle/mlops/dags/data_pipeline.py
[2025-04-23T15:34:50.920+0700] {processor.py:914} INFO - Processing file /home/minhle/mlops/dags/data_pipeline.py for tasks to queue
[2025-04-23T15:34:50.921+0700] {logging_mixin.py:190} INFO - [2025-04-23T15:34:50.920+0700] {dagbag.py:588} INFO - Filling up the DagBag from /home/minhle/mlops/dags/data_pipeline.py
[2025-04-23T15:34:51.550+0700] {processor.py:925} INFO - DAG(s) 'data_pipeline_v01' retrieved from /home/minhle/mlops/dags/data_pipeline.py
[2025-04-23T15:34:51.557+0700] {logging_mixin.py:190} INFO - [2025-04-23T15:34:51.556+0700] {dag.py:3239} INFO - Sync 1 DAGs
[2025-04-23T15:34:51.564+0700] {logging_mixin.py:190} INFO - [2025-04-23T15:34:51.564+0700] {dag.py:4180} INFO - Setting next_dagrun for data_pipeline_v01 to 2025-04-22 00:00:00+00:00, run_after=2025-04-23 00:00:00+00:00
[2025-04-23T15:34:51.635+0700] {processor.py:208} INFO - Processing /home/minhle/mlops/dags/data_pipeline.py took 0.719 seconds
[2025-04-23T15:35:22.338+0700] {processor.py:186} INFO - Started process (PID=376234) to work on /home/minhle/mlops/dags/data_pipeline.py
[2025-04-23T15:35:22.347+0700] {processor.py:914} INFO - Processing file /home/minhle/mlops/dags/data_pipeline.py for tasks to queue
[2025-04-23T15:35:22.348+0700] {logging_mixin.py:190} INFO - [2025-04-23T15:35:22.347+0700] {dagbag.py:588} INFO - Filling up the DagBag from /home/minhle/mlops/dags/data_pipeline.py
[2025-04-23T15:35:22.969+0700] {processor.py:925} INFO - DAG(s) 'data_pipeline_v01' retrieved from /home/minhle/mlops/dags/data_pipeline.py
[2025-04-23T15:35:22.976+0700] {logging_mixin.py:190} INFO - [2025-04-23T15:35:22.976+0700] {dag.py:3239} INFO - Sync 1 DAGs
[2025-04-23T15:35:22.983+0700] {logging_mixin.py:190} INFO - [2025-04-23T15:35:22.983+0700] {dag.py:4180} INFO - Setting next_dagrun for data_pipeline_v01 to 2025-04-22 00:00:00+00:00, run_after=2025-04-23 00:00:00+00:00
[2025-04-23T15:35:23.053+0700] {processor.py:208} INFO - Processing /home/minhle/mlops/dags/data_pipeline.py took 0.718 seconds
[2025-04-23T15:35:54.462+0700] {processor.py:186} INFO - Started process (PID=376315) to work on /home/minhle/mlops/dags/data_pipeline.py
[2025-04-23T15:35:54.463+0700] {processor.py:914} INFO - Processing file /home/minhle/mlops/dags/data_pipeline.py for tasks to queue
[2025-04-23T15:35:54.464+0700] {logging_mixin.py:190} INFO - [2025-04-23T15:35:54.463+0700] {dagbag.py:588} INFO - Filling up the DagBag from /home/minhle/mlops/dags/data_pipeline.py
[2025-04-23T15:35:55.098+0700] {processor.py:925} INFO - DAG(s) 'data_pipeline_v01' retrieved from /home/minhle/mlops/dags/data_pipeline.py
[2025-04-23T15:35:55.106+0700] {logging_mixin.py:190} INFO - [2025-04-23T15:35:55.106+0700] {dag.py:3239} INFO - Sync 1 DAGs
[2025-04-23T15:35:55.113+0700] {logging_mixin.py:190} INFO - [2025-04-23T15:35:55.113+0700] {dag.py:4180} INFO - Setting next_dagrun for data_pipeline_v01 to 2025-04-22 00:00:00+00:00, run_after=2025-04-23 00:00:00+00:00
[2025-04-23T15:35:55.183+0700] {processor.py:208} INFO - Processing /home/minhle/mlops/dags/data_pipeline.py took 0.726 seconds
[2025-04-23T15:36:26.255+0700] {processor.py:186} INFO - Started process (PID=376397) to work on /home/minhle/mlops/dags/data_pipeline.py
[2025-04-23T15:36:26.267+0700] {processor.py:914} INFO - Processing file /home/minhle/mlops/dags/data_pipeline.py for tasks to queue
[2025-04-23T15:36:26.269+0700] {logging_mixin.py:190} INFO - [2025-04-23T15:36:26.269+0700] {dagbag.py:588} INFO - Filling up the DagBag from /home/minhle/mlops/dags/data_pipeline.py
[2025-04-23T15:36:26.896+0700] {processor.py:925} INFO - DAG(s) 'data_pipeline_v01' retrieved from /home/minhle/mlops/dags/data_pipeline.py
[2025-04-23T15:36:26.904+0700] {logging_mixin.py:190} INFO - [2025-04-23T15:36:26.904+0700] {dag.py:3239} INFO - Sync 1 DAGs
[2025-04-23T15:36:26.911+0700] {logging_mixin.py:190} INFO - [2025-04-23T15:36:26.911+0700] {dag.py:4180} INFO - Setting next_dagrun for data_pipeline_v01 to 2025-04-22 00:00:00+00:00, run_after=2025-04-23 00:00:00+00:00
[2025-04-23T15:36:26.971+0700] {processor.py:208} INFO - Processing /home/minhle/mlops/dags/data_pipeline.py took 0.721 seconds
[2025-04-23T15:36:59.503+0700] {processor.py:186} INFO - Started process (PID=376493) to work on /home/minhle/mlops/dags/data_pipeline.py
[2025-04-23T15:36:59.505+0700] {processor.py:914} INFO - Processing file /home/minhle/mlops/dags/data_pipeline.py for tasks to queue
[2025-04-23T15:36:59.507+0700] {logging_mixin.py:190} INFO - [2025-04-23T15:36:59.507+0700] {dagbag.py:588} INFO - Filling up the DagBag from /home/minhle/mlops/dags/data_pipeline.py
[2025-04-23T15:37:00.134+0700] {processor.py:925} INFO - DAG(s) 'data_pipeline_v01' retrieved from /home/minhle/mlops/dags/data_pipeline.py
[2025-04-23T15:37:00.141+0700] {logging_mixin.py:190} INFO - [2025-04-23T15:37:00.141+0700] {dag.py:3239} INFO - Sync 1 DAGs
[2025-04-23T15:37:00.147+0700] {logging_mixin.py:190} INFO - [2025-04-23T15:37:00.147+0700] {dag.py:4180} INFO - Setting next_dagrun for data_pipeline_v01 to 2025-04-22 00:00:00+00:00, run_after=2025-04-23 00:00:00+00:00
[2025-04-23T15:37:00.217+0700] {processor.py:208} INFO - Processing /home/minhle/mlops/dags/data_pipeline.py took 0.724 seconds
[2025-04-23T15:37:31.475+0700] {processor.py:186} INFO - Started process (PID=376573) to work on /home/minhle/mlops/dags/data_pipeline.py
[2025-04-23T15:37:31.477+0700] {processor.py:914} INFO - Processing file /home/minhle/mlops/dags/data_pipeline.py for tasks to queue
[2025-04-23T15:37:31.478+0700] {logging_mixin.py:190} INFO - [2025-04-23T15:37:31.478+0700] {dagbag.py:588} INFO - Filling up the DagBag from /home/minhle/mlops/dags/data_pipeline.py
[2025-04-23T15:37:32.101+0700] {processor.py:925} INFO - DAG(s) 'data_pipeline_v01' retrieved from /home/minhle/mlops/dags/data_pipeline.py
[2025-04-23T15:37:32.108+0700] {logging_mixin.py:190} INFO - [2025-04-23T15:37:32.107+0700] {dag.py:3239} INFO - Sync 1 DAGs
[2025-04-23T15:37:32.114+0700] {logging_mixin.py:190} INFO - [2025-04-23T15:37:32.114+0700] {dag.py:4180} INFO - Setting next_dagrun for data_pipeline_v01 to 2025-04-22 00:00:00+00:00, run_after=2025-04-23 00:00:00+00:00
[2025-04-23T15:37:32.202+0700] {processor.py:208} INFO - Processing /home/minhle/mlops/dags/data_pipeline.py took 0.735 seconds
[2025-04-23T15:38:03.951+0700] {processor.py:186} INFO - Started process (PID=376672) to work on /home/minhle/mlops/dags/data_pipeline.py
[2025-04-23T15:38:03.956+0700] {processor.py:914} INFO - Processing file /home/minhle/mlops/dags/data_pipeline.py for tasks to queue
[2025-04-23T15:38:03.957+0700] {logging_mixin.py:190} INFO - [2025-04-23T15:38:03.957+0700] {dagbag.py:588} INFO - Filling up the DagBag from /home/minhle/mlops/dags/data_pipeline.py
[2025-04-23T15:38:04.588+0700] {processor.py:925} INFO - DAG(s) 'data_pipeline_v01' retrieved from /home/minhle/mlops/dags/data_pipeline.py
[2025-04-23T15:38:04.595+0700] {logging_mixin.py:190} INFO - [2025-04-23T15:38:04.594+0700] {dag.py:3239} INFO - Sync 1 DAGs
[2025-04-23T15:38:04.602+0700] {logging_mixin.py:190} INFO - [2025-04-23T15:38:04.602+0700] {dag.py:4180} INFO - Setting next_dagrun for data_pipeline_v01 to 2025-04-22 00:00:00+00:00, run_after=2025-04-23 00:00:00+00:00
[2025-04-23T15:38:04.669+0700] {processor.py:208} INFO - Processing /home/minhle/mlops/dags/data_pipeline.py took 0.723 seconds
[2025-04-23T15:38:36.060+0700] {processor.py:186} INFO - Started process (PID=376792) to work on /home/minhle/mlops/dags/data_pipeline.py
[2025-04-23T15:38:36.063+0700] {processor.py:914} INFO - Processing file /home/minhle/mlops/dags/data_pipeline.py for tasks to queue
[2025-04-23T15:38:36.066+0700] {logging_mixin.py:190} INFO - [2025-04-23T15:38:36.065+0700] {dagbag.py:588} INFO - Filling up the DagBag from /home/minhle/mlops/dags/data_pipeline.py
[2025-04-23T15:38:36.691+0700] {processor.py:925} INFO - DAG(s) 'data_pipeline_v01' retrieved from /home/minhle/mlops/dags/data_pipeline.py
[2025-04-23T15:38:36.698+0700] {logging_mixin.py:190} INFO - [2025-04-23T15:38:36.698+0700] {dag.py:3239} INFO - Sync 1 DAGs
[2025-04-23T15:38:36.705+0700] {logging_mixin.py:190} INFO - [2025-04-23T15:38:36.705+0700] {dag.py:4180} INFO - Setting next_dagrun for data_pipeline_v01 to 2025-04-22 00:00:00+00:00, run_after=2025-04-23 00:00:00+00:00
[2025-04-23T15:38:36.775+0700] {processor.py:208} INFO - Processing /home/minhle/mlops/dags/data_pipeline.py took 0.721 seconds
[2025-04-23T15:39:07.584+0700] {processor.py:186} INFO - Started process (PID=376923) to work on /home/minhle/mlops/dags/data_pipeline.py
[2025-04-23T15:39:07.584+0700] {processor.py:914} INFO - Processing file /home/minhle/mlops/dags/data_pipeline.py for tasks to queue
[2025-04-23T15:39:07.585+0700] {logging_mixin.py:190} INFO - [2025-04-23T15:39:07.585+0700] {dagbag.py:588} INFO - Filling up the DagBag from /home/minhle/mlops/dags/data_pipeline.py
[2025-04-23T15:39:08.216+0700] {processor.py:925} INFO - DAG(s) 'data_pipeline_v01' retrieved from /home/minhle/mlops/dags/data_pipeline.py
[2025-04-23T15:39:08.224+0700] {logging_mixin.py:190} INFO - [2025-04-23T15:39:08.224+0700] {dag.py:3239} INFO - Sync 1 DAGs
[2025-04-23T15:39:08.230+0700] {logging_mixin.py:190} INFO - [2025-04-23T15:39:08.230+0700] {dag.py:4180} INFO - Setting next_dagrun for data_pipeline_v01 to 2025-04-22 00:00:00+00:00, run_after=2025-04-23 00:00:00+00:00
[2025-04-23T15:39:08.298+0700] {processor.py:208} INFO - Processing /home/minhle/mlops/dags/data_pipeline.py took 0.719 seconds
[2025-04-23T15:39:41.103+0700] {processor.py:186} INFO - Started process (PID=377027) to work on /home/minhle/mlops/dags/data_pipeline.py
[2025-04-23T15:39:41.112+0700] {processor.py:914} INFO - Processing file /home/minhle/mlops/dags/data_pipeline.py for tasks to queue
[2025-04-23T15:39:41.114+0700] {logging_mixin.py:190} INFO - [2025-04-23T15:39:41.114+0700] {dagbag.py:588} INFO - Filling up the DagBag from /home/minhle/mlops/dags/data_pipeline.py
[2025-04-23T15:39:41.750+0700] {processor.py:925} INFO - DAG(s) 'data_pipeline_v01' retrieved from /home/minhle/mlops/dags/data_pipeline.py
[2025-04-23T15:39:41.757+0700] {logging_mixin.py:190} INFO - [2025-04-23T15:39:41.757+0700] {dag.py:3239} INFO - Sync 1 DAGs
[2025-04-23T15:39:41.764+0700] {logging_mixin.py:190} INFO - [2025-04-23T15:39:41.764+0700] {dag.py:4180} INFO - Setting next_dagrun for data_pipeline_v01 to 2025-04-22 00:00:00+00:00, run_after=2025-04-23 00:00:00+00:00
[2025-04-23T15:39:41.832+0700] {processor.py:208} INFO - Processing /home/minhle/mlops/dags/data_pipeline.py took 0.736 seconds
[2025-04-23T15:40:12.801+0700] {processor.py:186} INFO - Started process (PID=377177) to work on /home/minhle/mlops/dags/data_pipeline.py
[2025-04-23T15:40:12.802+0700] {processor.py:914} INFO - Processing file /home/minhle/mlops/dags/data_pipeline.py for tasks to queue
[2025-04-23T15:40:12.803+0700] {logging_mixin.py:190} INFO - [2025-04-23T15:40:12.802+0700] {dagbag.py:588} INFO - Filling up the DagBag from /home/minhle/mlops/dags/data_pipeline.py
[2025-04-23T15:40:13.436+0700] {processor.py:925} INFO - DAG(s) 'data_pipeline_v01' retrieved from /home/minhle/mlops/dags/data_pipeline.py
[2025-04-23T15:40:13.443+0700] {logging_mixin.py:190} INFO - [2025-04-23T15:40:13.443+0700] {dag.py:3239} INFO - Sync 1 DAGs
[2025-04-23T15:40:13.450+0700] {logging_mixin.py:190} INFO - [2025-04-23T15:40:13.450+0700] {dag.py:4180} INFO - Setting next_dagrun for data_pipeline_v01 to 2025-04-22 00:00:00+00:00, run_after=2025-04-23 00:00:00+00:00
[2025-04-23T15:40:13.509+0700] {processor.py:208} INFO - Processing /home/minhle/mlops/dags/data_pipeline.py took 0.713 seconds
[2025-04-23T15:40:45.084+0700] {processor.py:186} INFO - Started process (PID=377282) to work on /home/minhle/mlops/dags/data_pipeline.py
[2025-04-23T15:40:45.085+0700] {processor.py:914} INFO - Processing file /home/minhle/mlops/dags/data_pipeline.py for tasks to queue
[2025-04-23T15:40:45.085+0700] {logging_mixin.py:190} INFO - [2025-04-23T15:40:45.085+0700] {dagbag.py:588} INFO - Filling up the DagBag from /home/minhle/mlops/dags/data_pipeline.py
[2025-04-23T15:40:45.713+0700] {processor.py:925} INFO - DAG(s) 'data_pipeline_v01' retrieved from /home/minhle/mlops/dags/data_pipeline.py
[2025-04-23T15:40:45.720+0700] {logging_mixin.py:190} INFO - [2025-04-23T15:40:45.719+0700] {dag.py:3239} INFO - Sync 1 DAGs
[2025-04-23T15:40:45.726+0700] {logging_mixin.py:190} INFO - [2025-04-23T15:40:45.726+0700] {dag.py:4180} INFO - Setting next_dagrun for data_pipeline_v01 to 2025-04-22 00:00:00+00:00, run_after=2025-04-23 00:00:00+00:00
[2025-04-23T15:40:45.796+0700] {processor.py:208} INFO - Processing /home/minhle/mlops/dags/data_pipeline.py took 0.718 seconds
[2025-04-23T15:41:16.967+0700] {processor.py:186} INFO - Started process (PID=377386) to work on /home/minhle/mlops/dags/data_pipeline.py
[2025-04-23T15:41:16.976+0700] {processor.py:914} INFO - Processing file /home/minhle/mlops/dags/data_pipeline.py for tasks to queue
[2025-04-23T15:41:16.978+0700] {logging_mixin.py:190} INFO - [2025-04-23T15:41:16.977+0700] {dagbag.py:588} INFO - Filling up the DagBag from /home/minhle/mlops/dags/data_pipeline.py
[2025-04-23T15:41:17.606+0700] {processor.py:925} INFO - DAG(s) 'data_pipeline_v01' retrieved from /home/minhle/mlops/dags/data_pipeline.py
[2025-04-23T15:41:17.613+0700] {logging_mixin.py:190} INFO - [2025-04-23T15:41:17.613+0700] {dag.py:3239} INFO - Sync 1 DAGs
[2025-04-23T15:41:17.620+0700] {logging_mixin.py:190} INFO - [2025-04-23T15:41:17.620+0700] {dag.py:4180} INFO - Setting next_dagrun for data_pipeline_v01 to 2025-04-22 00:00:00+00:00, run_after=2025-04-23 00:00:00+00:00
[2025-04-23T15:41:17.685+0700] {processor.py:208} INFO - Processing /home/minhle/mlops/dags/data_pipeline.py took 0.724 seconds
[2025-04-23T15:41:48.948+0700] {processor.py:186} INFO - Started process (PID=377491) to work on /home/minhle/mlops/dags/data_pipeline.py
[2025-04-23T15:41:48.948+0700] {processor.py:914} INFO - Processing file /home/minhle/mlops/dags/data_pipeline.py for tasks to queue
[2025-04-23T15:41:48.949+0700] {logging_mixin.py:190} INFO - [2025-04-23T15:41:48.949+0700] {dagbag.py:588} INFO - Filling up the DagBag from /home/minhle/mlops/dags/data_pipeline.py
[2025-04-23T15:41:49.564+0700] {processor.py:925} INFO - DAG(s) 'data_pipeline_v01' retrieved from /home/minhle/mlops/dags/data_pipeline.py
[2025-04-23T15:41:49.571+0700] {logging_mixin.py:190} INFO - [2025-04-23T15:41:49.571+0700] {dag.py:3239} INFO - Sync 1 DAGs
[2025-04-23T15:41:49.578+0700] {logging_mixin.py:190} INFO - [2025-04-23T15:41:49.578+0700] {dag.py:4180} INFO - Setting next_dagrun for data_pipeline_v01 to 2025-04-22 00:00:00+00:00, run_after=2025-04-23 00:00:00+00:00
[2025-04-23T15:41:49.648+0700] {processor.py:208} INFO - Processing /home/minhle/mlops/dags/data_pipeline.py took 0.706 seconds
[2025-04-23T15:42:22.017+0700] {processor.py:186} INFO - Started process (PID=377723) to work on /home/minhle/mlops/dags/data_pipeline.py
[2025-04-23T15:42:22.022+0700] {processor.py:914} INFO - Processing file /home/minhle/mlops/dags/data_pipeline.py for tasks to queue
[2025-04-23T15:42:22.022+0700] {logging_mixin.py:190} INFO - [2025-04-23T15:42:22.022+0700] {dagbag.py:588} INFO - Filling up the DagBag from /home/minhle/mlops/dags/data_pipeline.py
[2025-04-23T15:42:22.740+0700] {processor.py:925} INFO - DAG(s) 'data_pipeline_v01' retrieved from /home/minhle/mlops/dags/data_pipeline.py
[2025-04-23T15:42:22.749+0700] {logging_mixin.py:190} INFO - [2025-04-23T15:42:22.748+0700] {dag.py:3239} INFO - Sync 1 DAGs
[2025-04-23T15:42:22.756+0700] {logging_mixin.py:190} INFO - [2025-04-23T15:42:22.756+0700] {dag.py:4180} INFO - Setting next_dagrun for data_pipeline_v01 to 2025-04-22 00:00:00+00:00, run_after=2025-04-23 00:00:00+00:00
[2025-04-23T15:42:22.812+0700] {processor.py:208} INFO - Processing /home/minhle/mlops/dags/data_pipeline.py took 0.798 seconds
[2025-04-23T15:42:54.669+0700] {processor.py:186} INFO - Started process (PID=377820) to work on /home/minhle/mlops/dags/data_pipeline.py
[2025-04-23T15:42:54.670+0700] {processor.py:914} INFO - Processing file /home/minhle/mlops/dags/data_pipeline.py for tasks to queue
[2025-04-23T15:42:54.671+0700] {logging_mixin.py:190} INFO - [2025-04-23T15:42:54.671+0700] {dagbag.py:588} INFO - Filling up the DagBag from /home/minhle/mlops/dags/data_pipeline.py
[2025-04-23T15:42:55.352+0700] {processor.py:925} INFO - DAG(s) 'data_pipeline_v01' retrieved from /home/minhle/mlops/dags/data_pipeline.py
[2025-04-23T15:42:55.359+0700] {logging_mixin.py:190} INFO - [2025-04-23T15:42:55.359+0700] {dag.py:3239} INFO - Sync 1 DAGs
[2025-04-23T15:42:55.365+0700] {logging_mixin.py:190} INFO - [2025-04-23T15:42:55.365+0700] {dag.py:4180} INFO - Setting next_dagrun for data_pipeline_v01 to 2025-04-22 00:00:00+00:00, run_after=2025-04-23 00:00:00+00:00
[2025-04-23T15:42:55.430+0700] {processor.py:208} INFO - Processing /home/minhle/mlops/dags/data_pipeline.py took 0.767 seconds
[2025-04-23T15:43:26.150+0700] {processor.py:186} INFO - Started process (PID=377930) to work on /home/minhle/mlops/dags/data_pipeline.py
[2025-04-23T15:43:26.150+0700] {processor.py:914} INFO - Processing file /home/minhle/mlops/dags/data_pipeline.py for tasks to queue
[2025-04-23T15:43:26.151+0700] {logging_mixin.py:190} INFO - [2025-04-23T15:43:26.151+0700] {dagbag.py:588} INFO - Filling up the DagBag from /home/minhle/mlops/dags/data_pipeline.py
[2025-04-23T15:43:26.789+0700] {processor.py:925} INFO - DAG(s) 'data_pipeline_v01' retrieved from /home/minhle/mlops/dags/data_pipeline.py
[2025-04-23T15:43:26.796+0700] {logging_mixin.py:190} INFO - [2025-04-23T15:43:26.795+0700] {dag.py:3239} INFO - Sync 1 DAGs
[2025-04-23T15:43:26.802+0700] {logging_mixin.py:190} INFO - [2025-04-23T15:43:26.802+0700] {dag.py:4180} INFO - Setting next_dagrun for data_pipeline_v01 to 2025-04-22 00:00:00+00:00, run_after=2025-04-23 00:00:00+00:00
[2025-04-23T15:43:26.863+0700] {processor.py:208} INFO - Processing /home/minhle/mlops/dags/data_pipeline.py took 0.718 seconds
[2025-04-23T15:43:57.712+0700] {processor.py:186} INFO - Started process (PID=378033) to work on /home/minhle/mlops/dags/data_pipeline.py
[2025-04-23T15:43:57.713+0700] {processor.py:914} INFO - Processing file /home/minhle/mlops/dags/data_pipeline.py for tasks to queue
[2025-04-23T15:43:57.714+0700] {logging_mixin.py:190} INFO - [2025-04-23T15:43:57.713+0700] {dagbag.py:588} INFO - Filling up the DagBag from /home/minhle/mlops/dags/data_pipeline.py
[2025-04-23T15:43:58.358+0700] {processor.py:925} INFO - DAG(s) 'data_pipeline_v01' retrieved from /home/minhle/mlops/dags/data_pipeline.py
[2025-04-23T15:43:58.365+0700] {logging_mixin.py:190} INFO - [2025-04-23T15:43:58.365+0700] {dag.py:3239} INFO - Sync 1 DAGs
[2025-04-23T15:43:58.372+0700] {logging_mixin.py:190} INFO - [2025-04-23T15:43:58.372+0700] {dag.py:4180} INFO - Setting next_dagrun for data_pipeline_v01 to 2025-04-22 00:00:00+00:00, run_after=2025-04-23 00:00:00+00:00
[2025-04-23T15:43:58.463+0700] {processor.py:208} INFO - Processing /home/minhle/mlops/dags/data_pipeline.py took 0.756 seconds
[2025-04-23T15:44:30.083+0700] {processor.py:186} INFO - Started process (PID=378146) to work on /home/minhle/mlops/dags/data_pipeline.py
[2025-04-23T15:44:30.083+0700] {processor.py:914} INFO - Processing file /home/minhle/mlops/dags/data_pipeline.py for tasks to queue
[2025-04-23T15:44:30.084+0700] {logging_mixin.py:190} INFO - [2025-04-23T15:44:30.083+0700] {dagbag.py:588} INFO - Filling up the DagBag from /home/minhle/mlops/dags/data_pipeline.py
[2025-04-23T15:44:30.720+0700] {processor.py:925} INFO - DAG(s) 'data_pipeline_v01' retrieved from /home/minhle/mlops/dags/data_pipeline.py
[2025-04-23T15:44:30.727+0700] {logging_mixin.py:190} INFO - [2025-04-23T15:44:30.727+0700] {dag.py:3239} INFO - Sync 1 DAGs
[2025-04-23T15:44:30.734+0700] {logging_mixin.py:190} INFO - [2025-04-23T15:44:30.734+0700] {dag.py:4180} INFO - Setting next_dagrun for data_pipeline_v01 to 2025-04-22 00:00:00+00:00, run_after=2025-04-23 00:00:00+00:00
[2025-04-23T15:44:30.823+0700] {processor.py:208} INFO - Processing /home/minhle/mlops/dags/data_pipeline.py took 0.746 seconds
[2025-04-23T15:45:01.975+0700] {processor.py:186} INFO - Started process (PID=378300) to work on /home/minhle/mlops/dags/data_pipeline.py
[2025-04-23T15:45:01.993+0700] {processor.py:914} INFO - Processing file /home/minhle/mlops/dags/data_pipeline.py for tasks to queue
[2025-04-23T15:45:01.995+0700] {logging_mixin.py:190} INFO - [2025-04-23T15:45:01.995+0700] {dagbag.py:588} INFO - Filling up the DagBag from /home/minhle/mlops/dags/data_pipeline.py
[2025-04-23T15:45:02.698+0700] {processor.py:925} INFO - DAG(s) 'data_pipeline_v01' retrieved from /home/minhle/mlops/dags/data_pipeline.py
[2025-04-23T15:45:02.705+0700] {logging_mixin.py:190} INFO - [2025-04-23T15:45:02.705+0700] {dag.py:3239} INFO - Sync 1 DAGs
[2025-04-23T15:45:02.713+0700] {logging_mixin.py:190} INFO - [2025-04-23T15:45:02.713+0700] {dag.py:4180} INFO - Setting next_dagrun for data_pipeline_v01 to 2025-04-22 00:00:00+00:00, run_after=2025-04-23 00:00:00+00:00
[2025-04-23T15:45:02.777+0700] {processor.py:208} INFO - Processing /home/minhle/mlops/dags/data_pipeline.py took 0.809 seconds
[2025-04-23T15:45:34.658+0700] {processor.py:186} INFO - Started process (PID=378384) to work on /home/minhle/mlops/dags/data_pipeline.py
[2025-04-23T15:45:34.659+0700] {processor.py:914} INFO - Processing file /home/minhle/mlops/dags/data_pipeline.py for tasks to queue
[2025-04-23T15:45:34.659+0700] {logging_mixin.py:190} INFO - [2025-04-23T15:45:34.659+0700] {dagbag.py:588} INFO - Filling up the DagBag from /home/minhle/mlops/dags/data_pipeline.py
[2025-04-23T15:45:35.295+0700] {processor.py:925} INFO - DAG(s) 'data_pipeline_v01' retrieved from /home/minhle/mlops/dags/data_pipeline.py
[2025-04-23T15:45:35.302+0700] {logging_mixin.py:190} INFO - [2025-04-23T15:45:35.302+0700] {dag.py:3239} INFO - Sync 1 DAGs
[2025-04-23T15:45:35.309+0700] {logging_mixin.py:190} INFO - [2025-04-23T15:45:35.309+0700] {dag.py:4180} INFO - Setting next_dagrun for data_pipeline_v01 to 2025-04-22 00:00:00+00:00, run_after=2025-04-23 00:00:00+00:00
[2025-04-23T15:45:35.393+0700] {processor.py:208} INFO - Processing /home/minhle/mlops/dags/data_pipeline.py took 0.740 seconds
[2025-04-23T15:46:06.992+0700] {processor.py:186} INFO - Started process (PID=378464) to work on /home/minhle/mlops/dags/data_pipeline.py
[2025-04-23T15:46:06.992+0700] {processor.py:914} INFO - Processing file /home/minhle/mlops/dags/data_pipeline.py for tasks to queue
[2025-04-23T15:46:06.992+0700] {logging_mixin.py:190} INFO - [2025-04-23T15:46:06.992+0700] {dagbag.py:588} INFO - Filling up the DagBag from /home/minhle/mlops/dags/data_pipeline.py
[2025-04-23T15:46:07.615+0700] {processor.py:925} INFO - DAG(s) 'data_pipeline_v01' retrieved from /home/minhle/mlops/dags/data_pipeline.py
[2025-04-23T15:46:07.623+0700] {logging_mixin.py:190} INFO - [2025-04-23T15:46:07.623+0700] {dag.py:3239} INFO - Sync 1 DAGs
[2025-04-23T15:46:07.630+0700] {logging_mixin.py:190} INFO - [2025-04-23T15:46:07.630+0700] {dag.py:4180} INFO - Setting next_dagrun for data_pipeline_v01 to 2025-04-22 00:00:00+00:00, run_after=2025-04-23 00:00:00+00:00
[2025-04-23T15:46:07.704+0700] {processor.py:208} INFO - Processing /home/minhle/mlops/dags/data_pipeline.py took 0.718 seconds
[2025-04-23T15:46:38.766+0700] {processor.py:186} INFO - Started process (PID=378574) to work on /home/minhle/mlops/dags/data_pipeline.py
[2025-04-23T15:46:38.778+0700] {processor.py:914} INFO - Processing file /home/minhle/mlops/dags/data_pipeline.py for tasks to queue
[2025-04-23T15:46:38.781+0700] {logging_mixin.py:190} INFO - [2025-04-23T15:46:38.780+0700] {dagbag.py:588} INFO - Filling up the DagBag from /home/minhle/mlops/dags/data_pipeline.py
[2025-04-23T15:46:39.435+0700] {processor.py:925} INFO - DAG(s) 'data_pipeline_v01' retrieved from /home/minhle/mlops/dags/data_pipeline.py
[2025-04-23T15:46:39.442+0700] {logging_mixin.py:190} INFO - [2025-04-23T15:46:39.442+0700] {dag.py:3239} INFO - Sync 1 DAGs
[2025-04-23T15:46:39.449+0700] {logging_mixin.py:190} INFO - [2025-04-23T15:46:39.448+0700] {dag.py:4180} INFO - Setting next_dagrun for data_pipeline_v01 to 2025-04-22 00:00:00+00:00, run_after=2025-04-23 00:00:00+00:00
[2025-04-23T15:46:39.521+0700] {processor.py:208} INFO - Processing /home/minhle/mlops/dags/data_pipeline.py took 0.761 seconds
[2025-04-23T15:47:10.663+0700] {processor.py:186} INFO - Started process (PID=378686) to work on /home/minhle/mlops/dags/data_pipeline.py
[2025-04-23T15:47:10.663+0700] {processor.py:914} INFO - Processing file /home/minhle/mlops/dags/data_pipeline.py for tasks to queue
[2025-04-23T15:47:10.664+0700] {logging_mixin.py:190} INFO - [2025-04-23T15:47:10.664+0700] {dagbag.py:588} INFO - Filling up the DagBag from /home/minhle/mlops/dags/data_pipeline.py
[2025-04-23T15:47:11.321+0700] {processor.py:925} INFO - DAG(s) 'data_pipeline_v01' retrieved from /home/minhle/mlops/dags/data_pipeline.py
[2025-04-23T15:47:11.327+0700] {logging_mixin.py:190} INFO - [2025-04-23T15:47:11.327+0700] {dag.py:3239} INFO - Sync 1 DAGs
[2025-04-23T15:47:11.334+0700] {logging_mixin.py:190} INFO - [2025-04-23T15:47:11.334+0700] {dag.py:4180} INFO - Setting next_dagrun for data_pipeline_v01 to 2025-04-22 00:00:00+00:00, run_after=2025-04-23 00:00:00+00:00
[2025-04-23T15:47:11.406+0700] {processor.py:208} INFO - Processing /home/minhle/mlops/dags/data_pipeline.py took 0.748 seconds
[2025-04-23T15:47:43.553+0700] {processor.py:186} INFO - Started process (PID=378784) to work on /home/minhle/mlops/dags/data_pipeline.py
[2025-04-23T15:47:43.565+0700] {processor.py:914} INFO - Processing file /home/minhle/mlops/dags/data_pipeline.py for tasks to queue
[2025-04-23T15:47:43.567+0700] {logging_mixin.py:190} INFO - [2025-04-23T15:47:43.567+0700] {dagbag.py:588} INFO - Filling up the DagBag from /home/minhle/mlops/dags/data_pipeline.py
[2025-04-23T15:47:44.201+0700] {processor.py:925} INFO - DAG(s) 'data_pipeline_v01' retrieved from /home/minhle/mlops/dags/data_pipeline.py
[2025-04-23T15:47:44.208+0700] {logging_mixin.py:190} INFO - [2025-04-23T15:47:44.208+0700] {dag.py:3239} INFO - Sync 1 DAGs
[2025-04-23T15:47:44.216+0700] {logging_mixin.py:190} INFO - [2025-04-23T15:47:44.216+0700] {dag.py:4180} INFO - Setting next_dagrun for data_pipeline_v01 to 2025-04-22 00:00:00+00:00, run_after=2025-04-23 00:00:00+00:00
[2025-04-23T15:47:44.286+0700] {processor.py:208} INFO - Processing /home/minhle/mlops/dags/data_pipeline.py took 0.738 seconds
[2025-04-23T15:48:14.933+0700] {processor.py:186} INFO - Started process (PID=378866) to work on /home/minhle/mlops/dags/data_pipeline.py
[2025-04-23T15:48:14.934+0700] {processor.py:914} INFO - Processing file /home/minhle/mlops/dags/data_pipeline.py for tasks to queue
[2025-04-23T15:48:14.936+0700] {logging_mixin.py:190} INFO - [2025-04-23T15:48:14.936+0700] {dagbag.py:588} INFO - Filling up the DagBag from /home/minhle/mlops/dags/data_pipeline.py
[2025-04-23T15:48:15.590+0700] {processor.py:925} INFO - DAG(s) 'data_pipeline_v01' retrieved from /home/minhle/mlops/dags/data_pipeline.py
[2025-04-23T15:48:15.597+0700] {logging_mixin.py:190} INFO - [2025-04-23T15:48:15.597+0700] {dag.py:3239} INFO - Sync 1 DAGs
[2025-04-23T15:48:15.604+0700] {logging_mixin.py:190} INFO - [2025-04-23T15:48:15.604+0700] {dag.py:4180} INFO - Setting next_dagrun for data_pipeline_v01 to 2025-04-22 00:00:00+00:00, run_after=2025-04-23 00:00:00+00:00
[2025-04-23T15:48:15.690+0700] {processor.py:208} INFO - Processing /home/minhle/mlops/dags/data_pipeline.py took 0.764 seconds
[2025-04-23T15:48:47.592+0700] {processor.py:186} INFO - Started process (PID=379000) to work on /home/minhle/mlops/dags/data_pipeline.py
[2025-04-23T15:48:47.596+0700] {processor.py:914} INFO - Processing file /home/minhle/mlops/dags/data_pipeline.py for tasks to queue
[2025-04-23T15:48:47.598+0700] {logging_mixin.py:190} INFO - [2025-04-23T15:48:47.598+0700] {dagbag.py:588} INFO - Filling up the DagBag from /home/minhle/mlops/dags/data_pipeline.py
[2025-04-23T15:48:48.266+0700] {processor.py:925} INFO - DAG(s) 'data_pipeline_v01' retrieved from /home/minhle/mlops/dags/data_pipeline.py
[2025-04-23T15:48:48.274+0700] {logging_mixin.py:190} INFO - [2025-04-23T15:48:48.274+0700] {dag.py:3239} INFO - Sync 1 DAGs
[2025-04-23T15:48:48.281+0700] {logging_mixin.py:190} INFO - [2025-04-23T15:48:48.281+0700] {dag.py:4180} INFO - Setting next_dagrun for data_pipeline_v01 to 2025-04-22 00:00:00+00:00, run_after=2025-04-23 00:00:00+00:00
[2025-04-23T15:48:48.419+0700] {processor.py:208} INFO - Processing /home/minhle/mlops/dags/data_pipeline.py took 0.833 seconds
[2025-04-23T15:49:19.455+0700] {processor.py:186} INFO - Started process (PID=379110) to work on /home/minhle/mlops/dags/data_pipeline.py
[2025-04-23T15:49:19.456+0700] {processor.py:914} INFO - Processing file /home/minhle/mlops/dags/data_pipeline.py for tasks to queue
[2025-04-23T15:49:19.458+0700] {logging_mixin.py:190} INFO - [2025-04-23T15:49:19.457+0700] {dagbag.py:588} INFO - Filling up the DagBag from /home/minhle/mlops/dags/data_pipeline.py
[2025-04-23T15:49:20.112+0700] {processor.py:925} INFO - DAG(s) 'data_pipeline_v01' retrieved from /home/minhle/mlops/dags/data_pipeline.py
[2025-04-23T15:49:20.120+0700] {logging_mixin.py:190} INFO - [2025-04-23T15:49:20.120+0700] {dag.py:3239} INFO - Sync 1 DAGs
[2025-04-23T15:49:20.127+0700] {logging_mixin.py:190} INFO - [2025-04-23T15:49:20.127+0700] {dag.py:4180} INFO - Setting next_dagrun for data_pipeline_v01 to 2025-04-22 00:00:00+00:00, run_after=2025-04-23 00:00:00+00:00
[2025-04-23T15:49:20.193+0700] {processor.py:208} INFO - Processing /home/minhle/mlops/dags/data_pipeline.py took 0.745 seconds
[2025-04-23T15:49:51.491+0700] {processor.py:186} INFO - Started process (PID=379237) to work on /home/minhle/mlops/dags/data_pipeline.py
[2025-04-23T15:49:51.495+0700] {processor.py:914} INFO - Processing file /home/minhle/mlops/dags/data_pipeline.py for tasks to queue
[2025-04-23T15:49:51.497+0700] {logging_mixin.py:190} INFO - [2025-04-23T15:49:51.497+0700] {dagbag.py:588} INFO - Filling up the DagBag from /home/minhle/mlops/dags/data_pipeline.py
[2025-04-23T15:49:52.151+0700] {processor.py:925} INFO - DAG(s) 'data_pipeline_v01' retrieved from /home/minhle/mlops/dags/data_pipeline.py
[2025-04-23T15:49:52.158+0700] {logging_mixin.py:190} INFO - [2025-04-23T15:49:52.158+0700] {dag.py:3239} INFO - Sync 1 DAGs
[2025-04-23T15:49:52.165+0700] {logging_mixin.py:190} INFO - [2025-04-23T15:49:52.165+0700] {dag.py:4180} INFO - Setting next_dagrun for data_pipeline_v01 to 2025-04-22 00:00:00+00:00, run_after=2025-04-23 00:00:00+00:00
[2025-04-23T15:49:52.232+0700] {processor.py:208} INFO - Processing /home/minhle/mlops/dags/data_pipeline.py took 0.748 seconds
[2025-04-23T15:50:22.662+0700] {processor.py:186} INFO - Started process (PID=379354) to work on /home/minhle/mlops/dags/data_pipeline.py
[2025-04-23T15:50:22.664+0700] {processor.py:914} INFO - Processing file /home/minhle/mlops/dags/data_pipeline.py for tasks to queue
[2025-04-23T15:50:22.665+0700] {logging_mixin.py:190} INFO - [2025-04-23T15:50:22.665+0700] {dagbag.py:588} INFO - Filling up the DagBag from /home/minhle/mlops/dags/data_pipeline.py
[2025-04-23T15:50:23.287+0700] {processor.py:925} INFO - DAG(s) 'data_pipeline_v01' retrieved from /home/minhle/mlops/dags/data_pipeline.py
[2025-04-23T15:50:23.293+0700] {logging_mixin.py:190} INFO - [2025-04-23T15:50:23.293+0700] {dag.py:3239} INFO - Sync 1 DAGs
[2025-04-23T15:50:23.300+0700] {logging_mixin.py:190} INFO - [2025-04-23T15:50:23.300+0700] {dag.py:4180} INFO - Setting next_dagrun for data_pipeline_v01 to 2025-04-22 00:00:00+00:00, run_after=2025-04-23 00:00:00+00:00
[2025-04-23T15:50:23.362+0700] {processor.py:208} INFO - Processing /home/minhle/mlops/dags/data_pipeline.py took 0.706 seconds
[2025-04-23T15:50:55.022+0700] {processor.py:186} INFO - Started process (PID=379471) to work on /home/minhle/mlops/dags/data_pipeline.py
[2025-04-23T15:50:55.030+0700] {processor.py:914} INFO - Processing file /home/minhle/mlops/dags/data_pipeline.py for tasks to queue
[2025-04-23T15:50:55.032+0700] {logging_mixin.py:190} INFO - [2025-04-23T15:50:55.031+0700] {dagbag.py:588} INFO - Filling up the DagBag from /home/minhle/mlops/dags/data_pipeline.py
[2025-04-23T15:50:55.690+0700] {processor.py:925} INFO - DAG(s) 'data_pipeline_v01' retrieved from /home/minhle/mlops/dags/data_pipeline.py
[2025-04-23T15:50:55.697+0700] {logging_mixin.py:190} INFO - [2025-04-23T15:50:55.696+0700] {dag.py:3239} INFO - Sync 1 DAGs
[2025-04-23T15:50:55.704+0700] {logging_mixin.py:190} INFO - [2025-04-23T15:50:55.704+0700] {dag.py:4180} INFO - Setting next_dagrun for data_pipeline_v01 to 2025-04-22 00:00:00+00:00, run_after=2025-04-23 00:00:00+00:00
[2025-04-23T15:50:55.771+0700] {processor.py:208} INFO - Processing /home/minhle/mlops/dags/data_pipeline.py took 0.755 seconds
[2025-04-23T15:51:27.762+0700] {processor.py:186} INFO - Started process (PID=379650) to work on /home/minhle/mlops/dags/data_pipeline.py
[2025-04-23T15:51:27.763+0700] {processor.py:914} INFO - Processing file /home/minhle/mlops/dags/data_pipeline.py for tasks to queue
[2025-04-23T15:51:27.764+0700] {logging_mixin.py:190} INFO - [2025-04-23T15:51:27.764+0700] {dagbag.py:588} INFO - Filling up the DagBag from /home/minhle/mlops/dags/data_pipeline.py
[2025-04-23T15:51:28.419+0700] {processor.py:925} INFO - DAG(s) 'data_pipeline_v01' retrieved from /home/minhle/mlops/dags/data_pipeline.py
[2025-04-23T15:51:28.426+0700] {logging_mixin.py:190} INFO - [2025-04-23T15:51:28.426+0700] {dag.py:3239} INFO - Sync 1 DAGs
[2025-04-23T15:51:28.433+0700] {logging_mixin.py:190} INFO - [2025-04-23T15:51:28.433+0700] {dag.py:4180} INFO - Setting next_dagrun for data_pipeline_v01 to 2025-04-22 00:00:00+00:00, run_after=2025-04-23 00:00:00+00:00
[2025-04-23T15:51:28.499+0700] {processor.py:208} INFO - Processing /home/minhle/mlops/dags/data_pipeline.py took 0.740 seconds
[2025-04-23T15:51:59.998+0700] {processor.py:186} INFO - Started process (PID=379738) to work on /home/minhle/mlops/dags/data_pipeline.py
[2025-04-23T15:51:59.999+0700] {processor.py:914} INFO - Processing file /home/minhle/mlops/dags/data_pipeline.py for tasks to queue
[2025-04-23T15:51:59.999+0700] {logging_mixin.py:190} INFO - [2025-04-23T15:51:59.999+0700] {dagbag.py:588} INFO - Filling up the DagBag from /home/minhle/mlops/dags/data_pipeline.py
[2025-04-23T15:52:00.677+0700] {processor.py:925} INFO - DAG(s) 'data_pipeline_v01' retrieved from /home/minhle/mlops/dags/data_pipeline.py
[2025-04-23T15:52:00.685+0700] {logging_mixin.py:190} INFO - [2025-04-23T15:52:00.685+0700] {dag.py:3239} INFO - Sync 1 DAGs
[2025-04-23T15:52:00.692+0700] {logging_mixin.py:190} INFO - [2025-04-23T15:52:00.692+0700] {dag.py:4180} INFO - Setting next_dagrun for data_pipeline_v01 to 2025-04-22 00:00:00+00:00, run_after=2025-04-23 00:00:00+00:00
[2025-04-23T15:52:00.770+0700] {processor.py:208} INFO - Processing /home/minhle/mlops/dags/data_pipeline.py took 0.776 seconds
[2025-04-23T15:52:31.953+0700] {processor.py:186} INFO - Started process (PID=379840) to work on /home/minhle/mlops/dags/data_pipeline.py
[2025-04-23T15:52:31.954+0700] {processor.py:914} INFO - Processing file /home/minhle/mlops/dags/data_pipeline.py for tasks to queue
[2025-04-23T15:52:31.955+0700] {logging_mixin.py:190} INFO - [2025-04-23T15:52:31.954+0700] {dagbag.py:588} INFO - Filling up the DagBag from /home/minhle/mlops/dags/data_pipeline.py
[2025-04-23T15:52:32.610+0700] {processor.py:925} INFO - DAG(s) 'data_pipeline_v01' retrieved from /home/minhle/mlops/dags/data_pipeline.py
[2025-04-23T15:52:32.618+0700] {logging_mixin.py:190} INFO - [2025-04-23T15:52:32.618+0700] {dag.py:3239} INFO - Sync 1 DAGs
[2025-04-23T15:52:32.625+0700] {logging_mixin.py:190} INFO - [2025-04-23T15:52:32.625+0700] {dag.py:4180} INFO - Setting next_dagrun for data_pipeline_v01 to 2025-04-22 00:00:00+00:00, run_after=2025-04-23 00:00:00+00:00
[2025-04-23T15:52:32.736+0700] {processor.py:208} INFO - Processing /home/minhle/mlops/dags/data_pipeline.py took 0.789 seconds
[2025-04-23T15:53:03.809+0700] {processor.py:186} INFO - Started process (PID=379935) to work on /home/minhle/mlops/dags/data_pipeline.py
[2025-04-23T15:53:03.823+0700] {processor.py:914} INFO - Processing file /home/minhle/mlops/dags/data_pipeline.py for tasks to queue
[2025-04-23T15:53:03.827+0700] {logging_mixin.py:190} INFO - [2025-04-23T15:53:03.826+0700] {dagbag.py:588} INFO - Filling up the DagBag from /home/minhle/mlops/dags/data_pipeline.py
[2025-04-23T15:53:04.451+0700] {processor.py:925} INFO - DAG(s) 'data_pipeline_v01' retrieved from /home/minhle/mlops/dags/data_pipeline.py
[2025-04-23T15:53:04.461+0700] {logging_mixin.py:190} INFO - [2025-04-23T15:53:04.461+0700] {dag.py:3239} INFO - Sync 1 DAGs
[2025-04-23T15:53:04.468+0700] {logging_mixin.py:190} INFO - [2025-04-23T15:53:04.468+0700] {dag.py:4180} INFO - Setting next_dagrun for data_pipeline_v01 to 2025-04-22 00:00:00+00:00, run_after=2025-04-23 00:00:00+00:00
[2025-04-23T15:53:04.561+0700] {processor.py:208} INFO - Processing /home/minhle/mlops/dags/data_pipeline.py took 0.757 seconds
[2025-04-23T15:53:35.713+0700] {processor.py:186} INFO - Started process (PID=380034) to work on /home/minhle/mlops/dags/data_pipeline.py
[2025-04-23T15:53:35.714+0700] {processor.py:914} INFO - Processing file /home/minhle/mlops/dags/data_pipeline.py for tasks to queue
[2025-04-23T15:53:35.715+0700] {logging_mixin.py:190} INFO - [2025-04-23T15:53:35.714+0700] {dagbag.py:588} INFO - Filling up the DagBag from /home/minhle/mlops/dags/data_pipeline.py
[2025-04-23T15:53:36.369+0700] {processor.py:925} INFO - DAG(s) 'data_pipeline_v01' retrieved from /home/minhle/mlops/dags/data_pipeline.py
[2025-04-23T15:53:36.376+0700] {logging_mixin.py:190} INFO - [2025-04-23T15:53:36.375+0700] {dag.py:3239} INFO - Sync 1 DAGs
[2025-04-23T15:53:36.382+0700] {logging_mixin.py:190} INFO - [2025-04-23T15:53:36.382+0700] {dag.py:4180} INFO - Setting next_dagrun for data_pipeline_v01 to 2025-04-22 00:00:00+00:00, run_after=2025-04-23 00:00:00+00:00
[2025-04-23T15:53:36.440+0700] {processor.py:208} INFO - Processing /home/minhle/mlops/dags/data_pipeline.py took 0.729 seconds
[2025-04-23T15:54:07.940+0700] {processor.py:186} INFO - Started process (PID=380147) to work on /home/minhle/mlops/dags/data_pipeline.py
[2025-04-23T15:54:07.943+0700] {processor.py:914} INFO - Processing file /home/minhle/mlops/dags/data_pipeline.py for tasks to queue
[2025-04-23T15:54:07.944+0700] {logging_mixin.py:190} INFO - [2025-04-23T15:54:07.944+0700] {dagbag.py:588} INFO - Filling up the DagBag from /home/minhle/mlops/dags/data_pipeline.py
[2025-04-23T15:54:08.568+0700] {processor.py:925} INFO - DAG(s) 'data_pipeline_v01' retrieved from /home/minhle/mlops/dags/data_pipeline.py
[2025-04-23T15:54:08.575+0700] {logging_mixin.py:190} INFO - [2025-04-23T15:54:08.575+0700] {dag.py:3239} INFO - Sync 1 DAGs
[2025-04-23T15:54:08.582+0700] {logging_mixin.py:190} INFO - [2025-04-23T15:54:08.582+0700] {dag.py:4180} INFO - Setting next_dagrun for data_pipeline_v01 to 2025-04-22 00:00:00+00:00, run_after=2025-04-23 00:00:00+00:00
[2025-04-23T15:54:08.653+0700] {processor.py:208} INFO - Processing /home/minhle/mlops/dags/data_pipeline.py took 0.717 seconds
[2025-04-23T15:54:39.651+0700] {processor.py:186} INFO - Started process (PID=380255) to work on /home/minhle/mlops/dags/data_pipeline.py
[2025-04-23T15:54:39.652+0700] {processor.py:914} INFO - Processing file /home/minhle/mlops/dags/data_pipeline.py for tasks to queue
[2025-04-23T15:54:39.652+0700] {logging_mixin.py:190} INFO - [2025-04-23T15:54:39.652+0700] {dagbag.py:588} INFO - Filling up the DagBag from /home/minhle/mlops/dags/data_pipeline.py
[2025-04-23T15:54:40.296+0700] {processor.py:925} INFO - DAG(s) 'data_pipeline_v01' retrieved from /home/minhle/mlops/dags/data_pipeline.py
[2025-04-23T15:54:40.304+0700] {logging_mixin.py:190} INFO - [2025-04-23T15:54:40.304+0700] {dag.py:3239} INFO - Sync 1 DAGs
[2025-04-23T15:54:40.311+0700] {logging_mixin.py:190} INFO - [2025-04-23T15:54:40.311+0700] {dag.py:4180} INFO - Setting next_dagrun for data_pipeline_v01 to 2025-04-22 00:00:00+00:00, run_after=2025-04-23 00:00:00+00:00
[2025-04-23T15:54:40.381+0700] {processor.py:208} INFO - Processing /home/minhle/mlops/dags/data_pipeline.py took 0.734 seconds
[2025-04-23T15:55:11.405+0700] {processor.py:186} INFO - Started process (PID=380358) to work on /home/minhle/mlops/dags/data_pipeline.py
[2025-04-23T15:55:11.413+0700] {processor.py:914} INFO - Processing file /home/minhle/mlops/dags/data_pipeline.py for tasks to queue
[2025-04-23T15:55:11.415+0700] {logging_mixin.py:190} INFO - [2025-04-23T15:55:11.414+0700] {dagbag.py:588} INFO - Filling up the DagBag from /home/minhle/mlops/dags/data_pipeline.py
[2025-04-23T15:55:12.044+0700] {processor.py:925} INFO - DAG(s) 'data_pipeline_v01' retrieved from /home/minhle/mlops/dags/data_pipeline.py
[2025-04-23T15:55:12.052+0700] {logging_mixin.py:190} INFO - [2025-04-23T15:55:12.051+0700] {dag.py:3239} INFO - Sync 1 DAGs
[2025-04-23T15:55:12.058+0700] {logging_mixin.py:190} INFO - [2025-04-23T15:55:12.058+0700] {dag.py:4180} INFO - Setting next_dagrun for data_pipeline_v01 to 2025-04-22 00:00:00+00:00, run_after=2025-04-23 00:00:00+00:00
[2025-04-23T15:55:12.125+0700] {processor.py:208} INFO - Processing /home/minhle/mlops/dags/data_pipeline.py took 0.725 seconds
[2025-04-23T15:55:42.444+0700] {processor.py:186} INFO - Started process (PID=380490) to work on /home/minhle/mlops/dags/data_pipeline.py
[2025-04-23T15:55:42.445+0700] {processor.py:914} INFO - Processing file /home/minhle/mlops/dags/data_pipeline.py for tasks to queue
[2025-04-23T15:55:42.445+0700] {logging_mixin.py:190} INFO - [2025-04-23T15:55:42.445+0700] {dagbag.py:588} INFO - Filling up the DagBag from /home/minhle/mlops/dags/data_pipeline.py
[2025-04-23T15:55:43.088+0700] {processor.py:925} INFO - DAG(s) 'data_pipeline_v01' retrieved from /home/minhle/mlops/dags/data_pipeline.py
[2025-04-23T15:55:43.100+0700] {logging_mixin.py:190} INFO - [2025-04-23T15:55:43.100+0700] {dag.py:3239} INFO - Sync 1 DAGs
[2025-04-23T15:55:43.107+0700] {logging_mixin.py:190} INFO - [2025-04-23T15:55:43.107+0700] {dag.py:4180} INFO - Setting next_dagrun for data_pipeline_v01 to 2025-04-22 00:00:00+00:00, run_after=2025-04-23 00:00:00+00:00
[2025-04-23T15:55:43.204+0700] {processor.py:208} INFO - Processing /home/minhle/mlops/dags/data_pipeline.py took 0.763 seconds
[2025-04-23T15:56:14.990+0700] {processor.py:186} INFO - Started process (PID=380599) to work on /home/minhle/mlops/dags/data_pipeline.py
[2025-04-23T15:56:14.991+0700] {processor.py:914} INFO - Processing file /home/minhle/mlops/dags/data_pipeline.py for tasks to queue
[2025-04-23T15:56:14.992+0700] {logging_mixin.py:190} INFO - [2025-04-23T15:56:14.992+0700] {dagbag.py:588} INFO - Filling up the DagBag from /home/minhle/mlops/dags/data_pipeline.py
[2025-04-23T15:56:15.650+0700] {processor.py:925} INFO - DAG(s) 'data_pipeline_v01' retrieved from /home/minhle/mlops/dags/data_pipeline.py
[2025-04-23T15:56:15.657+0700] {logging_mixin.py:190} INFO - [2025-04-23T15:56:15.657+0700] {dag.py:3239} INFO - Sync 1 DAGs
[2025-04-23T15:56:15.664+0700] {logging_mixin.py:190} INFO - [2025-04-23T15:56:15.664+0700] {dag.py:4180} INFO - Setting next_dagrun for data_pipeline_v01 to 2025-04-22 00:00:00+00:00, run_after=2025-04-23 00:00:00+00:00
[2025-04-23T15:56:15.732+0700] {processor.py:208} INFO - Processing /home/minhle/mlops/dags/data_pipeline.py took 0.747 seconds
[2025-04-23T15:56:46.599+0700] {processor.py:186} INFO - Started process (PID=380691) to work on /home/minhle/mlops/dags/data_pipeline.py
[2025-04-23T15:56:46.599+0700] {processor.py:914} INFO - Processing file /home/minhle/mlops/dags/data_pipeline.py for tasks to queue
[2025-04-23T15:56:46.600+0700] {logging_mixin.py:190} INFO - [2025-04-23T15:56:46.599+0700] {dagbag.py:588} INFO - Filling up the DagBag from /home/minhle/mlops/dags/data_pipeline.py
[2025-04-23T15:56:47.234+0700] {processor.py:925} INFO - DAG(s) 'data_pipeline_v01' retrieved from /home/minhle/mlops/dags/data_pipeline.py
[2025-04-23T15:56:47.241+0700] {logging_mixin.py:190} INFO - [2025-04-23T15:56:47.241+0700] {dag.py:3239} INFO - Sync 1 DAGs
[2025-04-23T15:56:47.249+0700] {logging_mixin.py:190} INFO - [2025-04-23T15:56:47.248+0700] {dag.py:4180} INFO - Setting next_dagrun for data_pipeline_v01 to 2025-04-22 00:00:00+00:00, run_after=2025-04-23 00:00:00+00:00
[2025-04-23T15:56:47.312+0700] {processor.py:208} INFO - Processing /home/minhle/mlops/dags/data_pipeline.py took 0.720 seconds
[2025-04-23T15:57:18.547+0700] {processor.py:186} INFO - Started process (PID=380771) to work on /home/minhle/mlops/dags/data_pipeline.py
[2025-04-23T15:57:18.559+0700] {processor.py:914} INFO - Processing file /home/minhle/mlops/dags/data_pipeline.py for tasks to queue
[2025-04-23T15:57:18.562+0700] {logging_mixin.py:190} INFO - [2025-04-23T15:57:18.561+0700] {dagbag.py:588} INFO - Filling up the DagBag from /home/minhle/mlops/dags/data_pipeline.py
[2025-04-23T15:57:19.224+0700] {processor.py:925} INFO - DAG(s) 'data_pipeline_v01' retrieved from /home/minhle/mlops/dags/data_pipeline.py
[2025-04-23T15:57:19.231+0700] {logging_mixin.py:190} INFO - [2025-04-23T15:57:19.231+0700] {dag.py:3239} INFO - Sync 1 DAGs
[2025-04-23T15:57:19.239+0700] {logging_mixin.py:190} INFO - [2025-04-23T15:57:19.239+0700] {dag.py:4180} INFO - Setting next_dagrun for data_pipeline_v01 to 2025-04-22 00:00:00+00:00, run_after=2025-04-23 00:00:00+00:00
[2025-04-23T15:57:19.302+0700] {processor.py:208} INFO - Processing /home/minhle/mlops/dags/data_pipeline.py took 0.766 seconds
[2025-04-23T15:57:50.255+0700] {processor.py:186} INFO - Started process (PID=380898) to work on /home/minhle/mlops/dags/data_pipeline.py
[2025-04-23T15:57:50.256+0700] {processor.py:914} INFO - Processing file /home/minhle/mlops/dags/data_pipeline.py for tasks to queue
[2025-04-23T15:57:50.258+0700] {logging_mixin.py:190} INFO - [2025-04-23T15:57:50.257+0700] {dagbag.py:588} INFO - Filling up the DagBag from /home/minhle/mlops/dags/data_pipeline.py
[2025-04-23T15:57:50.900+0700] {processor.py:925} INFO - DAG(s) 'data_pipeline_v01' retrieved from /home/minhle/mlops/dags/data_pipeline.py
[2025-04-23T15:57:50.907+0700] {logging_mixin.py:190} INFO - [2025-04-23T15:57:50.907+0700] {dag.py:3239} INFO - Sync 1 DAGs
[2025-04-23T15:57:50.914+0700] {logging_mixin.py:190} INFO - [2025-04-23T15:57:50.914+0700] {dag.py:4180} INFO - Setting next_dagrun for data_pipeline_v01 to 2025-04-22 00:00:00+00:00, run_after=2025-04-23 00:00:00+00:00
[2025-04-23T15:57:50.982+0700] {processor.py:208} INFO - Processing /home/minhle/mlops/dags/data_pipeline.py took 0.737 seconds
[2025-04-23T15:58:22.530+0700] {processor.py:186} INFO - Started process (PID=380985) to work on /home/minhle/mlops/dags/data_pipeline.py
[2025-04-23T15:58:22.544+0700] {processor.py:914} INFO - Processing file /home/minhle/mlops/dags/data_pipeline.py for tasks to queue
[2025-04-23T15:58:22.547+0700] {logging_mixin.py:190} INFO - [2025-04-23T15:58:22.546+0700] {dagbag.py:588} INFO - Filling up the DagBag from /home/minhle/mlops/dags/data_pipeline.py
[2025-04-23T15:58:23.185+0700] {processor.py:925} INFO - DAG(s) 'data_pipeline_v01' retrieved from /home/minhle/mlops/dags/data_pipeline.py
[2025-04-23T15:58:23.193+0700] {logging_mixin.py:190} INFO - [2025-04-23T15:58:23.193+0700] {dag.py:3239} INFO - Sync 1 DAGs
[2025-04-23T15:58:23.199+0700] {logging_mixin.py:190} INFO - [2025-04-23T15:58:23.199+0700] {dag.py:4180} INFO - Setting next_dagrun for data_pipeline_v01 to 2025-04-22 00:00:00+00:00, run_after=2025-04-23 00:00:00+00:00
[2025-04-23T15:58:23.268+0700] {processor.py:208} INFO - Processing /home/minhle/mlops/dags/data_pipeline.py took 0.747 seconds
[2025-04-23T15:58:54.317+0700] {processor.py:186} INFO - Started process (PID=381070) to work on /home/minhle/mlops/dags/data_pipeline.py
[2025-04-23T15:58:54.324+0700] {processor.py:914} INFO - Processing file /home/minhle/mlops/dags/data_pipeline.py for tasks to queue
[2025-04-23T15:58:54.326+0700] {logging_mixin.py:190} INFO - [2025-04-23T15:58:54.326+0700] {dagbag.py:588} INFO - Filling up the DagBag from /home/minhle/mlops/dags/data_pipeline.py
[2025-04-23T15:58:54.970+0700] {processor.py:925} INFO - DAG(s) 'data_pipeline_v01' retrieved from /home/minhle/mlops/dags/data_pipeline.py
[2025-04-23T15:58:54.977+0700] {logging_mixin.py:190} INFO - [2025-04-23T15:58:54.977+0700] {dag.py:3239} INFO - Sync 1 DAGs
[2025-04-23T15:58:54.983+0700] {logging_mixin.py:190} INFO - [2025-04-23T15:58:54.983+0700] {dag.py:4180} INFO - Setting next_dagrun for data_pipeline_v01 to 2025-04-22 00:00:00+00:00, run_after=2025-04-23 00:00:00+00:00
[2025-04-23T15:58:55.054+0700] {processor.py:208} INFO - Processing /home/minhle/mlops/dags/data_pipeline.py took 0.742 seconds
[2025-04-23T15:59:26.398+0700] {processor.py:186} INFO - Started process (PID=381193) to work on /home/minhle/mlops/dags/data_pipeline.py
[2025-04-23T15:59:26.399+0700] {processor.py:914} INFO - Processing file /home/minhle/mlops/dags/data_pipeline.py for tasks to queue
[2025-04-23T15:59:26.400+0700] {logging_mixin.py:190} INFO - [2025-04-23T15:59:26.400+0700] {dagbag.py:588} INFO - Filling up the DagBag from /home/minhle/mlops/dags/data_pipeline.py
[2025-04-23T15:59:27.053+0700] {processor.py:925} INFO - DAG(s) 'data_pipeline_v01' retrieved from /home/minhle/mlops/dags/data_pipeline.py
[2025-04-23T15:59:27.060+0700] {logging_mixin.py:190} INFO - [2025-04-23T15:59:27.060+0700] {dag.py:3239} INFO - Sync 1 DAGs
[2025-04-23T15:59:27.067+0700] {logging_mixin.py:190} INFO - [2025-04-23T15:59:27.067+0700] {dag.py:4180} INFO - Setting next_dagrun for data_pipeline_v01 to 2025-04-22 00:00:00+00:00, run_after=2025-04-23 00:00:00+00:00
[2025-04-23T15:59:27.189+0700] {processor.py:208} INFO - Processing /home/minhle/mlops/dags/data_pipeline.py took 0.795 seconds
[2025-04-23T15:59:58.387+0700] {processor.py:186} INFO - Started process (PID=381273) to work on /home/minhle/mlops/dags/data_pipeline.py
[2025-04-23T15:59:58.395+0700] {processor.py:914} INFO - Processing file /home/minhle/mlops/dags/data_pipeline.py for tasks to queue
[2025-04-23T15:59:58.397+0700] {logging_mixin.py:190} INFO - [2025-04-23T15:59:58.397+0700] {dagbag.py:588} INFO - Filling up the DagBag from /home/minhle/mlops/dags/data_pipeline.py
[2025-04-23T15:59:59.027+0700] {processor.py:925} INFO - DAG(s) 'data_pipeline_v01' retrieved from /home/minhle/mlops/dags/data_pipeline.py
[2025-04-23T15:59:59.035+0700] {logging_mixin.py:190} INFO - [2025-04-23T15:59:59.034+0700] {dag.py:3239} INFO - Sync 1 DAGs
[2025-04-23T15:59:59.041+0700] {logging_mixin.py:190} INFO - [2025-04-23T15:59:59.041+0700] {dag.py:4180} INFO - Setting next_dagrun for data_pipeline_v01 to 2025-04-22 00:00:00+00:00, run_after=2025-04-23 00:00:00+00:00
[2025-04-23T15:59:59.113+0700] {processor.py:208} INFO - Processing /home/minhle/mlops/dags/data_pipeline.py took 0.734 seconds
[2025-04-23T16:00:30.310+0700] {processor.py:186} INFO - Started process (PID=381362) to work on /home/minhle/mlops/dags/data_pipeline.py
[2025-04-23T16:00:30.310+0700] {processor.py:914} INFO - Processing file /home/minhle/mlops/dags/data_pipeline.py for tasks to queue
[2025-04-23T16:00:30.311+0700] {logging_mixin.py:190} INFO - [2025-04-23T16:00:30.311+0700] {dagbag.py:588} INFO - Filling up the DagBag from /home/minhle/mlops/dags/data_pipeline.py
[2025-04-23T16:00:30.980+0700] {processor.py:925} INFO - DAG(s) 'data_pipeline_v01' retrieved from /home/minhle/mlops/dags/data_pipeline.py
[2025-04-23T16:00:30.988+0700] {logging_mixin.py:190} INFO - [2025-04-23T16:00:30.987+0700] {dag.py:3239} INFO - Sync 1 DAGs
[2025-04-23T16:00:30.995+0700] {logging_mixin.py:190} INFO - [2025-04-23T16:00:30.995+0700] {dag.py:4180} INFO - Setting next_dagrun for data_pipeline_v01 to 2025-04-22 00:00:00+00:00, run_after=2025-04-23 00:00:00+00:00
[2025-04-23T16:00:31.079+0700] {processor.py:208} INFO - Processing /home/minhle/mlops/dags/data_pipeline.py took 0.772 seconds
[2025-04-23T16:01:01.641+0700] {processor.py:186} INFO - Started process (PID=381452) to work on /home/minhle/mlops/dags/data_pipeline.py
[2025-04-23T16:01:01.642+0700] {processor.py:914} INFO - Processing file /home/minhle/mlops/dags/data_pipeline.py for tasks to queue
[2025-04-23T16:01:01.643+0700] {logging_mixin.py:190} INFO - [2025-04-23T16:01:01.643+0700] {dagbag.py:588} INFO - Filling up the DagBag from /home/minhle/mlops/dags/data_pipeline.py
[2025-04-23T16:01:02.296+0700] {processor.py:925} INFO - DAG(s) 'data_pipeline_v01' retrieved from /home/minhle/mlops/dags/data_pipeline.py
[2025-04-23T16:01:02.303+0700] {logging_mixin.py:190} INFO - [2025-04-23T16:01:02.303+0700] {dag.py:3239} INFO - Sync 1 DAGs
[2025-04-23T16:01:02.310+0700] {logging_mixin.py:190} INFO - [2025-04-23T16:01:02.310+0700] {dag.py:4180} INFO - Setting next_dagrun for data_pipeline_v01 to 2025-04-22 00:00:00+00:00, run_after=2025-04-23 00:00:00+00:00
[2025-04-23T16:01:02.378+0700] {processor.py:208} INFO - Processing /home/minhle/mlops/dags/data_pipeline.py took 0.741 seconds
[2025-04-23T16:01:34.083+0700] {processor.py:186} INFO - Started process (PID=381534) to work on /home/minhle/mlops/dags/data_pipeline.py
[2025-04-23T16:01:34.084+0700] {processor.py:914} INFO - Processing file /home/minhle/mlops/dags/data_pipeline.py for tasks to queue
[2025-04-23T16:01:34.086+0700] {logging_mixin.py:190} INFO - [2025-04-23T16:01:34.085+0700] {dagbag.py:588} INFO - Filling up the DagBag from /home/minhle/mlops/dags/data_pipeline.py
[2025-04-23T16:01:34.732+0700] {processor.py:925} INFO - DAG(s) 'data_pipeline_v01' retrieved from /home/minhle/mlops/dags/data_pipeline.py
[2025-04-23T16:01:34.739+0700] {logging_mixin.py:190} INFO - [2025-04-23T16:01:34.739+0700] {dag.py:3239} INFO - Sync 1 DAGs
[2025-04-23T16:01:34.745+0700] {logging_mixin.py:190} INFO - [2025-04-23T16:01:34.745+0700] {dag.py:4180} INFO - Setting next_dagrun for data_pipeline_v01 to 2025-04-22 00:00:00+00:00, run_after=2025-04-23 00:00:00+00:00
[2025-04-23T16:01:34.816+0700] {processor.py:208} INFO - Processing /home/minhle/mlops/dags/data_pipeline.py took 0.741 seconds
[2025-04-23T16:02:05.983+0700] {processor.py:186} INFO - Started process (PID=381614) to work on /home/minhle/mlops/dags/data_pipeline.py
[2025-04-23T16:02:05.989+0700] {processor.py:914} INFO - Processing file /home/minhle/mlops/dags/data_pipeline.py for tasks to queue
[2025-04-23T16:02:05.992+0700] {logging_mixin.py:190} INFO - [2025-04-23T16:02:05.991+0700] {dagbag.py:588} INFO - Filling up the DagBag from /home/minhle/mlops/dags/data_pipeline.py
[2025-04-23T16:02:06.622+0700] {processor.py:925} INFO - DAG(s) 'data_pipeline_v01' retrieved from /home/minhle/mlops/dags/data_pipeline.py
[2025-04-23T16:02:06.629+0700] {logging_mixin.py:190} INFO - [2025-04-23T16:02:06.629+0700] {dag.py:3239} INFO - Sync 1 DAGs
[2025-04-23T16:02:06.635+0700] {logging_mixin.py:190} INFO - [2025-04-23T16:02:06.635+0700] {dag.py:4180} INFO - Setting next_dagrun for data_pipeline_v01 to 2025-04-22 00:00:00+00:00, run_after=2025-04-23 00:00:00+00:00
[2025-04-23T16:02:06.724+0700] {processor.py:208} INFO - Processing /home/minhle/mlops/dags/data_pipeline.py took 0.747 seconds
[2025-04-23T16:02:37.697+0700] {processor.py:186} INFO - Started process (PID=381760) to work on /home/minhle/mlops/dags/data_pipeline.py
[2025-04-23T16:02:37.699+0700] {processor.py:914} INFO - Processing file /home/minhle/mlops/dags/data_pipeline.py for tasks to queue
[2025-04-23T16:02:37.701+0700] {logging_mixin.py:190} INFO - [2025-04-23T16:02:37.700+0700] {dagbag.py:588} INFO - Filling up the DagBag from /home/minhle/mlops/dags/data_pipeline.py
[2025-04-23T16:02:38.328+0700] {processor.py:925} INFO - DAG(s) 'data_pipeline_v01' retrieved from /home/minhle/mlops/dags/data_pipeline.py
[2025-04-23T16:02:38.334+0700] {logging_mixin.py:190} INFO - [2025-04-23T16:02:38.334+0700] {dag.py:3239} INFO - Sync 1 DAGs
[2025-04-23T16:02:38.341+0700] {logging_mixin.py:190} INFO - [2025-04-23T16:02:38.341+0700] {dag.py:4180} INFO - Setting next_dagrun for data_pipeline_v01 to 2025-04-22 00:00:00+00:00, run_after=2025-04-23 00:00:00+00:00
[2025-04-23T16:02:38.410+0700] {processor.py:208} INFO - Processing /home/minhle/mlops/dags/data_pipeline.py took 0.722 seconds
[2025-04-23T16:03:09.488+0700] {processor.py:186} INFO - Started process (PID=381840) to work on /home/minhle/mlops/dags/data_pipeline.py
[2025-04-23T16:03:09.490+0700] {processor.py:914} INFO - Processing file /home/minhle/mlops/dags/data_pipeline.py for tasks to queue
[2025-04-23T16:03:09.493+0700] {logging_mixin.py:190} INFO - [2025-04-23T16:03:09.492+0700] {dagbag.py:588} INFO - Filling up the DagBag from /home/minhle/mlops/dags/data_pipeline.py
[2025-04-23T16:03:10.124+0700] {processor.py:925} INFO - DAG(s) 'data_pipeline_v01' retrieved from /home/minhle/mlops/dags/data_pipeline.py
[2025-04-23T16:03:10.131+0700] {logging_mixin.py:190} INFO - [2025-04-23T16:03:10.130+0700] {dag.py:3239} INFO - Sync 1 DAGs
[2025-04-23T16:03:10.137+0700] {logging_mixin.py:190} INFO - [2025-04-23T16:03:10.137+0700] {dag.py:4180} INFO - Setting next_dagrun for data_pipeline_v01 to 2025-04-22 00:00:00+00:00, run_after=2025-04-23 00:00:00+00:00
[2025-04-23T16:03:10.203+0700] {processor.py:208} INFO - Processing /home/minhle/mlops/dags/data_pipeline.py took 0.724 seconds
[2025-04-23T16:03:41.277+0700] {processor.py:186} INFO - Started process (PID=381931) to work on /home/minhle/mlops/dags/data_pipeline.py
[2025-04-23T16:03:41.278+0700] {processor.py:914} INFO - Processing file /home/minhle/mlops/dags/data_pipeline.py for tasks to queue
[2025-04-23T16:03:41.278+0700] {logging_mixin.py:190} INFO - [2025-04-23T16:03:41.278+0700] {dagbag.py:588} INFO - Filling up the DagBag from /home/minhle/mlops/dags/data_pipeline.py
[2025-04-23T16:03:41.904+0700] {processor.py:925} INFO - DAG(s) 'data_pipeline_v01' retrieved from /home/minhle/mlops/dags/data_pipeline.py
[2025-04-23T16:03:41.911+0700] {logging_mixin.py:190} INFO - [2025-04-23T16:03:41.911+0700] {dag.py:3239} INFO - Sync 1 DAGs
[2025-04-23T16:03:41.918+0700] {logging_mixin.py:190} INFO - [2025-04-23T16:03:41.918+0700] {dag.py:4180} INFO - Setting next_dagrun for data_pipeline_v01 to 2025-04-22 00:00:00+00:00, run_after=2025-04-23 00:00:00+00:00
[2025-04-23T16:03:41.982+0700] {processor.py:208} INFO - Processing /home/minhle/mlops/dags/data_pipeline.py took 0.710 seconds
[2025-04-23T16:04:13.273+0700] {processor.py:186} INFO - Started process (PID=382039) to work on /home/minhle/mlops/dags/data_pipeline.py
[2025-04-23T16:04:13.278+0700] {processor.py:914} INFO - Processing file /home/minhle/mlops/dags/data_pipeline.py for tasks to queue
[2025-04-23T16:04:13.280+0700] {logging_mixin.py:190} INFO - [2025-04-23T16:04:13.280+0700] {dagbag.py:588} INFO - Filling up the DagBag from /home/minhle/mlops/dags/data_pipeline.py
[2025-04-23T16:04:13.909+0700] {processor.py:925} INFO - DAG(s) 'data_pipeline_v01' retrieved from /home/minhle/mlops/dags/data_pipeline.py
[2025-04-23T16:04:13.916+0700] {logging_mixin.py:190} INFO - [2025-04-23T16:04:13.916+0700] {dag.py:3239} INFO - Sync 1 DAGs
[2025-04-23T16:04:13.923+0700] {logging_mixin.py:190} INFO - [2025-04-23T16:04:13.923+0700] {dag.py:4180} INFO - Setting next_dagrun for data_pipeline_v01 to 2025-04-22 00:00:00+00:00, run_after=2025-04-23 00:00:00+00:00
[2025-04-23T16:04:13.998+0700] {processor.py:208} INFO - Processing /home/minhle/mlops/dags/data_pipeline.py took 0.730 seconds
[2025-04-23T16:04:45.576+0700] {processor.py:186} INFO - Started process (PID=382121) to work on /home/minhle/mlops/dags/data_pipeline.py
[2025-04-23T16:04:45.576+0700] {processor.py:914} INFO - Processing file /home/minhle/mlops/dags/data_pipeline.py for tasks to queue
[2025-04-23T16:04:45.577+0700] {logging_mixin.py:190} INFO - [2025-04-23T16:04:45.576+0700] {dagbag.py:588} INFO - Filling up the DagBag from /home/minhle/mlops/dags/data_pipeline.py
[2025-04-23T16:04:46.199+0700] {processor.py:925} INFO - DAG(s) 'data_pipeline_v01' retrieved from /home/minhle/mlops/dags/data_pipeline.py
[2025-04-23T16:04:46.207+0700] {logging_mixin.py:190} INFO - [2025-04-23T16:04:46.206+0700] {dag.py:3239} INFO - Sync 1 DAGs
[2025-04-23T16:04:46.213+0700] {logging_mixin.py:190} INFO - [2025-04-23T16:04:46.213+0700] {dag.py:4180} INFO - Setting next_dagrun for data_pipeline_v01 to 2025-04-22 00:00:00+00:00, run_after=2025-04-23 00:00:00+00:00
[2025-04-23T16:04:46.276+0700] {processor.py:208} INFO - Processing /home/minhle/mlops/dags/data_pipeline.py took 0.707 seconds
[2025-04-23T16:05:17.387+0700] {processor.py:186} INFO - Started process (PID=382202) to work on /home/minhle/mlops/dags/data_pipeline.py
[2025-04-23T16:05:17.388+0700] {processor.py:914} INFO - Processing file /home/minhle/mlops/dags/data_pipeline.py for tasks to queue
[2025-04-23T16:05:17.389+0700] {logging_mixin.py:190} INFO - [2025-04-23T16:05:17.389+0700] {dagbag.py:588} INFO - Filling up the DagBag from /home/minhle/mlops/dags/data_pipeline.py
[2025-04-23T16:05:18.012+0700] {processor.py:925} INFO - DAG(s) 'data_pipeline_v01' retrieved from /home/minhle/mlops/dags/data_pipeline.py
[2025-04-23T16:05:18.018+0700] {logging_mixin.py:190} INFO - [2025-04-23T16:05:18.018+0700] {dag.py:3239} INFO - Sync 1 DAGs
[2025-04-23T16:05:18.025+0700] {logging_mixin.py:190} INFO - [2025-04-23T16:05:18.025+0700] {dag.py:4180} INFO - Setting next_dagrun for data_pipeline_v01 to 2025-04-22 00:00:00+00:00, run_after=2025-04-23 00:00:00+00:00
[2025-04-23T16:05:18.094+0700] {processor.py:208} INFO - Processing /home/minhle/mlops/dags/data_pipeline.py took 0.711 seconds
[2025-04-23T16:05:49.177+0700] {processor.py:186} INFO - Started process (PID=382283) to work on /home/minhle/mlops/dags/data_pipeline.py
[2025-04-23T16:05:49.177+0700] {processor.py:914} INFO - Processing file /home/minhle/mlops/dags/data_pipeline.py for tasks to queue
[2025-04-23T16:05:49.178+0700] {logging_mixin.py:190} INFO - [2025-04-23T16:05:49.178+0700] {dagbag.py:588} INFO - Filling up the DagBag from /home/minhle/mlops/dags/data_pipeline.py
[2025-04-23T16:05:49.819+0700] {processor.py:925} INFO - DAG(s) 'data_pipeline_v01' retrieved from /home/minhle/mlops/dags/data_pipeline.py
[2025-04-23T16:05:49.831+0700] {logging_mixin.py:190} INFO - [2025-04-23T16:05:49.830+0700] {dag.py:3239} INFO - Sync 1 DAGs
[2025-04-23T16:05:49.838+0700] {logging_mixin.py:190} INFO - [2025-04-23T16:05:49.838+0700] {dag.py:4180} INFO - Setting next_dagrun for data_pipeline_v01 to 2025-04-22 00:00:00+00:00, run_after=2025-04-23 00:00:00+00:00
[2025-04-23T16:05:49.911+0700] {processor.py:208} INFO - Processing /home/minhle/mlops/dags/data_pipeline.py took 0.738 seconds
[2025-04-23T16:06:21.016+0700] {processor.py:186} INFO - Started process (PID=382377) to work on /home/minhle/mlops/dags/data_pipeline.py
[2025-04-23T16:06:21.023+0700] {processor.py:914} INFO - Processing file /home/minhle/mlops/dags/data_pipeline.py for tasks to queue
[2025-04-23T16:06:21.023+0700] {logging_mixin.py:190} INFO - [2025-04-23T16:06:21.023+0700] {dagbag.py:588} INFO - Filling up the DagBag from /home/minhle/mlops/dags/data_pipeline.py
[2025-04-23T16:06:21.672+0700] {processor.py:925} INFO - DAG(s) 'data_pipeline_v01' retrieved from /home/minhle/mlops/dags/data_pipeline.py
[2025-04-23T16:06:21.678+0700] {logging_mixin.py:190} INFO - [2025-04-23T16:06:21.678+0700] {dag.py:3239} INFO - Sync 1 DAGs
[2025-04-23T16:06:21.685+0700] {logging_mixin.py:190} INFO - [2025-04-23T16:06:21.685+0700] {dag.py:4180} INFO - Setting next_dagrun for data_pipeline_v01 to 2025-04-22 00:00:00+00:00, run_after=2025-04-23 00:00:00+00:00
[2025-04-23T16:06:21.755+0700] {processor.py:208} INFO - Processing /home/minhle/mlops/dags/data_pipeline.py took 0.742 seconds
[2025-04-23T16:06:53.482+0700] {processor.py:186} INFO - Started process (PID=382459) to work on /home/minhle/mlops/dags/data_pipeline.py
[2025-04-23T16:06:53.484+0700] {processor.py:914} INFO - Processing file /home/minhle/mlops/dags/data_pipeline.py for tasks to queue
[2025-04-23T16:06:53.486+0700] {logging_mixin.py:190} INFO - [2025-04-23T16:06:53.485+0700] {dagbag.py:588} INFO - Filling up the DagBag from /home/minhle/mlops/dags/data_pipeline.py
[2025-04-23T16:06:54.109+0700] {processor.py:925} INFO - DAG(s) 'data_pipeline_v01' retrieved from /home/minhle/mlops/dags/data_pipeline.py
[2025-04-23T16:06:54.116+0700] {logging_mixin.py:190} INFO - [2025-04-23T16:06:54.116+0700] {dag.py:3239} INFO - Sync 1 DAGs
[2025-04-23T16:06:54.123+0700] {logging_mixin.py:190} INFO - [2025-04-23T16:06:54.123+0700] {dag.py:4180} INFO - Setting next_dagrun for data_pipeline_v01 to 2025-04-22 00:00:00+00:00, run_after=2025-04-23 00:00:00+00:00
[2025-04-23T16:06:54.189+0700] {processor.py:208} INFO - Processing /home/minhle/mlops/dags/data_pipeline.py took 0.714 seconds
[2025-04-23T16:07:26.084+0700] {processor.py:186} INFO - Started process (PID=382539) to work on /home/minhle/mlops/dags/data_pipeline.py
[2025-04-23T16:07:27.300+0700] {processor.py:914} INFO - Processing file /home/minhle/mlops/dags/data_pipeline.py for tasks to queue
[2025-04-23T16:07:27.303+0700] {logging_mixin.py:190} INFO - [2025-04-23T16:07:27.302+0700] {dagbag.py:588} INFO - Filling up the DagBag from /home/minhle/mlops/dags/data_pipeline.py
[2025-04-23T16:07:27.932+0700] {processor.py:925} INFO - DAG(s) 'data_pipeline_v01' retrieved from /home/minhle/mlops/dags/data_pipeline.py
[2025-04-23T16:07:27.943+0700] {logging_mixin.py:190} INFO - [2025-04-23T16:07:27.943+0700] {dag.py:3239} INFO - Sync 1 DAGs
[2025-04-23T16:07:27.950+0700] {logging_mixin.py:190} INFO - [2025-04-23T16:07:27.950+0700] {dag.py:4180} INFO - Setting next_dagrun for data_pipeline_v01 to 2025-04-22 00:00:00+00:00, run_after=2025-04-23 00:00:00+00:00
[2025-04-23T16:07:28.011+0700] {processor.py:208} INFO - Processing /home/minhle/mlops/dags/data_pipeline.py took 1.931 seconds
[2025-04-23T16:07:59.057+0700] {processor.py:186} INFO - Started process (PID=382629) to work on /home/minhle/mlops/dags/data_pipeline.py
[2025-04-23T16:07:59.057+0700] {processor.py:914} INFO - Processing file /home/minhle/mlops/dags/data_pipeline.py for tasks to queue
[2025-04-23T16:07:59.058+0700] {logging_mixin.py:190} INFO - [2025-04-23T16:07:59.058+0700] {dagbag.py:588} INFO - Filling up the DagBag from /home/minhle/mlops/dags/data_pipeline.py
[2025-04-23T16:07:59.686+0700] {processor.py:925} INFO - DAG(s) 'data_pipeline_v01' retrieved from /home/minhle/mlops/dags/data_pipeline.py
[2025-04-23T16:07:59.696+0700] {logging_mixin.py:190} INFO - [2025-04-23T16:07:59.696+0700] {dag.py:3239} INFO - Sync 1 DAGs
[2025-04-23T16:07:59.703+0700] {logging_mixin.py:190} INFO - [2025-04-23T16:07:59.703+0700] {dag.py:4180} INFO - Setting next_dagrun for data_pipeline_v01 to 2025-04-22 00:00:00+00:00, run_after=2025-04-23 00:00:00+00:00
[2025-04-23T16:08:00.018+0700] {processor.py:208} INFO - Processing /home/minhle/mlops/dags/data_pipeline.py took 0.968 seconds
[2025-04-23T16:08:30.572+0700] {processor.py:186} INFO - Started process (PID=382713) to work on /home/minhle/mlops/dags/data_pipeline.py
[2025-04-23T16:08:30.577+0700] {processor.py:914} INFO - Processing file /home/minhle/mlops/dags/data_pipeline.py for tasks to queue
[2025-04-23T16:08:30.579+0700] {logging_mixin.py:190} INFO - [2025-04-23T16:08:30.578+0700] {dagbag.py:588} INFO - Filling up the DagBag from /home/minhle/mlops/dags/data_pipeline.py
[2025-04-23T16:08:31.228+0700] {processor.py:925} INFO - DAG(s) 'data_pipeline_v01' retrieved from /home/minhle/mlops/dags/data_pipeline.py
[2025-04-23T16:08:31.236+0700] {logging_mixin.py:190} INFO - [2025-04-23T16:08:31.236+0700] {dag.py:3239} INFO - Sync 1 DAGs
[2025-04-23T16:08:31.243+0700] {logging_mixin.py:190} INFO - [2025-04-23T16:08:31.243+0700] {dag.py:4180} INFO - Setting next_dagrun for data_pipeline_v01 to 2025-04-22 00:00:00+00:00, run_after=2025-04-23 00:00:00+00:00
[2025-04-23T16:08:31.307+0700] {processor.py:208} INFO - Processing /home/minhle/mlops/dags/data_pipeline.py took 0.743 seconds
[2025-04-23T16:09:01.564+0700] {processor.py:186} INFO - Started process (PID=382804) to work on /home/minhle/mlops/dags/data_pipeline.py
[2025-04-23T16:09:01.565+0700] {processor.py:914} INFO - Processing file /home/minhle/mlops/dags/data_pipeline.py for tasks to queue
[2025-04-23T16:09:01.565+0700] {logging_mixin.py:190} INFO - [2025-04-23T16:09:01.565+0700] {dagbag.py:588} INFO - Filling up the DagBag from /home/minhle/mlops/dags/data_pipeline.py
[2025-04-23T16:09:02.197+0700] {processor.py:925} INFO - DAG(s) 'data_pipeline_v01' retrieved from /home/minhle/mlops/dags/data_pipeline.py
[2025-04-23T16:09:02.204+0700] {logging_mixin.py:190} INFO - [2025-04-23T16:09:02.204+0700] {dag.py:3239} INFO - Sync 1 DAGs
[2025-04-23T16:09:02.210+0700] {logging_mixin.py:190} INFO - [2025-04-23T16:09:02.210+0700] {dag.py:4180} INFO - Setting next_dagrun for data_pipeline_v01 to 2025-04-22 00:00:00+00:00, run_after=2025-04-23 00:00:00+00:00
[2025-04-23T16:09:02.263+0700] {processor.py:208} INFO - Processing /home/minhle/mlops/dags/data_pipeline.py took 0.704 seconds
[2025-04-23T16:09:34.358+0700] {processor.py:186} INFO - Started process (PID=382922) to work on /home/minhle/mlops/dags/data_pipeline.py
[2025-04-23T16:09:34.359+0700] {processor.py:914} INFO - Processing file /home/minhle/mlops/dags/data_pipeline.py for tasks to queue
[2025-04-23T16:09:34.360+0700] {logging_mixin.py:190} INFO - [2025-04-23T16:09:34.359+0700] {dagbag.py:588} INFO - Filling up the DagBag from /home/minhle/mlops/dags/data_pipeline.py
[2025-04-23T16:09:35.002+0700] {processor.py:925} INFO - DAG(s) 'data_pipeline_v01' retrieved from /home/minhle/mlops/dags/data_pipeline.py
[2025-04-23T16:09:35.009+0700] {logging_mixin.py:190} INFO - [2025-04-23T16:09:35.009+0700] {dag.py:3239} INFO - Sync 1 DAGs
[2025-04-23T16:09:35.016+0700] {logging_mixin.py:190} INFO - [2025-04-23T16:09:35.016+0700] {dag.py:4180} INFO - Setting next_dagrun for data_pipeline_v01 to 2025-04-22 00:00:00+00:00, run_after=2025-04-23 00:00:00+00:00
[2025-04-23T16:09:35.089+0700] {processor.py:208} INFO - Processing /home/minhle/mlops/dags/data_pipeline.py took 0.735 seconds
[2025-04-23T16:10:06.691+0700] {processor.py:186} INFO - Started process (PID=383002) to work on /home/minhle/mlops/dags/data_pipeline.py
[2025-04-23T16:10:06.691+0700] {processor.py:914} INFO - Processing file /home/minhle/mlops/dags/data_pipeline.py for tasks to queue
[2025-04-23T16:10:06.692+0700] {logging_mixin.py:190} INFO - [2025-04-23T16:10:06.692+0700] {dagbag.py:588} INFO - Filling up the DagBag from /home/minhle/mlops/dags/data_pipeline.py
[2025-04-23T16:10:07.333+0700] {processor.py:925} INFO - DAG(s) 'data_pipeline_v01' retrieved from /home/minhle/mlops/dags/data_pipeline.py
[2025-04-23T16:10:07.340+0700] {logging_mixin.py:190} INFO - [2025-04-23T16:10:07.340+0700] {dag.py:3239} INFO - Sync 1 DAGs
[2025-04-23T16:10:07.347+0700] {logging_mixin.py:190} INFO - [2025-04-23T16:10:07.347+0700] {dag.py:4180} INFO - Setting next_dagrun for data_pipeline_v01 to 2025-04-22 00:00:00+00:00, run_after=2025-04-23 00:00:00+00:00
[2025-04-23T16:10:07.422+0700] {processor.py:208} INFO - Processing /home/minhle/mlops/dags/data_pipeline.py took 0.736 seconds
[2025-04-23T16:10:38.592+0700] {processor.py:186} INFO - Started process (PID=383083) to work on /home/minhle/mlops/dags/data_pipeline.py
[2025-04-23T16:10:38.600+0700] {processor.py:914} INFO - Processing file /home/minhle/mlops/dags/data_pipeline.py for tasks to queue
[2025-04-23T16:10:38.603+0700] {logging_mixin.py:190} INFO - [2025-04-23T16:10:38.602+0700] {dagbag.py:588} INFO - Filling up the DagBag from /home/minhle/mlops/dags/data_pipeline.py
[2025-04-23T16:10:39.241+0700] {processor.py:925} INFO - DAG(s) 'data_pipeline_v01' retrieved from /home/minhle/mlops/dags/data_pipeline.py
[2025-04-23T16:10:39.247+0700] {logging_mixin.py:190} INFO - [2025-04-23T16:10:39.247+0700] {dag.py:3239} INFO - Sync 1 DAGs
[2025-04-23T16:10:39.254+0700] {logging_mixin.py:190} INFO - [2025-04-23T16:10:39.254+0700] {dag.py:4180} INFO - Setting next_dagrun for data_pipeline_v01 to 2025-04-22 00:00:00+00:00, run_after=2025-04-23 00:00:00+00:00
[2025-04-23T16:10:39.323+0700] {processor.py:208} INFO - Processing /home/minhle/mlops/dags/data_pipeline.py took 0.742 seconds
[2025-04-23T16:11:10.642+0700] {processor.py:186} INFO - Started process (PID=383163) to work on /home/minhle/mlops/dags/data_pipeline.py
[2025-04-23T16:11:10.642+0700] {processor.py:914} INFO - Processing file /home/minhle/mlops/dags/data_pipeline.py for tasks to queue
[2025-04-23T16:11:10.643+0700] {logging_mixin.py:190} INFO - [2025-04-23T16:11:10.643+0700] {dagbag.py:588} INFO - Filling up the DagBag from /home/minhle/mlops/dags/data_pipeline.py
[2025-04-23T16:11:11.270+0700] {processor.py:925} INFO - DAG(s) 'data_pipeline_v01' retrieved from /home/minhle/mlops/dags/data_pipeline.py
[2025-04-23T16:11:11.277+0700] {logging_mixin.py:190} INFO - [2025-04-23T16:11:11.277+0700] {dag.py:3239} INFO - Sync 1 DAGs
[2025-04-23T16:11:11.283+0700] {logging_mixin.py:190} INFO - [2025-04-23T16:11:11.283+0700] {dag.py:4180} INFO - Setting next_dagrun for data_pipeline_v01 to 2025-04-22 00:00:00+00:00, run_after=2025-04-23 00:00:00+00:00
[2025-04-23T16:11:11.353+0700] {processor.py:208} INFO - Processing /home/minhle/mlops/dags/data_pipeline.py took 0.715 seconds
[2025-04-23T16:11:42.691+0700] {processor.py:186} INFO - Started process (PID=383243) to work on /home/minhle/mlops/dags/data_pipeline.py
[2025-04-23T16:11:42.692+0700] {processor.py:914} INFO - Processing file /home/minhle/mlops/dags/data_pipeline.py for tasks to queue
[2025-04-23T16:11:42.694+0700] {logging_mixin.py:190} INFO - [2025-04-23T16:11:42.693+0700] {dagbag.py:588} INFO - Filling up the DagBag from /home/minhle/mlops/dags/data_pipeline.py
[2025-04-23T16:11:43.317+0700] {processor.py:925} INFO - DAG(s) 'data_pipeline_v01' retrieved from /home/minhle/mlops/dags/data_pipeline.py
[2025-04-23T16:11:43.324+0700] {logging_mixin.py:190} INFO - [2025-04-23T16:11:43.324+0700] {dag.py:3239} INFO - Sync 1 DAGs
[2025-04-23T16:11:43.331+0700] {logging_mixin.py:190} INFO - [2025-04-23T16:11:43.331+0700] {dag.py:4180} INFO - Setting next_dagrun for data_pipeline_v01 to 2025-04-22 00:00:00+00:00, run_after=2025-04-23 00:00:00+00:00
[2025-04-23T16:11:43.620+0700] {processor.py:208} INFO - Processing /home/minhle/mlops/dags/data_pipeline.py took 0.934 seconds
[2025-04-23T16:12:14.839+0700] {processor.py:186} INFO - Started process (PID=383324) to work on /home/minhle/mlops/dags/data_pipeline.py
[2025-04-23T16:12:14.852+0700] {processor.py:914} INFO - Processing file /home/minhle/mlops/dags/data_pipeline.py for tasks to queue
[2025-04-23T16:12:14.854+0700] {logging_mixin.py:190} INFO - [2025-04-23T16:12:14.853+0700] {dagbag.py:588} INFO - Filling up the DagBag from /home/minhle/mlops/dags/data_pipeline.py
[2025-04-23T16:12:15.495+0700] {processor.py:925} INFO - DAG(s) 'data_pipeline_v01' retrieved from /home/minhle/mlops/dags/data_pipeline.py
[2025-04-23T16:12:15.502+0700] {logging_mixin.py:190} INFO - [2025-04-23T16:12:15.502+0700] {dag.py:3239} INFO - Sync 1 DAGs
[2025-04-23T16:12:15.509+0700] {logging_mixin.py:190} INFO - [2025-04-23T16:12:15.509+0700] {dag.py:4180} INFO - Setting next_dagrun for data_pipeline_v01 to 2025-04-22 00:00:00+00:00, run_after=2025-04-23 00:00:00+00:00
[2025-04-23T16:12:15.565+0700] {processor.py:208} INFO - Processing /home/minhle/mlops/dags/data_pipeline.py took 0.731 seconds
[2025-04-23T16:12:46.684+0700] {processor.py:186} INFO - Started process (PID=383418) to work on /home/minhle/mlops/dags/data_pipeline.py
[2025-04-23T16:12:46.685+0700] {processor.py:914} INFO - Processing file /home/minhle/mlops/dags/data_pipeline.py for tasks to queue
[2025-04-23T16:12:46.686+0700] {logging_mixin.py:190} INFO - [2025-04-23T16:12:46.685+0700] {dagbag.py:588} INFO - Filling up the DagBag from /home/minhle/mlops/dags/data_pipeline.py
[2025-04-23T16:12:47.328+0700] {processor.py:925} INFO - DAG(s) 'data_pipeline_v01' retrieved from /home/minhle/mlops/dags/data_pipeline.py
[2025-04-23T16:12:47.335+0700] {logging_mixin.py:190} INFO - [2025-04-23T16:12:47.334+0700] {dag.py:3239} INFO - Sync 1 DAGs
[2025-04-23T16:12:47.341+0700] {logging_mixin.py:190} INFO - [2025-04-23T16:12:47.341+0700] {dag.py:4180} INFO - Setting next_dagrun for data_pipeline_v01 to 2025-04-22 00:00:00+00:00, run_after=2025-04-23 00:00:00+00:00
[2025-04-23T16:12:47.400+0700] {processor.py:208} INFO - Processing /home/minhle/mlops/dags/data_pipeline.py took 0.718 seconds
[2025-04-23T16:13:18.050+0700] {processor.py:186} INFO - Started process (PID=383498) to work on /home/minhle/mlops/dags/data_pipeline.py
[2025-04-23T16:13:18.051+0700] {processor.py:914} INFO - Processing file /home/minhle/mlops/dags/data_pipeline.py for tasks to queue
[2025-04-23T16:13:18.051+0700] {logging_mixin.py:190} INFO - [2025-04-23T16:13:18.051+0700] {dagbag.py:588} INFO - Filling up the DagBag from /home/minhle/mlops/dags/data_pipeline.py
[2025-04-23T16:13:18.672+0700] {processor.py:925} INFO - DAG(s) 'data_pipeline_v01' retrieved from /home/minhle/mlops/dags/data_pipeline.py
[2025-04-23T16:13:18.679+0700] {logging_mixin.py:190} INFO - [2025-04-23T16:13:18.679+0700] {dag.py:3239} INFO - Sync 1 DAGs
[2025-04-23T16:13:18.686+0700] {logging_mixin.py:190} INFO - [2025-04-23T16:13:18.686+0700] {dag.py:4180} INFO - Setting next_dagrun for data_pipeline_v01 to 2025-04-22 00:00:00+00:00, run_after=2025-04-23 00:00:00+00:00
[2025-04-23T16:13:18.748+0700] {processor.py:208} INFO - Processing /home/minhle/mlops/dags/data_pipeline.py took 0.704 seconds
[2025-04-23T16:13:50.157+0700] {processor.py:186} INFO - Started process (PID=383588) to work on /home/minhle/mlops/dags/data_pipeline.py
[2025-04-23T16:13:50.158+0700] {processor.py:914} INFO - Processing file /home/minhle/mlops/dags/data_pipeline.py for tasks to queue
[2025-04-23T16:13:50.159+0700] {logging_mixin.py:190} INFO - [2025-04-23T16:13:50.159+0700] {dagbag.py:588} INFO - Filling up the DagBag from /home/minhle/mlops/dags/data_pipeline.py
[2025-04-23T16:13:50.779+0700] {processor.py:925} INFO - DAG(s) 'data_pipeline_v01' retrieved from /home/minhle/mlops/dags/data_pipeline.py
[2025-04-23T16:13:50.786+0700] {logging_mixin.py:190} INFO - [2025-04-23T16:13:50.786+0700] {dag.py:3239} INFO - Sync 1 DAGs
[2025-04-23T16:13:50.794+0700] {logging_mixin.py:190} INFO - [2025-04-23T16:13:50.793+0700] {dag.py:4180} INFO - Setting next_dagrun for data_pipeline_v01 to 2025-04-22 00:00:00+00:00, run_after=2025-04-23 00:00:00+00:00
[2025-04-23T16:13:50.861+0700] {processor.py:208} INFO - Processing /home/minhle/mlops/dags/data_pipeline.py took 0.710 seconds
[2025-04-23T16:14:23.162+0700] {processor.py:186} INFO - Started process (PID=383696) to work on /home/minhle/mlops/dags/data_pipeline.py
[2025-04-23T16:14:23.162+0700] {processor.py:914} INFO - Processing file /home/minhle/mlops/dags/data_pipeline.py for tasks to queue
[2025-04-23T16:14:23.163+0700] {logging_mixin.py:190} INFO - [2025-04-23T16:14:23.163+0700] {dagbag.py:588} INFO - Filling up the DagBag from /home/minhle/mlops/dags/data_pipeline.py
[2025-04-23T16:14:23.802+0700] {processor.py:925} INFO - DAG(s) 'data_pipeline_v01' retrieved from /home/minhle/mlops/dags/data_pipeline.py
[2025-04-23T16:14:23.809+0700] {logging_mixin.py:190} INFO - [2025-04-23T16:14:23.809+0700] {dag.py:3239} INFO - Sync 1 DAGs
[2025-04-23T16:14:23.816+0700] {logging_mixin.py:190} INFO - [2025-04-23T16:14:23.816+0700] {dag.py:4180} INFO - Setting next_dagrun for data_pipeline_v01 to 2025-04-22 00:00:00+00:00, run_after=2025-04-23 00:00:00+00:00
[2025-04-23T16:14:24.277+0700] {processor.py:208} INFO - Processing /home/minhle/mlops/dags/data_pipeline.py took 1.121 seconds
[2025-04-23T16:14:55.350+0700] {processor.py:186} INFO - Started process (PID=383787) to work on /home/minhle/mlops/dags/data_pipeline.py
[2025-04-23T16:14:55.379+0700] {processor.py:914} INFO - Processing file /home/minhle/mlops/dags/data_pipeline.py for tasks to queue
[2025-04-23T16:14:55.382+0700] {logging_mixin.py:190} INFO - [2025-04-23T16:14:55.381+0700] {dagbag.py:588} INFO - Filling up the DagBag from /home/minhle/mlops/dags/data_pipeline.py
[2025-04-23T16:14:56.014+0700] {processor.py:925} INFO - DAG(s) 'data_pipeline_v01' retrieved from /home/minhle/mlops/dags/data_pipeline.py
[2025-04-23T16:14:56.021+0700] {logging_mixin.py:190} INFO - [2025-04-23T16:14:56.021+0700] {dag.py:3239} INFO - Sync 1 DAGs
[2025-04-23T16:14:56.028+0700] {logging_mixin.py:190} INFO - [2025-04-23T16:14:56.028+0700] {dag.py:4180} INFO - Setting next_dagrun for data_pipeline_v01 to 2025-04-22 00:00:00+00:00, run_after=2025-04-23 00:00:00+00:00
[2025-04-23T16:14:56.092+0700] {processor.py:208} INFO - Processing /home/minhle/mlops/dags/data_pipeline.py took 0.749 seconds
[2025-04-23T16:15:26.551+0700] {processor.py:186} INFO - Started process (PID=383867) to work on /home/minhle/mlops/dags/data_pipeline.py
[2025-04-23T16:15:26.552+0700] {processor.py:914} INFO - Processing file /home/minhle/mlops/dags/data_pipeline.py for tasks to queue
[2025-04-23T16:15:26.552+0700] {logging_mixin.py:190} INFO - [2025-04-23T16:15:26.552+0700] {dagbag.py:588} INFO - Filling up the DagBag from /home/minhle/mlops/dags/data_pipeline.py
[2025-04-23T16:15:27.194+0700] {processor.py:925} INFO - DAG(s) 'data_pipeline_v01' retrieved from /home/minhle/mlops/dags/data_pipeline.py
[2025-04-23T16:15:27.201+0700] {logging_mixin.py:190} INFO - [2025-04-23T16:15:27.201+0700] {dag.py:3239} INFO - Sync 1 DAGs
[2025-04-23T16:15:27.208+0700] {logging_mixin.py:190} INFO - [2025-04-23T16:15:27.208+0700] {dag.py:4180} INFO - Setting next_dagrun for data_pipeline_v01 to 2025-04-22 00:00:00+00:00, run_after=2025-04-23 00:00:00+00:00
[2025-04-23T16:15:27.267+0700] {processor.py:208} INFO - Processing /home/minhle/mlops/dags/data_pipeline.py took 0.722 seconds
[2025-04-23T16:16:00.004+0700] {processor.py:186} INFO - Started process (PID=383947) to work on /home/minhle/mlops/dags/data_pipeline.py
[2025-04-23T16:16:00.012+0700] {processor.py:914} INFO - Processing file /home/minhle/mlops/dags/data_pipeline.py for tasks to queue
[2025-04-23T16:16:00.014+0700] {logging_mixin.py:190} INFO - [2025-04-23T16:16:00.013+0700] {dagbag.py:588} INFO - Filling up the DagBag from /home/minhle/mlops/dags/data_pipeline.py
[2025-04-23T16:16:00.704+0700] {processor.py:925} INFO - DAG(s) 'data_pipeline_v01' retrieved from /home/minhle/mlops/dags/data_pipeline.py
[2025-04-23T16:16:00.711+0700] {logging_mixin.py:190} INFO - [2025-04-23T16:16:00.711+0700] {dag.py:3239} INFO - Sync 1 DAGs
[2025-04-23T16:16:00.718+0700] {logging_mixin.py:190} INFO - [2025-04-23T16:16:00.718+0700] {dag.py:4180} INFO - Setting next_dagrun for data_pipeline_v01 to 2025-04-22 00:00:00+00:00, run_after=2025-04-23 00:00:00+00:00
[2025-04-23T16:16:00.789+0700] {processor.py:208} INFO - Processing /home/minhle/mlops/dags/data_pipeline.py took 0.791 seconds
[2025-04-23T16:16:31.875+0700] {processor.py:186} INFO - Started process (PID=384032) to work on /home/minhle/mlops/dags/data_pipeline.py
[2025-04-23T16:16:31.875+0700] {processor.py:914} INFO - Processing file /home/minhle/mlops/dags/data_pipeline.py for tasks to queue
[2025-04-23T16:16:31.875+0700] {logging_mixin.py:190} INFO - [2025-04-23T16:16:31.875+0700] {dagbag.py:588} INFO - Filling up the DagBag from /home/minhle/mlops/dags/data_pipeline.py
[2025-04-23T16:16:32.496+0700] {processor.py:925} INFO - DAG(s) 'data_pipeline_v01' retrieved from /home/minhle/mlops/dags/data_pipeline.py
[2025-04-23T16:16:32.503+0700] {logging_mixin.py:190} INFO - [2025-04-23T16:16:32.503+0700] {dag.py:3239} INFO - Sync 1 DAGs
[2025-04-23T16:16:32.510+0700] {logging_mixin.py:190} INFO - [2025-04-23T16:16:32.510+0700] {dag.py:4180} INFO - Setting next_dagrun for data_pipeline_v01 to 2025-04-22 00:00:00+00:00, run_after=2025-04-23 00:00:00+00:00
[2025-04-23T16:16:32.578+0700] {processor.py:208} INFO - Processing /home/minhle/mlops/dags/data_pipeline.py took 0.710 seconds
[2025-04-23T16:17:04.041+0700] {processor.py:186} INFO - Started process (PID=384116) to work on /home/minhle/mlops/dags/data_pipeline.py
[2025-04-23T16:17:04.041+0700] {processor.py:914} INFO - Processing file /home/minhle/mlops/dags/data_pipeline.py for tasks to queue
[2025-04-23T16:17:04.042+0700] {logging_mixin.py:190} INFO - [2025-04-23T16:17:04.042+0700] {dagbag.py:588} INFO - Filling up the DagBag from /home/minhle/mlops/dags/data_pipeline.py
[2025-04-23T16:17:04.658+0700] {processor.py:925} INFO - DAG(s) 'data_pipeline_v01' retrieved from /home/minhle/mlops/dags/data_pipeline.py
[2025-04-23T16:17:04.665+0700] {logging_mixin.py:190} INFO - [2025-04-23T16:17:04.665+0700] {dag.py:3239} INFO - Sync 1 DAGs
[2025-04-23T16:17:04.672+0700] {logging_mixin.py:190} INFO - [2025-04-23T16:17:04.672+0700] {dag.py:4180} INFO - Setting next_dagrun for data_pipeline_v01 to 2025-04-22 00:00:00+00:00, run_after=2025-04-23 00:00:00+00:00
[2025-04-23T16:17:04.744+0700] {processor.py:208} INFO - Processing /home/minhle/mlops/dags/data_pipeline.py took 0.708 seconds
[2025-04-23T16:17:36.186+0700] {processor.py:186} INFO - Started process (PID=384217) to work on /home/minhle/mlops/dags/data_pipeline.py
[2025-04-23T16:17:36.188+0700] {processor.py:914} INFO - Processing file /home/minhle/mlops/dags/data_pipeline.py for tasks to queue
[2025-04-23T16:17:36.190+0700] {logging_mixin.py:190} INFO - [2025-04-23T16:17:36.189+0700] {dagbag.py:588} INFO - Filling up the DagBag from /home/minhle/mlops/dags/data_pipeline.py
[2025-04-23T16:17:36.824+0700] {processor.py:925} INFO - DAG(s) 'data_pipeline_v01' retrieved from /home/minhle/mlops/dags/data_pipeline.py
[2025-04-23T16:17:36.831+0700] {logging_mixin.py:190} INFO - [2025-04-23T16:17:36.831+0700] {dag.py:3239} INFO - Sync 1 DAGs
[2025-04-23T16:17:36.838+0700] {logging_mixin.py:190} INFO - [2025-04-23T16:17:36.838+0700] {dag.py:4180} INFO - Setting next_dagrun for data_pipeline_v01 to 2025-04-22 00:00:00+00:00, run_after=2025-04-23 00:00:00+00:00
[2025-04-23T16:17:36.905+0700] {processor.py:208} INFO - Processing /home/minhle/mlops/dags/data_pipeline.py took 0.723 seconds
[2025-04-23T16:18:08.513+0700] {processor.py:186} INFO - Started process (PID=384297) to work on /home/minhle/mlops/dags/data_pipeline.py
[2025-04-23T16:18:08.520+0700] {processor.py:914} INFO - Processing file /home/minhle/mlops/dags/data_pipeline.py for tasks to queue
[2025-04-23T16:18:08.521+0700] {logging_mixin.py:190} INFO - [2025-04-23T16:18:08.520+0700] {dagbag.py:588} INFO - Filling up the DagBag from /home/minhle/mlops/dags/data_pipeline.py
[2025-04-23T16:18:09.153+0700] {processor.py:925} INFO - DAG(s) 'data_pipeline_v01' retrieved from /home/minhle/mlops/dags/data_pipeline.py
[2025-04-23T16:18:09.160+0700] {logging_mixin.py:190} INFO - [2025-04-23T16:18:09.160+0700] {dag.py:3239} INFO - Sync 1 DAGs
[2025-04-23T16:18:09.166+0700] {logging_mixin.py:190} INFO - [2025-04-23T16:18:09.166+0700] {dag.py:4180} INFO - Setting next_dagrun for data_pipeline_v01 to 2025-04-22 00:00:00+00:00, run_after=2025-04-23 00:00:00+00:00
[2025-04-23T16:18:09.235+0700] {processor.py:208} INFO - Processing /home/minhle/mlops/dags/data_pipeline.py took 0.728 seconds
[2025-04-23T16:18:40.749+0700] {processor.py:186} INFO - Started process (PID=384379) to work on /home/minhle/mlops/dags/data_pipeline.py
[2025-04-23T16:18:40.750+0700] {processor.py:914} INFO - Processing file /home/minhle/mlops/dags/data_pipeline.py for tasks to queue
[2025-04-23T16:18:40.751+0700] {logging_mixin.py:190} INFO - [2025-04-23T16:18:40.751+0700] {dagbag.py:588} INFO - Filling up the DagBag from /home/minhle/mlops/dags/data_pipeline.py
[2025-04-23T16:18:41.378+0700] {processor.py:925} INFO - DAG(s) 'data_pipeline_v01' retrieved from /home/minhle/mlops/dags/data_pipeline.py
[2025-04-23T16:18:41.385+0700] {logging_mixin.py:190} INFO - [2025-04-23T16:18:41.385+0700] {dag.py:3239} INFO - Sync 1 DAGs
[2025-04-23T16:18:41.391+0700] {logging_mixin.py:190} INFO - [2025-04-23T16:18:41.391+0700] {dag.py:4180} INFO - Setting next_dagrun for data_pipeline_v01 to 2025-04-22 00:00:00+00:00, run_after=2025-04-23 00:00:00+00:00
[2025-04-23T16:18:41.454+0700] {processor.py:208} INFO - Processing /home/minhle/mlops/dags/data_pipeline.py took 0.711 seconds
[2025-04-23T16:19:12.664+0700] {processor.py:186} INFO - Started process (PID=384487) to work on /home/minhle/mlops/dags/data_pipeline.py
[2025-04-23T16:19:12.665+0700] {processor.py:914} INFO - Processing file /home/minhle/mlops/dags/data_pipeline.py for tasks to queue
[2025-04-23T16:19:12.666+0700] {logging_mixin.py:190} INFO - [2025-04-23T16:19:12.665+0700] {dagbag.py:588} INFO - Filling up the DagBag from /home/minhle/mlops/dags/data_pipeline.py
[2025-04-23T16:19:13.299+0700] {processor.py:925} INFO - DAG(s) 'data_pipeline_v01' retrieved from /home/minhle/mlops/dags/data_pipeline.py
[2025-04-23T16:19:13.309+0700] {logging_mixin.py:190} INFO - [2025-04-23T16:19:13.309+0700] {dag.py:3239} INFO - Sync 1 DAGs
[2025-04-23T16:19:13.316+0700] {logging_mixin.py:190} INFO - [2025-04-23T16:19:13.316+0700] {dag.py:4180} INFO - Setting next_dagrun for data_pipeline_v01 to 2025-04-22 00:00:00+00:00, run_after=2025-04-23 00:00:00+00:00
[2025-04-23T16:19:13.389+0700] {processor.py:208} INFO - Processing /home/minhle/mlops/dags/data_pipeline.py took 0.730 seconds
[2025-04-23T16:19:43.997+0700] {processor.py:186} INFO - Started process (PID=384625) to work on /home/minhle/mlops/dags/data_pipeline.py
[2025-04-23T16:19:43.998+0700] {processor.py:914} INFO - Processing file /home/minhle/mlops/dags/data_pipeline.py for tasks to queue
[2025-04-23T16:19:43.999+0700] {logging_mixin.py:190} INFO - [2025-04-23T16:19:43.999+0700] {dagbag.py:588} INFO - Filling up the DagBag from /home/minhle/mlops/dags/data_pipeline.py
[2025-04-23T16:19:44.621+0700] {processor.py:925} INFO - DAG(s) 'data_pipeline_v01' retrieved from /home/minhle/mlops/dags/data_pipeline.py
[2025-04-23T16:19:44.628+0700] {logging_mixin.py:190} INFO - [2025-04-23T16:19:44.628+0700] {dag.py:3239} INFO - Sync 1 DAGs
[2025-04-23T16:19:44.636+0700] {logging_mixin.py:190} INFO - [2025-04-23T16:19:44.636+0700] {dag.py:4180} INFO - Setting next_dagrun for data_pipeline_v01 to 2025-04-22 00:00:00+00:00, run_after=2025-04-23 00:00:00+00:00
[2025-04-23T16:19:44.704+0700] {processor.py:208} INFO - Processing /home/minhle/mlops/dags/data_pipeline.py took 0.712 seconds
[2025-04-23T16:20:16.766+0700] {processor.py:186} INFO - Started process (PID=384750) to work on /home/minhle/mlops/dags/data_pipeline.py
[2025-04-23T16:20:16.773+0700] {processor.py:914} INFO - Processing file /home/minhle/mlops/dags/data_pipeline.py for tasks to queue
[2025-04-23T16:20:16.776+0700] {logging_mixin.py:190} INFO - [2025-04-23T16:20:16.775+0700] {dagbag.py:588} INFO - Filling up the DagBag from /home/minhle/mlops/dags/data_pipeline.py
[2025-04-23T16:20:17.407+0700] {processor.py:925} INFO - DAG(s) 'data_pipeline_v01' retrieved from /home/minhle/mlops/dags/data_pipeline.py
[2025-04-23T16:20:17.414+0700] {logging_mixin.py:190} INFO - [2025-04-23T16:20:17.414+0700] {dag.py:3239} INFO - Sync 1 DAGs
[2025-04-23T16:20:17.421+0700] {logging_mixin.py:190} INFO - [2025-04-23T16:20:17.421+0700] {dag.py:4180} INFO - Setting next_dagrun for data_pipeline_v01 to 2025-04-22 00:00:00+00:00, run_after=2025-04-23 00:00:00+00:00
[2025-04-23T16:20:17.492+0700] {processor.py:208} INFO - Processing /home/minhle/mlops/dags/data_pipeline.py took 0.732 seconds
[2025-04-23T16:20:48.730+0700] {processor.py:186} INFO - Started process (PID=384849) to work on /home/minhle/mlops/dags/data_pipeline.py
[2025-04-23T16:20:48.731+0700] {processor.py:914} INFO - Processing file /home/minhle/mlops/dags/data_pipeline.py for tasks to queue
[2025-04-23T16:20:48.732+0700] {logging_mixin.py:190} INFO - [2025-04-23T16:20:48.731+0700] {dagbag.py:588} INFO - Filling up the DagBag from /home/minhle/mlops/dags/data_pipeline.py
[2025-04-23T16:20:49.433+0700] {processor.py:925} INFO - DAG(s) 'data_pipeline_v01' retrieved from /home/minhle/mlops/dags/data_pipeline.py
[2025-04-23T16:20:49.441+0700] {logging_mixin.py:190} INFO - [2025-04-23T16:20:49.441+0700] {dag.py:3239} INFO - Sync 1 DAGs
[2025-04-23T16:20:49.448+0700] {logging_mixin.py:190} INFO - [2025-04-23T16:20:49.448+0700] {dag.py:4180} INFO - Setting next_dagrun for data_pipeline_v01 to 2025-04-22 00:00:00+00:00, run_after=2025-04-23 00:00:00+00:00
[2025-04-23T16:20:49.502+0700] {processor.py:208} INFO - Processing /home/minhle/mlops/dags/data_pipeline.py took 0.775 seconds
[2025-04-23T16:21:20.606+0700] {processor.py:186} INFO - Started process (PID=384930) to work on /home/minhle/mlops/dags/data_pipeline.py
[2025-04-23T16:21:20.614+0700] {processor.py:914} INFO - Processing file /home/minhle/mlops/dags/data_pipeline.py for tasks to queue
[2025-04-23T16:21:20.616+0700] {logging_mixin.py:190} INFO - [2025-04-23T16:21:20.616+0700] {dagbag.py:588} INFO - Filling up the DagBag from /home/minhle/mlops/dags/data_pipeline.py
[2025-04-23T16:21:21.256+0700] {processor.py:925} INFO - DAG(s) 'data_pipeline_v01' retrieved from /home/minhle/mlops/dags/data_pipeline.py
[2025-04-23T16:21:21.263+0700] {logging_mixin.py:190} INFO - [2025-04-23T16:21:21.263+0700] {dag.py:3239} INFO - Sync 1 DAGs
[2025-04-23T16:21:21.270+0700] {logging_mixin.py:190} INFO - [2025-04-23T16:21:21.270+0700] {dag.py:4180} INFO - Setting next_dagrun for data_pipeline_v01 to 2025-04-22 00:00:00+00:00, run_after=2025-04-23 00:00:00+00:00
[2025-04-23T16:21:21.336+0700] {processor.py:208} INFO - Processing /home/minhle/mlops/dags/data_pipeline.py took 0.737 seconds
[2025-04-23T16:21:52.494+0700] {processor.py:186} INFO - Started process (PID=385039) to work on /home/minhle/mlops/dags/data_pipeline.py
[2025-04-23T16:21:52.494+0700] {processor.py:914} INFO - Processing file /home/minhle/mlops/dags/data_pipeline.py for tasks to queue
[2025-04-23T16:21:52.495+0700] {logging_mixin.py:190} INFO - [2025-04-23T16:21:52.495+0700] {dagbag.py:588} INFO - Filling up the DagBag from /home/minhle/mlops/dags/data_pipeline.py
[2025-04-23T16:21:53.130+0700] {processor.py:925} INFO - DAG(s) 'data_pipeline_v01' retrieved from /home/minhle/mlops/dags/data_pipeline.py
[2025-04-23T16:21:53.137+0700] {logging_mixin.py:190} INFO - [2025-04-23T16:21:53.137+0700] {dag.py:3239} INFO - Sync 1 DAGs
[2025-04-23T16:21:53.144+0700] {logging_mixin.py:190} INFO - [2025-04-23T16:21:53.143+0700] {dag.py:4180} INFO - Setting next_dagrun for data_pipeline_v01 to 2025-04-22 00:00:00+00:00, run_after=2025-04-23 00:00:00+00:00
[2025-04-23T16:21:53.215+0700] {processor.py:208} INFO - Processing /home/minhle/mlops/dags/data_pipeline.py took 0.725 seconds
[2025-04-23T16:22:24.320+0700] {processor.py:186} INFO - Started process (PID=385145) to work on /home/minhle/mlops/dags/data_pipeline.py
[2025-04-23T16:22:24.334+0700] {processor.py:914} INFO - Processing file /home/minhle/mlops/dags/data_pipeline.py for tasks to queue
[2025-04-23T16:22:24.338+0700] {logging_mixin.py:190} INFO - [2025-04-23T16:22:24.337+0700] {dagbag.py:588} INFO - Filling up the DagBag from /home/minhle/mlops/dags/data_pipeline.py
[2025-04-23T16:22:24.972+0700] {processor.py:925} INFO - DAG(s) 'data_pipeline_v01' retrieved from /home/minhle/mlops/dags/data_pipeline.py
[2025-04-23T16:22:24.981+0700] {logging_mixin.py:190} INFO - [2025-04-23T16:22:24.981+0700] {dag.py:3239} INFO - Sync 1 DAGs
[2025-04-23T16:22:24.989+0700] {logging_mixin.py:190} INFO - [2025-04-23T16:22:24.989+0700] {dag.py:4180} INFO - Setting next_dagrun for data_pipeline_v01 to 2025-04-22 00:00:00+00:00, run_after=2025-04-23 00:00:00+00:00
[2025-04-23T16:22:25.054+0700] {processor.py:208} INFO - Processing /home/minhle/mlops/dags/data_pipeline.py took 0.738 seconds
[2025-04-23T16:22:56.496+0700] {processor.py:186} INFO - Started process (PID=385314) to work on /home/minhle/mlops/dags/data_pipeline.py
[2025-04-23T16:22:56.497+0700] {processor.py:914} INFO - Processing file /home/minhle/mlops/dags/data_pipeline.py for tasks to queue
[2025-04-23T16:22:56.498+0700] {logging_mixin.py:190} INFO - [2025-04-23T16:22:56.498+0700] {dagbag.py:588} INFO - Filling up the DagBag from /home/minhle/mlops/dags/data_pipeline.py
[2025-04-23T16:22:57.224+0700] {processor.py:925} INFO - DAG(s) 'data_pipeline_v01' retrieved from /home/minhle/mlops/dags/data_pipeline.py
[2025-04-23T16:22:57.232+0700] {logging_mixin.py:190} INFO - [2025-04-23T16:22:57.232+0700] {dag.py:3239} INFO - Sync 1 DAGs
[2025-04-23T16:22:57.240+0700] {logging_mixin.py:190} INFO - [2025-04-23T16:22:57.240+0700] {dag.py:4180} INFO - Setting next_dagrun for data_pipeline_v01 to 2025-04-22 00:00:00+00:00, run_after=2025-04-23 00:00:00+00:00
[2025-04-23T16:22:57.294+0700] {processor.py:208} INFO - Processing /home/minhle/mlops/dags/data_pipeline.py took 0.802 seconds
[2025-04-23T16:23:28.676+0700] {processor.py:186} INFO - Started process (PID=385404) to work on /home/minhle/mlops/dags/data_pipeline.py
[2025-04-23T16:23:28.680+0700] {processor.py:914} INFO - Processing file /home/minhle/mlops/dags/data_pipeline.py for tasks to queue
[2025-04-23T16:23:28.681+0700] {logging_mixin.py:190} INFO - [2025-04-23T16:23:28.680+0700] {dagbag.py:588} INFO - Filling up the DagBag from /home/minhle/mlops/dags/data_pipeline.py
[2025-04-23T16:23:29.293+0700] {processor.py:925} INFO - DAG(s) 'data_pipeline_v01' retrieved from /home/minhle/mlops/dags/data_pipeline.py
[2025-04-23T16:23:29.300+0700] {logging_mixin.py:190} INFO - [2025-04-23T16:23:29.300+0700] {dag.py:3239} INFO - Sync 1 DAGs
[2025-04-23T16:23:29.307+0700] {logging_mixin.py:190} INFO - [2025-04-23T16:23:29.307+0700] {dag.py:4180} INFO - Setting next_dagrun for data_pipeline_v01 to 2025-04-22 00:00:00+00:00, run_after=2025-04-23 00:00:00+00:00
[2025-04-23T16:23:29.380+0700] {processor.py:208} INFO - Processing /home/minhle/mlops/dags/data_pipeline.py took 0.707 seconds
[2025-04-23T16:24:00.474+0700] {processor.py:186} INFO - Started process (PID=385485) to work on /home/minhle/mlops/dags/data_pipeline.py
[2025-04-23T16:24:00.475+0700] {processor.py:914} INFO - Processing file /home/minhle/mlops/dags/data_pipeline.py for tasks to queue
[2025-04-23T16:24:00.477+0700] {logging_mixin.py:190} INFO - [2025-04-23T16:24:00.476+0700] {dagbag.py:588} INFO - Filling up the DagBag from /home/minhle/mlops/dags/data_pipeline.py
[2025-04-23T16:24:01.087+0700] {processor.py:925} INFO - DAG(s) 'data_pipeline_v01' retrieved from /home/minhle/mlops/dags/data_pipeline.py
[2025-04-23T16:24:01.094+0700] {logging_mixin.py:190} INFO - [2025-04-23T16:24:01.094+0700] {dag.py:3239} INFO - Sync 1 DAGs
[2025-04-23T16:24:01.101+0700] {logging_mixin.py:190} INFO - [2025-04-23T16:24:01.101+0700] {dag.py:4180} INFO - Setting next_dagrun for data_pipeline_v01 to 2025-04-22 00:00:00+00:00, run_after=2025-04-23 00:00:00+00:00
[2025-04-23T16:24:01.170+0700] {processor.py:208} INFO - Processing /home/minhle/mlops/dags/data_pipeline.py took 0.703 seconds
[2025-04-23T16:24:32.358+0700] {processor.py:186} INFO - Started process (PID=385593) to work on /home/minhle/mlops/dags/data_pipeline.py
[2025-04-23T16:24:32.368+0700] {processor.py:914} INFO - Processing file /home/minhle/mlops/dags/data_pipeline.py for tasks to queue
[2025-04-23T16:24:32.370+0700] {logging_mixin.py:190} INFO - [2025-04-23T16:24:32.369+0700] {dagbag.py:588} INFO - Filling up the DagBag from /home/minhle/mlops/dags/data_pipeline.py
[2025-04-23T16:24:32.980+0700] {processor.py:925} INFO - DAG(s) 'data_pipeline_v01' retrieved from /home/minhle/mlops/dags/data_pipeline.py
[2025-04-23T16:24:32.987+0700] {logging_mixin.py:190} INFO - [2025-04-23T16:24:32.987+0700] {dag.py:3239} INFO - Sync 1 DAGs
[2025-04-23T16:24:32.993+0700] {logging_mixin.py:190} INFO - [2025-04-23T16:24:32.993+0700] {dag.py:4180} INFO - Setting next_dagrun for data_pipeline_v01 to 2025-04-22 00:00:00+00:00, run_after=2025-04-23 00:00:00+00:00
[2025-04-23T16:24:33.055+0700] {processor.py:208} INFO - Processing /home/minhle/mlops/dags/data_pipeline.py took 0.702 seconds
[2025-04-23T16:25:04.229+0700] {processor.py:186} INFO - Started process (PID=385674) to work on /home/minhle/mlops/dags/data_pipeline.py
[2025-04-23T16:25:04.229+0700] {processor.py:914} INFO - Processing file /home/minhle/mlops/dags/data_pipeline.py for tasks to queue
[2025-04-23T16:25:04.230+0700] {logging_mixin.py:190} INFO - [2025-04-23T16:25:04.229+0700] {dagbag.py:588} INFO - Filling up the DagBag from /home/minhle/mlops/dags/data_pipeline.py
[2025-04-23T16:25:04.836+0700] {processor.py:925} INFO - DAG(s) 'data_pipeline_v01' retrieved from /home/minhle/mlops/dags/data_pipeline.py
[2025-04-23T16:25:04.843+0700] {logging_mixin.py:190} INFO - [2025-04-23T16:25:04.843+0700] {dag.py:3239} INFO - Sync 1 DAGs
[2025-04-23T16:25:04.850+0700] {logging_mixin.py:190} INFO - [2025-04-23T16:25:04.850+0700] {dag.py:4180} INFO - Setting next_dagrun for data_pipeline_v01 to 2025-04-22 00:00:00+00:00, run_after=2025-04-23 00:00:00+00:00
[2025-04-23T16:25:04.914+0700] {processor.py:208} INFO - Processing /home/minhle/mlops/dags/data_pipeline.py took 0.689 seconds
[2025-04-23T16:25:36.108+0700] {processor.py:186} INFO - Started process (PID=385755) to work on /home/minhle/mlops/dags/data_pipeline.py
[2025-04-23T16:25:36.120+0700] {processor.py:914} INFO - Processing file /home/minhle/mlops/dags/data_pipeline.py for tasks to queue
[2025-04-23T16:25:36.123+0700] {logging_mixin.py:190} INFO - [2025-04-23T16:25:36.122+0700] {dagbag.py:588} INFO - Filling up the DagBag from /home/minhle/mlops/dags/data_pipeline.py
[2025-04-23T16:25:36.736+0700] {processor.py:925} INFO - DAG(s) 'data_pipeline_v01' retrieved from /home/minhle/mlops/dags/data_pipeline.py
[2025-04-23T16:25:36.743+0700] {logging_mixin.py:190} INFO - [2025-04-23T16:25:36.743+0700] {dag.py:3239} INFO - Sync 1 DAGs
[2025-04-23T16:25:36.750+0700] {logging_mixin.py:190} INFO - [2025-04-23T16:25:36.750+0700] {dag.py:4180} INFO - Setting next_dagrun for data_pipeline_v01 to 2025-04-22 00:00:00+00:00, run_after=2025-04-23 00:00:00+00:00
[2025-04-23T16:25:36.824+0700] {processor.py:208} INFO - Processing /home/minhle/mlops/dags/data_pipeline.py took 0.723 seconds
[2025-04-23T16:26:07.994+0700] {processor.py:186} INFO - Started process (PID=385845) to work on /home/minhle/mlops/dags/data_pipeline.py
[2025-04-23T16:26:08.000+0700] {processor.py:914} INFO - Processing file /home/minhle/mlops/dags/data_pipeline.py for tasks to queue
[2025-04-23T16:26:08.002+0700] {logging_mixin.py:190} INFO - [2025-04-23T16:26:08.001+0700] {dagbag.py:588} INFO - Filling up the DagBag from /home/minhle/mlops/dags/data_pipeline.py
[2025-04-23T16:26:08.614+0700] {processor.py:925} INFO - DAG(s) 'data_pipeline_v01' retrieved from /home/minhle/mlops/dags/data_pipeline.py
[2025-04-23T16:26:08.621+0700] {logging_mixin.py:190} INFO - [2025-04-23T16:26:08.621+0700] {dag.py:3239} INFO - Sync 1 DAGs
[2025-04-23T16:26:08.628+0700] {logging_mixin.py:190} INFO - [2025-04-23T16:26:08.628+0700] {dag.py:4180} INFO - Setting next_dagrun for data_pipeline_v01 to 2025-04-22 00:00:00+00:00, run_after=2025-04-23 00:00:00+00:00
[2025-04-23T16:26:08.703+0700] {processor.py:208} INFO - Processing /home/minhle/mlops/dags/data_pipeline.py took 0.714 seconds
[2025-04-23T16:26:39.784+0700] {processor.py:186} INFO - Started process (PID=385926) to work on /home/minhle/mlops/dags/data_pipeline.py
[2025-04-23T16:26:39.785+0700] {processor.py:914} INFO - Processing file /home/minhle/mlops/dags/data_pipeline.py for tasks to queue
[2025-04-23T16:26:39.785+0700] {logging_mixin.py:190} INFO - [2025-04-23T16:26:39.785+0700] {dagbag.py:588} INFO - Filling up the DagBag from /home/minhle/mlops/dags/data_pipeline.py
[2025-04-23T16:26:40.392+0700] {processor.py:925} INFO - DAG(s) 'data_pipeline_v01' retrieved from /home/minhle/mlops/dags/data_pipeline.py
[2025-04-23T16:26:40.399+0700] {logging_mixin.py:190} INFO - [2025-04-23T16:26:40.398+0700] {dag.py:3239} INFO - Sync 1 DAGs
[2025-04-23T16:26:40.406+0700] {logging_mixin.py:190} INFO - [2025-04-23T16:26:40.406+0700] {dag.py:4180} INFO - Setting next_dagrun for data_pipeline_v01 to 2025-04-22 00:00:00+00:00, run_after=2025-04-23 00:00:00+00:00
[2025-04-23T16:26:40.475+0700] {processor.py:208} INFO - Processing /home/minhle/mlops/dags/data_pipeline.py took 0.695 seconds
[2025-04-23T16:27:11.556+0700] {processor.py:186} INFO - Started process (PID=386006) to work on /home/minhle/mlops/dags/data_pipeline.py
[2025-04-23T16:27:11.568+0700] {processor.py:914} INFO - Processing file /home/minhle/mlops/dags/data_pipeline.py for tasks to queue
[2025-04-23T16:27:11.570+0700] {logging_mixin.py:190} INFO - [2025-04-23T16:27:11.570+0700] {dagbag.py:588} INFO - Filling up the DagBag from /home/minhle/mlops/dags/data_pipeline.py
[2025-04-23T16:27:12.187+0700] {processor.py:925} INFO - DAG(s) 'data_pipeline_v01' retrieved from /home/minhle/mlops/dags/data_pipeline.py
[2025-04-23T16:27:12.194+0700] {logging_mixin.py:190} INFO - [2025-04-23T16:27:12.194+0700] {dag.py:3239} INFO - Sync 1 DAGs
[2025-04-23T16:27:12.200+0700] {logging_mixin.py:190} INFO - [2025-04-23T16:27:12.200+0700] {dag.py:4180} INFO - Setting next_dagrun for data_pipeline_v01 to 2025-04-22 00:00:00+00:00, run_after=2025-04-23 00:00:00+00:00
[2025-04-23T16:27:12.261+0700] {processor.py:208} INFO - Processing /home/minhle/mlops/dags/data_pipeline.py took 0.708 seconds
[2025-04-23T16:27:43.454+0700] {processor.py:186} INFO - Started process (PID=386086) to work on /home/minhle/mlops/dags/data_pipeline.py
[2025-04-23T16:27:43.455+0700] {processor.py:914} INFO - Processing file /home/minhle/mlops/dags/data_pipeline.py for tasks to queue
[2025-04-23T16:27:43.455+0700] {logging_mixin.py:190} INFO - [2025-04-23T16:27:43.455+0700] {dagbag.py:588} INFO - Filling up the DagBag from /home/minhle/mlops/dags/data_pipeline.py
[2025-04-23T16:27:44.061+0700] {processor.py:925} INFO - DAG(s) 'data_pipeline_v01' retrieved from /home/minhle/mlops/dags/data_pipeline.py
[2025-04-23T16:27:44.068+0700] {logging_mixin.py:190} INFO - [2025-04-23T16:27:44.068+0700] {dag.py:3239} INFO - Sync 1 DAGs
[2025-04-23T16:27:44.075+0700] {logging_mixin.py:190} INFO - [2025-04-23T16:27:44.074+0700] {dag.py:4180} INFO - Setting next_dagrun for data_pipeline_v01 to 2025-04-22 00:00:00+00:00, run_after=2025-04-23 00:00:00+00:00
[2025-04-23T16:27:44.153+0700] {processor.py:208} INFO - Processing /home/minhle/mlops/dags/data_pipeline.py took 0.705 seconds
[2025-04-23T16:28:15.226+0700] {processor.py:186} INFO - Started process (PID=386168) to work on /home/minhle/mlops/dags/data_pipeline.py
[2025-04-23T16:28:15.227+0700] {processor.py:914} INFO - Processing file /home/minhle/mlops/dags/data_pipeline.py for tasks to queue
[2025-04-23T16:28:15.229+0700] {logging_mixin.py:190} INFO - [2025-04-23T16:28:15.228+0700] {dagbag.py:588} INFO - Filling up the DagBag from /home/minhle/mlops/dags/data_pipeline.py
[2025-04-23T16:28:15.844+0700] {processor.py:925} INFO - DAG(s) 'data_pipeline_v01' retrieved from /home/minhle/mlops/dags/data_pipeline.py
[2025-04-23T16:28:15.850+0700] {logging_mixin.py:190} INFO - [2025-04-23T16:28:15.850+0700] {dag.py:3239} INFO - Sync 1 DAGs
[2025-04-23T16:28:15.857+0700] {logging_mixin.py:190} INFO - [2025-04-23T16:28:15.857+0700] {dag.py:4180} INFO - Setting next_dagrun for data_pipeline_v01 to 2025-04-22 00:00:00+00:00, run_after=2025-04-23 00:00:00+00:00
[2025-04-23T16:28:15.942+0700] {processor.py:208} INFO - Processing /home/minhle/mlops/dags/data_pipeline.py took 0.722 seconds
[2025-04-23T16:28:47.123+0700] {processor.py:186} INFO - Started process (PID=386249) to work on /home/minhle/mlops/dags/data_pipeline.py
[2025-04-23T16:28:47.123+0700] {processor.py:914} INFO - Processing file /home/minhle/mlops/dags/data_pipeline.py for tasks to queue
[2025-04-23T16:28:47.124+0700] {logging_mixin.py:190} INFO - [2025-04-23T16:28:47.124+0700] {dagbag.py:588} INFO - Filling up the DagBag from /home/minhle/mlops/dags/data_pipeline.py
[2025-04-23T16:28:47.730+0700] {processor.py:925} INFO - DAG(s) 'data_pipeline_v01' retrieved from /home/minhle/mlops/dags/data_pipeline.py
[2025-04-23T16:28:47.737+0700] {logging_mixin.py:190} INFO - [2025-04-23T16:28:47.737+0700] {dag.py:3239} INFO - Sync 1 DAGs
[2025-04-23T16:28:47.744+0700] {logging_mixin.py:190} INFO - [2025-04-23T16:28:47.744+0700] {dag.py:4180} INFO - Setting next_dagrun for data_pipeline_v01 to 2025-04-22 00:00:00+00:00, run_after=2025-04-23 00:00:00+00:00
[2025-04-23T16:28:47.816+0700] {processor.py:208} INFO - Processing /home/minhle/mlops/dags/data_pipeline.py took 0.699 seconds
[2025-04-23T16:29:18.997+0700] {processor.py:186} INFO - Started process (PID=386356) to work on /home/minhle/mlops/dags/data_pipeline.py
[2025-04-23T16:29:19.006+0700] {processor.py:914} INFO - Processing file /home/minhle/mlops/dags/data_pipeline.py for tasks to queue
[2025-04-23T16:29:19.009+0700] {logging_mixin.py:190} INFO - [2025-04-23T16:29:19.008+0700] {dagbag.py:588} INFO - Filling up the DagBag from /home/minhle/mlops/dags/data_pipeline.py
[2025-04-23T16:29:19.620+0700] {processor.py:925} INFO - DAG(s) 'data_pipeline_v01' retrieved from /home/minhle/mlops/dags/data_pipeline.py
[2025-04-23T16:29:19.627+0700] {logging_mixin.py:190} INFO - [2025-04-23T16:29:19.627+0700] {dag.py:3239} INFO - Sync 1 DAGs
[2025-04-23T16:29:19.634+0700] {logging_mixin.py:190} INFO - [2025-04-23T16:29:19.634+0700] {dag.py:4180} INFO - Setting next_dagrun for data_pipeline_v01 to 2025-04-22 00:00:00+00:00, run_after=2025-04-23 00:00:00+00:00
[2025-04-23T16:29:19.724+0700] {processor.py:208} INFO - Processing /home/minhle/mlops/dags/data_pipeline.py took 0.733 seconds
[2025-04-23T16:29:50.770+0700] {processor.py:186} INFO - Started process (PID=386436) to work on /home/minhle/mlops/dags/data_pipeline.py
[2025-04-23T16:29:50.771+0700] {processor.py:914} INFO - Processing file /home/minhle/mlops/dags/data_pipeline.py for tasks to queue
[2025-04-23T16:29:50.771+0700] {logging_mixin.py:190} INFO - [2025-04-23T16:29:50.771+0700] {dagbag.py:588} INFO - Filling up the DagBag from /home/minhle/mlops/dags/data_pipeline.py
[2025-04-23T16:29:51.377+0700] {processor.py:925} INFO - DAG(s) 'data_pipeline_v01' retrieved from /home/minhle/mlops/dags/data_pipeline.py
[2025-04-23T16:29:51.384+0700] {logging_mixin.py:190} INFO - [2025-04-23T16:29:51.384+0700] {dag.py:3239} INFO - Sync 1 DAGs
[2025-04-23T16:29:51.391+0700] {logging_mixin.py:190} INFO - [2025-04-23T16:29:51.391+0700] {dag.py:4180} INFO - Setting next_dagrun for data_pipeline_v01 to 2025-04-22 00:00:00+00:00, run_after=2025-04-23 00:00:00+00:00
[2025-04-23T16:29:51.475+0700] {processor.py:208} INFO - Processing /home/minhle/mlops/dags/data_pipeline.py took 0.710 seconds
[2025-04-23T16:30:22.548+0700] {processor.py:186} INFO - Started process (PID=386531) to work on /home/minhle/mlops/dags/data_pipeline.py
[2025-04-23T16:30:22.559+0700] {processor.py:914} INFO - Processing file /home/minhle/mlops/dags/data_pipeline.py for tasks to queue
[2025-04-23T16:30:22.561+0700] {logging_mixin.py:190} INFO - [2025-04-23T16:30:22.561+0700] {dagbag.py:588} INFO - Filling up the DagBag from /home/minhle/mlops/dags/data_pipeline.py
[2025-04-23T16:30:23.168+0700] {processor.py:925} INFO - DAG(s) 'data_pipeline_v01' retrieved from /home/minhle/mlops/dags/data_pipeline.py
[2025-04-23T16:30:23.176+0700] {logging_mixin.py:190} INFO - [2025-04-23T16:30:23.176+0700] {dag.py:3239} INFO - Sync 1 DAGs
[2025-04-23T16:30:23.182+0700] {logging_mixin.py:190} INFO - [2025-04-23T16:30:23.182+0700] {dag.py:4180} INFO - Setting next_dagrun for data_pipeline_v01 to 2025-04-22 00:00:00+00:00, run_after=2025-04-23 00:00:00+00:00
[2025-04-23T16:30:23.255+0700] {processor.py:208} INFO - Processing /home/minhle/mlops/dags/data_pipeline.py took 0.714 seconds
[2025-04-23T16:30:54.435+0700] {processor.py:186} INFO - Started process (PID=386611) to work on /home/minhle/mlops/dags/data_pipeline.py
[2025-04-23T16:30:54.446+0700] {processor.py:914} INFO - Processing file /home/minhle/mlops/dags/data_pipeline.py for tasks to queue
[2025-04-23T16:30:54.448+0700] {logging_mixin.py:190} INFO - [2025-04-23T16:30:54.447+0700] {dagbag.py:588} INFO - Filling up the DagBag from /home/minhle/mlops/dags/data_pipeline.py
[2025-04-23T16:30:55.058+0700] {processor.py:925} INFO - DAG(s) 'data_pipeline_v01' retrieved from /home/minhle/mlops/dags/data_pipeline.py
[2025-04-23T16:30:55.065+0700] {logging_mixin.py:190} INFO - [2025-04-23T16:30:55.065+0700] {dag.py:3239} INFO - Sync 1 DAGs
[2025-04-23T16:30:55.072+0700] {logging_mixin.py:190} INFO - [2025-04-23T16:30:55.072+0700] {dag.py:4180} INFO - Setting next_dagrun for data_pipeline_v01 to 2025-04-22 00:00:00+00:00, run_after=2025-04-23 00:00:00+00:00
[2025-04-23T16:30:55.144+0700] {processor.py:208} INFO - Processing /home/minhle/mlops/dags/data_pipeline.py took 0.714 seconds
[2025-04-23T16:31:26.202+0700] {processor.py:186} INFO - Started process (PID=386692) to work on /home/minhle/mlops/dags/data_pipeline.py
[2025-04-23T16:31:26.203+0700] {processor.py:914} INFO - Processing file /home/minhle/mlops/dags/data_pipeline.py for tasks to queue
[2025-04-23T16:31:26.204+0700] {logging_mixin.py:190} INFO - [2025-04-23T16:31:26.204+0700] {dagbag.py:588} INFO - Filling up the DagBag from /home/minhle/mlops/dags/data_pipeline.py
[2025-04-23T16:31:26.827+0700] {processor.py:925} INFO - DAG(s) 'data_pipeline_v01' retrieved from /home/minhle/mlops/dags/data_pipeline.py
[2025-04-23T16:31:26.834+0700] {logging_mixin.py:190} INFO - [2025-04-23T16:31:26.833+0700] {dag.py:3239} INFO - Sync 1 DAGs
[2025-04-23T16:31:26.840+0700] {logging_mixin.py:190} INFO - [2025-04-23T16:31:26.840+0700] {dag.py:4180} INFO - Setting next_dagrun for data_pipeline_v01 to 2025-04-22 00:00:00+00:00, run_after=2025-04-23 00:00:00+00:00
[2025-04-23T16:31:26.920+0700] {processor.py:208} INFO - Processing /home/minhle/mlops/dags/data_pipeline.py took 0.723 seconds
[2025-04-23T16:31:58.066+0700] {processor.py:186} INFO - Started process (PID=386772) to work on /home/minhle/mlops/dags/data_pipeline.py
[2025-04-23T16:31:58.078+0700] {processor.py:914} INFO - Processing file /home/minhle/mlops/dags/data_pipeline.py for tasks to queue
[2025-04-23T16:31:58.080+0700] {logging_mixin.py:190} INFO - [2025-04-23T16:31:58.080+0700] {dagbag.py:588} INFO - Filling up the DagBag from /home/minhle/mlops/dags/data_pipeline.py
[2025-04-23T16:31:58.695+0700] {processor.py:925} INFO - DAG(s) 'data_pipeline_v01' retrieved from /home/minhle/mlops/dags/data_pipeline.py
[2025-04-23T16:31:58.702+0700] {logging_mixin.py:190} INFO - [2025-04-23T16:31:58.702+0700] {dag.py:3239} INFO - Sync 1 DAGs
[2025-04-23T16:31:58.709+0700] {logging_mixin.py:190} INFO - [2025-04-23T16:31:58.708+0700] {dag.py:4180} INFO - Setting next_dagrun for data_pipeline_v01 to 2025-04-22 00:00:00+00:00, run_after=2025-04-23 00:00:00+00:00
[2025-04-23T16:31:58.780+0700] {processor.py:208} INFO - Processing /home/minhle/mlops/dags/data_pipeline.py took 0.719 seconds
[2025-04-23T16:32:29.959+0700] {processor.py:186} INFO - Started process (PID=386853) to work on /home/minhle/mlops/dags/data_pipeline.py
[2025-04-23T16:32:29.960+0700] {processor.py:914} INFO - Processing file /home/minhle/mlops/dags/data_pipeline.py for tasks to queue
[2025-04-23T16:32:29.962+0700] {logging_mixin.py:190} INFO - [2025-04-23T16:32:29.961+0700] {dagbag.py:588} INFO - Filling up the DagBag from /home/minhle/mlops/dags/data_pipeline.py
[2025-04-23T16:32:30.568+0700] {processor.py:925} INFO - DAG(s) 'data_pipeline_v01' retrieved from /home/minhle/mlops/dags/data_pipeline.py
[2025-04-23T16:32:30.575+0700] {logging_mixin.py:190} INFO - [2025-04-23T16:32:30.575+0700] {dag.py:3239} INFO - Sync 1 DAGs
[2025-04-23T16:32:30.582+0700] {logging_mixin.py:190} INFO - [2025-04-23T16:32:30.582+0700] {dag.py:4180} INFO - Setting next_dagrun for data_pipeline_v01 to 2025-04-22 00:00:00+00:00, run_after=2025-04-23 00:00:00+00:00
[2025-04-23T16:32:30.652+0700] {processor.py:208} INFO - Processing /home/minhle/mlops/dags/data_pipeline.py took 0.698 seconds
[2025-04-23T16:33:01.725+0700] {processor.py:186} INFO - Started process (PID=386948) to work on /home/minhle/mlops/dags/data_pipeline.py
[2025-04-23T16:33:01.726+0700] {processor.py:914} INFO - Processing file /home/minhle/mlops/dags/data_pipeline.py for tasks to queue
[2025-04-23T16:33:01.727+0700] {logging_mixin.py:190} INFO - [2025-04-23T16:33:01.726+0700] {dagbag.py:588} INFO - Filling up the DagBag from /home/minhle/mlops/dags/data_pipeline.py
[2025-04-23T16:33:02.337+0700] {processor.py:925} INFO - DAG(s) 'data_pipeline_v01' retrieved from /home/minhle/mlops/dags/data_pipeline.py
[2025-04-23T16:33:02.344+0700] {logging_mixin.py:190} INFO - [2025-04-23T16:33:02.344+0700] {dag.py:3239} INFO - Sync 1 DAGs
[2025-04-23T16:33:02.351+0700] {logging_mixin.py:190} INFO - [2025-04-23T16:33:02.351+0700] {dag.py:4180} INFO - Setting next_dagrun for data_pipeline_v01 to 2025-04-22 00:00:00+00:00, run_after=2025-04-23 00:00:00+00:00
[2025-04-23T16:33:02.434+0700] {processor.py:208} INFO - Processing /home/minhle/mlops/dags/data_pipeline.py took 0.715 seconds
[2025-04-23T16:33:33.599+0700] {processor.py:186} INFO - Started process (PID=387028) to work on /home/minhle/mlops/dags/data_pipeline.py
[2025-04-23T16:33:33.609+0700] {processor.py:914} INFO - Processing file /home/minhle/mlops/dags/data_pipeline.py for tasks to queue
[2025-04-23T16:33:33.611+0700] {logging_mixin.py:190} INFO - [2025-04-23T16:33:33.611+0700] {dagbag.py:588} INFO - Filling up the DagBag from /home/minhle/mlops/dags/data_pipeline.py
[2025-04-23T16:33:34.223+0700] {processor.py:925} INFO - DAG(s) 'data_pipeline_v01' retrieved from /home/minhle/mlops/dags/data_pipeline.py
[2025-04-23T16:33:34.230+0700] {logging_mixin.py:190} INFO - [2025-04-23T16:33:34.230+0700] {dag.py:3239} INFO - Sync 1 DAGs
[2025-04-23T16:33:34.237+0700] {logging_mixin.py:190} INFO - [2025-04-23T16:33:34.237+0700] {dag.py:4180} INFO - Setting next_dagrun for data_pipeline_v01 to 2025-04-22 00:00:00+00:00, run_after=2025-04-23 00:00:00+00:00
[2025-04-23T16:33:34.310+0700] {processor.py:208} INFO - Processing /home/minhle/mlops/dags/data_pipeline.py took 0.715 seconds
[2025-04-23T16:34:05.483+0700] {processor.py:186} INFO - Started process (PID=387138) to work on /home/minhle/mlops/dags/data_pipeline.py
[2025-04-23T16:34:05.483+0700] {processor.py:914} INFO - Processing file /home/minhle/mlops/dags/data_pipeline.py for tasks to queue
[2025-04-23T16:34:05.484+0700] {logging_mixin.py:190} INFO - [2025-04-23T16:34:05.484+0700] {dagbag.py:588} INFO - Filling up the DagBag from /home/minhle/mlops/dags/data_pipeline.py
[2025-04-23T16:34:06.092+0700] {processor.py:925} INFO - DAG(s) 'data_pipeline_v01' retrieved from /home/minhle/mlops/dags/data_pipeline.py
[2025-04-23T16:34:06.099+0700] {logging_mixin.py:190} INFO - [2025-04-23T16:34:06.099+0700] {dag.py:3239} INFO - Sync 1 DAGs
[2025-04-23T16:34:06.106+0700] {logging_mixin.py:190} INFO - [2025-04-23T16:34:06.106+0700] {dag.py:4180} INFO - Setting next_dagrun for data_pipeline_v01 to 2025-04-22 00:00:00+00:00, run_after=2025-04-23 00:00:00+00:00
[2025-04-23T16:34:06.173+0700] {processor.py:208} INFO - Processing /home/minhle/mlops/dags/data_pipeline.py took 0.695 seconds
[2025-04-23T16:34:37.259+0700] {processor.py:186} INFO - Started process (PID=387230) to work on /home/minhle/mlops/dags/data_pipeline.py
[2025-04-23T16:34:37.269+0700] {processor.py:914} INFO - Processing file /home/minhle/mlops/dags/data_pipeline.py for tasks to queue
[2025-04-23T16:34:37.272+0700] {logging_mixin.py:190} INFO - [2025-04-23T16:34:37.271+0700] {dagbag.py:588} INFO - Filling up the DagBag from /home/minhle/mlops/dags/data_pipeline.py
[2025-04-23T16:34:37.887+0700] {processor.py:925} INFO - DAG(s) 'data_pipeline_v01' retrieved from /home/minhle/mlops/dags/data_pipeline.py
[2025-04-23T16:34:37.894+0700] {logging_mixin.py:190} INFO - [2025-04-23T16:34:37.893+0700] {dag.py:3239} INFO - Sync 1 DAGs
[2025-04-23T16:34:37.900+0700] {logging_mixin.py:190} INFO - [2025-04-23T16:34:37.900+0700] {dag.py:4180} INFO - Setting next_dagrun for data_pipeline_v01 to 2025-04-22 00:00:00+00:00, run_after=2025-04-23 00:00:00+00:00
[2025-04-23T16:34:37.968+0700] {processor.py:208} INFO - Processing /home/minhle/mlops/dags/data_pipeline.py took 0.715 seconds
[2025-04-23T16:35:09.021+0700] {processor.py:186} INFO - Started process (PID=387312) to work on /home/minhle/mlops/dags/data_pipeline.py
[2025-04-23T16:35:09.021+0700] {processor.py:914} INFO - Processing file /home/minhle/mlops/dags/data_pipeline.py for tasks to queue
[2025-04-23T16:35:09.022+0700] {logging_mixin.py:190} INFO - [2025-04-23T16:35:09.021+0700] {dagbag.py:588} INFO - Filling up the DagBag from /home/minhle/mlops/dags/data_pipeline.py
[2025-04-23T16:35:09.629+0700] {processor.py:925} INFO - DAG(s) 'data_pipeline_v01' retrieved from /home/minhle/mlops/dags/data_pipeline.py
[2025-04-23T16:35:09.636+0700] {logging_mixin.py:190} INFO - [2025-04-23T16:35:09.636+0700] {dag.py:3239} INFO - Sync 1 DAGs
[2025-04-23T16:35:09.642+0700] {logging_mixin.py:190} INFO - [2025-04-23T16:35:09.642+0700] {dag.py:4180} INFO - Setting next_dagrun for data_pipeline_v01 to 2025-04-22 00:00:00+00:00, run_after=2025-04-23 00:00:00+00:00
[2025-04-23T16:35:09.707+0700] {processor.py:208} INFO - Processing /home/minhle/mlops/dags/data_pipeline.py took 0.693 seconds
[2025-04-23T16:35:41.400+0700] {processor.py:186} INFO - Started process (PID=387392) to work on /home/minhle/mlops/dags/data_pipeline.py
[2025-04-23T16:35:41.410+0700] {processor.py:914} INFO - Processing file /home/minhle/mlops/dags/data_pipeline.py for tasks to queue
[2025-04-23T16:35:41.411+0700] {logging_mixin.py:190} INFO - [2025-04-23T16:35:41.410+0700] {dagbag.py:588} INFO - Filling up the DagBag from /home/minhle/mlops/dags/data_pipeline.py
[2025-04-23T16:35:42.018+0700] {processor.py:925} INFO - DAG(s) 'data_pipeline_v01' retrieved from /home/minhle/mlops/dags/data_pipeline.py
[2025-04-23T16:35:42.025+0700] {logging_mixin.py:190} INFO - [2025-04-23T16:35:42.025+0700] {dag.py:3239} INFO - Sync 1 DAGs
[2025-04-23T16:35:42.032+0700] {logging_mixin.py:190} INFO - [2025-04-23T16:35:42.032+0700] {dag.py:4180} INFO - Setting next_dagrun for data_pipeline_v01 to 2025-04-22 00:00:00+00:00, run_after=2025-04-23 00:00:00+00:00
[2025-04-23T16:35:42.098+0700] {processor.py:208} INFO - Processing /home/minhle/mlops/dags/data_pipeline.py took 0.700 seconds
[2025-04-23T16:36:13.290+0700] {processor.py:186} INFO - Started process (PID=387483) to work on /home/minhle/mlops/dags/data_pipeline.py
[2025-04-23T16:36:13.290+0700] {processor.py:914} INFO - Processing file /home/minhle/mlops/dags/data_pipeline.py for tasks to queue
[2025-04-23T16:36:13.291+0700] {logging_mixin.py:190} INFO - [2025-04-23T16:36:13.291+0700] {dagbag.py:588} INFO - Filling up the DagBag from /home/minhle/mlops/dags/data_pipeline.py
[2025-04-23T16:36:13.894+0700] {processor.py:925} INFO - DAG(s) 'data_pipeline_v01' retrieved from /home/minhle/mlops/dags/data_pipeline.py
[2025-04-23T16:36:13.901+0700] {logging_mixin.py:190} INFO - [2025-04-23T16:36:13.901+0700] {dag.py:3239} INFO - Sync 1 DAGs
[2025-04-23T16:36:13.908+0700] {logging_mixin.py:190} INFO - [2025-04-23T16:36:13.908+0700] {dag.py:4180} INFO - Setting next_dagrun for data_pipeline_v01 to 2025-04-22 00:00:00+00:00, run_after=2025-04-23 00:00:00+00:00
[2025-04-23T16:36:13.995+0700] {processor.py:208} INFO - Processing /home/minhle/mlops/dags/data_pipeline.py took 0.711 seconds
[2025-04-23T16:36:45.052+0700] {processor.py:186} INFO - Started process (PID=387564) to work on /home/minhle/mlops/dags/data_pipeline.py
[2025-04-23T16:36:45.060+0700] {processor.py:914} INFO - Processing file /home/minhle/mlops/dags/data_pipeline.py for tasks to queue
[2025-04-23T16:36:45.063+0700] {logging_mixin.py:190} INFO - [2025-04-23T16:36:45.062+0700] {dagbag.py:588} INFO - Filling up the DagBag from /home/minhle/mlops/dags/data_pipeline.py
[2025-04-23T16:36:45.676+0700] {processor.py:925} INFO - DAG(s) 'data_pipeline_v01' retrieved from /home/minhle/mlops/dags/data_pipeline.py
[2025-04-23T16:36:45.683+0700] {logging_mixin.py:190} INFO - [2025-04-23T16:36:45.683+0700] {dag.py:3239} INFO - Sync 1 DAGs
[2025-04-23T16:36:45.689+0700] {logging_mixin.py:190} INFO - [2025-04-23T16:36:45.689+0700] {dag.py:4180} INFO - Setting next_dagrun for data_pipeline_v01 to 2025-04-22 00:00:00+00:00, run_after=2025-04-23 00:00:00+00:00
[2025-04-23T16:36:45.756+0700] {processor.py:208} INFO - Processing /home/minhle/mlops/dags/data_pipeline.py took 0.712 seconds
[2025-04-23T16:37:16.839+0700] {processor.py:186} INFO - Started process (PID=387645) to work on /home/minhle/mlops/dags/data_pipeline.py
[2025-04-23T16:37:16.840+0700] {processor.py:914} INFO - Processing file /home/minhle/mlops/dags/data_pipeline.py for tasks to queue
[2025-04-23T16:37:16.842+0700] {logging_mixin.py:190} INFO - [2025-04-23T16:37:16.842+0700] {dagbag.py:588} INFO - Filling up the DagBag from /home/minhle/mlops/dags/data_pipeline.py
[2025-04-23T16:37:17.455+0700] {processor.py:925} INFO - DAG(s) 'data_pipeline_v01' retrieved from /home/minhle/mlops/dags/data_pipeline.py
[2025-04-23T16:37:17.463+0700] {logging_mixin.py:190} INFO - [2025-04-23T16:37:17.462+0700] {dag.py:3239} INFO - Sync 1 DAGs
[2025-04-23T16:37:17.469+0700] {logging_mixin.py:190} INFO - [2025-04-23T16:37:17.469+0700] {dag.py:4180} INFO - Setting next_dagrun for data_pipeline_v01 to 2025-04-22 00:00:00+00:00, run_after=2025-04-23 00:00:00+00:00
[2025-04-23T16:37:17.541+0700] {processor.py:208} INFO - Processing /home/minhle/mlops/dags/data_pipeline.py took 0.708 seconds
[2025-04-23T16:37:48.620+0700] {processor.py:186} INFO - Started process (PID=387725) to work on /home/minhle/mlops/dags/data_pipeline.py
[2025-04-23T16:37:48.630+0700] {processor.py:914} INFO - Processing file /home/minhle/mlops/dags/data_pipeline.py for tasks to queue
[2025-04-23T16:37:48.632+0700] {logging_mixin.py:190} INFO - [2025-04-23T16:37:48.631+0700] {dagbag.py:588} INFO - Filling up the DagBag from /home/minhle/mlops/dags/data_pipeline.py
[2025-04-23T16:37:49.250+0700] {processor.py:925} INFO - DAG(s) 'data_pipeline_v01' retrieved from /home/minhle/mlops/dags/data_pipeline.py
[2025-04-23T16:37:49.257+0700] {logging_mixin.py:190} INFO - [2025-04-23T16:37:49.256+0700] {dag.py:3239} INFO - Sync 1 DAGs
[2025-04-23T16:37:49.263+0700] {logging_mixin.py:190} INFO - [2025-04-23T16:37:49.263+0700] {dag.py:4180} INFO - Setting next_dagrun for data_pipeline_v01 to 2025-04-22 00:00:00+00:00, run_after=2025-04-23 00:00:00+00:00
[2025-04-23T16:37:49.333+0700] {processor.py:208} INFO - Processing /home/minhle/mlops/dags/data_pipeline.py took 0.719 seconds
[2025-04-23T16:38:20.410+0700] {processor.py:186} INFO - Started process (PID=387817) to work on /home/minhle/mlops/dags/data_pipeline.py
[2025-04-23T16:38:20.411+0700] {processor.py:914} INFO - Processing file /home/minhle/mlops/dags/data_pipeline.py for tasks to queue
[2025-04-23T16:38:20.411+0700] {logging_mixin.py:190} INFO - [2025-04-23T16:38:20.411+0700] {dagbag.py:588} INFO - Filling up the DagBag from /home/minhle/mlops/dags/data_pipeline.py
[2025-04-23T16:38:21.026+0700] {processor.py:925} INFO - DAG(s) 'data_pipeline_v01' retrieved from /home/minhle/mlops/dags/data_pipeline.py
[2025-04-23T16:38:21.033+0700] {logging_mixin.py:190} INFO - [2025-04-23T16:38:21.033+0700] {dag.py:3239} INFO - Sync 1 DAGs
[2025-04-23T16:38:21.039+0700] {logging_mixin.py:190} INFO - [2025-04-23T16:38:21.039+0700] {dag.py:4180} INFO - Setting next_dagrun for data_pipeline_v01 to 2025-04-22 00:00:00+00:00, run_after=2025-04-23 00:00:00+00:00
[2025-04-23T16:38:21.108+0700] {processor.py:208} INFO - Processing /home/minhle/mlops/dags/data_pipeline.py took 0.702 seconds
[2025-04-23T16:38:52.200+0700] {processor.py:186} INFO - Started process (PID=387902) to work on /home/minhle/mlops/dags/data_pipeline.py
[2025-04-23T16:38:52.200+0700] {processor.py:914} INFO - Processing file /home/minhle/mlops/dags/data_pipeline.py for tasks to queue
[2025-04-23T16:38:52.200+0700] {logging_mixin.py:190} INFO - [2025-04-23T16:38:52.200+0700] {dagbag.py:588} INFO - Filling up the DagBag from /home/minhle/mlops/dags/data_pipeline.py
[2025-04-23T16:38:52.821+0700] {processor.py:925} INFO - DAG(s) 'data_pipeline_v01' retrieved from /home/minhle/mlops/dags/data_pipeline.py
[2025-04-23T16:38:52.828+0700] {logging_mixin.py:190} INFO - [2025-04-23T16:38:52.827+0700] {dag.py:3239} INFO - Sync 1 DAGs
[2025-04-23T16:38:52.835+0700] {logging_mixin.py:190} INFO - [2025-04-23T16:38:52.834+0700] {dag.py:4180} INFO - Setting next_dagrun for data_pipeline_v01 to 2025-04-22 00:00:00+00:00, run_after=2025-04-23 00:00:00+00:00
[2025-04-23T16:38:52.903+0700] {processor.py:208} INFO - Processing /home/minhle/mlops/dags/data_pipeline.py took 0.706 seconds
[2025-04-23T16:39:23.988+0700] {processor.py:186} INFO - Started process (PID=388009) to work on /home/minhle/mlops/dags/data_pipeline.py
[2025-04-23T16:39:23.994+0700] {processor.py:914} INFO - Processing file /home/minhle/mlops/dags/data_pipeline.py for tasks to queue
[2025-04-23T16:39:23.996+0700] {logging_mixin.py:190} INFO - [2025-04-23T16:39:23.996+0700] {dagbag.py:588} INFO - Filling up the DagBag from /home/minhle/mlops/dags/data_pipeline.py
[2025-04-23T16:39:24.611+0700] {processor.py:925} INFO - DAG(s) 'data_pipeline_v01' retrieved from /home/minhle/mlops/dags/data_pipeline.py
[2025-04-23T16:39:24.618+0700] {logging_mixin.py:190} INFO - [2025-04-23T16:39:24.618+0700] {dag.py:3239} INFO - Sync 1 DAGs
[2025-04-23T16:39:24.625+0700] {logging_mixin.py:190} INFO - [2025-04-23T16:39:24.625+0700] {dag.py:4180} INFO - Setting next_dagrun for data_pipeline_v01 to 2025-04-22 00:00:00+00:00, run_after=2025-04-23 00:00:00+00:00
[2025-04-23T16:39:24.747+0700] {processor.py:208} INFO - Processing /home/minhle/mlops/dags/data_pipeline.py took 0.764 seconds
[2025-04-23T16:39:57.485+0700] {processor.py:186} INFO - Started process (PID=388089) to work on /home/minhle/mlops/dags/data_pipeline.py
[2025-04-23T16:39:57.487+0700] {processor.py:914} INFO - Processing file /home/minhle/mlops/dags/data_pipeline.py for tasks to queue
[2025-04-23T16:39:57.489+0700] {logging_mixin.py:190} INFO - [2025-04-23T16:39:57.488+0700] {dagbag.py:588} INFO - Filling up the DagBag from /home/minhle/mlops/dags/data_pipeline.py
[2025-04-23T16:39:58.113+0700] {processor.py:925} INFO - DAG(s) 'data_pipeline_v01' retrieved from /home/minhle/mlops/dags/data_pipeline.py
[2025-04-23T16:39:58.120+0700] {logging_mixin.py:190} INFO - [2025-04-23T16:39:58.120+0700] {dag.py:3239} INFO - Sync 1 DAGs
[2025-04-23T16:39:58.127+0700] {logging_mixin.py:190} INFO - [2025-04-23T16:39:58.127+0700] {dag.py:4180} INFO - Setting next_dagrun for data_pipeline_v01 to 2025-04-22 00:00:00+00:00, run_after=2025-04-23 00:00:00+00:00
[2025-04-23T16:39:58.195+0700] {processor.py:208} INFO - Processing /home/minhle/mlops/dags/data_pipeline.py took 0.716 seconds
[2025-04-23T16:40:30.262+0700] {processor.py:186} INFO - Started process (PID=388170) to work on /home/minhle/mlops/dags/data_pipeline.py
[2025-04-23T16:40:30.263+0700] {processor.py:914} INFO - Processing file /home/minhle/mlops/dags/data_pipeline.py for tasks to queue
[2025-04-23T16:40:30.264+0700] {logging_mixin.py:190} INFO - [2025-04-23T16:40:30.263+0700] {dagbag.py:588} INFO - Filling up the DagBag from /home/minhle/mlops/dags/data_pipeline.py
[2025-04-23T16:40:30.875+0700] {processor.py:925} INFO - DAG(s) 'data_pipeline_v01' retrieved from /home/minhle/mlops/dags/data_pipeline.py
[2025-04-23T16:40:30.882+0700] {logging_mixin.py:190} INFO - [2025-04-23T16:40:30.882+0700] {dag.py:3239} INFO - Sync 1 DAGs
[2025-04-23T16:40:30.888+0700] {logging_mixin.py:190} INFO - [2025-04-23T16:40:30.888+0700] {dag.py:4180} INFO - Setting next_dagrun for data_pipeline_v01 to 2025-04-22 00:00:00+00:00, run_after=2025-04-23 00:00:00+00:00
[2025-04-23T16:40:30.954+0700] {processor.py:208} INFO - Processing /home/minhle/mlops/dags/data_pipeline.py took 0.696 seconds
[2025-04-23T16:41:02.877+0700] {processor.py:186} INFO - Started process (PID=388251) to work on /home/minhle/mlops/dags/data_pipeline.py
[2025-04-23T16:41:02.887+0700] {processor.py:914} INFO - Processing file /home/minhle/mlops/dags/data_pipeline.py for tasks to queue
[2025-04-23T16:41:02.890+0700] {logging_mixin.py:190} INFO - [2025-04-23T16:41:02.889+0700] {dagbag.py:588} INFO - Filling up the DagBag from /home/minhle/mlops/dags/data_pipeline.py
[2025-04-23T16:41:03.507+0700] {processor.py:925} INFO - DAG(s) 'data_pipeline_v01' retrieved from /home/minhle/mlops/dags/data_pipeline.py
[2025-04-23T16:41:03.514+0700] {logging_mixin.py:190} INFO - [2025-04-23T16:41:03.514+0700] {dag.py:3239} INFO - Sync 1 DAGs
[2025-04-23T16:41:03.521+0700] {logging_mixin.py:190} INFO - [2025-04-23T16:41:03.520+0700] {dag.py:4180} INFO - Setting next_dagrun for data_pipeline_v01 to 2025-04-22 00:00:00+00:00, run_after=2025-04-23 00:00:00+00:00
[2025-04-23T16:41:03.601+0700] {processor.py:208} INFO - Processing /home/minhle/mlops/dags/data_pipeline.py took 0.731 seconds
[2025-04-23T16:41:34.866+0700] {processor.py:186} INFO - Started process (PID=388331) to work on /home/minhle/mlops/dags/data_pipeline.py
[2025-04-23T16:41:34.867+0700] {processor.py:914} INFO - Processing file /home/minhle/mlops/dags/data_pipeline.py for tasks to queue
[2025-04-23T16:41:34.868+0700] {logging_mixin.py:190} INFO - [2025-04-23T16:41:34.868+0700] {dagbag.py:588} INFO - Filling up the DagBag from /home/minhle/mlops/dags/data_pipeline.py
[2025-04-23T16:41:35.490+0700] {processor.py:925} INFO - DAG(s) 'data_pipeline_v01' retrieved from /home/minhle/mlops/dags/data_pipeline.py
[2025-04-23T16:41:35.497+0700] {logging_mixin.py:190} INFO - [2025-04-23T16:41:35.496+0700] {dag.py:3239} INFO - Sync 1 DAGs
[2025-04-23T16:41:35.503+0700] {logging_mixin.py:190} INFO - [2025-04-23T16:41:35.503+0700] {dag.py:4180} INFO - Setting next_dagrun for data_pipeline_v01 to 2025-04-22 00:00:00+00:00, run_after=2025-04-23 00:00:00+00:00
[2025-04-23T16:41:35.569+0700] {processor.py:208} INFO - Processing /home/minhle/mlops/dags/data_pipeline.py took 0.708 seconds
[2025-04-23T16:42:07.922+0700] {processor.py:186} INFO - Started process (PID=388412) to work on /home/minhle/mlops/dags/data_pipeline.py
[2025-04-23T16:42:07.922+0700] {processor.py:914} INFO - Processing file /home/minhle/mlops/dags/data_pipeline.py for tasks to queue
[2025-04-23T16:42:07.923+0700] {logging_mixin.py:190} INFO - [2025-04-23T16:42:07.923+0700] {dagbag.py:588} INFO - Filling up the DagBag from /home/minhle/mlops/dags/data_pipeline.py
[2025-04-23T16:42:08.528+0700] {processor.py:925} INFO - DAG(s) 'data_pipeline_v01' retrieved from /home/minhle/mlops/dags/data_pipeline.py
[2025-04-23T16:42:08.534+0700] {logging_mixin.py:190} INFO - [2025-04-23T16:42:08.534+0700] {dag.py:3239} INFO - Sync 1 DAGs
[2025-04-23T16:42:08.542+0700] {logging_mixin.py:190} INFO - [2025-04-23T16:42:08.541+0700] {dag.py:4180} INFO - Setting next_dagrun for data_pipeline_v01 to 2025-04-22 00:00:00+00:00, run_after=2025-04-23 00:00:00+00:00
[2025-04-23T16:42:08.626+0700] {processor.py:208} INFO - Processing /home/minhle/mlops/dags/data_pipeline.py took 0.708 seconds
[2025-04-23T16:42:39.374+0700] {processor.py:186} INFO - Started process (PID=388493) to work on /home/minhle/mlops/dags/data_pipeline.py
[2025-04-23T16:42:39.387+0700] {processor.py:914} INFO - Processing file /home/minhle/mlops/dags/data_pipeline.py for tasks to queue
[2025-04-23T16:42:39.389+0700] {logging_mixin.py:190} INFO - [2025-04-23T16:42:39.388+0700] {dagbag.py:588} INFO - Filling up the DagBag from /home/minhle/mlops/dags/data_pipeline.py
[2025-04-23T16:42:39.999+0700] {processor.py:925} INFO - DAG(s) 'data_pipeline_v01' retrieved from /home/minhle/mlops/dags/data_pipeline.py
[2025-04-23T16:42:40.006+0700] {logging_mixin.py:190} INFO - [2025-04-23T16:42:40.006+0700] {dag.py:3239} INFO - Sync 1 DAGs
[2025-04-23T16:42:40.013+0700] {logging_mixin.py:190} INFO - [2025-04-23T16:42:40.013+0700] {dag.py:4180} INFO - Setting next_dagrun for data_pipeline_v01 to 2025-04-22 00:00:00+00:00, run_after=2025-04-23 00:00:00+00:00
[2025-04-23T16:42:40.084+0700] {processor.py:208} INFO - Processing /home/minhle/mlops/dags/data_pipeline.py took 0.715 seconds
[2025-04-23T16:43:11.781+0700] {processor.py:186} INFO - Started process (PID=388573) to work on /home/minhle/mlops/dags/data_pipeline.py
[2025-04-23T16:43:11.783+0700] {processor.py:914} INFO - Processing file /home/minhle/mlops/dags/data_pipeline.py for tasks to queue
[2025-04-23T16:43:11.785+0700] {logging_mixin.py:190} INFO - [2025-04-23T16:43:11.785+0700] {dagbag.py:588} INFO - Filling up the DagBag from /home/minhle/mlops/dags/data_pipeline.py
[2025-04-23T16:43:12.394+0700] {processor.py:925} INFO - DAG(s) 'data_pipeline_v01' retrieved from /home/minhle/mlops/dags/data_pipeline.py
[2025-04-23T16:43:12.401+0700] {logging_mixin.py:190} INFO - [2025-04-23T16:43:12.401+0700] {dag.py:3239} INFO - Sync 1 DAGs
[2025-04-23T16:43:12.408+0700] {logging_mixin.py:190} INFO - [2025-04-23T16:43:12.408+0700] {dag.py:4180} INFO - Setting next_dagrun for data_pipeline_v01 to 2025-04-22 00:00:00+00:00, run_after=2025-04-23 00:00:00+00:00
[2025-04-23T16:43:12.485+0700] {processor.py:208} INFO - Processing /home/minhle/mlops/dags/data_pipeline.py took 0.709 seconds
[2025-04-23T16:43:43.554+0700] {processor.py:186} INFO - Started process (PID=388655) to work on /home/minhle/mlops/dags/data_pipeline.py
[2025-04-23T16:43:43.555+0700] {processor.py:914} INFO - Processing file /home/minhle/mlops/dags/data_pipeline.py for tasks to queue
[2025-04-23T16:43:43.556+0700] {logging_mixin.py:190} INFO - [2025-04-23T16:43:43.556+0700] {dagbag.py:588} INFO - Filling up the DagBag from /home/minhle/mlops/dags/data_pipeline.py
[2025-04-23T16:43:44.164+0700] {processor.py:925} INFO - DAG(s) 'data_pipeline_v01' retrieved from /home/minhle/mlops/dags/data_pipeline.py
[2025-04-23T16:43:44.172+0700] {logging_mixin.py:190} INFO - [2025-04-23T16:43:44.172+0700] {dag.py:3239} INFO - Sync 1 DAGs
[2025-04-23T16:43:44.178+0700] {logging_mixin.py:190} INFO - [2025-04-23T16:43:44.178+0700] {dag.py:4180} INFO - Setting next_dagrun for data_pipeline_v01 to 2025-04-22 00:00:00+00:00, run_after=2025-04-23 00:00:00+00:00
[2025-04-23T16:43:44.274+0700] {processor.py:208} INFO - Processing /home/minhle/mlops/dags/data_pipeline.py took 0.726 seconds
[2025-04-23T16:44:15.364+0700] {processor.py:186} INFO - Started process (PID=388773) to work on /home/minhle/mlops/dags/data_pipeline.py
[2025-04-23T16:44:15.365+0700] {processor.py:914} INFO - Processing file /home/minhle/mlops/dags/data_pipeline.py for tasks to queue
[2025-04-23T16:44:15.366+0700] {logging_mixin.py:190} INFO - [2025-04-23T16:44:15.366+0700] {dagbag.py:588} INFO - Filling up the DagBag from /home/minhle/mlops/dags/data_pipeline.py
[2025-04-23T16:44:16.009+0700] {processor.py:925} INFO - DAG(s) 'data_pipeline_v01' retrieved from /home/minhle/mlops/dags/data_pipeline.py
[2025-04-23T16:44:16.016+0700] {logging_mixin.py:190} INFO - [2025-04-23T16:44:16.015+0700] {dag.py:3239} INFO - Sync 1 DAGs
[2025-04-23T16:44:16.022+0700] {logging_mixin.py:190} INFO - [2025-04-23T16:44:16.022+0700] {dag.py:4180} INFO - Setting next_dagrun for data_pipeline_v01 to 2025-04-22 00:00:00+00:00, run_after=2025-04-23 00:00:00+00:00
[2025-04-23T16:44:16.090+0700] {processor.py:208} INFO - Processing /home/minhle/mlops/dags/data_pipeline.py took 0.730 seconds
[2025-04-23T16:44:46.773+0700] {processor.py:186} INFO - Started process (PID=388853) to work on /home/minhle/mlops/dags/data_pipeline.py
[2025-04-23T16:44:46.784+0700] {processor.py:914} INFO - Processing file /home/minhle/mlops/dags/data_pipeline.py for tasks to queue
[2025-04-23T16:44:46.787+0700] {logging_mixin.py:190} INFO - [2025-04-23T16:44:46.786+0700] {dagbag.py:588} INFO - Filling up the DagBag from /home/minhle/mlops/dags/data_pipeline.py
[2025-04-23T16:44:47.401+0700] {processor.py:925} INFO - DAG(s) 'data_pipeline_v01' retrieved from /home/minhle/mlops/dags/data_pipeline.py
[2025-04-23T16:44:47.408+0700] {logging_mixin.py:190} INFO - [2025-04-23T16:44:47.408+0700] {dag.py:3239} INFO - Sync 1 DAGs
[2025-04-23T16:44:47.414+0700] {logging_mixin.py:190} INFO - [2025-04-23T16:44:47.414+0700] {dag.py:4180} INFO - Setting next_dagrun for data_pipeline_v01 to 2025-04-22 00:00:00+00:00, run_after=2025-04-23 00:00:00+00:00
[2025-04-23T16:44:47.508+0700] {processor.py:208} INFO - Processing /home/minhle/mlops/dags/data_pipeline.py took 0.743 seconds
[2025-04-23T16:45:18.218+0700] {processor.py:186} INFO - Started process (PID=388933) to work on /home/minhle/mlops/dags/data_pipeline.py
[2025-04-23T16:45:18.219+0700] {processor.py:914} INFO - Processing file /home/minhle/mlops/dags/data_pipeline.py for tasks to queue
[2025-04-23T16:45:18.220+0700] {logging_mixin.py:190} INFO - [2025-04-23T16:45:18.219+0700] {dagbag.py:588} INFO - Filling up the DagBag from /home/minhle/mlops/dags/data_pipeline.py
[2025-04-23T16:45:18.829+0700] {processor.py:925} INFO - DAG(s) 'data_pipeline_v01' retrieved from /home/minhle/mlops/dags/data_pipeline.py
[2025-04-23T16:45:18.836+0700] {logging_mixin.py:190} INFO - [2025-04-23T16:45:18.836+0700] {dag.py:3239} INFO - Sync 1 DAGs
[2025-04-23T16:45:18.843+0700] {logging_mixin.py:190} INFO - [2025-04-23T16:45:18.843+0700] {dag.py:4180} INFO - Setting next_dagrun for data_pipeline_v01 to 2025-04-22 00:00:00+00:00, run_after=2025-04-23 00:00:00+00:00
[2025-04-23T16:45:18.911+0700] {processor.py:208} INFO - Processing /home/minhle/mlops/dags/data_pipeline.py took 0.697 seconds
[2025-04-23T16:45:50.885+0700] {processor.py:186} INFO - Started process (PID=389013) to work on /home/minhle/mlops/dags/data_pipeline.py
[2025-04-23T16:45:50.896+0700] {processor.py:914} INFO - Processing file /home/minhle/mlops/dags/data_pipeline.py for tasks to queue
[2025-04-23T16:45:50.899+0700] {logging_mixin.py:190} INFO - [2025-04-23T16:45:50.898+0700] {dagbag.py:588} INFO - Filling up the DagBag from /home/minhle/mlops/dags/data_pipeline.py
[2025-04-23T16:45:51.510+0700] {processor.py:925} INFO - DAG(s) 'data_pipeline_v01' retrieved from /home/minhle/mlops/dags/data_pipeline.py
[2025-04-23T16:45:51.517+0700] {logging_mixin.py:190} INFO - [2025-04-23T16:45:51.517+0700] {dag.py:3239} INFO - Sync 1 DAGs
[2025-04-23T16:45:51.524+0700] {logging_mixin.py:190} INFO - [2025-04-23T16:45:51.524+0700] {dag.py:4180} INFO - Setting next_dagrun for data_pipeline_v01 to 2025-04-22 00:00:00+00:00, run_after=2025-04-23 00:00:00+00:00
[2025-04-23T16:45:51.594+0700] {processor.py:208} INFO - Processing /home/minhle/mlops/dags/data_pipeline.py took 0.714 seconds
[2025-04-23T16:46:22.834+0700] {processor.py:186} INFO - Started process (PID=389094) to work on /home/minhle/mlops/dags/data_pipeline.py
[2025-04-23T16:46:22.834+0700] {processor.py:914} INFO - Processing file /home/minhle/mlops/dags/data_pipeline.py for tasks to queue
[2025-04-23T16:46:22.835+0700] {logging_mixin.py:190} INFO - [2025-04-23T16:46:22.835+0700] {dagbag.py:588} INFO - Filling up the DagBag from /home/minhle/mlops/dags/data_pipeline.py
[2025-04-23T16:46:23.447+0700] {processor.py:925} INFO - DAG(s) 'data_pipeline_v01' retrieved from /home/minhle/mlops/dags/data_pipeline.py
[2025-04-23T16:46:23.454+0700] {logging_mixin.py:190} INFO - [2025-04-23T16:46:23.454+0700] {dag.py:3239} INFO - Sync 1 DAGs
[2025-04-23T16:46:23.461+0700] {logging_mixin.py:190} INFO - [2025-04-23T16:46:23.461+0700] {dag.py:4180} INFO - Setting next_dagrun for data_pipeline_v01 to 2025-04-22 00:00:00+00:00, run_after=2025-04-23 00:00:00+00:00
[2025-04-23T16:46:23.526+0700] {processor.py:208} INFO - Processing /home/minhle/mlops/dags/data_pipeline.py took 0.698 seconds
[2025-04-23T16:46:54.778+0700] {processor.py:186} INFO - Started process (PID=389174) to work on /home/minhle/mlops/dags/data_pipeline.py
[2025-04-23T16:46:54.778+0700] {processor.py:914} INFO - Processing file /home/minhle/mlops/dags/data_pipeline.py for tasks to queue
[2025-04-23T16:46:54.779+0700] {logging_mixin.py:190} INFO - [2025-04-23T16:46:54.779+0700] {dagbag.py:588} INFO - Filling up the DagBag from /home/minhle/mlops/dags/data_pipeline.py
[2025-04-23T16:46:55.392+0700] {processor.py:925} INFO - DAG(s) 'data_pipeline_v01' retrieved from /home/minhle/mlops/dags/data_pipeline.py
[2025-04-23T16:46:55.399+0700] {logging_mixin.py:190} INFO - [2025-04-23T16:46:55.399+0700] {dag.py:3239} INFO - Sync 1 DAGs
[2025-04-23T16:46:55.406+0700] {logging_mixin.py:190} INFO - [2025-04-23T16:46:55.406+0700] {dag.py:4180} INFO - Setting next_dagrun for data_pipeline_v01 to 2025-04-22 00:00:00+00:00, run_after=2025-04-23 00:00:00+00:00
[2025-04-23T16:46:55.470+0700] {processor.py:208} INFO - Processing /home/minhle/mlops/dags/data_pipeline.py took 0.699 seconds
[2025-04-23T16:47:26.732+0700] {processor.py:186} INFO - Started process (PID=389255) to work on /home/minhle/mlops/dags/data_pipeline.py
[2025-04-23T16:47:26.742+0700] {processor.py:914} INFO - Processing file /home/minhle/mlops/dags/data_pipeline.py for tasks to queue
[2025-04-23T16:47:26.743+0700] {logging_mixin.py:190} INFO - [2025-04-23T16:47:26.743+0700] {dagbag.py:588} INFO - Filling up the DagBag from /home/minhle/mlops/dags/data_pipeline.py
[2025-04-23T16:47:27.369+0700] {processor.py:925} INFO - DAG(s) 'data_pipeline_v01' retrieved from /home/minhle/mlops/dags/data_pipeline.py
[2025-04-23T16:47:27.376+0700] {logging_mixin.py:190} INFO - [2025-04-23T16:47:27.376+0700] {dag.py:3239} INFO - Sync 1 DAGs
[2025-04-23T16:47:27.382+0700] {logging_mixin.py:190} INFO - [2025-04-23T16:47:27.382+0700] {dag.py:4180} INFO - Setting next_dagrun for data_pipeline_v01 to 2025-04-22 00:00:00+00:00, run_after=2025-04-23 00:00:00+00:00
[2025-04-23T16:47:27.475+0700] {processor.py:208} INFO - Processing /home/minhle/mlops/dags/data_pipeline.py took 0.745 seconds
[2025-04-23T16:47:58.769+0700] {processor.py:186} INFO - Started process (PID=389335) to work on /home/minhle/mlops/dags/data_pipeline.py
[2025-04-23T16:47:58.770+0700] {processor.py:914} INFO - Processing file /home/minhle/mlops/dags/data_pipeline.py for tasks to queue
[2025-04-23T16:47:58.771+0700] {logging_mixin.py:190} INFO - [2025-04-23T16:47:58.771+0700] {dagbag.py:588} INFO - Filling up the DagBag from /home/minhle/mlops/dags/data_pipeline.py
[2025-04-23T16:47:59.379+0700] {processor.py:925} INFO - DAG(s) 'data_pipeline_v01' retrieved from /home/minhle/mlops/dags/data_pipeline.py
[2025-04-23T16:47:59.386+0700] {logging_mixin.py:190} INFO - [2025-04-23T16:47:59.386+0700] {dag.py:3239} INFO - Sync 1 DAGs
[2025-04-23T16:47:59.392+0700] {logging_mixin.py:190} INFO - [2025-04-23T16:47:59.392+0700] {dag.py:4180} INFO - Setting next_dagrun for data_pipeline_v01 to 2025-04-22 00:00:00+00:00, run_after=2025-04-23 00:00:00+00:00
[2025-04-23T16:47:59.482+0700] {processor.py:208} INFO - Processing /home/minhle/mlops/dags/data_pipeline.py took 0.719 seconds
[2025-04-23T16:48:30.596+0700] {processor.py:186} INFO - Started process (PID=389417) to work on /home/minhle/mlops/dags/data_pipeline.py
[2025-04-23T16:48:30.597+0700] {processor.py:914} INFO - Processing file /home/minhle/mlops/dags/data_pipeline.py for tasks to queue
[2025-04-23T16:48:30.598+0700] {logging_mixin.py:190} INFO - [2025-04-23T16:48:30.598+0700] {dagbag.py:588} INFO - Filling up the DagBag from /home/minhle/mlops/dags/data_pipeline.py
[2025-04-23T16:48:31.235+0700] {processor.py:925} INFO - DAG(s) 'data_pipeline_v01' retrieved from /home/minhle/mlops/dags/data_pipeline.py
[2025-04-23T16:48:31.242+0700] {logging_mixin.py:190} INFO - [2025-04-23T16:48:31.242+0700] {dag.py:3239} INFO - Sync 1 DAGs
[2025-04-23T16:48:31.249+0700] {logging_mixin.py:190} INFO - [2025-04-23T16:48:31.249+0700] {dag.py:4180} INFO - Setting next_dagrun for data_pipeline_v01 to 2025-04-22 00:00:00+00:00, run_after=2025-04-23 00:00:00+00:00
[2025-04-23T16:48:31.316+0700] {processor.py:208} INFO - Processing /home/minhle/mlops/dags/data_pipeline.py took 0.725 seconds
[2025-04-23T16:49:01.925+0700] {processor.py:186} INFO - Started process (PID=389508) to work on /home/minhle/mlops/dags/data_pipeline.py
[2025-04-23T16:49:01.926+0700] {processor.py:914} INFO - Processing file /home/minhle/mlops/dags/data_pipeline.py for tasks to queue
[2025-04-23T16:49:01.926+0700] {logging_mixin.py:190} INFO - [2025-04-23T16:49:01.926+0700] {dagbag.py:588} INFO - Filling up the DagBag from /home/minhle/mlops/dags/data_pipeline.py
[2025-04-23T16:49:02.545+0700] {processor.py:925} INFO - DAG(s) 'data_pipeline_v01' retrieved from /home/minhle/mlops/dags/data_pipeline.py
[2025-04-23T16:49:02.552+0700] {logging_mixin.py:190} INFO - [2025-04-23T16:49:02.551+0700] {dag.py:3239} INFO - Sync 1 DAGs
[2025-04-23T16:49:02.559+0700] {logging_mixin.py:190} INFO - [2025-04-23T16:49:02.559+0700] {dag.py:4180} INFO - Setting next_dagrun for data_pipeline_v01 to 2025-04-22 00:00:00+00:00, run_after=2025-04-23 00:00:00+00:00
[2025-04-23T16:49:02.629+0700] {processor.py:208} INFO - Processing /home/minhle/mlops/dags/data_pipeline.py took 0.710 seconds
[2025-04-23T16:49:34.431+0700] {processor.py:186} INFO - Started process (PID=389632) to work on /home/minhle/mlops/dags/data_pipeline.py
[2025-04-23T16:49:34.443+0700] {processor.py:914} INFO - Processing file /home/minhle/mlops/dags/data_pipeline.py for tasks to queue
[2025-04-23T16:49:34.444+0700] {logging_mixin.py:190} INFO - [2025-04-23T16:49:34.444+0700] {dagbag.py:588} INFO - Filling up the DagBag from /home/minhle/mlops/dags/data_pipeline.py
[2025-04-23T16:49:35.118+0700] {processor.py:925} INFO - DAG(s) 'data_pipeline_v01' retrieved from /home/minhle/mlops/dags/data_pipeline.py
[2025-04-23T16:49:35.127+0700] {logging_mixin.py:190} INFO - [2025-04-23T16:49:35.127+0700] {dag.py:3239} INFO - Sync 1 DAGs
[2025-04-23T16:49:35.135+0700] {logging_mixin.py:190} INFO - [2025-04-23T16:49:35.135+0700] {dag.py:4180} INFO - Setting next_dagrun for data_pipeline_v01 to 2025-04-22 00:00:00+00:00, run_after=2025-04-23 00:00:00+00:00
[2025-04-23T16:49:35.191+0700] {processor.py:208} INFO - Processing /home/minhle/mlops/dags/data_pipeline.py took 0.763 seconds
[2025-04-23T16:50:06.385+0700] {processor.py:186} INFO - Started process (PID=389742) to work on /home/minhle/mlops/dags/data_pipeline.py
[2025-04-23T16:50:06.385+0700] {processor.py:914} INFO - Processing file /home/minhle/mlops/dags/data_pipeline.py for tasks to queue
[2025-04-23T16:50:06.386+0700] {logging_mixin.py:190} INFO - [2025-04-23T16:50:06.386+0700] {dagbag.py:588} INFO - Filling up the DagBag from /home/minhle/mlops/dags/data_pipeline.py
[2025-04-23T16:50:06.990+0700] {processor.py:925} INFO - DAG(s) 'data_pipeline_v01' retrieved from /home/minhle/mlops/dags/data_pipeline.py
[2025-04-23T16:50:06.997+0700] {logging_mixin.py:190} INFO - [2025-04-23T16:50:06.997+0700] {dag.py:3239} INFO - Sync 1 DAGs
[2025-04-23T16:50:07.004+0700] {logging_mixin.py:190} INFO - [2025-04-23T16:50:07.004+0700] {dag.py:4180} INFO - Setting next_dagrun for data_pipeline_v01 to 2025-04-22 00:00:00+00:00, run_after=2025-04-23 00:00:00+00:00
[2025-04-23T16:50:07.091+0700] {processor.py:208} INFO - Processing /home/minhle/mlops/dags/data_pipeline.py took 0.710 seconds
[2025-04-23T16:50:38.426+0700] {processor.py:186} INFO - Started process (PID=389823) to work on /home/minhle/mlops/dags/data_pipeline.py
[2025-04-23T16:50:38.427+0700] {processor.py:914} INFO - Processing file /home/minhle/mlops/dags/data_pipeline.py for tasks to queue
[2025-04-23T16:50:38.428+0700] {logging_mixin.py:190} INFO - [2025-04-23T16:50:38.428+0700] {dagbag.py:588} INFO - Filling up the DagBag from /home/minhle/mlops/dags/data_pipeline.py
[2025-04-23T16:50:39.058+0700] {processor.py:925} INFO - DAG(s) 'data_pipeline_v01' retrieved from /home/minhle/mlops/dags/data_pipeline.py
[2025-04-23T16:50:39.065+0700] {logging_mixin.py:190} INFO - [2025-04-23T16:50:39.065+0700] {dag.py:3239} INFO - Sync 1 DAGs
[2025-04-23T16:50:39.071+0700] {logging_mixin.py:190} INFO - [2025-04-23T16:50:39.071+0700] {dag.py:4180} INFO - Setting next_dagrun for data_pipeline_v01 to 2025-04-22 00:00:00+00:00, run_after=2025-04-23 00:00:00+00:00
[2025-04-23T16:50:39.138+0700] {processor.py:208} INFO - Processing /home/minhle/mlops/dags/data_pipeline.py took 0.717 seconds
[2025-04-23T16:51:10.307+0700] {processor.py:186} INFO - Started process (PID=389903) to work on /home/minhle/mlops/dags/data_pipeline.py
[2025-04-23T16:51:10.308+0700] {processor.py:914} INFO - Processing file /home/minhle/mlops/dags/data_pipeline.py for tasks to queue
[2025-04-23T16:51:10.308+0700] {logging_mixin.py:190} INFO - [2025-04-23T16:51:10.308+0700] {dagbag.py:588} INFO - Filling up the DagBag from /home/minhle/mlops/dags/data_pipeline.py
[2025-04-23T16:51:10.919+0700] {processor.py:925} INFO - DAG(s) 'data_pipeline_v01' retrieved from /home/minhle/mlops/dags/data_pipeline.py
[2025-04-23T16:51:10.926+0700] {logging_mixin.py:190} INFO - [2025-04-23T16:51:10.925+0700] {dag.py:3239} INFO - Sync 1 DAGs
[2025-04-23T16:51:10.932+0700] {logging_mixin.py:190} INFO - [2025-04-23T16:51:10.932+0700] {dag.py:4180} INFO - Setting next_dagrun for data_pipeline_v01 to 2025-04-22 00:00:00+00:00, run_after=2025-04-23 00:00:00+00:00
[2025-04-23T16:51:10.999+0700] {processor.py:208} INFO - Processing /home/minhle/mlops/dags/data_pipeline.py took 0.697 seconds
[2025-04-23T16:51:42.147+0700] {processor.py:186} INFO - Started process (PID=389983) to work on /home/minhle/mlops/dags/data_pipeline.py
[2025-04-23T16:51:42.159+0700] {processor.py:914} INFO - Processing file /home/minhle/mlops/dags/data_pipeline.py for tasks to queue
[2025-04-23T16:51:42.161+0700] {logging_mixin.py:190} INFO - [2025-04-23T16:51:42.161+0700] {dagbag.py:588} INFO - Filling up the DagBag from /home/minhle/mlops/dags/data_pipeline.py
[2025-04-23T16:51:42.788+0700] {processor.py:925} INFO - DAG(s) 'data_pipeline_v01' retrieved from /home/minhle/mlops/dags/data_pipeline.py
[2025-04-23T16:51:42.795+0700] {logging_mixin.py:190} INFO - [2025-04-23T16:51:42.795+0700] {dag.py:3239} INFO - Sync 1 DAGs
[2025-04-23T16:51:42.802+0700] {logging_mixin.py:190} INFO - [2025-04-23T16:51:42.802+0700] {dag.py:4180} INFO - Setting next_dagrun for data_pipeline_v01 to 2025-04-22 00:00:00+00:00, run_after=2025-04-23 00:00:00+00:00
[2025-04-23T16:51:42.896+0700] {processor.py:208} INFO - Processing /home/minhle/mlops/dags/data_pipeline.py took 0.754 seconds
[2025-04-23T16:52:14.070+0700] {processor.py:186} INFO - Started process (PID=390065) to work on /home/minhle/mlops/dags/data_pipeline.py
[2025-04-23T16:52:14.070+0700] {processor.py:914} INFO - Processing file /home/minhle/mlops/dags/data_pipeline.py for tasks to queue
[2025-04-23T16:52:14.071+0700] {logging_mixin.py:190} INFO - [2025-04-23T16:52:14.071+0700] {dagbag.py:588} INFO - Filling up the DagBag from /home/minhle/mlops/dags/data_pipeline.py
[2025-04-23T16:52:14.678+0700] {processor.py:925} INFO - DAG(s) 'data_pipeline_v01' retrieved from /home/minhle/mlops/dags/data_pipeline.py
[2025-04-23T16:52:14.685+0700] {logging_mixin.py:190} INFO - [2025-04-23T16:52:14.685+0700] {dag.py:3239} INFO - Sync 1 DAGs
[2025-04-23T16:52:14.692+0700] {logging_mixin.py:190} INFO - [2025-04-23T16:52:14.692+0700] {dag.py:4180} INFO - Setting next_dagrun for data_pipeline_v01 to 2025-04-22 00:00:00+00:00, run_after=2025-04-23 00:00:00+00:00
[2025-04-23T16:52:14.789+0700] {processor.py:208} INFO - Processing /home/minhle/mlops/dags/data_pipeline.py took 0.723 seconds
[2025-04-23T16:52:45.940+0700] {processor.py:186} INFO - Started process (PID=390145) to work on /home/minhle/mlops/dags/data_pipeline.py
[2025-04-23T16:52:45.941+0700] {processor.py:914} INFO - Processing file /home/minhle/mlops/dags/data_pipeline.py for tasks to queue
[2025-04-23T16:52:45.941+0700] {logging_mixin.py:190} INFO - [2025-04-23T16:52:45.941+0700] {dagbag.py:588} INFO - Filling up the DagBag from /home/minhle/mlops/dags/data_pipeline.py
[2025-04-23T16:52:46.555+0700] {processor.py:925} INFO - DAG(s) 'data_pipeline_v01' retrieved from /home/minhle/mlops/dags/data_pipeline.py
[2025-04-23T16:52:46.562+0700] {logging_mixin.py:190} INFO - [2025-04-23T16:52:46.562+0700] {dag.py:3239} INFO - Sync 1 DAGs
[2025-04-23T16:52:46.569+0700] {logging_mixin.py:190} INFO - [2025-04-23T16:52:46.568+0700] {dag.py:4180} INFO - Setting next_dagrun for data_pipeline_v01 to 2025-04-22 00:00:00+00:00, run_after=2025-04-23 00:00:00+00:00
[2025-04-23T16:52:46.633+0700] {processor.py:208} INFO - Processing /home/minhle/mlops/dags/data_pipeline.py took 0.698 seconds
[2025-04-23T16:53:17.807+0700] {processor.py:186} INFO - Started process (PID=390225) to work on /home/minhle/mlops/dags/data_pipeline.py
[2025-04-23T16:53:17.819+0700] {processor.py:914} INFO - Processing file /home/minhle/mlops/dags/data_pipeline.py for tasks to queue
[2025-04-23T16:53:17.822+0700] {logging_mixin.py:190} INFO - [2025-04-23T16:53:17.821+0700] {dagbag.py:588} INFO - Filling up the DagBag from /home/minhle/mlops/dags/data_pipeline.py
[2025-04-23T16:53:18.446+0700] {processor.py:925} INFO - DAG(s) 'data_pipeline_v01' retrieved from /home/minhle/mlops/dags/data_pipeline.py
[2025-04-23T16:53:18.453+0700] {logging_mixin.py:190} INFO - [2025-04-23T16:53:18.452+0700] {dag.py:3239} INFO - Sync 1 DAGs
[2025-04-23T16:53:18.459+0700] {logging_mixin.py:190} INFO - [2025-04-23T16:53:18.459+0700] {dag.py:4180} INFO - Setting next_dagrun for data_pipeline_v01 to 2025-04-22 00:00:00+00:00, run_after=2025-04-23 00:00:00+00:00
[2025-04-23T16:53:18.525+0700] {processor.py:208} INFO - Processing /home/minhle/mlops/dags/data_pipeline.py took 0.722 seconds
[2025-04-23T16:53:49.742+0700] {processor.py:186} INFO - Started process (PID=390305) to work on /home/minhle/mlops/dags/data_pipeline.py
[2025-04-23T16:53:49.743+0700] {processor.py:914} INFO - Processing file /home/minhle/mlops/dags/data_pipeline.py for tasks to queue
[2025-04-23T16:53:49.743+0700] {logging_mixin.py:190} INFO - [2025-04-23T16:53:49.743+0700] {dagbag.py:588} INFO - Filling up the DagBag from /home/minhle/mlops/dags/data_pipeline.py
[2025-04-23T16:53:50.368+0700] {processor.py:925} INFO - DAG(s) 'data_pipeline_v01' retrieved from /home/minhle/mlops/dags/data_pipeline.py
[2025-04-23T16:53:50.375+0700] {logging_mixin.py:190} INFO - [2025-04-23T16:53:50.374+0700] {dag.py:3239} INFO - Sync 1 DAGs
[2025-04-23T16:53:50.381+0700] {logging_mixin.py:190} INFO - [2025-04-23T16:53:50.381+0700] {dag.py:4180} INFO - Setting next_dagrun for data_pipeline_v01 to 2025-04-22 00:00:00+00:00, run_after=2025-04-23 00:00:00+00:00
[2025-04-23T16:53:50.467+0700] {processor.py:208} INFO - Processing /home/minhle/mlops/dags/data_pipeline.py took 0.730 seconds
[2025-04-23T16:54:21.638+0700] {processor.py:186} INFO - Started process (PID=390413) to work on /home/minhle/mlops/dags/data_pipeline.py
[2025-04-23T16:54:21.647+0700] {processor.py:914} INFO - Processing file /home/minhle/mlops/dags/data_pipeline.py for tasks to queue
[2025-04-23T16:54:21.649+0700] {logging_mixin.py:190} INFO - [2025-04-23T16:54:21.648+0700] {dagbag.py:588} INFO - Filling up the DagBag from /home/minhle/mlops/dags/data_pipeline.py
[2025-04-23T16:54:22.264+0700] {processor.py:925} INFO - DAG(s) 'data_pipeline_v01' retrieved from /home/minhle/mlops/dags/data_pipeline.py
[2025-04-23T16:54:22.271+0700] {logging_mixin.py:190} INFO - [2025-04-23T16:54:22.271+0700] {dag.py:3239} INFO - Sync 1 DAGs
[2025-04-23T16:54:22.277+0700] {logging_mixin.py:190} INFO - [2025-04-23T16:54:22.277+0700] {dag.py:4180} INFO - Setting next_dagrun for data_pipeline_v01 to 2025-04-22 00:00:00+00:00, run_after=2025-04-23 00:00:00+00:00
[2025-04-23T16:54:22.473+0700] {processor.py:208} INFO - Processing /home/minhle/mlops/dags/data_pipeline.py took 0.840 seconds
[2025-04-23T16:54:53.575+0700] {processor.py:186} INFO - Started process (PID=390494) to work on /home/minhle/mlops/dags/data_pipeline.py
[2025-04-23T16:54:53.576+0700] {processor.py:914} INFO - Processing file /home/minhle/mlops/dags/data_pipeline.py for tasks to queue
[2025-04-23T16:54:53.577+0700] {logging_mixin.py:190} INFO - [2025-04-23T16:54:53.577+0700] {dagbag.py:588} INFO - Filling up the DagBag from /home/minhle/mlops/dags/data_pipeline.py
[2025-04-23T16:54:54.211+0700] {processor.py:925} INFO - DAG(s) 'data_pipeline_v01' retrieved from /home/minhle/mlops/dags/data_pipeline.py
[2025-04-23T16:54:54.217+0700] {logging_mixin.py:190} INFO - [2025-04-23T16:54:54.217+0700] {dag.py:3239} INFO - Sync 1 DAGs
[2025-04-23T16:54:54.225+0700] {logging_mixin.py:190} INFO - [2025-04-23T16:54:54.225+0700] {dag.py:4180} INFO - Setting next_dagrun for data_pipeline_v01 to 2025-04-22 00:00:00+00:00, run_after=2025-04-23 00:00:00+00:00
[2025-04-23T16:54:54.299+0700] {processor.py:208} INFO - Processing /home/minhle/mlops/dags/data_pipeline.py took 0.729 seconds
[2025-04-23T16:55:25.501+0700] {processor.py:186} INFO - Started process (PID=390574) to work on /home/minhle/mlops/dags/data_pipeline.py
[2025-04-23T16:55:25.506+0700] {processor.py:914} INFO - Processing file /home/minhle/mlops/dags/data_pipeline.py for tasks to queue
[2025-04-23T16:55:25.508+0700] {logging_mixin.py:190} INFO - [2025-04-23T16:55:25.508+0700] {dagbag.py:588} INFO - Filling up the DagBag from /home/minhle/mlops/dags/data_pipeline.py
[2025-04-23T16:55:26.124+0700] {processor.py:925} INFO - DAG(s) 'data_pipeline_v01' retrieved from /home/minhle/mlops/dags/data_pipeline.py
[2025-04-23T16:55:26.130+0700] {logging_mixin.py:190} INFO - [2025-04-23T16:55:26.130+0700] {dag.py:3239} INFO - Sync 1 DAGs
[2025-04-23T16:55:26.138+0700] {logging_mixin.py:190} INFO - [2025-04-23T16:55:26.137+0700] {dag.py:4180} INFO - Setting next_dagrun for data_pipeline_v01 to 2025-04-22 00:00:00+00:00, run_after=2025-04-23 00:00:00+00:00
[2025-04-23T16:55:26.255+0700] {processor.py:208} INFO - Processing /home/minhle/mlops/dags/data_pipeline.py took 0.760 seconds
[2025-04-23T16:55:57.849+0700] {processor.py:186} INFO - Started process (PID=390656) to work on /home/minhle/mlops/dags/data_pipeline.py
[2025-04-23T16:55:57.849+0700] {processor.py:914} INFO - Processing file /home/minhle/mlops/dags/data_pipeline.py for tasks to queue
[2025-04-23T16:55:57.850+0700] {logging_mixin.py:190} INFO - [2025-04-23T16:55:57.850+0700] {dagbag.py:588} INFO - Filling up the DagBag from /home/minhle/mlops/dags/data_pipeline.py
[2025-04-23T16:55:58.459+0700] {processor.py:925} INFO - DAG(s) 'data_pipeline_v01' retrieved from /home/minhle/mlops/dags/data_pipeline.py
[2025-04-23T16:55:58.466+0700] {logging_mixin.py:190} INFO - [2025-04-23T16:55:58.466+0700] {dag.py:3239} INFO - Sync 1 DAGs
[2025-04-23T16:55:58.473+0700] {logging_mixin.py:190} INFO - [2025-04-23T16:55:58.473+0700] {dag.py:4180} INFO - Setting next_dagrun for data_pipeline_v01 to 2025-04-22 00:00:00+00:00, run_after=2025-04-23 00:00:00+00:00
[2025-04-23T16:55:58.538+0700] {processor.py:208} INFO - Processing /home/minhle/mlops/dags/data_pipeline.py took 0.695 seconds
[2025-04-23T16:56:29.791+0700] {processor.py:186} INFO - Started process (PID=390737) to work on /home/minhle/mlops/dags/data_pipeline.py
[2025-04-23T16:56:29.796+0700] {processor.py:914} INFO - Processing file /home/minhle/mlops/dags/data_pipeline.py for tasks to queue
[2025-04-23T16:56:29.799+0700] {logging_mixin.py:190} INFO - [2025-04-23T16:56:29.798+0700] {dagbag.py:588} INFO - Filling up the DagBag from /home/minhle/mlops/dags/data_pipeline.py
[2025-04-23T16:56:30.416+0700] {processor.py:925} INFO - DAG(s) 'data_pipeline_v01' retrieved from /home/minhle/mlops/dags/data_pipeline.py
[2025-04-23T16:56:30.423+0700] {logging_mixin.py:190} INFO - [2025-04-23T16:56:30.423+0700] {dag.py:3239} INFO - Sync 1 DAGs
[2025-04-23T16:56:30.430+0700] {logging_mixin.py:190} INFO - [2025-04-23T16:56:30.429+0700] {dag.py:4180} INFO - Setting next_dagrun for data_pipeline_v01 to 2025-04-22 00:00:00+00:00, run_after=2025-04-23 00:00:00+00:00
[2025-04-23T16:56:30.513+0700] {processor.py:208} INFO - Processing /home/minhle/mlops/dags/data_pipeline.py took 0.730 seconds
[2025-04-23T16:57:01.721+0700] {processor.py:186} INFO - Started process (PID=390817) to work on /home/minhle/mlops/dags/data_pipeline.py
[2025-04-23T16:57:01.722+0700] {processor.py:914} INFO - Processing file /home/minhle/mlops/dags/data_pipeline.py for tasks to queue
[2025-04-23T16:57:01.723+0700] {logging_mixin.py:190} INFO - [2025-04-23T16:57:01.723+0700] {dagbag.py:588} INFO - Filling up the DagBag from /home/minhle/mlops/dags/data_pipeline.py
[2025-04-23T16:57:02.344+0700] {processor.py:925} INFO - DAG(s) 'data_pipeline_v01' retrieved from /home/minhle/mlops/dags/data_pipeline.py
[2025-04-23T16:57:02.351+0700] {logging_mixin.py:190} INFO - [2025-04-23T16:57:02.351+0700] {dag.py:3239} INFO - Sync 1 DAGs
[2025-04-23T16:57:02.358+0700] {logging_mixin.py:190} INFO - [2025-04-23T16:57:02.357+0700] {dag.py:4180} INFO - Setting next_dagrun for data_pipeline_v01 to 2025-04-22 00:00:00+00:00, run_after=2025-04-23 00:00:00+00:00
[2025-04-23T16:57:02.423+0700] {processor.py:208} INFO - Processing /home/minhle/mlops/dags/data_pipeline.py took 0.707 seconds
[2025-04-23T16:57:33.585+0700] {processor.py:186} INFO - Started process (PID=390897) to work on /home/minhle/mlops/dags/data_pipeline.py
[2025-04-23T16:57:33.589+0700] {processor.py:914} INFO - Processing file /home/minhle/mlops/dags/data_pipeline.py for tasks to queue
[2025-04-23T16:57:33.591+0700] {logging_mixin.py:190} INFO - [2025-04-23T16:57:33.590+0700] {dagbag.py:588} INFO - Filling up the DagBag from /home/minhle/mlops/dags/data_pipeline.py
[2025-04-23T16:57:34.206+0700] {processor.py:925} INFO - DAG(s) 'data_pipeline_v01' retrieved from /home/minhle/mlops/dags/data_pipeline.py
[2025-04-23T16:57:34.213+0700] {logging_mixin.py:190} INFO - [2025-04-23T16:57:34.213+0700] {dag.py:3239} INFO - Sync 1 DAGs
[2025-04-23T16:57:34.219+0700] {logging_mixin.py:190} INFO - [2025-04-23T16:57:34.219+0700] {dag.py:4180} INFO - Setting next_dagrun for data_pipeline_v01 to 2025-04-22 00:00:00+00:00, run_after=2025-04-23 00:00:00+00:00
[2025-04-23T16:57:34.301+0700] {processor.py:208} INFO - Processing /home/minhle/mlops/dags/data_pipeline.py took 0.721 seconds
[2025-04-23T16:58:05.416+0700] {processor.py:186} INFO - Started process (PID=390978) to work on /home/minhle/mlops/dags/data_pipeline.py
[2025-04-23T16:58:05.418+0700] {processor.py:914} INFO - Processing file /home/minhle/mlops/dags/data_pipeline.py for tasks to queue
[2025-04-23T16:58:05.419+0700] {logging_mixin.py:190} INFO - [2025-04-23T16:58:05.419+0700] {dagbag.py:588} INFO - Filling up the DagBag from /home/minhle/mlops/dags/data_pipeline.py
[2025-04-23T16:58:06.034+0700] {processor.py:925} INFO - DAG(s) 'data_pipeline_v01' retrieved from /home/minhle/mlops/dags/data_pipeline.py
[2025-04-23T16:58:06.040+0700] {logging_mixin.py:190} INFO - [2025-04-23T16:58:06.040+0700] {dag.py:3239} INFO - Sync 1 DAGs
[2025-04-23T16:58:06.048+0700] {logging_mixin.py:190} INFO - [2025-04-23T16:58:06.047+0700] {dag.py:4180} INFO - Setting next_dagrun for data_pipeline_v01 to 2025-04-22 00:00:00+00:00, run_after=2025-04-23 00:00:00+00:00
[2025-04-23T16:58:06.142+0700] {processor.py:208} INFO - Processing /home/minhle/mlops/dags/data_pipeline.py took 0.733 seconds
[2025-04-23T16:58:37.376+0700] {processor.py:186} INFO - Started process (PID=391060) to work on /home/minhle/mlops/dags/data_pipeline.py
[2025-04-23T16:58:37.380+0700] {processor.py:914} INFO - Processing file /home/minhle/mlops/dags/data_pipeline.py for tasks to queue
[2025-04-23T16:58:37.382+0700] {logging_mixin.py:190} INFO - [2025-04-23T16:58:37.381+0700] {dagbag.py:588} INFO - Filling up the DagBag from /home/minhle/mlops/dags/data_pipeline.py
[2025-04-23T16:58:37.996+0700] {processor.py:925} INFO - DAG(s) 'data_pipeline_v01' retrieved from /home/minhle/mlops/dags/data_pipeline.py
[2025-04-23T16:58:38.003+0700] {logging_mixin.py:190} INFO - [2025-04-23T16:58:38.003+0700] {dag.py:3239} INFO - Sync 1 DAGs
[2025-04-23T16:58:38.010+0700] {logging_mixin.py:190} INFO - [2025-04-23T16:58:38.010+0700] {dag.py:4180} INFO - Setting next_dagrun for data_pipeline_v01 to 2025-04-22 00:00:00+00:00, run_after=2025-04-23 00:00:00+00:00
[2025-04-23T16:58:38.115+0700] {processor.py:208} INFO - Processing /home/minhle/mlops/dags/data_pipeline.py took 0.744 seconds
[2025-04-23T16:59:09.327+0700] {processor.py:186} INFO - Started process (PID=391168) to work on /home/minhle/mlops/dags/data_pipeline.py
[2025-04-23T16:59:09.327+0700] {processor.py:914} INFO - Processing file /home/minhle/mlops/dags/data_pipeline.py for tasks to queue
[2025-04-23T16:59:09.327+0700] {logging_mixin.py:190} INFO - [2025-04-23T16:59:09.327+0700] {dagbag.py:588} INFO - Filling up the DagBag from /home/minhle/mlops/dags/data_pipeline.py
[2025-04-23T16:59:09.932+0700] {processor.py:925} INFO - DAG(s) 'data_pipeline_v01' retrieved from /home/minhle/mlops/dags/data_pipeline.py
[2025-04-23T16:59:09.939+0700] {logging_mixin.py:190} INFO - [2025-04-23T16:59:09.939+0700] {dag.py:3239} INFO - Sync 1 DAGs
[2025-04-23T16:59:09.946+0700] {logging_mixin.py:190} INFO - [2025-04-23T16:59:09.946+0700] {dag.py:4180} INFO - Setting next_dagrun for data_pipeline_v01 to 2025-04-22 00:00:00+00:00, run_after=2025-04-23 00:00:00+00:00
[2025-04-23T16:59:10.045+0700] {processor.py:208} INFO - Processing /home/minhle/mlops/dags/data_pipeline.py took 0.721 seconds
[2025-04-23T16:59:41.280+0700] {processor.py:186} INFO - Started process (PID=391248) to work on /home/minhle/mlops/dags/data_pipeline.py
[2025-04-23T16:59:41.294+0700] {processor.py:914} INFO - Processing file /home/minhle/mlops/dags/data_pipeline.py for tasks to queue
[2025-04-23T16:59:41.297+0700] {logging_mixin.py:190} INFO - [2025-04-23T16:59:41.296+0700] {dagbag.py:588} INFO - Filling up the DagBag from /home/minhle/mlops/dags/data_pipeline.py
[2025-04-23T16:59:41.917+0700] {processor.py:925} INFO - DAG(s) 'data_pipeline_v01' retrieved from /home/minhle/mlops/dags/data_pipeline.py
[2025-04-23T16:59:41.925+0700] {logging_mixin.py:190} INFO - [2025-04-23T16:59:41.925+0700] {dag.py:3239} INFO - Sync 1 DAGs
[2025-04-23T16:59:41.932+0700] {logging_mixin.py:190} INFO - [2025-04-23T16:59:41.932+0700] {dag.py:4180} INFO - Setting next_dagrun for data_pipeline_v01 to 2025-04-22 00:00:00+00:00, run_after=2025-04-23 00:00:00+00:00
[2025-04-23T16:59:42.056+0700] {processor.py:208} INFO - Processing /home/minhle/mlops/dags/data_pipeline.py took 0.782 seconds
[2025-04-23T17:00:13.242+0700] {processor.py:186} INFO - Started process (PID=391329) to work on /home/minhle/mlops/dags/data_pipeline.py
[2025-04-23T17:00:13.242+0700] {processor.py:914} INFO - Processing file /home/minhle/mlops/dags/data_pipeline.py for tasks to queue
[2025-04-23T17:00:13.243+0700] {logging_mixin.py:190} INFO - [2025-04-23T17:00:13.242+0700] {dagbag.py:588} INFO - Filling up the DagBag from /home/minhle/mlops/dags/data_pipeline.py
[2025-04-23T17:00:13.851+0700] {processor.py:925} INFO - DAG(s) 'data_pipeline_v01' retrieved from /home/minhle/mlops/dags/data_pipeline.py
[2025-04-23T17:00:13.858+0700] {logging_mixin.py:190} INFO - [2025-04-23T17:00:13.857+0700] {dag.py:3239} INFO - Sync 1 DAGs
[2025-04-23T17:00:13.864+0700] {logging_mixin.py:190} INFO - [2025-04-23T17:00:13.864+0700] {dag.py:4180} INFO - Setting next_dagrun for data_pipeline_v01 to 2025-04-22 00:00:00+00:00, run_after=2025-04-23 00:00:00+00:00
[2025-04-23T17:00:14.131+0700] {processor.py:208} INFO - Processing /home/minhle/mlops/dags/data_pipeline.py took 0.896 seconds
[2025-04-23T17:00:45.404+0700] {processor.py:186} INFO - Started process (PID=391410) to work on /home/minhle/mlops/dags/data_pipeline.py
[2025-04-23T17:00:45.417+0700] {processor.py:914} INFO - Processing file /home/minhle/mlops/dags/data_pipeline.py for tasks to queue
[2025-04-23T17:00:45.420+0700] {logging_mixin.py:190} INFO - [2025-04-23T17:00:45.419+0700] {dagbag.py:588} INFO - Filling up the DagBag from /home/minhle/mlops/dags/data_pipeline.py
[2025-04-23T17:00:46.039+0700] {processor.py:925} INFO - DAG(s) 'data_pipeline_v01' retrieved from /home/minhle/mlops/dags/data_pipeline.py
[2025-04-23T17:00:46.045+0700] {logging_mixin.py:190} INFO - [2025-04-23T17:00:46.045+0700] {dag.py:3239} INFO - Sync 1 DAGs
[2025-04-23T17:00:46.052+0700] {logging_mixin.py:190} INFO - [2025-04-23T17:00:46.052+0700] {dag.py:4180} INFO - Setting next_dagrun for data_pipeline_v01 to 2025-04-22 00:00:00+00:00, run_after=2025-04-23 00:00:00+00:00
[2025-04-23T17:00:46.106+0700] {processor.py:208} INFO - Processing /home/minhle/mlops/dags/data_pipeline.py took 0.706 seconds
[2025-04-23T17:01:16.904+0700] {processor.py:186} INFO - Started process (PID=391490) to work on /home/minhle/mlops/dags/data_pipeline.py
[2025-04-23T17:01:16.905+0700] {processor.py:914} INFO - Processing file /home/minhle/mlops/dags/data_pipeline.py for tasks to queue
[2025-04-23T17:01:16.905+0700] {logging_mixin.py:190} INFO - [2025-04-23T17:01:16.905+0700] {dagbag.py:588} INFO - Filling up the DagBag from /home/minhle/mlops/dags/data_pipeline.py
[2025-04-23T17:01:17.516+0700] {processor.py:925} INFO - DAG(s) 'data_pipeline_v01' retrieved from /home/minhle/mlops/dags/data_pipeline.py
[2025-04-23T17:01:17.523+0700] {logging_mixin.py:190} INFO - [2025-04-23T17:01:17.523+0700] {dag.py:3239} INFO - Sync 1 DAGs
[2025-04-23T17:01:17.530+0700] {logging_mixin.py:190} INFO - [2025-04-23T17:01:17.530+0700] {dag.py:4180} INFO - Setting next_dagrun for data_pipeline_v01 to 2025-04-22 00:00:00+00:00, run_after=2025-04-23 00:00:00+00:00
[2025-04-23T17:01:17.603+0700] {processor.py:208} INFO - Processing /home/minhle/mlops/dags/data_pipeline.py took 0.705 seconds
[2025-04-23T17:01:48.767+0700] {processor.py:186} INFO - Started process (PID=391570) to work on /home/minhle/mlops/dags/data_pipeline.py
[2025-04-23T17:01:48.768+0700] {processor.py:914} INFO - Processing file /home/minhle/mlops/dags/data_pipeline.py for tasks to queue
[2025-04-23T17:01:48.768+0700] {logging_mixin.py:190} INFO - [2025-04-23T17:01:48.768+0700] {dagbag.py:588} INFO - Filling up the DagBag from /home/minhle/mlops/dags/data_pipeline.py
[2025-04-23T17:01:49.373+0700] {processor.py:925} INFO - DAG(s) 'data_pipeline_v01' retrieved from /home/minhle/mlops/dags/data_pipeline.py
[2025-04-23T17:01:49.380+0700] {logging_mixin.py:190} INFO - [2025-04-23T17:01:49.380+0700] {dag.py:3239} INFO - Sync 1 DAGs
[2025-04-23T17:01:49.387+0700] {logging_mixin.py:190} INFO - [2025-04-23T17:01:49.387+0700] {dag.py:4180} INFO - Setting next_dagrun for data_pipeline_v01 to 2025-04-22 00:00:00+00:00, run_after=2025-04-23 00:00:00+00:00
[2025-04-23T17:01:49.523+0700] {processor.py:208} INFO - Processing /home/minhle/mlops/dags/data_pipeline.py took 0.763 seconds
[2025-04-23T17:02:20.709+0700] {processor.py:186} INFO - Started process (PID=391651) to work on /home/minhle/mlops/dags/data_pipeline.py
[2025-04-23T17:02:20.710+0700] {processor.py:914} INFO - Processing file /home/minhle/mlops/dags/data_pipeline.py for tasks to queue
[2025-04-23T17:02:20.711+0700] {logging_mixin.py:190} INFO - [2025-04-23T17:02:20.711+0700] {dagbag.py:588} INFO - Filling up the DagBag from /home/minhle/mlops/dags/data_pipeline.py
[2025-04-23T17:02:21.320+0700] {processor.py:925} INFO - DAG(s) 'data_pipeline_v01' retrieved from /home/minhle/mlops/dags/data_pipeline.py
[2025-04-23T17:02:21.328+0700] {logging_mixin.py:190} INFO - [2025-04-23T17:02:21.328+0700] {dag.py:3239} INFO - Sync 1 DAGs
[2025-04-23T17:02:21.334+0700] {logging_mixin.py:190} INFO - [2025-04-23T17:02:21.334+0700] {dag.py:4180} INFO - Setting next_dagrun for data_pipeline_v01 to 2025-04-22 00:00:00+00:00, run_after=2025-04-23 00:00:00+00:00
[2025-04-23T17:02:21.395+0700] {processor.py:208} INFO - Processing /home/minhle/mlops/dags/data_pipeline.py took 0.690 seconds
[2025-04-23T17:02:52.638+0700] {processor.py:186} INFO - Started process (PID=391731) to work on /home/minhle/mlops/dags/data_pipeline.py
[2025-04-23T17:02:52.638+0700] {processor.py:914} INFO - Processing file /home/minhle/mlops/dags/data_pipeline.py for tasks to queue
[2025-04-23T17:02:52.639+0700] {logging_mixin.py:190} INFO - [2025-04-23T17:02:52.639+0700] {dagbag.py:588} INFO - Filling up the DagBag from /home/minhle/mlops/dags/data_pipeline.py
[2025-04-23T17:02:53.248+0700] {processor.py:925} INFO - DAG(s) 'data_pipeline_v01' retrieved from /home/minhle/mlops/dags/data_pipeline.py
[2025-04-23T17:02:53.256+0700] {logging_mixin.py:190} INFO - [2025-04-23T17:02:53.255+0700] {dag.py:3239} INFO - Sync 1 DAGs
[2025-04-23T17:02:53.262+0700] {logging_mixin.py:190} INFO - [2025-04-23T17:02:53.262+0700] {dag.py:4180} INFO - Setting next_dagrun for data_pipeline_v01 to 2025-04-22 00:00:00+00:00, run_after=2025-04-23 00:00:00+00:00
[2025-04-23T17:02:53.555+0700] {processor.py:208} INFO - Processing /home/minhle/mlops/dags/data_pipeline.py took 0.923 seconds
[2025-04-23T17:03:24.584+0700] {processor.py:186} INFO - Started process (PID=391811) to work on /home/minhle/mlops/dags/data_pipeline.py
[2025-04-23T17:03:24.596+0700] {processor.py:914} INFO - Processing file /home/minhle/mlops/dags/data_pipeline.py for tasks to queue
[2025-04-23T17:03:24.599+0700] {logging_mixin.py:190} INFO - [2025-04-23T17:03:24.598+0700] {dagbag.py:588} INFO - Filling up the DagBag from /home/minhle/mlops/dags/data_pipeline.py
[2025-04-23T17:03:25.218+0700] {processor.py:925} INFO - DAG(s) 'data_pipeline_v01' retrieved from /home/minhle/mlops/dags/data_pipeline.py
[2025-04-23T17:03:25.225+0700] {logging_mixin.py:190} INFO - [2025-04-23T17:03:25.225+0700] {dag.py:3239} INFO - Sync 1 DAGs
[2025-04-23T17:03:25.232+0700] {logging_mixin.py:190} INFO - [2025-04-23T17:03:25.231+0700] {dag.py:4180} INFO - Setting next_dagrun for data_pipeline_v01 to 2025-04-22 00:00:00+00:00, run_after=2025-04-23 00:00:00+00:00
[2025-04-23T17:03:25.296+0700] {processor.py:208} INFO - Processing /home/minhle/mlops/dags/data_pipeline.py took 0.719 seconds
[2025-04-23T17:03:56.558+0700] {processor.py:186} INFO - Started process (PID=391891) to work on /home/minhle/mlops/dags/data_pipeline.py
[2025-04-23T17:03:56.559+0700] {processor.py:914} INFO - Processing file /home/minhle/mlops/dags/data_pipeline.py for tasks to queue
[2025-04-23T17:03:56.560+0700] {logging_mixin.py:190} INFO - [2025-04-23T17:03:56.559+0700] {dagbag.py:588} INFO - Filling up the DagBag from /home/minhle/mlops/dags/data_pipeline.py
[2025-04-23T17:03:57.173+0700] {processor.py:925} INFO - DAG(s) 'data_pipeline_v01' retrieved from /home/minhle/mlops/dags/data_pipeline.py
[2025-04-23T17:03:57.180+0700] {logging_mixin.py:190} INFO - [2025-04-23T17:03:57.180+0700] {dag.py:3239} INFO - Sync 1 DAGs
[2025-04-23T17:03:57.187+0700] {logging_mixin.py:190} INFO - [2025-04-23T17:03:57.187+0700] {dag.py:4180} INFO - Setting next_dagrun for data_pipeline_v01 to 2025-04-22 00:00:00+00:00, run_after=2025-04-23 00:00:00+00:00
[2025-04-23T17:03:57.293+0700] {processor.py:208} INFO - Processing /home/minhle/mlops/dags/data_pipeline.py took 0.741 seconds
[2025-04-23T17:04:28.511+0700] {processor.py:186} INFO - Started process (PID=391999) to work on /home/minhle/mlops/dags/data_pipeline.py
[2025-04-23T17:04:28.512+0700] {processor.py:914} INFO - Processing file /home/minhle/mlops/dags/data_pipeline.py for tasks to queue
[2025-04-23T17:04:28.513+0700] {logging_mixin.py:190} INFO - [2025-04-23T17:04:28.512+0700] {dagbag.py:588} INFO - Filling up the DagBag from /home/minhle/mlops/dags/data_pipeline.py
[2025-04-23T17:04:29.135+0700] {processor.py:925} INFO - DAG(s) 'data_pipeline_v01' retrieved from /home/minhle/mlops/dags/data_pipeline.py
[2025-04-23T17:04:29.141+0700] {logging_mixin.py:190} INFO - [2025-04-23T17:04:29.141+0700] {dag.py:3239} INFO - Sync 1 DAGs
[2025-04-23T17:04:29.148+0700] {logging_mixin.py:190} INFO - [2025-04-23T17:04:29.148+0700] {dag.py:4180} INFO - Setting next_dagrun for data_pipeline_v01 to 2025-04-22 00:00:00+00:00, run_after=2025-04-23 00:00:00+00:00
[2025-04-23T17:04:29.206+0700] {processor.py:208} INFO - Processing /home/minhle/mlops/dags/data_pipeline.py took 0.700 seconds
[2025-04-23T17:05:00.480+0700] {processor.py:186} INFO - Started process (PID=392079) to work on /home/minhle/mlops/dags/data_pipeline.py
[2025-04-23T17:05:00.481+0700] {processor.py:914} INFO - Processing file /home/minhle/mlops/dags/data_pipeline.py for tasks to queue
[2025-04-23T17:05:00.482+0700] {logging_mixin.py:190} INFO - [2025-04-23T17:05:00.481+0700] {dagbag.py:588} INFO - Filling up the DagBag from /home/minhle/mlops/dags/data_pipeline.py
[2025-04-23T17:05:01.107+0700] {processor.py:925} INFO - DAG(s) 'data_pipeline_v01' retrieved from /home/minhle/mlops/dags/data_pipeline.py
[2025-04-23T17:05:01.114+0700] {logging_mixin.py:190} INFO - [2025-04-23T17:05:01.114+0700] {dag.py:3239} INFO - Sync 1 DAGs
[2025-04-23T17:05:01.121+0700] {logging_mixin.py:190} INFO - [2025-04-23T17:05:01.121+0700] {dag.py:4180} INFO - Setting next_dagrun for data_pipeline_v01 to 2025-04-22 00:00:00+00:00, run_after=2025-04-23 00:00:00+00:00
[2025-04-23T17:05:01.228+0700] {processor.py:208} INFO - Processing /home/minhle/mlops/dags/data_pipeline.py took 0.753 seconds
[2025-04-23T17:05:32.460+0700] {processor.py:186} INFO - Started process (PID=392159) to work on /home/minhle/mlops/dags/data_pipeline.py
[2025-04-23T17:05:32.469+0700] {processor.py:914} INFO - Processing file /home/minhle/mlops/dags/data_pipeline.py for tasks to queue
[2025-04-23T17:05:32.472+0700] {logging_mixin.py:190} INFO - [2025-04-23T17:05:32.471+0700] {dagbag.py:588} INFO - Filling up the DagBag from /home/minhle/mlops/dags/data_pipeline.py
[2025-04-23T17:05:33.087+0700] {processor.py:925} INFO - DAG(s) 'data_pipeline_v01' retrieved from /home/minhle/mlops/dags/data_pipeline.py
[2025-04-23T17:05:33.094+0700] {logging_mixin.py:190} INFO - [2025-04-23T17:05:33.094+0700] {dag.py:3239} INFO - Sync 1 DAGs
[2025-04-23T17:05:33.101+0700] {logging_mixin.py:190} INFO - [2025-04-23T17:05:33.101+0700] {dag.py:4180} INFO - Setting next_dagrun for data_pipeline_v01 to 2025-04-22 00:00:00+00:00, run_after=2025-04-23 00:00:00+00:00
[2025-04-23T17:05:33.198+0700] {processor.py:208} INFO - Processing /home/minhle/mlops/dags/data_pipeline.py took 0.747 seconds
[2025-04-23T17:06:04.430+0700] {processor.py:186} INFO - Started process (PID=392240) to work on /home/minhle/mlops/dags/data_pipeline.py
[2025-04-23T17:06:04.431+0700] {processor.py:914} INFO - Processing file /home/minhle/mlops/dags/data_pipeline.py for tasks to queue
[2025-04-23T17:06:04.433+0700] {logging_mixin.py:190} INFO - [2025-04-23T17:06:04.432+0700] {dagbag.py:588} INFO - Filling up the DagBag from /home/minhle/mlops/dags/data_pipeline.py
[2025-04-23T17:06:05.062+0700] {processor.py:925} INFO - DAG(s) 'data_pipeline_v01' retrieved from /home/minhle/mlops/dags/data_pipeline.py
[2025-04-23T17:06:05.069+0700] {logging_mixin.py:190} INFO - [2025-04-23T17:06:05.069+0700] {dag.py:3239} INFO - Sync 1 DAGs
[2025-04-23T17:06:05.075+0700] {logging_mixin.py:190} INFO - [2025-04-23T17:06:05.075+0700] {dag.py:4180} INFO - Setting next_dagrun for data_pipeline_v01 to 2025-04-22 00:00:00+00:00, run_after=2025-04-23 00:00:00+00:00
[2025-04-23T17:06:05.144+0700] {processor.py:208} INFO - Processing /home/minhle/mlops/dags/data_pipeline.py took 0.721 seconds
[2025-04-23T17:06:36.439+0700] {processor.py:186} INFO - Started process (PID=392322) to work on /home/minhle/mlops/dags/data_pipeline.py
[2025-04-23T17:06:36.440+0700] {processor.py:914} INFO - Processing file /home/minhle/mlops/dags/data_pipeline.py for tasks to queue
[2025-04-23T17:06:36.441+0700] {logging_mixin.py:190} INFO - [2025-04-23T17:06:36.441+0700] {dagbag.py:588} INFO - Filling up the DagBag from /home/minhle/mlops/dags/data_pipeline.py
[2025-04-23T17:06:37.051+0700] {processor.py:925} INFO - DAG(s) 'data_pipeline_v01' retrieved from /home/minhle/mlops/dags/data_pipeline.py
[2025-04-23T17:06:37.058+0700] {logging_mixin.py:190} INFO - [2025-04-23T17:06:37.058+0700] {dag.py:3239} INFO - Sync 1 DAGs
[2025-04-23T17:06:37.064+0700] {logging_mixin.py:190} INFO - [2025-04-23T17:06:37.064+0700] {dag.py:4180} INFO - Setting next_dagrun for data_pipeline_v01 to 2025-04-22 00:00:00+00:00, run_after=2025-04-23 00:00:00+00:00
[2025-04-23T17:06:37.131+0700] {processor.py:208} INFO - Processing /home/minhle/mlops/dags/data_pipeline.py took 0.697 seconds
[2025-04-23T17:07:08.384+0700] {processor.py:186} INFO - Started process (PID=392404) to work on /home/minhle/mlops/dags/data_pipeline.py
[2025-04-23T17:07:08.384+0700] {processor.py:914} INFO - Processing file /home/minhle/mlops/dags/data_pipeline.py for tasks to queue
[2025-04-23T17:07:08.385+0700] {logging_mixin.py:190} INFO - [2025-04-23T17:07:08.385+0700] {dagbag.py:588} INFO - Filling up the DagBag from /home/minhle/mlops/dags/data_pipeline.py
[2025-04-23T17:07:09.023+0700] {processor.py:925} INFO - DAG(s) 'data_pipeline_v01' retrieved from /home/minhle/mlops/dags/data_pipeline.py
[2025-04-23T17:07:09.030+0700] {logging_mixin.py:190} INFO - [2025-04-23T17:07:09.029+0700] {dag.py:3239} INFO - Sync 1 DAGs
[2025-04-23T17:07:09.036+0700] {logging_mixin.py:190} INFO - [2025-04-23T17:07:09.036+0700] {dag.py:4180} INFO - Setting next_dagrun for data_pipeline_v01 to 2025-04-22 00:00:00+00:00, run_after=2025-04-23 00:00:00+00:00
[2025-04-23T17:07:09.102+0700] {processor.py:208} INFO - Processing /home/minhle/mlops/dags/data_pipeline.py took 0.722 seconds
[2025-04-23T17:07:40.330+0700] {processor.py:186} INFO - Started process (PID=392484) to work on /home/minhle/mlops/dags/data_pipeline.py
[2025-04-23T17:07:40.336+0700] {processor.py:914} INFO - Processing file /home/minhle/mlops/dags/data_pipeline.py for tasks to queue
[2025-04-23T17:07:40.338+0700] {logging_mixin.py:190} INFO - [2025-04-23T17:07:40.338+0700] {dagbag.py:588} INFO - Filling up the DagBag from /home/minhle/mlops/dags/data_pipeline.py
[2025-04-23T17:07:40.946+0700] {processor.py:925} INFO - DAG(s) 'data_pipeline_v01' retrieved from /home/minhle/mlops/dags/data_pipeline.py
[2025-04-23T17:07:40.953+0700] {logging_mixin.py:190} INFO - [2025-04-23T17:07:40.953+0700] {dag.py:3239} INFO - Sync 1 DAGs
[2025-04-23T17:07:40.960+0700] {logging_mixin.py:190} INFO - [2025-04-23T17:07:40.960+0700] {dag.py:4180} INFO - Setting next_dagrun for data_pipeline_v01 to 2025-04-22 00:00:00+00:00, run_after=2025-04-23 00:00:00+00:00
[2025-04-23T17:07:41.063+0700] {processor.py:208} INFO - Processing /home/minhle/mlops/dags/data_pipeline.py took 0.738 seconds
[2025-04-23T17:08:12.261+0700] {processor.py:186} INFO - Started process (PID=392598) to work on /home/minhle/mlops/dags/data_pipeline.py
[2025-04-23T17:08:12.263+0700] {processor.py:914} INFO - Processing file /home/minhle/mlops/dags/data_pipeline.py for tasks to queue
[2025-04-23T17:08:12.264+0700] {logging_mixin.py:190} INFO - [2025-04-23T17:08:12.264+0700] {dagbag.py:588} INFO - Filling up the DagBag from /home/minhle/mlops/dags/data_pipeline.py
[2025-04-23T17:08:12.881+0700] {processor.py:925} INFO - DAG(s) 'data_pipeline_v01' retrieved from /home/minhle/mlops/dags/data_pipeline.py
[2025-04-23T17:08:12.888+0700] {logging_mixin.py:190} INFO - [2025-04-23T17:08:12.888+0700] {dag.py:3239} INFO - Sync 1 DAGs
[2025-04-23T17:08:12.895+0700] {logging_mixin.py:190} INFO - [2025-04-23T17:08:12.895+0700] {dag.py:4180} INFO - Setting next_dagrun for data_pipeline_v01 to 2025-04-22 00:00:00+00:00, run_after=2025-04-23 00:00:00+00:00
[2025-04-23T17:08:12.969+0700] {processor.py:208} INFO - Processing /home/minhle/mlops/dags/data_pipeline.py took 0.718 seconds
[2025-04-23T17:08:44.226+0700] {processor.py:186} INFO - Started process (PID=392709) to work on /home/minhle/mlops/dags/data_pipeline.py
[2025-04-23T17:08:44.228+0700] {processor.py:914} INFO - Processing file /home/minhle/mlops/dags/data_pipeline.py for tasks to queue
[2025-04-23T17:08:44.230+0700] {logging_mixin.py:190} INFO - [2025-04-23T17:08:44.229+0700] {dagbag.py:588} INFO - Filling up the DagBag from /home/minhle/mlops/dags/data_pipeline.py
[2025-04-23T17:08:44.856+0700] {processor.py:925} INFO - DAG(s) 'data_pipeline_v01' retrieved from /home/minhle/mlops/dags/data_pipeline.py
[2025-04-23T17:08:44.863+0700] {logging_mixin.py:190} INFO - [2025-04-23T17:08:44.863+0700] {dag.py:3239} INFO - Sync 1 DAGs
[2025-04-23T17:08:44.870+0700] {logging_mixin.py:190} INFO - [2025-04-23T17:08:44.870+0700] {dag.py:4180} INFO - Setting next_dagrun for data_pipeline_v01 to 2025-04-22 00:00:00+00:00, run_after=2025-04-23 00:00:00+00:00
[2025-04-23T17:08:44.932+0700] {processor.py:208} INFO - Processing /home/minhle/mlops/dags/data_pipeline.py took 0.717 seconds
[2025-04-23T17:09:16.221+0700] {processor.py:186} INFO - Started process (PID=392816) to work on /home/minhle/mlops/dags/data_pipeline.py
[2025-04-23T17:09:16.221+0700] {processor.py:914} INFO - Processing file /home/minhle/mlops/dags/data_pipeline.py for tasks to queue
[2025-04-23T17:09:16.222+0700] {logging_mixin.py:190} INFO - [2025-04-23T17:09:16.222+0700] {dagbag.py:588} INFO - Filling up the DagBag from /home/minhle/mlops/dags/data_pipeline.py
[2025-04-23T17:09:16.834+0700] {processor.py:925} INFO - DAG(s) 'data_pipeline_v01' retrieved from /home/minhle/mlops/dags/data_pipeline.py
[2025-04-23T17:09:16.841+0700] {logging_mixin.py:190} INFO - [2025-04-23T17:09:16.841+0700] {dag.py:3239} INFO - Sync 1 DAGs
[2025-04-23T17:09:16.848+0700] {logging_mixin.py:190} INFO - [2025-04-23T17:09:16.848+0700] {dag.py:4180} INFO - Setting next_dagrun for data_pipeline_v01 to 2025-04-22 00:00:00+00:00, run_after=2025-04-23 00:00:00+00:00
[2025-04-23T17:09:16.916+0700] {processor.py:208} INFO - Processing /home/minhle/mlops/dags/data_pipeline.py took 0.700 seconds
[2025-04-23T17:09:48.156+0700] {processor.py:186} INFO - Started process (PID=392896) to work on /home/minhle/mlops/dags/data_pipeline.py
[2025-04-23T17:09:48.158+0700] {processor.py:914} INFO - Processing file /home/minhle/mlops/dags/data_pipeline.py for tasks to queue
[2025-04-23T17:09:48.160+0700] {logging_mixin.py:190} INFO - [2025-04-23T17:09:48.159+0700] {dagbag.py:588} INFO - Filling up the DagBag from /home/minhle/mlops/dags/data_pipeline.py
[2025-04-23T17:09:48.784+0700] {processor.py:925} INFO - DAG(s) 'data_pipeline_v01' retrieved from /home/minhle/mlops/dags/data_pipeline.py
[2025-04-23T17:09:48.791+0700] {logging_mixin.py:190} INFO - [2025-04-23T17:09:48.790+0700] {dag.py:3239} INFO - Sync 1 DAGs
[2025-04-23T17:09:48.797+0700] {logging_mixin.py:190} INFO - [2025-04-23T17:09:48.797+0700] {dag.py:4180} INFO - Setting next_dagrun for data_pipeline_v01 to 2025-04-22 00:00:00+00:00, run_after=2025-04-23 00:00:00+00:00
[2025-04-23T17:09:48.867+0700] {processor.py:208} INFO - Processing /home/minhle/mlops/dags/data_pipeline.py took 0.715 seconds
[2025-04-23T17:10:20.114+0700] {processor.py:186} INFO - Started process (PID=392977) to work on /home/minhle/mlops/dags/data_pipeline.py
[2025-04-23T17:10:20.114+0700] {processor.py:914} INFO - Processing file /home/minhle/mlops/dags/data_pipeline.py for tasks to queue
[2025-04-23T17:10:20.115+0700] {logging_mixin.py:190} INFO - [2025-04-23T17:10:20.115+0700] {dagbag.py:588} INFO - Filling up the DagBag from /home/minhle/mlops/dags/data_pipeline.py
[2025-04-23T17:10:20.722+0700] {processor.py:925} INFO - DAG(s) 'data_pipeline_v01' retrieved from /home/minhle/mlops/dags/data_pipeline.py
[2025-04-23T17:10:20.729+0700] {logging_mixin.py:190} INFO - [2025-04-23T17:10:20.729+0700] {dag.py:3239} INFO - Sync 1 DAGs
[2025-04-23T17:10:20.735+0700] {logging_mixin.py:190} INFO - [2025-04-23T17:10:20.735+0700] {dag.py:4180} INFO - Setting next_dagrun for data_pipeline_v01 to 2025-04-22 00:00:00+00:00, run_after=2025-04-23 00:00:00+00:00
[2025-04-23T17:10:20.803+0700] {processor.py:208} INFO - Processing /home/minhle/mlops/dags/data_pipeline.py took 0.694 seconds
[2025-04-23T17:10:52.055+0700] {processor.py:186} INFO - Started process (PID=393057) to work on /home/minhle/mlops/dags/data_pipeline.py
[2025-04-23T17:10:52.060+0700] {processor.py:914} INFO - Processing file /home/minhle/mlops/dags/data_pipeline.py for tasks to queue
[2025-04-23T17:10:52.062+0700] {logging_mixin.py:190} INFO - [2025-04-23T17:10:52.061+0700] {dagbag.py:588} INFO - Filling up the DagBag from /home/minhle/mlops/dags/data_pipeline.py
[2025-04-23T17:10:52.670+0700] {processor.py:925} INFO - DAG(s) 'data_pipeline_v01' retrieved from /home/minhle/mlops/dags/data_pipeline.py
[2025-04-23T17:10:52.677+0700] {logging_mixin.py:190} INFO - [2025-04-23T17:10:52.677+0700] {dag.py:3239} INFO - Sync 1 DAGs
[2025-04-23T17:10:52.684+0700] {logging_mixin.py:190} INFO - [2025-04-23T17:10:52.684+0700] {dag.py:4180} INFO - Setting next_dagrun for data_pipeline_v01 to 2025-04-22 00:00:00+00:00, run_after=2025-04-23 00:00:00+00:00
[2025-04-23T17:10:52.750+0700] {processor.py:208} INFO - Processing /home/minhle/mlops/dags/data_pipeline.py took 0.700 seconds
[2025-04-23T17:11:24.187+0700] {processor.py:186} INFO - Started process (PID=393138) to work on /home/minhle/mlops/dags/data_pipeline.py
[2025-04-23T17:11:24.188+0700] {processor.py:914} INFO - Processing file /home/minhle/mlops/dags/data_pipeline.py for tasks to queue
[2025-04-23T17:11:24.188+0700] {logging_mixin.py:190} INFO - [2025-04-23T17:11:24.188+0700] {dagbag.py:588} INFO - Filling up the DagBag from /home/minhle/mlops/dags/data_pipeline.py
[2025-04-23T17:11:24.803+0700] {processor.py:925} INFO - DAG(s) 'data_pipeline_v01' retrieved from /home/minhle/mlops/dags/data_pipeline.py
[2025-04-23T17:11:24.810+0700] {logging_mixin.py:190} INFO - [2025-04-23T17:11:24.810+0700] {dag.py:3239} INFO - Sync 1 DAGs
[2025-04-23T17:11:24.817+0700] {logging_mixin.py:190} INFO - [2025-04-23T17:11:24.817+0700] {dag.py:4180} INFO - Setting next_dagrun for data_pipeline_v01 to 2025-04-22 00:00:00+00:00, run_after=2025-04-23 00:00:00+00:00
[2025-04-23T17:11:24.888+0700] {processor.py:208} INFO - Processing /home/minhle/mlops/dags/data_pipeline.py took 0.706 seconds
[2025-04-23T17:11:56.015+0700] {processor.py:186} INFO - Started process (PID=393219) to work on /home/minhle/mlops/dags/data_pipeline.py
[2025-04-23T17:11:56.035+0700] {processor.py:914} INFO - Processing file /home/minhle/mlops/dags/data_pipeline.py for tasks to queue
[2025-04-23T17:11:56.036+0700] {logging_mixin.py:190} INFO - [2025-04-23T17:11:56.035+0700] {dagbag.py:588} INFO - Filling up the DagBag from /home/minhle/mlops/dags/data_pipeline.py
[2025-04-23T17:11:56.665+0700] {processor.py:925} INFO - DAG(s) 'data_pipeline_v01' retrieved from /home/minhle/mlops/dags/data_pipeline.py
[2025-04-23T17:11:56.672+0700] {logging_mixin.py:190} INFO - [2025-04-23T17:11:56.672+0700] {dag.py:3239} INFO - Sync 1 DAGs
[2025-04-23T17:11:56.678+0700] {logging_mixin.py:190} INFO - [2025-04-23T17:11:56.678+0700] {dag.py:4180} INFO - Setting next_dagrun for data_pipeline_v01 to 2025-04-22 00:00:00+00:00, run_after=2025-04-23 00:00:00+00:00
[2025-04-23T17:11:56.751+0700] {processor.py:208} INFO - Processing /home/minhle/mlops/dags/data_pipeline.py took 0.739 seconds
[2025-04-23T17:12:27.974+0700] {processor.py:186} INFO - Started process (PID=393300) to work on /home/minhle/mlops/dags/data_pipeline.py
[2025-04-23T17:12:27.974+0700] {processor.py:914} INFO - Processing file /home/minhle/mlops/dags/data_pipeline.py for tasks to queue
[2025-04-23T17:12:27.974+0700] {logging_mixin.py:190} INFO - [2025-04-23T17:12:27.974+0700] {dagbag.py:588} INFO - Filling up the DagBag from /home/minhle/mlops/dags/data_pipeline.py
[2025-04-23T17:12:28.600+0700] {processor.py:925} INFO - DAG(s) 'data_pipeline_v01' retrieved from /home/minhle/mlops/dags/data_pipeline.py
[2025-04-23T17:12:28.607+0700] {logging_mixin.py:190} INFO - [2025-04-23T17:12:28.607+0700] {dag.py:3239} INFO - Sync 1 DAGs
[2025-04-23T17:12:28.614+0700] {logging_mixin.py:190} INFO - [2025-04-23T17:12:28.614+0700] {dag.py:4180} INFO - Setting next_dagrun for data_pipeline_v01 to 2025-04-22 00:00:00+00:00, run_after=2025-04-23 00:00:00+00:00
[2025-04-23T17:12:28.794+0700] {processor.py:208} INFO - Processing /home/minhle/mlops/dags/data_pipeline.py took 0.826 seconds
[2025-04-23T17:13:00.326+0700] {processor.py:186} INFO - Started process (PID=393380) to work on /home/minhle/mlops/dags/data_pipeline.py
[2025-04-23T17:13:00.335+0700] {processor.py:914} INFO - Processing file /home/minhle/mlops/dags/data_pipeline.py for tasks to queue
[2025-04-23T17:13:00.337+0700] {logging_mixin.py:190} INFO - [2025-04-23T17:13:00.336+0700] {dagbag.py:588} INFO - Filling up the DagBag from /home/minhle/mlops/dags/data_pipeline.py
[2025-04-23T17:13:00.937+0700] {processor.py:925} INFO - DAG(s) 'data_pipeline_v01' retrieved from /home/minhle/mlops/dags/data_pipeline.py
[2025-04-23T17:13:00.943+0700] {logging_mixin.py:190} INFO - [2025-04-23T17:13:00.943+0700] {dag.py:3239} INFO - Sync 1 DAGs
[2025-04-23T17:13:00.950+0700] {logging_mixin.py:190} INFO - [2025-04-23T17:13:00.950+0700] {dag.py:4180} INFO - Setting next_dagrun for data_pipeline_v01 to 2025-04-22 00:00:00+00:00, run_after=2025-04-23 00:00:00+00:00
[2025-04-23T17:13:01.013+0700] {processor.py:208} INFO - Processing /home/minhle/mlops/dags/data_pipeline.py took 0.692 seconds
[2025-04-23T17:13:32.268+0700] {processor.py:186} INFO - Started process (PID=393460) to work on /home/minhle/mlops/dags/data_pipeline.py
[2025-04-23T17:13:32.268+0700] {processor.py:914} INFO - Processing file /home/minhle/mlops/dags/data_pipeline.py for tasks to queue
[2025-04-23T17:13:32.269+0700] {logging_mixin.py:190} INFO - [2025-04-23T17:13:32.268+0700] {dagbag.py:588} INFO - Filling up the DagBag from /home/minhle/mlops/dags/data_pipeline.py
[2025-04-23T17:13:32.870+0700] {processor.py:925} INFO - DAG(s) 'data_pipeline_v01' retrieved from /home/minhle/mlops/dags/data_pipeline.py
[2025-04-23T17:13:32.877+0700] {logging_mixin.py:190} INFO - [2025-04-23T17:13:32.877+0700] {dag.py:3239} INFO - Sync 1 DAGs
[2025-04-23T17:13:32.884+0700] {logging_mixin.py:190} INFO - [2025-04-23T17:13:32.883+0700] {dag.py:4180} INFO - Setting next_dagrun for data_pipeline_v01 to 2025-04-22 00:00:00+00:00, run_after=2025-04-23 00:00:00+00:00
[2025-04-23T17:13:32.953+0700] {processor.py:208} INFO - Processing /home/minhle/mlops/dags/data_pipeline.py took 0.691 seconds
[2025-04-23T17:14:04.531+0700] {processor.py:186} INFO - Started process (PID=393545) to work on /home/minhle/mlops/dags/data_pipeline.py
[2025-04-23T17:14:04.539+0700] {processor.py:914} INFO - Processing file /home/minhle/mlops/dags/data_pipeline.py for tasks to queue
[2025-04-23T17:14:04.540+0700] {logging_mixin.py:190} INFO - [2025-04-23T17:14:04.540+0700] {dagbag.py:588} INFO - Filling up the DagBag from /home/minhle/mlops/dags/data_pipeline.py
[2025-04-23T17:14:05.170+0700] {processor.py:925} INFO - DAG(s) 'data_pipeline_v01' retrieved from /home/minhle/mlops/dags/data_pipeline.py
[2025-04-23T17:14:05.177+0700] {logging_mixin.py:190} INFO - [2025-04-23T17:14:05.177+0700] {dag.py:3239} INFO - Sync 1 DAGs
[2025-04-23T17:14:05.185+0700] {logging_mixin.py:190} INFO - [2025-04-23T17:14:05.184+0700] {dag.py:4180} INFO - Setting next_dagrun for data_pipeline_v01 to 2025-04-22 00:00:00+00:00, run_after=2025-04-23 00:00:00+00:00
[2025-04-23T17:14:05.274+0700] {processor.py:208} INFO - Processing /home/minhle/mlops/dags/data_pipeline.py took 0.747 seconds
[2025-04-23T17:14:36.881+0700] {processor.py:186} INFO - Started process (PID=393651) to work on /home/minhle/mlops/dags/data_pipeline.py
[2025-04-23T17:14:36.882+0700] {processor.py:914} INFO - Processing file /home/minhle/mlops/dags/data_pipeline.py for tasks to queue
[2025-04-23T17:14:36.883+0700] {logging_mixin.py:190} INFO - [2025-04-23T17:14:36.883+0700] {dagbag.py:588} INFO - Filling up the DagBag from /home/minhle/mlops/dags/data_pipeline.py
[2025-04-23T17:14:37.497+0700] {processor.py:925} INFO - DAG(s) 'data_pipeline_v01' retrieved from /home/minhle/mlops/dags/data_pipeline.py
[2025-04-23T17:14:37.504+0700] {logging_mixin.py:190} INFO - [2025-04-23T17:14:37.504+0700] {dag.py:3239} INFO - Sync 1 DAGs
[2025-04-23T17:14:37.511+0700] {logging_mixin.py:190} INFO - [2025-04-23T17:14:37.511+0700] {dag.py:4180} INFO - Setting next_dagrun for data_pipeline_v01 to 2025-04-22 00:00:00+00:00, run_after=2025-04-23 00:00:00+00:00
[2025-04-23T17:14:37.586+0700] {processor.py:208} INFO - Processing /home/minhle/mlops/dags/data_pipeline.py took 0.709 seconds
[2025-04-23T17:15:09.025+0700] {processor.py:186} INFO - Started process (PID=393731) to work on /home/minhle/mlops/dags/data_pipeline.py
[2025-04-23T17:15:09.042+0700] {processor.py:914} INFO - Processing file /home/minhle/mlops/dags/data_pipeline.py for tasks to queue
[2025-04-23T17:15:09.046+0700] {logging_mixin.py:190} INFO - [2025-04-23T17:15:09.045+0700] {dagbag.py:588} INFO - Filling up the DagBag from /home/minhle/mlops/dags/data_pipeline.py
[2025-04-23T17:15:09.660+0700] {processor.py:925} INFO - DAG(s) 'data_pipeline_v01' retrieved from /home/minhle/mlops/dags/data_pipeline.py
[2025-04-23T17:15:09.667+0700] {logging_mixin.py:190} INFO - [2025-04-23T17:15:09.667+0700] {dag.py:3239} INFO - Sync 1 DAGs
[2025-04-23T17:15:09.674+0700] {logging_mixin.py:190} INFO - [2025-04-23T17:15:09.674+0700] {dag.py:4180} INFO - Setting next_dagrun for data_pipeline_v01 to 2025-04-22 00:00:00+00:00, run_after=2025-04-23 00:00:00+00:00
[2025-04-23T17:15:09.745+0700] {processor.py:208} INFO - Processing /home/minhle/mlops/dags/data_pipeline.py took 0.725 seconds
[2025-04-23T17:15:41.079+0700] {processor.py:186} INFO - Started process (PID=393811) to work on /home/minhle/mlops/dags/data_pipeline.py
[2025-04-23T17:15:41.079+0700] {processor.py:914} INFO - Processing file /home/minhle/mlops/dags/data_pipeline.py for tasks to queue
[2025-04-23T17:15:41.080+0700] {logging_mixin.py:190} INFO - [2025-04-23T17:15:41.080+0700] {dagbag.py:588} INFO - Filling up the DagBag from /home/minhle/mlops/dags/data_pipeline.py
[2025-04-23T17:15:41.689+0700] {processor.py:925} INFO - DAG(s) 'data_pipeline_v01' retrieved from /home/minhle/mlops/dags/data_pipeline.py
[2025-04-23T17:15:41.696+0700] {logging_mixin.py:190} INFO - [2025-04-23T17:15:41.696+0700] {dag.py:3239} INFO - Sync 1 DAGs
[2025-04-23T17:15:41.702+0700] {logging_mixin.py:190} INFO - [2025-04-23T17:15:41.702+0700] {dag.py:4180} INFO - Setting next_dagrun for data_pipeline_v01 to 2025-04-22 00:00:00+00:00, run_after=2025-04-23 00:00:00+00:00
[2025-04-23T17:15:41.790+0700] {processor.py:208} INFO - Processing /home/minhle/mlops/dags/data_pipeline.py took 0.718 seconds
[2025-04-23T17:16:13.047+0700] {processor.py:186} INFO - Started process (PID=393902) to work on /home/minhle/mlops/dags/data_pipeline.py
[2025-04-23T17:16:13.061+0700] {processor.py:914} INFO - Processing file /home/minhle/mlops/dags/data_pipeline.py for tasks to queue
[2025-04-23T17:16:13.064+0700] {logging_mixin.py:190} INFO - [2025-04-23T17:16:13.063+0700] {dagbag.py:588} INFO - Filling up the DagBag from /home/minhle/mlops/dags/data_pipeline.py
[2025-04-23T17:16:13.687+0700] {processor.py:925} INFO - DAG(s) 'data_pipeline_v01' retrieved from /home/minhle/mlops/dags/data_pipeline.py
[2025-04-23T17:16:13.694+0700] {logging_mixin.py:190} INFO - [2025-04-23T17:16:13.694+0700] {dag.py:3239} INFO - Sync 1 DAGs
[2025-04-23T17:16:13.701+0700] {logging_mixin.py:190} INFO - [2025-04-23T17:16:13.701+0700] {dag.py:4180} INFO - Setting next_dagrun for data_pipeline_v01 to 2025-04-22 00:00:00+00:00, run_after=2025-04-23 00:00:00+00:00
[2025-04-23T17:16:13.792+0700] {processor.py:208} INFO - Processing /home/minhle/mlops/dags/data_pipeline.py took 0.749 seconds
[2025-04-23T17:16:44.510+0700] {processor.py:186} INFO - Started process (PID=393983) to work on /home/minhle/mlops/dags/data_pipeline.py
[2025-04-23T17:16:44.511+0700] {processor.py:914} INFO - Processing file /home/minhle/mlops/dags/data_pipeline.py for tasks to queue
[2025-04-23T17:16:44.512+0700] {logging_mixin.py:190} INFO - [2025-04-23T17:16:44.511+0700] {dagbag.py:588} INFO - Filling up the DagBag from /home/minhle/mlops/dags/data_pipeline.py
[2025-04-23T17:16:45.133+0700] {processor.py:925} INFO - DAG(s) 'data_pipeline_v01' retrieved from /home/minhle/mlops/dags/data_pipeline.py
[2025-04-23T17:16:45.140+0700] {logging_mixin.py:190} INFO - [2025-04-23T17:16:45.140+0700] {dag.py:3239} INFO - Sync 1 DAGs
[2025-04-23T17:16:45.146+0700] {logging_mixin.py:190} INFO - [2025-04-23T17:16:45.146+0700] {dag.py:4180} INFO - Setting next_dagrun for data_pipeline_v01 to 2025-04-22 00:00:00+00:00, run_after=2025-04-23 00:00:00+00:00
[2025-04-23T17:16:45.259+0700] {processor.py:208} INFO - Processing /home/minhle/mlops/dags/data_pipeline.py took 0.754 seconds
[2025-04-23T17:17:16.078+0700] {processor.py:186} INFO - Started process (PID=394068) to work on /home/minhle/mlops/dags/data_pipeline.py
[2025-04-23T17:17:16.079+0700] {processor.py:914} INFO - Processing file /home/minhle/mlops/dags/data_pipeline.py for tasks to queue
[2025-04-23T17:17:16.080+0700] {logging_mixin.py:190} INFO - [2025-04-23T17:17:16.080+0700] {dagbag.py:588} INFO - Filling up the DagBag from /home/minhle/mlops/dags/data_pipeline.py
[2025-04-23T17:17:16.708+0700] {processor.py:925} INFO - DAG(s) 'data_pipeline_v01' retrieved from /home/minhle/mlops/dags/data_pipeline.py
[2025-04-23T17:17:16.715+0700] {logging_mixin.py:190} INFO - [2025-04-23T17:17:16.715+0700] {dag.py:3239} INFO - Sync 1 DAGs
[2025-04-23T17:17:16.722+0700] {logging_mixin.py:190} INFO - [2025-04-23T17:17:16.722+0700] {dag.py:4180} INFO - Setting next_dagrun for data_pipeline_v01 to 2025-04-22 00:00:00+00:00, run_after=2025-04-23 00:00:00+00:00
[2025-04-23T17:17:16.802+0700] {processor.py:208} INFO - Processing /home/minhle/mlops/dags/data_pipeline.py took 0.731 seconds
[2025-04-23T17:17:48.644+0700] {processor.py:186} INFO - Started process (PID=394158) to work on /home/minhle/mlops/dags/data_pipeline.py
[2025-04-23T17:17:48.645+0700] {processor.py:914} INFO - Processing file /home/minhle/mlops/dags/data_pipeline.py for tasks to queue
[2025-04-23T17:17:48.645+0700] {logging_mixin.py:190} INFO - [2025-04-23T17:17:48.645+0700] {dagbag.py:588} INFO - Filling up the DagBag from /home/minhle/mlops/dags/data_pipeline.py
[2025-04-23T17:17:49.251+0700] {processor.py:925} INFO - DAG(s) 'data_pipeline_v01' retrieved from /home/minhle/mlops/dags/data_pipeline.py
[2025-04-23T17:17:49.257+0700] {logging_mixin.py:190} INFO - [2025-04-23T17:17:49.257+0700] {dag.py:3239} INFO - Sync 1 DAGs
[2025-04-23T17:17:49.265+0700] {logging_mixin.py:190} INFO - [2025-04-23T17:17:49.264+0700] {dag.py:4180} INFO - Setting next_dagrun for data_pipeline_v01 to 2025-04-22 00:00:00+00:00, run_after=2025-04-23 00:00:00+00:00
[2025-04-23T17:17:49.354+0700] {processor.py:208} INFO - Processing /home/minhle/mlops/dags/data_pipeline.py took 0.716 seconds
[2025-04-23T17:18:20.785+0700] {processor.py:186} INFO - Started process (PID=394239) to work on /home/minhle/mlops/dags/data_pipeline.py
[2025-04-23T17:18:20.791+0700] {processor.py:914} INFO - Processing file /home/minhle/mlops/dags/data_pipeline.py for tasks to queue
[2025-04-23T17:18:20.793+0700] {logging_mixin.py:190} INFO - [2025-04-23T17:18:20.793+0700] {dagbag.py:588} INFO - Filling up the DagBag from /home/minhle/mlops/dags/data_pipeline.py
[2025-04-23T17:18:21.401+0700] {processor.py:925} INFO - DAG(s) 'data_pipeline_v01' retrieved from /home/minhle/mlops/dags/data_pipeline.py
[2025-04-23T17:18:21.408+0700] {logging_mixin.py:190} INFO - [2025-04-23T17:18:21.408+0700] {dag.py:3239} INFO - Sync 1 DAGs
[2025-04-23T17:18:21.415+0700] {logging_mixin.py:190} INFO - [2025-04-23T17:18:21.415+0700] {dag.py:4180} INFO - Setting next_dagrun for data_pipeline_v01 to 2025-04-22 00:00:00+00:00, run_after=2025-04-23 00:00:00+00:00
[2025-04-23T17:18:21.503+0700] {processor.py:208} INFO - Processing /home/minhle/mlops/dags/data_pipeline.py took 0.724 seconds
[2025-04-23T17:18:52.737+0700] {processor.py:186} INFO - Started process (PID=394320) to work on /home/minhle/mlops/dags/data_pipeline.py
[2025-04-23T17:18:52.738+0700] {processor.py:914} INFO - Processing file /home/minhle/mlops/dags/data_pipeline.py for tasks to queue
[2025-04-23T17:18:52.739+0700] {logging_mixin.py:190} INFO - [2025-04-23T17:18:52.738+0700] {dagbag.py:588} INFO - Filling up the DagBag from /home/minhle/mlops/dags/data_pipeline.py
[2025-04-23T17:18:53.348+0700] {processor.py:925} INFO - DAG(s) 'data_pipeline_v01' retrieved from /home/minhle/mlops/dags/data_pipeline.py
[2025-04-23T17:18:53.355+0700] {logging_mixin.py:190} INFO - [2025-04-23T17:18:53.355+0700] {dag.py:3239} INFO - Sync 1 DAGs
[2025-04-23T17:18:53.361+0700] {logging_mixin.py:190} INFO - [2025-04-23T17:18:53.361+0700] {dag.py:4180} INFO - Setting next_dagrun for data_pipeline_v01 to 2025-04-22 00:00:00+00:00, run_after=2025-04-23 00:00:00+00:00
[2025-04-23T17:18:54.249+0700] {processor.py:208} INFO - Processing /home/minhle/mlops/dags/data_pipeline.py took 1.519 seconds
[2025-04-23T17:19:24.874+0700] {processor.py:186} INFO - Started process (PID=394447) to work on /home/minhle/mlops/dags/data_pipeline.py
[2025-04-23T17:19:24.875+0700] {processor.py:914} INFO - Processing file /home/minhle/mlops/dags/data_pipeline.py for tasks to queue
[2025-04-23T17:19:24.877+0700] {logging_mixin.py:190} INFO - [2025-04-23T17:19:24.876+0700] {dagbag.py:588} INFO - Filling up the DagBag from /home/minhle/mlops/dags/data_pipeline.py
[2025-04-23T17:19:25.489+0700] {processor.py:925} INFO - DAG(s) 'data_pipeline_v01' retrieved from /home/minhle/mlops/dags/data_pipeline.py
[2025-04-23T17:19:25.496+0700] {logging_mixin.py:190} INFO - [2025-04-23T17:19:25.495+0700] {dag.py:3239} INFO - Sync 1 DAGs
[2025-04-23T17:19:25.502+0700] {logging_mixin.py:190} INFO - [2025-04-23T17:19:25.502+0700] {dag.py:4180} INFO - Setting next_dagrun for data_pipeline_v01 to 2025-04-22 00:00:00+00:00, run_after=2025-04-23 00:00:00+00:00
[2025-04-23T17:19:25.571+0700] {processor.py:208} INFO - Processing /home/minhle/mlops/dags/data_pipeline.py took 0.702 seconds
[2025-04-23T17:19:56.550+0700] {processor.py:186} INFO - Started process (PID=394530) to work on /home/minhle/mlops/dags/data_pipeline.py
[2025-04-23T17:19:56.550+0700] {processor.py:914} INFO - Processing file /home/minhle/mlops/dags/data_pipeline.py for tasks to queue
[2025-04-23T17:19:56.550+0700] {logging_mixin.py:190} INFO - [2025-04-23T17:19:56.550+0700] {dagbag.py:588} INFO - Filling up the DagBag from /home/minhle/mlops/dags/data_pipeline.py
[2025-04-23T17:19:57.155+0700] {processor.py:925} INFO - DAG(s) 'data_pipeline_v01' retrieved from /home/minhle/mlops/dags/data_pipeline.py
[2025-04-23T17:19:57.161+0700] {logging_mixin.py:190} INFO - [2025-04-23T17:19:57.161+0700] {dag.py:3239} INFO - Sync 1 DAGs
[2025-04-23T17:19:57.168+0700] {logging_mixin.py:190} INFO - [2025-04-23T17:19:57.168+0700] {dag.py:4180} INFO - Setting next_dagrun for data_pipeline_v01 to 2025-04-22 00:00:00+00:00, run_after=2025-04-23 00:00:00+00:00
[2025-04-23T17:19:57.256+0700] {processor.py:208} INFO - Processing /home/minhle/mlops/dags/data_pipeline.py took 0.713 seconds
[2025-04-23T17:20:28.363+0700] {processor.py:186} INFO - Started process (PID=394611) to work on /home/minhle/mlops/dags/data_pipeline.py
[2025-04-23T17:20:28.370+0700] {processor.py:914} INFO - Processing file /home/minhle/mlops/dags/data_pipeline.py for tasks to queue
[2025-04-23T17:20:28.371+0700] {logging_mixin.py:190} INFO - [2025-04-23T17:20:28.371+0700] {dagbag.py:588} INFO - Filling up the DagBag from /home/minhle/mlops/dags/data_pipeline.py
[2025-04-23T17:20:28.980+0700] {processor.py:925} INFO - DAG(s) 'data_pipeline_v01' retrieved from /home/minhle/mlops/dags/data_pipeline.py
[2025-04-23T17:20:28.987+0700] {logging_mixin.py:190} INFO - [2025-04-23T17:20:28.987+0700] {dag.py:3239} INFO - Sync 1 DAGs
[2025-04-23T17:20:28.994+0700] {logging_mixin.py:190} INFO - [2025-04-23T17:20:28.994+0700] {dag.py:4180} INFO - Setting next_dagrun for data_pipeline_v01 to 2025-04-22 00:00:00+00:00, run_after=2025-04-23 00:00:00+00:00
[2025-04-23T17:20:29.055+0700] {processor.py:208} INFO - Processing /home/minhle/mlops/dags/data_pipeline.py took 0.695 seconds
[2025-04-23T17:21:00.301+0700] {processor.py:186} INFO - Started process (PID=394691) to work on /home/minhle/mlops/dags/data_pipeline.py
[2025-04-23T17:21:00.301+0700] {processor.py:914} INFO - Processing file /home/minhle/mlops/dags/data_pipeline.py for tasks to queue
[2025-04-23T17:21:00.302+0700] {logging_mixin.py:190} INFO - [2025-04-23T17:21:00.302+0700] {dagbag.py:588} INFO - Filling up the DagBag from /home/minhle/mlops/dags/data_pipeline.py
[2025-04-23T17:21:00.925+0700] {processor.py:925} INFO - DAG(s) 'data_pipeline_v01' retrieved from /home/minhle/mlops/dags/data_pipeline.py
[2025-04-23T17:21:00.932+0700] {logging_mixin.py:190} INFO - [2025-04-23T17:21:00.932+0700] {dag.py:3239} INFO - Sync 1 DAGs
[2025-04-23T17:21:00.939+0700] {logging_mixin.py:190} INFO - [2025-04-23T17:21:00.939+0700] {dag.py:4180} INFO - Setting next_dagrun for data_pipeline_v01 to 2025-04-22 00:00:00+00:00, run_after=2025-04-23 00:00:00+00:00
[2025-04-23T17:21:01.047+0700] {processor.py:208} INFO - Processing /home/minhle/mlops/dags/data_pipeline.py took 0.750 seconds
[2025-04-23T17:21:32.274+0700] {processor.py:186} INFO - Started process (PID=394771) to work on /home/minhle/mlops/dags/data_pipeline.py
[2025-04-23T17:21:32.276+0700] {processor.py:914} INFO - Processing file /home/minhle/mlops/dags/data_pipeline.py for tasks to queue
[2025-04-23T17:21:32.278+0700] {logging_mixin.py:190} INFO - [2025-04-23T17:21:32.277+0700] {dagbag.py:588} INFO - Filling up the DagBag from /home/minhle/mlops/dags/data_pipeline.py
[2025-04-23T17:21:32.891+0700] {processor.py:925} INFO - DAG(s) 'data_pipeline_v01' retrieved from /home/minhle/mlops/dags/data_pipeline.py
[2025-04-23T17:21:32.898+0700] {logging_mixin.py:190} INFO - [2025-04-23T17:21:32.898+0700] {dag.py:3239} INFO - Sync 1 DAGs
[2025-04-23T17:21:32.905+0700] {logging_mixin.py:190} INFO - [2025-04-23T17:21:32.905+0700] {dag.py:4180} INFO - Setting next_dagrun for data_pipeline_v01 to 2025-04-22 00:00:00+00:00, run_after=2025-04-23 00:00:00+00:00
[2025-04-23T17:21:32.968+0700] {processor.py:208} INFO - Processing /home/minhle/mlops/dags/data_pipeline.py took 0.701 seconds
[2025-04-23T17:22:04.130+0700] {processor.py:186} INFO - Started process (PID=394853) to work on /home/minhle/mlops/dags/data_pipeline.py
[2025-04-23T17:22:04.130+0700] {processor.py:914} INFO - Processing file /home/minhle/mlops/dags/data_pipeline.py for tasks to queue
[2025-04-23T17:22:04.131+0700] {logging_mixin.py:190} INFO - [2025-04-23T17:22:04.131+0700] {dagbag.py:588} INFO - Filling up the DagBag from /home/minhle/mlops/dags/data_pipeline.py
[2025-04-23T17:22:04.727+0700] {processor.py:925} INFO - DAG(s) 'data_pipeline_v01' retrieved from /home/minhle/mlops/dags/data_pipeline.py
[2025-04-23T17:22:04.734+0700] {logging_mixin.py:190} INFO - [2025-04-23T17:22:04.734+0700] {dag.py:3239} INFO - Sync 1 DAGs
[2025-04-23T17:22:04.740+0700] {logging_mixin.py:190} INFO - [2025-04-23T17:22:04.740+0700] {dag.py:4180} INFO - Setting next_dagrun for data_pipeline_v01 to 2025-04-22 00:00:00+00:00, run_after=2025-04-23 00:00:00+00:00
[2025-04-23T17:22:04.809+0700] {processor.py:208} INFO - Processing /home/minhle/mlops/dags/data_pipeline.py took 0.682 seconds
[2025-04-23T17:22:36.083+0700] {processor.py:186} INFO - Started process (PID=394934) to work on /home/minhle/mlops/dags/data_pipeline.py
[2025-04-23T17:22:36.092+0700] {processor.py:914} INFO - Processing file /home/minhle/mlops/dags/data_pipeline.py for tasks to queue
[2025-04-23T17:22:36.095+0700] {logging_mixin.py:190} INFO - [2025-04-23T17:22:36.094+0700] {dagbag.py:588} INFO - Filling up the DagBag from /home/minhle/mlops/dags/data_pipeline.py
[2025-04-23T17:22:36.712+0700] {processor.py:925} INFO - DAG(s) 'data_pipeline_v01' retrieved from /home/minhle/mlops/dags/data_pipeline.py
[2025-04-23T17:22:36.719+0700] {logging_mixin.py:190} INFO - [2025-04-23T17:22:36.719+0700] {dag.py:3239} INFO - Sync 1 DAGs
[2025-04-23T17:22:36.726+0700] {logging_mixin.py:190} INFO - [2025-04-23T17:22:36.725+0700] {dag.py:4180} INFO - Setting next_dagrun for data_pipeline_v01 to 2025-04-22 00:00:00+00:00, run_after=2025-04-23 00:00:00+00:00
[2025-04-23T17:22:36.793+0700] {processor.py:208} INFO - Processing /home/minhle/mlops/dags/data_pipeline.py took 0.716 seconds
[2025-04-23T17:23:07.912+0700] {processor.py:186} INFO - Started process (PID=395015) to work on /home/minhle/mlops/dags/data_pipeline.py
[2025-04-23T17:23:07.913+0700] {processor.py:914} INFO - Processing file /home/minhle/mlops/dags/data_pipeline.py for tasks to queue
[2025-04-23T17:23:07.913+0700] {logging_mixin.py:190} INFO - [2025-04-23T17:23:07.913+0700] {dagbag.py:588} INFO - Filling up the DagBag from /home/minhle/mlops/dags/data_pipeline.py
[2025-04-23T17:23:08.527+0700] {processor.py:925} INFO - DAG(s) 'data_pipeline_v01' retrieved from /home/minhle/mlops/dags/data_pipeline.py
[2025-04-23T17:23:08.534+0700] {logging_mixin.py:190} INFO - [2025-04-23T17:23:08.533+0700] {dag.py:3239} INFO - Sync 1 DAGs
[2025-04-23T17:23:08.540+0700] {logging_mixin.py:190} INFO - [2025-04-23T17:23:08.540+0700] {dag.py:4180} INFO - Setting next_dagrun for data_pipeline_v01 to 2025-04-22 00:00:00+00:00, run_after=2025-04-23 00:00:00+00:00
[2025-04-23T17:23:08.624+0700] {processor.py:208} INFO - Processing /home/minhle/mlops/dags/data_pipeline.py took 0.717 seconds
[2025-04-23T17:23:39.738+0700] {processor.py:186} INFO - Started process (PID=395095) to work on /home/minhle/mlops/dags/data_pipeline.py
[2025-04-23T17:23:39.740+0700] {processor.py:914} INFO - Processing file /home/minhle/mlops/dags/data_pipeline.py for tasks to queue
[2025-04-23T17:23:39.741+0700] {logging_mixin.py:190} INFO - [2025-04-23T17:23:39.741+0700] {dagbag.py:588} INFO - Filling up the DagBag from /home/minhle/mlops/dags/data_pipeline.py
[2025-04-23T17:23:40.349+0700] {processor.py:925} INFO - DAG(s) 'data_pipeline_v01' retrieved from /home/minhle/mlops/dags/data_pipeline.py
[2025-04-23T17:23:40.356+0700] {logging_mixin.py:190} INFO - [2025-04-23T17:23:40.355+0700] {dag.py:3239} INFO - Sync 1 DAGs
[2025-04-23T17:23:40.363+0700] {logging_mixin.py:190} INFO - [2025-04-23T17:23:40.363+0700] {dag.py:4180} INFO - Setting next_dagrun for data_pipeline_v01 to 2025-04-22 00:00:00+00:00, run_after=2025-04-23 00:00:00+00:00
[2025-04-23T17:23:40.451+0700] {processor.py:208} INFO - Processing /home/minhle/mlops/dags/data_pipeline.py took 0.718 seconds
[2025-04-23T17:24:11.569+0700] {processor.py:186} INFO - Started process (PID=395203) to work on /home/minhle/mlops/dags/data_pipeline.py
[2025-04-23T17:24:11.582+0700] {processor.py:914} INFO - Processing file /home/minhle/mlops/dags/data_pipeline.py for tasks to queue
[2025-04-23T17:24:11.584+0700] {logging_mixin.py:190} INFO - [2025-04-23T17:24:11.583+0700] {dagbag.py:588} INFO - Filling up the DagBag from /home/minhle/mlops/dags/data_pipeline.py
[2025-04-23T17:24:12.184+0700] {processor.py:925} INFO - DAG(s) 'data_pipeline_v01' retrieved from /home/minhle/mlops/dags/data_pipeline.py
[2025-04-23T17:24:12.191+0700] {logging_mixin.py:190} INFO - [2025-04-23T17:24:12.191+0700] {dag.py:3239} INFO - Sync 1 DAGs
[2025-04-23T17:24:12.199+0700] {logging_mixin.py:190} INFO - [2025-04-23T17:24:12.198+0700] {dag.py:4180} INFO - Setting next_dagrun for data_pipeline_v01 to 2025-04-22 00:00:00+00:00, run_after=2025-04-23 00:00:00+00:00
[2025-04-23T17:24:12.260+0700] {processor.py:208} INFO - Processing /home/minhle/mlops/dags/data_pipeline.py took 0.697 seconds
[2025-04-23T17:24:43.401+0700] {processor.py:186} INFO - Started process (PID=395283) to work on /home/minhle/mlops/dags/data_pipeline.py
[2025-04-23T17:24:43.401+0700] {processor.py:914} INFO - Processing file /home/minhle/mlops/dags/data_pipeline.py for tasks to queue
[2025-04-23T17:24:43.401+0700] {logging_mixin.py:190} INFO - [2025-04-23T17:24:43.401+0700] {dagbag.py:588} INFO - Filling up the DagBag from /home/minhle/mlops/dags/data_pipeline.py
[2025-04-23T17:24:43.993+0700] {processor.py:925} INFO - DAG(s) 'data_pipeline_v01' retrieved from /home/minhle/mlops/dags/data_pipeline.py
[2025-04-23T17:24:44.000+0700] {logging_mixin.py:190} INFO - [2025-04-23T17:24:44.000+0700] {dag.py:3239} INFO - Sync 1 DAGs
[2025-04-23T17:24:44.007+0700] {logging_mixin.py:190} INFO - [2025-04-23T17:24:44.007+0700] {dag.py:4180} INFO - Setting next_dagrun for data_pipeline_v01 to 2025-04-22 00:00:00+00:00, run_after=2025-04-23 00:00:00+00:00
[2025-04-23T17:24:44.104+0700] {processor.py:208} INFO - Processing /home/minhle/mlops/dags/data_pipeline.py took 0.709 seconds
[2025-04-23T17:25:15.230+0700] {processor.py:186} INFO - Started process (PID=395363) to work on /home/minhle/mlops/dags/data_pipeline.py
[2025-04-23T17:25:15.238+0700] {processor.py:914} INFO - Processing file /home/minhle/mlops/dags/data_pipeline.py for tasks to queue
[2025-04-23T17:25:15.241+0700] {logging_mixin.py:190} INFO - [2025-04-23T17:25:15.240+0700] {dagbag.py:588} INFO - Filling up the DagBag from /home/minhle/mlops/dags/data_pipeline.py
[2025-04-23T17:25:15.842+0700] {processor.py:925} INFO - DAG(s) 'data_pipeline_v01' retrieved from /home/minhle/mlops/dags/data_pipeline.py
[2025-04-23T17:25:15.849+0700] {logging_mixin.py:190} INFO - [2025-04-23T17:25:15.849+0700] {dag.py:3239} INFO - Sync 1 DAGs
[2025-04-23T17:25:15.856+0700] {logging_mixin.py:190} INFO - [2025-04-23T17:25:15.856+0700] {dag.py:4180} INFO - Setting next_dagrun for data_pipeline_v01 to 2025-04-22 00:00:00+00:00, run_after=2025-04-23 00:00:00+00:00
[2025-04-23T17:25:15.926+0700] {processor.py:208} INFO - Processing /home/minhle/mlops/dags/data_pipeline.py took 0.702 seconds
[2025-04-23T17:25:47.172+0700] {processor.py:186} INFO - Started process (PID=395443) to work on /home/minhle/mlops/dags/data_pipeline.py
[2025-04-23T17:25:47.172+0700] {processor.py:914} INFO - Processing file /home/minhle/mlops/dags/data_pipeline.py for tasks to queue
[2025-04-23T17:25:47.173+0700] {logging_mixin.py:190} INFO - [2025-04-23T17:25:47.173+0700] {dagbag.py:588} INFO - Filling up the DagBag from /home/minhle/mlops/dags/data_pipeline.py
[2025-04-23T17:25:47.783+0700] {processor.py:925} INFO - DAG(s) 'data_pipeline_v01' retrieved from /home/minhle/mlops/dags/data_pipeline.py
[2025-04-23T17:25:47.790+0700] {logging_mixin.py:190} INFO - [2025-04-23T17:25:47.790+0700] {dag.py:3239} INFO - Sync 1 DAGs
[2025-04-23T17:25:47.797+0700] {logging_mixin.py:190} INFO - [2025-04-23T17:25:47.797+0700] {dag.py:4180} INFO - Setting next_dagrun for data_pipeline_v01 to 2025-04-22 00:00:00+00:00, run_after=2025-04-23 00:00:00+00:00
[2025-04-23T17:25:47.889+0700] {processor.py:208} INFO - Processing /home/minhle/mlops/dags/data_pipeline.py took 0.723 seconds
[2025-04-23T17:26:19.109+0700] {processor.py:186} INFO - Started process (PID=395524) to work on /home/minhle/mlops/dags/data_pipeline.py
[2025-04-23T17:26:19.111+0700] {processor.py:914} INFO - Processing file /home/minhle/mlops/dags/data_pipeline.py for tasks to queue
[2025-04-23T17:26:19.112+0700] {logging_mixin.py:190} INFO - [2025-04-23T17:26:19.112+0700] {dagbag.py:588} INFO - Filling up the DagBag from /home/minhle/mlops/dags/data_pipeline.py
[2025-04-23T17:26:19.716+0700] {processor.py:925} INFO - DAG(s) 'data_pipeline_v01' retrieved from /home/minhle/mlops/dags/data_pipeline.py
[2025-04-23T17:26:19.723+0700] {logging_mixin.py:190} INFO - [2025-04-23T17:26:19.723+0700] {dag.py:3239} INFO - Sync 1 DAGs
[2025-04-23T17:26:19.730+0700] {logging_mixin.py:190} INFO - [2025-04-23T17:26:19.729+0700] {dag.py:4180} INFO - Setting next_dagrun for data_pipeline_v01 to 2025-04-22 00:00:00+00:00, run_after=2025-04-23 00:00:00+00:00
[2025-04-23T17:26:19.821+0700] {processor.py:208} INFO - Processing /home/minhle/mlops/dags/data_pipeline.py took 0.718 seconds
[2025-04-23T17:26:51.105+0700] {processor.py:186} INFO - Started process (PID=395604) to work on /home/minhle/mlops/dags/data_pipeline.py
[2025-04-23T17:26:51.105+0700] {processor.py:914} INFO - Processing file /home/minhle/mlops/dags/data_pipeline.py for tasks to queue
[2025-04-23T17:26:51.106+0700] {logging_mixin.py:190} INFO - [2025-04-23T17:26:51.105+0700] {dagbag.py:588} INFO - Filling up the DagBag from /home/minhle/mlops/dags/data_pipeline.py
[2025-04-23T17:26:51.703+0700] {processor.py:925} INFO - DAG(s) 'data_pipeline_v01' retrieved from /home/minhle/mlops/dags/data_pipeline.py
[2025-04-23T17:26:51.710+0700] {logging_mixin.py:190} INFO - [2025-04-23T17:26:51.709+0700] {dag.py:3239} INFO - Sync 1 DAGs
[2025-04-23T17:26:51.717+0700] {logging_mixin.py:190} INFO - [2025-04-23T17:26:51.717+0700] {dag.py:4180} INFO - Setting next_dagrun for data_pipeline_v01 to 2025-04-22 00:00:00+00:00, run_after=2025-04-23 00:00:00+00:00
[2025-04-23T17:26:51.782+0700] {processor.py:208} INFO - Processing /home/minhle/mlops/dags/data_pipeline.py took 0.684 seconds
[2025-04-23T17:27:23.430+0700] {processor.py:186} INFO - Started process (PID=395684) to work on /home/minhle/mlops/dags/data_pipeline.py
[2025-04-23T17:27:23.440+0700] {processor.py:914} INFO - Processing file /home/minhle/mlops/dags/data_pipeline.py for tasks to queue
[2025-04-23T17:27:23.443+0700] {logging_mixin.py:190} INFO - [2025-04-23T17:27:23.442+0700] {dagbag.py:588} INFO - Filling up the DagBag from /home/minhle/mlops/dags/data_pipeline.py
[2025-04-23T17:27:24.055+0700] {processor.py:925} INFO - DAG(s) 'data_pipeline_v01' retrieved from /home/minhle/mlops/dags/data_pipeline.py
[2025-04-23T17:27:24.063+0700] {logging_mixin.py:190} INFO - [2025-04-23T17:27:24.062+0700] {dag.py:3239} INFO - Sync 1 DAGs
[2025-04-23T17:27:24.069+0700] {logging_mixin.py:190} INFO - [2025-04-23T17:27:24.069+0700] {dag.py:4180} INFO - Setting next_dagrun for data_pipeline_v01 to 2025-04-22 00:00:00+00:00, run_after=2025-04-23 00:00:00+00:00
[2025-04-23T17:27:24.149+0700] {processor.py:208} INFO - Processing /home/minhle/mlops/dags/data_pipeline.py took 0.724 seconds
[2025-04-23T17:27:55.488+0700] {processor.py:186} INFO - Started process (PID=395764) to work on /home/minhle/mlops/dags/data_pipeline.py
[2025-04-23T17:27:55.489+0700] {processor.py:914} INFO - Processing file /home/minhle/mlops/dags/data_pipeline.py for tasks to queue
[2025-04-23T17:27:55.489+0700] {logging_mixin.py:190} INFO - [2025-04-23T17:27:55.489+0700] {dagbag.py:588} INFO - Filling up the DagBag from /home/minhle/mlops/dags/data_pipeline.py
[2025-04-23T17:27:56.085+0700] {processor.py:925} INFO - DAG(s) 'data_pipeline_v01' retrieved from /home/minhle/mlops/dags/data_pipeline.py
[2025-04-23T17:27:56.092+0700] {logging_mixin.py:190} INFO - [2025-04-23T17:27:56.092+0700] {dag.py:3239} INFO - Sync 1 DAGs
[2025-04-23T17:27:56.099+0700] {logging_mixin.py:190} INFO - [2025-04-23T17:27:56.099+0700] {dag.py:4180} INFO - Setting next_dagrun for data_pipeline_v01 to 2025-04-22 00:00:00+00:00, run_after=2025-04-23 00:00:00+00:00
[2025-04-23T17:27:56.169+0700] {processor.py:208} INFO - Processing /home/minhle/mlops/dags/data_pipeline.py took 0.683 seconds
[2025-04-23T17:28:27.345+0700] {processor.py:186} INFO - Started process (PID=395847) to work on /home/minhle/mlops/dags/data_pipeline.py
[2025-04-23T17:28:27.346+0700] {processor.py:914} INFO - Processing file /home/minhle/mlops/dags/data_pipeline.py for tasks to queue
[2025-04-23T17:28:27.348+0700] {logging_mixin.py:190} INFO - [2025-04-23T17:28:27.347+0700] {dagbag.py:588} INFO - Filling up the DagBag from /home/minhle/mlops/dags/data_pipeline.py
[2025-04-23T17:28:27.968+0700] {processor.py:925} INFO - DAG(s) 'data_pipeline_v01' retrieved from /home/minhle/mlops/dags/data_pipeline.py
[2025-04-23T17:28:27.975+0700] {logging_mixin.py:190} INFO - [2025-04-23T17:28:27.975+0700] {dag.py:3239} INFO - Sync 1 DAGs
[2025-04-23T17:28:27.982+0700] {logging_mixin.py:190} INFO - [2025-04-23T17:28:27.982+0700] {dag.py:4180} INFO - Setting next_dagrun for data_pipeline_v01 to 2025-04-22 00:00:00+00:00, run_after=2025-04-23 00:00:00+00:00
[2025-04-23T17:28:28.046+0700] {processor.py:208} INFO - Processing /home/minhle/mlops/dags/data_pipeline.py took 0.707 seconds
[2025-04-23T17:28:59.176+0700] {processor.py:186} INFO - Started process (PID=395927) to work on /home/minhle/mlops/dags/data_pipeline.py
[2025-04-23T17:28:59.177+0700] {processor.py:914} INFO - Processing file /home/minhle/mlops/dags/data_pipeline.py for tasks to queue
[2025-04-23T17:28:59.177+0700] {logging_mixin.py:190} INFO - [2025-04-23T17:28:59.177+0700] {dagbag.py:588} INFO - Filling up the DagBag from /home/minhle/mlops/dags/data_pipeline.py
[2025-04-23T17:28:59.773+0700] {processor.py:925} INFO - DAG(s) 'data_pipeline_v01' retrieved from /home/minhle/mlops/dags/data_pipeline.py
[2025-04-23T17:28:59.780+0700] {logging_mixin.py:190} INFO - [2025-04-23T17:28:59.780+0700] {dag.py:3239} INFO - Sync 1 DAGs
[2025-04-23T17:28:59.787+0700] {logging_mixin.py:190} INFO - [2025-04-23T17:28:59.787+0700] {dag.py:4180} INFO - Setting next_dagrun for data_pipeline_v01 to 2025-04-22 00:00:00+00:00, run_after=2025-04-23 00:00:00+00:00
[2025-04-23T17:28:59.854+0700] {processor.py:208} INFO - Processing /home/minhle/mlops/dags/data_pipeline.py took 0.686 seconds
[2025-04-23T17:29:31.118+0700] {processor.py:186} INFO - Started process (PID=396034) to work on /home/minhle/mlops/dags/data_pipeline.py
[2025-04-23T17:29:31.305+0700] {processor.py:914} INFO - Processing file /home/minhle/mlops/dags/data_pipeline.py for tasks to queue
[2025-04-23T17:29:31.308+0700] {logging_mixin.py:190} INFO - [2025-04-23T17:29:31.307+0700] {dagbag.py:588} INFO - Filling up the DagBag from /home/minhle/mlops/dags/data_pipeline.py
[2025-04-23T17:29:31.913+0700] {processor.py:925} INFO - DAG(s) 'data_pipeline_v01' retrieved from /home/minhle/mlops/dags/data_pipeline.py
[2025-04-23T17:29:31.919+0700] {logging_mixin.py:190} INFO - [2025-04-23T17:29:31.919+0700] {dag.py:3239} INFO - Sync 1 DAGs
[2025-04-23T17:29:31.926+0700] {logging_mixin.py:190} INFO - [2025-04-23T17:29:31.926+0700] {dag.py:4180} INFO - Setting next_dagrun for data_pipeline_v01 to 2025-04-22 00:00:00+00:00, run_after=2025-04-23 00:00:00+00:00
[2025-04-23T17:29:31.993+0700] {processor.py:208} INFO - Processing /home/minhle/mlops/dags/data_pipeline.py took 0.881 seconds
[2025-04-23T17:30:02.953+0700] {processor.py:186} INFO - Started process (PID=396116) to work on /home/minhle/mlops/dags/data_pipeline.py
[2025-04-23T17:30:02.954+0700] {processor.py:914} INFO - Processing file /home/minhle/mlops/dags/data_pipeline.py for tasks to queue
[2025-04-23T17:30:02.954+0700] {logging_mixin.py:190} INFO - [2025-04-23T17:30:02.954+0700] {dagbag.py:588} INFO - Filling up the DagBag from /home/minhle/mlops/dags/data_pipeline.py
[2025-04-23T17:30:03.613+0700] {processor.py:925} INFO - DAG(s) 'data_pipeline_v01' retrieved from /home/minhle/mlops/dags/data_pipeline.py
[2025-04-23T17:30:03.620+0700] {logging_mixin.py:190} INFO - [2025-04-23T17:30:03.620+0700] {dag.py:3239} INFO - Sync 1 DAGs
[2025-04-23T17:30:03.627+0700] {logging_mixin.py:190} INFO - [2025-04-23T17:30:03.627+0700] {dag.py:4180} INFO - Setting next_dagrun for data_pipeline_v01 to 2025-04-22 00:00:00+00:00, run_after=2025-04-23 00:00:00+00:00
[2025-04-23T17:30:03.697+0700] {processor.py:208} INFO - Processing /home/minhle/mlops/dags/data_pipeline.py took 0.749 seconds
[2025-04-23T17:30:34.779+0700] {processor.py:186} INFO - Started process (PID=396197) to work on /home/minhle/mlops/dags/data_pipeline.py
[2025-04-23T17:30:34.781+0700] {processor.py:914} INFO - Processing file /home/minhle/mlops/dags/data_pipeline.py for tasks to queue
[2025-04-23T17:30:34.782+0700] {logging_mixin.py:190} INFO - [2025-04-23T17:30:34.782+0700] {dagbag.py:588} INFO - Filling up the DagBag from /home/minhle/mlops/dags/data_pipeline.py
[2025-04-23T17:30:35.404+0700] {processor.py:925} INFO - DAG(s) 'data_pipeline_v01' retrieved from /home/minhle/mlops/dags/data_pipeline.py
[2025-04-23T17:30:35.411+0700] {logging_mixin.py:190} INFO - [2025-04-23T17:30:35.411+0700] {dag.py:3239} INFO - Sync 1 DAGs
[2025-04-23T17:30:35.418+0700] {logging_mixin.py:190} INFO - [2025-04-23T17:30:35.418+0700] {dag.py:4180} INFO - Setting next_dagrun for data_pipeline_v01 to 2025-04-22 00:00:00+00:00, run_after=2025-04-23 00:00:00+00:00
[2025-04-23T17:30:35.505+0700] {processor.py:208} INFO - Processing /home/minhle/mlops/dags/data_pipeline.py took 0.731 seconds
[2025-04-23T17:31:06.719+0700] {processor.py:186} INFO - Started process (PID=396277) to work on /home/minhle/mlops/dags/data_pipeline.py
[2025-04-23T17:31:06.719+0700] {processor.py:914} INFO - Processing file /home/minhle/mlops/dags/data_pipeline.py for tasks to queue
[2025-04-23T17:31:06.720+0700] {logging_mixin.py:190} INFO - [2025-04-23T17:31:06.719+0700] {dagbag.py:588} INFO - Filling up the DagBag from /home/minhle/mlops/dags/data_pipeline.py
[2025-04-23T17:31:07.322+0700] {processor.py:925} INFO - DAG(s) 'data_pipeline_v01' retrieved from /home/minhle/mlops/dags/data_pipeline.py
[2025-04-23T17:31:07.329+0700] {logging_mixin.py:190} INFO - [2025-04-23T17:31:07.329+0700] {dag.py:3239} INFO - Sync 1 DAGs
[2025-04-23T17:31:07.335+0700] {logging_mixin.py:190} INFO - [2025-04-23T17:31:07.335+0700] {dag.py:4180} INFO - Setting next_dagrun for data_pipeline_v01 to 2025-04-22 00:00:00+00:00, run_after=2025-04-23 00:00:00+00:00
[2025-04-23T17:31:07.416+0700] {processor.py:208} INFO - Processing /home/minhle/mlops/dags/data_pipeline.py took 0.705 seconds
[2025-04-23T17:31:38.487+0700] {processor.py:186} INFO - Started process (PID=396357) to work on /home/minhle/mlops/dags/data_pipeline.py
[2025-04-23T17:31:38.496+0700] {processor.py:914} INFO - Processing file /home/minhle/mlops/dags/data_pipeline.py for tasks to queue
[2025-04-23T17:31:38.498+0700] {logging_mixin.py:190} INFO - [2025-04-23T17:31:38.497+0700] {dagbag.py:588} INFO - Filling up the DagBag from /home/minhle/mlops/dags/data_pipeline.py
[2025-04-23T17:31:39.097+0700] {processor.py:925} INFO - DAG(s) 'data_pipeline_v01' retrieved from /home/minhle/mlops/dags/data_pipeline.py
[2025-04-23T17:31:39.104+0700] {logging_mixin.py:190} INFO - [2025-04-23T17:31:39.104+0700] {dag.py:3239} INFO - Sync 1 DAGs
[2025-04-23T17:31:39.111+0700] {logging_mixin.py:190} INFO - [2025-04-23T17:31:39.111+0700] {dag.py:4180} INFO - Setting next_dagrun for data_pipeline_v01 to 2025-04-22 00:00:00+00:00, run_after=2025-04-23 00:00:00+00:00
[2025-04-23T17:31:39.168+0700] {processor.py:208} INFO - Processing /home/minhle/mlops/dags/data_pipeline.py took 0.686 seconds
[2025-04-23T17:32:10.634+0700] {processor.py:186} INFO - Started process (PID=396437) to work on /home/minhle/mlops/dags/data_pipeline.py
[2025-04-23T17:32:10.635+0700] {processor.py:914} INFO - Processing file /home/minhle/mlops/dags/data_pipeline.py for tasks to queue
[2025-04-23T17:32:10.637+0700] {logging_mixin.py:190} INFO - [2025-04-23T17:32:10.637+0700] {dagbag.py:588} INFO - Filling up the DagBag from /home/minhle/mlops/dags/data_pipeline.py
[2025-04-23T17:32:11.254+0700] {processor.py:925} INFO - DAG(s) 'data_pipeline_v01' retrieved from /home/minhle/mlops/dags/data_pipeline.py
[2025-04-23T17:32:11.261+0700] {logging_mixin.py:190} INFO - [2025-04-23T17:32:11.260+0700] {dag.py:3239} INFO - Sync 1 DAGs
[2025-04-23T17:32:11.267+0700] {logging_mixin.py:190} INFO - [2025-04-23T17:32:11.267+0700] {dag.py:4180} INFO - Setting next_dagrun for data_pipeline_v01 to 2025-04-22 00:00:00+00:00, run_after=2025-04-23 00:00:00+00:00
[2025-04-23T17:32:11.342+0700] {processor.py:208} INFO - Processing /home/minhle/mlops/dags/data_pipeline.py took 0.717 seconds
[2025-04-23T17:32:42.460+0700] {processor.py:186} INFO - Started process (PID=396520) to work on /home/minhle/mlops/dags/data_pipeline.py
[2025-04-23T17:32:42.461+0700] {processor.py:914} INFO - Processing file /home/minhle/mlops/dags/data_pipeline.py for tasks to queue
[2025-04-23T17:32:42.462+0700] {logging_mixin.py:190} INFO - [2025-04-23T17:32:42.461+0700] {dagbag.py:588} INFO - Filling up the DagBag from /home/minhle/mlops/dags/data_pipeline.py
[2025-04-23T17:32:43.066+0700] {processor.py:925} INFO - DAG(s) 'data_pipeline_v01' retrieved from /home/minhle/mlops/dags/data_pipeline.py
[2025-04-23T17:32:43.073+0700] {logging_mixin.py:190} INFO - [2025-04-23T17:32:43.073+0700] {dag.py:3239} INFO - Sync 1 DAGs
[2025-04-23T17:32:43.080+0700] {logging_mixin.py:190} INFO - [2025-04-23T17:32:43.080+0700] {dag.py:4180} INFO - Setting next_dagrun for data_pipeline_v01 to 2025-04-22 00:00:00+00:00, run_after=2025-04-23 00:00:00+00:00
[2025-04-23T17:32:43.166+0700] {processor.py:208} INFO - Processing /home/minhle/mlops/dags/data_pipeline.py took 0.713 seconds
[2025-04-23T17:33:14.298+0700] {processor.py:186} INFO - Started process (PID=396600) to work on /home/minhle/mlops/dags/data_pipeline.py
[2025-04-23T17:33:14.308+0700] {processor.py:914} INFO - Processing file /home/minhle/mlops/dags/data_pipeline.py for tasks to queue
[2025-04-23T17:33:14.311+0700] {logging_mixin.py:190} INFO - [2025-04-23T17:33:14.310+0700] {dagbag.py:588} INFO - Filling up the DagBag from /home/minhle/mlops/dags/data_pipeline.py
[2025-04-23T17:33:14.921+0700] {processor.py:925} INFO - DAG(s) 'data_pipeline_v01' retrieved from /home/minhle/mlops/dags/data_pipeline.py
[2025-04-23T17:33:14.928+0700] {logging_mixin.py:190} INFO - [2025-04-23T17:33:14.927+0700] {dag.py:3239} INFO - Sync 1 DAGs
[2025-04-23T17:33:14.935+0700] {logging_mixin.py:190} INFO - [2025-04-23T17:33:14.935+0700] {dag.py:4180} INFO - Setting next_dagrun for data_pipeline_v01 to 2025-04-22 00:00:00+00:00, run_after=2025-04-23 00:00:00+00:00
[2025-04-23T17:33:15.062+0700] {processor.py:208} INFO - Processing /home/minhle/mlops/dags/data_pipeline.py took 0.769 seconds
[2025-04-23T17:33:46.130+0700] {processor.py:186} INFO - Started process (PID=396696) to work on /home/minhle/mlops/dags/data_pipeline.py
[2025-04-23T17:33:46.131+0700] {processor.py:914} INFO - Processing file /home/minhle/mlops/dags/data_pipeline.py for tasks to queue
[2025-04-23T17:33:46.131+0700] {logging_mixin.py:190} INFO - [2025-04-23T17:33:46.131+0700] {dagbag.py:588} INFO - Filling up the DagBag from /home/minhle/mlops/dags/data_pipeline.py
[2025-04-23T17:33:46.725+0700] {processor.py:925} INFO - DAG(s) 'data_pipeline_v01' retrieved from /home/minhle/mlops/dags/data_pipeline.py
[2025-04-23T17:33:46.732+0700] {logging_mixin.py:190} INFO - [2025-04-23T17:33:46.731+0700] {dag.py:3239} INFO - Sync 1 DAGs
[2025-04-23T17:33:46.738+0700] {logging_mixin.py:190} INFO - [2025-04-23T17:33:46.738+0700] {dag.py:4180} INFO - Setting next_dagrun for data_pipeline_v01 to 2025-04-22 00:00:00+00:00, run_after=2025-04-23 00:00:00+00:00
[2025-04-23T17:33:46.796+0700] {processor.py:208} INFO - Processing /home/minhle/mlops/dags/data_pipeline.py took 0.669 seconds
[2025-04-23T17:34:18.005+0700] {processor.py:186} INFO - Started process (PID=396804) to work on /home/minhle/mlops/dags/data_pipeline.py
[2025-04-23T17:34:18.015+0700] {processor.py:914} INFO - Processing file /home/minhle/mlops/dags/data_pipeline.py for tasks to queue
[2025-04-23T17:34:18.017+0700] {logging_mixin.py:190} INFO - [2025-04-23T17:34:18.017+0700] {dagbag.py:588} INFO - Filling up the DagBag from /home/minhle/mlops/dags/data_pipeline.py
[2025-04-23T17:34:18.614+0700] {processor.py:925} INFO - DAG(s) 'data_pipeline_v01' retrieved from /home/minhle/mlops/dags/data_pipeline.py
[2025-04-23T17:34:18.621+0700] {logging_mixin.py:190} INFO - [2025-04-23T17:34:18.621+0700] {dag.py:3239} INFO - Sync 1 DAGs
[2025-04-23T17:34:18.628+0700] {logging_mixin.py:190} INFO - [2025-04-23T17:34:18.628+0700] {dag.py:4180} INFO - Setting next_dagrun for data_pipeline_v01 to 2025-04-22 00:00:00+00:00, run_after=2025-04-23 00:00:00+00:00
[2025-04-23T17:34:18.699+0700] {processor.py:208} INFO - Processing /home/minhle/mlops/dags/data_pipeline.py took 0.698 seconds
[2025-04-23T17:34:49.947+0700] {processor.py:186} INFO - Started process (PID=396887) to work on /home/minhle/mlops/dags/data_pipeline.py
[2025-04-23T17:34:49.948+0700] {processor.py:914} INFO - Processing file /home/minhle/mlops/dags/data_pipeline.py for tasks to queue
[2025-04-23T17:34:49.948+0700] {logging_mixin.py:190} INFO - [2025-04-23T17:34:49.948+0700] {dagbag.py:588} INFO - Filling up the DagBag from /home/minhle/mlops/dags/data_pipeline.py
[2025-04-23T17:34:50.540+0700] {processor.py:925} INFO - DAG(s) 'data_pipeline_v01' retrieved from /home/minhle/mlops/dags/data_pipeline.py
[2025-04-23T17:34:50.547+0700] {logging_mixin.py:190} INFO - [2025-04-23T17:34:50.547+0700] {dag.py:3239} INFO - Sync 1 DAGs
[2025-04-23T17:34:50.553+0700] {logging_mixin.py:190} INFO - [2025-04-23T17:34:50.553+0700] {dag.py:4180} INFO - Setting next_dagrun for data_pipeline_v01 to 2025-04-22 00:00:00+00:00, run_after=2025-04-23 00:00:00+00:00
[2025-04-23T17:34:50.616+0700] {processor.py:208} INFO - Processing /home/minhle/mlops/dags/data_pipeline.py took 0.674 seconds
[2025-04-23T17:35:21.787+0700] {processor.py:186} INFO - Started process (PID=396969) to work on /home/minhle/mlops/dags/data_pipeline.py
[2025-04-23T17:35:21.788+0700] {processor.py:914} INFO - Processing file /home/minhle/mlops/dags/data_pipeline.py for tasks to queue
[2025-04-23T17:35:21.790+0700] {logging_mixin.py:190} INFO - [2025-04-23T17:35:21.789+0700] {dagbag.py:588} INFO - Filling up the DagBag from /home/minhle/mlops/dags/data_pipeline.py
[2025-04-23T17:35:22.382+0700] {processor.py:925} INFO - DAG(s) 'data_pipeline_v01' retrieved from /home/minhle/mlops/dags/data_pipeline.py
[2025-04-23T17:35:22.388+0700] {logging_mixin.py:190} INFO - [2025-04-23T17:35:22.388+0700] {dag.py:3239} INFO - Sync 1 DAGs
[2025-04-23T17:35:22.395+0700] {logging_mixin.py:190} INFO - [2025-04-23T17:35:22.395+0700] {dag.py:4180} INFO - Setting next_dagrun for data_pipeline_v01 to 2025-04-22 00:00:00+00:00, run_after=2025-04-23 00:00:00+00:00
[2025-04-23T17:35:22.466+0700] {processor.py:208} INFO - Processing /home/minhle/mlops/dags/data_pipeline.py took 0.684 seconds
[2025-04-23T17:35:53.648+0700] {processor.py:186} INFO - Started process (PID=397049) to work on /home/minhle/mlops/dags/data_pipeline.py
[2025-04-23T17:35:53.648+0700] {processor.py:914} INFO - Processing file /home/minhle/mlops/dags/data_pipeline.py for tasks to queue
[2025-04-23T17:35:53.649+0700] {logging_mixin.py:190} INFO - [2025-04-23T17:35:53.648+0700] {dagbag.py:588} INFO - Filling up the DagBag from /home/minhle/mlops/dags/data_pipeline.py
[2025-04-23T17:35:54.209+0700] {processor.py:925} INFO - DAG(s) 'data_pipeline_v01' retrieved from /home/minhle/mlops/dags/data_pipeline.py
[2025-04-23T17:35:54.216+0700] {logging_mixin.py:190} INFO - [2025-04-23T17:35:54.216+0700] {dag.py:3239} INFO - Sync 1 DAGs
[2025-04-23T17:35:54.224+0700] {logging_mixin.py:190} INFO - [2025-04-23T17:35:54.223+0700] {dag.py:4180} INFO - Setting next_dagrun for data_pipeline_v01 to 2025-04-22 00:00:00+00:00, run_after=2025-04-23 00:00:00+00:00
[2025-04-23T17:35:54.306+0700] {processor.py:208} INFO - Processing /home/minhle/mlops/dags/data_pipeline.py took 0.662 seconds
[2025-04-23T17:36:25.484+0700] {processor.py:186} INFO - Started process (PID=397130) to work on /home/minhle/mlops/dags/data_pipeline.py
[2025-04-23T17:36:25.490+0700] {processor.py:914} INFO - Processing file /home/minhle/mlops/dags/data_pipeline.py for tasks to queue
[2025-04-23T17:36:25.492+0700] {logging_mixin.py:190} INFO - [2025-04-23T17:36:25.492+0700] {dagbag.py:588} INFO - Filling up the DagBag from /home/minhle/mlops/dags/data_pipeline.py
[2025-04-23T17:36:26.077+0700] {processor.py:925} INFO - DAG(s) 'data_pipeline_v01' retrieved from /home/minhle/mlops/dags/data_pipeline.py
[2025-04-23T17:36:26.084+0700] {logging_mixin.py:190} INFO - [2025-04-23T17:36:26.084+0700] {dag.py:3239} INFO - Sync 1 DAGs
[2025-04-23T17:36:26.091+0700] {logging_mixin.py:190} INFO - [2025-04-23T17:36:26.091+0700] {dag.py:4180} INFO - Setting next_dagrun for data_pipeline_v01 to 2025-04-22 00:00:00+00:00, run_after=2025-04-23 00:00:00+00:00
[2025-04-23T17:36:26.154+0700] {processor.py:208} INFO - Processing /home/minhle/mlops/dags/data_pipeline.py took 0.676 seconds
[2025-04-23T17:36:57.816+0700] {processor.py:186} INFO - Started process (PID=397216) to work on /home/minhle/mlops/dags/data_pipeline.py
[2025-04-23T17:36:57.817+0700] {processor.py:914} INFO - Processing file /home/minhle/mlops/dags/data_pipeline.py for tasks to queue
[2025-04-23T17:36:57.817+0700] {logging_mixin.py:190} INFO - [2025-04-23T17:36:57.817+0700] {dagbag.py:588} INFO - Filling up the DagBag from /home/minhle/mlops/dags/data_pipeline.py
[2025-04-23T17:36:58.385+0700] {processor.py:925} INFO - DAG(s) 'data_pipeline_v01' retrieved from /home/minhle/mlops/dags/data_pipeline.py
[2025-04-23T17:36:58.392+0700] {logging_mixin.py:190} INFO - [2025-04-23T17:36:58.392+0700] {dag.py:3239} INFO - Sync 1 DAGs
[2025-04-23T17:36:58.399+0700] {logging_mixin.py:190} INFO - [2025-04-23T17:36:58.399+0700] {dag.py:4180} INFO - Setting next_dagrun for data_pipeline_v01 to 2025-04-22 00:00:00+00:00, run_after=2025-04-23 00:00:00+00:00
[2025-04-23T17:36:58.460+0700] {processor.py:208} INFO - Processing /home/minhle/mlops/dags/data_pipeline.py took 0.647 seconds
[2025-04-23T17:37:29.544+0700] {processor.py:186} INFO - Started process (PID=397296) to work on /home/minhle/mlops/dags/data_pipeline.py
[2025-04-23T17:37:29.544+0700] {processor.py:914} INFO - Processing file /home/minhle/mlops/dags/data_pipeline.py for tasks to queue
[2025-04-23T17:37:29.547+0700] {logging_mixin.py:190} INFO - [2025-04-23T17:37:29.546+0700] {dagbag.py:588} INFO - Filling up the DagBag from /home/minhle/mlops/dags/data_pipeline.py
[2025-04-23T17:37:30.112+0700] {processor.py:925} INFO - DAG(s) 'data_pipeline_v01' retrieved from /home/minhle/mlops/dags/data_pipeline.py
[2025-04-23T17:37:30.119+0700] {logging_mixin.py:190} INFO - [2025-04-23T17:37:30.119+0700] {dag.py:3239} INFO - Sync 1 DAGs
[2025-04-23T17:37:30.126+0700] {logging_mixin.py:190} INFO - [2025-04-23T17:37:30.126+0700] {dag.py:4180} INFO - Setting next_dagrun for data_pipeline_v01 to 2025-04-22 00:00:00+00:00, run_after=2025-04-23 00:00:00+00:00
[2025-04-23T17:37:30.187+0700] {processor.py:208} INFO - Processing /home/minhle/mlops/dags/data_pipeline.py took 0.651 seconds
[2025-04-23T17:38:01.374+0700] {processor.py:186} INFO - Started process (PID=397376) to work on /home/minhle/mlops/dags/data_pipeline.py
[2025-04-23T17:38:01.375+0700] {processor.py:914} INFO - Processing file /home/minhle/mlops/dags/data_pipeline.py for tasks to queue
[2025-04-23T17:38:01.375+0700] {logging_mixin.py:190} INFO - [2025-04-23T17:38:01.375+0700] {dagbag.py:588} INFO - Filling up the DagBag from /home/minhle/mlops/dags/data_pipeline.py
[2025-04-23T17:38:01.937+0700] {processor.py:925} INFO - DAG(s) 'data_pipeline_v01' retrieved from /home/minhle/mlops/dags/data_pipeline.py
[2025-04-23T17:38:01.944+0700] {logging_mixin.py:190} INFO - [2025-04-23T17:38:01.944+0700] {dag.py:3239} INFO - Sync 1 DAGs
[2025-04-23T17:38:01.951+0700] {logging_mixin.py:190} INFO - [2025-04-23T17:38:01.951+0700] {dag.py:4180} INFO - Setting next_dagrun for data_pipeline_v01 to 2025-04-22 00:00:00+00:00, run_after=2025-04-23 00:00:00+00:00
[2025-04-23T17:38:02.045+0700] {processor.py:208} INFO - Processing /home/minhle/mlops/dags/data_pipeline.py took 0.677 seconds
[2025-04-23T17:38:33.250+0700] {processor.py:186} INFO - Started process (PID=397458) to work on /home/minhle/mlops/dags/data_pipeline.py
[2025-04-23T17:38:33.261+0700] {processor.py:914} INFO - Processing file /home/minhle/mlops/dags/data_pipeline.py for tasks to queue
[2025-04-23T17:38:33.263+0700] {logging_mixin.py:190} INFO - [2025-04-23T17:38:33.263+0700] {dagbag.py:588} INFO - Filling up the DagBag from /home/minhle/mlops/dags/data_pipeline.py
[2025-04-23T17:38:33.831+0700] {processor.py:925} INFO - DAG(s) 'data_pipeline_v01' retrieved from /home/minhle/mlops/dags/data_pipeline.py
[2025-04-23T17:38:33.838+0700] {logging_mixin.py:190} INFO - [2025-04-23T17:38:33.838+0700] {dag.py:3239} INFO - Sync 1 DAGs
[2025-04-23T17:38:33.844+0700] {logging_mixin.py:190} INFO - [2025-04-23T17:38:33.844+0700] {dag.py:4180} INFO - Setting next_dagrun for data_pipeline_v01 to 2025-04-22 00:00:00+00:00, run_after=2025-04-23 00:00:00+00:00
[2025-04-23T17:38:33.916+0700] {processor.py:208} INFO - Processing /home/minhle/mlops/dags/data_pipeline.py took 0.675 seconds
[2025-04-23T17:39:05.099+0700] {processor.py:186} INFO - Started process (PID=397543) to work on /home/minhle/mlops/dags/data_pipeline.py
[2025-04-23T17:39:05.100+0700] {processor.py:914} INFO - Processing file /home/minhle/mlops/dags/data_pipeline.py for tasks to queue
[2025-04-23T17:39:05.101+0700] {logging_mixin.py:190} INFO - [2025-04-23T17:39:05.100+0700] {dagbag.py:588} INFO - Filling up the DagBag from /home/minhle/mlops/dags/data_pipeline.py
[2025-04-23T17:39:05.681+0700] {processor.py:925} INFO - DAG(s) 'data_pipeline_v01' retrieved from /home/minhle/mlops/dags/data_pipeline.py
[2025-04-23T17:39:05.688+0700] {logging_mixin.py:190} INFO - [2025-04-23T17:39:05.688+0700] {dag.py:3239} INFO - Sync 1 DAGs
[2025-04-23T17:39:05.695+0700] {logging_mixin.py:190} INFO - [2025-04-23T17:39:05.695+0700] {dag.py:4180} INFO - Setting next_dagrun for data_pipeline_v01 to 2025-04-22 00:00:00+00:00, run_after=2025-04-23 00:00:00+00:00
[2025-04-23T17:39:05.764+0700] {processor.py:208} INFO - Processing /home/minhle/mlops/dags/data_pipeline.py took 0.668 seconds
[2025-04-23T17:39:36.957+0700] {processor.py:186} INFO - Started process (PID=397648) to work on /home/minhle/mlops/dags/data_pipeline.py
[2025-04-23T17:39:36.967+0700] {processor.py:914} INFO - Processing file /home/minhle/mlops/dags/data_pipeline.py for tasks to queue
[2025-04-23T17:39:36.970+0700] {logging_mixin.py:190} INFO - [2025-04-23T17:39:36.969+0700] {dagbag.py:588} INFO - Filling up the DagBag from /home/minhle/mlops/dags/data_pipeline.py
[2025-04-23T17:39:37.561+0700] {processor.py:925} INFO - DAG(s) 'data_pipeline_v01' retrieved from /home/minhle/mlops/dags/data_pipeline.py
[2025-04-23T17:39:37.568+0700] {logging_mixin.py:190} INFO - [2025-04-23T17:39:37.568+0700] {dag.py:3239} INFO - Sync 1 DAGs
[2025-04-23T17:39:37.575+0700] {logging_mixin.py:190} INFO - [2025-04-23T17:39:37.575+0700] {dag.py:4180} INFO - Setting next_dagrun for data_pipeline_v01 to 2025-04-22 00:00:00+00:00, run_after=2025-04-23 00:00:00+00:00
[2025-04-23T17:39:37.683+0700] {processor.py:208} INFO - Processing /home/minhle/mlops/dags/data_pipeline.py took 0.731 seconds
[2025-04-23T17:40:08.716+0700] {processor.py:186} INFO - Started process (PID=397728) to work on /home/minhle/mlops/dags/data_pipeline.py
[2025-04-23T17:40:08.717+0700] {processor.py:914} INFO - Processing file /home/minhle/mlops/dags/data_pipeline.py for tasks to queue
[2025-04-23T17:40:08.718+0700] {logging_mixin.py:190} INFO - [2025-04-23T17:40:08.717+0700] {dagbag.py:588} INFO - Filling up the DagBag from /home/minhle/mlops/dags/data_pipeline.py
[2025-04-23T17:40:09.304+0700] {processor.py:925} INFO - DAG(s) 'data_pipeline_v01' retrieved from /home/minhle/mlops/dags/data_pipeline.py
[2025-04-23T17:40:09.312+0700] {logging_mixin.py:190} INFO - [2025-04-23T17:40:09.311+0700] {dag.py:3239} INFO - Sync 1 DAGs
[2025-04-23T17:40:09.318+0700] {logging_mixin.py:190} INFO - [2025-04-23T17:40:09.318+0700] {dag.py:4180} INFO - Setting next_dagrun for data_pipeline_v01 to 2025-04-22 00:00:00+00:00, run_after=2025-04-23 00:00:00+00:00
[2025-04-23T17:40:09.424+0700] {processor.py:208} INFO - Processing /home/minhle/mlops/dags/data_pipeline.py took 0.714 seconds
[2025-04-23T17:40:40.550+0700] {processor.py:186} INFO - Started process (PID=397809) to work on /home/minhle/mlops/dags/data_pipeline.py
[2025-04-23T17:40:40.551+0700] {processor.py:914} INFO - Processing file /home/minhle/mlops/dags/data_pipeline.py for tasks to queue
[2025-04-23T17:40:40.554+0700] {logging_mixin.py:190} INFO - [2025-04-23T17:40:40.553+0700] {dagbag.py:588} INFO - Filling up the DagBag from /home/minhle/mlops/dags/data_pipeline.py
[2025-04-23T17:40:41.124+0700] {processor.py:925} INFO - DAG(s) 'data_pipeline_v01' retrieved from /home/minhle/mlops/dags/data_pipeline.py
[2025-04-23T17:40:41.132+0700] {logging_mixin.py:190} INFO - [2025-04-23T17:40:41.132+0700] {dag.py:3239} INFO - Sync 1 DAGs
[2025-04-23T17:40:41.138+0700] {logging_mixin.py:190} INFO - [2025-04-23T17:40:41.138+0700] {dag.py:4180} INFO - Setting next_dagrun for data_pipeline_v01 to 2025-04-22 00:00:00+00:00, run_after=2025-04-23 00:00:00+00:00
[2025-04-23T17:40:41.203+0700] {processor.py:208} INFO - Processing /home/minhle/mlops/dags/data_pipeline.py took 0.660 seconds
[2025-04-23T17:41:12.447+0700] {processor.py:186} INFO - Started process (PID=397889) to work on /home/minhle/mlops/dags/data_pipeline.py
[2025-04-23T17:41:12.454+0700] {processor.py:914} INFO - Processing file /home/minhle/mlops/dags/data_pipeline.py for tasks to queue
[2025-04-23T17:41:12.457+0700] {logging_mixin.py:190} INFO - [2025-04-23T17:41:12.456+0700] {dagbag.py:588} INFO - Filling up the DagBag from /home/minhle/mlops/dags/data_pipeline.py
[2025-04-23T17:41:13.028+0700] {processor.py:925} INFO - DAG(s) 'data_pipeline_v01' retrieved from /home/minhle/mlops/dags/data_pipeline.py
[2025-04-23T17:41:13.035+0700] {logging_mixin.py:190} INFO - [2025-04-23T17:41:13.035+0700] {dag.py:3239} INFO - Sync 1 DAGs
[2025-04-23T17:41:13.042+0700] {logging_mixin.py:190} INFO - [2025-04-23T17:41:13.042+0700] {dag.py:4180} INFO - Setting next_dagrun for data_pipeline_v01 to 2025-04-22 00:00:00+00:00, run_after=2025-04-23 00:00:00+00:00
[2025-04-23T17:41:13.105+0700] {processor.py:208} INFO - Processing /home/minhle/mlops/dags/data_pipeline.py took 0.663 seconds
[2025-04-23T17:41:44.288+0700] {processor.py:186} INFO - Started process (PID=397969) to work on /home/minhle/mlops/dags/data_pipeline.py
[2025-04-23T17:41:44.289+0700] {processor.py:914} INFO - Processing file /home/minhle/mlops/dags/data_pipeline.py for tasks to queue
[2025-04-23T17:41:44.289+0700] {logging_mixin.py:190} INFO - [2025-04-23T17:41:44.289+0700] {dagbag.py:588} INFO - Filling up the DagBag from /home/minhle/mlops/dags/data_pipeline.py
[2025-04-23T17:41:44.852+0700] {processor.py:925} INFO - DAG(s) 'data_pipeline_v01' retrieved from /home/minhle/mlops/dags/data_pipeline.py
[2025-04-23T17:41:44.859+0700] {logging_mixin.py:190} INFO - [2025-04-23T17:41:44.858+0700] {dag.py:3239} INFO - Sync 1 DAGs
[2025-04-23T17:41:44.865+0700] {logging_mixin.py:190} INFO - [2025-04-23T17:41:44.865+0700] {dag.py:4180} INFO - Setting next_dagrun for data_pipeline_v01 to 2025-04-22 00:00:00+00:00, run_after=2025-04-23 00:00:00+00:00
[2025-04-23T17:41:44.934+0700] {processor.py:208} INFO - Processing /home/minhle/mlops/dags/data_pipeline.py took 0.652 seconds
[2025-04-23T17:42:16.143+0700] {processor.py:186} INFO - Started process (PID=398051) to work on /home/minhle/mlops/dags/data_pipeline.py
[2025-04-23T17:42:16.145+0700] {processor.py:914} INFO - Processing file /home/minhle/mlops/dags/data_pipeline.py for tasks to queue
[2025-04-23T17:42:16.146+0700] {logging_mixin.py:190} INFO - [2025-04-23T17:42:16.145+0700] {dagbag.py:588} INFO - Filling up the DagBag from /home/minhle/mlops/dags/data_pipeline.py
[2025-04-23T17:42:16.711+0700] {processor.py:925} INFO - DAG(s) 'data_pipeline_v01' retrieved from /home/minhle/mlops/dags/data_pipeline.py
[2025-04-23T17:42:16.717+0700] {logging_mixin.py:190} INFO - [2025-04-23T17:42:16.717+0700] {dag.py:3239} INFO - Sync 1 DAGs
[2025-04-23T17:42:16.724+0700] {logging_mixin.py:190} INFO - [2025-04-23T17:42:16.724+0700] {dag.py:4180} INFO - Setting next_dagrun for data_pipeline_v01 to 2025-04-22 00:00:00+00:00, run_after=2025-04-23 00:00:00+00:00
[2025-04-23T17:42:16.781+0700] {processor.py:208} INFO - Processing /home/minhle/mlops/dags/data_pipeline.py took 0.646 seconds
[2025-04-23T17:42:48.085+0700] {processor.py:186} INFO - Started process (PID=398131) to work on /home/minhle/mlops/dags/data_pipeline.py
[2025-04-23T17:42:48.139+0700] {processor.py:914} INFO - Processing file /home/minhle/mlops/dags/data_pipeline.py for tasks to queue
[2025-04-23T17:42:48.142+0700] {logging_mixin.py:190} INFO - [2025-04-23T17:42:48.141+0700] {dagbag.py:588} INFO - Filling up the DagBag from /home/minhle/mlops/dags/data_pipeline.py
[2025-04-23T17:42:48.728+0700] {processor.py:925} INFO - DAG(s) 'data_pipeline_v01' retrieved from /home/minhle/mlops/dags/data_pipeline.py
[2025-04-23T17:42:48.735+0700] {logging_mixin.py:190} INFO - [2025-04-23T17:42:48.735+0700] {dag.py:3239} INFO - Sync 1 DAGs
[2025-04-23T17:42:48.742+0700] {logging_mixin.py:190} INFO - [2025-04-23T17:42:48.742+0700] {dag.py:4180} INFO - Setting next_dagrun for data_pipeline_v01 to 2025-04-22 00:00:00+00:00, run_after=2025-04-23 00:00:00+00:00
[2025-04-23T17:42:48.811+0700] {processor.py:208} INFO - Processing /home/minhle/mlops/dags/data_pipeline.py took 0.735 seconds
[2025-04-23T17:43:19.934+0700] {processor.py:186} INFO - Started process (PID=398211) to work on /home/minhle/mlops/dags/data_pipeline.py
[2025-04-23T17:43:19.935+0700] {processor.py:914} INFO - Processing file /home/minhle/mlops/dags/data_pipeline.py for tasks to queue
[2025-04-23T17:43:19.936+0700] {logging_mixin.py:190} INFO - [2025-04-23T17:43:19.936+0700] {dagbag.py:588} INFO - Filling up the DagBag from /home/minhle/mlops/dags/data_pipeline.py
[2025-04-23T17:43:20.496+0700] {processor.py:925} INFO - DAG(s) 'data_pipeline_v01' retrieved from /home/minhle/mlops/dags/data_pipeline.py
[2025-04-23T17:43:20.503+0700] {logging_mixin.py:190} INFO - [2025-04-23T17:43:20.503+0700] {dag.py:3239} INFO - Sync 1 DAGs
[2025-04-23T17:43:20.510+0700] {logging_mixin.py:190} INFO - [2025-04-23T17:43:20.510+0700] {dag.py:4180} INFO - Setting next_dagrun for data_pipeline_v01 to 2025-04-22 00:00:00+00:00, run_after=2025-04-23 00:00:00+00:00
[2025-04-23T17:43:20.582+0700] {processor.py:208} INFO - Processing /home/minhle/mlops/dags/data_pipeline.py took 0.653 seconds
[2025-04-23T17:43:51.800+0700] {processor.py:186} INFO - Started process (PID=398291) to work on /home/minhle/mlops/dags/data_pipeline.py
[2025-04-23T17:43:51.807+0700] {processor.py:914} INFO - Processing file /home/minhle/mlops/dags/data_pipeline.py for tasks to queue
[2025-04-23T17:43:51.808+0700] {logging_mixin.py:190} INFO - [2025-04-23T17:43:51.808+0700] {dagbag.py:588} INFO - Filling up the DagBag from /home/minhle/mlops/dags/data_pipeline.py
[2025-04-23T17:43:52.372+0700] {processor.py:925} INFO - DAG(s) 'data_pipeline_v01' retrieved from /home/minhle/mlops/dags/data_pipeline.py
[2025-04-23T17:43:52.379+0700] {logging_mixin.py:190} INFO - [2025-04-23T17:43:52.379+0700] {dag.py:3239} INFO - Sync 1 DAGs
[2025-04-23T17:43:52.386+0700] {logging_mixin.py:190} INFO - [2025-04-23T17:43:52.385+0700] {dag.py:4180} INFO - Setting next_dagrun for data_pipeline_v01 to 2025-04-22 00:00:00+00:00, run_after=2025-04-23 00:00:00+00:00
[2025-04-23T17:43:52.455+0700] {processor.py:208} INFO - Processing /home/minhle/mlops/dags/data_pipeline.py took 0.659 seconds
[2025-04-23T17:44:23.670+0700] {processor.py:186} INFO - Started process (PID=398419) to work on /home/minhle/mlops/dags/data_pipeline.py
[2025-04-23T17:44:23.671+0700] {processor.py:914} INFO - Processing file /home/minhle/mlops/dags/data_pipeline.py for tasks to queue
[2025-04-23T17:44:23.672+0700] {logging_mixin.py:190} INFO - [2025-04-23T17:44:23.672+0700] {dagbag.py:588} INFO - Filling up the DagBag from /home/minhle/mlops/dags/data_pipeline.py
[2025-04-23T17:44:24.241+0700] {processor.py:925} INFO - DAG(s) 'data_pipeline_v01' retrieved from /home/minhle/mlops/dags/data_pipeline.py
[2025-04-23T17:44:24.247+0700] {logging_mixin.py:190} INFO - [2025-04-23T17:44:24.247+0700] {dag.py:3239} INFO - Sync 1 DAGs
[2025-04-23T17:44:24.254+0700] {logging_mixin.py:190} INFO - [2025-04-23T17:44:24.254+0700] {dag.py:4180} INFO - Setting next_dagrun for data_pipeline_v01 to 2025-04-22 00:00:00+00:00, run_after=2025-04-23 00:00:00+00:00
[2025-04-23T17:44:24.317+0700] {processor.py:208} INFO - Processing /home/minhle/mlops/dags/data_pipeline.py took 0.652 seconds
[2025-04-23T17:44:55.527+0700] {processor.py:186} INFO - Started process (PID=398500) to work on /home/minhle/mlops/dags/data_pipeline.py
[2025-04-23T17:44:55.532+0700] {processor.py:914} INFO - Processing file /home/minhle/mlops/dags/data_pipeline.py for tasks to queue
[2025-04-23T17:44:55.533+0700] {logging_mixin.py:190} INFO - [2025-04-23T17:44:55.533+0700] {dagbag.py:588} INFO - Filling up the DagBag from /home/minhle/mlops/dags/data_pipeline.py
[2025-04-23T17:44:56.095+0700] {processor.py:925} INFO - DAG(s) 'data_pipeline_v01' retrieved from /home/minhle/mlops/dags/data_pipeline.py
[2025-04-23T17:44:56.102+0700] {logging_mixin.py:190} INFO - [2025-04-23T17:44:56.102+0700] {dag.py:3239} INFO - Sync 1 DAGs
[2025-04-23T17:44:56.109+0700] {logging_mixin.py:190} INFO - [2025-04-23T17:44:56.109+0700] {dag.py:4180} INFO - Setting next_dagrun for data_pipeline_v01 to 2025-04-22 00:00:00+00:00, run_after=2025-04-23 00:00:00+00:00
[2025-04-23T17:44:56.169+0700] {processor.py:208} INFO - Processing /home/minhle/mlops/dags/data_pipeline.py took 0.646 seconds
[2025-04-23T17:45:27.359+0700] {processor.py:186} INFO - Started process (PID=398580) to work on /home/minhle/mlops/dags/data_pipeline.py
[2025-04-23T17:45:27.360+0700] {processor.py:914} INFO - Processing file /home/minhle/mlops/dags/data_pipeline.py for tasks to queue
[2025-04-23T17:45:27.360+0700] {logging_mixin.py:190} INFO - [2025-04-23T17:45:27.360+0700] {dagbag.py:588} INFO - Filling up the DagBag from /home/minhle/mlops/dags/data_pipeline.py
[2025-04-23T17:45:27.937+0700] {processor.py:925} INFO - DAG(s) 'data_pipeline_v01' retrieved from /home/minhle/mlops/dags/data_pipeline.py
[2025-04-23T17:45:27.943+0700] {logging_mixin.py:190} INFO - [2025-04-23T17:45:27.943+0700] {dag.py:3239} INFO - Sync 1 DAGs
[2025-04-23T17:45:27.951+0700] {logging_mixin.py:190} INFO - [2025-04-23T17:45:27.950+0700] {dag.py:4180} INFO - Setting next_dagrun for data_pipeline_v01 to 2025-04-22 00:00:00+00:00, run_after=2025-04-23 00:00:00+00:00
[2025-04-23T17:45:28.039+0700] {processor.py:208} INFO - Processing /home/minhle/mlops/dags/data_pipeline.py took 0.685 seconds
[2025-04-23T17:45:59.222+0700] {processor.py:186} INFO - Started process (PID=398660) to work on /home/minhle/mlops/dags/data_pipeline.py
[2025-04-23T17:45:59.229+0700] {processor.py:914} INFO - Processing file /home/minhle/mlops/dags/data_pipeline.py for tasks to queue
[2025-04-23T17:45:59.229+0700] {logging_mixin.py:190} INFO - [2025-04-23T17:45:59.229+0700] {dagbag.py:588} INFO - Filling up the DagBag from /home/minhle/mlops/dags/data_pipeline.py
[2025-04-23T17:45:59.846+0700] {processor.py:925} INFO - DAG(s) 'data_pipeline_v01' retrieved from /home/minhle/mlops/dags/data_pipeline.py
[2025-04-23T17:45:59.853+0700] {logging_mixin.py:190} INFO - [2025-04-23T17:45:59.853+0700] {dag.py:3239} INFO - Sync 1 DAGs
[2025-04-23T17:45:59.861+0700] {logging_mixin.py:190} INFO - [2025-04-23T17:45:59.861+0700] {dag.py:4180} INFO - Setting next_dagrun for data_pipeline_v01 to 2025-04-22 00:00:00+00:00, run_after=2025-04-23 00:00:00+00:00
[2025-04-23T17:45:59.945+0700] {processor.py:208} INFO - Processing /home/minhle/mlops/dags/data_pipeline.py took 0.726 seconds
[2025-04-23T17:46:31.182+0700] {processor.py:186} INFO - Started process (PID=398741) to work on /home/minhle/mlops/dags/data_pipeline.py
[2025-04-23T17:46:31.183+0700] {processor.py:914} INFO - Processing file /home/minhle/mlops/dags/data_pipeline.py for tasks to queue
[2025-04-23T17:46:31.184+0700] {logging_mixin.py:190} INFO - [2025-04-23T17:46:31.183+0700] {dagbag.py:588} INFO - Filling up the DagBag from /home/minhle/mlops/dags/data_pipeline.py
[2025-04-23T17:46:31.752+0700] {processor.py:925} INFO - DAG(s) 'data_pipeline_v01' retrieved from /home/minhle/mlops/dags/data_pipeline.py
[2025-04-23T17:46:31.759+0700] {logging_mixin.py:190} INFO - [2025-04-23T17:46:31.759+0700] {dag.py:3239} INFO - Sync 1 DAGs
[2025-04-23T17:46:31.766+0700] {logging_mixin.py:190} INFO - [2025-04-23T17:46:31.766+0700] {dag.py:4180} INFO - Setting next_dagrun for data_pipeline_v01 to 2025-04-22 00:00:00+00:00, run_after=2025-04-23 00:00:00+00:00
[2025-04-23T17:46:31.863+0700] {processor.py:208} INFO - Processing /home/minhle/mlops/dags/data_pipeline.py took 0.688 seconds
[2025-04-23T17:47:03.042+0700] {processor.py:186} INFO - Started process (PID=398821) to work on /home/minhle/mlops/dags/data_pipeline.py
[2025-04-23T17:47:03.043+0700] {processor.py:914} INFO - Processing file /home/minhle/mlops/dags/data_pipeline.py for tasks to queue
[2025-04-23T17:47:03.044+0700] {logging_mixin.py:190} INFO - [2025-04-23T17:47:03.044+0700] {dagbag.py:588} INFO - Filling up the DagBag from /home/minhle/mlops/dags/data_pipeline.py
[2025-04-23T17:47:03.638+0700] {processor.py:925} INFO - DAG(s) 'data_pipeline_v01' retrieved from /home/minhle/mlops/dags/data_pipeline.py
[2025-04-23T17:47:03.646+0700] {logging_mixin.py:190} INFO - [2025-04-23T17:47:03.645+0700] {dag.py:3239} INFO - Sync 1 DAGs
[2025-04-23T17:47:03.652+0700] {logging_mixin.py:190} INFO - [2025-04-23T17:47:03.652+0700] {dag.py:4180} INFO - Setting next_dagrun for data_pipeline_v01 to 2025-04-22 00:00:00+00:00, run_after=2025-04-23 00:00:00+00:00
[2025-04-23T17:47:03.730+0700] {processor.py:208} INFO - Processing /home/minhle/mlops/dags/data_pipeline.py took 0.693 seconds
[2025-04-23T17:47:34.867+0700] {processor.py:186} INFO - Started process (PID=398901) to work on /home/minhle/mlops/dags/data_pipeline.py
[2025-04-23T17:47:34.868+0700] {processor.py:914} INFO - Processing file /home/minhle/mlops/dags/data_pipeline.py for tasks to queue
[2025-04-23T17:47:34.868+0700] {logging_mixin.py:190} INFO - [2025-04-23T17:47:34.868+0700] {dagbag.py:588} INFO - Filling up the DagBag from /home/minhle/mlops/dags/data_pipeline.py
[2025-04-23T17:47:35.425+0700] {processor.py:925} INFO - DAG(s) 'data_pipeline_v01' retrieved from /home/minhle/mlops/dags/data_pipeline.py
[2025-04-23T17:47:35.432+0700] {logging_mixin.py:190} INFO - [2025-04-23T17:47:35.432+0700] {dag.py:3239} INFO - Sync 1 DAGs
[2025-04-23T17:47:35.439+0700] {logging_mixin.py:190} INFO - [2025-04-23T17:47:35.439+0700] {dag.py:4180} INFO - Setting next_dagrun for data_pipeline_v01 to 2025-04-22 00:00:00+00:00, run_after=2025-04-23 00:00:00+00:00
[2025-04-23T17:47:35.511+0700] {processor.py:208} INFO - Processing /home/minhle/mlops/dags/data_pipeline.py took 0.651 seconds
[2025-04-23T17:48:06.737+0700] {processor.py:186} INFO - Started process (PID=398981) to work on /home/minhle/mlops/dags/data_pipeline.py
[2025-04-23T17:48:06.748+0700] {processor.py:914} INFO - Processing file /home/minhle/mlops/dags/data_pipeline.py for tasks to queue
[2025-04-23T17:48:06.751+0700] {logging_mixin.py:190} INFO - [2025-04-23T17:48:06.750+0700] {dagbag.py:588} INFO - Filling up the DagBag from /home/minhle/mlops/dags/data_pipeline.py
[2025-04-23T17:48:07.333+0700] {processor.py:925} INFO - DAG(s) 'data_pipeline_v01' retrieved from /home/minhle/mlops/dags/data_pipeline.py
[2025-04-23T17:48:07.340+0700] {logging_mixin.py:190} INFO - [2025-04-23T17:48:07.340+0700] {dag.py:3239} INFO - Sync 1 DAGs
[2025-04-23T17:48:07.346+0700] {logging_mixin.py:190} INFO - [2025-04-23T17:48:07.346+0700] {dag.py:4180} INFO - Setting next_dagrun for data_pipeline_v01 to 2025-04-22 00:00:00+00:00, run_after=2025-04-23 00:00:00+00:00
[2025-04-23T17:48:07.409+0700] {processor.py:208} INFO - Processing /home/minhle/mlops/dags/data_pipeline.py took 0.677 seconds
[2025-04-23T17:48:38.573+0700] {processor.py:186} INFO - Started process (PID=399063) to work on /home/minhle/mlops/dags/data_pipeline.py
[2025-04-23T17:48:38.573+0700] {processor.py:914} INFO - Processing file /home/minhle/mlops/dags/data_pipeline.py for tasks to queue
[2025-04-23T17:48:38.574+0700] {logging_mixin.py:190} INFO - [2025-04-23T17:48:38.574+0700] {dagbag.py:588} INFO - Filling up the DagBag from /home/minhle/mlops/dags/data_pipeline.py
[2025-04-23T17:48:39.137+0700] {processor.py:925} INFO - DAG(s) 'data_pipeline_v01' retrieved from /home/minhle/mlops/dags/data_pipeline.py
[2025-04-23T17:48:39.144+0700] {logging_mixin.py:190} INFO - [2025-04-23T17:48:39.144+0700] {dag.py:3239} INFO - Sync 1 DAGs
[2025-04-23T17:48:39.150+0700] {logging_mixin.py:190} INFO - [2025-04-23T17:48:39.150+0700] {dag.py:4180} INFO - Setting next_dagrun for data_pipeline_v01 to 2025-04-22 00:00:00+00:00, run_after=2025-04-23 00:00:00+00:00
[2025-04-23T17:48:39.213+0700] {processor.py:208} INFO - Processing /home/minhle/mlops/dags/data_pipeline.py took 0.645 seconds
[2025-04-23T17:49:10.405+0700] {processor.py:186} INFO - Started process (PID=399171) to work on /home/minhle/mlops/dags/data_pipeline.py
[2025-04-23T17:49:10.412+0700] {processor.py:914} INFO - Processing file /home/minhle/mlops/dags/data_pipeline.py for tasks to queue
[2025-04-23T17:49:10.414+0700] {logging_mixin.py:190} INFO - [2025-04-23T17:49:10.413+0700] {dagbag.py:588} INFO - Filling up the DagBag from /home/minhle/mlops/dags/data_pipeline.py
[2025-04-23T17:49:10.981+0700] {processor.py:925} INFO - DAG(s) 'data_pipeline_v01' retrieved from /home/minhle/mlops/dags/data_pipeline.py
[2025-04-23T17:49:10.988+0700] {logging_mixin.py:190} INFO - [2025-04-23T17:49:10.988+0700] {dag.py:3239} INFO - Sync 1 DAGs
[2025-04-23T17:49:10.996+0700] {logging_mixin.py:190} INFO - [2025-04-23T17:49:10.996+0700] {dag.py:4180} INFO - Setting next_dagrun for data_pipeline_v01 to 2025-04-22 00:00:00+00:00, run_after=2025-04-23 00:00:00+00:00
[2025-04-23T17:49:11.116+0700] {processor.py:208} INFO - Processing /home/minhle/mlops/dags/data_pipeline.py took 0.716 seconds
[2025-04-23T17:49:42.557+0700] {processor.py:186} INFO - Started process (PID=399251) to work on /home/minhle/mlops/dags/data_pipeline.py
[2025-04-23T17:49:42.558+0700] {processor.py:914} INFO - Processing file /home/minhle/mlops/dags/data_pipeline.py for tasks to queue
[2025-04-23T17:49:42.559+0700] {logging_mixin.py:190} INFO - [2025-04-23T17:49:42.558+0700] {dagbag.py:588} INFO - Filling up the DagBag from /home/minhle/mlops/dags/data_pipeline.py
[2025-04-23T17:49:43.128+0700] {processor.py:925} INFO - DAG(s) 'data_pipeline_v01' retrieved from /home/minhle/mlops/dags/data_pipeline.py
[2025-04-23T17:49:43.135+0700] {logging_mixin.py:190} INFO - [2025-04-23T17:49:43.135+0700] {dag.py:3239} INFO - Sync 1 DAGs
[2025-04-23T17:49:43.142+0700] {logging_mixin.py:190} INFO - [2025-04-23T17:49:43.142+0700] {dag.py:4180} INFO - Setting next_dagrun for data_pipeline_v01 to 2025-04-22 00:00:00+00:00, run_after=2025-04-23 00:00:00+00:00
[2025-04-23T17:49:43.229+0700] {processor.py:208} INFO - Processing /home/minhle/mlops/dags/data_pipeline.py took 0.679 seconds
[2025-04-23T17:50:14.390+0700] {processor.py:186} INFO - Started process (PID=399333) to work on /home/minhle/mlops/dags/data_pipeline.py
[2025-04-23T17:50:14.391+0700] {processor.py:914} INFO - Processing file /home/minhle/mlops/dags/data_pipeline.py for tasks to queue
[2025-04-23T17:50:14.392+0700] {logging_mixin.py:190} INFO - [2025-04-23T17:50:14.391+0700] {dagbag.py:588} INFO - Filling up the DagBag from /home/minhle/mlops/dags/data_pipeline.py
[2025-04-23T17:50:14.984+0700] {processor.py:925} INFO - DAG(s) 'data_pipeline_v01' retrieved from /home/minhle/mlops/dags/data_pipeline.py
[2025-04-23T17:50:14.991+0700] {logging_mixin.py:190} INFO - [2025-04-23T17:50:14.991+0700] {dag.py:3239} INFO - Sync 1 DAGs
[2025-04-23T17:50:14.998+0700] {logging_mixin.py:190} INFO - [2025-04-23T17:50:14.998+0700] {dag.py:4180} INFO - Setting next_dagrun for data_pipeline_v01 to 2025-04-22 00:00:00+00:00, run_after=2025-04-23 00:00:00+00:00
[2025-04-23T17:50:15.061+0700] {processor.py:208} INFO - Processing /home/minhle/mlops/dags/data_pipeline.py took 0.675 seconds
[2025-04-23T17:50:46.235+0700] {processor.py:186} INFO - Started process (PID=399419) to work on /home/minhle/mlops/dags/data_pipeline.py
[2025-04-23T17:50:46.240+0700] {processor.py:914} INFO - Processing file /home/minhle/mlops/dags/data_pipeline.py for tasks to queue
[2025-04-23T17:50:46.243+0700] {logging_mixin.py:190} INFO - [2025-04-23T17:50:46.242+0700] {dagbag.py:588} INFO - Filling up the DagBag from /home/minhle/mlops/dags/data_pipeline.py
[2025-04-23T17:50:46.808+0700] {processor.py:925} INFO - DAG(s) 'data_pipeline_v01' retrieved from /home/minhle/mlops/dags/data_pipeline.py
[2025-04-23T17:50:46.815+0700] {logging_mixin.py:190} INFO - [2025-04-23T17:50:46.814+0700] {dag.py:3239} INFO - Sync 1 DAGs
[2025-04-23T17:50:46.821+0700] {logging_mixin.py:190} INFO - [2025-04-23T17:50:46.821+0700] {dag.py:4180} INFO - Setting next_dagrun for data_pipeline_v01 to 2025-04-22 00:00:00+00:00, run_after=2025-04-23 00:00:00+00:00
[2025-04-23T17:50:46.910+0700] {processor.py:208} INFO - Processing /home/minhle/mlops/dags/data_pipeline.py took 0.682 seconds
[2025-04-23T17:51:18.089+0700] {processor.py:186} INFO - Started process (PID=399499) to work on /home/minhle/mlops/dags/data_pipeline.py
[2025-04-23T17:51:18.089+0700] {processor.py:914} INFO - Processing file /home/minhle/mlops/dags/data_pipeline.py for tasks to queue
[2025-04-23T17:51:18.090+0700] {logging_mixin.py:190} INFO - [2025-04-23T17:51:18.090+0700] {dagbag.py:588} INFO - Filling up the DagBag from /home/minhle/mlops/dags/data_pipeline.py
[2025-04-23T17:51:18.652+0700] {processor.py:925} INFO - DAG(s) 'data_pipeline_v01' retrieved from /home/minhle/mlops/dags/data_pipeline.py
[2025-04-23T17:51:18.659+0700] {logging_mixin.py:190} INFO - [2025-04-23T17:51:18.659+0700] {dag.py:3239} INFO - Sync 1 DAGs
[2025-04-23T17:51:18.666+0700] {logging_mixin.py:190} INFO - [2025-04-23T17:51:18.665+0700] {dag.py:4180} INFO - Setting next_dagrun for data_pipeline_v01 to 2025-04-22 00:00:00+00:00, run_after=2025-04-23 00:00:00+00:00
[2025-04-23T17:51:18.772+0700] {processor.py:208} INFO - Processing /home/minhle/mlops/dags/data_pipeline.py took 0.690 seconds
[2025-04-23T17:51:49.800+0700] {processor.py:186} INFO - Started process (PID=399591) to work on /home/minhle/mlops/dags/data_pipeline.py
[2025-04-23T17:51:49.802+0700] {processor.py:914} INFO - Processing file /home/minhle/mlops/dags/data_pipeline.py for tasks to queue
[2025-04-23T17:51:49.802+0700] {logging_mixin.py:190} INFO - [2025-04-23T17:51:49.802+0700] {dagbag.py:588} INFO - Filling up the DagBag from /home/minhle/mlops/dags/data_pipeline.py
[2025-04-23T17:51:50.367+0700] {processor.py:925} INFO - DAG(s) 'data_pipeline_v01' retrieved from /home/minhle/mlops/dags/data_pipeline.py
[2025-04-23T17:51:50.373+0700] {logging_mixin.py:190} INFO - [2025-04-23T17:51:50.373+0700] {dag.py:3239} INFO - Sync 1 DAGs
[2025-04-23T17:51:50.380+0700] {logging_mixin.py:190} INFO - [2025-04-23T17:51:50.380+0700] {dag.py:4180} INFO - Setting next_dagrun for data_pipeline_v01 to 2025-04-22 00:00:00+00:00, run_after=2025-04-23 00:00:00+00:00
[2025-04-23T17:51:50.480+0700] {processor.py:208} INFO - Processing /home/minhle/mlops/dags/data_pipeline.py took 0.684 seconds
[2025-04-23T17:52:21.636+0700] {processor.py:186} INFO - Started process (PID=399672) to work on /home/minhle/mlops/dags/data_pipeline.py
[2025-04-23T17:52:21.637+0700] {processor.py:914} INFO - Processing file /home/minhle/mlops/dags/data_pipeline.py for tasks to queue
[2025-04-23T17:52:21.638+0700] {logging_mixin.py:190} INFO - [2025-04-23T17:52:21.637+0700] {dagbag.py:588} INFO - Filling up the DagBag from /home/minhle/mlops/dags/data_pipeline.py
[2025-04-23T17:52:22.192+0700] {processor.py:925} INFO - DAG(s) 'data_pipeline_v01' retrieved from /home/minhle/mlops/dags/data_pipeline.py
[2025-04-23T17:52:22.199+0700] {logging_mixin.py:190} INFO - [2025-04-23T17:52:22.199+0700] {dag.py:3239} INFO - Sync 1 DAGs
[2025-04-23T17:52:22.206+0700] {logging_mixin.py:190} INFO - [2025-04-23T17:52:22.206+0700] {dag.py:4180} INFO - Setting next_dagrun for data_pipeline_v01 to 2025-04-22 00:00:00+00:00, run_after=2025-04-23 00:00:00+00:00
[2025-04-23T17:52:22.282+0700] {processor.py:208} INFO - Processing /home/minhle/mlops/dags/data_pipeline.py took 0.651 seconds
[2025-04-23T17:52:53.503+0700] {processor.py:186} INFO - Started process (PID=399752) to work on /home/minhle/mlops/dags/data_pipeline.py
[2025-04-23T17:52:53.513+0700] {processor.py:914} INFO - Processing file /home/minhle/mlops/dags/data_pipeline.py for tasks to queue
[2025-04-23T17:52:53.515+0700] {logging_mixin.py:190} INFO - [2025-04-23T17:52:53.514+0700] {dagbag.py:588} INFO - Filling up the DagBag from /home/minhle/mlops/dags/data_pipeline.py
[2025-04-23T17:52:54.095+0700] {processor.py:925} INFO - DAG(s) 'data_pipeline_v01' retrieved from /home/minhle/mlops/dags/data_pipeline.py
[2025-04-23T17:52:54.102+0700] {logging_mixin.py:190} INFO - [2025-04-23T17:52:54.102+0700] {dag.py:3239} INFO - Sync 1 DAGs
[2025-04-23T17:52:54.110+0700] {logging_mixin.py:190} INFO - [2025-04-23T17:52:54.110+0700] {dag.py:4180} INFO - Setting next_dagrun for data_pipeline_v01 to 2025-04-22 00:00:00+00:00, run_after=2025-04-23 00:00:00+00:00
[2025-04-23T17:52:54.178+0700] {processor.py:208} INFO - Processing /home/minhle/mlops/dags/data_pipeline.py took 0.679 seconds
[2025-04-23T17:53:25.379+0700] {processor.py:186} INFO - Started process (PID=399833) to work on /home/minhle/mlops/dags/data_pipeline.py
[2025-04-23T17:53:25.379+0700] {processor.py:914} INFO - Processing file /home/minhle/mlops/dags/data_pipeline.py for tasks to queue
[2025-04-23T17:53:25.380+0700] {logging_mixin.py:190} INFO - [2025-04-23T17:53:25.380+0700] {dagbag.py:588} INFO - Filling up the DagBag from /home/minhle/mlops/dags/data_pipeline.py
[2025-04-23T17:53:25.946+0700] {processor.py:925} INFO - DAG(s) 'data_pipeline_v01' retrieved from /home/minhle/mlops/dags/data_pipeline.py
[2025-04-23T17:53:25.954+0700] {logging_mixin.py:190} INFO - [2025-04-23T17:53:25.953+0700] {dag.py:3239} INFO - Sync 1 DAGs
[2025-04-23T17:53:25.960+0700] {logging_mixin.py:190} INFO - [2025-04-23T17:53:25.960+0700] {dag.py:4180} INFO - Setting next_dagrun for data_pipeline_v01 to 2025-04-22 00:00:00+00:00, run_after=2025-04-23 00:00:00+00:00
[2025-04-23T17:53:26.056+0700] {processor.py:208} INFO - Processing /home/minhle/mlops/dags/data_pipeline.py took 0.685 seconds
[2025-04-23T17:53:57.325+0700] {processor.py:186} INFO - Started process (PID=399913) to work on /home/minhle/mlops/dags/data_pipeline.py
[2025-04-23T17:53:57.334+0700] {processor.py:914} INFO - Processing file /home/minhle/mlops/dags/data_pipeline.py for tasks to queue
[2025-04-23T17:53:57.336+0700] {logging_mixin.py:190} INFO - [2025-04-23T17:53:57.336+0700] {dagbag.py:588} INFO - Filling up the DagBag from /home/minhle/mlops/dags/data_pipeline.py
[2025-04-23T17:53:57.897+0700] {processor.py:925} INFO - DAG(s) 'data_pipeline_v01' retrieved from /home/minhle/mlops/dags/data_pipeline.py
[2025-04-23T17:53:57.904+0700] {logging_mixin.py:190} INFO - [2025-04-23T17:53:57.904+0700] {dag.py:3239} INFO - Sync 1 DAGs
[2025-04-23T17:53:57.911+0700] {logging_mixin.py:190} INFO - [2025-04-23T17:53:57.911+0700] {dag.py:4180} INFO - Setting next_dagrun for data_pipeline_v01 to 2025-04-22 00:00:00+00:00, run_after=2025-04-23 00:00:00+00:00
[2025-04-23T17:53:58.006+0700] {processor.py:208} INFO - Processing /home/minhle/mlops/dags/data_pipeline.py took 0.687 seconds
[2025-04-23T17:54:29.192+0700] {processor.py:186} INFO - Started process (PID=400021) to work on /home/minhle/mlops/dags/data_pipeline.py
[2025-04-23T17:54:29.193+0700] {processor.py:914} INFO - Processing file /home/minhle/mlops/dags/data_pipeline.py for tasks to queue
[2025-04-23T17:54:29.195+0700] {logging_mixin.py:190} INFO - [2025-04-23T17:54:29.194+0700] {dagbag.py:588} INFO - Filling up the DagBag from /home/minhle/mlops/dags/data_pipeline.py
[2025-04-23T17:54:29.754+0700] {processor.py:925} INFO - DAG(s) 'data_pipeline_v01' retrieved from /home/minhle/mlops/dags/data_pipeline.py
[2025-04-23T17:54:29.761+0700] {logging_mixin.py:190} INFO - [2025-04-23T17:54:29.760+0700] {dag.py:3239} INFO - Sync 1 DAGs
[2025-04-23T17:54:29.767+0700] {logging_mixin.py:190} INFO - [2025-04-23T17:54:29.767+0700] {dag.py:4180} INFO - Setting next_dagrun for data_pipeline_v01 to 2025-04-22 00:00:00+00:00, run_after=2025-04-23 00:00:00+00:00
[2025-04-23T17:54:29.858+0700] {processor.py:208} INFO - Processing /home/minhle/mlops/dags/data_pipeline.py took 0.670 seconds
[2025-04-23T17:55:00.930+0700] {processor.py:186} INFO - Started process (PID=400101) to work on /home/minhle/mlops/dags/data_pipeline.py
[2025-04-23T17:55:00.930+0700] {processor.py:914} INFO - Processing file /home/minhle/mlops/dags/data_pipeline.py for tasks to queue
[2025-04-23T17:55:00.931+0700] {logging_mixin.py:190} INFO - [2025-04-23T17:55:00.931+0700] {dagbag.py:588} INFO - Filling up the DagBag from /home/minhle/mlops/dags/data_pipeline.py
[2025-04-23T17:55:01.510+0700] {processor.py:925} INFO - DAG(s) 'data_pipeline_v01' retrieved from /home/minhle/mlops/dags/data_pipeline.py
[2025-04-23T17:55:01.517+0700] {logging_mixin.py:190} INFO - [2025-04-23T17:55:01.517+0700] {dag.py:3239} INFO - Sync 1 DAGs
[2025-04-23T17:55:01.523+0700] {logging_mixin.py:190} INFO - [2025-04-23T17:55:01.523+0700] {dag.py:4180} INFO - Setting next_dagrun for data_pipeline_v01 to 2025-04-22 00:00:00+00:00, run_after=2025-04-23 00:00:00+00:00
[2025-04-23T17:55:01.586+0700] {processor.py:208} INFO - Processing /home/minhle/mlops/dags/data_pipeline.py took 0.661 seconds
[2025-04-23T17:55:33.396+0700] {processor.py:186} INFO - Started process (PID=400182) to work on /home/minhle/mlops/dags/data_pipeline.py
[2025-04-23T17:55:33.406+0700] {processor.py:914} INFO - Processing file /home/minhle/mlops/dags/data_pipeline.py for tasks to queue
[2025-04-23T17:55:33.409+0700] {logging_mixin.py:190} INFO - [2025-04-23T17:55:33.408+0700] {dagbag.py:588} INFO - Filling up the DagBag from /home/minhle/mlops/dags/data_pipeline.py
[2025-04-23T17:55:33.983+0700] {processor.py:925} INFO - DAG(s) 'data_pipeline_v01' retrieved from /home/minhle/mlops/dags/data_pipeline.py
[2025-04-23T17:55:33.990+0700] {logging_mixin.py:190} INFO - [2025-04-23T17:55:33.990+0700] {dag.py:3239} INFO - Sync 1 DAGs
[2025-04-23T17:55:33.997+0700] {logging_mixin.py:190} INFO - [2025-04-23T17:55:33.997+0700] {dag.py:4180} INFO - Setting next_dagrun for data_pipeline_v01 to 2025-04-22 00:00:00+00:00, run_after=2025-04-23 00:00:00+00:00
[2025-04-23T17:55:34.089+0700] {processor.py:208} INFO - Processing /home/minhle/mlops/dags/data_pipeline.py took 0.701 seconds
[2025-04-23T17:56:05.246+0700] {processor.py:186} INFO - Started process (PID=400262) to work on /home/minhle/mlops/dags/data_pipeline.py
[2025-04-23T17:56:05.247+0700] {processor.py:914} INFO - Processing file /home/minhle/mlops/dags/data_pipeline.py for tasks to queue
[2025-04-23T17:56:05.248+0700] {logging_mixin.py:190} INFO - [2025-04-23T17:56:05.248+0700] {dagbag.py:588} INFO - Filling up the DagBag from /home/minhle/mlops/dags/data_pipeline.py
[2025-04-23T17:56:05.880+0700] {processor.py:925} INFO - DAG(s) 'data_pipeline_v01' retrieved from /home/minhle/mlops/dags/data_pipeline.py
[2025-04-23T17:56:05.887+0700] {logging_mixin.py:190} INFO - [2025-04-23T17:56:05.887+0700] {dag.py:3239} INFO - Sync 1 DAGs
[2025-04-23T17:56:05.894+0700] {logging_mixin.py:190} INFO - [2025-04-23T17:56:05.894+0700] {dag.py:4180} INFO - Setting next_dagrun for data_pipeline_v01 to 2025-04-22 00:00:00+00:00, run_after=2025-04-23 00:00:00+00:00
[2025-04-23T17:56:05.977+0700] {processor.py:208} INFO - Processing /home/minhle/mlops/dags/data_pipeline.py took 0.735 seconds
[2025-04-23T17:56:37.105+0700] {processor.py:186} INFO - Started process (PID=400343) to work on /home/minhle/mlops/dags/data_pipeline.py
[2025-04-23T17:56:37.106+0700] {processor.py:914} INFO - Processing file /home/minhle/mlops/dags/data_pipeline.py for tasks to queue
[2025-04-23T17:56:37.106+0700] {logging_mixin.py:190} INFO - [2025-04-23T17:56:37.106+0700] {dagbag.py:588} INFO - Filling up the DagBag from /home/minhle/mlops/dags/data_pipeline.py
[2025-04-23T17:56:37.704+0700] {processor.py:925} INFO - DAG(s) 'data_pipeline_v01' retrieved from /home/minhle/mlops/dags/data_pipeline.py
[2025-04-23T17:56:37.711+0700] {logging_mixin.py:190} INFO - [2025-04-23T17:56:37.711+0700] {dag.py:3239} INFO - Sync 1 DAGs
[2025-04-23T17:56:37.717+0700] {logging_mixin.py:190} INFO - [2025-04-23T17:56:37.717+0700] {dag.py:4180} INFO - Setting next_dagrun for data_pipeline_v01 to 2025-04-22 00:00:00+00:00, run_after=2025-04-23 00:00:00+00:00
[2025-04-23T17:56:37.804+0700] {processor.py:208} INFO - Processing /home/minhle/mlops/dags/data_pipeline.py took 0.706 seconds
[2025-04-23T17:57:09.068+0700] {processor.py:186} INFO - Started process (PID=400423) to work on /home/minhle/mlops/dags/data_pipeline.py
[2025-04-23T17:57:09.068+0700] {processor.py:914} INFO - Processing file /home/minhle/mlops/dags/data_pipeline.py for tasks to queue
[2025-04-23T17:57:09.069+0700] {logging_mixin.py:190} INFO - [2025-04-23T17:57:09.069+0700] {dagbag.py:588} INFO - Filling up the DagBag from /home/minhle/mlops/dags/data_pipeline.py
[2025-04-23T17:57:09.681+0700] {processor.py:925} INFO - DAG(s) 'data_pipeline_v01' retrieved from /home/minhle/mlops/dags/data_pipeline.py
[2025-04-23T17:57:09.688+0700] {logging_mixin.py:190} INFO - [2025-04-23T17:57:09.688+0700] {dag.py:3239} INFO - Sync 1 DAGs
[2025-04-23T17:57:09.695+0700] {logging_mixin.py:190} INFO - [2025-04-23T17:57:09.695+0700] {dag.py:4180} INFO - Setting next_dagrun for data_pipeline_v01 to 2025-04-22 00:00:00+00:00, run_after=2025-04-23 00:00:00+00:00
[2025-04-23T17:57:09.791+0700] {processor.py:208} INFO - Processing /home/minhle/mlops/dags/data_pipeline.py took 0.727 seconds
[2025-04-23T17:57:41.084+0700] {processor.py:186} INFO - Started process (PID=400503) to work on /home/minhle/mlops/dags/data_pipeline.py
[2025-04-23T17:57:41.091+0700] {processor.py:914} INFO - Processing file /home/minhle/mlops/dags/data_pipeline.py for tasks to queue
[2025-04-23T17:57:41.093+0700] {logging_mixin.py:190} INFO - [2025-04-23T17:57:41.093+0700] {dagbag.py:588} INFO - Filling up the DagBag from /home/minhle/mlops/dags/data_pipeline.py
[2025-04-23T17:57:41.657+0700] {processor.py:925} INFO - DAG(s) 'data_pipeline_v01' retrieved from /home/minhle/mlops/dags/data_pipeline.py
[2025-04-23T17:57:41.664+0700] {logging_mixin.py:190} INFO - [2025-04-23T17:57:41.664+0700] {dag.py:3239} INFO - Sync 1 DAGs
[2025-04-23T17:57:41.670+0700] {logging_mixin.py:190} INFO - [2025-04-23T17:57:41.670+0700] {dag.py:4180} INFO - Setting next_dagrun for data_pipeline_v01 to 2025-04-22 00:00:00+00:00, run_after=2025-04-23 00:00:00+00:00
[2025-04-23T17:57:41.743+0700] {processor.py:208} INFO - Processing /home/minhle/mlops/dags/data_pipeline.py took 0.664 seconds
[2025-04-23T17:58:12.936+0700] {processor.py:186} INFO - Started process (PID=400584) to work on /home/minhle/mlops/dags/data_pipeline.py
[2025-04-23T17:58:12.937+0700] {processor.py:914} INFO - Processing file /home/minhle/mlops/dags/data_pipeline.py for tasks to queue
[2025-04-23T17:58:12.938+0700] {logging_mixin.py:190} INFO - [2025-04-23T17:58:12.938+0700] {dagbag.py:588} INFO - Filling up the DagBag from /home/minhle/mlops/dags/data_pipeline.py
[2025-04-23T17:58:13.562+0700] {processor.py:925} INFO - DAG(s) 'data_pipeline_v01' retrieved from /home/minhle/mlops/dags/data_pipeline.py
[2025-04-23T17:58:13.569+0700] {logging_mixin.py:190} INFO - [2025-04-23T17:58:13.569+0700] {dag.py:3239} INFO - Sync 1 DAGs
[2025-04-23T17:58:13.575+0700] {logging_mixin.py:190} INFO - [2025-04-23T17:58:13.575+0700] {dag.py:4180} INFO - Setting next_dagrun for data_pipeline_v01 to 2025-04-22 00:00:00+00:00, run_after=2025-04-23 00:00:00+00:00
[2025-04-23T17:58:13.645+0700] {processor.py:208} INFO - Processing /home/minhle/mlops/dags/data_pipeline.py took 0.716 seconds
[2025-04-23T17:58:44.676+0700] {processor.py:186} INFO - Started process (PID=400665) to work on /home/minhle/mlops/dags/data_pipeline.py
[2025-04-23T17:58:44.686+0700] {processor.py:914} INFO - Processing file /home/minhle/mlops/dags/data_pipeline.py for tasks to queue
[2025-04-23T17:58:44.689+0700] {logging_mixin.py:190} INFO - [2025-04-23T17:58:44.688+0700] {dagbag.py:588} INFO - Filling up the DagBag from /home/minhle/mlops/dags/data_pipeline.py
[2025-04-23T17:58:45.266+0700] {processor.py:925} INFO - DAG(s) 'data_pipeline_v01' retrieved from /home/minhle/mlops/dags/data_pipeline.py
[2025-04-23T17:58:45.272+0700] {logging_mixin.py:190} INFO - [2025-04-23T17:58:45.272+0700] {dag.py:3239} INFO - Sync 1 DAGs
[2025-04-23T17:58:45.279+0700] {logging_mixin.py:190} INFO - [2025-04-23T17:58:45.279+0700] {dag.py:4180} INFO - Setting next_dagrun for data_pipeline_v01 to 2025-04-22 00:00:00+00:00, run_after=2025-04-23 00:00:00+00:00
[2025-04-23T17:58:45.347+0700] {processor.py:208} INFO - Processing /home/minhle/mlops/dags/data_pipeline.py took 0.678 seconds
[2025-04-23T17:59:16.526+0700] {processor.py:186} INFO - Started process (PID=400772) to work on /home/minhle/mlops/dags/data_pipeline.py
[2025-04-23T17:59:16.527+0700] {processor.py:914} INFO - Processing file /home/minhle/mlops/dags/data_pipeline.py for tasks to queue
[2025-04-23T17:59:16.527+0700] {logging_mixin.py:190} INFO - [2025-04-23T17:59:16.527+0700] {dagbag.py:588} INFO - Filling up the DagBag from /home/minhle/mlops/dags/data_pipeline.py
[2025-04-23T17:59:17.085+0700] {processor.py:925} INFO - DAG(s) 'data_pipeline_v01' retrieved from /home/minhle/mlops/dags/data_pipeline.py
[2025-04-23T17:59:17.092+0700] {logging_mixin.py:190} INFO - [2025-04-23T17:59:17.092+0700] {dag.py:3239} INFO - Sync 1 DAGs
[2025-04-23T17:59:17.099+0700] {logging_mixin.py:190} INFO - [2025-04-23T17:59:17.099+0700] {dag.py:4180} INFO - Setting next_dagrun for data_pipeline_v01 to 2025-04-22 00:00:00+00:00, run_after=2025-04-23 00:00:00+00:00
[2025-04-23T17:59:17.167+0700] {processor.py:208} INFO - Processing /home/minhle/mlops/dags/data_pipeline.py took 0.643 seconds
[2025-04-23T17:59:48.357+0700] {processor.py:186} INFO - Started process (PID=400852) to work on /home/minhle/mlops/dags/data_pipeline.py
[2025-04-23T17:59:48.365+0700] {processor.py:914} INFO - Processing file /home/minhle/mlops/dags/data_pipeline.py for tasks to queue
[2025-04-23T17:59:48.368+0700] {logging_mixin.py:190} INFO - [2025-04-23T17:59:48.367+0700] {dagbag.py:588} INFO - Filling up the DagBag from /home/minhle/mlops/dags/data_pipeline.py
[2025-04-23T17:59:48.949+0700] {processor.py:925} INFO - DAG(s) 'data_pipeline_v01' retrieved from /home/minhle/mlops/dags/data_pipeline.py
[2025-04-23T17:59:48.956+0700] {logging_mixin.py:190} INFO - [2025-04-23T17:59:48.956+0700] {dag.py:3239} INFO - Sync 1 DAGs
[2025-04-23T17:59:48.963+0700] {logging_mixin.py:190} INFO - [2025-04-23T17:59:48.963+0700] {dag.py:4180} INFO - Setting next_dagrun for data_pipeline_v01 to 2025-04-22 00:00:00+00:00, run_after=2025-04-23 00:00:00+00:00
[2025-04-23T17:59:49.146+0700] {processor.py:208} INFO - Processing /home/minhle/mlops/dags/data_pipeline.py took 0.794 seconds
[2025-04-23T18:00:20.498+0700] {processor.py:186} INFO - Started process (PID=400933) to work on /home/minhle/mlops/dags/data_pipeline.py
[2025-04-23T18:00:20.498+0700] {processor.py:914} INFO - Processing file /home/minhle/mlops/dags/data_pipeline.py for tasks to queue
[2025-04-23T18:00:20.499+0700] {logging_mixin.py:190} INFO - [2025-04-23T18:00:20.498+0700] {dagbag.py:588} INFO - Filling up the DagBag from /home/minhle/mlops/dags/data_pipeline.py
[2025-04-23T18:00:21.058+0700] {processor.py:925} INFO - DAG(s) 'data_pipeline_v01' retrieved from /home/minhle/mlops/dags/data_pipeline.py
[2025-04-23T18:00:21.065+0700] {logging_mixin.py:190} INFO - [2025-04-23T18:00:21.064+0700] {dag.py:3239} INFO - Sync 1 DAGs
[2025-04-23T18:00:21.071+0700] {logging_mixin.py:190} INFO - [2025-04-23T18:00:21.071+0700] {dag.py:4180} INFO - Setting next_dagrun for data_pipeline_v01 to 2025-04-22 00:00:00+00:00, run_after=2025-04-23 00:00:00+00:00
[2025-04-23T18:00:21.356+0700] {processor.py:208} INFO - Processing /home/minhle/mlops/dags/data_pipeline.py took 0.864 seconds
[2025-04-23T18:00:52.364+0700] {processor.py:186} INFO - Started process (PID=401014) to work on /home/minhle/mlops/dags/data_pipeline.py
[2025-04-23T18:00:52.365+0700] {processor.py:914} INFO - Processing file /home/minhle/mlops/dags/data_pipeline.py for tasks to queue
[2025-04-23T18:00:52.367+0700] {logging_mixin.py:190} INFO - [2025-04-23T18:00:52.366+0700] {dagbag.py:588} INFO - Filling up the DagBag from /home/minhle/mlops/dags/data_pipeline.py
[2025-04-23T18:00:52.925+0700] {processor.py:925} INFO - DAG(s) 'data_pipeline_v01' retrieved from /home/minhle/mlops/dags/data_pipeline.py
[2025-04-23T18:00:52.932+0700] {logging_mixin.py:190} INFO - [2025-04-23T18:00:52.932+0700] {dag.py:3239} INFO - Sync 1 DAGs
[2025-04-23T18:00:52.938+0700] {logging_mixin.py:190} INFO - [2025-04-23T18:00:52.938+0700] {dag.py:4180} INFO - Setting next_dagrun for data_pipeline_v01 to 2025-04-22 00:00:00+00:00, run_after=2025-04-23 00:00:00+00:00
[2025-04-23T18:00:53.048+0700] {processor.py:208} INFO - Processing /home/minhle/mlops/dags/data_pipeline.py took 0.690 seconds
[2025-04-23T18:01:24.423+0700] {processor.py:186} INFO - Started process (PID=401094) to work on /home/minhle/mlops/dags/data_pipeline.py
[2025-04-23T18:01:24.424+0700] {processor.py:914} INFO - Processing file /home/minhle/mlops/dags/data_pipeline.py for tasks to queue
[2025-04-23T18:01:24.426+0700] {logging_mixin.py:190} INFO - [2025-04-23T18:01:24.425+0700] {dagbag.py:588} INFO - Filling up the DagBag from /home/minhle/mlops/dags/data_pipeline.py
[2025-04-23T18:01:25.002+0700] {processor.py:925} INFO - DAG(s) 'data_pipeline_v01' retrieved from /home/minhle/mlops/dags/data_pipeline.py
[2025-04-23T18:01:25.009+0700] {logging_mixin.py:190} INFO - [2025-04-23T18:01:25.009+0700] {dag.py:3239} INFO - Sync 1 DAGs
[2025-04-23T18:01:25.016+0700] {logging_mixin.py:190} INFO - [2025-04-23T18:01:25.016+0700] {dag.py:4180} INFO - Setting next_dagrun for data_pipeline_v01 to 2025-04-22 00:00:00+00:00, run_after=2025-04-23 00:00:00+00:00
[2025-04-23T18:01:25.108+0700] {processor.py:208} INFO - Processing /home/minhle/mlops/dags/data_pipeline.py took 0.694 seconds
[2025-04-23T18:01:56.378+0700] {processor.py:186} INFO - Started process (PID=401232) to work on /home/minhle/mlops/dags/data_pipeline.py
[2025-04-23T18:01:56.387+0700] {processor.py:914} INFO - Processing file /home/minhle/mlops/dags/data_pipeline.py for tasks to queue
[2025-04-23T18:01:56.388+0700] {logging_mixin.py:190} INFO - [2025-04-23T18:01:56.388+0700] {dagbag.py:588} INFO - Filling up the DagBag from /home/minhle/mlops/dags/data_pipeline.py
[2025-04-23T18:01:57.028+0700] {processor.py:925} INFO - DAG(s) 'data_pipeline_v01' retrieved from /home/minhle/mlops/dags/data_pipeline.py
[2025-04-23T18:01:57.037+0700] {logging_mixin.py:190} INFO - [2025-04-23T18:01:57.036+0700] {dag.py:3239} INFO - Sync 1 DAGs
[2025-04-23T18:01:57.044+0700] {logging_mixin.py:190} INFO - [2025-04-23T18:01:57.044+0700] {dag.py:4180} INFO - Setting next_dagrun for data_pipeline_v01 to 2025-04-22 00:00:00+00:00, run_after=2025-04-23 00:00:00+00:00
[2025-04-23T18:01:57.123+0700] {processor.py:208} INFO - Processing /home/minhle/mlops/dags/data_pipeline.py took 0.751 seconds
[2025-04-23T18:02:28.497+0700] {processor.py:186} INFO - Started process (PID=401314) to work on /home/minhle/mlops/dags/data_pipeline.py
[2025-04-23T18:02:28.497+0700] {processor.py:914} INFO - Processing file /home/minhle/mlops/dags/data_pipeline.py for tasks to queue
[2025-04-23T18:02:28.498+0700] {logging_mixin.py:190} INFO - [2025-04-23T18:02:28.498+0700] {dagbag.py:588} INFO - Filling up the DagBag from /home/minhle/mlops/dags/data_pipeline.py
[2025-04-23T18:02:29.152+0700] {processor.py:925} INFO - DAG(s) 'data_pipeline_v01' retrieved from /home/minhle/mlops/dags/data_pipeline.py
[2025-04-23T18:02:29.160+0700] {logging_mixin.py:190} INFO - [2025-04-23T18:02:29.160+0700] {dag.py:3239} INFO - Sync 1 DAGs
[2025-04-23T18:02:29.170+0700] {logging_mixin.py:190} INFO - [2025-04-23T18:02:29.169+0700] {dag.py:4180} INFO - Setting next_dagrun for data_pipeline_v01 to 2025-04-22 00:00:00+00:00, run_after=2025-04-23 00:00:00+00:00
[2025-04-23T18:02:29.293+0700] {processor.py:208} INFO - Processing /home/minhle/mlops/dags/data_pipeline.py took 0.800 seconds
[2025-04-23T18:03:00.632+0700] {processor.py:186} INFO - Started process (PID=401394) to work on /home/minhle/mlops/dags/data_pipeline.py
[2025-04-23T18:03:00.663+0700] {processor.py:914} INFO - Processing file /home/minhle/mlops/dags/data_pipeline.py for tasks to queue
[2025-04-23T18:03:00.666+0700] {logging_mixin.py:190} INFO - [2025-04-23T18:03:00.665+0700] {dagbag.py:588} INFO - Filling up the DagBag from /home/minhle/mlops/dags/data_pipeline.py
[2025-04-23T18:03:01.330+0700] {processor.py:925} INFO - DAG(s) 'data_pipeline_v01' retrieved from /home/minhle/mlops/dags/data_pipeline.py
[2025-04-23T18:03:01.338+0700] {logging_mixin.py:190} INFO - [2025-04-23T18:03:01.338+0700] {dag.py:3239} INFO - Sync 1 DAGs
[2025-04-23T18:03:01.346+0700] {logging_mixin.py:190} INFO - [2025-04-23T18:03:01.346+0700] {dag.py:4180} INFO - Setting next_dagrun for data_pipeline_v01 to 2025-04-22 00:00:00+00:00, run_after=2025-04-23 00:00:00+00:00
[2025-04-23T18:03:01.630+0700] {processor.py:208} INFO - Processing /home/minhle/mlops/dags/data_pipeline.py took 1.003 seconds
[2025-04-23T18:03:32.711+0700] {processor.py:186} INFO - Started process (PID=401474) to work on /home/minhle/mlops/dags/data_pipeline.py
[2025-04-23T18:03:32.712+0700] {processor.py:914} INFO - Processing file /home/minhle/mlops/dags/data_pipeline.py for tasks to queue
[2025-04-23T18:03:32.714+0700] {logging_mixin.py:190} INFO - [2025-04-23T18:03:32.714+0700] {dagbag.py:588} INFO - Filling up the DagBag from /home/minhle/mlops/dags/data_pipeline.py
[2025-04-23T18:03:33.351+0700] {processor.py:925} INFO - DAG(s) 'data_pipeline_v01' retrieved from /home/minhle/mlops/dags/data_pipeline.py
[2025-04-23T18:03:33.358+0700] {logging_mixin.py:190} INFO - [2025-04-23T18:03:33.358+0700] {dag.py:3239} INFO - Sync 1 DAGs
[2025-04-23T18:03:33.366+0700] {logging_mixin.py:190} INFO - [2025-04-23T18:03:33.366+0700] {dag.py:4180} INFO - Setting next_dagrun for data_pipeline_v01 to 2025-04-22 00:00:00+00:00, run_after=2025-04-23 00:00:00+00:00
[2025-04-23T18:03:33.483+0700] {processor.py:208} INFO - Processing /home/minhle/mlops/dags/data_pipeline.py took 0.784 seconds
[2025-04-23T18:04:05.420+0700] {processor.py:186} INFO - Started process (PID=401558) to work on /home/minhle/mlops/dags/data_pipeline.py
[2025-04-23T18:04:05.421+0700] {processor.py:914} INFO - Processing file /home/minhle/mlops/dags/data_pipeline.py for tasks to queue
[2025-04-23T18:04:05.422+0700] {logging_mixin.py:190} INFO - [2025-04-23T18:04:05.422+0700] {dagbag.py:588} INFO - Filling up the DagBag from /home/minhle/mlops/dags/data_pipeline.py
[2025-04-23T18:04:06.071+0700] {processor.py:925} INFO - DAG(s) 'data_pipeline_v01' retrieved from /home/minhle/mlops/dags/data_pipeline.py
[2025-04-23T18:04:06.079+0700] {logging_mixin.py:190} INFO - [2025-04-23T18:04:06.078+0700] {dag.py:3239} INFO - Sync 1 DAGs
[2025-04-23T18:04:06.086+0700] {logging_mixin.py:190} INFO - [2025-04-23T18:04:06.086+0700] {dag.py:4180} INFO - Setting next_dagrun for data_pipeline_v01 to 2025-04-22 00:00:00+00:00, run_after=2025-04-23 00:00:00+00:00
[2025-04-23T18:04:06.184+0700] {processor.py:208} INFO - Processing /home/minhle/mlops/dags/data_pipeline.py took 0.771 seconds
[2025-04-23T18:04:37.131+0700] {processor.py:186} INFO - Started process (PID=401664) to work on /home/minhle/mlops/dags/data_pipeline.py
[2025-04-23T18:04:37.132+0700] {processor.py:914} INFO - Processing file /home/minhle/mlops/dags/data_pipeline.py for tasks to queue
[2025-04-23T18:04:37.134+0700] {logging_mixin.py:190} INFO - [2025-04-23T18:04:37.133+0700] {dagbag.py:588} INFO - Filling up the DagBag from /home/minhle/mlops/dags/data_pipeline.py
[2025-04-23T18:04:37.796+0700] {processor.py:925} INFO - DAG(s) 'data_pipeline_v01' retrieved from /home/minhle/mlops/dags/data_pipeline.py
[2025-04-23T18:04:37.803+0700] {logging_mixin.py:190} INFO - [2025-04-23T18:04:37.803+0700] {dag.py:3239} INFO - Sync 1 DAGs
[2025-04-23T18:04:37.811+0700] {logging_mixin.py:190} INFO - [2025-04-23T18:04:37.811+0700] {dag.py:4180} INFO - Setting next_dagrun for data_pipeline_v01 to 2025-04-22 00:00:00+00:00, run_after=2025-04-23 00:00:00+00:00
[2025-04-23T18:04:37.875+0700] {processor.py:208} INFO - Processing /home/minhle/mlops/dags/data_pipeline.py took 0.752 seconds
[2025-04-23T18:05:09.171+0700] {processor.py:186} INFO - Started process (PID=401744) to work on /home/minhle/mlops/dags/data_pipeline.py
[2025-04-23T18:05:09.172+0700] {processor.py:914} INFO - Processing file /home/minhle/mlops/dags/data_pipeline.py for tasks to queue
[2025-04-23T18:05:09.173+0700] {logging_mixin.py:190} INFO - [2025-04-23T18:05:09.173+0700] {dagbag.py:588} INFO - Filling up the DagBag from /home/minhle/mlops/dags/data_pipeline.py
[2025-04-23T18:05:09.799+0700] {processor.py:925} INFO - DAG(s) 'data_pipeline_v01' retrieved from /home/minhle/mlops/dags/data_pipeline.py
[2025-04-23T18:05:09.808+0700] {logging_mixin.py:190} INFO - [2025-04-23T18:05:09.808+0700] {dag.py:3239} INFO - Sync 1 DAGs
[2025-04-23T18:05:09.817+0700] {logging_mixin.py:190} INFO - [2025-04-23T18:05:09.817+0700] {dag.py:4180} INFO - Setting next_dagrun for data_pipeline_v01 to 2025-04-22 00:00:00+00:00, run_after=2025-04-23 00:00:00+00:00
[2025-04-23T18:05:09.905+0700] {processor.py:208} INFO - Processing /home/minhle/mlops/dags/data_pipeline.py took 0.739 seconds
[2025-04-23T18:05:41.252+0700] {processor.py:186} INFO - Started process (PID=401824) to work on /home/minhle/mlops/dags/data_pipeline.py
[2025-04-23T18:05:41.254+0700] {processor.py:914} INFO - Processing file /home/minhle/mlops/dags/data_pipeline.py for tasks to queue
[2025-04-23T18:05:41.257+0700] {logging_mixin.py:190} INFO - [2025-04-23T18:05:41.256+0700] {dagbag.py:588} INFO - Filling up the DagBag from /home/minhle/mlops/dags/data_pipeline.py
[2025-04-23T18:05:41.896+0700] {processor.py:925} INFO - DAG(s) 'data_pipeline_v01' retrieved from /home/minhle/mlops/dags/data_pipeline.py
[2025-04-23T18:05:41.904+0700] {logging_mixin.py:190} INFO - [2025-04-23T18:05:41.904+0700] {dag.py:3239} INFO - Sync 1 DAGs
[2025-04-23T18:05:41.912+0700] {logging_mixin.py:190} INFO - [2025-04-23T18:05:41.911+0700] {dag.py:4180} INFO - Setting next_dagrun for data_pipeline_v01 to 2025-04-22 00:00:00+00:00, run_after=2025-04-23 00:00:00+00:00
[2025-04-23T18:05:41.981+0700] {processor.py:208} INFO - Processing /home/minhle/mlops/dags/data_pipeline.py took 0.743 seconds
[2025-04-23T18:06:13.292+0700] {processor.py:186} INFO - Started process (PID=401905) to work on /home/minhle/mlops/dags/data_pipeline.py
[2025-04-23T18:06:13.293+0700] {processor.py:914} INFO - Processing file /home/minhle/mlops/dags/data_pipeline.py for tasks to queue
[2025-04-23T18:06:13.294+0700] {logging_mixin.py:190} INFO - [2025-04-23T18:06:13.294+0700] {dagbag.py:588} INFO - Filling up the DagBag from /home/minhle/mlops/dags/data_pipeline.py
[2025-04-23T18:06:13.918+0700] {processor.py:925} INFO - DAG(s) 'data_pipeline_v01' retrieved from /home/minhle/mlops/dags/data_pipeline.py
[2025-04-23T18:06:13.926+0700] {logging_mixin.py:190} INFO - [2025-04-23T18:06:13.926+0700] {dag.py:3239} INFO - Sync 1 DAGs
[2025-04-23T18:06:13.934+0700] {logging_mixin.py:190} INFO - [2025-04-23T18:06:13.933+0700] {dag.py:4180} INFO - Setting next_dagrun for data_pipeline_v01 to 2025-04-22 00:00:00+00:00, run_after=2025-04-23 00:00:00+00:00
[2025-04-23T18:06:14.003+0700] {processor.py:208} INFO - Processing /home/minhle/mlops/dags/data_pipeline.py took 0.714 seconds
[2025-04-23T18:06:45.404+0700] {processor.py:186} INFO - Started process (PID=401987) to work on /home/minhle/mlops/dags/data_pipeline.py
[2025-04-23T18:06:45.412+0700] {processor.py:914} INFO - Processing file /home/minhle/mlops/dags/data_pipeline.py for tasks to queue
[2025-04-23T18:06:45.415+0700] {logging_mixin.py:190} INFO - [2025-04-23T18:06:45.414+0700] {dagbag.py:588} INFO - Filling up the DagBag from /home/minhle/mlops/dags/data_pipeline.py
[2025-04-23T18:06:46.047+0700] {processor.py:925} INFO - DAG(s) 'data_pipeline_v01' retrieved from /home/minhle/mlops/dags/data_pipeline.py
[2025-04-23T18:06:46.057+0700] {logging_mixin.py:190} INFO - [2025-04-23T18:06:46.057+0700] {dag.py:3239} INFO - Sync 1 DAGs
[2025-04-23T18:06:46.064+0700] {logging_mixin.py:190} INFO - [2025-04-23T18:06:46.064+0700] {dag.py:4180} INFO - Setting next_dagrun for data_pipeline_v01 to 2025-04-22 00:00:00+00:00, run_after=2025-04-23 00:00:00+00:00
[2025-04-23T18:06:46.152+0700] {processor.py:208} INFO - Processing /home/minhle/mlops/dags/data_pipeline.py took 0.753 seconds
[2025-04-23T18:07:17.457+0700] {processor.py:186} INFO - Started process (PID=402067) to work on /home/minhle/mlops/dags/data_pipeline.py
[2025-04-23T18:07:17.459+0700] {processor.py:914} INFO - Processing file /home/minhle/mlops/dags/data_pipeline.py for tasks to queue
[2025-04-23T18:07:17.460+0700] {logging_mixin.py:190} INFO - [2025-04-23T18:07:17.459+0700] {dagbag.py:588} INFO - Filling up the DagBag from /home/minhle/mlops/dags/data_pipeline.py
[2025-04-23T18:07:18.095+0700] {processor.py:925} INFO - DAG(s) 'data_pipeline_v01' retrieved from /home/minhle/mlops/dags/data_pipeline.py
[2025-04-23T18:07:18.102+0700] {logging_mixin.py:190} INFO - [2025-04-23T18:07:18.102+0700] {dag.py:3239} INFO - Sync 1 DAGs
[2025-04-23T18:07:18.110+0700] {logging_mixin.py:190} INFO - [2025-04-23T18:07:18.110+0700] {dag.py:4180} INFO - Setting next_dagrun for data_pipeline_v01 to 2025-04-22 00:00:00+00:00, run_after=2025-04-23 00:00:00+00:00
[2025-04-23T18:07:18.176+0700] {processor.py:208} INFO - Processing /home/minhle/mlops/dags/data_pipeline.py took 0.728 seconds
[2025-04-23T18:07:49.506+0700] {processor.py:186} INFO - Started process (PID=402148) to work on /home/minhle/mlops/dags/data_pipeline.py
[2025-04-23T18:07:49.506+0700] {processor.py:914} INFO - Processing file /home/minhle/mlops/dags/data_pipeline.py for tasks to queue
[2025-04-23T18:07:49.507+0700] {logging_mixin.py:190} INFO - [2025-04-23T18:07:49.507+0700] {dagbag.py:588} INFO - Filling up the DagBag from /home/minhle/mlops/dags/data_pipeline.py
[2025-04-23T18:07:50.154+0700] {processor.py:925} INFO - DAG(s) 'data_pipeline_v01' retrieved from /home/minhle/mlops/dags/data_pipeline.py
[2025-04-23T18:07:50.162+0700] {logging_mixin.py:190} INFO - [2025-04-23T18:07:50.162+0700] {dag.py:3239} INFO - Sync 1 DAGs
[2025-04-23T18:07:50.170+0700] {logging_mixin.py:190} INFO - [2025-04-23T18:07:50.170+0700] {dag.py:4180} INFO - Setting next_dagrun for data_pipeline_v01 to 2025-04-22 00:00:00+00:00, run_after=2025-04-23 00:00:00+00:00
[2025-04-23T18:07:50.242+0700] {processor.py:208} INFO - Processing /home/minhle/mlops/dags/data_pipeline.py took 0.739 seconds
[2025-04-23T18:08:21.668+0700] {processor.py:186} INFO - Started process (PID=402229) to work on /home/minhle/mlops/dags/data_pipeline.py
[2025-04-23T18:08:21.669+0700] {processor.py:914} INFO - Processing file /home/minhle/mlops/dags/data_pipeline.py for tasks to queue
[2025-04-23T18:08:21.669+0700] {logging_mixin.py:190} INFO - [2025-04-23T18:08:21.669+0700] {dagbag.py:588} INFO - Filling up the DagBag from /home/minhle/mlops/dags/data_pipeline.py
[2025-04-23T18:08:22.305+0700] {processor.py:925} INFO - DAG(s) 'data_pipeline_v01' retrieved from /home/minhle/mlops/dags/data_pipeline.py
[2025-04-23T18:08:22.313+0700] {logging_mixin.py:190} INFO - [2025-04-23T18:08:22.313+0700] {dag.py:3239} INFO - Sync 1 DAGs
[2025-04-23T18:08:22.321+0700] {logging_mixin.py:190} INFO - [2025-04-23T18:08:22.321+0700] {dag.py:4180} INFO - Setting next_dagrun for data_pipeline_v01 to 2025-04-22 00:00:00+00:00, run_after=2025-04-23 00:00:00+00:00
[2025-04-23T18:08:22.388+0700] {processor.py:208} INFO - Processing /home/minhle/mlops/dags/data_pipeline.py took 0.726 seconds
[2025-04-23T18:08:53.935+0700] {processor.py:186} INFO - Started process (PID=402310) to work on /home/minhle/mlops/dags/data_pipeline.py
[2025-04-23T18:08:53.936+0700] {processor.py:914} INFO - Processing file /home/minhle/mlops/dags/data_pipeline.py for tasks to queue
[2025-04-23T18:08:53.938+0700] {logging_mixin.py:190} INFO - [2025-04-23T18:08:53.937+0700] {dagbag.py:588} INFO - Filling up the DagBag from /home/minhle/mlops/dags/data_pipeline.py
[2025-04-23T18:08:54.565+0700] {processor.py:925} INFO - DAG(s) 'data_pipeline_v01' retrieved from /home/minhle/mlops/dags/data_pipeline.py
[2025-04-23T18:08:54.574+0700] {logging_mixin.py:190} INFO - [2025-04-23T18:08:54.573+0700] {dag.py:3239} INFO - Sync 1 DAGs
[2025-04-23T18:08:54.581+0700] {logging_mixin.py:190} INFO - [2025-04-23T18:08:54.581+0700] {dag.py:4180} INFO - Setting next_dagrun for data_pipeline_v01 to 2025-04-22 00:00:00+00:00, run_after=2025-04-23 00:00:00+00:00
[2025-04-23T18:08:54.655+0700] {processor.py:208} INFO - Processing /home/minhle/mlops/dags/data_pipeline.py took 0.726 seconds
[2025-04-23T18:09:26.163+0700] {processor.py:186} INFO - Started process (PID=402417) to work on /home/minhle/mlops/dags/data_pipeline.py
[2025-04-23T18:09:26.164+0700] {processor.py:914} INFO - Processing file /home/minhle/mlops/dags/data_pipeline.py for tasks to queue
[2025-04-23T18:09:26.165+0700] {logging_mixin.py:190} INFO - [2025-04-23T18:09:26.165+0700] {dagbag.py:588} INFO - Filling up the DagBag from /home/minhle/mlops/dags/data_pipeline.py
[2025-04-23T18:09:26.798+0700] {processor.py:925} INFO - DAG(s) 'data_pipeline_v01' retrieved from /home/minhle/mlops/dags/data_pipeline.py
[2025-04-23T18:09:26.806+0700] {logging_mixin.py:190} INFO - [2025-04-23T18:09:26.806+0700] {dag.py:3239} INFO - Sync 1 DAGs
[2025-04-23T18:09:26.814+0700] {logging_mixin.py:190} INFO - [2025-04-23T18:09:26.814+0700] {dag.py:4180} INFO - Setting next_dagrun for data_pipeline_v01 to 2025-04-22 00:00:00+00:00, run_after=2025-04-23 00:00:00+00:00
[2025-04-23T18:09:26.893+0700] {processor.py:208} INFO - Processing /home/minhle/mlops/dags/data_pipeline.py took 0.739 seconds
[2025-04-23T18:09:58.211+0700] {processor.py:186} INFO - Started process (PID=402497) to work on /home/minhle/mlops/dags/data_pipeline.py
[2025-04-23T18:09:58.212+0700] {processor.py:914} INFO - Processing file /home/minhle/mlops/dags/data_pipeline.py for tasks to queue
[2025-04-23T18:09:58.213+0700] {logging_mixin.py:190} INFO - [2025-04-23T18:09:58.212+0700] {dagbag.py:588} INFO - Filling up the DagBag from /home/minhle/mlops/dags/data_pipeline.py
[2025-04-23T18:09:58.848+0700] {processor.py:925} INFO - DAG(s) 'data_pipeline_v01' retrieved from /home/minhle/mlops/dags/data_pipeline.py
[2025-04-23T18:09:58.856+0700] {logging_mixin.py:190} INFO - [2025-04-23T18:09:58.856+0700] {dag.py:3239} INFO - Sync 1 DAGs
[2025-04-23T18:09:58.863+0700] {logging_mixin.py:190} INFO - [2025-04-23T18:09:58.863+0700] {dag.py:4180} INFO - Setting next_dagrun for data_pipeline_v01 to 2025-04-22 00:00:00+00:00, run_after=2025-04-23 00:00:00+00:00
[2025-04-23T18:09:58.936+0700] {processor.py:208} INFO - Processing /home/minhle/mlops/dags/data_pipeline.py took 0.728 seconds
[2025-04-23T18:10:30.397+0700] {processor.py:186} INFO - Started process (PID=402578) to work on /home/minhle/mlops/dags/data_pipeline.py
[2025-04-23T18:10:30.399+0700] {processor.py:914} INFO - Processing file /home/minhle/mlops/dags/data_pipeline.py for tasks to queue
[2025-04-23T18:10:30.400+0700] {logging_mixin.py:190} INFO - [2025-04-23T18:10:30.400+0700] {dagbag.py:588} INFO - Filling up the DagBag from /home/minhle/mlops/dags/data_pipeline.py
[2025-04-23T18:10:31.048+0700] {processor.py:925} INFO - DAG(s) 'data_pipeline_v01' retrieved from /home/minhle/mlops/dags/data_pipeline.py
[2025-04-23T18:10:31.055+0700] {logging_mixin.py:190} INFO - [2025-04-23T18:10:31.055+0700] {dag.py:3239} INFO - Sync 1 DAGs
[2025-04-23T18:10:31.062+0700] {logging_mixin.py:190} INFO - [2025-04-23T18:10:31.062+0700] {dag.py:4180} INFO - Setting next_dagrun for data_pipeline_v01 to 2025-04-22 00:00:00+00:00, run_after=2025-04-23 00:00:00+00:00
[2025-04-23T18:10:31.150+0700] {processor.py:208} INFO - Processing /home/minhle/mlops/dags/data_pipeline.py took 0.761 seconds
[2025-04-23T18:11:02.451+0700] {processor.py:186} INFO - Started process (PID=402658) to work on /home/minhle/mlops/dags/data_pipeline.py
[2025-04-23T18:11:02.453+0700] {processor.py:914} INFO - Processing file /home/minhle/mlops/dags/data_pipeline.py for tasks to queue
[2025-04-23T18:11:02.454+0700] {logging_mixin.py:190} INFO - [2025-04-23T18:11:02.454+0700] {dagbag.py:588} INFO - Filling up the DagBag from /home/minhle/mlops/dags/data_pipeline.py
[2025-04-23T18:11:03.085+0700] {processor.py:925} INFO - DAG(s) 'data_pipeline_v01' retrieved from /home/minhle/mlops/dags/data_pipeline.py
[2025-04-23T18:11:03.092+0700] {logging_mixin.py:190} INFO - [2025-04-23T18:11:03.092+0700] {dag.py:3239} INFO - Sync 1 DAGs
[2025-04-23T18:11:03.100+0700] {logging_mixin.py:190} INFO - [2025-04-23T18:11:03.100+0700] {dag.py:4180} INFO - Setting next_dagrun for data_pipeline_v01 to 2025-04-22 00:00:00+00:00, run_after=2025-04-23 00:00:00+00:00
[2025-04-23T18:11:03.171+0700] {processor.py:208} INFO - Processing /home/minhle/mlops/dags/data_pipeline.py took 0.726 seconds
[2025-04-23T18:11:34.523+0700] {processor.py:186} INFO - Started process (PID=402738) to work on /home/minhle/mlops/dags/data_pipeline.py
[2025-04-23T18:11:34.523+0700] {processor.py:914} INFO - Processing file /home/minhle/mlops/dags/data_pipeline.py for tasks to queue
[2025-04-23T18:11:34.524+0700] {logging_mixin.py:190} INFO - [2025-04-23T18:11:34.524+0700] {dagbag.py:588} INFO - Filling up the DagBag from /home/minhle/mlops/dags/data_pipeline.py
[2025-04-23T18:11:35.181+0700] {processor.py:925} INFO - DAG(s) 'data_pipeline_v01' retrieved from /home/minhle/mlops/dags/data_pipeline.py
[2025-04-23T18:11:35.189+0700] {logging_mixin.py:190} INFO - [2025-04-23T18:11:35.189+0700] {dag.py:3239} INFO - Sync 1 DAGs
[2025-04-23T18:11:35.198+0700] {logging_mixin.py:190} INFO - [2025-04-23T18:11:35.198+0700] {dag.py:4180} INFO - Setting next_dagrun for data_pipeline_v01 to 2025-04-22 00:00:00+00:00, run_after=2025-04-23 00:00:00+00:00
[2025-04-23T18:11:35.280+0700] {processor.py:208} INFO - Processing /home/minhle/mlops/dags/data_pipeline.py took 0.762 seconds
[2025-04-23T18:12:06.594+0700] {processor.py:186} INFO - Started process (PID=402818) to work on /home/minhle/mlops/dags/data_pipeline.py
[2025-04-23T18:12:06.594+0700] {processor.py:914} INFO - Processing file /home/minhle/mlops/dags/data_pipeline.py for tasks to queue
[2025-04-23T18:12:06.595+0700] {logging_mixin.py:190} INFO - [2025-04-23T18:12:06.595+0700] {dagbag.py:588} INFO - Filling up the DagBag from /home/minhle/mlops/dags/data_pipeline.py
[2025-04-23T18:12:07.237+0700] {processor.py:925} INFO - DAG(s) 'data_pipeline_v01' retrieved from /home/minhle/mlops/dags/data_pipeline.py
[2025-04-23T18:12:07.245+0700] {logging_mixin.py:190} INFO - [2025-04-23T18:12:07.244+0700] {dag.py:3239} INFO - Sync 1 DAGs
[2025-04-23T18:12:07.253+0700] {logging_mixin.py:190} INFO - [2025-04-23T18:12:07.253+0700] {dag.py:4180} INFO - Setting next_dagrun for data_pipeline_v01 to 2025-04-22 00:00:00+00:00, run_after=2025-04-23 00:00:00+00:00
[2025-04-23T18:12:07.344+0700] {processor.py:208} INFO - Processing /home/minhle/mlops/dags/data_pipeline.py took 0.754 seconds
