[2025-04-23T13:36:24.009+0700] {processor.py:186} INFO - Started process (PID=335589) to work on /home/minhle/mlops/dags/model_training.py
[2025-04-23T13:36:24.009+0700] {processor.py:914} INFO - Processing file /home/minhle/mlops/dags/model_training.py for tasks to queue
[2025-04-23T13:36:24.010+0700] {logging_mixin.py:190} INFO - [2025-04-23T13:36:24.010+0700] {dagbag.py:588} INFO - Filling up the DagBag from /home/minhle/mlops/dags/model_training.py
[2025-04-23T13:36:25.617+0700] {logging_mixin.py:190} INFO - [2025-04-23T13:36:25.616+0700] {dagbag.py:387} ERROR - Failed to import: /home/minhle/mlops/dags/model_training.py
Traceback (most recent call last):
  File "/home/minhle/miniconda3/lib/python3.12/site-packages/airflow/models/dagbag.py", line 383, in parse
    loader.exec_module(new_module)
  File "<frozen importlib._bootstrap_external>", line 999, in exec_module
  File "<frozen importlib._bootstrap>", line 488, in _call_with_frames_removed
  File "/home/minhle/mlops/dags/model_training.py", line 71, in <module>
    task2 = PythonOperator(
            ^^^^^^^^^^^^^^^
  File "/home/minhle/miniconda3/lib/python3.12/site-packages/airflow/models/baseoperator.py", line 508, in apply_defaults
    result = func(self, **kwargs, default_args=default_args)
             ^^^^^^^^^^^^^^^^^^^^^^^^^^^^^^^^^^^^^^^^^^^^^^^
  File "/home/minhle/miniconda3/lib/python3.12/site-packages/airflow/operators/python.py", line 222, in __init__
    super().__init__(**kwargs)
  File "/home/minhle/miniconda3/lib/python3.12/site-packages/airflow/models/baseoperator.py", line 508, in apply_defaults
    result = func(self, **kwargs, default_args=default_args)
             ^^^^^^^^^^^^^^^^^^^^^^^^^^^^^^^^^^^^^^^^^^^^^^^
  File "/home/minhle/miniconda3/lib/python3.12/site-packages/airflow/models/baseoperator.py", line 979, in __init__
    task_group.add(self)
  File "/home/minhle/miniconda3/lib/python3.12/site-packages/airflow/utils/task_group.py", line 256, in add
    raise DuplicateTaskIdFound(f"{node_type} id '{key}' has already been added to the DAG")
airflow.exceptions.DuplicateTaskIdFound: Task id 'get_data' has already been added to the DAG
[2025-04-23T13:36:25.618+0700] {processor.py:927} WARNING - No viable dags retrieved from /home/minhle/mlops/dags/model_training.py
[2025-04-23T13:36:25.693+0700] {processor.py:208} INFO - Processing /home/minhle/mlops/dags/model_training.py took 1.686 seconds
[2025-04-23T13:37:03.650+0700] {processor.py:186} INFO - Started process (PID=336681) to work on /home/minhle/mlops/dags/model_training.py
[2025-04-23T13:37:03.651+0700] {processor.py:914} INFO - Processing file /home/minhle/mlops/dags/model_training.py for tasks to queue
[2025-04-23T13:37:03.652+0700] {logging_mixin.py:190} INFO - [2025-04-23T13:37:03.652+0700] {dagbag.py:588} INFO - Filling up the DagBag from /home/minhle/mlops/dags/model_training.py
[2025-04-23T13:37:05.277+0700] {logging_mixin.py:190} INFO - [2025-04-23T13:37:05.275+0700] {dagbag.py:387} ERROR - Failed to import: /home/minhle/mlops/dags/model_training.py
Traceback (most recent call last):
  File "/home/minhle/miniconda3/lib/python3.12/site-packages/airflow/models/dagbag.py", line 383, in parse
    loader.exec_module(new_module)
  File "<frozen importlib._bootstrap_external>", line 999, in exec_module
  File "<frozen importlib._bootstrap>", line 488, in _call_with_frames_removed
  File "/home/minhle/mlops/dags/model_training.py", line 71, in <module>
    task2 = PythonOperator(
            ^^^^^^^^^^^^^^^
  File "/home/minhle/miniconda3/lib/python3.12/site-packages/airflow/models/baseoperator.py", line 508, in apply_defaults
    result = func(self, **kwargs, default_args=default_args)
             ^^^^^^^^^^^^^^^^^^^^^^^^^^^^^^^^^^^^^^^^^^^^^^^
  File "/home/minhle/miniconda3/lib/python3.12/site-packages/airflow/operators/python.py", line 222, in __init__
    super().__init__(**kwargs)
  File "/home/minhle/miniconda3/lib/python3.12/site-packages/airflow/models/baseoperator.py", line 508, in apply_defaults
    result = func(self, **kwargs, default_args=default_args)
             ^^^^^^^^^^^^^^^^^^^^^^^^^^^^^^^^^^^^^^^^^^^^^^^
  File "/home/minhle/miniconda3/lib/python3.12/site-packages/airflow/models/baseoperator.py", line 979, in __init__
    task_group.add(self)
  File "/home/minhle/miniconda3/lib/python3.12/site-packages/airflow/utils/task_group.py", line 256, in add
    raise DuplicateTaskIdFound(f"{node_type} id '{key}' has already been added to the DAG")
airflow.exceptions.DuplicateTaskIdFound: Task id 'get_data' has already been added to the DAG
[2025-04-23T13:37:05.277+0700] {processor.py:927} WARNING - No viable dags retrieved from /home/minhle/mlops/dags/model_training.py
[2025-04-23T13:37:05.355+0700] {processor.py:208} INFO - Processing /home/minhle/mlops/dags/model_training.py took 1.713 seconds
[2025-04-23T13:37:38.333+0700] {processor.py:186} INFO - Started process (PID=337436) to work on /home/minhle/mlops/dags/model_training.py
[2025-04-23T13:37:38.334+0700] {processor.py:914} INFO - Processing file /home/minhle/mlops/dags/model_training.py for tasks to queue
[2025-04-23T13:37:38.336+0700] {logging_mixin.py:190} INFO - [2025-04-23T13:37:38.336+0700] {dagbag.py:588} INFO - Filling up the DagBag from /home/minhle/mlops/dags/model_training.py
[2025-04-23T13:37:39.953+0700] {logging_mixin.py:190} INFO - [2025-04-23T13:37:39.952+0700] {dagbag.py:387} ERROR - Failed to import: /home/minhle/mlops/dags/model_training.py
Traceback (most recent call last):
  File "/home/minhle/miniconda3/lib/python3.12/site-packages/airflow/models/dagbag.py", line 383, in parse
    loader.exec_module(new_module)
  File "<frozen importlib._bootstrap_external>", line 999, in exec_module
  File "<frozen importlib._bootstrap>", line 488, in _call_with_frames_removed
  File "/home/minhle/mlops/dags/model_training.py", line 71, in <module>
    task2 = PythonOperator(
            ^^^^^^^^^^^^^^^
  File "/home/minhle/miniconda3/lib/python3.12/site-packages/airflow/models/baseoperator.py", line 508, in apply_defaults
    result = func(self, **kwargs, default_args=default_args)
             ^^^^^^^^^^^^^^^^^^^^^^^^^^^^^^^^^^^^^^^^^^^^^^^
  File "/home/minhle/miniconda3/lib/python3.12/site-packages/airflow/operators/python.py", line 222, in __init__
    super().__init__(**kwargs)
  File "/home/minhle/miniconda3/lib/python3.12/site-packages/airflow/models/baseoperator.py", line 508, in apply_defaults
    result = func(self, **kwargs, default_args=default_args)
             ^^^^^^^^^^^^^^^^^^^^^^^^^^^^^^^^^^^^^^^^^^^^^^^
  File "/home/minhle/miniconda3/lib/python3.12/site-packages/airflow/models/baseoperator.py", line 979, in __init__
    task_group.add(self)
  File "/home/minhle/miniconda3/lib/python3.12/site-packages/airflow/utils/task_group.py", line 256, in add
    raise DuplicateTaskIdFound(f"{node_type} id '{key}' has already been added to the DAG")
airflow.exceptions.DuplicateTaskIdFound: Task id 'get_data' has already been added to the DAG
[2025-04-23T13:37:39.954+0700] {processor.py:927} WARNING - No viable dags retrieved from /home/minhle/mlops/dags/model_training.py
[2025-04-23T13:37:40.084+0700] {processor.py:208} INFO - Processing /home/minhle/mlops/dags/model_training.py took 1.756 seconds
[2025-04-23T13:38:06.937+0700] {processor.py:186} INFO - Started process (PID=338086) to work on /home/minhle/mlops/dags/model_training.py
[2025-04-23T13:38:06.938+0700] {processor.py:914} INFO - Processing file /home/minhle/mlops/dags/model_training.py for tasks to queue
[2025-04-23T13:38:06.939+0700] {logging_mixin.py:190} INFO - [2025-04-23T13:38:06.938+0700] {dagbag.py:588} INFO - Filling up the DagBag from /home/minhle/mlops/dags/model_training.py
[2025-04-23T13:38:08.574+0700] {processor.py:925} INFO - DAG(s) 'model_pipeline_v01' retrieved from /home/minhle/mlops/dags/model_training.py
[2025-04-23T13:38:08.779+0700] {logging_mixin.py:190} INFO - [2025-04-23T13:38:08.777+0700] {override.py:1930} INFO - Created Permission View: can edit on DAG:model_pipeline_v01
[2025-04-23T13:38:08.843+0700] {logging_mixin.py:190} INFO - [2025-04-23T13:38:08.843+0700] {override.py:1930} INFO - Created Permission View: can read on DAG:model_pipeline_v01
[2025-04-23T13:38:08.901+0700] {logging_mixin.py:190} INFO - [2025-04-23T13:38:08.900+0700] {override.py:1930} INFO - Created Permission View: can delete on DAG:model_pipeline_v01
[2025-04-23T13:38:09.037+0700] {logging_mixin.py:190} INFO - [2025-04-23T13:38:09.036+0700] {override.py:1930} INFO - Created Permission View: can create on DAG Run:model_pipeline_v01
[2025-04-23T13:38:09.115+0700] {logging_mixin.py:190} INFO - [2025-04-23T13:38:09.115+0700] {override.py:1930} INFO - Created Permission View: menu access on DAG Run:model_pipeline_v01
[2025-04-23T13:38:09.194+0700] {logging_mixin.py:190} INFO - [2025-04-23T13:38:09.193+0700] {override.py:1930} INFO - Created Permission View: can delete on DAG Run:model_pipeline_v01
[2025-04-23T13:38:09.276+0700] {logging_mixin.py:190} INFO - [2025-04-23T13:38:09.275+0700] {override.py:1930} INFO - Created Permission View: can read on DAG Run:model_pipeline_v01
[2025-04-23T13:38:09.277+0700] {logging_mixin.py:190} INFO - [2025-04-23T13:38:09.276+0700] {dag.py:3239} INFO - Sync 1 DAGs
[2025-04-23T13:38:09.292+0700] {logging_mixin.py:190} INFO - [2025-04-23T13:38:09.292+0700] {dag.py:3262} INFO - Creating ORM DAG for model_pipeline_v01
[2025-04-23T13:38:09.298+0700] {logging_mixin.py:190} INFO - [2025-04-23T13:38:09.298+0700] {dag.py:4180} INFO - Setting next_dagrun for model_pipeline_v01 to 2024-10-06 00:00:00+00:00, run_after=2024-10-07 00:00:00+00:00
[2025-04-23T13:38:09.467+0700] {processor.py:208} INFO - Processing /home/minhle/mlops/dags/model_training.py took 2.532 seconds
[2025-04-23T13:38:22.962+0700] {processor.py:186} INFO - Started process (PID=338378) to work on /home/minhle/mlops/dags/model_training.py
[2025-04-23T13:38:22.968+0700] {processor.py:914} INFO - Processing file /home/minhle/mlops/dags/model_training.py for tasks to queue
[2025-04-23T13:38:22.969+0700] {logging_mixin.py:190} INFO - [2025-04-23T13:38:22.969+0700] {dagbag.py:588} INFO - Filling up the DagBag from /home/minhle/mlops/dags/model_training.py
[2025-04-23T13:38:24.644+0700] {processor.py:925} INFO - DAG(s) 'model_pipeline_v01' retrieved from /home/minhle/mlops/dags/model_training.py
[2025-04-23T13:38:24.646+0700] {logging_mixin.py:190} INFO - [2025-04-23T13:38:24.646+0700] {dag.py:3239} INFO - Sync 1 DAGs
[2025-04-23T13:38:24.654+0700] {logging_mixin.py:190} INFO - [2025-04-23T13:38:24.654+0700] {dag.py:4180} INFO - Setting next_dagrun for model_pipeline_v01 to 2024-10-06 00:00:00+00:00, run_after=2024-10-07 00:00:00+00:00
[2025-04-23T13:38:24.761+0700] {processor.py:208} INFO - Processing /home/minhle/mlops/dags/model_training.py took 1.803 seconds
[2025-04-23T13:40:39.805+0700] {processor.py:186} INFO - Started process (PID=340597) to work on /home/minhle/mlops/dags/model_training.py
[2025-04-23T13:40:39.816+0700] {processor.py:914} INFO - Processing file /home/minhle/mlops/dags/model_training.py for tasks to queue
[2025-04-23T13:40:39.817+0700] {logging_mixin.py:190} INFO - [2025-04-23T13:40:39.817+0700] {dagbag.py:588} INFO - Filling up the DagBag from /home/minhle/mlops/dags/model_training.py
[2025-04-23T13:40:41.436+0700] {processor.py:925} INFO - DAG(s) 'model_pipeline_v01' retrieved from /home/minhle/mlops/dags/model_training.py
[2025-04-23T13:40:41.475+0700] {logging_mixin.py:190} INFO - [2025-04-23T13:40:41.475+0700] {dag.py:3239} INFO - Sync 1 DAGs
[2025-04-23T13:40:41.481+0700] {logging_mixin.py:190} INFO - [2025-04-23T13:40:41.481+0700] {dag.py:4180} INFO - Setting next_dagrun for model_pipeline_v01 to 2024-10-07 00:00:00+00:00, run_after=2024-10-08 00:00:00+00:00
[2025-04-23T13:40:41.620+0700] {processor.py:208} INFO - Processing /home/minhle/mlops/dags/model_training.py took 1.818 seconds
[2025-04-23T13:41:51.980+0700] {processor.py:186} INFO - Started process (PID=341767) to work on /home/minhle/mlops/dags/model_training.py
[2025-04-23T13:41:51.989+0700] {processor.py:914} INFO - Processing file /home/minhle/mlops/dags/model_training.py for tasks to queue
[2025-04-23T13:41:51.990+0700] {logging_mixin.py:190} INFO - [2025-04-23T13:41:51.989+0700] {dagbag.py:588} INFO - Filling up the DagBag from /home/minhle/mlops/dags/model_training.py
[2025-04-23T13:41:53.595+0700] {processor.py:925} INFO - DAG(s) 'model_pipeline_v01' retrieved from /home/minhle/mlops/dags/model_training.py
[2025-04-23T13:41:53.603+0700] {logging_mixin.py:190} INFO - [2025-04-23T13:41:53.603+0700] {dag.py:3239} INFO - Sync 1 DAGs
[2025-04-23T13:41:53.610+0700] {logging_mixin.py:190} INFO - [2025-04-23T13:41:53.609+0700] {dag.py:4180} INFO - Setting next_dagrun for model_pipeline_v01 to 2024-10-08 00:00:00+00:00, run_after=2024-10-09 00:00:00+00:00
[2025-04-23T13:41:53.678+0700] {processor.py:208} INFO - Processing /home/minhle/mlops/dags/model_training.py took 1.701 seconds
[2025-04-23T13:43:55.220+0700] {processor.py:186} INFO - Started process (PID=343711) to work on /home/minhle/mlops/dags/model_training.py
[2025-04-23T13:43:55.232+0700] {processor.py:914} INFO - Processing file /home/minhle/mlops/dags/model_training.py for tasks to queue
[2025-04-23T13:43:55.233+0700] {logging_mixin.py:190} INFO - [2025-04-23T13:43:55.233+0700] {dagbag.py:588} INFO - Filling up the DagBag from /home/minhle/mlops/dags/model_training.py
[2025-04-23T13:43:56.827+0700] {processor.py:925} INFO - DAG(s) 'model_pipeline_v01' retrieved from /home/minhle/mlops/dags/model_training.py
[2025-04-23T13:43:56.865+0700] {logging_mixin.py:190} INFO - [2025-04-23T13:43:56.865+0700] {dag.py:3239} INFO - Sync 1 DAGs
[2025-04-23T13:43:56.872+0700] {logging_mixin.py:190} INFO - [2025-04-23T13:43:56.871+0700] {dag.py:4180} INFO - Setting next_dagrun for model_pipeline_v01 to 2024-10-09 00:00:00+00:00, run_after=2024-10-10 00:00:00+00:00
[2025-04-23T13:43:56.959+0700] {processor.py:208} INFO - Processing /home/minhle/mlops/dags/model_training.py took 1.741 seconds
[2025-04-23T13:48:21.865+0700] {processor.py:186} INFO - Started process (PID=347748) to work on /home/minhle/mlops/dags/model_training.py
[2025-04-23T13:48:21.877+0700] {processor.py:914} INFO - Processing file /home/minhle/mlops/dags/model_training.py for tasks to queue
[2025-04-23T13:48:21.878+0700] {logging_mixin.py:190} INFO - [2025-04-23T13:48:21.878+0700] {dagbag.py:588} INFO - Filling up the DagBag from /home/minhle/mlops/dags/model_training.py
[2025-04-23T13:48:23.545+0700] {processor.py:925} INFO - DAG(s) 'model_pipeline_v01' retrieved from /home/minhle/mlops/dags/model_training.py
[2025-04-23T13:48:23.583+0700] {logging_mixin.py:190} INFO - [2025-04-23T13:48:23.583+0700] {dag.py:3239} INFO - Sync 1 DAGs
[2025-04-23T13:48:23.588+0700] {logging_mixin.py:190} INFO - [2025-04-23T13:48:23.587+0700] {dag.py:3262} INFO - Creating ORM DAG for model_pipeline_v01
[2025-04-23T13:48:23.590+0700] {logging_mixin.py:190} INFO - [2025-04-23T13:48:23.590+0700] {dag.py:4180} INFO - Setting next_dagrun for model_pipeline_v01 to 2024-10-06 00:00:00+00:00, run_after=2024-10-07 00:00:00+00:00
[2025-04-23T13:48:23.695+0700] {processor.py:208} INFO - Processing /home/minhle/mlops/dags/model_training.py took 1.833 seconds
[2025-04-23T13:48:31.070+0700] {processor.py:186} INFO - Started process (PID=347982) to work on /home/minhle/mlops/dags/model_training.py
[2025-04-23T13:48:31.071+0700] {processor.py:914} INFO - Processing file /home/minhle/mlops/dags/model_training.py for tasks to queue
[2025-04-23T13:48:31.072+0700] {logging_mixin.py:190} INFO - [2025-04-23T13:48:31.072+0700] {dagbag.py:588} INFO - Filling up the DagBag from /home/minhle/mlops/dags/model_training.py
[2025-04-23T13:48:32.764+0700] {processor.py:925} INFO - DAG(s) 'model_pipeline_v01' retrieved from /home/minhle/mlops/dags/model_training.py
[2025-04-23T13:48:32.766+0700] {logging_mixin.py:190} INFO - [2025-04-23T13:48:32.766+0700] {dag.py:3239} INFO - Sync 1 DAGs
[2025-04-23T13:48:32.775+0700] {logging_mixin.py:190} INFO - [2025-04-23T13:48:32.774+0700] {dag.py:4180} INFO - Setting next_dagrun for model_pipeline_v01 to 2024-10-06 00:00:00+00:00, run_after=2024-10-07 00:00:00+00:00
[2025-04-23T13:48:32.862+0700] {processor.py:208} INFO - Processing /home/minhle/mlops/dags/model_training.py took 1.797 seconds
[2025-04-23T13:50:48.413+0700] {processor.py:186} INFO - Started process (PID=350219) to work on /home/minhle/mlops/dags/model_training.py
[2025-04-23T13:50:48.419+0700] {processor.py:914} INFO - Processing file /home/minhle/mlops/dags/model_training.py for tasks to queue
[2025-04-23T13:50:48.420+0700] {logging_mixin.py:190} INFO - [2025-04-23T13:50:48.420+0700] {dagbag.py:588} INFO - Filling up the DagBag from /home/minhle/mlops/dags/model_training.py
[2025-04-23T13:50:50.074+0700] {processor.py:925} INFO - DAG(s) 'model_pipeline_v01' retrieved from /home/minhle/mlops/dags/model_training.py
[2025-04-23T13:50:50.082+0700] {logging_mixin.py:190} INFO - [2025-04-23T13:50:50.082+0700] {dag.py:3239} INFO - Sync 1 DAGs
[2025-04-23T13:50:50.089+0700] {logging_mixin.py:190} INFO - [2025-04-23T13:50:50.089+0700] {dag.py:4180} INFO - Setting next_dagrun for model_pipeline_v01 to 2024-10-07 00:00:00+00:00, run_after=2024-10-08 00:00:00+00:00
[2025-04-23T13:50:50.193+0700] {processor.py:208} INFO - Processing /home/minhle/mlops/dags/model_training.py took 1.782 seconds
[2025-04-23T13:51:56.691+0700] {processor.py:186} INFO - Started process (PID=351370) to work on /home/minhle/mlops/dags/model_training.py
[2025-04-23T13:51:56.695+0700] {processor.py:914} INFO - Processing file /home/minhle/mlops/dags/model_training.py for tasks to queue
[2025-04-23T13:51:56.696+0700] {logging_mixin.py:190} INFO - [2025-04-23T13:51:56.696+0700] {dagbag.py:588} INFO - Filling up the DagBag from /home/minhle/mlops/dags/model_training.py
[2025-04-23T13:51:58.377+0700] {processor.py:925} INFO - DAG(s) 'model_pipeline_v01' retrieved from /home/minhle/mlops/dags/model_training.py
[2025-04-23T13:51:58.385+0700] {logging_mixin.py:190} INFO - [2025-04-23T13:51:58.384+0700] {dag.py:3239} INFO - Sync 1 DAGs
[2025-04-23T13:51:58.392+0700] {logging_mixin.py:190} INFO - [2025-04-23T13:51:58.392+0700] {dag.py:4180} INFO - Setting next_dagrun for model_pipeline_v01 to 2024-10-08 00:00:00+00:00, run_after=2024-10-09 00:00:00+00:00
[2025-04-23T13:51:58.467+0700] {processor.py:208} INFO - Processing /home/minhle/mlops/dags/model_training.py took 1.780 seconds
[2025-04-23T13:52:58.296+0700] {processor.py:186} INFO - Started process (PID=352380) to work on /home/minhle/mlops/dags/model_training.py
[2025-04-23T13:52:58.305+0700] {processor.py:914} INFO - Processing file /home/minhle/mlops/dags/model_training.py for tasks to queue
[2025-04-23T13:52:58.306+0700] {logging_mixin.py:190} INFO - [2025-04-23T13:52:58.305+0700] {dagbag.py:588} INFO - Filling up the DagBag from /home/minhle/mlops/dags/model_training.py
[2025-04-23T13:52:59.968+0700] {processor.py:925} INFO - DAG(s) 'model_pipeline_v01' retrieved from /home/minhle/mlops/dags/model_training.py
[2025-04-23T13:52:59.976+0700] {logging_mixin.py:190} INFO - [2025-04-23T13:52:59.976+0700] {dag.py:3239} INFO - Sync 1 DAGs
[2025-04-23T13:52:59.983+0700] {logging_mixin.py:190} INFO - [2025-04-23T13:52:59.982+0700] {dag.py:4180} INFO - Setting next_dagrun for model_pipeline_v01 to 2024-10-09 00:00:00+00:00, run_after=2024-10-10 00:00:00+00:00
[2025-04-23T13:53:00.050+0700] {processor.py:208} INFO - Processing /home/minhle/mlops/dags/model_training.py took 1.757 seconds
[2025-04-23T13:53:58.310+0700] {processor.py:186} INFO - Started process (PID=353409) to work on /home/minhle/mlops/dags/model_training.py
[2025-04-23T13:53:58.318+0700] {processor.py:914} INFO - Processing file /home/minhle/mlops/dags/model_training.py for tasks to queue
[2025-04-23T13:53:58.318+0700] {logging_mixin.py:190} INFO - [2025-04-23T13:53:58.318+0700] {dagbag.py:588} INFO - Filling up the DagBag from /home/minhle/mlops/dags/model_training.py
[2025-04-23T13:53:59.881+0700] {processor.py:925} INFO - DAG(s) 'model_pipeline_v01' retrieved from /home/minhle/mlops/dags/model_training.py
[2025-04-23T13:53:59.888+0700] {logging_mixin.py:190} INFO - [2025-04-23T13:53:59.888+0700] {dag.py:3239} INFO - Sync 1 DAGs
[2025-04-23T13:53:59.895+0700] {logging_mixin.py:190} INFO - [2025-04-23T13:53:59.895+0700] {dag.py:4180} INFO - Setting next_dagrun for model_pipeline_v01 to 2024-10-10 00:00:00+00:00, run_after=2024-10-11 00:00:00+00:00
[2025-04-23T13:53:59.981+0700] {processor.py:208} INFO - Processing /home/minhle/mlops/dags/model_training.py took 1.674 seconds
[2025-04-23T13:55:00.383+0700] {processor.py:186} INFO - Started process (PID=354431) to work on /home/minhle/mlops/dags/model_training.py
[2025-04-23T13:55:00.392+0700] {processor.py:914} INFO - Processing file /home/minhle/mlops/dags/model_training.py for tasks to queue
[2025-04-23T13:55:00.394+0700] {logging_mixin.py:190} INFO - [2025-04-23T13:55:00.393+0700] {dagbag.py:588} INFO - Filling up the DagBag from /home/minhle/mlops/dags/model_training.py
[2025-04-23T13:55:01.975+0700] {processor.py:925} INFO - DAG(s) 'model_pipeline_v01' retrieved from /home/minhle/mlops/dags/model_training.py
[2025-04-23T13:55:01.983+0700] {logging_mixin.py:190} INFO - [2025-04-23T13:55:01.982+0700] {dag.py:3239} INFO - Sync 1 DAGs
[2025-04-23T13:55:01.990+0700] {logging_mixin.py:190} INFO - [2025-04-23T13:55:01.989+0700] {dag.py:4180} INFO - Setting next_dagrun for model_pipeline_v01 to 2024-10-11 00:00:00+00:00, run_after=2024-10-12 00:00:00+00:00
[2025-04-23T13:55:02.057+0700] {processor.py:208} INFO - Processing /home/minhle/mlops/dags/model_training.py took 1.678 seconds
[2025-04-23T13:56:03.269+0700] {processor.py:186} INFO - Started process (PID=355435) to work on /home/minhle/mlops/dags/model_training.py
[2025-04-23T13:56:03.276+0700] {processor.py:914} INFO - Processing file /home/minhle/mlops/dags/model_training.py for tasks to queue
[2025-04-23T13:56:03.277+0700] {logging_mixin.py:190} INFO - [2025-04-23T13:56:03.277+0700] {dagbag.py:588} INFO - Filling up the DagBag from /home/minhle/mlops/dags/model_training.py
[2025-04-23T13:56:04.902+0700] {processor.py:925} INFO - DAG(s) 'model_pipeline_v01' retrieved from /home/minhle/mlops/dags/model_training.py
[2025-04-23T13:56:04.943+0700] {logging_mixin.py:190} INFO - [2025-04-23T13:56:04.943+0700] {dag.py:3239} INFO - Sync 1 DAGs
[2025-04-23T13:56:04.951+0700] {logging_mixin.py:190} INFO - [2025-04-23T13:56:04.951+0700] {dag.py:4180} INFO - Setting next_dagrun for model_pipeline_v01 to 2025-04-22 00:00:00+00:00, run_after=2025-04-23 00:00:00+00:00
[2025-04-23T13:56:05.040+0700] {processor.py:208} INFO - Processing /home/minhle/mlops/dags/model_training.py took 1.775 seconds
[2025-04-23T13:56:56.857+0700] {processor.py:186} INFO - Started process (PID=356330) to work on /home/minhle/mlops/dags/model_training.py
[2025-04-23T13:56:56.862+0700] {processor.py:914} INFO - Processing file /home/minhle/mlops/dags/model_training.py for tasks to queue
[2025-04-23T13:56:56.863+0700] {logging_mixin.py:190} INFO - [2025-04-23T13:56:56.863+0700] {dagbag.py:588} INFO - Filling up the DagBag from /home/minhle/mlops/dags/model_training.py
[2025-04-23T13:56:58.386+0700] {processor.py:925} INFO - DAG(s) 'model_pipeline_v01' retrieved from /home/minhle/mlops/dags/model_training.py
[2025-04-23T13:56:58.396+0700] {logging_mixin.py:190} INFO - [2025-04-23T13:56:58.396+0700] {dag.py:3239} INFO - Sync 1 DAGs
[2025-04-23T13:56:58.403+0700] {logging_mixin.py:190} INFO - [2025-04-23T13:56:58.403+0700] {dag.py:4180} INFO - Setting next_dagrun for model_pipeline_v01 to 2025-04-23 00:00:00+00:00, run_after=2025-04-24 00:00:00+00:00
[2025-04-23T13:56:58.487+0700] {processor.py:208} INFO - Processing /home/minhle/mlops/dags/model_training.py took 1.632 seconds
[2025-04-23T13:57:29.644+0700] {processor.py:186} INFO - Started process (PID=356657) to work on /home/minhle/mlops/dags/model_training.py
[2025-04-23T13:57:29.656+0700] {processor.py:914} INFO - Processing file /home/minhle/mlops/dags/model_training.py for tasks to queue
[2025-04-23T13:57:29.658+0700] {logging_mixin.py:190} INFO - [2025-04-23T13:57:29.657+0700] {dagbag.py:588} INFO - Filling up the DagBag from /home/minhle/mlops/dags/model_training.py
[2025-04-23T13:57:31.205+0700] {processor.py:925} INFO - DAG(s) 'model_pipeline_v01' retrieved from /home/minhle/mlops/dags/model_training.py
[2025-04-23T13:57:31.212+0700] {logging_mixin.py:190} INFO - [2025-04-23T13:57:31.212+0700] {dag.py:3239} INFO - Sync 1 DAGs
[2025-04-23T13:57:31.219+0700] {logging_mixin.py:190} INFO - [2025-04-23T13:57:31.219+0700] {dag.py:4180} INFO - Setting next_dagrun for model_pipeline_v01 to 2025-04-23 00:00:00+00:00, run_after=2025-04-24 00:00:00+00:00
[2025-04-23T13:57:31.319+0700] {processor.py:208} INFO - Processing /home/minhle/mlops/dags/model_training.py took 1.680 seconds
[2025-04-23T13:58:02.015+0700] {processor.py:186} INFO - Started process (PID=356738) to work on /home/minhle/mlops/dags/model_training.py
[2025-04-23T13:58:02.016+0700] {processor.py:914} INFO - Processing file /home/minhle/mlops/dags/model_training.py for tasks to queue
[2025-04-23T13:58:02.016+0700] {logging_mixin.py:190} INFO - [2025-04-23T13:58:02.016+0700] {dagbag.py:588} INFO - Filling up the DagBag from /home/minhle/mlops/dags/model_training.py
[2025-04-23T13:58:03.583+0700] {processor.py:925} INFO - DAG(s) 'model_pipeline_v01' retrieved from /home/minhle/mlops/dags/model_training.py
[2025-04-23T13:58:03.590+0700] {logging_mixin.py:190} INFO - [2025-04-23T13:58:03.590+0700] {dag.py:3239} INFO - Sync 1 DAGs
[2025-04-23T13:58:03.596+0700] {logging_mixin.py:190} INFO - [2025-04-23T13:58:03.596+0700] {dag.py:4180} INFO - Setting next_dagrun for model_pipeline_v01 to 2025-04-23 00:00:00+00:00, run_after=2025-04-24 00:00:00+00:00
[2025-04-23T13:58:03.686+0700] {processor.py:208} INFO - Processing /home/minhle/mlops/dags/model_training.py took 1.675 seconds
[2025-04-23T13:58:34.171+0700] {processor.py:186} INFO - Started process (PID=356821) to work on /home/minhle/mlops/dags/model_training.py
[2025-04-23T13:58:34.172+0700] {processor.py:914} INFO - Processing file /home/minhle/mlops/dags/model_training.py for tasks to queue
[2025-04-23T13:58:34.173+0700] {logging_mixin.py:190} INFO - [2025-04-23T13:58:34.173+0700] {dagbag.py:588} INFO - Filling up the DagBag from /home/minhle/mlops/dags/model_training.py
[2025-04-23T13:58:35.693+0700] {processor.py:925} INFO - DAG(s) 'model_pipeline_v01' retrieved from /home/minhle/mlops/dags/model_training.py
[2025-04-23T13:58:35.700+0700] {logging_mixin.py:190} INFO - [2025-04-23T13:58:35.700+0700] {dag.py:3239} INFO - Sync 1 DAGs
[2025-04-23T13:58:35.707+0700] {logging_mixin.py:190} INFO - [2025-04-23T13:58:35.707+0700] {dag.py:4180} INFO - Setting next_dagrun for model_pipeline_v01 to 2025-04-23 00:00:00+00:00, run_after=2025-04-24 00:00:00+00:00
[2025-04-23T13:58:35.780+0700] {processor.py:208} INFO - Processing /home/minhle/mlops/dags/model_training.py took 1.614 seconds
[2025-04-23T13:59:06.828+0700] {processor.py:186} INFO - Started process (PID=356929) to work on /home/minhle/mlops/dags/model_training.py
[2025-04-23T13:59:06.829+0700] {processor.py:914} INFO - Processing file /home/minhle/mlops/dags/model_training.py for tasks to queue
[2025-04-23T13:59:06.830+0700] {logging_mixin.py:190} INFO - [2025-04-23T13:59:06.830+0700] {dagbag.py:588} INFO - Filling up the DagBag from /home/minhle/mlops/dags/model_training.py
[2025-04-23T13:59:08.352+0700] {processor.py:925} INFO - DAG(s) 'model_pipeline_v01' retrieved from /home/minhle/mlops/dags/model_training.py
[2025-04-23T13:59:08.359+0700] {logging_mixin.py:190} INFO - [2025-04-23T13:59:08.359+0700] {dag.py:3239} INFO - Sync 1 DAGs
[2025-04-23T13:59:08.366+0700] {logging_mixin.py:190} INFO - [2025-04-23T13:59:08.366+0700] {dag.py:4180} INFO - Setting next_dagrun for model_pipeline_v01 to 2025-04-23 00:00:00+00:00, run_after=2025-04-24 00:00:00+00:00
[2025-04-23T13:59:08.431+0700] {processor.py:208} INFO - Processing /home/minhle/mlops/dags/model_training.py took 1.607 seconds
[2025-04-23T13:59:38.776+0700] {processor.py:186} INFO - Started process (PID=357009) to work on /home/minhle/mlops/dags/model_training.py
[2025-04-23T13:59:38.777+0700] {processor.py:914} INFO - Processing file /home/minhle/mlops/dags/model_training.py for tasks to queue
[2025-04-23T13:59:38.778+0700] {logging_mixin.py:190} INFO - [2025-04-23T13:59:38.778+0700] {dagbag.py:588} INFO - Filling up the DagBag from /home/minhle/mlops/dags/model_training.py
[2025-04-23T13:59:40.294+0700] {processor.py:925} INFO - DAG(s) 'model_pipeline_v01' retrieved from /home/minhle/mlops/dags/model_training.py
[2025-04-23T13:59:40.301+0700] {logging_mixin.py:190} INFO - [2025-04-23T13:59:40.301+0700] {dag.py:3239} INFO - Sync 1 DAGs
[2025-04-23T13:59:40.308+0700] {logging_mixin.py:190} INFO - [2025-04-23T13:59:40.308+0700] {dag.py:4180} INFO - Setting next_dagrun for model_pipeline_v01 to 2025-04-23 00:00:00+00:00, run_after=2025-04-24 00:00:00+00:00
[2025-04-23T13:59:40.382+0700] {processor.py:208} INFO - Processing /home/minhle/mlops/dags/model_training.py took 1.610 seconds
[2025-04-23T14:00:10.718+0700] {processor.py:186} INFO - Started process (PID=357123) to work on /home/minhle/mlops/dags/model_training.py
[2025-04-23T14:00:10.884+0700] {processor.py:914} INFO - Processing file /home/minhle/mlops/dags/model_training.py for tasks to queue
[2025-04-23T14:00:10.887+0700] {logging_mixin.py:190} INFO - [2025-04-23T14:00:10.886+0700] {dagbag.py:588} INFO - Filling up the DagBag from /home/minhle/mlops/dags/model_training.py
[2025-04-23T14:00:12.442+0700] {processor.py:925} INFO - DAG(s) 'model_pipeline_v01' retrieved from /home/minhle/mlops/dags/model_training.py
[2025-04-23T14:00:12.449+0700] {logging_mixin.py:190} INFO - [2025-04-23T14:00:12.449+0700] {dag.py:3239} INFO - Sync 1 DAGs
[2025-04-23T14:00:12.456+0700] {logging_mixin.py:190} INFO - [2025-04-23T14:00:12.455+0700] {dag.py:4180} INFO - Setting next_dagrun for model_pipeline_v01 to 2025-04-23 00:00:00+00:00, run_after=2025-04-24 00:00:00+00:00
[2025-04-23T14:00:12.545+0700] {processor.py:208} INFO - Processing /home/minhle/mlops/dags/model_training.py took 1.832 seconds
[2025-04-23T14:00:42.744+0700] {processor.py:186} INFO - Started process (PID=357225) to work on /home/minhle/mlops/dags/model_training.py
[2025-04-23T14:00:42.747+0700] {processor.py:914} INFO - Processing file /home/minhle/mlops/dags/model_training.py for tasks to queue
[2025-04-23T14:00:42.748+0700] {logging_mixin.py:190} INFO - [2025-04-23T14:00:42.748+0700] {dagbag.py:588} INFO - Filling up the DagBag from /home/minhle/mlops/dags/model_training.py
[2025-04-23T14:00:44.265+0700] {processor.py:925} INFO - DAG(s) 'model_pipeline_v01' retrieved from /home/minhle/mlops/dags/model_training.py
[2025-04-23T14:00:44.272+0700] {logging_mixin.py:190} INFO - [2025-04-23T14:00:44.272+0700] {dag.py:3239} INFO - Sync 1 DAGs
[2025-04-23T14:00:44.279+0700] {logging_mixin.py:190} INFO - [2025-04-23T14:00:44.279+0700] {dag.py:4180} INFO - Setting next_dagrun for model_pipeline_v01 to 2025-04-23 00:00:00+00:00, run_after=2025-04-24 00:00:00+00:00
[2025-04-23T14:00:44.344+0700] {processor.py:208} INFO - Processing /home/minhle/mlops/dags/model_training.py took 1.604 seconds
[2025-04-23T14:01:14.520+0700] {processor.py:186} INFO - Started process (PID=357305) to work on /home/minhle/mlops/dags/model_training.py
[2025-04-23T14:01:14.526+0700] {processor.py:914} INFO - Processing file /home/minhle/mlops/dags/model_training.py for tasks to queue
[2025-04-23T14:01:14.527+0700] {logging_mixin.py:190} INFO - [2025-04-23T14:01:14.527+0700] {dagbag.py:588} INFO - Filling up the DagBag from /home/minhle/mlops/dags/model_training.py
[2025-04-23T14:01:16.056+0700] {processor.py:925} INFO - DAG(s) 'model_pipeline_v01' retrieved from /home/minhle/mlops/dags/model_training.py
[2025-04-23T14:01:16.063+0700] {logging_mixin.py:190} INFO - [2025-04-23T14:01:16.063+0700] {dag.py:3239} INFO - Sync 1 DAGs
[2025-04-23T14:01:16.070+0700] {logging_mixin.py:190} INFO - [2025-04-23T14:01:16.070+0700] {dag.py:4180} INFO - Setting next_dagrun for model_pipeline_v01 to 2025-04-23 00:00:00+00:00, run_after=2025-04-24 00:00:00+00:00
[2025-04-23T14:01:16.139+0700] {processor.py:208} INFO - Processing /home/minhle/mlops/dags/model_training.py took 1.625 seconds
[2025-04-23T14:01:46.309+0700] {processor.py:186} INFO - Started process (PID=357385) to work on /home/minhle/mlops/dags/model_training.py
[2025-04-23T14:01:46.319+0700] {processor.py:914} INFO - Processing file /home/minhle/mlops/dags/model_training.py for tasks to queue
[2025-04-23T14:01:46.322+0700] {logging_mixin.py:190} INFO - [2025-04-23T14:01:46.321+0700] {dagbag.py:588} INFO - Filling up the DagBag from /home/minhle/mlops/dags/model_training.py
[2025-04-23T14:01:47.832+0700] {processor.py:925} INFO - DAG(s) 'model_pipeline_v01' retrieved from /home/minhle/mlops/dags/model_training.py
[2025-04-23T14:01:47.839+0700] {logging_mixin.py:190} INFO - [2025-04-23T14:01:47.839+0700] {dag.py:3239} INFO - Sync 1 DAGs
[2025-04-23T14:01:47.846+0700] {logging_mixin.py:190} INFO - [2025-04-23T14:01:47.846+0700] {dag.py:4180} INFO - Setting next_dagrun for model_pipeline_v01 to 2025-04-23 00:00:00+00:00, run_after=2025-04-24 00:00:00+00:00
[2025-04-23T14:01:47.921+0700] {processor.py:208} INFO - Processing /home/minhle/mlops/dags/model_training.py took 1.621 seconds
[2025-04-23T14:02:18.080+0700] {processor.py:186} INFO - Started process (PID=357466) to work on /home/minhle/mlops/dags/model_training.py
[2025-04-23T14:02:18.089+0700] {processor.py:914} INFO - Processing file /home/minhle/mlops/dags/model_training.py for tasks to queue
[2025-04-23T14:02:18.092+0700] {logging_mixin.py:190} INFO - [2025-04-23T14:02:18.091+0700] {dagbag.py:588} INFO - Filling up the DagBag from /home/minhle/mlops/dags/model_training.py
[2025-04-23T14:02:19.627+0700] {processor.py:925} INFO - DAG(s) 'model_pipeline_v01' retrieved from /home/minhle/mlops/dags/model_training.py
[2025-04-23T14:02:19.634+0700] {logging_mixin.py:190} INFO - [2025-04-23T14:02:19.634+0700] {dag.py:3239} INFO - Sync 1 DAGs
[2025-04-23T14:02:19.641+0700] {logging_mixin.py:190} INFO - [2025-04-23T14:02:19.641+0700] {dag.py:4180} INFO - Setting next_dagrun for model_pipeline_v01 to 2025-04-23 00:00:00+00:00, run_after=2025-04-24 00:00:00+00:00
[2025-04-23T14:02:19.697+0700] {processor.py:208} INFO - Processing /home/minhle/mlops/dags/model_training.py took 1.622 seconds
[2025-04-23T14:02:49.857+0700] {processor.py:186} INFO - Started process (PID=357557) to work on /home/minhle/mlops/dags/model_training.py
[2025-04-23T14:02:49.864+0700] {processor.py:914} INFO - Processing file /home/minhle/mlops/dags/model_training.py for tasks to queue
[2025-04-23T14:02:49.867+0700] {logging_mixin.py:190} INFO - [2025-04-23T14:02:49.866+0700] {dagbag.py:588} INFO - Filling up the DagBag from /home/minhle/mlops/dags/model_training.py
[2025-04-23T14:02:51.375+0700] {processor.py:925} INFO - DAG(s) 'model_pipeline_v01' retrieved from /home/minhle/mlops/dags/model_training.py
[2025-04-23T14:02:51.388+0700] {logging_mixin.py:190} INFO - [2025-04-23T14:02:51.388+0700] {dag.py:3239} INFO - Sync 1 DAGs
[2025-04-23T14:02:51.395+0700] {logging_mixin.py:190} INFO - [2025-04-23T14:02:51.395+0700] {dag.py:4180} INFO - Setting next_dagrun for model_pipeline_v01 to 2025-04-23 00:00:00+00:00, run_after=2025-04-24 00:00:00+00:00
[2025-04-23T14:02:51.461+0700] {processor.py:208} INFO - Processing /home/minhle/mlops/dags/model_training.py took 1.609 seconds
[2025-04-23T14:03:21.671+0700] {processor.py:186} INFO - Started process (PID=357697) to work on /home/minhle/mlops/dags/model_training.py
[2025-04-23T14:03:21.683+0700] {processor.py:914} INFO - Processing file /home/minhle/mlops/dags/model_training.py for tasks to queue
[2025-04-23T14:03:21.686+0700] {logging_mixin.py:190} INFO - [2025-04-23T14:03:21.685+0700] {dagbag.py:588} INFO - Filling up the DagBag from /home/minhle/mlops/dags/model_training.py
[2025-04-23T14:03:23.280+0700] {processor.py:925} INFO - DAG(s) 'model_pipeline_v01' retrieved from /home/minhle/mlops/dags/model_training.py
[2025-04-23T14:03:23.287+0700] {logging_mixin.py:190} INFO - [2025-04-23T14:03:23.287+0700] {dag.py:3239} INFO - Sync 1 DAGs
[2025-04-23T14:03:23.294+0700] {logging_mixin.py:190} INFO - [2025-04-23T14:03:23.294+0700] {dag.py:4180} INFO - Setting next_dagrun for model_pipeline_v01 to 2025-04-23 00:00:00+00:00, run_after=2025-04-24 00:00:00+00:00
[2025-04-23T14:03:23.419+0700] {processor.py:208} INFO - Processing /home/minhle/mlops/dags/model_training.py took 1.758 seconds
[2025-04-23T14:03:53.551+0700] {processor.py:186} INFO - Started process (PID=357949) to work on /home/minhle/mlops/dags/model_training.py
[2025-04-23T14:03:53.556+0700] {processor.py:914} INFO - Processing file /home/minhle/mlops/dags/model_training.py for tasks to queue
[2025-04-23T14:03:53.559+0700] {logging_mixin.py:190} INFO - [2025-04-23T14:03:53.558+0700] {dagbag.py:588} INFO - Filling up the DagBag from /home/minhle/mlops/dags/model_training.py
[2025-04-23T14:03:55.129+0700] {processor.py:925} INFO - DAG(s) 'model_pipeline_v01' retrieved from /home/minhle/mlops/dags/model_training.py
[2025-04-23T14:03:55.137+0700] {logging_mixin.py:190} INFO - [2025-04-23T14:03:55.137+0700] {dag.py:3239} INFO - Sync 1 DAGs
[2025-04-23T14:03:55.144+0700] {logging_mixin.py:190} INFO - [2025-04-23T14:03:55.144+0700] {dag.py:4180} INFO - Setting next_dagrun for model_pipeline_v01 to 2025-04-23 00:00:00+00:00, run_after=2025-04-24 00:00:00+00:00
[2025-04-23T14:03:55.210+0700] {processor.py:208} INFO - Processing /home/minhle/mlops/dags/model_training.py took 1.666 seconds
[2025-04-23T14:04:25.334+0700] {processor.py:186} INFO - Started process (PID=358114) to work on /home/minhle/mlops/dags/model_training.py
[2025-04-23T14:04:25.349+0700] {processor.py:914} INFO - Processing file /home/minhle/mlops/dags/model_training.py for tasks to queue
[2025-04-23T14:04:25.352+0700] {logging_mixin.py:190} INFO - [2025-04-23T14:04:25.351+0700] {dagbag.py:588} INFO - Filling up the DagBag from /home/minhle/mlops/dags/model_training.py
[2025-04-23T14:04:26.917+0700] {processor.py:925} INFO - DAG(s) 'model_pipeline_v01' retrieved from /home/minhle/mlops/dags/model_training.py
[2025-04-23T14:04:26.925+0700] {logging_mixin.py:190} INFO - [2025-04-23T14:04:26.925+0700] {dag.py:3239} INFO - Sync 1 DAGs
[2025-04-23T14:04:26.932+0700] {logging_mixin.py:190} INFO - [2025-04-23T14:04:26.932+0700] {dag.py:4180} INFO - Setting next_dagrun for model_pipeline_v01 to 2025-04-23 00:00:00+00:00, run_after=2025-04-24 00:00:00+00:00
[2025-04-23T14:04:27.006+0700] {processor.py:208} INFO - Processing /home/minhle/mlops/dags/model_training.py took 1.678 seconds
[2025-04-23T14:04:57.073+0700] {processor.py:186} INFO - Started process (PID=358228) to work on /home/minhle/mlops/dags/model_training.py
[2025-04-23T14:04:57.085+0700] {processor.py:914} INFO - Processing file /home/minhle/mlops/dags/model_training.py for tasks to queue
[2025-04-23T14:04:57.088+0700] {logging_mixin.py:190} INFO - [2025-04-23T14:04:57.087+0700] {dagbag.py:588} INFO - Filling up the DagBag from /home/minhle/mlops/dags/model_training.py
[2025-04-23T14:04:58.669+0700] {processor.py:925} INFO - DAG(s) 'model_pipeline_v01' retrieved from /home/minhle/mlops/dags/model_training.py
[2025-04-23T14:04:58.676+0700] {logging_mixin.py:190} INFO - [2025-04-23T14:04:58.676+0700] {dag.py:3239} INFO - Sync 1 DAGs
[2025-04-23T14:04:58.683+0700] {logging_mixin.py:190} INFO - [2025-04-23T14:04:58.683+0700] {dag.py:4180} INFO - Setting next_dagrun for model_pipeline_v01 to 2025-04-23 00:00:00+00:00, run_after=2025-04-24 00:00:00+00:00
[2025-04-23T14:04:58.751+0700] {processor.py:208} INFO - Processing /home/minhle/mlops/dags/model_training.py took 1.685 seconds
[2025-04-23T14:05:28.839+0700] {processor.py:186} INFO - Started process (PID=358332) to work on /home/minhle/mlops/dags/model_training.py
[2025-04-23T14:05:28.846+0700] {processor.py:914} INFO - Processing file /home/minhle/mlops/dags/model_training.py for tasks to queue
[2025-04-23T14:05:28.849+0700] {logging_mixin.py:190} INFO - [2025-04-23T14:05:28.848+0700] {dagbag.py:588} INFO - Filling up the DagBag from /home/minhle/mlops/dags/model_training.py
[2025-04-23T14:05:30.395+0700] {processor.py:925} INFO - DAG(s) 'model_pipeline_v01' retrieved from /home/minhle/mlops/dags/model_training.py
[2025-04-23T14:05:30.402+0700] {logging_mixin.py:190} INFO - [2025-04-23T14:05:30.402+0700] {dag.py:3239} INFO - Sync 1 DAGs
[2025-04-23T14:05:30.409+0700] {logging_mixin.py:190} INFO - [2025-04-23T14:05:30.409+0700] {dag.py:4180} INFO - Setting next_dagrun for model_pipeline_v01 to 2025-04-23 00:00:00+00:00, run_after=2025-04-24 00:00:00+00:00
[2025-04-23T14:05:30.475+0700] {processor.py:208} INFO - Processing /home/minhle/mlops/dags/model_training.py took 1.642 seconds
[2025-04-23T14:06:00.613+0700] {processor.py:186} INFO - Started process (PID=358436) to work on /home/minhle/mlops/dags/model_training.py
[2025-04-23T14:06:00.620+0700] {processor.py:914} INFO - Processing file /home/minhle/mlops/dags/model_training.py for tasks to queue
[2025-04-23T14:06:00.622+0700] {logging_mixin.py:190} INFO - [2025-04-23T14:06:00.621+0700] {dagbag.py:588} INFO - Filling up the DagBag from /home/minhle/mlops/dags/model_training.py
[2025-04-23T14:06:02.154+0700] {processor.py:925} INFO - DAG(s) 'model_pipeline_v01' retrieved from /home/minhle/mlops/dags/model_training.py
[2025-04-23T14:06:02.161+0700] {logging_mixin.py:190} INFO - [2025-04-23T14:06:02.161+0700] {dag.py:3239} INFO - Sync 1 DAGs
[2025-04-23T14:06:02.168+0700] {logging_mixin.py:190} INFO - [2025-04-23T14:06:02.168+0700] {dag.py:4180} INFO - Setting next_dagrun for model_pipeline_v01 to 2025-04-23 00:00:00+00:00, run_after=2025-04-24 00:00:00+00:00
[2025-04-23T14:06:02.239+0700] {processor.py:208} INFO - Processing /home/minhle/mlops/dags/model_training.py took 1.632 seconds
[2025-04-23T14:06:32.390+0700] {processor.py:186} INFO - Started process (PID=358541) to work on /home/minhle/mlops/dags/model_training.py
[2025-04-23T14:06:32.401+0700] {processor.py:914} INFO - Processing file /home/minhle/mlops/dags/model_training.py for tasks to queue
[2025-04-23T14:06:32.404+0700] {logging_mixin.py:190} INFO - [2025-04-23T14:06:32.403+0700] {dagbag.py:588} INFO - Filling up the DagBag from /home/minhle/mlops/dags/model_training.py
[2025-04-23T14:06:33.953+0700] {processor.py:925} INFO - DAG(s) 'model_pipeline_v01' retrieved from /home/minhle/mlops/dags/model_training.py
[2025-04-23T14:06:33.960+0700] {logging_mixin.py:190} INFO - [2025-04-23T14:06:33.960+0700] {dag.py:3239} INFO - Sync 1 DAGs
[2025-04-23T14:06:33.967+0700] {logging_mixin.py:190} INFO - [2025-04-23T14:06:33.967+0700] {dag.py:4180} INFO - Setting next_dagrun for model_pipeline_v01 to 2025-04-23 00:00:00+00:00, run_after=2025-04-24 00:00:00+00:00
[2025-04-23T14:06:34.057+0700] {processor.py:208} INFO - Processing /home/minhle/mlops/dags/model_training.py took 1.672 seconds
[2025-04-23T14:07:04.179+0700] {processor.py:186} INFO - Started process (PID=358650) to work on /home/minhle/mlops/dags/model_training.py
[2025-04-23T14:07:04.252+0700] {processor.py:914} INFO - Processing file /home/minhle/mlops/dags/model_training.py for tasks to queue
[2025-04-23T14:07:04.255+0700] {logging_mixin.py:190} INFO - [2025-04-23T14:07:04.254+0700] {dagbag.py:588} INFO - Filling up the DagBag from /home/minhle/mlops/dags/model_training.py
[2025-04-23T14:07:05.778+0700] {processor.py:925} INFO - DAG(s) 'model_pipeline_v01' retrieved from /home/minhle/mlops/dags/model_training.py
[2025-04-23T14:07:05.785+0700] {logging_mixin.py:190} INFO - [2025-04-23T14:07:05.785+0700] {dag.py:3239} INFO - Sync 1 DAGs
[2025-04-23T14:07:05.792+0700] {logging_mixin.py:190} INFO - [2025-04-23T14:07:05.792+0700] {dag.py:4180} INFO - Setting next_dagrun for model_pipeline_v01 to 2025-04-23 00:00:00+00:00, run_after=2025-04-24 00:00:00+00:00
[2025-04-23T14:07:06.577+0700] {processor.py:208} INFO - Processing /home/minhle/mlops/dags/model_training.py took 2.405 seconds
[2025-04-23T14:07:36.829+0700] {processor.py:186} INFO - Started process (PID=358754) to work on /home/minhle/mlops/dags/model_training.py
[2025-04-23T14:07:36.837+0700] {processor.py:914} INFO - Processing file /home/minhle/mlops/dags/model_training.py for tasks to queue
[2025-04-23T14:07:36.839+0700] {logging_mixin.py:190} INFO - [2025-04-23T14:07:36.838+0700] {dagbag.py:588} INFO - Filling up the DagBag from /home/minhle/mlops/dags/model_training.py
[2025-04-23T14:07:38.398+0700] {processor.py:925} INFO - DAG(s) 'model_pipeline_v01' retrieved from /home/minhle/mlops/dags/model_training.py
[2025-04-23T14:07:38.405+0700] {logging_mixin.py:190} INFO - [2025-04-23T14:07:38.405+0700] {dag.py:3239} INFO - Sync 1 DAGs
[2025-04-23T14:07:38.412+0700] {logging_mixin.py:190} INFO - [2025-04-23T14:07:38.412+0700] {dag.py:4180} INFO - Setting next_dagrun for model_pipeline_v01 to 2025-04-23 00:00:00+00:00, run_after=2025-04-24 00:00:00+00:00
[2025-04-23T14:07:38.486+0700] {processor.py:208} INFO - Processing /home/minhle/mlops/dags/model_training.py took 1.664 seconds
[2025-04-23T14:08:08.874+0700] {processor.py:186} INFO - Started process (PID=358921) to work on /home/minhle/mlops/dags/model_training.py
[2025-04-23T14:08:08.875+0700] {processor.py:914} INFO - Processing file /home/minhle/mlops/dags/model_training.py for tasks to queue
[2025-04-23T14:08:08.876+0700] {logging_mixin.py:190} INFO - [2025-04-23T14:08:08.875+0700] {dagbag.py:588} INFO - Filling up the DagBag from /home/minhle/mlops/dags/model_training.py
[2025-04-23T14:08:10.395+0700] {processor.py:925} INFO - DAG(s) 'model_pipeline_v01' retrieved from /home/minhle/mlops/dags/model_training.py
[2025-04-23T14:08:10.402+0700] {logging_mixin.py:190} INFO - [2025-04-23T14:08:10.401+0700] {dag.py:3239} INFO - Sync 1 DAGs
[2025-04-23T14:08:10.408+0700] {logging_mixin.py:190} INFO - [2025-04-23T14:08:10.408+0700] {dag.py:4180} INFO - Setting next_dagrun for model_pipeline_v01 to 2025-04-23 00:00:00+00:00, run_after=2025-04-24 00:00:00+00:00
[2025-04-23T14:08:10.641+0700] {processor.py:208} INFO - Processing /home/minhle/mlops/dags/model_training.py took 1.771 seconds
[2025-04-23T14:08:40.821+0700] {processor.py:186} INFO - Started process (PID=359027) to work on /home/minhle/mlops/dags/model_training.py
[2025-04-23T14:08:40.822+0700] {processor.py:914} INFO - Processing file /home/minhle/mlops/dags/model_training.py for tasks to queue
[2025-04-23T14:08:40.822+0700] {logging_mixin.py:190} INFO - [2025-04-23T14:08:40.822+0700] {dagbag.py:588} INFO - Filling up the DagBag from /home/minhle/mlops/dags/model_training.py
[2025-04-23T14:08:42.372+0700] {processor.py:925} INFO - DAG(s) 'model_pipeline_v01' retrieved from /home/minhle/mlops/dags/model_training.py
[2025-04-23T14:08:42.379+0700] {logging_mixin.py:190} INFO - [2025-04-23T14:08:42.379+0700] {dag.py:3239} INFO - Sync 1 DAGs
[2025-04-23T14:08:42.386+0700] {logging_mixin.py:190} INFO - [2025-04-23T14:08:42.386+0700] {dag.py:4180} INFO - Setting next_dagrun for model_pipeline_v01 to 2025-04-23 00:00:00+00:00, run_after=2025-04-24 00:00:00+00:00
[2025-04-23T14:08:42.452+0700] {processor.py:208} INFO - Processing /home/minhle/mlops/dags/model_training.py took 1.637 seconds
[2025-04-23T14:09:12.878+0700] {processor.py:186} INFO - Started process (PID=359179) to work on /home/minhle/mlops/dags/model_training.py
[2025-04-23T14:09:12.880+0700] {processor.py:914} INFO - Processing file /home/minhle/mlops/dags/model_training.py for tasks to queue
[2025-04-23T14:09:12.881+0700] {logging_mixin.py:190} INFO - [2025-04-23T14:09:12.881+0700] {dagbag.py:588} INFO - Filling up the DagBag from /home/minhle/mlops/dags/model_training.py
[2025-04-23T14:09:14.461+0700] {processor.py:925} INFO - DAG(s) 'model_pipeline_v01' retrieved from /home/minhle/mlops/dags/model_training.py
[2025-04-23T14:09:14.469+0700] {logging_mixin.py:190} INFO - [2025-04-23T14:09:14.469+0700] {dag.py:3239} INFO - Sync 1 DAGs
[2025-04-23T14:09:14.476+0700] {logging_mixin.py:190} INFO - [2025-04-23T14:09:14.476+0700] {dag.py:4180} INFO - Setting next_dagrun for model_pipeline_v01 to 2025-04-23 00:00:00+00:00, run_after=2025-04-24 00:00:00+00:00
[2025-04-23T14:09:14.554+0700] {processor.py:208} INFO - Processing /home/minhle/mlops/dags/model_training.py took 1.686 seconds
[2025-04-23T14:09:44.713+0700] {processor.py:186} INFO - Started process (PID=359284) to work on /home/minhle/mlops/dags/model_training.py
[2025-04-23T14:09:44.714+0700] {processor.py:914} INFO - Processing file /home/minhle/mlops/dags/model_training.py for tasks to queue
[2025-04-23T14:09:44.714+0700] {logging_mixin.py:190} INFO - [2025-04-23T14:09:44.714+0700] {dagbag.py:588} INFO - Filling up the DagBag from /home/minhle/mlops/dags/model_training.py
[2025-04-23T14:09:46.221+0700] {processor.py:925} INFO - DAG(s) 'model_pipeline_v01' retrieved from /home/minhle/mlops/dags/model_training.py
[2025-04-23T14:09:46.228+0700] {logging_mixin.py:190} INFO - [2025-04-23T14:09:46.228+0700] {dag.py:3239} INFO - Sync 1 DAGs
[2025-04-23T14:09:46.235+0700] {logging_mixin.py:190} INFO - [2025-04-23T14:09:46.235+0700] {dag.py:4180} INFO - Setting next_dagrun for model_pipeline_v01 to 2025-04-23 00:00:00+00:00, run_after=2025-04-24 00:00:00+00:00
[2025-04-23T14:09:47.063+0700] {processor.py:208} INFO - Processing /home/minhle/mlops/dags/model_training.py took 2.356 seconds
[2025-04-23T14:10:17.251+0700] {processor.py:186} INFO - Started process (PID=359366) to work on /home/minhle/mlops/dags/model_training.py
[2025-04-23T14:10:17.252+0700] {processor.py:914} INFO - Processing file /home/minhle/mlops/dags/model_training.py for tasks to queue
[2025-04-23T14:10:17.252+0700] {logging_mixin.py:190} INFO - [2025-04-23T14:10:17.252+0700] {dagbag.py:588} INFO - Filling up the DagBag from /home/minhle/mlops/dags/model_training.py
[2025-04-23T14:10:18.758+0700] {processor.py:925} INFO - DAG(s) 'model_pipeline_v01' retrieved from /home/minhle/mlops/dags/model_training.py
[2025-04-23T14:10:18.766+0700] {logging_mixin.py:190} INFO - [2025-04-23T14:10:18.766+0700] {dag.py:3239} INFO - Sync 1 DAGs
[2025-04-23T14:10:18.773+0700] {logging_mixin.py:190} INFO - [2025-04-23T14:10:18.772+0700] {dag.py:4180} INFO - Setting next_dagrun for model_pipeline_v01 to 2025-04-23 00:00:00+00:00, run_after=2025-04-24 00:00:00+00:00
[2025-04-23T14:10:18.931+0700] {processor.py:208} INFO - Processing /home/minhle/mlops/dags/model_training.py took 1.685 seconds
[2025-04-23T14:10:49.096+0700] {processor.py:186} INFO - Started process (PID=359475) to work on /home/minhle/mlops/dags/model_training.py
[2025-04-23T14:10:50.044+0700] {processor.py:914} INFO - Processing file /home/minhle/mlops/dags/model_training.py for tasks to queue
[2025-04-23T14:10:50.045+0700] {logging_mixin.py:190} INFO - [2025-04-23T14:10:50.045+0700] {dagbag.py:588} INFO - Filling up the DagBag from /home/minhle/mlops/dags/model_training.py
[2025-04-23T14:10:51.634+0700] {processor.py:925} INFO - DAG(s) 'model_pipeline_v01' retrieved from /home/minhle/mlops/dags/model_training.py
[2025-04-23T14:10:51.641+0700] {logging_mixin.py:190} INFO - [2025-04-23T14:10:51.641+0700] {dag.py:3239} INFO - Sync 1 DAGs
[2025-04-23T14:10:51.648+0700] {logging_mixin.py:190} INFO - [2025-04-23T14:10:51.648+0700] {dag.py:4180} INFO - Setting next_dagrun for model_pipeline_v01 to 2025-04-23 00:00:00+00:00, run_after=2025-04-24 00:00:00+00:00
[2025-04-23T14:10:51.720+0700] {processor.py:208} INFO - Processing /home/minhle/mlops/dags/model_training.py took 2.629 seconds
[2025-04-23T14:11:21.932+0700] {processor.py:186} INFO - Started process (PID=359615) to work on /home/minhle/mlops/dags/model_training.py
[2025-04-23T14:11:21.934+0700] {processor.py:914} INFO - Processing file /home/minhle/mlops/dags/model_training.py for tasks to queue
[2025-04-23T14:11:21.936+0700] {logging_mixin.py:190} INFO - [2025-04-23T14:11:21.935+0700] {dagbag.py:588} INFO - Filling up the DagBag from /home/minhle/mlops/dags/model_training.py
[2025-04-23T14:11:23.546+0700] {processor.py:925} INFO - DAG(s) 'model_pipeline_v01' retrieved from /home/minhle/mlops/dags/model_training.py
[2025-04-23T14:11:23.554+0700] {logging_mixin.py:190} INFO - [2025-04-23T14:11:23.554+0700] {dag.py:3239} INFO - Sync 1 DAGs
[2025-04-23T14:11:23.561+0700] {logging_mixin.py:190} INFO - [2025-04-23T14:11:23.561+0700] {dag.py:4180} INFO - Setting next_dagrun for model_pipeline_v01 to 2025-04-23 00:00:00+00:00, run_after=2025-04-24 00:00:00+00:00
[2025-04-23T14:11:23.632+0700] {processor.py:208} INFO - Processing /home/minhle/mlops/dags/model_training.py took 1.710 seconds
[2025-04-23T14:11:54.062+0700] {processor.py:186} INFO - Started process (PID=359701) to work on /home/minhle/mlops/dags/model_training.py
[2025-04-23T14:11:54.063+0700] {processor.py:914} INFO - Processing file /home/minhle/mlops/dags/model_training.py for tasks to queue
[2025-04-23T14:11:54.064+0700] {logging_mixin.py:190} INFO - [2025-04-23T14:11:54.064+0700] {dagbag.py:588} INFO - Filling up the DagBag from /home/minhle/mlops/dags/model_training.py
[2025-04-23T14:11:55.614+0700] {processor.py:925} INFO - DAG(s) 'model_pipeline_v01' retrieved from /home/minhle/mlops/dags/model_training.py
[2025-04-23T14:11:55.621+0700] {logging_mixin.py:190} INFO - [2025-04-23T14:11:55.620+0700] {dag.py:3239} INFO - Sync 1 DAGs
[2025-04-23T14:11:55.627+0700] {logging_mixin.py:190} INFO - [2025-04-23T14:11:55.627+0700] {dag.py:4180} INFO - Setting next_dagrun for model_pipeline_v01 to 2025-04-23 00:00:00+00:00, run_after=2025-04-24 00:00:00+00:00
[2025-04-23T14:11:55.725+0700] {processor.py:208} INFO - Processing /home/minhle/mlops/dags/model_training.py took 1.668 seconds
[2025-04-23T14:12:25.896+0700] {processor.py:186} INFO - Started process (PID=359782) to work on /home/minhle/mlops/dags/model_training.py
[2025-04-23T14:12:25.897+0700] {processor.py:914} INFO - Processing file /home/minhle/mlops/dags/model_training.py for tasks to queue
[2025-04-23T14:12:25.898+0700] {logging_mixin.py:190} INFO - [2025-04-23T14:12:25.897+0700] {dagbag.py:588} INFO - Filling up the DagBag from /home/minhle/mlops/dags/model_training.py
[2025-04-23T14:12:27.408+0700] {processor.py:925} INFO - DAG(s) 'model_pipeline_v01' retrieved from /home/minhle/mlops/dags/model_training.py
[2025-04-23T14:12:27.415+0700] {logging_mixin.py:190} INFO - [2025-04-23T14:12:27.414+0700] {dag.py:3239} INFO - Sync 1 DAGs
[2025-04-23T14:12:27.422+0700] {logging_mixin.py:190} INFO - [2025-04-23T14:12:27.422+0700] {dag.py:4180} INFO - Setting next_dagrun for model_pipeline_v01 to 2025-04-23 00:00:00+00:00, run_after=2025-04-24 00:00:00+00:00
[2025-04-23T14:12:27.499+0700] {processor.py:208} INFO - Processing /home/minhle/mlops/dags/model_training.py took 1.608 seconds
[2025-04-23T14:12:57.724+0700] {processor.py:186} INFO - Started process (PID=359862) to work on /home/minhle/mlops/dags/model_training.py
[2025-04-23T14:12:57.725+0700] {processor.py:914} INFO - Processing file /home/minhle/mlops/dags/model_training.py for tasks to queue
[2025-04-23T14:12:57.725+0700] {logging_mixin.py:190} INFO - [2025-04-23T14:12:57.725+0700] {dagbag.py:588} INFO - Filling up the DagBag from /home/minhle/mlops/dags/model_training.py
[2025-04-23T14:12:59.231+0700] {processor.py:925} INFO - DAG(s) 'model_pipeline_v01' retrieved from /home/minhle/mlops/dags/model_training.py
[2025-04-23T14:12:59.238+0700] {logging_mixin.py:190} INFO - [2025-04-23T14:12:59.238+0700] {dag.py:3239} INFO - Sync 1 DAGs
[2025-04-23T14:12:59.245+0700] {logging_mixin.py:190} INFO - [2025-04-23T14:12:59.245+0700] {dag.py:4180} INFO - Setting next_dagrun for model_pipeline_v01 to 2025-04-23 00:00:00+00:00, run_after=2025-04-24 00:00:00+00:00
[2025-04-23T14:13:00.480+0700] {processor.py:208} INFO - Processing /home/minhle/mlops/dags/model_training.py took 2.758 seconds
[2025-04-23T14:13:30.662+0700] {processor.py:186} INFO - Started process (PID=359952) to work on /home/minhle/mlops/dags/model_training.py
[2025-04-23T14:13:30.663+0700] {processor.py:914} INFO - Processing file /home/minhle/mlops/dags/model_training.py for tasks to queue
[2025-04-23T14:13:30.664+0700] {logging_mixin.py:190} INFO - [2025-04-23T14:13:30.663+0700] {dagbag.py:588} INFO - Filling up the DagBag from /home/minhle/mlops/dags/model_training.py
[2025-04-23T14:13:32.184+0700] {processor.py:925} INFO - DAG(s) 'model_pipeline_v01' retrieved from /home/minhle/mlops/dags/model_training.py
[2025-04-23T14:13:32.192+0700] {logging_mixin.py:190} INFO - [2025-04-23T14:13:32.192+0700] {dag.py:3239} INFO - Sync 1 DAGs
[2025-04-23T14:13:32.198+0700] {logging_mixin.py:190} INFO - [2025-04-23T14:13:32.198+0700] {dag.py:4180} INFO - Setting next_dagrun for model_pipeline_v01 to 2025-04-23 00:00:00+00:00, run_after=2025-04-24 00:00:00+00:00
[2025-04-23T14:13:32.263+0700] {processor.py:208} INFO - Processing /home/minhle/mlops/dags/model_training.py took 1.608 seconds
[2025-04-23T14:14:02.497+0700] {processor.py:186} INFO - Started process (PID=360061) to work on /home/minhle/mlops/dags/model_training.py
[2025-04-23T14:14:02.497+0700] {processor.py:914} INFO - Processing file /home/minhle/mlops/dags/model_training.py for tasks to queue
[2025-04-23T14:14:02.498+0700] {logging_mixin.py:190} INFO - [2025-04-23T14:14:02.498+0700] {dagbag.py:588} INFO - Filling up the DagBag from /home/minhle/mlops/dags/model_training.py
[2025-04-23T14:14:04.027+0700] {processor.py:925} INFO - DAG(s) 'model_pipeline_v01' retrieved from /home/minhle/mlops/dags/model_training.py
[2025-04-23T14:14:04.034+0700] {logging_mixin.py:190} INFO - [2025-04-23T14:14:04.034+0700] {dag.py:3239} INFO - Sync 1 DAGs
[2025-04-23T14:14:04.041+0700] {logging_mixin.py:190} INFO - [2025-04-23T14:14:04.041+0700] {dag.py:4180} INFO - Setting next_dagrun for model_pipeline_v01 to 2025-04-23 00:00:00+00:00, run_after=2025-04-24 00:00:00+00:00
[2025-04-23T14:14:04.117+0700] {processor.py:208} INFO - Processing /home/minhle/mlops/dags/model_training.py took 1.624 seconds
[2025-04-23T14:14:34.338+0700] {processor.py:186} INFO - Started process (PID=360163) to work on /home/minhle/mlops/dags/model_training.py
[2025-04-23T14:14:34.439+0700] {processor.py:914} INFO - Processing file /home/minhle/mlops/dags/model_training.py for tasks to queue
[2025-04-23T14:14:34.442+0700] {logging_mixin.py:190} INFO - [2025-04-23T14:14:34.442+0700] {dagbag.py:588} INFO - Filling up the DagBag from /home/minhle/mlops/dags/model_training.py
[2025-04-23T14:14:35.946+0700] {processor.py:925} INFO - DAG(s) 'model_pipeline_v01' retrieved from /home/minhle/mlops/dags/model_training.py
[2025-04-23T14:14:35.953+0700] {logging_mixin.py:190} INFO - [2025-04-23T14:14:35.953+0700] {dag.py:3239} INFO - Sync 1 DAGs
[2025-04-23T14:14:35.960+0700] {logging_mixin.py:190} INFO - [2025-04-23T14:14:35.959+0700] {dag.py:4180} INFO - Setting next_dagrun for model_pipeline_v01 to 2025-04-23 00:00:00+00:00, run_after=2025-04-24 00:00:00+00:00
[2025-04-23T14:14:36.314+0700] {processor.py:208} INFO - Processing /home/minhle/mlops/dags/model_training.py took 1.981 seconds
[2025-04-23T14:15:06.438+0700] {processor.py:186} INFO - Started process (PID=360243) to work on /home/minhle/mlops/dags/model_training.py
[2025-04-23T14:15:06.438+0700] {processor.py:914} INFO - Processing file /home/minhle/mlops/dags/model_training.py for tasks to queue
[2025-04-23T14:15:06.439+0700] {logging_mixin.py:190} INFO - [2025-04-23T14:15:06.438+0700] {dagbag.py:588} INFO - Filling up the DagBag from /home/minhle/mlops/dags/model_training.py
[2025-04-23T14:15:07.951+0700] {processor.py:925} INFO - DAG(s) 'model_pipeline_v01' retrieved from /home/minhle/mlops/dags/model_training.py
[2025-04-23T14:15:07.958+0700] {logging_mixin.py:190} INFO - [2025-04-23T14:15:07.958+0700] {dag.py:3239} INFO - Sync 1 DAGs
[2025-04-23T14:15:07.965+0700] {logging_mixin.py:190} INFO - [2025-04-23T14:15:07.964+0700] {dag.py:4180} INFO - Setting next_dagrun for model_pipeline_v01 to 2025-04-23 00:00:00+00:00, run_after=2025-04-24 00:00:00+00:00
[2025-04-23T14:15:08.214+0700] {processor.py:208} INFO - Processing /home/minhle/mlops/dags/model_training.py took 1.782 seconds
[2025-04-23T14:15:38.371+0700] {processor.py:186} INFO - Started process (PID=360324) to work on /home/minhle/mlops/dags/model_training.py
[2025-04-23T14:15:38.371+0700] {processor.py:914} INFO - Processing file /home/minhle/mlops/dags/model_training.py for tasks to queue
[2025-04-23T14:15:38.372+0700] {logging_mixin.py:190} INFO - [2025-04-23T14:15:38.372+0700] {dagbag.py:588} INFO - Filling up the DagBag from /home/minhle/mlops/dags/model_training.py
[2025-04-23T14:15:39.880+0700] {processor.py:925} INFO - DAG(s) 'model_pipeline_v01' retrieved from /home/minhle/mlops/dags/model_training.py
[2025-04-23T14:15:39.887+0700] {logging_mixin.py:190} INFO - [2025-04-23T14:15:39.887+0700] {dag.py:3239} INFO - Sync 1 DAGs
[2025-04-23T14:15:39.894+0700] {logging_mixin.py:190} INFO - [2025-04-23T14:15:39.894+0700] {dag.py:4180} INFO - Setting next_dagrun for model_pipeline_v01 to 2025-04-23 00:00:00+00:00, run_after=2025-04-24 00:00:00+00:00
[2025-04-23T14:15:39.959+0700] {processor.py:208} INFO - Processing /home/minhle/mlops/dags/model_training.py took 1.594 seconds
[2025-04-23T14:16:10.049+0700] {processor.py:186} INFO - Started process (PID=360415) to work on /home/minhle/mlops/dags/model_training.py
[2025-04-23T14:16:10.049+0700] {processor.py:914} INFO - Processing file /home/minhle/mlops/dags/model_training.py for tasks to queue
[2025-04-23T14:16:10.050+0700] {logging_mixin.py:190} INFO - [2025-04-23T14:16:10.050+0700] {dagbag.py:588} INFO - Filling up the DagBag from /home/minhle/mlops/dags/model_training.py
[2025-04-23T14:16:11.586+0700] {processor.py:925} INFO - DAG(s) 'model_pipeline_v01' retrieved from /home/minhle/mlops/dags/model_training.py
[2025-04-23T14:16:11.593+0700] {logging_mixin.py:190} INFO - [2025-04-23T14:16:11.592+0700] {dag.py:3239} INFO - Sync 1 DAGs
[2025-04-23T14:16:11.600+0700] {logging_mixin.py:190} INFO - [2025-04-23T14:16:11.600+0700] {dag.py:4180} INFO - Setting next_dagrun for model_pipeline_v01 to 2025-04-23 00:00:00+00:00, run_after=2025-04-24 00:00:00+00:00
[2025-04-23T14:16:11.667+0700] {processor.py:208} INFO - Processing /home/minhle/mlops/dags/model_training.py took 1.623 seconds
[2025-04-23T14:16:41.912+0700] {processor.py:186} INFO - Started process (PID=360499) to work on /home/minhle/mlops/dags/model_training.py
[2025-04-23T14:16:41.918+0700] {processor.py:914} INFO - Processing file /home/minhle/mlops/dags/model_training.py for tasks to queue
[2025-04-23T14:16:41.920+0700] {logging_mixin.py:190} INFO - [2025-04-23T14:16:41.920+0700] {dagbag.py:588} INFO - Filling up the DagBag from /home/minhle/mlops/dags/model_training.py
[2025-04-23T14:16:43.430+0700] {processor.py:925} INFO - DAG(s) 'model_pipeline_v01' retrieved from /home/minhle/mlops/dags/model_training.py
[2025-04-23T14:16:43.438+0700] {logging_mixin.py:190} INFO - [2025-04-23T14:16:43.437+0700] {dag.py:3239} INFO - Sync 1 DAGs
[2025-04-23T14:16:43.444+0700] {logging_mixin.py:190} INFO - [2025-04-23T14:16:43.444+0700] {dag.py:4180} INFO - Setting next_dagrun for model_pipeline_v01 to 2025-04-23 00:00:00+00:00, run_after=2025-04-24 00:00:00+00:00
[2025-04-23T14:16:43.507+0700] {processor.py:208} INFO - Processing /home/minhle/mlops/dags/model_training.py took 1.600 seconds
[2025-04-23T14:17:13.661+0700] {processor.py:186} INFO - Started process (PID=360583) to work on /home/minhle/mlops/dags/model_training.py
[2025-04-23T14:17:13.662+0700] {processor.py:914} INFO - Processing file /home/minhle/mlops/dags/model_training.py for tasks to queue
[2025-04-23T14:17:13.662+0700] {logging_mixin.py:190} INFO - [2025-04-23T14:17:13.662+0700] {dagbag.py:588} INFO - Filling up the DagBag from /home/minhle/mlops/dags/model_training.py
[2025-04-23T14:17:15.165+0700] {processor.py:925} INFO - DAG(s) 'model_pipeline_v01' retrieved from /home/minhle/mlops/dags/model_training.py
[2025-04-23T14:17:15.172+0700] {logging_mixin.py:190} INFO - [2025-04-23T14:17:15.171+0700] {dag.py:3239} INFO - Sync 1 DAGs
[2025-04-23T14:17:15.178+0700] {logging_mixin.py:190} INFO - [2025-04-23T14:17:15.178+0700] {dag.py:4180} INFO - Setting next_dagrun for model_pipeline_v01 to 2025-04-23 00:00:00+00:00, run_after=2025-04-24 00:00:00+00:00
[2025-04-23T14:17:15.282+0700] {processor.py:208} INFO - Processing /home/minhle/mlops/dags/model_training.py took 1.627 seconds
[2025-04-23T14:17:45.515+0700] {processor.py:186} INFO - Started process (PID=360663) to work on /home/minhle/mlops/dags/model_training.py
[2025-04-23T14:17:45.541+0700] {processor.py:914} INFO - Processing file /home/minhle/mlops/dags/model_training.py for tasks to queue
[2025-04-23T14:17:45.544+0700] {logging_mixin.py:190} INFO - [2025-04-23T14:17:45.543+0700] {dagbag.py:588} INFO - Filling up the DagBag from /home/minhle/mlops/dags/model_training.py
[2025-04-23T14:17:47.054+0700] {processor.py:925} INFO - DAG(s) 'model_pipeline_v01' retrieved from /home/minhle/mlops/dags/model_training.py
[2025-04-23T14:17:47.061+0700] {logging_mixin.py:190} INFO - [2025-04-23T14:17:47.061+0700] {dag.py:3239} INFO - Sync 1 DAGs
[2025-04-23T14:17:47.068+0700] {logging_mixin.py:190} INFO - [2025-04-23T14:17:47.068+0700] {dag.py:4180} INFO - Setting next_dagrun for model_pipeline_v01 to 2025-04-23 00:00:00+00:00, run_after=2025-04-24 00:00:00+00:00
[2025-04-23T14:17:47.129+0700] {processor.py:208} INFO - Processing /home/minhle/mlops/dags/model_training.py took 1.619 seconds
[2025-04-23T14:18:17.292+0700] {processor.py:186} INFO - Started process (PID=360754) to work on /home/minhle/mlops/dags/model_training.py
[2025-04-23T14:18:17.293+0700] {processor.py:914} INFO - Processing file /home/minhle/mlops/dags/model_training.py for tasks to queue
[2025-04-23T14:18:17.293+0700] {logging_mixin.py:190} INFO - [2025-04-23T14:18:17.293+0700] {dagbag.py:588} INFO - Filling up the DagBag from /home/minhle/mlops/dags/model_training.py
[2025-04-23T14:18:18.802+0700] {processor.py:925} INFO - DAG(s) 'model_pipeline_v01' retrieved from /home/minhle/mlops/dags/model_training.py
[2025-04-23T14:18:18.810+0700] {logging_mixin.py:190} INFO - [2025-04-23T14:18:18.810+0700] {dag.py:3239} INFO - Sync 1 DAGs
[2025-04-23T14:18:18.817+0700] {logging_mixin.py:190} INFO - [2025-04-23T14:18:18.816+0700] {dag.py:4180} INFO - Setting next_dagrun for model_pipeline_v01 to 2025-04-23 00:00:00+00:00, run_after=2025-04-24 00:00:00+00:00
[2025-04-23T14:18:19.405+0700] {processor.py:208} INFO - Processing /home/minhle/mlops/dags/model_training.py took 2.119 seconds
[2025-04-23T14:18:49.580+0700] {processor.py:186} INFO - Started process (PID=360835) to work on /home/minhle/mlops/dags/model_training.py
[2025-04-23T14:18:49.580+0700] {processor.py:914} INFO - Processing file /home/minhle/mlops/dags/model_training.py for tasks to queue
[2025-04-23T14:18:49.581+0700] {logging_mixin.py:190} INFO - [2025-04-23T14:18:49.581+0700] {dagbag.py:588} INFO - Filling up the DagBag from /home/minhle/mlops/dags/model_training.py
[2025-04-23T14:18:51.111+0700] {processor.py:925} INFO - DAG(s) 'model_pipeline_v01' retrieved from /home/minhle/mlops/dags/model_training.py
[2025-04-23T14:18:51.118+0700] {logging_mixin.py:190} INFO - [2025-04-23T14:18:51.118+0700] {dag.py:3239} INFO - Sync 1 DAGs
[2025-04-23T14:18:51.125+0700] {logging_mixin.py:190} INFO - [2025-04-23T14:18:51.125+0700] {dag.py:4180} INFO - Setting next_dagrun for model_pipeline_v01 to 2025-04-23 00:00:00+00:00, run_after=2025-04-24 00:00:00+00:00
[2025-04-23T14:18:51.194+0700] {processor.py:208} INFO - Processing /home/minhle/mlops/dags/model_training.py took 1.620 seconds
[2025-04-23T14:19:21.381+0700] {processor.py:186} INFO - Started process (PID=361026) to work on /home/minhle/mlops/dags/model_training.py
[2025-04-23T14:19:21.392+0700] {processor.py:914} INFO - Processing file /home/minhle/mlops/dags/model_training.py for tasks to queue
[2025-04-23T14:19:21.395+0700] {logging_mixin.py:190} INFO - [2025-04-23T14:19:21.394+0700] {dagbag.py:588} INFO - Filling up the DagBag from /home/minhle/mlops/dags/model_training.py
[2025-04-23T14:19:22.962+0700] {processor.py:925} INFO - DAG(s) 'model_pipeline_v01' retrieved from /home/minhle/mlops/dags/model_training.py
[2025-04-23T14:19:22.969+0700] {logging_mixin.py:190} INFO - [2025-04-23T14:19:22.969+0700] {dag.py:3239} INFO - Sync 1 DAGs
[2025-04-23T14:19:22.976+0700] {logging_mixin.py:190} INFO - [2025-04-23T14:19:22.976+0700] {dag.py:4180} INFO - Setting next_dagrun for model_pipeline_v01 to 2025-04-23 00:00:00+00:00, run_after=2025-04-24 00:00:00+00:00
[2025-04-23T14:19:23.049+0700] {processor.py:208} INFO - Processing /home/minhle/mlops/dags/model_training.py took 1.680 seconds
[2025-04-23T14:19:53.143+0700] {processor.py:186} INFO - Started process (PID=361147) to work on /home/minhle/mlops/dags/model_training.py
[2025-04-23T14:19:53.143+0700] {processor.py:914} INFO - Processing file /home/minhle/mlops/dags/model_training.py for tasks to queue
[2025-04-23T14:19:53.143+0700] {logging_mixin.py:190} INFO - [2025-04-23T14:19:53.143+0700] {dagbag.py:588} INFO - Filling up the DagBag from /home/minhle/mlops/dags/model_training.py
[2025-04-23T14:19:54.671+0700] {processor.py:925} INFO - DAG(s) 'model_pipeline_v01' retrieved from /home/minhle/mlops/dags/model_training.py
[2025-04-23T14:19:54.679+0700] {logging_mixin.py:190} INFO - [2025-04-23T14:19:54.678+0700] {dag.py:3239} INFO - Sync 1 DAGs
[2025-04-23T14:19:54.685+0700] {logging_mixin.py:190} INFO - [2025-04-23T14:19:54.685+0700] {dag.py:4180} INFO - Setting next_dagrun for model_pipeline_v01 to 2025-04-23 00:00:00+00:00, run_after=2025-04-24 00:00:00+00:00
[2025-04-23T14:19:55.768+0700] {processor.py:208} INFO - Processing /home/minhle/mlops/dags/model_training.py took 2.631 seconds
[2025-04-23T14:20:25.937+0700] {processor.py:186} INFO - Started process (PID=361299) to work on /home/minhle/mlops/dags/model_training.py
[2025-04-23T14:20:25.938+0700] {processor.py:914} INFO - Processing file /home/minhle/mlops/dags/model_training.py for tasks to queue
[2025-04-23T14:20:25.940+0700] {logging_mixin.py:190} INFO - [2025-04-23T14:20:25.940+0700] {dagbag.py:588} INFO - Filling up the DagBag from /home/minhle/mlops/dags/model_training.py
[2025-04-23T14:20:27.524+0700] {processor.py:925} INFO - DAG(s) 'model_pipeline_v01' retrieved from /home/minhle/mlops/dags/model_training.py
[2025-04-23T14:20:27.531+0700] {logging_mixin.py:190} INFO - [2025-04-23T14:20:27.531+0700] {dag.py:3239} INFO - Sync 1 DAGs
[2025-04-23T14:20:27.538+0700] {logging_mixin.py:190} INFO - [2025-04-23T14:20:27.538+0700] {dag.py:4180} INFO - Setting next_dagrun for model_pipeline_v01 to 2025-04-23 00:00:00+00:00, run_after=2025-04-24 00:00:00+00:00
[2025-04-23T14:20:28.232+0700] {processor.py:208} INFO - Processing /home/minhle/mlops/dags/model_training.py took 2.300 seconds
[2025-04-23T14:20:58.633+0700] {processor.py:186} INFO - Started process (PID=361394) to work on /home/minhle/mlops/dags/model_training.py
[2025-04-23T14:20:58.634+0700] {processor.py:914} INFO - Processing file /home/minhle/mlops/dags/model_training.py for tasks to queue
[2025-04-23T14:20:58.635+0700] {logging_mixin.py:190} INFO - [2025-04-23T14:20:58.634+0700] {dagbag.py:588} INFO - Filling up the DagBag from /home/minhle/mlops/dags/model_training.py
[2025-04-23T14:21:00.158+0700] {processor.py:925} INFO - DAG(s) 'model_pipeline_v01' retrieved from /home/minhle/mlops/dags/model_training.py
[2025-04-23T14:21:00.165+0700] {logging_mixin.py:190} INFO - [2025-04-23T14:21:00.165+0700] {dag.py:3239} INFO - Sync 1 DAGs
[2025-04-23T14:21:00.172+0700] {logging_mixin.py:190} INFO - [2025-04-23T14:21:00.171+0700] {dag.py:4180} INFO - Setting next_dagrun for model_pipeline_v01 to 2025-04-23 00:00:00+00:00, run_after=2025-04-24 00:00:00+00:00
[2025-04-23T14:21:00.277+0700] {processor.py:208} INFO - Processing /home/minhle/mlops/dags/model_training.py took 1.653 seconds
[2025-04-23T14:21:30.492+0700] {processor.py:186} INFO - Started process (PID=361474) to work on /home/minhle/mlops/dags/model_training.py
[2025-04-23T14:21:30.494+0700] {processor.py:914} INFO - Processing file /home/minhle/mlops/dags/model_training.py for tasks to queue
[2025-04-23T14:21:30.496+0700] {logging_mixin.py:190} INFO - [2025-04-23T14:21:30.495+0700] {dagbag.py:588} INFO - Filling up the DagBag from /home/minhle/mlops/dags/model_training.py
[2025-04-23T14:21:32.011+0700] {processor.py:925} INFO - DAG(s) 'model_pipeline_v01' retrieved from /home/minhle/mlops/dags/model_training.py
[2025-04-23T14:21:32.019+0700] {logging_mixin.py:190} INFO - [2025-04-23T14:21:32.018+0700] {dag.py:3239} INFO - Sync 1 DAGs
[2025-04-23T14:21:32.025+0700] {logging_mixin.py:190} INFO - [2025-04-23T14:21:32.025+0700] {dag.py:4180} INFO - Setting next_dagrun for model_pipeline_v01 to 2025-04-23 00:00:00+00:00, run_after=2025-04-24 00:00:00+00:00
[2025-04-23T14:21:32.135+0700] {processor.py:208} INFO - Processing /home/minhle/mlops/dags/model_training.py took 1.653 seconds
[2025-04-23T14:22:02.378+0700] {processor.py:186} INFO - Started process (PID=361556) to work on /home/minhle/mlops/dags/model_training.py
[2025-04-23T14:22:02.379+0700] {processor.py:914} INFO - Processing file /home/minhle/mlops/dags/model_training.py for tasks to queue
[2025-04-23T14:22:02.380+0700] {logging_mixin.py:190} INFO - [2025-04-23T14:22:02.379+0700] {dagbag.py:588} INFO - Filling up the DagBag from /home/minhle/mlops/dags/model_training.py
[2025-04-23T14:22:03.920+0700] {processor.py:925} INFO - DAG(s) 'model_pipeline_v01' retrieved from /home/minhle/mlops/dags/model_training.py
[2025-04-23T14:22:03.927+0700] {logging_mixin.py:190} INFO - [2025-04-23T14:22:03.927+0700] {dag.py:3239} INFO - Sync 1 DAGs
[2025-04-23T14:22:03.934+0700] {logging_mixin.py:190} INFO - [2025-04-23T14:22:03.934+0700] {dag.py:4180} INFO - Setting next_dagrun for model_pipeline_v01 to 2025-04-23 00:00:00+00:00, run_after=2025-04-24 00:00:00+00:00
[2025-04-23T14:22:04.029+0700] {processor.py:208} INFO - Processing /home/minhle/mlops/dags/model_training.py took 1.657 seconds
[2025-04-23T14:22:34.218+0700] {processor.py:186} INFO - Started process (PID=361637) to work on /home/minhle/mlops/dags/model_training.py
[2025-04-23T14:22:34.687+0700] {processor.py:914} INFO - Processing file /home/minhle/mlops/dags/model_training.py for tasks to queue
[2025-04-23T14:22:34.690+0700] {logging_mixin.py:190} INFO - [2025-04-23T14:22:34.689+0700] {dagbag.py:588} INFO - Filling up the DagBag from /home/minhle/mlops/dags/model_training.py
[2025-04-23T14:22:36.213+0700] {processor.py:925} INFO - DAG(s) 'model_pipeline_v01' retrieved from /home/minhle/mlops/dags/model_training.py
[2025-04-23T14:22:36.220+0700] {logging_mixin.py:190} INFO - [2025-04-23T14:22:36.219+0700] {dag.py:3239} INFO - Sync 1 DAGs
[2025-04-23T14:22:36.227+0700] {logging_mixin.py:190} INFO - [2025-04-23T14:22:36.227+0700] {dag.py:4180} INFO - Setting next_dagrun for model_pipeline_v01 to 2025-04-23 00:00:00+00:00, run_after=2025-04-24 00:00:00+00:00
[2025-04-23T14:22:36.317+0700] {processor.py:208} INFO - Processing /home/minhle/mlops/dags/model_training.py took 2.104 seconds
[2025-04-23T14:23:06.546+0700] {processor.py:186} INFO - Started process (PID=361751) to work on /home/minhle/mlops/dags/model_training.py
[2025-04-23T14:23:06.547+0700] {processor.py:914} INFO - Processing file /home/minhle/mlops/dags/model_training.py for tasks to queue
[2025-04-23T14:23:06.548+0700] {logging_mixin.py:190} INFO - [2025-04-23T14:23:06.547+0700] {dagbag.py:588} INFO - Filling up the DagBag from /home/minhle/mlops/dags/model_training.py
[2025-04-23T14:23:08.079+0700] {processor.py:925} INFO - DAG(s) 'model_pipeline_v01' retrieved from /home/minhle/mlops/dags/model_training.py
[2025-04-23T14:23:08.087+0700] {logging_mixin.py:190} INFO - [2025-04-23T14:23:08.087+0700] {dag.py:3239} INFO - Sync 1 DAGs
[2025-04-23T14:23:08.094+0700] {logging_mixin.py:190} INFO - [2025-04-23T14:23:08.093+0700] {dag.py:4180} INFO - Setting next_dagrun for model_pipeline_v01 to 2025-04-23 00:00:00+00:00, run_after=2025-04-24 00:00:00+00:00
[2025-04-23T14:23:08.170+0700] {processor.py:208} INFO - Processing /home/minhle/mlops/dags/model_training.py took 1.629 seconds
[2025-04-23T14:23:38.381+0700] {processor.py:186} INFO - Started process (PID=361953) to work on /home/minhle/mlops/dags/model_training.py
[2025-04-23T14:23:38.381+0700] {processor.py:914} INFO - Processing file /home/minhle/mlops/dags/model_training.py for tasks to queue
[2025-04-23T14:23:38.382+0700] {logging_mixin.py:190} INFO - [2025-04-23T14:23:38.382+0700] {dagbag.py:588} INFO - Filling up the DagBag from /home/minhle/mlops/dags/model_training.py
[2025-04-23T14:23:39.917+0700] {processor.py:925} INFO - DAG(s) 'model_pipeline_v01' retrieved from /home/minhle/mlops/dags/model_training.py
[2025-04-23T14:23:39.925+0700] {logging_mixin.py:190} INFO - [2025-04-23T14:23:39.925+0700] {dag.py:3239} INFO - Sync 1 DAGs
[2025-04-23T14:23:39.932+0700] {logging_mixin.py:190} INFO - [2025-04-23T14:23:39.932+0700] {dag.py:4180} INFO - Setting next_dagrun for model_pipeline_v01 to 2025-04-23 00:00:00+00:00, run_after=2025-04-24 00:00:00+00:00
[2025-04-23T14:23:40.051+0700] {processor.py:208} INFO - Processing /home/minhle/mlops/dags/model_training.py took 1.673 seconds
[2025-04-23T14:24:10.219+0700] {processor.py:186} INFO - Started process (PID=362063) to work on /home/minhle/mlops/dags/model_training.py
[2025-04-23T14:24:10.219+0700] {processor.py:914} INFO - Processing file /home/minhle/mlops/dags/model_training.py for tasks to queue
[2025-04-23T14:24:10.220+0700] {logging_mixin.py:190} INFO - [2025-04-23T14:24:10.220+0700] {dagbag.py:588} INFO - Filling up the DagBag from /home/minhle/mlops/dags/model_training.py
[2025-04-23T14:24:11.742+0700] {processor.py:925} INFO - DAG(s) 'model_pipeline_v01' retrieved from /home/minhle/mlops/dags/model_training.py
[2025-04-23T14:24:11.749+0700] {logging_mixin.py:190} INFO - [2025-04-23T14:24:11.749+0700] {dag.py:3239} INFO - Sync 1 DAGs
[2025-04-23T14:24:11.756+0700] {logging_mixin.py:190} INFO - [2025-04-23T14:24:11.756+0700] {dag.py:4180} INFO - Setting next_dagrun for model_pipeline_v01 to 2025-04-23 00:00:00+00:00, run_after=2025-04-24 00:00:00+00:00
[2025-04-23T14:24:12.425+0700] {processor.py:208} INFO - Processing /home/minhle/mlops/dags/model_training.py took 2.212 seconds
[2025-04-23T14:24:42.561+0700] {processor.py:186} INFO - Started process (PID=362154) to work on /home/minhle/mlops/dags/model_training.py
[2025-04-23T14:24:42.562+0700] {processor.py:914} INFO - Processing file /home/minhle/mlops/dags/model_training.py for tasks to queue
[2025-04-23T14:24:42.564+0700] {logging_mixin.py:190} INFO - [2025-04-23T14:24:42.563+0700] {dagbag.py:588} INFO - Filling up the DagBag from /home/minhle/mlops/dags/model_training.py
[2025-04-23T14:24:44.102+0700] {processor.py:925} INFO - DAG(s) 'model_pipeline_v01' retrieved from /home/minhle/mlops/dags/model_training.py
[2025-04-23T14:24:44.109+0700] {logging_mixin.py:190} INFO - [2025-04-23T14:24:44.109+0700] {dag.py:3239} INFO - Sync 1 DAGs
[2025-04-23T14:24:44.116+0700] {logging_mixin.py:190} INFO - [2025-04-23T14:24:44.116+0700] {dag.py:4180} INFO - Setting next_dagrun for model_pipeline_v01 to 2025-04-23 00:00:00+00:00, run_after=2025-04-24 00:00:00+00:00
[2025-04-23T14:24:44.513+0700] {processor.py:208} INFO - Processing /home/minhle/mlops/dags/model_training.py took 1.958 seconds
[2025-04-23T14:25:14.636+0700] {processor.py:186} INFO - Started process (PID=362234) to work on /home/minhle/mlops/dags/model_training.py
[2025-04-23T14:25:14.636+0700] {processor.py:914} INFO - Processing file /home/minhle/mlops/dags/model_training.py for tasks to queue
[2025-04-23T14:25:14.638+0700] {logging_mixin.py:190} INFO - [2025-04-23T14:25:14.637+0700] {dagbag.py:588} INFO - Filling up the DagBag from /home/minhle/mlops/dags/model_training.py
[2025-04-23T14:25:16.210+0700] {processor.py:925} INFO - DAG(s) 'model_pipeline_v01' retrieved from /home/minhle/mlops/dags/model_training.py
[2025-04-23T14:25:16.218+0700] {logging_mixin.py:190} INFO - [2025-04-23T14:25:16.218+0700] {dag.py:3239} INFO - Sync 1 DAGs
[2025-04-23T14:25:16.225+0700] {logging_mixin.py:190} INFO - [2025-04-23T14:25:16.225+0700] {dag.py:4180} INFO - Setting next_dagrun for model_pipeline_v01 to 2025-04-23 00:00:00+00:00, run_after=2025-04-24 00:00:00+00:00
[2025-04-23T14:25:16.311+0700] {processor.py:208} INFO - Processing /home/minhle/mlops/dags/model_training.py took 1.681 seconds
[2025-04-23T14:25:46.408+0700] {processor.py:186} INFO - Started process (PID=362333) to work on /home/minhle/mlops/dags/model_training.py
[2025-04-23T14:25:46.409+0700] {processor.py:914} INFO - Processing file /home/minhle/mlops/dags/model_training.py for tasks to queue
[2025-04-23T14:25:46.411+0700] {logging_mixin.py:190} INFO - [2025-04-23T14:25:46.411+0700] {dagbag.py:588} INFO - Filling up the DagBag from /home/minhle/mlops/dags/model_training.py
[2025-04-23T14:25:47.960+0700] {processor.py:925} INFO - DAG(s) 'model_pipeline_v01' retrieved from /home/minhle/mlops/dags/model_training.py
[2025-04-23T14:25:47.967+0700] {logging_mixin.py:190} INFO - [2025-04-23T14:25:47.967+0700] {dag.py:3239} INFO - Sync 1 DAGs
[2025-04-23T14:25:47.974+0700] {logging_mixin.py:190} INFO - [2025-04-23T14:25:47.974+0700] {dag.py:4180} INFO - Setting next_dagrun for model_pipeline_v01 to 2025-04-23 00:00:00+00:00, run_after=2025-04-24 00:00:00+00:00
[2025-04-23T14:25:48.077+0700] {processor.py:208} INFO - Processing /home/minhle/mlops/dags/model_training.py took 1.674 seconds
[2025-04-23T14:26:18.200+0700] {processor.py:186} INFO - Started process (PID=362420) to work on /home/minhle/mlops/dags/model_training.py
[2025-04-23T14:26:18.201+0700] {processor.py:914} INFO - Processing file /home/minhle/mlops/dags/model_training.py for tasks to queue
[2025-04-23T14:26:18.202+0700] {logging_mixin.py:190} INFO - [2025-04-23T14:26:18.202+0700] {dagbag.py:588} INFO - Filling up the DagBag from /home/minhle/mlops/dags/model_training.py
[2025-04-23T14:26:19.731+0700] {processor.py:925} INFO - DAG(s) 'model_pipeline_v01' retrieved from /home/minhle/mlops/dags/model_training.py
[2025-04-23T14:26:19.739+0700] {logging_mixin.py:190} INFO - [2025-04-23T14:26:19.739+0700] {dag.py:3239} INFO - Sync 1 DAGs
[2025-04-23T14:26:19.745+0700] {logging_mixin.py:190} INFO - [2025-04-23T14:26:19.745+0700] {dag.py:4180} INFO - Setting next_dagrun for model_pipeline_v01 to 2025-04-23 00:00:00+00:00, run_after=2025-04-24 00:00:00+00:00
[2025-04-23T14:26:19.841+0700] {processor.py:208} INFO - Processing /home/minhle/mlops/dags/model_training.py took 1.650 seconds
[2025-04-23T14:26:49.969+0700] {processor.py:186} INFO - Started process (PID=362519) to work on /home/minhle/mlops/dags/model_training.py
[2025-04-23T14:26:49.970+0700] {processor.py:914} INFO - Processing file /home/minhle/mlops/dags/model_training.py for tasks to queue
[2025-04-23T14:26:49.971+0700] {logging_mixin.py:190} INFO - [2025-04-23T14:26:49.971+0700] {dagbag.py:588} INFO - Filling up the DagBag from /home/minhle/mlops/dags/model_training.py
[2025-04-23T14:26:51.498+0700] {processor.py:925} INFO - DAG(s) 'model_pipeline_v01' retrieved from /home/minhle/mlops/dags/model_training.py
[2025-04-23T14:26:51.505+0700] {logging_mixin.py:190} INFO - [2025-04-23T14:26:51.505+0700] {dag.py:3239} INFO - Sync 1 DAGs
[2025-04-23T14:26:51.511+0700] {logging_mixin.py:190} INFO - [2025-04-23T14:26:51.511+0700] {dag.py:4180} INFO - Setting next_dagrun for model_pipeline_v01 to 2025-04-23 00:00:00+00:00, run_after=2025-04-24 00:00:00+00:00
[2025-04-23T14:26:51.586+0700] {processor.py:208} INFO - Processing /home/minhle/mlops/dags/model_training.py took 1.622 seconds
[2025-04-23T14:27:21.745+0700] {processor.py:186} INFO - Started process (PID=362604) to work on /home/minhle/mlops/dags/model_training.py
[2025-04-23T14:27:21.745+0700] {processor.py:914} INFO - Processing file /home/minhle/mlops/dags/model_training.py for tasks to queue
[2025-04-23T14:27:21.746+0700] {logging_mixin.py:190} INFO - [2025-04-23T14:27:21.746+0700] {dagbag.py:588} INFO - Filling up the DagBag from /home/minhle/mlops/dags/model_training.py
[2025-04-23T14:27:23.273+0700] {processor.py:925} INFO - DAG(s) 'model_pipeline_v01' retrieved from /home/minhle/mlops/dags/model_training.py
[2025-04-23T14:27:23.280+0700] {logging_mixin.py:190} INFO - [2025-04-23T14:27:23.280+0700] {dag.py:3239} INFO - Sync 1 DAGs
[2025-04-23T14:27:23.287+0700] {logging_mixin.py:190} INFO - [2025-04-23T14:27:23.287+0700] {dag.py:4180} INFO - Setting next_dagrun for model_pipeline_v01 to 2025-04-23 00:00:00+00:00, run_after=2025-04-24 00:00:00+00:00
[2025-04-23T14:27:23.359+0700] {processor.py:208} INFO - Processing /home/minhle/mlops/dags/model_training.py took 1.619 seconds
[2025-04-23T14:27:53.519+0700] {processor.py:186} INFO - Started process (PID=362694) to work on /home/minhle/mlops/dags/model_training.py
[2025-04-23T14:27:53.520+0700] {processor.py:914} INFO - Processing file /home/minhle/mlops/dags/model_training.py for tasks to queue
[2025-04-23T14:27:53.521+0700] {logging_mixin.py:190} INFO - [2025-04-23T14:27:53.520+0700] {dagbag.py:588} INFO - Filling up the DagBag from /home/minhle/mlops/dags/model_training.py
[2025-04-23T14:27:55.044+0700] {processor.py:925} INFO - DAG(s) 'model_pipeline_v01' retrieved from /home/minhle/mlops/dags/model_training.py
[2025-04-23T14:27:55.051+0700] {logging_mixin.py:190} INFO - [2025-04-23T14:27:55.051+0700] {dag.py:3239} INFO - Sync 1 DAGs
[2025-04-23T14:27:55.058+0700] {logging_mixin.py:190} INFO - [2025-04-23T14:27:55.057+0700] {dag.py:4180} INFO - Setting next_dagrun for model_pipeline_v01 to 2025-04-23 00:00:00+00:00, run_after=2025-04-24 00:00:00+00:00
[2025-04-23T14:27:55.142+0700] {processor.py:208} INFO - Processing /home/minhle/mlops/dags/model_training.py took 1.628 seconds
[2025-04-23T14:28:25.294+0700] {processor.py:186} INFO - Started process (PID=362778) to work on /home/minhle/mlops/dags/model_training.py
[2025-04-23T14:28:25.295+0700] {processor.py:914} INFO - Processing file /home/minhle/mlops/dags/model_training.py for tasks to queue
[2025-04-23T14:28:25.297+0700] {logging_mixin.py:190} INFO - [2025-04-23T14:28:25.296+0700] {dagbag.py:588} INFO - Filling up the DagBag from /home/minhle/mlops/dags/model_training.py
[2025-04-23T14:28:26.837+0700] {processor.py:925} INFO - DAG(s) 'model_pipeline_v01' retrieved from /home/minhle/mlops/dags/model_training.py
[2025-04-23T14:28:26.844+0700] {logging_mixin.py:190} INFO - [2025-04-23T14:28:26.844+0700] {dag.py:3239} INFO - Sync 1 DAGs
[2025-04-23T14:28:26.851+0700] {logging_mixin.py:190} INFO - [2025-04-23T14:28:26.851+0700] {dag.py:4180} INFO - Setting next_dagrun for model_pipeline_v01 to 2025-04-23 00:00:00+00:00, run_after=2025-04-24 00:00:00+00:00
[2025-04-23T14:28:26.969+0700] {processor.py:208} INFO - Processing /home/minhle/mlops/dags/model_training.py took 1.681 seconds
[2025-04-23T14:28:57.065+0700] {processor.py:186} INFO - Started process (PID=362858) to work on /home/minhle/mlops/dags/model_training.py
[2025-04-23T14:28:57.066+0700] {processor.py:914} INFO - Processing file /home/minhle/mlops/dags/model_training.py for tasks to queue
[2025-04-23T14:28:57.066+0700] {logging_mixin.py:190} INFO - [2025-04-23T14:28:57.066+0700] {dagbag.py:588} INFO - Filling up the DagBag from /home/minhle/mlops/dags/model_training.py
[2025-04-23T14:28:58.565+0700] {processor.py:925} INFO - DAG(s) 'model_pipeline_v01' retrieved from /home/minhle/mlops/dags/model_training.py
[2025-04-23T14:28:58.572+0700] {logging_mixin.py:190} INFO - [2025-04-23T14:28:58.572+0700] {dag.py:3239} INFO - Sync 1 DAGs
[2025-04-23T14:28:58.579+0700] {logging_mixin.py:190} INFO - [2025-04-23T14:28:58.579+0700] {dag.py:4180} INFO - Setting next_dagrun for model_pipeline_v01 to 2025-04-23 00:00:00+00:00, run_after=2025-04-24 00:00:00+00:00
[2025-04-23T14:28:58.667+0700] {processor.py:208} INFO - Processing /home/minhle/mlops/dags/model_training.py took 1.608 seconds
[2025-04-23T14:29:28.838+0700] {processor.py:186} INFO - Started process (PID=362967) to work on /home/minhle/mlops/dags/model_training.py
[2025-04-23T14:29:28.839+0700] {processor.py:914} INFO - Processing file /home/minhle/mlops/dags/model_training.py for tasks to queue
[2025-04-23T14:29:28.840+0700] {logging_mixin.py:190} INFO - [2025-04-23T14:29:28.840+0700] {dagbag.py:588} INFO - Filling up the DagBag from /home/minhle/mlops/dags/model_training.py
[2025-04-23T14:29:30.354+0700] {processor.py:925} INFO - DAG(s) 'model_pipeline_v01' retrieved from /home/minhle/mlops/dags/model_training.py
[2025-04-23T14:29:30.362+0700] {logging_mixin.py:190} INFO - [2025-04-23T14:29:30.362+0700] {dag.py:3239} INFO - Sync 1 DAGs
[2025-04-23T14:29:30.368+0700] {logging_mixin.py:190} INFO - [2025-04-23T14:29:30.368+0700] {dag.py:4180} INFO - Setting next_dagrun for model_pipeline_v01 to 2025-04-23 00:00:00+00:00, run_after=2025-04-24 00:00:00+00:00
[2025-04-23T14:29:30.481+0700] {processor.py:208} INFO - Processing /home/minhle/mlops/dags/model_training.py took 1.648 seconds
[2025-04-23T14:30:00.639+0700] {processor.py:186} INFO - Started process (PID=363047) to work on /home/minhle/mlops/dags/model_training.py
[2025-04-23T14:30:00.639+0700] {processor.py:914} INFO - Processing file /home/minhle/mlops/dags/model_training.py for tasks to queue
[2025-04-23T14:30:00.640+0700] {logging_mixin.py:190} INFO - [2025-04-23T14:30:00.640+0700] {dagbag.py:588} INFO - Filling up the DagBag from /home/minhle/mlops/dags/model_training.py
[2025-04-23T14:30:02.150+0700] {processor.py:925} INFO - DAG(s) 'model_pipeline_v01' retrieved from /home/minhle/mlops/dags/model_training.py
[2025-04-23T14:30:02.157+0700] {logging_mixin.py:190} INFO - [2025-04-23T14:30:02.157+0700] {dag.py:3239} INFO - Sync 1 DAGs
[2025-04-23T14:30:02.164+0700] {logging_mixin.py:190} INFO - [2025-04-23T14:30:02.164+0700] {dag.py:4180} INFO - Setting next_dagrun for model_pipeline_v01 to 2025-04-23 00:00:00+00:00, run_after=2025-04-24 00:00:00+00:00
[2025-04-23T14:30:02.226+0700] {processor.py:208} INFO - Processing /home/minhle/mlops/dags/model_training.py took 1.592 seconds
[2025-04-23T14:30:32.322+0700] {processor.py:186} INFO - Started process (PID=363271) to work on /home/minhle/mlops/dags/model_training.py
[2025-04-23T14:30:32.322+0700] {processor.py:914} INFO - Processing file /home/minhle/mlops/dags/model_training.py for tasks to queue
[2025-04-23T14:30:32.323+0700] {logging_mixin.py:190} INFO - [2025-04-23T14:30:32.323+0700] {dagbag.py:588} INFO - Filling up the DagBag from /home/minhle/mlops/dags/model_training.py
[2025-04-23T14:30:34.220+0700] {processor.py:925} INFO - DAG(s) 'model_pipeline_v01' retrieved from /home/minhle/mlops/dags/model_training.py
[2025-04-23T14:30:34.228+0700] {logging_mixin.py:190} INFO - [2025-04-23T14:30:34.228+0700] {dag.py:3239} INFO - Sync 1 DAGs
[2025-04-23T14:30:34.236+0700] {logging_mixin.py:190} INFO - [2025-04-23T14:30:34.235+0700] {dag.py:4180} INFO - Setting next_dagrun for model_pipeline_v01 to 2025-04-23 00:00:00+00:00, run_after=2025-04-24 00:00:00+00:00
[2025-04-23T14:30:34.320+0700] {processor.py:208} INFO - Processing /home/minhle/mlops/dags/model_training.py took 2.001 seconds
[2025-04-23T14:31:04.462+0700] {processor.py:186} INFO - Started process (PID=363378) to work on /home/minhle/mlops/dags/model_training.py
[2025-04-23T14:31:04.463+0700] {processor.py:914} INFO - Processing file /home/minhle/mlops/dags/model_training.py for tasks to queue
[2025-04-23T14:31:04.464+0700] {logging_mixin.py:190} INFO - [2025-04-23T14:31:04.463+0700] {dagbag.py:588} INFO - Filling up the DagBag from /home/minhle/mlops/dags/model_training.py
[2025-04-23T14:31:06.173+0700] {processor.py:925} INFO - DAG(s) 'model_pipeline_v01' retrieved from /home/minhle/mlops/dags/model_training.py
[2025-04-23T14:31:06.185+0700] {logging_mixin.py:190} INFO - [2025-04-23T14:31:06.185+0700] {dag.py:3239} INFO - Sync 1 DAGs
[2025-04-23T14:31:06.195+0700] {logging_mixin.py:190} INFO - [2025-04-23T14:31:06.195+0700] {dag.py:4180} INFO - Setting next_dagrun for model_pipeline_v01 to 2025-04-23 00:00:00+00:00, run_after=2025-04-24 00:00:00+00:00
[2025-04-23T14:31:06.509+0700] {processor.py:208} INFO - Processing /home/minhle/mlops/dags/model_training.py took 2.055 seconds
[2025-04-23T14:31:36.635+0700] {processor.py:186} INFO - Started process (PID=363496) to work on /home/minhle/mlops/dags/model_training.py
[2025-04-23T14:31:36.635+0700] {processor.py:914} INFO - Processing file /home/minhle/mlops/dags/model_training.py for tasks to queue
[2025-04-23T14:31:36.636+0700] {logging_mixin.py:190} INFO - [2025-04-23T14:31:36.636+0700] {dagbag.py:588} INFO - Filling up the DagBag from /home/minhle/mlops/dags/model_training.py
[2025-04-23T14:31:38.201+0700] {processor.py:925} INFO - DAG(s) 'model_pipeline_v01' retrieved from /home/minhle/mlops/dags/model_training.py
[2025-04-23T14:31:38.209+0700] {logging_mixin.py:190} INFO - [2025-04-23T14:31:38.208+0700] {dag.py:3239} INFO - Sync 1 DAGs
[2025-04-23T14:31:38.216+0700] {logging_mixin.py:190} INFO - [2025-04-23T14:31:38.216+0700] {dag.py:4180} INFO - Setting next_dagrun for model_pipeline_v01 to 2025-04-23 00:00:00+00:00, run_after=2025-04-24 00:00:00+00:00
[2025-04-23T14:31:38.316+0700] {processor.py:208} INFO - Processing /home/minhle/mlops/dags/model_training.py took 1.684 seconds
[2025-04-23T14:32:08.405+0700] {processor.py:186} INFO - Started process (PID=363713) to work on /home/minhle/mlops/dags/model_training.py
[2025-04-23T14:32:08.406+0700] {processor.py:914} INFO - Processing file /home/minhle/mlops/dags/model_training.py for tasks to queue
[2025-04-23T14:32:08.407+0700] {logging_mixin.py:190} INFO - [2025-04-23T14:32:08.406+0700] {dagbag.py:588} INFO - Filling up the DagBag from /home/minhle/mlops/dags/model_training.py
[2025-04-23T14:32:10.052+0700] {processor.py:925} INFO - DAG(s) 'model_pipeline_v01' retrieved from /home/minhle/mlops/dags/model_training.py
[2025-04-23T14:32:10.060+0700] {logging_mixin.py:190} INFO - [2025-04-23T14:32:10.059+0700] {dag.py:3239} INFO - Sync 1 DAGs
[2025-04-23T14:32:10.067+0700] {logging_mixin.py:190} INFO - [2025-04-23T14:32:10.067+0700] {dag.py:4180} INFO - Setting next_dagrun for model_pipeline_v01 to 2025-04-23 00:00:00+00:00, run_after=2025-04-24 00:00:00+00:00
[2025-04-23T14:32:10.172+0700] {processor.py:208} INFO - Processing /home/minhle/mlops/dags/model_training.py took 1.770 seconds
[2025-04-23T14:32:40.305+0700] {processor.py:186} INFO - Started process (PID=363881) to work on /home/minhle/mlops/dags/model_training.py
[2025-04-23T14:32:40.307+0700] {processor.py:914} INFO - Processing file /home/minhle/mlops/dags/model_training.py for tasks to queue
[2025-04-23T14:32:40.309+0700] {logging_mixin.py:190} INFO - [2025-04-23T14:32:40.308+0700] {dagbag.py:588} INFO - Filling up the DagBag from /home/minhle/mlops/dags/model_training.py
[2025-04-23T14:32:41.904+0700] {processor.py:925} INFO - DAG(s) 'model_pipeline_v01' retrieved from /home/minhle/mlops/dags/model_training.py
[2025-04-23T14:32:41.912+0700] {logging_mixin.py:190} INFO - [2025-04-23T14:32:41.912+0700] {dag.py:3239} INFO - Sync 1 DAGs
[2025-04-23T14:32:41.919+0700] {logging_mixin.py:190} INFO - [2025-04-23T14:32:41.918+0700] {dag.py:4180} INFO - Setting next_dagrun for model_pipeline_v01 to 2025-04-23 00:00:00+00:00, run_after=2025-04-24 00:00:00+00:00
[2025-04-23T14:32:42.007+0700] {processor.py:208} INFO - Processing /home/minhle/mlops/dags/model_training.py took 1.710 seconds
[2025-04-23T14:33:12.184+0700] {processor.py:186} INFO - Started process (PID=363961) to work on /home/minhle/mlops/dags/model_training.py
[2025-04-23T14:33:12.185+0700] {processor.py:914} INFO - Processing file /home/minhle/mlops/dags/model_training.py for tasks to queue
[2025-04-23T14:33:12.187+0700] {logging_mixin.py:190} INFO - [2025-04-23T14:33:12.186+0700] {dagbag.py:588} INFO - Filling up the DagBag from /home/minhle/mlops/dags/model_training.py
[2025-04-23T14:33:13.757+0700] {processor.py:925} INFO - DAG(s) 'model_pipeline_v01' retrieved from /home/minhle/mlops/dags/model_training.py
[2025-04-23T14:33:13.765+0700] {logging_mixin.py:190} INFO - [2025-04-23T14:33:13.765+0700] {dag.py:3239} INFO - Sync 1 DAGs
[2025-04-23T14:33:13.772+0700] {logging_mixin.py:190} INFO - [2025-04-23T14:33:13.771+0700] {dag.py:4180} INFO - Setting next_dagrun for model_pipeline_v01 to 2025-04-23 00:00:00+00:00, run_after=2025-04-24 00:00:00+00:00
[2025-04-23T14:33:13.852+0700] {processor.py:208} INFO - Processing /home/minhle/mlops/dags/model_training.py took 1.675 seconds
[2025-04-23T14:33:43.971+0700] {processor.py:186} INFO - Started process (PID=364089) to work on /home/minhle/mlops/dags/model_training.py
[2025-04-23T14:33:43.972+0700] {processor.py:914} INFO - Processing file /home/minhle/mlops/dags/model_training.py for tasks to queue
[2025-04-23T14:33:43.972+0700] {logging_mixin.py:190} INFO - [2025-04-23T14:33:43.972+0700] {dagbag.py:588} INFO - Filling up the DagBag from /home/minhle/mlops/dags/model_training.py
[2025-04-23T14:33:45.512+0700] {processor.py:925} INFO - DAG(s) 'model_pipeline_v01' retrieved from /home/minhle/mlops/dags/model_training.py
[2025-04-23T14:33:45.519+0700] {logging_mixin.py:190} INFO - [2025-04-23T14:33:45.519+0700] {dag.py:3239} INFO - Sync 1 DAGs
[2025-04-23T14:33:45.525+0700] {logging_mixin.py:190} INFO - [2025-04-23T14:33:45.525+0700] {dag.py:4180} INFO - Setting next_dagrun for model_pipeline_v01 to 2025-04-23 00:00:00+00:00, run_after=2025-04-24 00:00:00+00:00
[2025-04-23T14:33:45.609+0700] {processor.py:208} INFO - Processing /home/minhle/mlops/dags/model_training.py took 1.643 seconds
[2025-04-23T14:34:15.810+0700] {processor.py:186} INFO - Started process (PID=364197) to work on /home/minhle/mlops/dags/model_training.py
[2025-04-23T14:34:15.811+0700] {processor.py:914} INFO - Processing file /home/minhle/mlops/dags/model_training.py for tasks to queue
[2025-04-23T14:34:15.812+0700] {logging_mixin.py:190} INFO - [2025-04-23T14:34:15.812+0700] {dagbag.py:588} INFO - Filling up the DagBag from /home/minhle/mlops/dags/model_training.py
[2025-04-23T14:34:17.365+0700] {processor.py:925} INFO - DAG(s) 'model_pipeline_v01' retrieved from /home/minhle/mlops/dags/model_training.py
[2025-04-23T14:34:17.372+0700] {logging_mixin.py:190} INFO - [2025-04-23T14:34:17.372+0700] {dag.py:3239} INFO - Sync 1 DAGs
[2025-04-23T14:34:17.379+0700] {logging_mixin.py:190} INFO - [2025-04-23T14:34:17.379+0700] {dag.py:4180} INFO - Setting next_dagrun for model_pipeline_v01 to 2025-04-23 00:00:00+00:00, run_after=2025-04-24 00:00:00+00:00
[2025-04-23T14:34:17.467+0700] {processor.py:208} INFO - Processing /home/minhle/mlops/dags/model_training.py took 1.662 seconds
[2025-04-23T14:34:47.661+0700] {processor.py:186} INFO - Started process (PID=364287) to work on /home/minhle/mlops/dags/model_training.py
[2025-04-23T14:34:47.661+0700] {processor.py:914} INFO - Processing file /home/minhle/mlops/dags/model_training.py for tasks to queue
[2025-04-23T14:34:47.662+0700] {logging_mixin.py:190} INFO - [2025-04-23T14:34:47.662+0700] {dagbag.py:588} INFO - Filling up the DagBag from /home/minhle/mlops/dags/model_training.py
[2025-04-23T14:34:49.227+0700] {processor.py:925} INFO - DAG(s) 'model_pipeline_v01' retrieved from /home/minhle/mlops/dags/model_training.py
[2025-04-23T14:34:49.251+0700] {logging_mixin.py:190} INFO - [2025-04-23T14:34:49.251+0700] {dag.py:3239} INFO - Sync 1 DAGs
[2025-04-23T14:34:49.259+0700] {logging_mixin.py:190} INFO - [2025-04-23T14:34:49.259+0700] {dag.py:4180} INFO - Setting next_dagrun for model_pipeline_v01 to 2025-04-23 00:00:00+00:00, run_after=2025-04-24 00:00:00+00:00
[2025-04-23T14:34:49.354+0700] {processor.py:208} INFO - Processing /home/minhle/mlops/dags/model_training.py took 1.698 seconds
[2025-04-23T14:35:19.521+0700] {processor.py:186} INFO - Started process (PID=364369) to work on /home/minhle/mlops/dags/model_training.py
[2025-04-23T14:35:19.522+0700] {processor.py:914} INFO - Processing file /home/minhle/mlops/dags/model_training.py for tasks to queue
[2025-04-23T14:35:19.522+0700] {logging_mixin.py:190} INFO - [2025-04-23T14:35:19.522+0700] {dagbag.py:588} INFO - Filling up the DagBag from /home/minhle/mlops/dags/model_training.py
[2025-04-23T14:35:21.060+0700] {processor.py:925} INFO - DAG(s) 'model_pipeline_v01' retrieved from /home/minhle/mlops/dags/model_training.py
[2025-04-23T14:35:21.067+0700] {logging_mixin.py:190} INFO - [2025-04-23T14:35:21.067+0700] {dag.py:3239} INFO - Sync 1 DAGs
[2025-04-23T14:35:21.074+0700] {logging_mixin.py:190} INFO - [2025-04-23T14:35:21.074+0700] {dag.py:4180} INFO - Setting next_dagrun for model_pipeline_v01 to 2025-04-23 00:00:00+00:00, run_after=2025-04-24 00:00:00+00:00
[2025-04-23T14:35:21.397+0700] {processor.py:208} INFO - Processing /home/minhle/mlops/dags/model_training.py took 1.881 seconds
[2025-04-23T14:35:51.567+0700] {processor.py:186} INFO - Started process (PID=364540) to work on /home/minhle/mlops/dags/model_training.py
[2025-04-23T14:35:51.582+0700] {processor.py:914} INFO - Processing file /home/minhle/mlops/dags/model_training.py for tasks to queue
[2025-04-23T14:35:51.585+0700] {logging_mixin.py:190} INFO - [2025-04-23T14:35:51.584+0700] {dagbag.py:588} INFO - Filling up the DagBag from /home/minhle/mlops/dags/model_training.py
[2025-04-23T14:35:53.194+0700] {processor.py:925} INFO - DAG(s) 'model_pipeline_v01' retrieved from /home/minhle/mlops/dags/model_training.py
[2025-04-23T14:35:53.202+0700] {logging_mixin.py:190} INFO - [2025-04-23T14:35:53.201+0700] {dag.py:3239} INFO - Sync 1 DAGs
[2025-04-23T14:35:53.208+0700] {logging_mixin.py:190} INFO - [2025-04-23T14:35:53.208+0700] {dag.py:4180} INFO - Setting next_dagrun for model_pipeline_v01 to 2025-04-23 00:00:00+00:00, run_after=2025-04-24 00:00:00+00:00
[2025-04-23T14:35:53.397+0700] {processor.py:208} INFO - Processing /home/minhle/mlops/dags/model_training.py took 1.835 seconds
[2025-04-23T14:36:23.587+0700] {processor.py:186} INFO - Started process (PID=364664) to work on /home/minhle/mlops/dags/model_training.py
[2025-04-23T14:36:23.588+0700] {processor.py:914} INFO - Processing file /home/minhle/mlops/dags/model_training.py for tasks to queue
[2025-04-23T14:36:23.589+0700] {logging_mixin.py:190} INFO - [2025-04-23T14:36:23.589+0700] {dagbag.py:588} INFO - Filling up the DagBag from /home/minhle/mlops/dags/model_training.py
[2025-04-23T14:36:25.216+0700] {processor.py:925} INFO - DAG(s) 'model_pipeline_v01' retrieved from /home/minhle/mlops/dags/model_training.py
[2025-04-23T14:36:25.225+0700] {logging_mixin.py:190} INFO - [2025-04-23T14:36:25.225+0700] {dag.py:3239} INFO - Sync 1 DAGs
[2025-04-23T14:36:25.232+0700] {logging_mixin.py:190} INFO - [2025-04-23T14:36:25.232+0700] {dag.py:4180} INFO - Setting next_dagrun for model_pipeline_v01 to 2025-04-23 00:00:00+00:00, run_after=2025-04-24 00:00:00+00:00
[2025-04-23T14:36:25.313+0700] {processor.py:208} INFO - Processing /home/minhle/mlops/dags/model_training.py took 1.729 seconds
[2025-04-23T14:36:55.542+0700] {processor.py:186} INFO - Started process (PID=364746) to work on /home/minhle/mlops/dags/model_training.py
[2025-04-23T14:36:55.542+0700] {processor.py:914} INFO - Processing file /home/minhle/mlops/dags/model_training.py for tasks to queue
[2025-04-23T14:36:55.543+0700] {logging_mixin.py:190} INFO - [2025-04-23T14:36:55.543+0700] {dagbag.py:588} INFO - Filling up the DagBag from /home/minhle/mlops/dags/model_training.py
[2025-04-23T14:36:57.080+0700] {processor.py:925} INFO - DAG(s) 'model_pipeline_v01' retrieved from /home/minhle/mlops/dags/model_training.py
[2025-04-23T14:36:57.088+0700] {logging_mixin.py:190} INFO - [2025-04-23T14:36:57.087+0700] {dag.py:3239} INFO - Sync 1 DAGs
[2025-04-23T14:36:57.094+0700] {logging_mixin.py:190} INFO - [2025-04-23T14:36:57.094+0700] {dag.py:4180} INFO - Setting next_dagrun for model_pipeline_v01 to 2025-04-23 00:00:00+00:00, run_after=2025-04-24 00:00:00+00:00
[2025-04-23T14:36:57.191+0700] {processor.py:208} INFO - Processing /home/minhle/mlops/dags/model_training.py took 1.654 seconds
[2025-04-23T14:37:27.463+0700] {processor.py:186} INFO - Started process (PID=364863) to work on /home/minhle/mlops/dags/model_training.py
[2025-04-23T14:37:27.464+0700] {processor.py:914} INFO - Processing file /home/minhle/mlops/dags/model_training.py for tasks to queue
[2025-04-23T14:37:27.465+0700] {logging_mixin.py:190} INFO - [2025-04-23T14:37:27.465+0700] {dagbag.py:588} INFO - Filling up the DagBag from /home/minhle/mlops/dags/model_training.py
[2025-04-23T14:37:29.009+0700] {processor.py:925} INFO - DAG(s) 'model_pipeline_v01' retrieved from /home/minhle/mlops/dags/model_training.py
[2025-04-23T14:37:29.016+0700] {logging_mixin.py:190} INFO - [2025-04-23T14:37:29.016+0700] {dag.py:3239} INFO - Sync 1 DAGs
[2025-04-23T14:37:29.023+0700] {logging_mixin.py:190} INFO - [2025-04-23T14:37:29.022+0700] {dag.py:4180} INFO - Setting next_dagrun for model_pipeline_v01 to 2025-04-23 00:00:00+00:00, run_after=2025-04-24 00:00:00+00:00
[2025-04-23T14:37:29.788+0700] {processor.py:208} INFO - Processing /home/minhle/mlops/dags/model_training.py took 2.332 seconds
[2025-04-23T14:38:00.026+0700] {processor.py:186} INFO - Started process (PID=365009) to work on /home/minhle/mlops/dags/model_training.py
[2025-04-23T14:38:00.091+0700] {processor.py:914} INFO - Processing file /home/minhle/mlops/dags/model_training.py for tasks to queue
[2025-04-23T14:38:00.092+0700] {logging_mixin.py:190} INFO - [2025-04-23T14:38:00.092+0700] {dagbag.py:588} INFO - Filling up the DagBag from /home/minhle/mlops/dags/model_training.py
[2025-04-23T14:38:01.691+0700] {processor.py:925} INFO - DAG(s) 'model_pipeline_v01' retrieved from /home/minhle/mlops/dags/model_training.py
[2025-04-23T14:38:01.699+0700] {logging_mixin.py:190} INFO - [2025-04-23T14:38:01.698+0700] {dag.py:3239} INFO - Sync 1 DAGs
[2025-04-23T14:38:01.706+0700] {logging_mixin.py:190} INFO - [2025-04-23T14:38:01.706+0700] {dag.py:4180} INFO - Setting next_dagrun for model_pipeline_v01 to 2025-04-23 00:00:00+00:00, run_after=2025-04-24 00:00:00+00:00
[2025-04-23T14:38:01.777+0700] {processor.py:208} INFO - Processing /home/minhle/mlops/dags/model_training.py took 1.756 seconds
[2025-04-23T14:38:31.990+0700] {processor.py:186} INFO - Started process (PID=365113) to work on /home/minhle/mlops/dags/model_training.py
[2025-04-23T14:38:31.991+0700] {processor.py:914} INFO - Processing file /home/minhle/mlops/dags/model_training.py for tasks to queue
[2025-04-23T14:38:31.992+0700] {logging_mixin.py:190} INFO - [2025-04-23T14:38:31.991+0700] {dagbag.py:588} INFO - Filling up the DagBag from /home/minhle/mlops/dags/model_training.py
[2025-04-23T14:38:33.531+0700] {processor.py:925} INFO - DAG(s) 'model_pipeline_v01' retrieved from /home/minhle/mlops/dags/model_training.py
[2025-04-23T14:38:33.538+0700] {logging_mixin.py:190} INFO - [2025-04-23T14:38:33.538+0700] {dag.py:3239} INFO - Sync 1 DAGs
[2025-04-23T14:38:33.545+0700] {logging_mixin.py:190} INFO - [2025-04-23T14:38:33.545+0700] {dag.py:4180} INFO - Setting next_dagrun for model_pipeline_v01 to 2025-04-23 00:00:00+00:00, run_after=2025-04-24 00:00:00+00:00
[2025-04-23T14:38:33.616+0700] {processor.py:208} INFO - Processing /home/minhle/mlops/dags/model_training.py took 1.630 seconds
[2025-04-23T14:39:03.785+0700] {processor.py:186} INFO - Started process (PID=365274) to work on /home/minhle/mlops/dags/model_training.py
[2025-04-23T14:39:03.786+0700] {processor.py:914} INFO - Processing file /home/minhle/mlops/dags/model_training.py for tasks to queue
[2025-04-23T14:39:03.787+0700] {logging_mixin.py:190} INFO - [2025-04-23T14:39:03.786+0700] {dagbag.py:588} INFO - Filling up the DagBag from /home/minhle/mlops/dags/model_training.py
[2025-04-23T14:39:05.315+0700] {processor.py:925} INFO - DAG(s) 'model_pipeline_v01' retrieved from /home/minhle/mlops/dags/model_training.py
[2025-04-23T14:39:05.323+0700] {logging_mixin.py:190} INFO - [2025-04-23T14:39:05.323+0700] {dag.py:3239} INFO - Sync 1 DAGs
[2025-04-23T14:39:05.329+0700] {logging_mixin.py:190} INFO - [2025-04-23T14:39:05.329+0700] {dag.py:4180} INFO - Setting next_dagrun for model_pipeline_v01 to 2025-04-23 00:00:00+00:00, run_after=2025-04-24 00:00:00+00:00
[2025-04-23T14:39:05.403+0700] {processor.py:208} INFO - Processing /home/minhle/mlops/dags/model_training.py took 1.622 seconds
[2025-04-23T14:39:35.557+0700] {processor.py:186} INFO - Started process (PID=365359) to work on /home/minhle/mlops/dags/model_training.py
[2025-04-23T14:39:35.557+0700] {processor.py:914} INFO - Processing file /home/minhle/mlops/dags/model_training.py for tasks to queue
[2025-04-23T14:39:35.558+0700] {logging_mixin.py:190} INFO - [2025-04-23T14:39:35.558+0700] {dagbag.py:588} INFO - Filling up the DagBag from /home/minhle/mlops/dags/model_training.py
[2025-04-23T14:39:37.085+0700] {processor.py:925} INFO - DAG(s) 'model_pipeline_v01' retrieved from /home/minhle/mlops/dags/model_training.py
[2025-04-23T14:39:37.092+0700] {logging_mixin.py:190} INFO - [2025-04-23T14:39:37.092+0700] {dag.py:3239} INFO - Sync 1 DAGs
[2025-04-23T14:39:37.099+0700] {logging_mixin.py:190} INFO - [2025-04-23T14:39:37.099+0700] {dag.py:4180} INFO - Setting next_dagrun for model_pipeline_v01 to 2025-04-23 00:00:00+00:00, run_after=2025-04-24 00:00:00+00:00
[2025-04-23T14:39:37.221+0700] {processor.py:208} INFO - Processing /home/minhle/mlops/dags/model_training.py took 1.669 seconds
[2025-04-23T14:40:07.329+0700] {processor.py:186} INFO - Started process (PID=365449) to work on /home/minhle/mlops/dags/model_training.py
[2025-04-23T14:40:07.338+0700] {processor.py:914} INFO - Processing file /home/minhle/mlops/dags/model_training.py for tasks to queue
[2025-04-23T14:40:07.341+0700] {logging_mixin.py:190} INFO - [2025-04-23T14:40:07.340+0700] {dagbag.py:588} INFO - Filling up the DagBag from /home/minhle/mlops/dags/model_training.py
[2025-04-23T14:40:08.890+0700] {processor.py:925} INFO - DAG(s) 'model_pipeline_v01' retrieved from /home/minhle/mlops/dags/model_training.py
[2025-04-23T14:40:08.898+0700] {logging_mixin.py:190} INFO - [2025-04-23T14:40:08.897+0700] {dag.py:3239} INFO - Sync 1 DAGs
[2025-04-23T14:40:08.904+0700] {logging_mixin.py:190} INFO - [2025-04-23T14:40:08.904+0700] {dag.py:4180} INFO - Setting next_dagrun for model_pipeline_v01 to 2025-04-23 00:00:00+00:00, run_after=2025-04-24 00:00:00+00:00
[2025-04-23T14:40:08.980+0700] {processor.py:208} INFO - Processing /home/minhle/mlops/dags/model_training.py took 1.657 seconds
[2025-04-23T14:40:39.132+0700] {processor.py:186} INFO - Started process (PID=365559) to work on /home/minhle/mlops/dags/model_training.py
[2025-04-23T14:40:39.132+0700] {processor.py:914} INFO - Processing file /home/minhle/mlops/dags/model_training.py for tasks to queue
[2025-04-23T14:40:39.133+0700] {logging_mixin.py:190} INFO - [2025-04-23T14:40:39.133+0700] {dagbag.py:588} INFO - Filling up the DagBag from /home/minhle/mlops/dags/model_training.py
[2025-04-23T14:40:40.659+0700] {processor.py:925} INFO - DAG(s) 'model_pipeline_v01' retrieved from /home/minhle/mlops/dags/model_training.py
[2025-04-23T14:40:40.666+0700] {logging_mixin.py:190} INFO - [2025-04-23T14:40:40.666+0700] {dag.py:3239} INFO - Sync 1 DAGs
[2025-04-23T14:40:40.672+0700] {logging_mixin.py:190} INFO - [2025-04-23T14:40:40.672+0700] {dag.py:4180} INFO - Setting next_dagrun for model_pipeline_v01 to 2025-04-23 00:00:00+00:00, run_after=2025-04-24 00:00:00+00:00
[2025-04-23T14:40:40.754+0700] {processor.py:208} INFO - Processing /home/minhle/mlops/dags/model_training.py took 1.626 seconds
[2025-04-23T14:41:10.888+0700] {processor.py:186} INFO - Started process (PID=365641) to work on /home/minhle/mlops/dags/model_training.py
[2025-04-23T14:41:10.892+0700] {processor.py:914} INFO - Processing file /home/minhle/mlops/dags/model_training.py for tasks to queue
[2025-04-23T14:41:10.893+0700] {logging_mixin.py:190} INFO - [2025-04-23T14:41:10.893+0700] {dagbag.py:588} INFO - Filling up the DagBag from /home/minhle/mlops/dags/model_training.py
[2025-04-23T14:41:12.400+0700] {processor.py:925} INFO - DAG(s) 'model_pipeline_v01' retrieved from /home/minhle/mlops/dags/model_training.py
[2025-04-23T14:41:12.407+0700] {logging_mixin.py:190} INFO - [2025-04-23T14:41:12.407+0700] {dag.py:3239} INFO - Sync 1 DAGs
[2025-04-23T14:41:12.414+0700] {logging_mixin.py:190} INFO - [2025-04-23T14:41:12.414+0700] {dag.py:4180} INFO - Setting next_dagrun for model_pipeline_v01 to 2025-04-23 00:00:00+00:00, run_after=2025-04-24 00:00:00+00:00
[2025-04-23T14:41:12.481+0700] {processor.py:208} INFO - Processing /home/minhle/mlops/dags/model_training.py took 1.599 seconds
[2025-04-23T14:41:42.586+0700] {processor.py:186} INFO - Started process (PID=365722) to work on /home/minhle/mlops/dags/model_training.py
[2025-04-23T14:41:42.586+0700] {processor.py:914} INFO - Processing file /home/minhle/mlops/dags/model_training.py for tasks to queue
[2025-04-23T14:41:42.587+0700] {logging_mixin.py:190} INFO - [2025-04-23T14:41:42.587+0700] {dagbag.py:588} INFO - Filling up the DagBag from /home/minhle/mlops/dags/model_training.py
[2025-04-23T14:41:44.087+0700] {processor.py:925} INFO - DAG(s) 'model_pipeline_v01' retrieved from /home/minhle/mlops/dags/model_training.py
[2025-04-23T14:41:44.094+0700] {logging_mixin.py:190} INFO - [2025-04-23T14:41:44.094+0700] {dag.py:3239} INFO - Sync 1 DAGs
[2025-04-23T14:41:44.102+0700] {logging_mixin.py:190} INFO - [2025-04-23T14:41:44.102+0700] {dag.py:4180} INFO - Setting next_dagrun for model_pipeline_v01 to 2025-04-23 00:00:00+00:00, run_after=2025-04-24 00:00:00+00:00
[2025-04-23T14:41:44.168+0700] {processor.py:208} INFO - Processing /home/minhle/mlops/dags/model_training.py took 1.588 seconds
[2025-04-23T14:42:14.273+0700] {processor.py:186} INFO - Started process (PID=365803) to work on /home/minhle/mlops/dags/model_training.py
[2025-04-23T14:42:14.274+0700] {processor.py:914} INFO - Processing file /home/minhle/mlops/dags/model_training.py for tasks to queue
[2025-04-23T14:42:14.275+0700] {logging_mixin.py:190} INFO - [2025-04-23T14:42:14.275+0700] {dagbag.py:588} INFO - Filling up the DagBag from /home/minhle/mlops/dags/model_training.py
[2025-04-23T14:42:15.776+0700] {processor.py:925} INFO - DAG(s) 'model_pipeline_v01' retrieved from /home/minhle/mlops/dags/model_training.py
[2025-04-23T14:42:15.783+0700] {logging_mixin.py:190} INFO - [2025-04-23T14:42:15.783+0700] {dag.py:3239} INFO - Sync 1 DAGs
[2025-04-23T14:42:15.790+0700] {logging_mixin.py:190} INFO - [2025-04-23T14:42:15.790+0700] {dag.py:4180} INFO - Setting next_dagrun for model_pipeline_v01 to 2025-04-23 00:00:00+00:00, run_after=2025-04-24 00:00:00+00:00
[2025-04-23T14:42:15.850+0700] {processor.py:208} INFO - Processing /home/minhle/mlops/dags/model_training.py took 1.583 seconds
[2025-04-23T14:42:45.946+0700] {processor.py:186} INFO - Started process (PID=365893) to work on /home/minhle/mlops/dags/model_training.py
[2025-04-23T14:42:45.946+0700] {processor.py:914} INFO - Processing file /home/minhle/mlops/dags/model_training.py for tasks to queue
[2025-04-23T14:42:45.947+0700] {logging_mixin.py:190} INFO - [2025-04-23T14:42:45.947+0700] {dagbag.py:588} INFO - Filling up the DagBag from /home/minhle/mlops/dags/model_training.py
[2025-04-23T14:42:47.459+0700] {processor.py:925} INFO - DAG(s) 'model_pipeline_v01' retrieved from /home/minhle/mlops/dags/model_training.py
[2025-04-23T14:42:47.466+0700] {logging_mixin.py:190} INFO - [2025-04-23T14:42:47.466+0700] {dag.py:3239} INFO - Sync 1 DAGs
[2025-04-23T14:42:47.473+0700] {logging_mixin.py:190} INFO - [2025-04-23T14:42:47.472+0700] {dag.py:4180} INFO - Setting next_dagrun for model_pipeline_v01 to 2025-04-23 00:00:00+00:00, run_after=2025-04-24 00:00:00+00:00
[2025-04-23T14:42:47.535+0700] {processor.py:208} INFO - Processing /home/minhle/mlops/dags/model_training.py took 1.596 seconds
[2025-04-23T14:43:17.635+0700] {processor.py:186} INFO - Started process (PID=365973) to work on /home/minhle/mlops/dags/model_training.py
[2025-04-23T14:43:17.646+0700] {processor.py:914} INFO - Processing file /home/minhle/mlops/dags/model_training.py for tasks to queue
[2025-04-23T14:43:17.648+0700] {logging_mixin.py:190} INFO - [2025-04-23T14:43:17.647+0700] {dagbag.py:588} INFO - Filling up the DagBag from /home/minhle/mlops/dags/model_training.py
[2025-04-23T14:43:19.198+0700] {processor.py:925} INFO - DAG(s) 'model_pipeline_v01' retrieved from /home/minhle/mlops/dags/model_training.py
[2025-04-23T14:43:19.205+0700] {logging_mixin.py:190} INFO - [2025-04-23T14:43:19.204+0700] {dag.py:3239} INFO - Sync 1 DAGs
[2025-04-23T14:43:19.211+0700] {logging_mixin.py:190} INFO - [2025-04-23T14:43:19.211+0700] {dag.py:4180} INFO - Setting next_dagrun for model_pipeline_v01 to 2025-04-23 00:00:00+00:00, run_after=2025-04-24 00:00:00+00:00
[2025-04-23T14:43:19.307+0700] {processor.py:208} INFO - Processing /home/minhle/mlops/dags/model_training.py took 1.678 seconds
[2025-04-23T14:43:49.407+0700] {processor.py:186} INFO - Started process (PID=366054) to work on /home/minhle/mlops/dags/model_training.py
[2025-04-23T14:43:49.407+0700] {processor.py:914} INFO - Processing file /home/minhle/mlops/dags/model_training.py for tasks to queue
[2025-04-23T14:43:49.408+0700] {logging_mixin.py:190} INFO - [2025-04-23T14:43:49.408+0700] {dagbag.py:588} INFO - Filling up the DagBag from /home/minhle/mlops/dags/model_training.py
[2025-04-23T14:43:50.923+0700] {processor.py:925} INFO - DAG(s) 'model_pipeline_v01' retrieved from /home/minhle/mlops/dags/model_training.py
[2025-04-23T14:43:50.930+0700] {logging_mixin.py:190} INFO - [2025-04-23T14:43:50.930+0700] {dag.py:3239} INFO - Sync 1 DAGs
[2025-04-23T14:43:50.937+0700] {logging_mixin.py:190} INFO - [2025-04-23T14:43:50.937+0700] {dag.py:4180} INFO - Setting next_dagrun for model_pipeline_v01 to 2025-04-23 00:00:00+00:00, run_after=2025-04-24 00:00:00+00:00
[2025-04-23T14:43:51.006+0700] {processor.py:208} INFO - Processing /home/minhle/mlops/dags/model_training.py took 1.604 seconds
[2025-04-23T14:44:21.185+0700] {processor.py:186} INFO - Started process (PID=366218) to work on /home/minhle/mlops/dags/model_training.py
[2025-04-23T14:44:21.185+0700] {processor.py:914} INFO - Processing file /home/minhle/mlops/dags/model_training.py for tasks to queue
[2025-04-23T14:44:21.187+0700] {logging_mixin.py:190} INFO - [2025-04-23T14:44:21.186+0700] {dagbag.py:588} INFO - Filling up the DagBag from /home/minhle/mlops/dags/model_training.py
[2025-04-23T14:44:22.697+0700] {processor.py:925} INFO - DAG(s) 'model_pipeline_v01' retrieved from /home/minhle/mlops/dags/model_training.py
[2025-04-23T14:44:22.707+0700] {logging_mixin.py:190} INFO - [2025-04-23T14:44:22.707+0700] {dag.py:3239} INFO - Sync 1 DAGs
[2025-04-23T14:44:22.714+0700] {logging_mixin.py:190} INFO - [2025-04-23T14:44:22.714+0700] {dag.py:4180} INFO - Setting next_dagrun for model_pipeline_v01 to 2025-04-23 00:00:00+00:00, run_after=2025-04-24 00:00:00+00:00
[2025-04-23T14:44:22.777+0700] {processor.py:208} INFO - Processing /home/minhle/mlops/dags/model_training.py took 1.596 seconds
[2025-04-23T14:44:52.862+0700] {processor.py:186} INFO - Started process (PID=366303) to work on /home/minhle/mlops/dags/model_training.py
[2025-04-23T14:44:52.863+0700] {processor.py:914} INFO - Processing file /home/minhle/mlops/dags/model_training.py for tasks to queue
[2025-04-23T14:44:52.863+0700] {logging_mixin.py:190} INFO - [2025-04-23T14:44:52.863+0700] {dagbag.py:588} INFO - Filling up the DagBag from /home/minhle/mlops/dags/model_training.py
[2025-04-23T14:44:54.369+0700] {processor.py:925} INFO - DAG(s) 'model_pipeline_v01' retrieved from /home/minhle/mlops/dags/model_training.py
[2025-04-23T14:44:54.385+0700] {logging_mixin.py:190} INFO - [2025-04-23T14:44:54.385+0700] {dag.py:3239} INFO - Sync 1 DAGs
[2025-04-23T14:44:54.393+0700] {logging_mixin.py:190} INFO - [2025-04-23T14:44:54.392+0700] {dag.py:4180} INFO - Setting next_dagrun for model_pipeline_v01 to 2025-04-23 00:00:00+00:00, run_after=2025-04-24 00:00:00+00:00
[2025-04-23T14:44:54.487+0700] {processor.py:208} INFO - Processing /home/minhle/mlops/dags/model_training.py took 1.627 seconds
[2025-04-23T14:45:24.645+0700] {processor.py:186} INFO - Started process (PID=366429) to work on /home/minhle/mlops/dags/model_training.py
[2025-04-23T14:45:24.646+0700] {processor.py:914} INFO - Processing file /home/minhle/mlops/dags/model_training.py for tasks to queue
[2025-04-23T14:45:24.646+0700] {logging_mixin.py:190} INFO - [2025-04-23T14:45:24.646+0700] {dagbag.py:588} INFO - Filling up the DagBag from /home/minhle/mlops/dags/model_training.py
[2025-04-23T14:45:26.157+0700] {processor.py:925} INFO - DAG(s) 'model_pipeline_v01' retrieved from /home/minhle/mlops/dags/model_training.py
[2025-04-23T14:45:26.164+0700] {logging_mixin.py:190} INFO - [2025-04-23T14:45:26.164+0700] {dag.py:3239} INFO - Sync 1 DAGs
[2025-04-23T14:45:26.171+0700] {logging_mixin.py:190} INFO - [2025-04-23T14:45:26.171+0700] {dag.py:4180} INFO - Setting next_dagrun for model_pipeline_v01 to 2025-04-23 00:00:00+00:00, run_after=2025-04-24 00:00:00+00:00
[2025-04-23T14:45:26.237+0700] {processor.py:208} INFO - Processing /home/minhle/mlops/dags/model_training.py took 1.599 seconds
[2025-04-23T14:45:56.315+0700] {processor.py:186} INFO - Started process (PID=366528) to work on /home/minhle/mlops/dags/model_training.py
[2025-04-23T14:45:56.332+0700] {processor.py:914} INFO - Processing file /home/minhle/mlops/dags/model_training.py for tasks to queue
[2025-04-23T14:45:56.335+0700] {logging_mixin.py:190} INFO - [2025-04-23T14:45:56.334+0700] {dagbag.py:588} INFO - Filling up the DagBag from /home/minhle/mlops/dags/model_training.py
[2025-04-23T14:45:57.868+0700] {processor.py:925} INFO - DAG(s) 'model_pipeline_v01' retrieved from /home/minhle/mlops/dags/model_training.py
[2025-04-23T14:45:57.875+0700] {logging_mixin.py:190} INFO - [2025-04-23T14:45:57.874+0700] {dag.py:3239} INFO - Sync 1 DAGs
[2025-04-23T14:45:57.881+0700] {logging_mixin.py:190} INFO - [2025-04-23T14:45:57.881+0700] {dag.py:4180} INFO - Setting next_dagrun for model_pipeline_v01 to 2025-04-23 00:00:00+00:00, run_after=2025-04-24 00:00:00+00:00
[2025-04-23T14:45:57.973+0700] {processor.py:208} INFO - Processing /home/minhle/mlops/dags/model_training.py took 1.665 seconds
[2025-04-23T14:46:28.091+0700] {processor.py:186} INFO - Started process (PID=366609) to work on /home/minhle/mlops/dags/model_training.py
[2025-04-23T14:46:28.092+0700] {processor.py:914} INFO - Processing file /home/minhle/mlops/dags/model_training.py for tasks to queue
[2025-04-23T14:46:28.092+0700] {logging_mixin.py:190} INFO - [2025-04-23T14:46:28.092+0700] {dagbag.py:588} INFO - Filling up the DagBag from /home/minhle/mlops/dags/model_training.py
[2025-04-23T14:46:29.657+0700] {processor.py:925} INFO - DAG(s) 'model_pipeline_v01' retrieved from /home/minhle/mlops/dags/model_training.py
[2025-04-23T14:46:29.664+0700] {logging_mixin.py:190} INFO - [2025-04-23T14:46:29.664+0700] {dag.py:3239} INFO - Sync 1 DAGs
[2025-04-23T14:46:29.671+0700] {logging_mixin.py:190} INFO - [2025-04-23T14:46:29.671+0700] {dag.py:4180} INFO - Setting next_dagrun for model_pipeline_v01 to 2025-04-23 00:00:00+00:00, run_after=2025-04-24 00:00:00+00:00
[2025-04-23T14:46:29.734+0700] {processor.py:208} INFO - Processing /home/minhle/mlops/dags/model_training.py took 1.649 seconds
[2025-04-23T14:46:59.878+0700] {processor.py:186} INFO - Started process (PID=366737) to work on /home/minhle/mlops/dags/model_training.py
[2025-04-23T14:46:59.884+0700] {processor.py:914} INFO - Processing file /home/minhle/mlops/dags/model_training.py for tasks to queue
[2025-04-23T14:46:59.886+0700] {logging_mixin.py:190} INFO - [2025-04-23T14:46:59.885+0700] {dagbag.py:588} INFO - Filling up the DagBag from /home/minhle/mlops/dags/model_training.py
[2025-04-23T14:47:01.454+0700] {processor.py:925} INFO - DAG(s) 'model_pipeline_v01' retrieved from /home/minhle/mlops/dags/model_training.py
[2025-04-23T14:47:01.461+0700] {logging_mixin.py:190} INFO - [2025-04-23T14:47:01.461+0700] {dag.py:3239} INFO - Sync 1 DAGs
[2025-04-23T14:47:01.468+0700] {logging_mixin.py:190} INFO - [2025-04-23T14:47:01.468+0700] {dag.py:4180} INFO - Setting next_dagrun for model_pipeline_v01 to 2025-04-23 00:00:00+00:00, run_after=2025-04-24 00:00:00+00:00
[2025-04-23T14:47:01.536+0700] {processor.py:208} INFO - Processing /home/minhle/mlops/dags/model_training.py took 1.663 seconds
[2025-04-23T14:47:31.663+0700] {processor.py:186} INFO - Started process (PID=366875) to work on /home/minhle/mlops/dags/model_training.py
[2025-04-23T14:47:31.664+0700] {processor.py:914} INFO - Processing file /home/minhle/mlops/dags/model_training.py for tasks to queue
[2025-04-23T14:47:31.665+0700] {logging_mixin.py:190} INFO - [2025-04-23T14:47:31.665+0700] {dagbag.py:588} INFO - Filling up the DagBag from /home/minhle/mlops/dags/model_training.py
[2025-04-23T14:47:33.279+0700] {processor.py:925} INFO - DAG(s) 'model_pipeline_v01' retrieved from /home/minhle/mlops/dags/model_training.py
[2025-04-23T14:47:33.387+0700] {logging_mixin.py:190} INFO - [2025-04-23T14:47:33.387+0700] {dag.py:3239} INFO - Sync 1 DAGs
[2025-04-23T14:47:33.395+0700] {logging_mixin.py:190} INFO - [2025-04-23T14:47:33.395+0700] {dag.py:4180} INFO - Setting next_dagrun for model_pipeline_v01 to 2025-04-23 00:00:00+00:00, run_after=2025-04-24 00:00:00+00:00
[2025-04-23T14:47:33.721+0700] {processor.py:208} INFO - Processing /home/minhle/mlops/dags/model_training.py took 2.068 seconds
[2025-04-23T14:48:03.832+0700] {processor.py:186} INFO - Started process (PID=366976) to work on /home/minhle/mlops/dags/model_training.py
[2025-04-23T14:48:03.832+0700] {processor.py:914} INFO - Processing file /home/minhle/mlops/dags/model_training.py for tasks to queue
[2025-04-23T14:48:03.834+0700] {logging_mixin.py:190} INFO - [2025-04-23T14:48:03.833+0700] {dagbag.py:588} INFO - Filling up the DagBag from /home/minhle/mlops/dags/model_training.py
[2025-04-23T14:48:05.368+0700] {processor.py:925} INFO - DAG(s) 'model_pipeline_v01' retrieved from /home/minhle/mlops/dags/model_training.py
[2025-04-23T14:48:05.376+0700] {logging_mixin.py:190} INFO - [2025-04-23T14:48:05.375+0700] {dag.py:3239} INFO - Sync 1 DAGs
[2025-04-23T14:48:05.383+0700] {logging_mixin.py:190} INFO - [2025-04-23T14:48:05.383+0700] {dag.py:4180} INFO - Setting next_dagrun for model_pipeline_v01 to 2025-04-23 00:00:00+00:00, run_after=2025-04-24 00:00:00+00:00
[2025-04-23T14:48:05.449+0700] {processor.py:208} INFO - Processing /home/minhle/mlops/dags/model_training.py took 1.622 seconds
[2025-04-23T14:48:35.617+0700] {processor.py:186} INFO - Started process (PID=367115) to work on /home/minhle/mlops/dags/model_training.py
[2025-04-23T14:48:35.622+0700] {processor.py:914} INFO - Processing file /home/minhle/mlops/dags/model_training.py for tasks to queue
[2025-04-23T14:48:35.623+0700] {logging_mixin.py:190} INFO - [2025-04-23T14:48:35.623+0700] {dagbag.py:588} INFO - Filling up the DagBag from /home/minhle/mlops/dags/model_training.py
[2025-04-23T14:48:37.255+0700] {processor.py:925} INFO - DAG(s) 'model_pipeline_v01' retrieved from /home/minhle/mlops/dags/model_training.py
[2025-04-23T14:48:37.263+0700] {logging_mixin.py:190} INFO - [2025-04-23T14:48:37.262+0700] {dag.py:3239} INFO - Sync 1 DAGs
[2025-04-23T14:48:37.269+0700] {logging_mixin.py:190} INFO - [2025-04-23T14:48:37.269+0700] {dag.py:4180} INFO - Setting next_dagrun for model_pipeline_v01 to 2025-04-23 00:00:00+00:00, run_after=2025-04-24 00:00:00+00:00
[2025-04-23T14:48:37.334+0700] {processor.py:208} INFO - Processing /home/minhle/mlops/dags/model_training.py took 1.722 seconds
[2025-04-23T14:49:07.492+0700] {processor.py:186} INFO - Started process (PID=367260) to work on /home/minhle/mlops/dags/model_training.py
[2025-04-23T14:49:07.493+0700] {processor.py:914} INFO - Processing file /home/minhle/mlops/dags/model_training.py for tasks to queue
[2025-04-23T14:49:07.493+0700] {logging_mixin.py:190} INFO - [2025-04-23T14:49:07.493+0700] {dagbag.py:588} INFO - Filling up the DagBag from /home/minhle/mlops/dags/model_training.py
[2025-04-23T14:49:09.057+0700] {processor.py:925} INFO - DAG(s) 'model_pipeline_v01' retrieved from /home/minhle/mlops/dags/model_training.py
[2025-04-23T14:49:09.064+0700] {logging_mixin.py:190} INFO - [2025-04-23T14:49:09.064+0700] {dag.py:3239} INFO - Sync 1 DAGs
[2025-04-23T14:49:09.071+0700] {logging_mixin.py:190} INFO - [2025-04-23T14:49:09.071+0700] {dag.py:4180} INFO - Setting next_dagrun for model_pipeline_v01 to 2025-04-23 00:00:00+00:00, run_after=2025-04-24 00:00:00+00:00
[2025-04-23T14:49:09.159+0700] {processor.py:208} INFO - Processing /home/minhle/mlops/dags/model_training.py took 1.671 seconds
[2025-04-23T14:49:39.265+0700] {processor.py:186} INFO - Started process (PID=367388) to work on /home/minhle/mlops/dags/model_training.py
[2025-04-23T14:49:39.265+0700] {processor.py:914} INFO - Processing file /home/minhle/mlops/dags/model_training.py for tasks to queue
[2025-04-23T14:49:39.266+0700] {logging_mixin.py:190} INFO - [2025-04-23T14:49:39.266+0700] {dagbag.py:588} INFO - Filling up the DagBag from /home/minhle/mlops/dags/model_training.py
[2025-04-23T14:49:40.803+0700] {processor.py:925} INFO - DAG(s) 'model_pipeline_v01' retrieved from /home/minhle/mlops/dags/model_training.py
[2025-04-23T14:49:40.811+0700] {logging_mixin.py:190} INFO - [2025-04-23T14:49:40.810+0700] {dag.py:3239} INFO - Sync 1 DAGs
[2025-04-23T14:49:40.817+0700] {logging_mixin.py:190} INFO - [2025-04-23T14:49:40.817+0700] {dag.py:4180} INFO - Setting next_dagrun for model_pipeline_v01 to 2025-04-23 00:00:00+00:00, run_after=2025-04-24 00:00:00+00:00
[2025-04-23T14:49:40.886+0700] {processor.py:208} INFO - Processing /home/minhle/mlops/dags/model_training.py took 1.627 seconds
[2025-04-23T14:50:11.064+0700] {processor.py:186} INFO - Started process (PID=367503) to work on /home/minhle/mlops/dags/model_training.py
[2025-04-23T14:50:11.065+0700] {processor.py:914} INFO - Processing file /home/minhle/mlops/dags/model_training.py for tasks to queue
[2025-04-23T14:50:11.066+0700] {logging_mixin.py:190} INFO - [2025-04-23T14:50:11.065+0700] {dagbag.py:588} INFO - Filling up the DagBag from /home/minhle/mlops/dags/model_training.py
[2025-04-23T14:50:12.629+0700] {processor.py:925} INFO - DAG(s) 'model_pipeline_v01' retrieved from /home/minhle/mlops/dags/model_training.py
[2025-04-23T14:50:12.636+0700] {logging_mixin.py:190} INFO - [2025-04-23T14:50:12.635+0700] {dag.py:3239} INFO - Sync 1 DAGs
[2025-04-23T14:50:12.643+0700] {logging_mixin.py:190} INFO - [2025-04-23T14:50:12.643+0700] {dag.py:4180} INFO - Setting next_dagrun for model_pipeline_v01 to 2025-04-23 00:00:00+00:00, run_after=2025-04-24 00:00:00+00:00
[2025-04-23T14:50:12.711+0700] {processor.py:208} INFO - Processing /home/minhle/mlops/dags/model_training.py took 1.651 seconds
[2025-04-23T14:50:42.845+0700] {processor.py:186} INFO - Started process (PID=367598) to work on /home/minhle/mlops/dags/model_training.py
[2025-04-23T14:50:42.955+0700] {processor.py:914} INFO - Processing file /home/minhle/mlops/dags/model_training.py for tasks to queue
[2025-04-23T14:50:42.958+0700] {logging_mixin.py:190} INFO - [2025-04-23T14:50:42.957+0700] {dagbag.py:588} INFO - Filling up the DagBag from /home/minhle/mlops/dags/model_training.py
[2025-04-23T14:50:44.505+0700] {processor.py:925} INFO - DAG(s) 'model_pipeline_v01' retrieved from /home/minhle/mlops/dags/model_training.py
[2025-04-23T14:50:44.513+0700] {logging_mixin.py:190} INFO - [2025-04-23T14:50:44.512+0700] {dag.py:3239} INFO - Sync 1 DAGs
[2025-04-23T14:50:44.520+0700] {logging_mixin.py:190} INFO - [2025-04-23T14:50:44.520+0700] {dag.py:4180} INFO - Setting next_dagrun for model_pipeline_v01 to 2025-04-23 00:00:00+00:00, run_after=2025-04-24 00:00:00+00:00
[2025-04-23T14:50:45.243+0700] {processor.py:208} INFO - Processing /home/minhle/mlops/dags/model_training.py took 2.403 seconds
[2025-04-23T14:51:15.503+0700] {processor.py:186} INFO - Started process (PID=367687) to work on /home/minhle/mlops/dags/model_training.py
[2025-04-23T14:51:15.503+0700] {processor.py:914} INFO - Processing file /home/minhle/mlops/dags/model_training.py for tasks to queue
[2025-04-23T14:51:15.504+0700] {logging_mixin.py:190} INFO - [2025-04-23T14:51:15.504+0700] {dagbag.py:588} INFO - Filling up the DagBag from /home/minhle/mlops/dags/model_training.py
[2025-04-23T14:51:17.031+0700] {processor.py:925} INFO - DAG(s) 'model_pipeline_v01' retrieved from /home/minhle/mlops/dags/model_training.py
[2025-04-23T14:51:17.039+0700] {logging_mixin.py:190} INFO - [2025-04-23T14:51:17.039+0700] {dag.py:3239} INFO - Sync 1 DAGs
[2025-04-23T14:51:17.046+0700] {logging_mixin.py:190} INFO - [2025-04-23T14:51:17.046+0700] {dag.py:4180} INFO - Setting next_dagrun for model_pipeline_v01 to 2025-04-23 00:00:00+00:00, run_after=2025-04-24 00:00:00+00:00
[2025-04-23T14:51:17.416+0700] {processor.py:208} INFO - Processing /home/minhle/mlops/dags/model_training.py took 1.919 seconds
[2025-04-23T14:51:47.627+0700] {processor.py:186} INFO - Started process (PID=367791) to work on /home/minhle/mlops/dags/model_training.py
[2025-04-23T14:51:47.628+0700] {processor.py:914} INFO - Processing file /home/minhle/mlops/dags/model_training.py for tasks to queue
[2025-04-23T14:51:47.629+0700] {logging_mixin.py:190} INFO - [2025-04-23T14:51:47.628+0700] {dagbag.py:588} INFO - Filling up the DagBag from /home/minhle/mlops/dags/model_training.py
[2025-04-23T14:51:49.207+0700] {processor.py:925} INFO - DAG(s) 'model_pipeline_v01' retrieved from /home/minhle/mlops/dags/model_training.py
[2025-04-23T14:51:49.216+0700] {logging_mixin.py:190} INFO - [2025-04-23T14:51:49.215+0700] {dag.py:3239} INFO - Sync 1 DAGs
[2025-04-23T14:51:49.223+0700] {logging_mixin.py:190} INFO - [2025-04-23T14:51:49.223+0700] {dag.py:4180} INFO - Setting next_dagrun for model_pipeline_v01 to 2025-04-23 00:00:00+00:00, run_after=2025-04-24 00:00:00+00:00
[2025-04-23T14:51:49.293+0700] {processor.py:208} INFO - Processing /home/minhle/mlops/dags/model_training.py took 1.672 seconds
[2025-04-23T14:52:19.462+0700] {processor.py:186} INFO - Started process (PID=367883) to work on /home/minhle/mlops/dags/model_training.py
[2025-04-23T14:52:19.462+0700] {processor.py:914} INFO - Processing file /home/minhle/mlops/dags/model_training.py for tasks to queue
[2025-04-23T14:52:19.463+0700] {logging_mixin.py:190} INFO - [2025-04-23T14:52:19.462+0700] {dagbag.py:588} INFO - Filling up the DagBag from /home/minhle/mlops/dags/model_training.py
[2025-04-23T14:52:20.985+0700] {processor.py:925} INFO - DAG(s) 'model_pipeline_v01' retrieved from /home/minhle/mlops/dags/model_training.py
[2025-04-23T14:52:20.992+0700] {logging_mixin.py:190} INFO - [2025-04-23T14:52:20.992+0700] {dag.py:3239} INFO - Sync 1 DAGs
[2025-04-23T14:52:20.999+0700] {logging_mixin.py:190} INFO - [2025-04-23T14:52:20.998+0700] {dag.py:4180} INFO - Setting next_dagrun for model_pipeline_v01 to 2025-04-23 00:00:00+00:00, run_after=2025-04-24 00:00:00+00:00
[2025-04-23T14:52:21.073+0700] {processor.py:208} INFO - Processing /home/minhle/mlops/dags/model_training.py took 1.618 seconds
[2025-04-23T14:52:51.297+0700] {processor.py:186} INFO - Started process (PID=367963) to work on /home/minhle/mlops/dags/model_training.py
[2025-04-23T14:52:51.386+0700] {processor.py:914} INFO - Processing file /home/minhle/mlops/dags/model_training.py for tasks to queue
[2025-04-23T14:52:51.388+0700] {logging_mixin.py:190} INFO - [2025-04-23T14:52:51.387+0700] {dagbag.py:588} INFO - Filling up the DagBag from /home/minhle/mlops/dags/model_training.py
[2025-04-23T14:52:52.942+0700] {processor.py:925} INFO - DAG(s) 'model_pipeline_v01' retrieved from /home/minhle/mlops/dags/model_training.py
[2025-04-23T14:52:52.949+0700] {logging_mixin.py:190} INFO - [2025-04-23T14:52:52.949+0700] {dag.py:3239} INFO - Sync 1 DAGs
[2025-04-23T14:52:52.956+0700] {logging_mixin.py:190} INFO - [2025-04-23T14:52:52.955+0700] {dag.py:4180} INFO - Setting next_dagrun for model_pipeline_v01 to 2025-04-23 00:00:00+00:00, run_after=2025-04-24 00:00:00+00:00
[2025-04-23T14:52:53.040+0700] {processor.py:208} INFO - Processing /home/minhle/mlops/dags/model_training.py took 1.746 seconds
[2025-04-23T14:53:23.252+0700] {processor.py:186} INFO - Started process (PID=368072) to work on /home/minhle/mlops/dags/model_training.py
[2025-04-23T14:53:23.253+0700] {processor.py:914} INFO - Processing file /home/minhle/mlops/dags/model_training.py for tasks to queue
[2025-04-23T14:53:23.253+0700] {logging_mixin.py:190} INFO - [2025-04-23T14:53:23.253+0700] {dagbag.py:588} INFO - Filling up the DagBag from /home/minhle/mlops/dags/model_training.py
[2025-04-23T14:53:24.809+0700] {processor.py:925} INFO - DAG(s) 'model_pipeline_v01' retrieved from /home/minhle/mlops/dags/model_training.py
[2025-04-23T14:53:24.816+0700] {logging_mixin.py:190} INFO - [2025-04-23T14:53:24.816+0700] {dag.py:3239} INFO - Sync 1 DAGs
[2025-04-23T14:53:24.824+0700] {logging_mixin.py:190} INFO - [2025-04-23T14:53:24.824+0700] {dag.py:4180} INFO - Setting next_dagrun for model_pipeline_v01 to 2025-04-23 00:00:00+00:00, run_after=2025-04-24 00:00:00+00:00
[2025-04-23T14:53:25.070+0700] {processor.py:208} INFO - Processing /home/minhle/mlops/dags/model_training.py took 1.821 seconds
[2025-04-23T14:53:55.237+0700] {processor.py:186} INFO - Started process (PID=368174) to work on /home/minhle/mlops/dags/model_training.py
[2025-04-23T14:53:55.237+0700] {processor.py:914} INFO - Processing file /home/minhle/mlops/dags/model_training.py for tasks to queue
[2025-04-23T14:53:55.238+0700] {logging_mixin.py:190} INFO - [2025-04-23T14:53:55.238+0700] {dagbag.py:588} INFO - Filling up the DagBag from /home/minhle/mlops/dags/model_training.py
[2025-04-23T14:53:56.788+0700] {processor.py:925} INFO - DAG(s) 'model_pipeline_v01' retrieved from /home/minhle/mlops/dags/model_training.py
[2025-04-23T14:53:56.804+0700] {logging_mixin.py:190} INFO - [2025-04-23T14:53:56.804+0700] {dag.py:3239} INFO - Sync 1 DAGs
[2025-04-23T14:53:56.811+0700] {logging_mixin.py:190} INFO - [2025-04-23T14:53:56.811+0700] {dag.py:4180} INFO - Setting next_dagrun for model_pipeline_v01 to 2025-04-23 00:00:00+00:00, run_after=2025-04-24 00:00:00+00:00
[2025-04-23T14:53:56.882+0700] {processor.py:208} INFO - Processing /home/minhle/mlops/dags/model_training.py took 1.649 seconds
[2025-04-23T14:54:27.011+0700] {processor.py:186} INFO - Started process (PID=368296) to work on /home/minhle/mlops/dags/model_training.py
[2025-04-23T14:54:27.012+0700] {processor.py:914} INFO - Processing file /home/minhle/mlops/dags/model_training.py for tasks to queue
[2025-04-23T14:54:27.012+0700] {logging_mixin.py:190} INFO - [2025-04-23T14:54:27.012+0700] {dagbag.py:588} INFO - Filling up the DagBag from /home/minhle/mlops/dags/model_training.py
[2025-04-23T14:54:28.511+0700] {processor.py:925} INFO - DAG(s) 'model_pipeline_v01' retrieved from /home/minhle/mlops/dags/model_training.py
[2025-04-23T14:54:28.519+0700] {logging_mixin.py:190} INFO - [2025-04-23T14:54:28.518+0700] {dag.py:3239} INFO - Sync 1 DAGs
[2025-04-23T14:54:28.526+0700] {logging_mixin.py:190} INFO - [2025-04-23T14:54:28.525+0700] {dag.py:4180} INFO - Setting next_dagrun for model_pipeline_v01 to 2025-04-23 00:00:00+00:00, run_after=2025-04-24 00:00:00+00:00
[2025-04-23T14:54:28.590+0700] {processor.py:208} INFO - Processing /home/minhle/mlops/dags/model_training.py took 1.583 seconds
[2025-04-23T14:54:58.680+0700] {processor.py:186} INFO - Started process (PID=368390) to work on /home/minhle/mlops/dags/model_training.py
[2025-04-23T14:54:58.691+0700] {processor.py:914} INFO - Processing file /home/minhle/mlops/dags/model_training.py for tasks to queue
[2025-04-23T14:54:58.693+0700] {logging_mixin.py:190} INFO - [2025-04-23T14:54:58.692+0700] {dagbag.py:588} INFO - Filling up the DagBag from /home/minhle/mlops/dags/model_training.py
[2025-04-23T14:55:00.194+0700] {processor.py:925} INFO - DAG(s) 'model_pipeline_v01' retrieved from /home/minhle/mlops/dags/model_training.py
[2025-04-23T14:55:00.201+0700] {logging_mixin.py:190} INFO - [2025-04-23T14:55:00.201+0700] {dag.py:3239} INFO - Sync 1 DAGs
[2025-04-23T14:55:00.207+0700] {logging_mixin.py:190} INFO - [2025-04-23T14:55:00.207+0700] {dag.py:4180} INFO - Setting next_dagrun for model_pipeline_v01 to 2025-04-23 00:00:00+00:00, run_after=2025-04-24 00:00:00+00:00
[2025-04-23T14:55:00.281+0700] {processor.py:208} INFO - Processing /home/minhle/mlops/dags/model_training.py took 1.606 seconds
[2025-04-23T14:55:30.439+0700] {processor.py:186} INFO - Started process (PID=368470) to work on /home/minhle/mlops/dags/model_training.py
[2025-04-23T14:55:30.440+0700] {processor.py:914} INFO - Processing file /home/minhle/mlops/dags/model_training.py for tasks to queue
[2025-04-23T14:55:30.441+0700] {logging_mixin.py:190} INFO - [2025-04-23T14:55:30.440+0700] {dagbag.py:588} INFO - Filling up the DagBag from /home/minhle/mlops/dags/model_training.py
[2025-04-23T14:55:31.959+0700] {processor.py:925} INFO - DAG(s) 'model_pipeline_v01' retrieved from /home/minhle/mlops/dags/model_training.py
[2025-04-23T14:55:31.967+0700] {logging_mixin.py:190} INFO - [2025-04-23T14:55:31.967+0700] {dag.py:3239} INFO - Sync 1 DAGs
[2025-04-23T14:55:31.973+0700] {logging_mixin.py:190} INFO - [2025-04-23T14:55:31.973+0700] {dag.py:4180} INFO - Setting next_dagrun for model_pipeline_v01 to 2025-04-23 00:00:00+00:00, run_after=2025-04-24 00:00:00+00:00
[2025-04-23T14:55:32.042+0700] {processor.py:208} INFO - Processing /home/minhle/mlops/dags/model_training.py took 1.608 seconds
[2025-04-23T14:56:02.230+0700] {processor.py:186} INFO - Started process (PID=368550) to work on /home/minhle/mlops/dags/model_training.py
[2025-04-23T14:56:02.241+0700] {processor.py:914} INFO - Processing file /home/minhle/mlops/dags/model_training.py for tasks to queue
[2025-04-23T14:56:02.244+0700] {logging_mixin.py:190} INFO - [2025-04-23T14:56:02.243+0700] {dagbag.py:588} INFO - Filling up the DagBag from /home/minhle/mlops/dags/model_training.py
[2025-04-23T14:56:03.760+0700] {processor.py:925} INFO - DAG(s) 'model_pipeline_v01' retrieved from /home/minhle/mlops/dags/model_training.py
[2025-04-23T14:56:03.767+0700] {logging_mixin.py:190} INFO - [2025-04-23T14:56:03.766+0700] {dag.py:3239} INFO - Sync 1 DAGs
[2025-04-23T14:56:03.773+0700] {logging_mixin.py:190} INFO - [2025-04-23T14:56:03.773+0700] {dag.py:4180} INFO - Setting next_dagrun for model_pipeline_v01 to 2025-04-23 00:00:00+00:00, run_after=2025-04-24 00:00:00+00:00
[2025-04-23T14:56:03.853+0700] {processor.py:208} INFO - Processing /home/minhle/mlops/dags/model_training.py took 1.627 seconds
[2025-04-23T14:56:34.006+0700] {processor.py:186} INFO - Started process (PID=368633) to work on /home/minhle/mlops/dags/model_training.py
[2025-04-23T14:56:34.006+0700] {processor.py:914} INFO - Processing file /home/minhle/mlops/dags/model_training.py for tasks to queue
[2025-04-23T14:56:34.007+0700] {logging_mixin.py:190} INFO - [2025-04-23T14:56:34.007+0700] {dagbag.py:588} INFO - Filling up the DagBag from /home/minhle/mlops/dags/model_training.py
[2025-04-23T14:56:35.531+0700] {processor.py:925} INFO - DAG(s) 'model_pipeline_v01' retrieved from /home/minhle/mlops/dags/model_training.py
[2025-04-23T14:56:35.544+0700] {logging_mixin.py:190} INFO - [2025-04-23T14:56:35.543+0700] {dag.py:3239} INFO - Sync 1 DAGs
[2025-04-23T14:56:35.551+0700] {logging_mixin.py:190} INFO - [2025-04-23T14:56:35.550+0700] {dag.py:4180} INFO - Setting next_dagrun for model_pipeline_v01 to 2025-04-23 00:00:00+00:00, run_after=2025-04-24 00:00:00+00:00
[2025-04-23T14:56:35.633+0700] {processor.py:208} INFO - Processing /home/minhle/mlops/dags/model_training.py took 1.633 seconds
[2025-04-23T14:57:05.780+0700] {processor.py:186} INFO - Started process (PID=368713) to work on /home/minhle/mlops/dags/model_training.py
[2025-04-23T14:57:05.780+0700] {processor.py:914} INFO - Processing file /home/minhle/mlops/dags/model_training.py for tasks to queue
[2025-04-23T14:57:05.781+0700] {logging_mixin.py:190} INFO - [2025-04-23T14:57:05.781+0700] {dagbag.py:588} INFO - Filling up the DagBag from /home/minhle/mlops/dags/model_training.py
[2025-04-23T14:57:07.287+0700] {processor.py:925} INFO - DAG(s) 'model_pipeline_v01' retrieved from /home/minhle/mlops/dags/model_training.py
[2025-04-23T14:57:07.295+0700] {logging_mixin.py:190} INFO - [2025-04-23T14:57:07.294+0700] {dag.py:3239} INFO - Sync 1 DAGs
[2025-04-23T14:57:07.302+0700] {logging_mixin.py:190} INFO - [2025-04-23T14:57:07.302+0700] {dag.py:4180} INFO - Setting next_dagrun for model_pipeline_v01 to 2025-04-23 00:00:00+00:00, run_after=2025-04-24 00:00:00+00:00
[2025-04-23T14:57:07.369+0700] {processor.py:208} INFO - Processing /home/minhle/mlops/dags/model_training.py took 1.594 seconds
[2025-04-23T14:57:37.476+0700] {processor.py:186} INFO - Started process (PID=368931) to work on /home/minhle/mlops/dags/model_training.py
[2025-04-23T14:57:37.485+0700] {processor.py:914} INFO - Processing file /home/minhle/mlops/dags/model_training.py for tasks to queue
[2025-04-23T14:57:37.488+0700] {logging_mixin.py:190} INFO - [2025-04-23T14:57:37.487+0700] {dagbag.py:588} INFO - Filling up the DagBag from /home/minhle/mlops/dags/model_training.py
[2025-04-23T14:57:39.040+0700] {processor.py:925} INFO - DAG(s) 'model_pipeline_v01' retrieved from /home/minhle/mlops/dags/model_training.py
[2025-04-23T14:57:39.047+0700] {logging_mixin.py:190} INFO - [2025-04-23T14:57:39.047+0700] {dag.py:3239} INFO - Sync 1 DAGs
[2025-04-23T14:57:39.054+0700] {logging_mixin.py:190} INFO - [2025-04-23T14:57:39.054+0700] {dag.py:4180} INFO - Setting next_dagrun for model_pipeline_v01 to 2025-04-23 00:00:00+00:00, run_after=2025-04-24 00:00:00+00:00
[2025-04-23T14:57:39.114+0700] {processor.py:208} INFO - Processing /home/minhle/mlops/dags/model_training.py took 1.643 seconds
[2025-04-23T14:58:09.247+0700] {processor.py:186} INFO - Started process (PID=369028) to work on /home/minhle/mlops/dags/model_training.py
[2025-04-23T14:58:09.247+0700] {processor.py:914} INFO - Processing file /home/minhle/mlops/dags/model_training.py for tasks to queue
[2025-04-23T14:58:09.247+0700] {logging_mixin.py:190} INFO - [2025-04-23T14:58:09.247+0700] {dagbag.py:588} INFO - Filling up the DagBag from /home/minhle/mlops/dags/model_training.py
[2025-04-23T14:58:10.771+0700] {processor.py:925} INFO - DAG(s) 'model_pipeline_v01' retrieved from /home/minhle/mlops/dags/model_training.py
[2025-04-23T14:58:10.779+0700] {logging_mixin.py:190} INFO - [2025-04-23T14:58:10.779+0700] {dag.py:3239} INFO - Sync 1 DAGs
[2025-04-23T14:58:10.786+0700] {logging_mixin.py:190} INFO - [2025-04-23T14:58:10.786+0700] {dag.py:4180} INFO - Setting next_dagrun for model_pipeline_v01 to 2025-04-23 00:00:00+00:00, run_after=2025-04-24 00:00:00+00:00
[2025-04-23T14:58:11.090+0700] {processor.py:208} INFO - Processing /home/minhle/mlops/dags/model_training.py took 1.850 seconds
[2025-04-23T14:58:41.232+0700] {processor.py:186} INFO - Started process (PID=369110) to work on /home/minhle/mlops/dags/model_training.py
[2025-04-23T14:58:41.242+0700] {processor.py:914} INFO - Processing file /home/minhle/mlops/dags/model_training.py for tasks to queue
[2025-04-23T14:58:41.245+0700] {logging_mixin.py:190} INFO - [2025-04-23T14:58:41.244+0700] {dagbag.py:588} INFO - Filling up the DagBag from /home/minhle/mlops/dags/model_training.py
[2025-04-23T14:58:42.806+0700] {processor.py:925} INFO - DAG(s) 'model_pipeline_v01' retrieved from /home/minhle/mlops/dags/model_training.py
[2025-04-23T14:58:42.814+0700] {logging_mixin.py:190} INFO - [2025-04-23T14:58:42.813+0700] {dag.py:3239} INFO - Sync 1 DAGs
[2025-04-23T14:58:42.820+0700] {logging_mixin.py:190} INFO - [2025-04-23T14:58:42.820+0700] {dag.py:4180} INFO - Setting next_dagrun for model_pipeline_v01 to 2025-04-23 00:00:00+00:00, run_after=2025-04-24 00:00:00+00:00
[2025-04-23T14:58:42.893+0700] {processor.py:208} INFO - Processing /home/minhle/mlops/dags/model_training.py took 1.666 seconds
[2025-04-23T14:59:13.021+0700] {processor.py:186} INFO - Started process (PID=369227) to work on /home/minhle/mlops/dags/model_training.py
[2025-04-23T14:59:13.022+0700] {processor.py:914} INFO - Processing file /home/minhle/mlops/dags/model_training.py for tasks to queue
[2025-04-23T14:59:13.023+0700] {logging_mixin.py:190} INFO - [2025-04-23T14:59:13.023+0700] {dagbag.py:588} INFO - Filling up the DagBag from /home/minhle/mlops/dags/model_training.py
[2025-04-23T14:59:14.548+0700] {processor.py:925} INFO - DAG(s) 'model_pipeline_v01' retrieved from /home/minhle/mlops/dags/model_training.py
[2025-04-23T14:59:14.555+0700] {logging_mixin.py:190} INFO - [2025-04-23T14:59:14.555+0700] {dag.py:3239} INFO - Sync 1 DAGs
[2025-04-23T14:59:14.562+0700] {logging_mixin.py:190} INFO - [2025-04-23T14:59:14.562+0700] {dag.py:4180} INFO - Setting next_dagrun for model_pipeline_v01 to 2025-04-23 00:00:00+00:00, run_after=2025-04-24 00:00:00+00:00
[2025-04-23T14:59:14.620+0700] {processor.py:208} INFO - Processing /home/minhle/mlops/dags/model_training.py took 1.609 seconds
[2025-04-23T14:59:44.791+0700] {processor.py:186} INFO - Started process (PID=369307) to work on /home/minhle/mlops/dags/model_training.py
[2025-04-23T14:59:44.791+0700] {processor.py:914} INFO - Processing file /home/minhle/mlops/dags/model_training.py for tasks to queue
[2025-04-23T14:59:44.792+0700] {logging_mixin.py:190} INFO - [2025-04-23T14:59:44.792+0700] {dagbag.py:588} INFO - Filling up the DagBag from /home/minhle/mlops/dags/model_training.py
[2025-04-23T14:59:46.318+0700] {processor.py:925} INFO - DAG(s) 'model_pipeline_v01' retrieved from /home/minhle/mlops/dags/model_training.py
[2025-04-23T14:59:46.325+0700] {logging_mixin.py:190} INFO - [2025-04-23T14:59:46.325+0700] {dag.py:3239} INFO - Sync 1 DAGs
[2025-04-23T14:59:46.333+0700] {logging_mixin.py:190} INFO - [2025-04-23T14:59:46.332+0700] {dag.py:4180} INFO - Setting next_dagrun for model_pipeline_v01 to 2025-04-23 00:00:00+00:00, run_after=2025-04-24 00:00:00+00:00
[2025-04-23T14:59:46.406+0700] {processor.py:208} INFO - Processing /home/minhle/mlops/dags/model_training.py took 1.622 seconds
[2025-04-23T15:00:16.593+0700] {processor.py:186} INFO - Started process (PID=369389) to work on /home/minhle/mlops/dags/model_training.py
[2025-04-23T15:00:16.606+0700] {processor.py:914} INFO - Processing file /home/minhle/mlops/dags/model_training.py for tasks to queue
[2025-04-23T15:00:16.609+0700] {logging_mixin.py:190} INFO - [2025-04-23T15:00:16.608+0700] {dagbag.py:588} INFO - Filling up the DagBag from /home/minhle/mlops/dags/model_training.py
[2025-04-23T15:00:18.157+0700] {processor.py:925} INFO - DAG(s) 'model_pipeline_v01' retrieved from /home/minhle/mlops/dags/model_training.py
[2025-04-23T15:00:18.164+0700] {logging_mixin.py:190} INFO - [2025-04-23T15:00:18.164+0700] {dag.py:3239} INFO - Sync 1 DAGs
[2025-04-23T15:00:18.172+0700] {logging_mixin.py:190} INFO - [2025-04-23T15:00:18.172+0700] {dag.py:4180} INFO - Setting next_dagrun for model_pipeline_v01 to 2025-04-23 00:00:00+00:00, run_after=2025-04-24 00:00:00+00:00
[2025-04-23T15:00:18.245+0700] {processor.py:208} INFO - Processing /home/minhle/mlops/dags/model_training.py took 1.657 seconds
[2025-04-23T15:00:48.390+0700] {processor.py:186} INFO - Started process (PID=369479) to work on /home/minhle/mlops/dags/model_training.py
[2025-04-23T15:00:48.391+0700] {processor.py:914} INFO - Processing file /home/minhle/mlops/dags/model_training.py for tasks to queue
[2025-04-23T15:00:48.392+0700] {logging_mixin.py:190} INFO - [2025-04-23T15:00:48.391+0700] {dagbag.py:588} INFO - Filling up the DagBag from /home/minhle/mlops/dags/model_training.py
[2025-04-23T15:00:49.913+0700] {processor.py:925} INFO - DAG(s) 'model_pipeline_v01' retrieved from /home/minhle/mlops/dags/model_training.py
[2025-04-23T15:00:49.920+0700] {logging_mixin.py:190} INFO - [2025-04-23T15:00:49.920+0700] {dag.py:3239} INFO - Sync 1 DAGs
[2025-04-23T15:00:49.927+0700] {logging_mixin.py:190} INFO - [2025-04-23T15:00:49.927+0700] {dag.py:4180} INFO - Setting next_dagrun for model_pipeline_v01 to 2025-04-23 00:00:00+00:00, run_after=2025-04-24 00:00:00+00:00
[2025-04-23T15:00:50.329+0700] {processor.py:208} INFO - Processing /home/minhle/mlops/dags/model_training.py took 1.945 seconds
[2025-04-23T15:01:20.473+0700] {processor.py:186} INFO - Started process (PID=369559) to work on /home/minhle/mlops/dags/model_training.py
[2025-04-23T15:01:20.520+0700] {processor.py:914} INFO - Processing file /home/minhle/mlops/dags/model_training.py for tasks to queue
[2025-04-23T15:01:20.523+0700] {logging_mixin.py:190} INFO - [2025-04-23T15:01:20.522+0700] {dagbag.py:588} INFO - Filling up the DagBag from /home/minhle/mlops/dags/model_training.py
[2025-04-23T15:01:22.053+0700] {processor.py:925} INFO - DAG(s) 'model_pipeline_v01' retrieved from /home/minhle/mlops/dags/model_training.py
[2025-04-23T15:01:22.060+0700] {logging_mixin.py:190} INFO - [2025-04-23T15:01:22.060+0700] {dag.py:3239} INFO - Sync 1 DAGs
[2025-04-23T15:01:22.067+0700] {logging_mixin.py:190} INFO - [2025-04-23T15:01:22.067+0700] {dag.py:4180} INFO - Setting next_dagrun for model_pipeline_v01 to 2025-04-23 00:00:00+00:00, run_after=2025-04-24 00:00:00+00:00
[2025-04-23T15:01:22.573+0700] {processor.py:208} INFO - Processing /home/minhle/mlops/dags/model_training.py took 2.106 seconds
[2025-04-23T15:01:52.727+0700] {processor.py:186} INFO - Started process (PID=369639) to work on /home/minhle/mlops/dags/model_training.py
[2025-04-23T15:01:52.727+0700] {processor.py:914} INFO - Processing file /home/minhle/mlops/dags/model_training.py for tasks to queue
[2025-04-23T15:01:52.728+0700] {logging_mixin.py:190} INFO - [2025-04-23T15:01:52.728+0700] {dagbag.py:588} INFO - Filling up the DagBag from /home/minhle/mlops/dags/model_training.py
[2025-04-23T15:01:54.278+0700] {processor.py:925} INFO - DAG(s) 'model_pipeline_v01' retrieved from /home/minhle/mlops/dags/model_training.py
[2025-04-23T15:01:54.285+0700] {logging_mixin.py:190} INFO - [2025-04-23T15:01:54.285+0700] {dag.py:3239} INFO - Sync 1 DAGs
[2025-04-23T15:01:54.291+0700] {logging_mixin.py:190} INFO - [2025-04-23T15:01:54.291+0700] {dag.py:4180} INFO - Setting next_dagrun for model_pipeline_v01 to 2025-04-23 00:00:00+00:00, run_after=2025-04-24 00:00:00+00:00
[2025-04-23T15:01:54.366+0700] {processor.py:208} INFO - Processing /home/minhle/mlops/dags/model_training.py took 1.643 seconds
[2025-04-23T15:02:24.445+0700] {processor.py:186} INFO - Started process (PID=369720) to work on /home/minhle/mlops/dags/model_training.py
[2025-04-23T15:02:24.445+0700] {processor.py:914} INFO - Processing file /home/minhle/mlops/dags/model_training.py for tasks to queue
[2025-04-23T15:02:24.446+0700] {logging_mixin.py:190} INFO - [2025-04-23T15:02:24.446+0700] {dagbag.py:588} INFO - Filling up the DagBag from /home/minhle/mlops/dags/model_training.py
[2025-04-23T15:02:25.972+0700] {processor.py:925} INFO - DAG(s) 'model_pipeline_v01' retrieved from /home/minhle/mlops/dags/model_training.py
[2025-04-23T15:02:25.979+0700] {logging_mixin.py:190} INFO - [2025-04-23T15:02:25.979+0700] {dag.py:3239} INFO - Sync 1 DAGs
[2025-04-23T15:02:25.986+0700] {logging_mixin.py:190} INFO - [2025-04-23T15:02:25.986+0700] {dag.py:4180} INFO - Setting next_dagrun for model_pipeline_v01 to 2025-04-23 00:00:00+00:00, run_after=2025-04-24 00:00:00+00:00
[2025-04-23T15:02:26.738+0700] {processor.py:208} INFO - Processing /home/minhle/mlops/dags/model_training.py took 2.296 seconds
[2025-04-23T15:02:56.860+0700] {processor.py:186} INFO - Started process (PID=369801) to work on /home/minhle/mlops/dags/model_training.py
[2025-04-23T15:02:56.878+0700] {processor.py:914} INFO - Processing file /home/minhle/mlops/dags/model_training.py for tasks to queue
[2025-04-23T15:02:56.881+0700] {logging_mixin.py:190} INFO - [2025-04-23T15:02:56.880+0700] {dagbag.py:588} INFO - Filling up the DagBag from /home/minhle/mlops/dags/model_training.py
[2025-04-23T15:02:58.430+0700] {processor.py:925} INFO - DAG(s) 'model_pipeline_v01' retrieved from /home/minhle/mlops/dags/model_training.py
[2025-04-23T15:02:58.437+0700] {logging_mixin.py:190} INFO - [2025-04-23T15:02:58.437+0700] {dag.py:3239} INFO - Sync 1 DAGs
[2025-04-23T15:02:58.444+0700] {logging_mixin.py:190} INFO - [2025-04-23T15:02:58.444+0700] {dag.py:4180} INFO - Setting next_dagrun for model_pipeline_v01 to 2025-04-23 00:00:00+00:00, run_after=2025-04-24 00:00:00+00:00
[2025-04-23T15:02:58.561+0700] {processor.py:208} INFO - Processing /home/minhle/mlops/dags/model_training.py took 1.705 seconds
[2025-04-23T15:03:28.733+0700] {processor.py:186} INFO - Started process (PID=369892) to work on /home/minhle/mlops/dags/model_training.py
[2025-04-23T15:03:28.733+0700] {processor.py:914} INFO - Processing file /home/minhle/mlops/dags/model_training.py for tasks to queue
[2025-04-23T15:03:28.733+0700] {logging_mixin.py:190} INFO - [2025-04-23T15:03:28.733+0700] {dagbag.py:588} INFO - Filling up the DagBag from /home/minhle/mlops/dags/model_training.py
[2025-04-23T15:03:30.268+0700] {processor.py:925} INFO - DAG(s) 'model_pipeline_v01' retrieved from /home/minhle/mlops/dags/model_training.py
[2025-04-23T15:03:30.280+0700] {logging_mixin.py:190} INFO - [2025-04-23T15:03:30.280+0700] {dag.py:3239} INFO - Sync 1 DAGs
[2025-04-23T15:03:30.287+0700] {logging_mixin.py:190} INFO - [2025-04-23T15:03:30.287+0700] {dag.py:4180} INFO - Setting next_dagrun for model_pipeline_v01 to 2025-04-23 00:00:00+00:00, run_after=2025-04-24 00:00:00+00:00
[2025-04-23T15:03:30.359+0700] {processor.py:208} INFO - Processing /home/minhle/mlops/dags/model_training.py took 1.629 seconds
[2025-04-23T15:04:00.524+0700] {processor.py:186} INFO - Started process (PID=369986) to work on /home/minhle/mlops/dags/model_training.py
[2025-04-23T15:04:00.524+0700] {processor.py:914} INFO - Processing file /home/minhle/mlops/dags/model_training.py for tasks to queue
[2025-04-23T15:04:00.525+0700] {logging_mixin.py:190} INFO - [2025-04-23T15:04:00.525+0700] {dagbag.py:588} INFO - Filling up the DagBag from /home/minhle/mlops/dags/model_training.py
[2025-04-23T15:04:02.059+0700] {processor.py:925} INFO - DAG(s) 'model_pipeline_v01' retrieved from /home/minhle/mlops/dags/model_training.py
[2025-04-23T15:04:02.066+0700] {logging_mixin.py:190} INFO - [2025-04-23T15:04:02.066+0700] {dag.py:3239} INFO - Sync 1 DAGs
[2025-04-23T15:04:02.073+0700] {logging_mixin.py:190} INFO - [2025-04-23T15:04:02.073+0700] {dag.py:4180} INFO - Setting next_dagrun for model_pipeline_v01 to 2025-04-23 00:00:00+00:00, run_after=2025-04-24 00:00:00+00:00
[2025-04-23T15:04:02.162+0700] {processor.py:208} INFO - Processing /home/minhle/mlops/dags/model_training.py took 1.641 seconds
[2025-04-23T15:04:32.308+0700] {processor.py:186} INFO - Started process (PID=370080) to work on /home/minhle/mlops/dags/model_training.py
[2025-04-23T15:04:32.394+0700] {processor.py:914} INFO - Processing file /home/minhle/mlops/dags/model_training.py for tasks to queue
[2025-04-23T15:04:32.397+0700] {logging_mixin.py:190} INFO - [2025-04-23T15:04:32.396+0700] {dagbag.py:588} INFO - Filling up the DagBag from /home/minhle/mlops/dags/model_training.py
[2025-04-23T15:04:33.937+0700] {processor.py:925} INFO - DAG(s) 'model_pipeline_v01' retrieved from /home/minhle/mlops/dags/model_training.py
[2025-04-23T15:04:33.945+0700] {logging_mixin.py:190} INFO - [2025-04-23T15:04:33.945+0700] {dag.py:3239} INFO - Sync 1 DAGs
[2025-04-23T15:04:33.952+0700] {logging_mixin.py:190} INFO - [2025-04-23T15:04:33.952+0700] {dag.py:4180} INFO - Setting next_dagrun for model_pipeline_v01 to 2025-04-23 00:00:00+00:00, run_after=2025-04-24 00:00:00+00:00
[2025-04-23T15:04:34.013+0700] {processor.py:208} INFO - Processing /home/minhle/mlops/dags/model_training.py took 1.710 seconds
[2025-04-23T15:05:04.124+0700] {processor.py:186} INFO - Started process (PID=370160) to work on /home/minhle/mlops/dags/model_training.py
[2025-04-23T15:05:04.125+0700] {processor.py:914} INFO - Processing file /home/minhle/mlops/dags/model_training.py for tasks to queue
[2025-04-23T15:05:04.126+0700] {logging_mixin.py:190} INFO - [2025-04-23T15:05:04.125+0700] {dagbag.py:588} INFO - Filling up the DagBag from /home/minhle/mlops/dags/model_training.py
[2025-04-23T15:05:05.658+0700] {processor.py:925} INFO - DAG(s) 'model_pipeline_v01' retrieved from /home/minhle/mlops/dags/model_training.py
[2025-04-23T15:05:05.666+0700] {logging_mixin.py:190} INFO - [2025-04-23T15:05:05.665+0700] {dag.py:3239} INFO - Sync 1 DAGs
[2025-04-23T15:05:05.672+0700] {logging_mixin.py:190} INFO - [2025-04-23T15:05:05.672+0700] {dag.py:4180} INFO - Setting next_dagrun for model_pipeline_v01 to 2025-04-23 00:00:00+00:00, run_after=2025-04-24 00:00:00+00:00
[2025-04-23T15:05:05.741+0700] {processor.py:208} INFO - Processing /home/minhle/mlops/dags/model_training.py took 1.625 seconds
[2025-04-23T15:05:35.904+0700] {processor.py:186} INFO - Started process (PID=370240) to work on /home/minhle/mlops/dags/model_training.py
[2025-04-23T15:05:35.913+0700] {processor.py:914} INFO - Processing file /home/minhle/mlops/dags/model_training.py for tasks to queue
[2025-04-23T15:05:35.914+0700] {logging_mixin.py:190} INFO - [2025-04-23T15:05:35.914+0700] {dagbag.py:588} INFO - Filling up the DagBag from /home/minhle/mlops/dags/model_training.py
[2025-04-23T15:05:37.440+0700] {processor.py:925} INFO - DAG(s) 'model_pipeline_v01' retrieved from /home/minhle/mlops/dags/model_training.py
[2025-04-23T15:05:37.447+0700] {logging_mixin.py:190} INFO - [2025-04-23T15:05:37.447+0700] {dag.py:3239} INFO - Sync 1 DAGs
[2025-04-23T15:05:37.454+0700] {logging_mixin.py:190} INFO - [2025-04-23T15:05:37.454+0700] {dag.py:4180} INFO - Setting next_dagrun for model_pipeline_v01 to 2025-04-23 00:00:00+00:00, run_after=2025-04-24 00:00:00+00:00
[2025-04-23T15:05:37.525+0700] {processor.py:208} INFO - Processing /home/minhle/mlops/dags/model_training.py took 1.624 seconds
[2025-04-23T15:06:07.683+0700] {processor.py:186} INFO - Started process (PID=370359) to work on /home/minhle/mlops/dags/model_training.py
[2025-04-23T15:06:07.684+0700] {processor.py:914} INFO - Processing file /home/minhle/mlops/dags/model_training.py for tasks to queue
[2025-04-23T15:06:07.685+0700] {logging_mixin.py:190} INFO - [2025-04-23T15:06:07.684+0700] {dagbag.py:588} INFO - Filling up the DagBag from /home/minhle/mlops/dags/model_training.py
[2025-04-23T15:06:09.204+0700] {processor.py:925} INFO - DAG(s) 'model_pipeline_v01' retrieved from /home/minhle/mlops/dags/model_training.py
[2025-04-23T15:06:09.211+0700] {logging_mixin.py:190} INFO - [2025-04-23T15:06:09.211+0700] {dag.py:3239} INFO - Sync 1 DAGs
[2025-04-23T15:06:09.218+0700] {logging_mixin.py:190} INFO - [2025-04-23T15:06:09.218+0700] {dag.py:4180} INFO - Setting next_dagrun for model_pipeline_v01 to 2025-04-23 00:00:00+00:00, run_after=2025-04-24 00:00:00+00:00
[2025-04-23T15:06:09.295+0700] {processor.py:208} INFO - Processing /home/minhle/mlops/dags/model_training.py took 1.617 seconds
[2025-04-23T15:06:39.452+0700] {processor.py:186} INFO - Started process (PID=370441) to work on /home/minhle/mlops/dags/model_training.py
[2025-04-23T15:06:39.452+0700] {processor.py:914} INFO - Processing file /home/minhle/mlops/dags/model_training.py for tasks to queue
[2025-04-23T15:06:39.453+0700] {logging_mixin.py:190} INFO - [2025-04-23T15:06:39.453+0700] {dagbag.py:588} INFO - Filling up the DagBag from /home/minhle/mlops/dags/model_training.py
[2025-04-23T15:06:41.261+0700] {processor.py:925} INFO - DAG(s) 'model_pipeline_v01' retrieved from /home/minhle/mlops/dags/model_training.py
[2025-04-23T15:06:41.269+0700] {logging_mixin.py:190} INFO - [2025-04-23T15:06:41.269+0700] {dag.py:3239} INFO - Sync 1 DAGs
[2025-04-23T15:06:41.277+0700] {logging_mixin.py:190} INFO - [2025-04-23T15:06:41.277+0700] {dag.py:4180} INFO - Setting next_dagrun for model_pipeline_v01 to 2025-04-23 00:00:00+00:00, run_after=2025-04-24 00:00:00+00:00
[2025-04-23T15:06:41.810+0700] {processor.py:208} INFO - Processing /home/minhle/mlops/dags/model_training.py took 2.361 seconds
[2025-04-23T15:07:11.919+0700] {processor.py:186} INFO - Started process (PID=370696) to work on /home/minhle/mlops/dags/model_training.py
[2025-04-23T15:07:11.938+0700] {processor.py:914} INFO - Processing file /home/minhle/mlops/dags/model_training.py for tasks to queue
[2025-04-23T15:07:11.941+0700] {logging_mixin.py:190} INFO - [2025-04-23T15:07:11.940+0700] {dagbag.py:588} INFO - Filling up the DagBag from /home/minhle/mlops/dags/model_training.py
[2025-04-23T15:07:13.455+0700] {processor.py:925} INFO - DAG(s) 'model_pipeline_v01' retrieved from /home/minhle/mlops/dags/model_training.py
[2025-04-23T15:07:13.463+0700] {logging_mixin.py:190} INFO - [2025-04-23T15:07:13.462+0700] {dag.py:3239} INFO - Sync 1 DAGs
[2025-04-23T15:07:13.470+0700] {logging_mixin.py:190} INFO - [2025-04-23T15:07:13.470+0700] {dag.py:4180} INFO - Setting next_dagrun for model_pipeline_v01 to 2025-04-23 00:00:00+00:00, run_after=2025-04-24 00:00:00+00:00
[2025-04-23T15:07:14.026+0700] {processor.py:208} INFO - Processing /home/minhle/mlops/dags/model_training.py took 2.112 seconds
[2025-04-23T15:07:44.207+0700] {processor.py:186} INFO - Started process (PID=370780) to work on /home/minhle/mlops/dags/model_training.py
[2025-04-23T15:07:44.207+0700] {processor.py:914} INFO - Processing file /home/minhle/mlops/dags/model_training.py for tasks to queue
[2025-04-23T15:07:44.208+0700] {logging_mixin.py:190} INFO - [2025-04-23T15:07:44.208+0700] {dagbag.py:588} INFO - Filling up the DagBag from /home/minhle/mlops/dags/model_training.py
[2025-04-23T15:07:45.746+0700] {processor.py:925} INFO - DAG(s) 'model_pipeline_v01' retrieved from /home/minhle/mlops/dags/model_training.py
[2025-04-23T15:07:45.754+0700] {logging_mixin.py:190} INFO - [2025-04-23T15:07:45.754+0700] {dag.py:3239} INFO - Sync 1 DAGs
[2025-04-23T15:07:45.760+0700] {logging_mixin.py:190} INFO - [2025-04-23T15:07:45.760+0700] {dag.py:4180} INFO - Setting next_dagrun for model_pipeline_v01 to 2025-04-23 00:00:00+00:00, run_after=2025-04-24 00:00:00+00:00
[2025-04-23T15:07:45.850+0700] {processor.py:208} INFO - Processing /home/minhle/mlops/dags/model_training.py took 1.647 seconds
[2025-04-23T15:08:15.990+0700] {processor.py:186} INFO - Started process (PID=370959) to work on /home/minhle/mlops/dags/model_training.py
[2025-04-23T15:08:15.991+0700] {processor.py:914} INFO - Processing file /home/minhle/mlops/dags/model_training.py for tasks to queue
[2025-04-23T15:08:15.992+0700] {logging_mixin.py:190} INFO - [2025-04-23T15:08:15.991+0700] {dagbag.py:588} INFO - Filling up the DagBag from /home/minhle/mlops/dags/model_training.py
[2025-04-23T15:08:17.726+0700] {processor.py:925} INFO - DAG(s) 'model_pipeline_v01' retrieved from /home/minhle/mlops/dags/model_training.py
[2025-04-23T15:08:17.734+0700] {logging_mixin.py:190} INFO - [2025-04-23T15:08:17.734+0700] {dag.py:3239} INFO - Sync 1 DAGs
[2025-04-23T15:08:17.741+0700] {logging_mixin.py:190} INFO - [2025-04-23T15:08:17.741+0700] {dag.py:4180} INFO - Setting next_dagrun for model_pipeline_v01 to 2025-04-23 00:00:00+00:00, run_after=2025-04-24 00:00:00+00:00
[2025-04-23T15:08:17.807+0700] {processor.py:208} INFO - Processing /home/minhle/mlops/dags/model_training.py took 1.821 seconds
[2025-04-23T15:08:47.977+0700] {processor.py:186} INFO - Started process (PID=371161) to work on /home/minhle/mlops/dags/model_training.py
[2025-04-23T15:08:47.984+0700] {processor.py:914} INFO - Processing file /home/minhle/mlops/dags/model_training.py for tasks to queue
[2025-04-23T15:08:47.987+0700] {logging_mixin.py:190} INFO - [2025-04-23T15:08:47.986+0700] {dagbag.py:588} INFO - Filling up the DagBag from /home/minhle/mlops/dags/model_training.py
[2025-04-23T15:08:49.573+0700] {processor.py:925} INFO - DAG(s) 'model_pipeline_v01' retrieved from /home/minhle/mlops/dags/model_training.py
[2025-04-23T15:08:49.580+0700] {logging_mixin.py:190} INFO - [2025-04-23T15:08:49.580+0700] {dag.py:3239} INFO - Sync 1 DAGs
[2025-04-23T15:08:49.587+0700] {logging_mixin.py:190} INFO - [2025-04-23T15:08:49.587+0700] {dag.py:4180} INFO - Setting next_dagrun for model_pipeline_v01 to 2025-04-23 00:00:00+00:00, run_after=2025-04-24 00:00:00+00:00
[2025-04-23T15:08:49.656+0700] {processor.py:208} INFO - Processing /home/minhle/mlops/dags/model_training.py took 1.683 seconds
[2025-04-23T15:09:19.750+0700] {processor.py:186} INFO - Started process (PID=371283) to work on /home/minhle/mlops/dags/model_training.py
[2025-04-23T15:09:19.750+0700] {processor.py:914} INFO - Processing file /home/minhle/mlops/dags/model_training.py for tasks to queue
[2025-04-23T15:09:19.751+0700] {logging_mixin.py:190} INFO - [2025-04-23T15:09:19.750+0700] {dagbag.py:588} INFO - Filling up the DagBag from /home/minhle/mlops/dags/model_training.py
[2025-04-23T15:09:21.271+0700] {processor.py:925} INFO - DAG(s) 'model_pipeline_v01' retrieved from /home/minhle/mlops/dags/model_training.py
[2025-04-23T15:09:21.278+0700] {logging_mixin.py:190} INFO - [2025-04-23T15:09:21.278+0700] {dag.py:3239} INFO - Sync 1 DAGs
[2025-04-23T15:09:21.284+0700] {logging_mixin.py:190} INFO - [2025-04-23T15:09:21.284+0700] {dag.py:4180} INFO - Setting next_dagrun for model_pipeline_v01 to 2025-04-23 00:00:00+00:00, run_after=2025-04-24 00:00:00+00:00
[2025-04-23T15:09:21.345+0700] {processor.py:208} INFO - Processing /home/minhle/mlops/dags/model_training.py took 1.601 seconds
[2025-04-23T15:09:51.435+0700] {processor.py:186} INFO - Started process (PID=371363) to work on /home/minhle/mlops/dags/model_training.py
[2025-04-23T15:09:51.446+0700] {processor.py:914} INFO - Processing file /home/minhle/mlops/dags/model_training.py for tasks to queue
[2025-04-23T15:09:51.449+0700] {logging_mixin.py:190} INFO - [2025-04-23T15:09:51.448+0700] {dagbag.py:588} INFO - Filling up the DagBag from /home/minhle/mlops/dags/model_training.py
[2025-04-23T15:09:53.079+0700] {processor.py:925} INFO - DAG(s) 'model_pipeline_v01' retrieved from /home/minhle/mlops/dags/model_training.py
[2025-04-23T15:09:53.088+0700] {logging_mixin.py:190} INFO - [2025-04-23T15:09:53.088+0700] {dag.py:3239} INFO - Sync 1 DAGs
[2025-04-23T15:09:53.098+0700] {logging_mixin.py:190} INFO - [2025-04-23T15:09:53.097+0700] {dag.py:4180} INFO - Setting next_dagrun for model_pipeline_v01 to 2025-04-23 00:00:00+00:00, run_after=2025-04-24 00:00:00+00:00
[2025-04-23T15:09:53.420+0700] {processor.py:208} INFO - Processing /home/minhle/mlops/dags/model_training.py took 1.989 seconds
[2025-04-23T15:10:23.494+0700] {processor.py:186} INFO - Started process (PID=371648) to work on /home/minhle/mlops/dags/model_training.py
[2025-04-23T15:10:23.495+0700] {processor.py:914} INFO - Processing file /home/minhle/mlops/dags/model_training.py for tasks to queue
[2025-04-23T15:10:23.498+0700] {logging_mixin.py:190} INFO - [2025-04-23T15:10:23.497+0700] {dagbag.py:588} INFO - Filling up the DagBag from /home/minhle/mlops/dags/model_training.py
[2025-04-23T15:10:25.130+0700] {processor.py:925} INFO - DAG(s) 'model_pipeline_v01' retrieved from /home/minhle/mlops/dags/model_training.py
[2025-04-23T15:10:25.140+0700] {logging_mixin.py:190} INFO - [2025-04-23T15:10:25.139+0700] {dag.py:3239} INFO - Sync 1 DAGs
[2025-04-23T15:10:25.148+0700] {logging_mixin.py:190} INFO - [2025-04-23T15:10:25.148+0700] {dag.py:4180} INFO - Setting next_dagrun for model_pipeline_v01 to 2025-04-23 00:00:00+00:00, run_after=2025-04-24 00:00:00+00:00
[2025-04-23T15:10:25.212+0700] {processor.py:208} INFO - Processing /home/minhle/mlops/dags/model_training.py took 1.725 seconds
[2025-04-23T15:10:55.368+0700] {processor.py:186} INFO - Started process (PID=371750) to work on /home/minhle/mlops/dags/model_training.py
[2025-04-23T15:10:55.369+0700] {processor.py:914} INFO - Processing file /home/minhle/mlops/dags/model_training.py for tasks to queue
[2025-04-23T15:10:55.370+0700] {logging_mixin.py:190} INFO - [2025-04-23T15:10:55.370+0700] {dagbag.py:588} INFO - Filling up the DagBag from /home/minhle/mlops/dags/model_training.py
[2025-04-23T15:10:56.945+0700] {processor.py:925} INFO - DAG(s) 'model_pipeline_v01' retrieved from /home/minhle/mlops/dags/model_training.py
[2025-04-23T15:10:56.952+0700] {logging_mixin.py:190} INFO - [2025-04-23T15:10:56.952+0700] {dag.py:3239} INFO - Sync 1 DAGs
[2025-04-23T15:10:56.959+0700] {logging_mixin.py:190} INFO - [2025-04-23T15:10:56.959+0700] {dag.py:4180} INFO - Setting next_dagrun for model_pipeline_v01 to 2025-04-23 00:00:00+00:00, run_after=2025-04-24 00:00:00+00:00
[2025-04-23T15:10:57.275+0700] {processor.py:208} INFO - Processing /home/minhle/mlops/dags/model_training.py took 1.911 seconds
[2025-04-23T15:11:27.446+0700] {processor.py:186} INFO - Started process (PID=371845) to work on /home/minhle/mlops/dags/model_training.py
[2025-04-23T15:11:27.446+0700] {processor.py:914} INFO - Processing file /home/minhle/mlops/dags/model_training.py for tasks to queue
[2025-04-23T15:11:27.447+0700] {logging_mixin.py:190} INFO - [2025-04-23T15:11:27.447+0700] {dagbag.py:588} INFO - Filling up the DagBag from /home/minhle/mlops/dags/model_training.py
[2025-04-23T15:11:28.966+0700] {processor.py:925} INFO - DAG(s) 'model_pipeline_v01' retrieved from /home/minhle/mlops/dags/model_training.py
[2025-04-23T15:11:28.973+0700] {logging_mixin.py:190} INFO - [2025-04-23T15:11:28.973+0700] {dag.py:3239} INFO - Sync 1 DAGs
[2025-04-23T15:11:28.980+0700] {logging_mixin.py:190} INFO - [2025-04-23T15:11:28.980+0700] {dag.py:4180} INFO - Setting next_dagrun for model_pipeline_v01 to 2025-04-23 00:00:00+00:00, run_after=2025-04-24 00:00:00+00:00
[2025-04-23T15:11:29.061+0700] {processor.py:208} INFO - Processing /home/minhle/mlops/dags/model_training.py took 1.620 seconds
[2025-04-23T15:11:59.227+0700] {processor.py:186} INFO - Started process (PID=371944) to work on /home/minhle/mlops/dags/model_training.py
[2025-04-23T15:11:59.227+0700] {processor.py:914} INFO - Processing file /home/minhle/mlops/dags/model_training.py for tasks to queue
[2025-04-23T15:11:59.228+0700] {logging_mixin.py:190} INFO - [2025-04-23T15:11:59.228+0700] {dagbag.py:588} INFO - Filling up the DagBag from /home/minhle/mlops/dags/model_training.py
[2025-04-23T15:12:00.809+0700] {processor.py:925} INFO - DAG(s) 'model_pipeline_v01' retrieved from /home/minhle/mlops/dags/model_training.py
[2025-04-23T15:12:00.817+0700] {logging_mixin.py:190} INFO - [2025-04-23T15:12:00.816+0700] {dag.py:3239} INFO - Sync 1 DAGs
[2025-04-23T15:12:00.824+0700] {logging_mixin.py:190} INFO - [2025-04-23T15:12:00.824+0700] {dag.py:4180} INFO - Setting next_dagrun for model_pipeline_v01 to 2025-04-23 00:00:00+00:00, run_after=2025-04-24 00:00:00+00:00
[2025-04-23T15:12:00.909+0700] {processor.py:208} INFO - Processing /home/minhle/mlops/dags/model_training.py took 1.687 seconds
[2025-04-23T15:12:31.031+0700] {processor.py:186} INFO - Started process (PID=372041) to work on /home/minhle/mlops/dags/model_training.py
[2025-04-23T15:12:31.032+0700] {processor.py:914} INFO - Processing file /home/minhle/mlops/dags/model_training.py for tasks to queue
[2025-04-23T15:12:31.034+0700] {logging_mixin.py:190} INFO - [2025-04-23T15:12:31.033+0700] {dagbag.py:588} INFO - Filling up the DagBag from /home/minhle/mlops/dags/model_training.py
[2025-04-23T15:12:32.633+0700] {processor.py:925} INFO - DAG(s) 'model_pipeline_v01' retrieved from /home/minhle/mlops/dags/model_training.py
[2025-04-23T15:12:32.640+0700] {logging_mixin.py:190} INFO - [2025-04-23T15:12:32.640+0700] {dag.py:3239} INFO - Sync 1 DAGs
[2025-04-23T15:12:32.647+0700] {logging_mixin.py:190} INFO - [2025-04-23T15:12:32.647+0700] {dag.py:4180} INFO - Setting next_dagrun for model_pipeline_v01 to 2025-04-23 00:00:00+00:00, run_after=2025-04-24 00:00:00+00:00
[2025-04-23T15:12:32.725+0700] {processor.py:208} INFO - Processing /home/minhle/mlops/dags/model_training.py took 1.701 seconds
[2025-04-23T15:13:02.820+0700] {processor.py:186} INFO - Started process (PID=372151) to work on /home/minhle/mlops/dags/model_training.py
[2025-04-23T15:13:02.821+0700] {processor.py:914} INFO - Processing file /home/minhle/mlops/dags/model_training.py for tasks to queue
[2025-04-23T15:13:02.821+0700] {logging_mixin.py:190} INFO - [2025-04-23T15:13:02.821+0700] {dagbag.py:588} INFO - Filling up the DagBag from /home/minhle/mlops/dags/model_training.py
[2025-04-23T15:13:04.348+0700] {processor.py:925} INFO - DAG(s) 'model_pipeline_v01' retrieved from /home/minhle/mlops/dags/model_training.py
[2025-04-23T15:13:04.355+0700] {logging_mixin.py:190} INFO - [2025-04-23T15:13:04.355+0700] {dag.py:3239} INFO - Sync 1 DAGs
[2025-04-23T15:13:04.362+0700] {logging_mixin.py:190} INFO - [2025-04-23T15:13:04.362+0700] {dag.py:4180} INFO - Setting next_dagrun for model_pipeline_v01 to 2025-04-23 00:00:00+00:00, run_after=2025-04-24 00:00:00+00:00
[2025-04-23T15:13:04.455+0700] {processor.py:208} INFO - Processing /home/minhle/mlops/dags/model_training.py took 1.637 seconds
[2025-04-23T15:13:34.634+0700] {processor.py:186} INFO - Started process (PID=372234) to work on /home/minhle/mlops/dags/model_training.py
[2025-04-23T15:13:34.636+0700] {processor.py:914} INFO - Processing file /home/minhle/mlops/dags/model_training.py for tasks to queue
[2025-04-23T15:13:34.637+0700] {logging_mixin.py:190} INFO - [2025-04-23T15:13:34.637+0700] {dagbag.py:588} INFO - Filling up the DagBag from /home/minhle/mlops/dags/model_training.py
[2025-04-23T15:13:36.214+0700] {processor.py:925} INFO - DAG(s) 'model_pipeline_v01' retrieved from /home/minhle/mlops/dags/model_training.py
[2025-04-23T15:13:36.221+0700] {logging_mixin.py:190} INFO - [2025-04-23T15:13:36.221+0700] {dag.py:3239} INFO - Sync 1 DAGs
[2025-04-23T15:13:36.228+0700] {logging_mixin.py:190} INFO - [2025-04-23T15:13:36.228+0700] {dag.py:4180} INFO - Setting next_dagrun for model_pipeline_v01 to 2025-04-23 00:00:00+00:00, run_after=2025-04-24 00:00:00+00:00
[2025-04-23T15:13:36.303+0700] {processor.py:208} INFO - Processing /home/minhle/mlops/dags/model_training.py took 1.679 seconds
[2025-04-23T15:14:06.379+0700] {processor.py:186} INFO - Started process (PID=372371) to work on /home/minhle/mlops/dags/model_training.py
[2025-04-23T15:14:06.380+0700] {processor.py:914} INFO - Processing file /home/minhle/mlops/dags/model_training.py for tasks to queue
[2025-04-23T15:14:06.380+0700] {logging_mixin.py:190} INFO - [2025-04-23T15:14:06.380+0700] {dagbag.py:588} INFO - Filling up the DagBag from /home/minhle/mlops/dags/model_training.py
[2025-04-23T15:14:07.916+0700] {processor.py:925} INFO - DAG(s) 'model_pipeline_v01' retrieved from /home/minhle/mlops/dags/model_training.py
[2025-04-23T15:14:07.924+0700] {logging_mixin.py:190} INFO - [2025-04-23T15:14:07.924+0700] {dag.py:3239} INFO - Sync 1 DAGs
[2025-04-23T15:14:07.931+0700] {logging_mixin.py:190} INFO - [2025-04-23T15:14:07.930+0700] {dag.py:4180} INFO - Setting next_dagrun for model_pipeline_v01 to 2025-04-23 00:00:00+00:00, run_after=2025-04-24 00:00:00+00:00
[2025-04-23T15:14:08.012+0700] {processor.py:208} INFO - Processing /home/minhle/mlops/dags/model_training.py took 1.636 seconds
[2025-04-23T15:14:38.185+0700] {processor.py:186} INFO - Started process (PID=372453) to work on /home/minhle/mlops/dags/model_training.py
[2025-04-23T15:14:38.186+0700] {processor.py:914} INFO - Processing file /home/minhle/mlops/dags/model_training.py for tasks to queue
[2025-04-23T15:14:38.187+0700] {logging_mixin.py:190} INFO - [2025-04-23T15:14:38.187+0700] {dagbag.py:588} INFO - Filling up the DagBag from /home/minhle/mlops/dags/model_training.py
[2025-04-23T15:14:39.756+0700] {processor.py:925} INFO - DAG(s) 'model_pipeline_v01' retrieved from /home/minhle/mlops/dags/model_training.py
[2025-04-23T15:14:39.763+0700] {logging_mixin.py:190} INFO - [2025-04-23T15:14:39.763+0700] {dag.py:3239} INFO - Sync 1 DAGs
[2025-04-23T15:14:39.770+0700] {logging_mixin.py:190} INFO - [2025-04-23T15:14:39.770+0700] {dag.py:4180} INFO - Setting next_dagrun for model_pipeline_v01 to 2025-04-23 00:00:00+00:00, run_after=2025-04-24 00:00:00+00:00
[2025-04-23T15:14:39.848+0700] {processor.py:208} INFO - Processing /home/minhle/mlops/dags/model_training.py took 1.668 seconds
[2025-04-23T15:15:09.964+0700] {processor.py:186} INFO - Started process (PID=372543) to work on /home/minhle/mlops/dags/model_training.py
[2025-04-23T15:15:09.964+0700] {processor.py:914} INFO - Processing file /home/minhle/mlops/dags/model_training.py for tasks to queue
[2025-04-23T15:15:09.965+0700] {logging_mixin.py:190} INFO - [2025-04-23T15:15:09.965+0700] {dagbag.py:588} INFO - Filling up the DagBag from /home/minhle/mlops/dags/model_training.py
[2025-04-23T15:15:11.513+0700] {processor.py:925} INFO - DAG(s) 'model_pipeline_v01' retrieved from /home/minhle/mlops/dags/model_training.py
[2025-04-23T15:15:11.529+0700] {logging_mixin.py:190} INFO - [2025-04-23T15:15:11.528+0700] {dag.py:3239} INFO - Sync 1 DAGs
[2025-04-23T15:15:11.535+0700] {logging_mixin.py:190} INFO - [2025-04-23T15:15:11.535+0700] {dag.py:4180} INFO - Setting next_dagrun for model_pipeline_v01 to 2025-04-23 00:00:00+00:00, run_after=2025-04-24 00:00:00+00:00
[2025-04-23T15:15:11.634+0700] {processor.py:208} INFO - Processing /home/minhle/mlops/dags/model_training.py took 1.677 seconds
[2025-04-23T15:15:41.747+0700] {processor.py:186} INFO - Started process (PID=372633) to work on /home/minhle/mlops/dags/model_training.py
[2025-04-23T15:15:41.747+0700] {processor.py:914} INFO - Processing file /home/minhle/mlops/dags/model_training.py for tasks to queue
[2025-04-23T15:15:41.748+0700] {logging_mixin.py:190} INFO - [2025-04-23T15:15:41.747+0700] {dagbag.py:588} INFO - Filling up the DagBag from /home/minhle/mlops/dags/model_training.py
[2025-04-23T15:15:43.297+0700] {processor.py:925} INFO - DAG(s) 'model_pipeline_v01' retrieved from /home/minhle/mlops/dags/model_training.py
[2025-04-23T15:15:43.304+0700] {logging_mixin.py:190} INFO - [2025-04-23T15:15:43.304+0700] {dag.py:3239} INFO - Sync 1 DAGs
[2025-04-23T15:15:43.310+0700] {logging_mixin.py:190} INFO - [2025-04-23T15:15:43.310+0700] {dag.py:4180} INFO - Setting next_dagrun for model_pipeline_v01 to 2025-04-23 00:00:00+00:00, run_after=2025-04-24 00:00:00+00:00
[2025-04-23T15:15:43.375+0700] {processor.py:208} INFO - Processing /home/minhle/mlops/dags/model_training.py took 1.634 seconds
[2025-04-23T15:16:13.508+0700] {processor.py:186} INFO - Started process (PID=372714) to work on /home/minhle/mlops/dags/model_training.py
[2025-04-23T15:16:13.534+0700] {processor.py:914} INFO - Processing file /home/minhle/mlops/dags/model_training.py for tasks to queue
[2025-04-23T15:16:13.538+0700] {logging_mixin.py:190} INFO - [2025-04-23T15:16:13.537+0700] {dagbag.py:588} INFO - Filling up the DagBag from /home/minhle/mlops/dags/model_training.py
[2025-04-23T15:16:15.069+0700] {processor.py:925} INFO - DAG(s) 'model_pipeline_v01' retrieved from /home/minhle/mlops/dags/model_training.py
[2025-04-23T15:16:15.077+0700] {logging_mixin.py:190} INFO - [2025-04-23T15:16:15.076+0700] {dag.py:3239} INFO - Sync 1 DAGs
[2025-04-23T15:16:15.084+0700] {logging_mixin.py:190} INFO - [2025-04-23T15:16:15.084+0700] {dag.py:4180} INFO - Setting next_dagrun for model_pipeline_v01 to 2025-04-23 00:00:00+00:00, run_after=2025-04-24 00:00:00+00:00
[2025-04-23T15:16:15.282+0700] {processor.py:208} INFO - Processing /home/minhle/mlops/dags/model_training.py took 1.778 seconds
[2025-04-23T15:16:45.388+0700] {processor.py:186} INFO - Started process (PID=372795) to work on /home/minhle/mlops/dags/model_training.py
[2025-04-23T15:16:45.388+0700] {processor.py:914} INFO - Processing file /home/minhle/mlops/dags/model_training.py for tasks to queue
[2025-04-23T15:16:45.389+0700] {logging_mixin.py:190} INFO - [2025-04-23T15:16:45.389+0700] {dagbag.py:588} INFO - Filling up the DagBag from /home/minhle/mlops/dags/model_training.py
[2025-04-23T15:16:46.902+0700] {processor.py:925} INFO - DAG(s) 'model_pipeline_v01' retrieved from /home/minhle/mlops/dags/model_training.py
[2025-04-23T15:16:46.910+0700] {logging_mixin.py:190} INFO - [2025-04-23T15:16:46.909+0700] {dag.py:3239} INFO - Sync 1 DAGs
[2025-04-23T15:16:46.917+0700] {logging_mixin.py:190} INFO - [2025-04-23T15:16:46.917+0700] {dag.py:4180} INFO - Setting next_dagrun for model_pipeline_v01 to 2025-04-23 00:00:00+00:00, run_after=2025-04-24 00:00:00+00:00
[2025-04-23T15:16:47.901+0700] {processor.py:208} INFO - Processing /home/minhle/mlops/dags/model_training.py took 2.519 seconds
[2025-04-23T15:17:18.078+0700] {processor.py:186} INFO - Started process (PID=372888) to work on /home/minhle/mlops/dags/model_training.py
[2025-04-23T15:17:18.079+0700] {processor.py:914} INFO - Processing file /home/minhle/mlops/dags/model_training.py for tasks to queue
[2025-04-23T15:17:18.079+0700] {logging_mixin.py:190} INFO - [2025-04-23T15:17:18.079+0700] {dagbag.py:588} INFO - Filling up the DagBag from /home/minhle/mlops/dags/model_training.py
[2025-04-23T15:17:19.616+0700] {processor.py:925} INFO - DAG(s) 'model_pipeline_v01' retrieved from /home/minhle/mlops/dags/model_training.py
[2025-04-23T15:17:19.624+0700] {logging_mixin.py:190} INFO - [2025-04-23T15:17:19.624+0700] {dag.py:3239} INFO - Sync 1 DAGs
[2025-04-23T15:17:19.631+0700] {logging_mixin.py:190} INFO - [2025-04-23T15:17:19.631+0700] {dag.py:4180} INFO - Setting next_dagrun for model_pipeline_v01 to 2025-04-23 00:00:00+00:00, run_after=2025-04-24 00:00:00+00:00
[2025-04-23T15:17:19.710+0700] {processor.py:208} INFO - Processing /home/minhle/mlops/dags/model_training.py took 1.640 seconds
[2025-04-23T15:17:49.857+0700] {processor.py:186} INFO - Started process (PID=372981) to work on /home/minhle/mlops/dags/model_training.py
[2025-04-23T15:17:49.858+0700] {processor.py:914} INFO - Processing file /home/minhle/mlops/dags/model_training.py for tasks to queue
[2025-04-23T15:17:49.859+0700] {logging_mixin.py:190} INFO - [2025-04-23T15:17:49.858+0700] {dagbag.py:588} INFO - Filling up the DagBag from /home/minhle/mlops/dags/model_training.py
[2025-04-23T15:17:51.401+0700] {processor.py:925} INFO - DAG(s) 'model_pipeline_v01' retrieved from /home/minhle/mlops/dags/model_training.py
[2025-04-23T15:17:51.408+0700] {logging_mixin.py:190} INFO - [2025-04-23T15:17:51.408+0700] {dag.py:3239} INFO - Sync 1 DAGs
[2025-04-23T15:17:51.415+0700] {logging_mixin.py:190} INFO - [2025-04-23T15:17:51.415+0700] {dag.py:4180} INFO - Setting next_dagrun for model_pipeline_v01 to 2025-04-23 00:00:00+00:00, run_after=2025-04-24 00:00:00+00:00
[2025-04-23T15:17:51.535+0700] {processor.py:208} INFO - Processing /home/minhle/mlops/dags/model_training.py took 1.681 seconds
[2025-04-23T15:18:21.640+0700] {processor.py:186} INFO - Started process (PID=373113) to work on /home/minhle/mlops/dags/model_training.py
[2025-04-23T15:18:21.649+0700] {processor.py:914} INFO - Processing file /home/minhle/mlops/dags/model_training.py for tasks to queue
[2025-04-23T15:18:21.651+0700] {logging_mixin.py:190} INFO - [2025-04-23T15:18:21.650+0700] {dagbag.py:588} INFO - Filling up the DagBag from /home/minhle/mlops/dags/model_training.py
[2025-04-23T15:18:23.239+0700] {processor.py:925} INFO - DAG(s) 'model_pipeline_v01' retrieved from /home/minhle/mlops/dags/model_training.py
[2025-04-23T15:18:23.247+0700] {logging_mixin.py:190} INFO - [2025-04-23T15:18:23.247+0700] {dag.py:3239} INFO - Sync 1 DAGs
[2025-04-23T15:18:23.253+0700] {logging_mixin.py:190} INFO - [2025-04-23T15:18:23.253+0700] {dag.py:4180} INFO - Setting next_dagrun for model_pipeline_v01 to 2025-04-23 00:00:00+00:00, run_after=2025-04-24 00:00:00+00:00
[2025-04-23T15:18:23.365+0700] {processor.py:208} INFO - Processing /home/minhle/mlops/dags/model_training.py took 1.733 seconds
[2025-04-23T15:18:53.538+0700] {processor.py:186} INFO - Started process (PID=373194) to work on /home/minhle/mlops/dags/model_training.py
[2025-04-23T15:18:53.538+0700] {processor.py:914} INFO - Processing file /home/minhle/mlops/dags/model_training.py for tasks to queue
[2025-04-23T15:18:53.539+0700] {logging_mixin.py:190} INFO - [2025-04-23T15:18:53.538+0700] {dagbag.py:588} INFO - Filling up the DagBag from /home/minhle/mlops/dags/model_training.py
[2025-04-23T15:18:55.157+0700] {processor.py:925} INFO - DAG(s) 'model_pipeline_v01' retrieved from /home/minhle/mlops/dags/model_training.py
[2025-04-23T15:18:55.164+0700] {logging_mixin.py:190} INFO - [2025-04-23T15:18:55.164+0700] {dag.py:3239} INFO - Sync 1 DAGs
[2025-04-23T15:18:55.170+0700] {logging_mixin.py:190} INFO - [2025-04-23T15:18:55.170+0700] {dag.py:4180} INFO - Setting next_dagrun for model_pipeline_v01 to 2025-04-23 00:00:00+00:00, run_after=2025-04-24 00:00:00+00:00
[2025-04-23T15:18:55.317+0700] {processor.py:208} INFO - Processing /home/minhle/mlops/dags/model_training.py took 1.785 seconds
[2025-04-23T15:19:25.432+0700] {processor.py:186} INFO - Started process (PID=373348) to work on /home/minhle/mlops/dags/model_training.py
[2025-04-23T15:19:25.451+0700] {processor.py:914} INFO - Processing file /home/minhle/mlops/dags/model_training.py for tasks to queue
[2025-04-23T15:19:25.454+0700] {logging_mixin.py:190} INFO - [2025-04-23T15:19:25.453+0700] {dagbag.py:588} INFO - Filling up the DagBag from /home/minhle/mlops/dags/model_training.py
[2025-04-23T15:19:27.122+0700] {processor.py:925} INFO - DAG(s) 'model_pipeline_v01' retrieved from /home/minhle/mlops/dags/model_training.py
[2025-04-23T15:19:27.130+0700] {logging_mixin.py:190} INFO - [2025-04-23T15:19:27.130+0700] {dag.py:3239} INFO - Sync 1 DAGs
[2025-04-23T15:19:27.137+0700] {logging_mixin.py:190} INFO - [2025-04-23T15:19:27.137+0700] {dag.py:4180} INFO - Setting next_dagrun for model_pipeline_v01 to 2025-04-23 00:00:00+00:00, run_after=2025-04-24 00:00:00+00:00
[2025-04-23T15:19:27.233+0700] {processor.py:208} INFO - Processing /home/minhle/mlops/dags/model_training.py took 1.810 seconds
[2025-04-23T15:19:57.434+0700] {processor.py:186} INFO - Started process (PID=373428) to work on /home/minhle/mlops/dags/model_training.py
[2025-04-23T15:19:57.435+0700] {processor.py:914} INFO - Processing file /home/minhle/mlops/dags/model_training.py for tasks to queue
[2025-04-23T15:19:57.435+0700] {logging_mixin.py:190} INFO - [2025-04-23T15:19:57.435+0700] {dagbag.py:588} INFO - Filling up the DagBag from /home/minhle/mlops/dags/model_training.py
[2025-04-23T15:19:59.047+0700] {processor.py:925} INFO - DAG(s) 'model_pipeline_v01' retrieved from /home/minhle/mlops/dags/model_training.py
[2025-04-23T15:19:59.054+0700] {logging_mixin.py:190} INFO - [2025-04-23T15:19:59.054+0700] {dag.py:3239} INFO - Sync 1 DAGs
[2025-04-23T15:19:59.061+0700] {logging_mixin.py:190} INFO - [2025-04-23T15:19:59.061+0700] {dag.py:4180} INFO - Setting next_dagrun for model_pipeline_v01 to 2025-04-23 00:00:00+00:00, run_after=2025-04-24 00:00:00+00:00
[2025-04-23T15:19:59.128+0700] {processor.py:208} INFO - Processing /home/minhle/mlops/dags/model_training.py took 1.698 seconds
[2025-04-23T15:20:29.261+0700] {processor.py:186} INFO - Started process (PID=373509) to work on /home/minhle/mlops/dags/model_training.py
[2025-04-23T15:20:29.262+0700] {processor.py:914} INFO - Processing file /home/minhle/mlops/dags/model_training.py for tasks to queue
[2025-04-23T15:20:29.263+0700] {logging_mixin.py:190} INFO - [2025-04-23T15:20:29.263+0700] {dagbag.py:588} INFO - Filling up the DagBag from /home/minhle/mlops/dags/model_training.py
[2025-04-23T15:20:30.836+0700] {processor.py:925} INFO - DAG(s) 'model_pipeline_v01' retrieved from /home/minhle/mlops/dags/model_training.py
[2025-04-23T15:20:30.844+0700] {logging_mixin.py:190} INFO - [2025-04-23T15:20:30.843+0700] {dag.py:3239} INFO - Sync 1 DAGs
[2025-04-23T15:20:30.850+0700] {logging_mixin.py:190} INFO - [2025-04-23T15:20:30.850+0700] {dag.py:4180} INFO - Setting next_dagrun for model_pipeline_v01 to 2025-04-23 00:00:00+00:00, run_after=2025-04-24 00:00:00+00:00
[2025-04-23T15:20:30.916+0700] {processor.py:208} INFO - Processing /home/minhle/mlops/dags/model_training.py took 1.665 seconds
[2025-04-23T15:21:01.044+0700] {processor.py:186} INFO - Started process (PID=373589) to work on /home/minhle/mlops/dags/model_training.py
[2025-04-23T15:21:01.068+0700] {processor.py:914} INFO - Processing file /home/minhle/mlops/dags/model_training.py for tasks to queue
[2025-04-23T15:21:01.071+0700] {logging_mixin.py:190} INFO - [2025-04-23T15:21:01.070+0700] {dagbag.py:588} INFO - Filling up the DagBag from /home/minhle/mlops/dags/model_training.py
[2025-04-23T15:21:02.722+0700] {processor.py:925} INFO - DAG(s) 'model_pipeline_v01' retrieved from /home/minhle/mlops/dags/model_training.py
[2025-04-23T15:21:02.730+0700] {logging_mixin.py:190} INFO - [2025-04-23T15:21:02.730+0700] {dag.py:3239} INFO - Sync 1 DAGs
[2025-04-23T15:21:02.737+0700] {logging_mixin.py:190} INFO - [2025-04-23T15:21:02.737+0700] {dag.py:4180} INFO - Setting next_dagrun for model_pipeline_v01 to 2025-04-23 00:00:00+00:00, run_after=2025-04-24 00:00:00+00:00
[2025-04-23T15:21:02.800+0700] {processor.py:208} INFO - Processing /home/minhle/mlops/dags/model_training.py took 1.765 seconds
[2025-04-23T15:21:32.956+0700] {processor.py:186} INFO - Started process (PID=373698) to work on /home/minhle/mlops/dags/model_training.py
[2025-04-23T15:21:32.957+0700] {processor.py:914} INFO - Processing file /home/minhle/mlops/dags/model_training.py for tasks to queue
[2025-04-23T15:21:32.960+0700] {logging_mixin.py:190} INFO - [2025-04-23T15:21:32.959+0700] {dagbag.py:588} INFO - Filling up the DagBag from /home/minhle/mlops/dags/model_training.py
[2025-04-23T15:21:34.555+0700] {processor.py:925} INFO - DAG(s) 'model_pipeline_v01' retrieved from /home/minhle/mlops/dags/model_training.py
[2025-04-23T15:21:34.562+0700] {logging_mixin.py:190} INFO - [2025-04-23T15:21:34.562+0700] {dag.py:3239} INFO - Sync 1 DAGs
[2025-04-23T15:21:34.569+0700] {logging_mixin.py:190} INFO - [2025-04-23T15:21:34.569+0700] {dag.py:4180} INFO - Setting next_dagrun for model_pipeline_v01 to 2025-04-23 00:00:00+00:00, run_after=2025-04-24 00:00:00+00:00
[2025-04-23T15:21:34.634+0700] {processor.py:208} INFO - Processing /home/minhle/mlops/dags/model_training.py took 1.688 seconds
[2025-04-23T15:22:04.699+0700] {processor.py:186} INFO - Started process (PID=373828) to work on /home/minhle/mlops/dags/model_training.py
[2025-04-23T15:22:04.727+0700] {processor.py:914} INFO - Processing file /home/minhle/mlops/dags/model_training.py for tasks to queue
[2025-04-23T15:22:04.730+0700] {logging_mixin.py:190} INFO - [2025-04-23T15:22:04.729+0700] {dagbag.py:588} INFO - Filling up the DagBag from /home/minhle/mlops/dags/model_training.py
[2025-04-23T15:22:06.403+0700] {processor.py:925} INFO - DAG(s) 'model_pipeline_v01' retrieved from /home/minhle/mlops/dags/model_training.py
[2025-04-23T15:22:06.410+0700] {logging_mixin.py:190} INFO - [2025-04-23T15:22:06.410+0700] {dag.py:3239} INFO - Sync 1 DAGs
[2025-04-23T15:22:06.417+0700] {logging_mixin.py:190} INFO - [2025-04-23T15:22:06.417+0700] {dag.py:4180} INFO - Setting next_dagrun for model_pipeline_v01 to 2025-04-23 00:00:00+00:00, run_after=2025-04-24 00:00:00+00:00
[2025-04-23T15:22:06.487+0700] {processor.py:208} INFO - Processing /home/minhle/mlops/dags/model_training.py took 1.794 seconds
[2025-04-23T15:22:36.588+0700] {processor.py:186} INFO - Started process (PID=373909) to work on /home/minhle/mlops/dags/model_training.py
[2025-04-23T15:22:36.588+0700] {processor.py:914} INFO - Processing file /home/minhle/mlops/dags/model_training.py for tasks to queue
[2025-04-23T15:22:36.589+0700] {logging_mixin.py:190} INFO - [2025-04-23T15:22:36.589+0700] {dagbag.py:588} INFO - Filling up the DagBag from /home/minhle/mlops/dags/model_training.py
[2025-04-23T15:22:38.273+0700] {processor.py:925} INFO - DAG(s) 'model_pipeline_v01' retrieved from /home/minhle/mlops/dags/model_training.py
[2025-04-23T15:22:38.280+0700] {logging_mixin.py:190} INFO - [2025-04-23T15:22:38.280+0700] {dag.py:3239} INFO - Sync 1 DAGs
[2025-04-23T15:22:38.287+0700] {logging_mixin.py:190} INFO - [2025-04-23T15:22:38.287+0700] {dag.py:4180} INFO - Setting next_dagrun for model_pipeline_v01 to 2025-04-23 00:00:00+00:00, run_after=2025-04-24 00:00:00+00:00
[2025-04-23T15:22:38.372+0700] {processor.py:208} INFO - Processing /home/minhle/mlops/dags/model_training.py took 1.787 seconds
[2025-04-23T15:23:08.480+0700] {processor.py:186} INFO - Started process (PID=373989) to work on /home/minhle/mlops/dags/model_training.py
[2025-04-23T15:23:08.484+0700] {processor.py:914} INFO - Processing file /home/minhle/mlops/dags/model_training.py for tasks to queue
[2025-04-23T15:23:08.486+0700] {logging_mixin.py:190} INFO - [2025-04-23T15:23:08.485+0700] {dagbag.py:588} INFO - Filling up the DagBag from /home/minhle/mlops/dags/model_training.py
[2025-04-23T15:23:10.055+0700] {processor.py:925} INFO - DAG(s) 'model_pipeline_v01' retrieved from /home/minhle/mlops/dags/model_training.py
[2025-04-23T15:23:10.062+0700] {logging_mixin.py:190} INFO - [2025-04-23T15:23:10.062+0700] {dag.py:3239} INFO - Sync 1 DAGs
[2025-04-23T15:23:10.070+0700] {logging_mixin.py:190} INFO - [2025-04-23T15:23:10.069+0700] {dag.py:4180} INFO - Setting next_dagrun for model_pipeline_v01 to 2025-04-23 00:00:00+00:00, run_after=2025-04-24 00:00:00+00:00
[2025-04-23T15:23:10.144+0700] {processor.py:208} INFO - Processing /home/minhle/mlops/dags/model_training.py took 1.669 seconds
[2025-04-23T15:23:40.244+0700] {processor.py:186} INFO - Started process (PID=374069) to work on /home/minhle/mlops/dags/model_training.py
[2025-04-23T15:23:40.245+0700] {processor.py:914} INFO - Processing file /home/minhle/mlops/dags/model_training.py for tasks to queue
[2025-04-23T15:23:40.247+0700] {logging_mixin.py:190} INFO - [2025-04-23T15:23:40.246+0700] {dagbag.py:588} INFO - Filling up the DagBag from /home/minhle/mlops/dags/model_training.py
[2025-04-23T15:23:41.777+0700] {processor.py:925} INFO - DAG(s) 'model_pipeline_v01' retrieved from /home/minhle/mlops/dags/model_training.py
[2025-04-23T15:23:41.785+0700] {logging_mixin.py:190} INFO - [2025-04-23T15:23:41.785+0700] {dag.py:3239} INFO - Sync 1 DAGs
[2025-04-23T15:23:41.791+0700] {logging_mixin.py:190} INFO - [2025-04-23T15:23:41.791+0700] {dag.py:4180} INFO - Setting next_dagrun for model_pipeline_v01 to 2025-04-23 00:00:00+00:00, run_after=2025-04-24 00:00:00+00:00
[2025-04-23T15:23:41.987+0700] {processor.py:208} INFO - Processing /home/minhle/mlops/dags/model_training.py took 1.753 seconds
[2025-04-23T15:24:12.114+0700] {processor.py:186} INFO - Started process (PID=374188) to work on /home/minhle/mlops/dags/model_training.py
[2025-04-23T15:24:12.121+0700] {processor.py:914} INFO - Processing file /home/minhle/mlops/dags/model_training.py for tasks to queue
[2025-04-23T15:24:12.122+0700] {logging_mixin.py:190} INFO - [2025-04-23T15:24:12.121+0700] {dagbag.py:588} INFO - Filling up the DagBag from /home/minhle/mlops/dags/model_training.py
[2025-04-23T15:24:13.639+0700] {processor.py:925} INFO - DAG(s) 'model_pipeline_v01' retrieved from /home/minhle/mlops/dags/model_training.py
[2025-04-23T15:24:13.646+0700] {logging_mixin.py:190} INFO - [2025-04-23T15:24:13.646+0700] {dag.py:3239} INFO - Sync 1 DAGs
[2025-04-23T15:24:13.653+0700] {logging_mixin.py:190} INFO - [2025-04-23T15:24:13.653+0700] {dag.py:4180} INFO - Setting next_dagrun for model_pipeline_v01 to 2025-04-23 00:00:00+00:00, run_after=2025-04-24 00:00:00+00:00
[2025-04-23T15:24:13.740+0700] {processor.py:208} INFO - Processing /home/minhle/mlops/dags/model_training.py took 1.629 seconds
[2025-04-23T15:24:43.892+0700] {processor.py:186} INFO - Started process (PID=374297) to work on /home/minhle/mlops/dags/model_training.py
[2025-04-23T15:24:43.893+0700] {processor.py:914} INFO - Processing file /home/minhle/mlops/dags/model_training.py for tasks to queue
[2025-04-23T15:24:43.893+0700] {logging_mixin.py:190} INFO - [2025-04-23T15:24:43.893+0700] {dagbag.py:588} INFO - Filling up the DagBag from /home/minhle/mlops/dags/model_training.py
[2025-04-23T15:24:45.420+0700] {processor.py:925} INFO - DAG(s) 'model_pipeline_v01' retrieved from /home/minhle/mlops/dags/model_training.py
[2025-04-23T15:24:45.427+0700] {logging_mixin.py:190} INFO - [2025-04-23T15:24:45.427+0700] {dag.py:3239} INFO - Sync 1 DAGs
[2025-04-23T15:24:45.433+0700] {logging_mixin.py:190} INFO - [2025-04-23T15:24:45.433+0700] {dag.py:4180} INFO - Setting next_dagrun for model_pipeline_v01 to 2025-04-23 00:00:00+00:00, run_after=2025-04-24 00:00:00+00:00
[2025-04-23T15:24:45.492+0700] {processor.py:208} INFO - Processing /home/minhle/mlops/dags/model_training.py took 1.604 seconds
[2025-04-23T15:25:15.669+0700] {processor.py:186} INFO - Started process (PID=374382) to work on /home/minhle/mlops/dags/model_training.py
[2025-04-23T15:25:15.670+0700] {processor.py:914} INFO - Processing file /home/minhle/mlops/dags/model_training.py for tasks to queue
[2025-04-23T15:25:15.671+0700] {logging_mixin.py:190} INFO - [2025-04-23T15:25:15.670+0700] {dagbag.py:588} INFO - Filling up the DagBag from /home/minhle/mlops/dags/model_training.py
[2025-04-23T15:25:17.203+0700] {processor.py:925} INFO - DAG(s) 'model_pipeline_v01' retrieved from /home/minhle/mlops/dags/model_training.py
[2025-04-23T15:25:17.210+0700] {logging_mixin.py:190} INFO - [2025-04-23T15:25:17.210+0700] {dag.py:3239} INFO - Sync 1 DAGs
[2025-04-23T15:25:17.217+0700] {logging_mixin.py:190} INFO - [2025-04-23T15:25:17.217+0700] {dag.py:4180} INFO - Setting next_dagrun for model_pipeline_v01 to 2025-04-23 00:00:00+00:00, run_after=2025-04-24 00:00:00+00:00
[2025-04-23T15:25:17.306+0700] {processor.py:208} INFO - Processing /home/minhle/mlops/dags/model_training.py took 1.642 seconds
[2025-04-23T15:25:47.447+0700] {processor.py:186} INFO - Started process (PID=374506) to work on /home/minhle/mlops/dags/model_training.py
[2025-04-23T15:25:47.455+0700] {processor.py:914} INFO - Processing file /home/minhle/mlops/dags/model_training.py for tasks to queue
[2025-04-23T15:25:47.457+0700] {logging_mixin.py:190} INFO - [2025-04-23T15:25:47.457+0700] {dagbag.py:588} INFO - Filling up the DagBag from /home/minhle/mlops/dags/model_training.py
[2025-04-23T15:25:49.090+0700] {processor.py:925} INFO - DAG(s) 'model_pipeline_v01' retrieved from /home/minhle/mlops/dags/model_training.py
[2025-04-23T15:25:49.097+0700] {logging_mixin.py:190} INFO - [2025-04-23T15:25:49.097+0700] {dag.py:3239} INFO - Sync 1 DAGs
[2025-04-23T15:25:49.105+0700] {logging_mixin.py:190} INFO - [2025-04-23T15:25:49.105+0700] {dag.py:4180} INFO - Setting next_dagrun for model_pipeline_v01 to 2025-04-23 00:00:00+00:00, run_after=2025-04-24 00:00:00+00:00
[2025-04-23T15:25:49.164+0700] {processor.py:208} INFO - Processing /home/minhle/mlops/dags/model_training.py took 1.722 seconds
[2025-04-23T15:26:19.316+0700] {processor.py:186} INFO - Started process (PID=374587) to work on /home/minhle/mlops/dags/model_training.py
[2025-04-23T15:26:19.317+0700] {processor.py:914} INFO - Processing file /home/minhle/mlops/dags/model_training.py for tasks to queue
[2025-04-23T15:26:19.318+0700] {logging_mixin.py:190} INFO - [2025-04-23T15:26:19.317+0700] {dagbag.py:588} INFO - Filling up the DagBag from /home/minhle/mlops/dags/model_training.py
[2025-04-23T15:26:20.835+0700] {processor.py:925} INFO - DAG(s) 'model_pipeline_v01' retrieved from /home/minhle/mlops/dags/model_training.py
[2025-04-23T15:26:20.842+0700] {logging_mixin.py:190} INFO - [2025-04-23T15:26:20.842+0700] {dag.py:3239} INFO - Sync 1 DAGs
[2025-04-23T15:26:20.849+0700] {logging_mixin.py:190} INFO - [2025-04-23T15:26:20.849+0700] {dag.py:4180} INFO - Setting next_dagrun for model_pipeline_v01 to 2025-04-23 00:00:00+00:00, run_after=2025-04-24 00:00:00+00:00
[2025-04-23T15:26:20.910+0700] {processor.py:208} INFO - Processing /home/minhle/mlops/dags/model_training.py took 1.601 seconds
[2025-04-23T15:26:51.064+0700] {processor.py:186} INFO - Started process (PID=374667) to work on /home/minhle/mlops/dags/model_training.py
[2025-04-23T15:26:51.073+0700] {processor.py:914} INFO - Processing file /home/minhle/mlops/dags/model_training.py for tasks to queue
[2025-04-23T15:26:51.075+0700] {logging_mixin.py:190} INFO - [2025-04-23T15:26:51.074+0700] {dagbag.py:588} INFO - Filling up the DagBag from /home/minhle/mlops/dags/model_training.py
[2025-04-23T15:26:52.593+0700] {processor.py:925} INFO - DAG(s) 'model_pipeline_v01' retrieved from /home/minhle/mlops/dags/model_training.py
[2025-04-23T15:26:52.600+0700] {logging_mixin.py:190} INFO - [2025-04-23T15:26:52.600+0700] {dag.py:3239} INFO - Sync 1 DAGs
[2025-04-23T15:26:52.607+0700] {logging_mixin.py:190} INFO - [2025-04-23T15:26:52.607+0700] {dag.py:4180} INFO - Setting next_dagrun for model_pipeline_v01 to 2025-04-23 00:00:00+00:00, run_after=2025-04-24 00:00:00+00:00
[2025-04-23T15:26:52.691+0700] {processor.py:208} INFO - Processing /home/minhle/mlops/dags/model_training.py took 1.633 seconds
[2025-04-23T15:27:22.846+0700] {processor.py:186} INFO - Started process (PID=374747) to work on /home/minhle/mlops/dags/model_training.py
[2025-04-23T15:27:22.846+0700] {processor.py:914} INFO - Processing file /home/minhle/mlops/dags/model_training.py for tasks to queue
[2025-04-23T15:27:22.847+0700] {logging_mixin.py:190} INFO - [2025-04-23T15:27:22.846+0700] {dagbag.py:588} INFO - Filling up the DagBag from /home/minhle/mlops/dags/model_training.py
[2025-04-23T15:27:24.355+0700] {processor.py:925} INFO - DAG(s) 'model_pipeline_v01' retrieved from /home/minhle/mlops/dags/model_training.py
[2025-04-23T15:27:24.365+0700] {logging_mixin.py:190} INFO - [2025-04-23T15:27:24.365+0700] {dag.py:3239} INFO - Sync 1 DAGs
[2025-04-23T15:27:24.371+0700] {logging_mixin.py:190} INFO - [2025-04-23T15:27:24.371+0700] {dag.py:4180} INFO - Setting next_dagrun for model_pipeline_v01 to 2025-04-23 00:00:00+00:00, run_after=2025-04-24 00:00:00+00:00
[2025-04-23T15:27:24.443+0700] {processor.py:208} INFO - Processing /home/minhle/mlops/dags/model_training.py took 1.604 seconds
[2025-04-23T15:27:54.630+0700] {processor.py:186} INFO - Started process (PID=374827) to work on /home/minhle/mlops/dags/model_training.py
[2025-04-23T15:27:54.630+0700] {processor.py:914} INFO - Processing file /home/minhle/mlops/dags/model_training.py for tasks to queue
[2025-04-23T15:27:54.631+0700] {logging_mixin.py:190} INFO - [2025-04-23T15:27:54.631+0700] {dagbag.py:588} INFO - Filling up the DagBag from /home/minhle/mlops/dags/model_training.py
[2025-04-23T15:27:56.148+0700] {processor.py:925} INFO - DAG(s) 'model_pipeline_v01' retrieved from /home/minhle/mlops/dags/model_training.py
[2025-04-23T15:27:56.155+0700] {logging_mixin.py:190} INFO - [2025-04-23T15:27:56.155+0700] {dag.py:3239} INFO - Sync 1 DAGs
[2025-04-23T15:27:56.162+0700] {logging_mixin.py:190} INFO - [2025-04-23T15:27:56.162+0700] {dag.py:4180} INFO - Setting next_dagrun for model_pipeline_v01 to 2025-04-23 00:00:00+00:00, run_after=2025-04-24 00:00:00+00:00
[2025-04-23T15:27:56.280+0700] {processor.py:208} INFO - Processing /home/minhle/mlops/dags/model_training.py took 1.655 seconds
[2025-04-23T15:28:26.392+0700] {processor.py:186} INFO - Started process (PID=374972) to work on /home/minhle/mlops/dags/model_training.py
[2025-04-23T15:28:26.475+0700] {processor.py:914} INFO - Processing file /home/minhle/mlops/dags/model_training.py for tasks to queue
[2025-04-23T15:28:26.478+0700] {logging_mixin.py:190} INFO - [2025-04-23T15:28:26.477+0700] {dagbag.py:588} INFO - Filling up the DagBag from /home/minhle/mlops/dags/model_training.py
[2025-04-23T15:28:28.002+0700] {processor.py:925} INFO - DAG(s) 'model_pipeline_v01' retrieved from /home/minhle/mlops/dags/model_training.py
[2025-04-23T15:28:28.009+0700] {logging_mixin.py:190} INFO - [2025-04-23T15:28:28.009+0700] {dag.py:3239} INFO - Sync 1 DAGs
[2025-04-23T15:28:28.016+0700] {logging_mixin.py:190} INFO - [2025-04-23T15:28:28.016+0700] {dag.py:4180} INFO - Setting next_dagrun for model_pipeline_v01 to 2025-04-23 00:00:00+00:00, run_after=2025-04-24 00:00:00+00:00
[2025-04-23T15:28:28.143+0700] {processor.py:208} INFO - Processing /home/minhle/mlops/dags/model_training.py took 1.758 seconds
[2025-04-23T15:28:58.275+0700] {processor.py:186} INFO - Started process (PID=375052) to work on /home/minhle/mlops/dags/model_training.py
[2025-04-23T15:28:58.275+0700] {processor.py:914} INFO - Processing file /home/minhle/mlops/dags/model_training.py for tasks to queue
[2025-04-23T15:28:58.276+0700] {logging_mixin.py:190} INFO - [2025-04-23T15:28:58.276+0700] {dagbag.py:588} INFO - Filling up the DagBag from /home/minhle/mlops/dags/model_training.py
[2025-04-23T15:28:59.804+0700] {processor.py:925} INFO - DAG(s) 'model_pipeline_v01' retrieved from /home/minhle/mlops/dags/model_training.py
[2025-04-23T15:28:59.811+0700] {logging_mixin.py:190} INFO - [2025-04-23T15:28:59.811+0700] {dag.py:3239} INFO - Sync 1 DAGs
[2025-04-23T15:28:59.818+0700] {logging_mixin.py:190} INFO - [2025-04-23T15:28:59.818+0700] {dag.py:4180} INFO - Setting next_dagrun for model_pipeline_v01 to 2025-04-23 00:00:00+00:00, run_after=2025-04-24 00:00:00+00:00
[2025-04-23T15:28:59.910+0700] {processor.py:208} INFO - Processing /home/minhle/mlops/dags/model_training.py took 1.641 seconds
[2025-04-23T15:29:30.059+0700] {processor.py:186} INFO - Started process (PID=375161) to work on /home/minhle/mlops/dags/model_training.py
[2025-04-23T15:29:30.067+0700] {processor.py:914} INFO - Processing file /home/minhle/mlops/dags/model_training.py for tasks to queue
[2025-04-23T15:29:30.068+0700] {logging_mixin.py:190} INFO - [2025-04-23T15:29:30.068+0700] {dagbag.py:588} INFO - Filling up the DagBag from /home/minhle/mlops/dags/model_training.py
[2025-04-23T15:29:31.581+0700] {processor.py:925} INFO - DAG(s) 'model_pipeline_v01' retrieved from /home/minhle/mlops/dags/model_training.py
[2025-04-23T15:29:31.588+0700] {logging_mixin.py:190} INFO - [2025-04-23T15:29:31.588+0700] {dag.py:3239} INFO - Sync 1 DAGs
[2025-04-23T15:29:31.595+0700] {logging_mixin.py:190} INFO - [2025-04-23T15:29:31.595+0700] {dag.py:4180} INFO - Setting next_dagrun for model_pipeline_v01 to 2025-04-23 00:00:00+00:00, run_after=2025-04-24 00:00:00+00:00
[2025-04-23T15:29:31.657+0700] {processor.py:208} INFO - Processing /home/minhle/mlops/dags/model_training.py took 1.605 seconds
[2025-04-23T15:30:01.851+0700] {processor.py:186} INFO - Started process (PID=375285) to work on /home/minhle/mlops/dags/model_training.py
[2025-04-23T15:30:01.852+0700] {processor.py:914} INFO - Processing file /home/minhle/mlops/dags/model_training.py for tasks to queue
[2025-04-23T15:30:01.855+0700] {logging_mixin.py:190} INFO - [2025-04-23T15:30:01.854+0700] {dagbag.py:588} INFO - Filling up the DagBag from /home/minhle/mlops/dags/model_training.py
[2025-04-23T15:30:03.412+0700] {processor.py:925} INFO - DAG(s) 'model_pipeline_v01' retrieved from /home/minhle/mlops/dags/model_training.py
[2025-04-23T15:30:03.423+0700] {logging_mixin.py:190} INFO - [2025-04-23T15:30:03.423+0700] {dag.py:3239} INFO - Sync 1 DAGs
[2025-04-23T15:30:03.430+0700] {logging_mixin.py:190} INFO - [2025-04-23T15:30:03.430+0700] {dag.py:4180} INFO - Setting next_dagrun for model_pipeline_v01 to 2025-04-23 00:00:00+00:00, run_after=2025-04-24 00:00:00+00:00
[2025-04-23T15:30:03.498+0700] {processor.py:208} INFO - Processing /home/minhle/mlops/dags/model_training.py took 1.656 seconds
[2025-04-23T15:30:33.628+0700] {processor.py:186} INFO - Started process (PID=375368) to work on /home/minhle/mlops/dags/model_training.py
[2025-04-23T15:30:33.629+0700] {processor.py:914} INFO - Processing file /home/minhle/mlops/dags/model_training.py for tasks to queue
[2025-04-23T15:30:33.629+0700] {logging_mixin.py:190} INFO - [2025-04-23T15:30:33.629+0700] {dagbag.py:588} INFO - Filling up the DagBag from /home/minhle/mlops/dags/model_training.py
[2025-04-23T15:30:35.169+0700] {processor.py:925} INFO - DAG(s) 'model_pipeline_v01' retrieved from /home/minhle/mlops/dags/model_training.py
[2025-04-23T15:30:35.176+0700] {logging_mixin.py:190} INFO - [2025-04-23T15:30:35.176+0700] {dag.py:3239} INFO - Sync 1 DAGs
[2025-04-23T15:30:35.183+0700] {logging_mixin.py:190} INFO - [2025-04-23T15:30:35.183+0700] {dag.py:4180} INFO - Setting next_dagrun for model_pipeline_v01 to 2025-04-23 00:00:00+00:00, run_after=2025-04-24 00:00:00+00:00
[2025-04-23T15:30:35.252+0700] {processor.py:208} INFO - Processing /home/minhle/mlops/dags/model_training.py took 1.629 seconds
[2025-04-23T15:31:05.432+0700] {processor.py:186} INFO - Started process (PID=375449) to work on /home/minhle/mlops/dags/model_training.py
[2025-04-23T15:31:05.441+0700] {processor.py:914} INFO - Processing file /home/minhle/mlops/dags/model_training.py for tasks to queue
[2025-04-23T15:31:05.444+0700] {logging_mixin.py:190} INFO - [2025-04-23T15:31:05.443+0700] {dagbag.py:588} INFO - Filling up the DagBag from /home/minhle/mlops/dags/model_training.py
[2025-04-23T15:31:07.003+0700] {processor.py:925} INFO - DAG(s) 'model_pipeline_v01' retrieved from /home/minhle/mlops/dags/model_training.py
[2025-04-23T15:31:07.010+0700] {logging_mixin.py:190} INFO - [2025-04-23T15:31:07.010+0700] {dag.py:3239} INFO - Sync 1 DAGs
[2025-04-23T15:31:07.017+0700] {logging_mixin.py:190} INFO - [2025-04-23T15:31:07.017+0700] {dag.py:4180} INFO - Setting next_dagrun for model_pipeline_v01 to 2025-04-23 00:00:00+00:00, run_after=2025-04-24 00:00:00+00:00
[2025-04-23T15:31:07.109+0700] {processor.py:208} INFO - Processing /home/minhle/mlops/dags/model_training.py took 1.682 seconds
[2025-04-23T15:31:37.211+0700] {processor.py:186} INFO - Started process (PID=375544) to work on /home/minhle/mlops/dags/model_training.py
[2025-04-23T15:31:37.212+0700] {processor.py:914} INFO - Processing file /home/minhle/mlops/dags/model_training.py for tasks to queue
[2025-04-23T15:31:37.213+0700] {logging_mixin.py:190} INFO - [2025-04-23T15:31:37.212+0700] {dagbag.py:588} INFO - Filling up the DagBag from /home/minhle/mlops/dags/model_training.py
[2025-04-23T15:31:38.739+0700] {processor.py:925} INFO - DAG(s) 'model_pipeline_v01' retrieved from /home/minhle/mlops/dags/model_training.py
[2025-04-23T15:31:38.747+0700] {logging_mixin.py:190} INFO - [2025-04-23T15:31:38.746+0700] {dag.py:3239} INFO - Sync 1 DAGs
[2025-04-23T15:31:38.753+0700] {logging_mixin.py:190} INFO - [2025-04-23T15:31:38.753+0700] {dag.py:4180} INFO - Setting next_dagrun for model_pipeline_v01 to 2025-04-23 00:00:00+00:00, run_after=2025-04-24 00:00:00+00:00
[2025-04-23T15:31:38.820+0700] {processor.py:208} INFO - Processing /home/minhle/mlops/dags/model_training.py took 1.616 seconds
[2025-04-23T15:32:09.010+0700] {processor.py:186} INFO - Started process (PID=375624) to work on /home/minhle/mlops/dags/model_training.py
[2025-04-23T15:32:09.019+0700] {processor.py:914} INFO - Processing file /home/minhle/mlops/dags/model_training.py for tasks to queue
[2025-04-23T15:32:09.021+0700] {logging_mixin.py:190} INFO - [2025-04-23T15:32:09.021+0700] {dagbag.py:588} INFO - Filling up the DagBag from /home/minhle/mlops/dags/model_training.py
[2025-04-23T15:32:10.565+0700] {processor.py:925} INFO - DAG(s) 'model_pipeline_v01' retrieved from /home/minhle/mlops/dags/model_training.py
[2025-04-23T15:32:10.572+0700] {logging_mixin.py:190} INFO - [2025-04-23T15:32:10.572+0700] {dag.py:3239} INFO - Sync 1 DAGs
[2025-04-23T15:32:10.580+0700] {logging_mixin.py:190} INFO - [2025-04-23T15:32:10.580+0700] {dag.py:4180} INFO - Setting next_dagrun for model_pipeline_v01 to 2025-04-23 00:00:00+00:00, run_after=2025-04-24 00:00:00+00:00
[2025-04-23T15:32:10.766+0700] {processor.py:208} INFO - Processing /home/minhle/mlops/dags/model_training.py took 1.766 seconds
[2025-04-23T15:32:40.890+0700] {processor.py:186} INFO - Started process (PID=375720) to work on /home/minhle/mlops/dags/model_training.py
[2025-04-23T15:32:40.891+0700] {processor.py:914} INFO - Processing file /home/minhle/mlops/dags/model_training.py for tasks to queue
[2025-04-23T15:32:40.892+0700] {logging_mixin.py:190} INFO - [2025-04-23T15:32:40.892+0700] {dagbag.py:588} INFO - Filling up the DagBag from /home/minhle/mlops/dags/model_training.py
[2025-04-23T15:32:42.445+0700] {processor.py:925} INFO - DAG(s) 'model_pipeline_v01' retrieved from /home/minhle/mlops/dags/model_training.py
[2025-04-23T15:32:42.453+0700] {logging_mixin.py:190} INFO - [2025-04-23T15:32:42.453+0700] {dag.py:3239} INFO - Sync 1 DAGs
[2025-04-23T15:32:42.460+0700] {logging_mixin.py:190} INFO - [2025-04-23T15:32:42.460+0700] {dag.py:4180} INFO - Setting next_dagrun for model_pipeline_v01 to 2025-04-23 00:00:00+00:00, run_after=2025-04-24 00:00:00+00:00
[2025-04-23T15:32:42.530+0700] {processor.py:208} INFO - Processing /home/minhle/mlops/dags/model_training.py took 1.645 seconds
[2025-04-23T15:33:12.686+0700] {processor.py:186} INFO - Started process (PID=375844) to work on /home/minhle/mlops/dags/model_training.py
[2025-04-23T15:33:12.687+0700] {processor.py:914} INFO - Processing file /home/minhle/mlops/dags/model_training.py for tasks to queue
[2025-04-23T15:33:12.689+0700] {logging_mixin.py:190} INFO - [2025-04-23T15:33:12.688+0700] {dagbag.py:588} INFO - Filling up the DagBag from /home/minhle/mlops/dags/model_training.py
[2025-04-23T15:33:14.235+0700] {processor.py:925} INFO - DAG(s) 'model_pipeline_v01' retrieved from /home/minhle/mlops/dags/model_training.py
[2025-04-23T15:33:14.242+0700] {logging_mixin.py:190} INFO - [2025-04-23T15:33:14.242+0700] {dag.py:3239} INFO - Sync 1 DAGs
[2025-04-23T15:33:14.249+0700] {logging_mixin.py:190} INFO - [2025-04-23T15:33:14.249+0700] {dag.py:4180} INFO - Setting next_dagrun for model_pipeline_v01 to 2025-04-23 00:00:00+00:00, run_after=2025-04-24 00:00:00+00:00
[2025-04-23T15:33:14.304+0700] {processor.py:208} INFO - Processing /home/minhle/mlops/dags/model_training.py took 1.625 seconds
[2025-04-23T15:33:44.496+0700] {processor.py:186} INFO - Started process (PID=375924) to work on /home/minhle/mlops/dags/model_training.py
[2025-04-23T15:33:44.496+0700] {processor.py:914} INFO - Processing file /home/minhle/mlops/dags/model_training.py for tasks to queue
[2025-04-23T15:33:44.497+0700] {logging_mixin.py:190} INFO - [2025-04-23T15:33:44.497+0700] {dagbag.py:588} INFO - Filling up the DagBag from /home/minhle/mlops/dags/model_training.py
[2025-04-23T15:33:46.042+0700] {processor.py:925} INFO - DAG(s) 'model_pipeline_v01' retrieved from /home/minhle/mlops/dags/model_training.py
[2025-04-23T15:33:46.049+0700] {logging_mixin.py:190} INFO - [2025-04-23T15:33:46.049+0700] {dag.py:3239} INFO - Sync 1 DAGs
[2025-04-23T15:33:46.056+0700] {logging_mixin.py:190} INFO - [2025-04-23T15:33:46.056+0700] {dag.py:4180} INFO - Setting next_dagrun for model_pipeline_v01 to 2025-04-23 00:00:00+00:00, run_after=2025-04-24 00:00:00+00:00
[2025-04-23T15:33:46.121+0700] {processor.py:208} INFO - Processing /home/minhle/mlops/dags/model_training.py took 1.630 seconds
[2025-04-23T15:34:16.302+0700] {processor.py:186} INFO - Started process (PID=376032) to work on /home/minhle/mlops/dags/model_training.py
[2025-04-23T15:34:16.316+0700] {processor.py:914} INFO - Processing file /home/minhle/mlops/dags/model_training.py for tasks to queue
[2025-04-23T15:34:16.319+0700] {logging_mixin.py:190} INFO - [2025-04-23T15:34:16.318+0700] {dagbag.py:588} INFO - Filling up the DagBag from /home/minhle/mlops/dags/model_training.py
[2025-04-23T15:34:17.876+0700] {processor.py:925} INFO - DAG(s) 'model_pipeline_v01' retrieved from /home/minhle/mlops/dags/model_training.py
[2025-04-23T15:34:17.883+0700] {logging_mixin.py:190} INFO - [2025-04-23T15:34:17.883+0700] {dag.py:3239} INFO - Sync 1 DAGs
[2025-04-23T15:34:17.890+0700] {logging_mixin.py:190} INFO - [2025-04-23T15:34:17.890+0700] {dag.py:4180} INFO - Setting next_dagrun for model_pipeline_v01 to 2025-04-23 00:00:00+00:00, run_after=2025-04-24 00:00:00+00:00
[2025-04-23T15:34:17.958+0700] {processor.py:208} INFO - Processing /home/minhle/mlops/dags/model_training.py took 1.660 seconds
[2025-04-23T15:34:48.066+0700] {processor.py:186} INFO - Started process (PID=376112) to work on /home/minhle/mlops/dags/model_training.py
[2025-04-23T15:34:48.066+0700] {processor.py:914} INFO - Processing file /home/minhle/mlops/dags/model_training.py for tasks to queue
[2025-04-23T15:34:48.067+0700] {logging_mixin.py:190} INFO - [2025-04-23T15:34:48.067+0700] {dagbag.py:588} INFO - Filling up the DagBag from /home/minhle/mlops/dags/model_training.py
[2025-04-23T15:34:49.745+0700] {processor.py:925} INFO - DAG(s) 'model_pipeline_v01' retrieved from /home/minhle/mlops/dags/model_training.py
[2025-04-23T15:34:49.753+0700] {logging_mixin.py:190} INFO - [2025-04-23T15:34:49.752+0700] {dag.py:3239} INFO - Sync 1 DAGs
[2025-04-23T15:34:49.759+0700] {logging_mixin.py:190} INFO - [2025-04-23T15:34:49.759+0700] {dag.py:4180} INFO - Setting next_dagrun for model_pipeline_v01 to 2025-04-23 00:00:00+00:00, run_after=2025-04-24 00:00:00+00:00
[2025-04-23T15:34:49.818+0700] {processor.py:208} INFO - Processing /home/minhle/mlops/dags/model_training.py took 1.755 seconds
[2025-04-23T15:35:19.938+0700] {processor.py:186} INFO - Started process (PID=376194) to work on /home/minhle/mlops/dags/model_training.py
[2025-04-23T15:35:19.938+0700] {processor.py:914} INFO - Processing file /home/minhle/mlops/dags/model_training.py for tasks to queue
[2025-04-23T15:35:19.939+0700] {logging_mixin.py:190} INFO - [2025-04-23T15:35:19.939+0700] {dagbag.py:588} INFO - Filling up the DagBag from /home/minhle/mlops/dags/model_training.py
[2025-04-23T15:35:21.467+0700] {processor.py:925} INFO - DAG(s) 'model_pipeline_v01' retrieved from /home/minhle/mlops/dags/model_training.py
[2025-04-23T15:35:21.474+0700] {logging_mixin.py:190} INFO - [2025-04-23T15:35:21.474+0700] {dag.py:3239} INFO - Sync 1 DAGs
[2025-04-23T15:35:21.481+0700] {logging_mixin.py:190} INFO - [2025-04-23T15:35:21.481+0700] {dag.py:4180} INFO - Setting next_dagrun for model_pipeline_v01 to 2025-04-23 00:00:00+00:00, run_after=2025-04-24 00:00:00+00:00
[2025-04-23T15:35:21.566+0700] {processor.py:208} INFO - Processing /home/minhle/mlops/dags/model_training.py took 1.634 seconds
[2025-04-23T15:35:51.714+0700] {processor.py:186} INFO - Started process (PID=376275) to work on /home/minhle/mlops/dags/model_training.py
[2025-04-23T15:35:51.723+0700] {processor.py:914} INFO - Processing file /home/minhle/mlops/dags/model_training.py for tasks to queue
[2025-04-23T15:35:51.725+0700] {logging_mixin.py:190} INFO - [2025-04-23T15:35:51.724+0700] {dagbag.py:588} INFO - Filling up the DagBag from /home/minhle/mlops/dags/model_training.py
[2025-04-23T15:35:53.301+0700] {processor.py:925} INFO - DAG(s) 'model_pipeline_v01' retrieved from /home/minhle/mlops/dags/model_training.py
[2025-04-23T15:35:53.308+0700] {logging_mixin.py:190} INFO - [2025-04-23T15:35:53.308+0700] {dag.py:3239} INFO - Sync 1 DAGs
[2025-04-23T15:35:53.316+0700] {logging_mixin.py:190} INFO - [2025-04-23T15:35:53.316+0700] {dag.py:4180} INFO - Setting next_dagrun for model_pipeline_v01 to 2025-04-23 00:00:00+00:00, run_after=2025-04-24 00:00:00+00:00
[2025-04-23T15:35:53.379+0700] {processor.py:208} INFO - Processing /home/minhle/mlops/dags/model_training.py took 1.668 seconds
[2025-04-23T15:36:23.492+0700] {processor.py:186} INFO - Started process (PID=376357) to work on /home/minhle/mlops/dags/model_training.py
[2025-04-23T15:36:23.492+0700] {processor.py:914} INFO - Processing file /home/minhle/mlops/dags/model_training.py for tasks to queue
[2025-04-23T15:36:23.493+0700] {logging_mixin.py:190} INFO - [2025-04-23T15:36:23.492+0700] {dagbag.py:588} INFO - Filling up the DagBag from /home/minhle/mlops/dags/model_training.py
[2025-04-23T15:36:25.061+0700] {processor.py:925} INFO - DAG(s) 'model_pipeline_v01' retrieved from /home/minhle/mlops/dags/model_training.py
[2025-04-23T15:36:25.068+0700] {logging_mixin.py:190} INFO - [2025-04-23T15:36:25.068+0700] {dag.py:3239} INFO - Sync 1 DAGs
[2025-04-23T15:36:25.075+0700] {logging_mixin.py:190} INFO - [2025-04-23T15:36:25.075+0700] {dag.py:4180} INFO - Setting next_dagrun for model_pipeline_v01 to 2025-04-23 00:00:00+00:00, run_after=2025-04-24 00:00:00+00:00
[2025-04-23T15:36:25.143+0700] {processor.py:208} INFO - Processing /home/minhle/mlops/dags/model_training.py took 1.658 seconds
[2025-04-23T15:36:56.745+0700] {processor.py:186} INFO - Started process (PID=376453) to work on /home/minhle/mlops/dags/model_training.py
[2025-04-23T15:36:56.751+0700] {processor.py:914} INFO - Processing file /home/minhle/mlops/dags/model_training.py for tasks to queue
[2025-04-23T15:36:56.753+0700] {logging_mixin.py:190} INFO - [2025-04-23T15:36:56.753+0700] {dagbag.py:588} INFO - Filling up the DagBag from /home/minhle/mlops/dags/model_training.py
[2025-04-23T15:36:58.306+0700] {processor.py:925} INFO - DAG(s) 'model_pipeline_v01' retrieved from /home/minhle/mlops/dags/model_training.py
[2025-04-23T15:36:58.313+0700] {logging_mixin.py:190} INFO - [2025-04-23T15:36:58.313+0700] {dag.py:3239} INFO - Sync 1 DAGs
[2025-04-23T15:36:58.320+0700] {logging_mixin.py:190} INFO - [2025-04-23T15:36:58.320+0700] {dag.py:4180} INFO - Setting next_dagrun for model_pipeline_v01 to 2025-04-23 00:00:00+00:00, run_after=2025-04-24 00:00:00+00:00
[2025-04-23T15:36:58.386+0700] {processor.py:208} INFO - Processing /home/minhle/mlops/dags/model_training.py took 1.647 seconds
[2025-04-23T15:37:28.721+0700] {processor.py:186} INFO - Started process (PID=376533) to work on /home/minhle/mlops/dags/model_training.py
[2025-04-23T15:37:28.724+0700] {processor.py:914} INFO - Processing file /home/minhle/mlops/dags/model_training.py for tasks to queue
[2025-04-23T15:37:28.726+0700] {logging_mixin.py:190} INFO - [2025-04-23T15:37:28.726+0700] {dagbag.py:588} INFO - Filling up the DagBag from /home/minhle/mlops/dags/model_training.py
[2025-04-23T15:37:30.294+0700] {processor.py:925} INFO - DAG(s) 'model_pipeline_v01' retrieved from /home/minhle/mlops/dags/model_training.py
[2025-04-23T15:37:30.301+0700] {logging_mixin.py:190} INFO - [2025-04-23T15:37:30.301+0700] {dag.py:3239} INFO - Sync 1 DAGs
[2025-04-23T15:37:30.308+0700] {logging_mixin.py:190} INFO - [2025-04-23T15:37:30.308+0700] {dag.py:4180} INFO - Setting next_dagrun for model_pipeline_v01 to 2025-04-23 00:00:00+00:00, run_after=2025-04-24 00:00:00+00:00
[2025-04-23T15:37:30.366+0700] {processor.py:208} INFO - Processing /home/minhle/mlops/dags/model_training.py took 1.651 seconds
[2025-04-23T15:38:01.216+0700] {processor.py:186} INFO - Started process (PID=376632) to work on /home/minhle/mlops/dags/model_training.py
[2025-04-23T15:38:01.217+0700] {processor.py:914} INFO - Processing file /home/minhle/mlops/dags/model_training.py for tasks to queue
[2025-04-23T15:38:01.219+0700] {logging_mixin.py:190} INFO - [2025-04-23T15:38:01.219+0700] {dagbag.py:588} INFO - Filling up the DagBag from /home/minhle/mlops/dags/model_training.py
[2025-04-23T15:38:02.784+0700] {processor.py:925} INFO - DAG(s) 'model_pipeline_v01' retrieved from /home/minhle/mlops/dags/model_training.py
[2025-04-23T15:38:02.792+0700] {logging_mixin.py:190} INFO - [2025-04-23T15:38:02.791+0700] {dag.py:3239} INFO - Sync 1 DAGs
[2025-04-23T15:38:02.798+0700] {logging_mixin.py:190} INFO - [2025-04-23T15:38:02.798+0700] {dag.py:4180} INFO - Setting next_dagrun for model_pipeline_v01 to 2025-04-23 00:00:00+00:00, run_after=2025-04-24 00:00:00+00:00
[2025-04-23T15:38:02.862+0700] {processor.py:208} INFO - Processing /home/minhle/mlops/dags/model_training.py took 1.657 seconds
[2025-04-23T15:38:33.331+0700] {processor.py:186} INFO - Started process (PID=376748) to work on /home/minhle/mlops/dags/model_training.py
[2025-04-23T15:38:33.342+0700] {processor.py:914} INFO - Processing file /home/minhle/mlops/dags/model_training.py for tasks to queue
[2025-04-23T15:38:33.345+0700] {logging_mixin.py:190} INFO - [2025-04-23T15:38:33.344+0700] {dagbag.py:588} INFO - Filling up the DagBag from /home/minhle/mlops/dags/model_training.py
[2025-04-23T15:38:34.899+0700] {processor.py:925} INFO - DAG(s) 'model_pipeline_v01' retrieved from /home/minhle/mlops/dags/model_training.py
[2025-04-23T15:38:34.906+0700] {logging_mixin.py:190} INFO - [2025-04-23T15:38:34.906+0700] {dag.py:3239} INFO - Sync 1 DAGs
[2025-04-23T15:38:34.913+0700] {logging_mixin.py:190} INFO - [2025-04-23T15:38:34.913+0700] {dag.py:4180} INFO - Setting next_dagrun for model_pipeline_v01 to 2025-04-23 00:00:00+00:00, run_after=2025-04-24 00:00:00+00:00
[2025-04-23T15:38:34.976+0700] {processor.py:208} INFO - Processing /home/minhle/mlops/dags/model_training.py took 1.655 seconds
[2025-04-23T15:39:05.437+0700] {processor.py:186} INFO - Started process (PID=376879) to work on /home/minhle/mlops/dags/model_training.py
[2025-04-23T15:39:05.438+0700] {processor.py:914} INFO - Processing file /home/minhle/mlops/dags/model_training.py for tasks to queue
[2025-04-23T15:39:05.439+0700] {logging_mixin.py:190} INFO - [2025-04-23T15:39:05.439+0700] {dagbag.py:588} INFO - Filling up the DagBag from /home/minhle/mlops/dags/model_training.py
[2025-04-23T15:39:07.025+0700] {processor.py:925} INFO - DAG(s) 'model_pipeline_v01' retrieved from /home/minhle/mlops/dags/model_training.py
[2025-04-23T15:39:07.033+0700] {logging_mixin.py:190} INFO - [2025-04-23T15:39:07.032+0700] {dag.py:3239} INFO - Sync 1 DAGs
[2025-04-23T15:39:07.040+0700] {logging_mixin.py:190} INFO - [2025-04-23T15:39:07.040+0700] {dag.py:4180} INFO - Setting next_dagrun for model_pipeline_v01 to 2025-04-23 00:00:00+00:00, run_after=2025-04-24 00:00:00+00:00
[2025-04-23T15:39:07.109+0700] {processor.py:208} INFO - Processing /home/minhle/mlops/dags/model_training.py took 1.677 seconds
[2025-04-23T15:39:37.711+0700] {processor.py:186} INFO - Started process (PID=376987) to work on /home/minhle/mlops/dags/model_training.py
[2025-04-23T15:39:37.799+0700] {processor.py:914} INFO - Processing file /home/minhle/mlops/dags/model_training.py for tasks to queue
[2025-04-23T15:39:37.803+0700] {logging_mixin.py:190} INFO - [2025-04-23T15:39:37.802+0700] {dagbag.py:588} INFO - Filling up the DagBag from /home/minhle/mlops/dags/model_training.py
[2025-04-23T15:39:39.367+0700] {processor.py:925} INFO - DAG(s) 'model_pipeline_v01' retrieved from /home/minhle/mlops/dags/model_training.py
[2025-04-23T15:39:39.375+0700] {logging_mixin.py:190} INFO - [2025-04-23T15:39:39.375+0700] {dag.py:3239} INFO - Sync 1 DAGs
[2025-04-23T15:39:39.382+0700] {logging_mixin.py:190} INFO - [2025-04-23T15:39:39.381+0700] {dag.py:4180} INFO - Setting next_dagrun for model_pipeline_v01 to 2025-04-23 00:00:00+00:00, run_after=2025-04-24 00:00:00+00:00
[2025-04-23T15:39:40.227+0700] {processor.py:208} INFO - Processing /home/minhle/mlops/dags/model_training.py took 2.524 seconds
[2025-04-23T15:40:10.468+0700] {processor.py:186} INFO - Started process (PID=377129) to work on /home/minhle/mlops/dags/model_training.py
[2025-04-23T15:40:10.469+0700] {processor.py:914} INFO - Processing file /home/minhle/mlops/dags/model_training.py for tasks to queue
[2025-04-23T15:40:10.470+0700] {logging_mixin.py:190} INFO - [2025-04-23T15:40:10.470+0700] {dagbag.py:588} INFO - Filling up the DagBag from /home/minhle/mlops/dags/model_training.py
[2025-04-23T15:40:12.148+0700] {processor.py:925} INFO - DAG(s) 'model_pipeline_v01' retrieved from /home/minhle/mlops/dags/model_training.py
[2025-04-23T15:40:12.157+0700] {logging_mixin.py:190} INFO - [2025-04-23T15:40:12.156+0700] {dag.py:3239} INFO - Sync 1 DAGs
[2025-04-23T15:40:12.163+0700] {logging_mixin.py:190} INFO - [2025-04-23T15:40:12.163+0700] {dag.py:4180} INFO - Setting next_dagrun for model_pipeline_v01 to 2025-04-23 00:00:00+00:00, run_after=2025-04-24 00:00:00+00:00
[2025-04-23T15:40:12.223+0700] {processor.py:208} INFO - Processing /home/minhle/mlops/dags/model_training.py took 1.759 seconds
[2025-04-23T15:40:42.340+0700] {processor.py:186} INFO - Started process (PID=377238) to work on /home/minhle/mlops/dags/model_training.py
[2025-04-23T15:40:42.340+0700] {processor.py:914} INFO - Processing file /home/minhle/mlops/dags/model_training.py for tasks to queue
[2025-04-23T15:40:42.341+0700] {logging_mixin.py:190} INFO - [2025-04-23T15:40:42.341+0700] {dagbag.py:588} INFO - Filling up the DagBag from /home/minhle/mlops/dags/model_training.py
[2025-04-23T15:40:43.889+0700] {processor.py:925} INFO - DAG(s) 'model_pipeline_v01' retrieved from /home/minhle/mlops/dags/model_training.py
[2025-04-23T15:40:43.896+0700] {logging_mixin.py:190} INFO - [2025-04-23T15:40:43.896+0700] {dag.py:3239} INFO - Sync 1 DAGs
[2025-04-23T15:40:43.903+0700] {logging_mixin.py:190} INFO - [2025-04-23T15:40:43.903+0700] {dag.py:4180} INFO - Setting next_dagrun for model_pipeline_v01 to 2025-04-23 00:00:00+00:00, run_after=2025-04-24 00:00:00+00:00
[2025-04-23T15:40:43.970+0700] {processor.py:208} INFO - Processing /home/minhle/mlops/dags/model_training.py took 1.636 seconds
[2025-04-23T15:41:14.106+0700] {processor.py:186} INFO - Started process (PID=377346) to work on /home/minhle/mlops/dags/model_training.py
[2025-04-23T15:41:14.109+0700] {processor.py:914} INFO - Processing file /home/minhle/mlops/dags/model_training.py for tasks to queue
[2025-04-23T15:41:14.110+0700] {logging_mixin.py:190} INFO - [2025-04-23T15:41:14.110+0700] {dagbag.py:588} INFO - Filling up the DagBag from /home/minhle/mlops/dags/model_training.py
[2025-04-23T15:41:15.757+0700] {processor.py:925} INFO - DAG(s) 'model_pipeline_v01' retrieved from /home/minhle/mlops/dags/model_training.py
[2025-04-23T15:41:15.764+0700] {logging_mixin.py:190} INFO - [2025-04-23T15:41:15.764+0700] {dag.py:3239} INFO - Sync 1 DAGs
[2025-04-23T15:41:15.770+0700] {logging_mixin.py:190} INFO - [2025-04-23T15:41:15.770+0700] {dag.py:4180} INFO - Setting next_dagrun for model_pipeline_v01 to 2025-04-23 00:00:00+00:00, run_after=2025-04-24 00:00:00+00:00
[2025-04-23T15:41:15.838+0700] {processor.py:208} INFO - Processing /home/minhle/mlops/dags/model_training.py took 1.736 seconds
[2025-04-23T15:41:45.991+0700] {processor.py:186} INFO - Started process (PID=377451) to work on /home/minhle/mlops/dags/model_training.py
[2025-04-23T15:41:45.992+0700] {processor.py:914} INFO - Processing file /home/minhle/mlops/dags/model_training.py for tasks to queue
[2025-04-23T15:41:45.993+0700] {logging_mixin.py:190} INFO - [2025-04-23T15:41:45.992+0700] {dagbag.py:588} INFO - Filling up the DagBag from /home/minhle/mlops/dags/model_training.py
[2025-04-23T15:41:47.509+0700] {processor.py:925} INFO - DAG(s) 'model_pipeline_v01' retrieved from /home/minhle/mlops/dags/model_training.py
[2025-04-23T15:41:47.516+0700] {logging_mixin.py:190} INFO - [2025-04-23T15:41:47.516+0700] {dag.py:3239} INFO - Sync 1 DAGs
[2025-04-23T15:41:47.524+0700] {logging_mixin.py:190} INFO - [2025-04-23T15:41:47.524+0700] {dag.py:4180} INFO - Setting next_dagrun for model_pipeline_v01 to 2025-04-23 00:00:00+00:00, run_after=2025-04-24 00:00:00+00:00
[2025-04-23T15:41:48.138+0700] {processor.py:208} INFO - Processing /home/minhle/mlops/dags/model_training.py took 2.151 seconds
[2025-04-23T15:42:18.288+0700] {processor.py:186} INFO - Started process (PID=377628) to work on /home/minhle/mlops/dags/model_training.py
[2025-04-23T15:42:18.291+0700] {processor.py:914} INFO - Processing file /home/minhle/mlops/dags/model_training.py for tasks to queue
[2025-04-23T15:42:18.292+0700] {logging_mixin.py:190} INFO - [2025-04-23T15:42:18.292+0700] {dagbag.py:588} INFO - Filling up the DagBag from /home/minhle/mlops/dags/model_training.py
[2025-04-23T15:42:20.003+0700] {processor.py:925} INFO - DAG(s) 'model_pipeline_v01' retrieved from /home/minhle/mlops/dags/model_training.py
[2025-04-23T15:42:20.011+0700] {logging_mixin.py:190} INFO - [2025-04-23T15:42:20.011+0700] {dag.py:3239} INFO - Sync 1 DAGs
[2025-04-23T15:42:20.020+0700] {logging_mixin.py:190} INFO - [2025-04-23T15:42:20.020+0700] {dag.py:4180} INFO - Setting next_dagrun for model_pipeline_v01 to 2025-04-23 00:00:00+00:00, run_after=2025-04-24 00:00:00+00:00
[2025-04-23T15:42:20.774+0700] {processor.py:208} INFO - Processing /home/minhle/mlops/dags/model_training.py took 2.496 seconds
[2025-04-23T15:42:50.949+0700] {processor.py:186} INFO - Started process (PID=377780) to work on /home/minhle/mlops/dags/model_training.py
[2025-04-23T15:42:50.950+0700] {processor.py:914} INFO - Processing file /home/minhle/mlops/dags/model_training.py for tasks to queue
[2025-04-23T15:42:50.951+0700] {logging_mixin.py:190} INFO - [2025-04-23T15:42:50.951+0700] {dagbag.py:588} INFO - Filling up the DagBag from /home/minhle/mlops/dags/model_training.py
[2025-04-23T15:42:52.522+0700] {processor.py:925} INFO - DAG(s) 'model_pipeline_v01' retrieved from /home/minhle/mlops/dags/model_training.py
[2025-04-23T15:42:52.530+0700] {logging_mixin.py:190} INFO - [2025-04-23T15:42:52.529+0700] {dag.py:3239} INFO - Sync 1 DAGs
[2025-04-23T15:42:52.537+0700] {logging_mixin.py:190} INFO - [2025-04-23T15:42:52.536+0700] {dag.py:4180} INFO - Setting next_dagrun for model_pipeline_v01 to 2025-04-23 00:00:00+00:00, run_after=2025-04-24 00:00:00+00:00
[2025-04-23T15:42:53.470+0700] {processor.py:208} INFO - Processing /home/minhle/mlops/dags/model_training.py took 2.526 seconds
[2025-04-23T15:43:23.703+0700] {processor.py:186} INFO - Started process (PID=377890) to work on /home/minhle/mlops/dags/model_training.py
[2025-04-23T15:43:23.703+0700] {processor.py:914} INFO - Processing file /home/minhle/mlops/dags/model_training.py for tasks to queue
[2025-04-23T15:43:23.704+0700] {logging_mixin.py:190} INFO - [2025-04-23T15:43:23.704+0700] {dagbag.py:588} INFO - Filling up the DagBag from /home/minhle/mlops/dags/model_training.py
[2025-04-23T15:43:25.229+0700] {processor.py:925} INFO - DAG(s) 'model_pipeline_v01' retrieved from /home/minhle/mlops/dags/model_training.py
[2025-04-23T15:43:25.237+0700] {logging_mixin.py:190} INFO - [2025-04-23T15:43:25.236+0700] {dag.py:3239} INFO - Sync 1 DAGs
[2025-04-23T15:43:25.243+0700] {logging_mixin.py:190} INFO - [2025-04-23T15:43:25.243+0700] {dag.py:4180} INFO - Setting next_dagrun for model_pipeline_v01 to 2025-04-23 00:00:00+00:00, run_after=2025-04-24 00:00:00+00:00
[2025-04-23T15:43:25.308+0700] {processor.py:208} INFO - Processing /home/minhle/mlops/dags/model_training.py took 1.609 seconds
[2025-04-23T15:43:55.554+0700] {processor.py:186} INFO - Started process (PID=377993) to work on /home/minhle/mlops/dags/model_training.py
[2025-04-23T15:43:55.588+0700] {processor.py:914} INFO - Processing file /home/minhle/mlops/dags/model_training.py for tasks to queue
[2025-04-23T15:43:55.590+0700] {logging_mixin.py:190} INFO - [2025-04-23T15:43:55.589+0700] {dagbag.py:588} INFO - Filling up the DagBag from /home/minhle/mlops/dags/model_training.py
[2025-04-23T15:43:57.131+0700] {processor.py:925} INFO - DAG(s) 'model_pipeline_v01' retrieved from /home/minhle/mlops/dags/model_training.py
[2025-04-23T15:43:57.138+0700] {logging_mixin.py:190} INFO - [2025-04-23T15:43:57.138+0700] {dag.py:3239} INFO - Sync 1 DAGs
[2025-04-23T15:43:57.144+0700] {logging_mixin.py:190} INFO - [2025-04-23T15:43:57.144+0700] {dag.py:4180} INFO - Setting next_dagrun for model_pipeline_v01 to 2025-04-23 00:00:00+00:00, run_after=2025-04-24 00:00:00+00:00
[2025-04-23T15:43:57.232+0700] {processor.py:208} INFO - Processing /home/minhle/mlops/dags/model_training.py took 1.685 seconds
[2025-04-23T15:44:27.348+0700] {processor.py:186} INFO - Started process (PID=378106) to work on /home/minhle/mlops/dags/model_training.py
[2025-04-23T15:44:27.350+0700] {processor.py:914} INFO - Processing file /home/minhle/mlops/dags/model_training.py for tasks to queue
[2025-04-23T15:44:27.352+0700] {logging_mixin.py:190} INFO - [2025-04-23T15:44:27.351+0700] {dagbag.py:588} INFO - Filling up the DagBag from /home/minhle/mlops/dags/model_training.py
[2025-04-23T15:44:28.927+0700] {processor.py:925} INFO - DAG(s) 'model_pipeline_v01' retrieved from /home/minhle/mlops/dags/model_training.py
[2025-04-23T15:44:28.934+0700] {logging_mixin.py:190} INFO - [2025-04-23T15:44:28.934+0700] {dag.py:3239} INFO - Sync 1 DAGs
[2025-04-23T15:44:28.940+0700] {logging_mixin.py:190} INFO - [2025-04-23T15:44:28.940+0700] {dag.py:4180} INFO - Setting next_dagrun for model_pipeline_v01 to 2025-04-23 00:00:00+00:00, run_after=2025-04-24 00:00:00+00:00
[2025-04-23T15:44:29.021+0700] {processor.py:208} INFO - Processing /home/minhle/mlops/dags/model_training.py took 1.682 seconds
[2025-04-23T15:44:59.114+0700] {processor.py:186} INFO - Started process (PID=378260) to work on /home/minhle/mlops/dags/model_training.py
[2025-04-23T15:44:59.116+0700] {processor.py:914} INFO - Processing file /home/minhle/mlops/dags/model_training.py for tasks to queue
[2025-04-23T15:44:59.117+0700] {logging_mixin.py:190} INFO - [2025-04-23T15:44:59.116+0700] {dagbag.py:588} INFO - Filling up the DagBag from /home/minhle/mlops/dags/model_training.py
[2025-04-23T15:45:00.788+0700] {processor.py:925} INFO - DAG(s) 'model_pipeline_v01' retrieved from /home/minhle/mlops/dags/model_training.py
[2025-04-23T15:45:00.796+0700] {logging_mixin.py:190} INFO - [2025-04-23T15:45:00.795+0700] {dag.py:3239} INFO - Sync 1 DAGs
[2025-04-23T15:45:00.806+0700] {logging_mixin.py:190} INFO - [2025-04-23T15:45:00.806+0700] {dag.py:4180} INFO - Setting next_dagrun for model_pipeline_v01 to 2025-04-23 00:00:00+00:00, run_after=2025-04-24 00:00:00+00:00
[2025-04-23T15:45:00.871+0700] {processor.py:208} INFO - Processing /home/minhle/mlops/dags/model_training.py took 1.761 seconds
[2025-04-23T15:45:30.973+0700] {processor.py:186} INFO - Started process (PID=378344) to work on /home/minhle/mlops/dags/model_training.py
[2025-04-23T15:45:30.973+0700] {processor.py:914} INFO - Processing file /home/minhle/mlops/dags/model_training.py for tasks to queue
[2025-04-23T15:45:30.974+0700] {logging_mixin.py:190} INFO - [2025-04-23T15:45:30.974+0700] {dagbag.py:588} INFO - Filling up the DagBag from /home/minhle/mlops/dags/model_training.py
[2025-04-23T15:45:32.523+0700] {processor.py:925} INFO - DAG(s) 'model_pipeline_v01' retrieved from /home/minhle/mlops/dags/model_training.py
[2025-04-23T15:45:32.530+0700] {logging_mixin.py:190} INFO - [2025-04-23T15:45:32.529+0700] {dag.py:3239} INFO - Sync 1 DAGs
[2025-04-23T15:45:32.537+0700] {logging_mixin.py:190} INFO - [2025-04-23T15:45:32.537+0700] {dag.py:4180} INFO - Setting next_dagrun for model_pipeline_v01 to 2025-04-23 00:00:00+00:00, run_after=2025-04-24 00:00:00+00:00
[2025-04-23T15:45:33.850+0700] {processor.py:208} INFO - Processing /home/minhle/mlops/dags/model_training.py took 2.883 seconds
[2025-04-23T15:46:03.942+0700] {processor.py:186} INFO - Started process (PID=378424) to work on /home/minhle/mlops/dags/model_training.py
[2025-04-23T15:46:03.943+0700] {processor.py:914} INFO - Processing file /home/minhle/mlops/dags/model_training.py for tasks to queue
[2025-04-23T15:46:03.944+0700] {logging_mixin.py:190} INFO - [2025-04-23T15:46:03.944+0700] {dagbag.py:588} INFO - Filling up the DagBag from /home/minhle/mlops/dags/model_training.py
[2025-04-23T15:46:05.509+0700] {processor.py:925} INFO - DAG(s) 'model_pipeline_v01' retrieved from /home/minhle/mlops/dags/model_training.py
[2025-04-23T15:46:05.517+0700] {logging_mixin.py:190} INFO - [2025-04-23T15:46:05.517+0700] {dag.py:3239} INFO - Sync 1 DAGs
[2025-04-23T15:46:05.524+0700] {logging_mixin.py:190} INFO - [2025-04-23T15:46:05.524+0700] {dag.py:4180} INFO - Setting next_dagrun for model_pipeline_v01 to 2025-04-23 00:00:00+00:00, run_after=2025-04-24 00:00:00+00:00
[2025-04-23T15:46:05.883+0700] {processor.py:208} INFO - Processing /home/minhle/mlops/dags/model_training.py took 1.952 seconds
[2025-04-23T15:46:36.017+0700] {processor.py:186} INFO - Started process (PID=378534) to work on /home/minhle/mlops/dags/model_training.py
[2025-04-23T15:46:36.017+0700] {processor.py:914} INFO - Processing file /home/minhle/mlops/dags/model_training.py for tasks to queue
[2025-04-23T15:46:36.018+0700] {logging_mixin.py:190} INFO - [2025-04-23T15:46:36.018+0700] {dagbag.py:588} INFO - Filling up the DagBag from /home/minhle/mlops/dags/model_training.py
[2025-04-23T15:46:37.577+0700] {processor.py:925} INFO - DAG(s) 'model_pipeline_v01' retrieved from /home/minhle/mlops/dags/model_training.py
[2025-04-23T15:46:37.584+0700] {logging_mixin.py:190} INFO - [2025-04-23T15:46:37.584+0700] {dag.py:3239} INFO - Sync 1 DAGs
[2025-04-23T15:46:37.591+0700] {logging_mixin.py:190} INFO - [2025-04-23T15:46:37.591+0700] {dag.py:4180} INFO - Setting next_dagrun for model_pipeline_v01 to 2025-04-23 00:00:00+00:00, run_after=2025-04-24 00:00:00+00:00
[2025-04-23T15:46:37.653+0700] {processor.py:208} INFO - Processing /home/minhle/mlops/dags/model_training.py took 1.639 seconds
[2025-04-23T15:47:07.795+0700] {processor.py:186} INFO - Started process (PID=378646) to work on /home/minhle/mlops/dags/model_training.py
[2025-04-23T15:47:07.967+0700] {processor.py:914} INFO - Processing file /home/minhle/mlops/dags/model_training.py for tasks to queue
[2025-04-23T15:47:07.970+0700] {logging_mixin.py:190} INFO - [2025-04-23T15:47:07.969+0700] {dagbag.py:588} INFO - Filling up the DagBag from /home/minhle/mlops/dags/model_training.py
[2025-04-23T15:47:09.564+0700] {processor.py:925} INFO - DAG(s) 'model_pipeline_v01' retrieved from /home/minhle/mlops/dags/model_training.py
[2025-04-23T15:47:09.571+0700] {logging_mixin.py:190} INFO - [2025-04-23T15:47:09.571+0700] {dag.py:3239} INFO - Sync 1 DAGs
[2025-04-23T15:47:09.577+0700] {logging_mixin.py:190} INFO - [2025-04-23T15:47:09.577+0700] {dag.py:4180} INFO - Setting next_dagrun for model_pipeline_v01 to 2025-04-23 00:00:00+00:00, run_after=2025-04-24 00:00:00+00:00
[2025-04-23T15:47:10.462+0700] {processor.py:208} INFO - Processing /home/minhle/mlops/dags/model_training.py took 2.673 seconds
[2025-04-23T15:47:40.617+0700] {processor.py:186} INFO - Started process (PID=378744) to work on /home/minhle/mlops/dags/model_training.py
[2025-04-23T15:47:40.618+0700] {processor.py:914} INFO - Processing file /home/minhle/mlops/dags/model_training.py for tasks to queue
[2025-04-23T15:47:40.619+0700] {logging_mixin.py:190} INFO - [2025-04-23T15:47:40.618+0700] {dagbag.py:588} INFO - Filling up the DagBag from /home/minhle/mlops/dags/model_training.py
[2025-04-23T15:47:42.246+0700] {processor.py:925} INFO - DAG(s) 'model_pipeline_v01' retrieved from /home/minhle/mlops/dags/model_training.py
[2025-04-23T15:47:42.253+0700] {logging_mixin.py:190} INFO - [2025-04-23T15:47:42.253+0700] {dag.py:3239} INFO - Sync 1 DAGs
[2025-04-23T15:47:42.260+0700] {logging_mixin.py:190} INFO - [2025-04-23T15:47:42.260+0700] {dag.py:4180} INFO - Setting next_dagrun for model_pipeline_v01 to 2025-04-23 00:00:00+00:00, run_after=2025-04-24 00:00:00+00:00
[2025-04-23T15:47:42.325+0700] {processor.py:208} INFO - Processing /home/minhle/mlops/dags/model_training.py took 1.711 seconds
[2025-04-23T15:48:12.591+0700] {processor.py:186} INFO - Started process (PID=378826) to work on /home/minhle/mlops/dags/model_training.py
[2025-04-23T15:48:12.592+0700] {processor.py:914} INFO - Processing file /home/minhle/mlops/dags/model_training.py for tasks to queue
[2025-04-23T15:48:12.592+0700] {logging_mixin.py:190} INFO - [2025-04-23T15:48:12.592+0700] {dagbag.py:588} INFO - Filling up the DagBag from /home/minhle/mlops/dags/model_training.py
[2025-04-23T15:48:14.162+0700] {processor.py:925} INFO - DAG(s) 'model_pipeline_v01' retrieved from /home/minhle/mlops/dags/model_training.py
[2025-04-23T15:48:14.169+0700] {logging_mixin.py:190} INFO - [2025-04-23T15:48:14.169+0700] {dag.py:3239} INFO - Sync 1 DAGs
[2025-04-23T15:48:14.177+0700] {logging_mixin.py:190} INFO - [2025-04-23T15:48:14.177+0700] {dag.py:4180} INFO - Setting next_dagrun for model_pipeline_v01 to 2025-04-23 00:00:00+00:00, run_after=2025-04-24 00:00:00+00:00
[2025-04-23T15:48:14.375+0700] {processor.py:208} INFO - Processing /home/minhle/mlops/dags/model_training.py took 1.791 seconds
[2025-04-23T15:48:44.570+0700] {processor.py:186} INFO - Started process (PID=378956) to work on /home/minhle/mlops/dags/model_training.py
[2025-04-23T15:48:44.596+0700] {processor.py:914} INFO - Processing file /home/minhle/mlops/dags/model_training.py for tasks to queue
[2025-04-23T15:48:44.599+0700] {logging_mixin.py:190} INFO - [2025-04-23T15:48:44.598+0700] {dagbag.py:588} INFO - Filling up the DagBag from /home/minhle/mlops/dags/model_training.py
[2025-04-23T15:48:46.306+0700] {processor.py:925} INFO - DAG(s) 'model_pipeline_v01' retrieved from /home/minhle/mlops/dags/model_training.py
[2025-04-23T15:48:46.314+0700] {logging_mixin.py:190} INFO - [2025-04-23T15:48:46.314+0700] {dag.py:3239} INFO - Sync 1 DAGs
[2025-04-23T15:48:46.322+0700] {logging_mixin.py:190} INFO - [2025-04-23T15:48:46.322+0700] {dag.py:4180} INFO - Setting next_dagrun for model_pipeline_v01 to 2025-04-23 00:00:00+00:00, run_after=2025-04-24 00:00:00+00:00
[2025-04-23T15:48:46.384+0700] {processor.py:208} INFO - Processing /home/minhle/mlops/dags/model_training.py took 1.824 seconds
[2025-04-23T15:49:16.630+0700] {processor.py:186} INFO - Started process (PID=379070) to work on /home/minhle/mlops/dags/model_training.py
[2025-04-23T15:49:16.631+0700] {processor.py:914} INFO - Processing file /home/minhle/mlops/dags/model_training.py for tasks to queue
[2025-04-23T15:49:16.632+0700] {logging_mixin.py:190} INFO - [2025-04-23T15:49:16.631+0700] {dagbag.py:588} INFO - Filling up the DagBag from /home/minhle/mlops/dags/model_training.py
[2025-04-23T15:49:18.191+0700] {processor.py:925} INFO - DAG(s) 'model_pipeline_v01' retrieved from /home/minhle/mlops/dags/model_training.py
[2025-04-23T15:49:18.200+0700] {logging_mixin.py:190} INFO - [2025-04-23T15:49:18.199+0700] {dag.py:3239} INFO - Sync 1 DAGs
[2025-04-23T15:49:18.207+0700] {logging_mixin.py:190} INFO - [2025-04-23T15:49:18.206+0700] {dag.py:4180} INFO - Setting next_dagrun for model_pipeline_v01 to 2025-04-23 00:00:00+00:00, run_after=2025-04-24 00:00:00+00:00
[2025-04-23T15:49:18.270+0700] {processor.py:208} INFO - Processing /home/minhle/mlops/dags/model_training.py took 1.648 seconds
[2025-04-23T15:49:48.469+0700] {processor.py:186} INFO - Started process (PID=379197) to work on /home/minhle/mlops/dags/model_training.py
[2025-04-23T15:49:48.617+0700] {processor.py:914} INFO - Processing file /home/minhle/mlops/dags/model_training.py for tasks to queue
[2025-04-23T15:49:48.620+0700] {logging_mixin.py:190} INFO - [2025-04-23T15:49:48.619+0700] {dagbag.py:588} INFO - Filling up the DagBag from /home/minhle/mlops/dags/model_training.py
[2025-04-23T15:49:50.211+0700] {processor.py:925} INFO - DAG(s) 'model_pipeline_v01' retrieved from /home/minhle/mlops/dags/model_training.py
[2025-04-23T15:49:50.219+0700] {logging_mixin.py:190} INFO - [2025-04-23T15:49:50.219+0700] {dag.py:3239} INFO - Sync 1 DAGs
[2025-04-23T15:49:50.225+0700] {logging_mixin.py:190} INFO - [2025-04-23T15:49:50.225+0700] {dag.py:4180} INFO - Setting next_dagrun for model_pipeline_v01 to 2025-04-23 00:00:00+00:00, run_after=2025-04-24 00:00:00+00:00
[2025-04-23T15:49:50.306+0700] {processor.py:208} INFO - Processing /home/minhle/mlops/dags/model_training.py took 1.841 seconds
[2025-04-23T15:50:20.498+0700] {processor.py:186} INFO - Started process (PID=379308) to work on /home/minhle/mlops/dags/model_training.py
[2025-04-23T15:50:20.499+0700] {processor.py:914} INFO - Processing file /home/minhle/mlops/dags/model_training.py for tasks to queue
[2025-04-23T15:50:20.500+0700] {logging_mixin.py:190} INFO - [2025-04-23T15:50:20.499+0700] {dagbag.py:588} INFO - Filling up the DagBag from /home/minhle/mlops/dags/model_training.py
[2025-04-23T15:50:22.070+0700] {processor.py:925} INFO - DAG(s) 'model_pipeline_v01' retrieved from /home/minhle/mlops/dags/model_training.py
[2025-04-23T15:50:22.085+0700] {logging_mixin.py:190} INFO - [2025-04-23T15:50:22.085+0700] {dag.py:3239} INFO - Sync 1 DAGs
[2025-04-23T15:50:22.092+0700] {logging_mixin.py:190} INFO - [2025-04-23T15:50:22.092+0700] {dag.py:4180} INFO - Setting next_dagrun for model_pipeline_v01 to 2025-04-23 00:00:00+00:00, run_after=2025-04-24 00:00:00+00:00
[2025-04-23T15:50:22.166+0700] {processor.py:208} INFO - Processing /home/minhle/mlops/dags/model_training.py took 1.673 seconds
[2025-04-23T15:50:52.356+0700] {processor.py:186} INFO - Started process (PID=379418) to work on /home/minhle/mlops/dags/model_training.py
[2025-04-23T15:50:52.358+0700] {processor.py:914} INFO - Processing file /home/minhle/mlops/dags/model_training.py for tasks to queue
[2025-04-23T15:50:52.362+0700] {logging_mixin.py:190} INFO - [2025-04-23T15:50:52.361+0700] {dagbag.py:588} INFO - Filling up the DagBag from /home/minhle/mlops/dags/model_training.py
[2025-04-23T15:50:53.971+0700] {processor.py:925} INFO - DAG(s) 'model_pipeline_v01' retrieved from /home/minhle/mlops/dags/model_training.py
[2025-04-23T15:50:53.979+0700] {logging_mixin.py:190} INFO - [2025-04-23T15:50:53.979+0700] {dag.py:3239} INFO - Sync 1 DAGs
[2025-04-23T15:50:53.986+0700] {logging_mixin.py:190} INFO - [2025-04-23T15:50:53.986+0700] {dag.py:4180} INFO - Setting next_dagrun for model_pipeline_v01 to 2025-04-23 00:00:00+00:00, run_after=2025-04-24 00:00:00+00:00
[2025-04-23T15:50:54.727+0700] {processor.py:208} INFO - Processing /home/minhle/mlops/dags/model_training.py took 2.380 seconds
[2025-04-23T15:51:24.843+0700] {processor.py:186} INFO - Started process (PID=379606) to work on /home/minhle/mlops/dags/model_training.py
[2025-04-23T15:51:24.855+0700] {processor.py:914} INFO - Processing file /home/minhle/mlops/dags/model_training.py for tasks to queue
[2025-04-23T15:51:24.858+0700] {logging_mixin.py:190} INFO - [2025-04-23T15:51:24.857+0700] {dagbag.py:588} INFO - Filling up the DagBag from /home/minhle/mlops/dags/model_training.py
[2025-04-23T15:51:26.486+0700] {processor.py:925} INFO - DAG(s) 'model_pipeline_v01' retrieved from /home/minhle/mlops/dags/model_training.py
[2025-04-23T15:51:26.493+0700] {logging_mixin.py:190} INFO - [2025-04-23T15:51:26.493+0700] {dag.py:3239} INFO - Sync 1 DAGs
[2025-04-23T15:51:26.500+0700] {logging_mixin.py:190} INFO - [2025-04-23T15:51:26.500+0700] {dag.py:4180} INFO - Setting next_dagrun for model_pipeline_v01 to 2025-04-23 00:00:00+00:00, run_after=2025-04-24 00:00:00+00:00
[2025-04-23T15:51:26.600+0700] {processor.py:208} INFO - Processing /home/minhle/mlops/dags/model_training.py took 1.762 seconds
[2025-04-23T15:51:56.856+0700] {processor.py:186} INFO - Started process (PID=379698) to work on /home/minhle/mlops/dags/model_training.py
[2025-04-23T15:51:56.856+0700] {processor.py:914} INFO - Processing file /home/minhle/mlops/dags/model_training.py for tasks to queue
[2025-04-23T15:51:56.857+0700] {logging_mixin.py:190} INFO - [2025-04-23T15:51:56.857+0700] {dagbag.py:588} INFO - Filling up the DagBag from /home/minhle/mlops/dags/model_training.py
[2025-04-23T15:51:58.471+0700] {processor.py:925} INFO - DAG(s) 'model_pipeline_v01' retrieved from /home/minhle/mlops/dags/model_training.py
[2025-04-23T15:51:58.478+0700] {logging_mixin.py:190} INFO - [2025-04-23T15:51:58.478+0700] {dag.py:3239} INFO - Sync 1 DAGs
[2025-04-23T15:51:58.486+0700] {logging_mixin.py:190} INFO - [2025-04-23T15:51:58.485+0700] {dag.py:4180} INFO - Setting next_dagrun for model_pipeline_v01 to 2025-04-23 00:00:00+00:00, run_after=2025-04-24 00:00:00+00:00
[2025-04-23T15:51:58.556+0700] {processor.py:208} INFO - Processing /home/minhle/mlops/dags/model_training.py took 1.704 seconds
[2025-04-23T15:52:29.043+0700] {processor.py:186} INFO - Started process (PID=379800) to work on /home/minhle/mlops/dags/model_training.py
[2025-04-23T15:52:29.044+0700] {processor.py:914} INFO - Processing file /home/minhle/mlops/dags/model_training.py for tasks to queue
[2025-04-23T15:52:29.047+0700] {logging_mixin.py:190} INFO - [2025-04-23T15:52:29.046+0700] {dagbag.py:588} INFO - Filling up the DagBag from /home/minhle/mlops/dags/model_training.py
[2025-04-23T15:52:30.712+0700] {processor.py:925} INFO - DAG(s) 'model_pipeline_v01' retrieved from /home/minhle/mlops/dags/model_training.py
[2025-04-23T15:52:30.720+0700] {logging_mixin.py:190} INFO - [2025-04-23T15:52:30.720+0700] {dag.py:3239} INFO - Sync 1 DAGs
[2025-04-23T15:52:30.727+0700] {logging_mixin.py:190} INFO - [2025-04-23T15:52:30.727+0700] {dag.py:4180} INFO - Setting next_dagrun for model_pipeline_v01 to 2025-04-23 00:00:00+00:00, run_after=2025-04-24 00:00:00+00:00
[2025-04-23T15:52:30.794+0700] {processor.py:208} INFO - Processing /home/minhle/mlops/dags/model_training.py took 1.758 seconds
[2025-04-23T15:53:00.988+0700] {processor.py:186} INFO - Started process (PID=379895) to work on /home/minhle/mlops/dags/model_training.py
[2025-04-23T15:53:00.989+0700] {processor.py:914} INFO - Processing file /home/minhle/mlops/dags/model_training.py for tasks to queue
[2025-04-23T15:53:00.990+0700] {logging_mixin.py:190} INFO - [2025-04-23T15:53:00.990+0700] {dagbag.py:588} INFO - Filling up the DagBag from /home/minhle/mlops/dags/model_training.py
[2025-04-23T15:53:02.534+0700] {processor.py:925} INFO - DAG(s) 'model_pipeline_v01' retrieved from /home/minhle/mlops/dags/model_training.py
[2025-04-23T15:53:02.541+0700] {logging_mixin.py:190} INFO - [2025-04-23T15:53:02.541+0700] {dag.py:3239} INFO - Sync 1 DAGs
[2025-04-23T15:53:02.548+0700] {logging_mixin.py:190} INFO - [2025-04-23T15:53:02.548+0700] {dag.py:4180} INFO - Setting next_dagrun for model_pipeline_v01 to 2025-04-23 00:00:00+00:00, run_after=2025-04-24 00:00:00+00:00
[2025-04-23T15:53:02.611+0700] {processor.py:208} INFO - Processing /home/minhle/mlops/dags/model_training.py took 1.633 seconds
[2025-04-23T15:53:32.800+0700] {processor.py:186} INFO - Started process (PID=379975) to work on /home/minhle/mlops/dags/model_training.py
[2025-04-23T15:53:32.801+0700] {processor.py:914} INFO - Processing file /home/minhle/mlops/dags/model_training.py for tasks to queue
[2025-04-23T15:53:32.802+0700] {logging_mixin.py:190} INFO - [2025-04-23T15:53:32.802+0700] {dagbag.py:588} INFO - Filling up the DagBag from /home/minhle/mlops/dags/model_training.py
[2025-04-23T15:53:34.409+0700] {processor.py:925} INFO - DAG(s) 'model_pipeline_v01' retrieved from /home/minhle/mlops/dags/model_training.py
[2025-04-23T15:53:34.417+0700] {logging_mixin.py:190} INFO - [2025-04-23T15:53:34.416+0700] {dag.py:3239} INFO - Sync 1 DAGs
[2025-04-23T15:53:34.424+0700] {logging_mixin.py:190} INFO - [2025-04-23T15:53:34.424+0700] {dag.py:4180} INFO - Setting next_dagrun for model_pipeline_v01 to 2025-04-23 00:00:00+00:00, run_after=2025-04-24 00:00:00+00:00
[2025-04-23T15:53:34.516+0700] {processor.py:208} INFO - Processing /home/minhle/mlops/dags/model_training.py took 1.727 seconds
[2025-04-23T15:54:04.773+0700] {processor.py:186} INFO - Started process (PID=380107) to work on /home/minhle/mlops/dags/model_training.py
[2025-04-23T15:54:04.785+0700] {processor.py:914} INFO - Processing file /home/minhle/mlops/dags/model_training.py for tasks to queue
[2025-04-23T15:54:04.787+0700] {logging_mixin.py:190} INFO - [2025-04-23T15:54:04.786+0700] {dagbag.py:588} INFO - Filling up the DagBag from /home/minhle/mlops/dags/model_training.py
[2025-04-23T15:54:06.406+0700] {processor.py:925} INFO - DAG(s) 'model_pipeline_v01' retrieved from /home/minhle/mlops/dags/model_training.py
[2025-04-23T15:54:06.414+0700] {logging_mixin.py:190} INFO - [2025-04-23T15:54:06.413+0700] {dag.py:3239} INFO - Sync 1 DAGs
[2025-04-23T15:54:06.420+0700] {logging_mixin.py:190} INFO - [2025-04-23T15:54:06.420+0700] {dag.py:4180} INFO - Setting next_dagrun for model_pipeline_v01 to 2025-04-23 00:00:00+00:00, run_after=2025-04-24 00:00:00+00:00
[2025-04-23T15:54:06.489+0700] {processor.py:208} INFO - Processing /home/minhle/mlops/dags/model_training.py took 1.722 seconds
[2025-04-23T15:54:36.616+0700] {processor.py:186} INFO - Started process (PID=380202) to work on /home/minhle/mlops/dags/model_training.py
[2025-04-23T15:54:36.618+0700] {processor.py:914} INFO - Processing file /home/minhle/mlops/dags/model_training.py for tasks to queue
[2025-04-23T15:54:36.620+0700] {logging_mixin.py:190} INFO - [2025-04-23T15:54:36.619+0700] {dagbag.py:588} INFO - Filling up the DagBag from /home/minhle/mlops/dags/model_training.py
[2025-04-23T15:54:38.191+0700] {processor.py:925} INFO - DAG(s) 'model_pipeline_v01' retrieved from /home/minhle/mlops/dags/model_training.py
[2025-04-23T15:54:38.198+0700] {logging_mixin.py:190} INFO - [2025-04-23T15:54:38.198+0700] {dag.py:3239} INFO - Sync 1 DAGs
[2025-04-23T15:54:38.205+0700] {logging_mixin.py:190} INFO - [2025-04-23T15:54:38.205+0700] {dag.py:4180} INFO - Setting next_dagrun for model_pipeline_v01 to 2025-04-23 00:00:00+00:00, run_after=2025-04-24 00:00:00+00:00
[2025-04-23T15:54:38.274+0700] {processor.py:208} INFO - Processing /home/minhle/mlops/dags/model_training.py took 1.670 seconds
[2025-04-23T15:55:08.386+0700] {processor.py:186} INFO - Started process (PID=380318) to work on /home/minhle/mlops/dags/model_training.py
[2025-04-23T15:55:08.394+0700] {processor.py:914} INFO - Processing file /home/minhle/mlops/dags/model_training.py for tasks to queue
[2025-04-23T15:55:08.397+0700] {logging_mixin.py:190} INFO - [2025-04-23T15:55:08.396+0700] {dagbag.py:588} INFO - Filling up the DagBag from /home/minhle/mlops/dags/model_training.py
[2025-04-23T15:55:09.997+0700] {processor.py:925} INFO - DAG(s) 'model_pipeline_v01' retrieved from /home/minhle/mlops/dags/model_training.py
[2025-04-23T15:55:10.004+0700] {logging_mixin.py:190} INFO - [2025-04-23T15:55:10.004+0700] {dag.py:3239} INFO - Sync 1 DAGs
[2025-04-23T15:55:10.119+0700] {logging_mixin.py:190} INFO - [2025-04-23T15:55:10.118+0700] {dag.py:4180} INFO - Setting next_dagrun for model_pipeline_v01 to 2025-04-23 00:00:00+00:00, run_after=2025-04-24 00:00:00+00:00
[2025-04-23T15:55:10.186+0700] {processor.py:208} INFO - Processing /home/minhle/mlops/dags/model_training.py took 1.806 seconds
[2025-04-23T15:55:40.435+0700] {processor.py:186} INFO - Started process (PID=380450) to work on /home/minhle/mlops/dags/model_training.py
[2025-04-23T15:55:40.435+0700] {processor.py:914} INFO - Processing file /home/minhle/mlops/dags/model_training.py for tasks to queue
[2025-04-23T15:55:40.436+0700] {logging_mixin.py:190} INFO - [2025-04-23T15:55:40.436+0700] {dagbag.py:588} INFO - Filling up the DagBag from /home/minhle/mlops/dags/model_training.py
[2025-04-23T15:55:41.998+0700] {processor.py:925} INFO - DAG(s) 'model_pipeline_v01' retrieved from /home/minhle/mlops/dags/model_training.py
[2025-04-23T15:55:42.005+0700] {logging_mixin.py:190} INFO - [2025-04-23T15:55:42.005+0700] {dag.py:3239} INFO - Sync 1 DAGs
[2025-04-23T15:55:42.012+0700] {logging_mixin.py:190} INFO - [2025-04-23T15:55:42.012+0700] {dag.py:4180} INFO - Setting next_dagrun for model_pipeline_v01 to 2025-04-23 00:00:00+00:00, run_after=2025-04-24 00:00:00+00:00
[2025-04-23T15:55:42.081+0700] {processor.py:208} INFO - Processing /home/minhle/mlops/dags/model_training.py took 1.651 seconds
[2025-04-23T15:56:12.230+0700] {processor.py:186} INFO - Started process (PID=380559) to work on /home/minhle/mlops/dags/model_training.py
[2025-04-23T15:56:12.240+0700] {processor.py:914} INFO - Processing file /home/minhle/mlops/dags/model_training.py for tasks to queue
[2025-04-23T15:56:12.242+0700] {logging_mixin.py:190} INFO - [2025-04-23T15:56:12.241+0700] {dagbag.py:588} INFO - Filling up the DagBag from /home/minhle/mlops/dags/model_training.py
[2025-04-23T15:56:13.809+0700] {processor.py:925} INFO - DAG(s) 'model_pipeline_v01' retrieved from /home/minhle/mlops/dags/model_training.py
[2025-04-23T15:56:13.817+0700] {logging_mixin.py:190} INFO - [2025-04-23T15:56:13.816+0700] {dag.py:3239} INFO - Sync 1 DAGs
[2025-04-23T15:56:13.823+0700] {logging_mixin.py:190} INFO - [2025-04-23T15:56:13.823+0700] {dag.py:4180} INFO - Setting next_dagrun for model_pipeline_v01 to 2025-04-23 00:00:00+00:00, run_after=2025-04-24 00:00:00+00:00
[2025-04-23T15:56:13.885+0700] {processor.py:208} INFO - Processing /home/minhle/mlops/dags/model_training.py took 1.661 seconds
[2025-04-23T15:56:44.026+0700] {processor.py:186} INFO - Started process (PID=380651) to work on /home/minhle/mlops/dags/model_training.py
[2025-04-23T15:56:44.028+0700] {processor.py:914} INFO - Processing file /home/minhle/mlops/dags/model_training.py for tasks to queue
[2025-04-23T15:56:44.030+0700] {logging_mixin.py:190} INFO - [2025-04-23T15:56:44.029+0700] {dagbag.py:588} INFO - Filling up the DagBag from /home/minhle/mlops/dags/model_training.py
[2025-04-23T15:56:45.695+0700] {processor.py:925} INFO - DAG(s) 'model_pipeline_v01' retrieved from /home/minhle/mlops/dags/model_training.py
[2025-04-23T15:56:45.703+0700] {logging_mixin.py:190} INFO - [2025-04-23T15:56:45.703+0700] {dag.py:3239} INFO - Sync 1 DAGs
[2025-04-23T15:56:45.710+0700] {logging_mixin.py:190} INFO - [2025-04-23T15:56:45.710+0700] {dag.py:4180} INFO - Setting next_dagrun for model_pipeline_v01 to 2025-04-23 00:00:00+00:00, run_after=2025-04-24 00:00:00+00:00
[2025-04-23T15:56:45.782+0700] {processor.py:208} INFO - Processing /home/minhle/mlops/dags/model_training.py took 1.764 seconds
[2025-04-23T15:57:15.921+0700] {processor.py:186} INFO - Started process (PID=380731) to work on /home/minhle/mlops/dags/model_training.py
[2025-04-23T15:57:15.923+0700] {processor.py:914} INFO - Processing file /home/minhle/mlops/dags/model_training.py for tasks to queue
[2025-04-23T15:57:15.926+0700] {logging_mixin.py:190} INFO - [2025-04-23T15:57:15.926+0700] {dagbag.py:588} INFO - Filling up the DagBag from /home/minhle/mlops/dags/model_training.py
[2025-04-23T15:57:17.590+0700] {processor.py:925} INFO - DAG(s) 'model_pipeline_v01' retrieved from /home/minhle/mlops/dags/model_training.py
[2025-04-23T15:57:17.598+0700] {logging_mixin.py:190} INFO - [2025-04-23T15:57:17.598+0700] {dag.py:3239} INFO - Sync 1 DAGs
[2025-04-23T15:57:17.605+0700] {logging_mixin.py:190} INFO - [2025-04-23T15:57:17.605+0700] {dag.py:4180} INFO - Setting next_dagrun for model_pipeline_v01 to 2025-04-23 00:00:00+00:00, run_after=2025-04-24 00:00:00+00:00
[2025-04-23T15:57:17.661+0700] {processor.py:208} INFO - Processing /home/minhle/mlops/dags/model_training.py took 1.751 seconds
[2025-04-23T15:57:47.805+0700] {processor.py:186} INFO - Started process (PID=380858) to work on /home/minhle/mlops/dags/model_training.py
[2025-04-23T15:57:47.817+0700] {processor.py:914} INFO - Processing file /home/minhle/mlops/dags/model_training.py for tasks to queue
[2025-04-23T15:57:47.818+0700] {logging_mixin.py:190} INFO - [2025-04-23T15:57:47.817+0700] {dagbag.py:588} INFO - Filling up the DagBag from /home/minhle/mlops/dags/model_training.py
[2025-04-23T15:57:49.392+0700] {processor.py:925} INFO - DAG(s) 'model_pipeline_v01' retrieved from /home/minhle/mlops/dags/model_training.py
[2025-04-23T15:57:49.399+0700] {logging_mixin.py:190} INFO - [2025-04-23T15:57:49.399+0700] {dag.py:3239} INFO - Sync 1 DAGs
[2025-04-23T15:57:49.406+0700] {logging_mixin.py:190} INFO - [2025-04-23T15:57:49.406+0700] {dag.py:4180} INFO - Setting next_dagrun for model_pipeline_v01 to 2025-04-23 00:00:00+00:00, run_after=2025-04-24 00:00:00+00:00
[2025-04-23T15:57:49.482+0700] {processor.py:208} INFO - Processing /home/minhle/mlops/dags/model_training.py took 1.680 seconds
[2025-04-23T15:58:19.577+0700] {processor.py:186} INFO - Started process (PID=380945) to work on /home/minhle/mlops/dags/model_training.py
[2025-04-23T15:58:19.577+0700] {processor.py:914} INFO - Processing file /home/minhle/mlops/dags/model_training.py for tasks to queue
[2025-04-23T15:58:19.578+0700] {logging_mixin.py:190} INFO - [2025-04-23T15:58:19.577+0700] {dagbag.py:588} INFO - Filling up the DagBag from /home/minhle/mlops/dags/model_training.py
[2025-04-23T15:58:21.249+0700] {processor.py:925} INFO - DAG(s) 'model_pipeline_v01' retrieved from /home/minhle/mlops/dags/model_training.py
[2025-04-23T15:58:21.257+0700] {logging_mixin.py:190} INFO - [2025-04-23T15:58:21.257+0700] {dag.py:3239} INFO - Sync 1 DAGs
[2025-04-23T15:58:21.394+0700] {logging_mixin.py:190} INFO - [2025-04-23T15:58:21.394+0700] {dag.py:4180} INFO - Setting next_dagrun for model_pipeline_v01 to 2025-04-23 00:00:00+00:00, run_after=2025-04-24 00:00:00+00:00
[2025-04-23T15:58:21.455+0700] {processor.py:208} INFO - Processing /home/minhle/mlops/dags/model_training.py took 1.881 seconds
[2025-04-23T15:58:51.557+0700] {processor.py:186} INFO - Started process (PID=381030) to work on /home/minhle/mlops/dags/model_training.py
[2025-04-23T15:58:51.569+0700] {processor.py:914} INFO - Processing file /home/minhle/mlops/dags/model_training.py for tasks to queue
[2025-04-23T15:58:51.571+0700] {logging_mixin.py:190} INFO - [2025-04-23T15:58:51.570+0700] {dagbag.py:588} INFO - Filling up the DagBag from /home/minhle/mlops/dags/model_training.py
[2025-04-23T15:58:53.135+0700] {processor.py:925} INFO - DAG(s) 'model_pipeline_v01' retrieved from /home/minhle/mlops/dags/model_training.py
[2025-04-23T15:58:53.143+0700] {logging_mixin.py:190} INFO - [2025-04-23T15:58:53.143+0700] {dag.py:3239} INFO - Sync 1 DAGs
[2025-04-23T15:58:53.150+0700] {logging_mixin.py:190} INFO - [2025-04-23T15:58:53.150+0700] {dag.py:4180} INFO - Setting next_dagrun for model_pipeline_v01 to 2025-04-23 00:00:00+00:00, run_after=2025-04-24 00:00:00+00:00
[2025-04-23T15:58:53.222+0700] {processor.py:208} INFO - Processing /home/minhle/mlops/dags/model_training.py took 1.670 seconds
[2025-04-23T15:59:23.342+0700] {processor.py:186} INFO - Started process (PID=381153) to work on /home/minhle/mlops/dags/model_training.py
[2025-04-23T15:59:23.351+0700] {processor.py:914} INFO - Processing file /home/minhle/mlops/dags/model_training.py for tasks to queue
[2025-04-23T15:59:23.352+0700] {logging_mixin.py:190} INFO - [2025-04-23T15:59:23.352+0700] {dagbag.py:588} INFO - Filling up the DagBag from /home/minhle/mlops/dags/model_training.py
[2025-04-23T15:59:24.917+0700] {processor.py:925} INFO - DAG(s) 'model_pipeline_v01' retrieved from /home/minhle/mlops/dags/model_training.py
[2025-04-23T15:59:24.925+0700] {logging_mixin.py:190} INFO - [2025-04-23T15:59:24.925+0700] {dag.py:3239} INFO - Sync 1 DAGs
[2025-04-23T15:59:24.931+0700] {logging_mixin.py:190} INFO - [2025-04-23T15:59:24.931+0700] {dag.py:4180} INFO - Setting next_dagrun for model_pipeline_v01 to 2025-04-23 00:00:00+00:00, run_after=2025-04-24 00:00:00+00:00
[2025-04-23T15:59:25.340+0700] {processor.py:208} INFO - Processing /home/minhle/mlops/dags/model_training.py took 2.003 seconds
[2025-04-23T15:59:55.549+0700] {processor.py:186} INFO - Started process (PID=381233) to work on /home/minhle/mlops/dags/model_training.py
[2025-04-23T15:59:55.608+0700] {processor.py:914} INFO - Processing file /home/minhle/mlops/dags/model_training.py for tasks to queue
[2025-04-23T15:59:55.611+0700] {logging_mixin.py:190} INFO - [2025-04-23T15:59:55.610+0700] {dagbag.py:588} INFO - Filling up the DagBag from /home/minhle/mlops/dags/model_training.py
[2025-04-23T15:59:57.164+0700] {processor.py:925} INFO - DAG(s) 'model_pipeline_v01' retrieved from /home/minhle/mlops/dags/model_training.py
[2025-04-23T15:59:57.171+0700] {logging_mixin.py:190} INFO - [2025-04-23T15:59:57.171+0700] {dag.py:3239} INFO - Sync 1 DAGs
[2025-04-23T15:59:57.178+0700] {logging_mixin.py:190} INFO - [2025-04-23T15:59:57.178+0700] {dag.py:4180} INFO - Setting next_dagrun for model_pipeline_v01 to 2025-04-23 00:00:00+00:00, run_after=2025-04-24 00:00:00+00:00
[2025-04-23T15:59:57.246+0700] {processor.py:208} INFO - Processing /home/minhle/mlops/dags/model_training.py took 1.701 seconds
[2025-04-23T16:00:27.455+0700] {processor.py:186} INFO - Started process (PID=381316) to work on /home/minhle/mlops/dags/model_training.py
[2025-04-23T16:00:27.455+0700] {processor.py:914} INFO - Processing file /home/minhle/mlops/dags/model_training.py for tasks to queue
[2025-04-23T16:00:27.456+0700] {logging_mixin.py:190} INFO - [2025-04-23T16:00:27.456+0700] {dagbag.py:588} INFO - Filling up the DagBag from /home/minhle/mlops/dags/model_training.py
[2025-04-23T16:00:29.163+0700] {processor.py:925} INFO - DAG(s) 'model_pipeline_v01' retrieved from /home/minhle/mlops/dags/model_training.py
[2025-04-23T16:00:29.171+0700] {logging_mixin.py:190} INFO - [2025-04-23T16:00:29.171+0700] {dag.py:3239} INFO - Sync 1 DAGs
[2025-04-23T16:00:29.178+0700] {logging_mixin.py:190} INFO - [2025-04-23T16:00:29.178+0700] {dag.py:4180} INFO - Setting next_dagrun for model_pipeline_v01 to 2025-04-23 00:00:00+00:00, run_after=2025-04-24 00:00:00+00:00
[2025-04-23T16:00:29.240+0700] {processor.py:208} INFO - Processing /home/minhle/mlops/dags/model_training.py took 1.789 seconds
[2025-04-23T16:00:59.344+0700] {processor.py:186} INFO - Started process (PID=381412) to work on /home/minhle/mlops/dags/model_training.py
[2025-04-23T16:00:59.349+0700] {processor.py:914} INFO - Processing file /home/minhle/mlops/dags/model_training.py for tasks to queue
[2025-04-23T16:00:59.351+0700] {logging_mixin.py:190} INFO - [2025-04-23T16:00:59.350+0700] {dagbag.py:588} INFO - Filling up the DagBag from /home/minhle/mlops/dags/model_training.py
[2025-04-23T16:01:00.970+0700] {processor.py:925} INFO - DAG(s) 'model_pipeline_v01' retrieved from /home/minhle/mlops/dags/model_training.py
[2025-04-23T16:01:00.980+0700] {logging_mixin.py:190} INFO - [2025-04-23T16:01:00.980+0700] {dag.py:3239} INFO - Sync 1 DAGs
[2025-04-23T16:01:00.989+0700] {logging_mixin.py:190} INFO - [2025-04-23T16:01:00.989+0700] {dag.py:4180} INFO - Setting next_dagrun for model_pipeline_v01 to 2025-04-23 00:00:00+00:00, run_after=2025-04-24 00:00:00+00:00
[2025-04-23T16:01:01.045+0700] {processor.py:208} INFO - Processing /home/minhle/mlops/dags/model_training.py took 1.709 seconds
[2025-04-23T16:01:31.224+0700] {processor.py:186} INFO - Started process (PID=381494) to work on /home/minhle/mlops/dags/model_training.py
[2025-04-23T16:01:31.225+0700] {processor.py:914} INFO - Processing file /home/minhle/mlops/dags/model_training.py for tasks to queue
[2025-04-23T16:01:31.227+0700] {logging_mixin.py:190} INFO - [2025-04-23T16:01:31.226+0700] {dagbag.py:588} INFO - Filling up the DagBag from /home/minhle/mlops/dags/model_training.py
[2025-04-23T16:01:32.782+0700] {processor.py:925} INFO - DAG(s) 'model_pipeline_v01' retrieved from /home/minhle/mlops/dags/model_training.py
[2025-04-23T16:01:32.793+0700] {logging_mixin.py:190} INFO - [2025-04-23T16:01:32.792+0700] {dag.py:3239} INFO - Sync 1 DAGs
[2025-04-23T16:01:32.910+0700] {logging_mixin.py:190} INFO - [2025-04-23T16:01:32.910+0700] {dag.py:4180} INFO - Setting next_dagrun for model_pipeline_v01 to 2025-04-23 00:00:00+00:00, run_after=2025-04-24 00:00:00+00:00
[2025-04-23T16:01:32.980+0700] {processor.py:208} INFO - Processing /home/minhle/mlops/dags/model_training.py took 1.761 seconds
[2025-04-23T16:02:03.125+0700] {processor.py:186} INFO - Started process (PID=381574) to work on /home/minhle/mlops/dags/model_training.py
[2025-04-23T16:02:03.127+0700] {processor.py:914} INFO - Processing file /home/minhle/mlops/dags/model_training.py for tasks to queue
[2025-04-23T16:02:03.129+0700] {logging_mixin.py:190} INFO - [2025-04-23T16:02:03.128+0700] {dagbag.py:588} INFO - Filling up the DagBag from /home/minhle/mlops/dags/model_training.py
[2025-04-23T16:02:04.729+0700] {processor.py:925} INFO - DAG(s) 'model_pipeline_v01' retrieved from /home/minhle/mlops/dags/model_training.py
[2025-04-23T16:02:04.737+0700] {logging_mixin.py:190} INFO - [2025-04-23T16:02:04.736+0700] {dag.py:3239} INFO - Sync 1 DAGs
[2025-04-23T16:02:04.743+0700] {logging_mixin.py:190} INFO - [2025-04-23T16:02:04.743+0700] {dag.py:4180} INFO - Setting next_dagrun for model_pipeline_v01 to 2025-04-23 00:00:00+00:00, run_after=2025-04-24 00:00:00+00:00
[2025-04-23T16:02:04.859+0700] {processor.py:208} INFO - Processing /home/minhle/mlops/dags/model_training.py took 1.748 seconds
[2025-04-23T16:02:34.942+0700] {processor.py:186} INFO - Started process (PID=381720) to work on /home/minhle/mlops/dags/model_training.py
[2025-04-23T16:02:34.953+0700] {processor.py:914} INFO - Processing file /home/minhle/mlops/dags/model_training.py for tasks to queue
[2025-04-23T16:02:34.955+0700] {logging_mixin.py:190} INFO - [2025-04-23T16:02:34.954+0700] {dagbag.py:588} INFO - Filling up the DagBag from /home/minhle/mlops/dags/model_training.py
[2025-04-23T16:02:36.538+0700] {processor.py:925} INFO - DAG(s) 'model_pipeline_v01' retrieved from /home/minhle/mlops/dags/model_training.py
[2025-04-23T16:02:36.545+0700] {logging_mixin.py:190} INFO - [2025-04-23T16:02:36.545+0700] {dag.py:3239} INFO - Sync 1 DAGs
[2025-04-23T16:02:36.552+0700] {logging_mixin.py:190} INFO - [2025-04-23T16:02:36.552+0700] {dag.py:4180} INFO - Setting next_dagrun for model_pipeline_v01 to 2025-04-23 00:00:00+00:00, run_after=2025-04-24 00:00:00+00:00
[2025-04-23T16:02:36.622+0700] {processor.py:208} INFO - Processing /home/minhle/mlops/dags/model_training.py took 1.684 seconds
[2025-04-23T16:03:06.734+0700] {processor.py:186} INFO - Started process (PID=381800) to work on /home/minhle/mlops/dags/model_training.py
[2025-04-23T16:03:06.734+0700] {processor.py:914} INFO - Processing file /home/minhle/mlops/dags/model_training.py for tasks to queue
[2025-04-23T16:03:06.735+0700] {logging_mixin.py:190} INFO - [2025-04-23T16:03:06.734+0700] {dagbag.py:588} INFO - Filling up the DagBag from /home/minhle/mlops/dags/model_training.py
[2025-04-23T16:03:08.306+0700] {processor.py:925} INFO - DAG(s) 'model_pipeline_v01' retrieved from /home/minhle/mlops/dags/model_training.py
[2025-04-23T16:03:08.314+0700] {logging_mixin.py:190} INFO - [2025-04-23T16:03:08.313+0700] {dag.py:3239} INFO - Sync 1 DAGs
[2025-04-23T16:03:08.320+0700] {logging_mixin.py:190} INFO - [2025-04-23T16:03:08.320+0700] {dag.py:4180} INFO - Setting next_dagrun for model_pipeline_v01 to 2025-04-23 00:00:00+00:00, run_after=2025-04-24 00:00:00+00:00
[2025-04-23T16:03:08.388+0700] {processor.py:208} INFO - Processing /home/minhle/mlops/dags/model_training.py took 1.662 seconds
[2025-04-23T16:03:38.521+0700] {processor.py:186} INFO - Started process (PID=381891) to work on /home/minhle/mlops/dags/model_training.py
[2025-04-23T16:03:38.531+0700] {processor.py:914} INFO - Processing file /home/minhle/mlops/dags/model_training.py for tasks to queue
[2025-04-23T16:03:38.534+0700] {logging_mixin.py:190} INFO - [2025-04-23T16:03:38.533+0700] {dagbag.py:588} INFO - Filling up the DagBag from /home/minhle/mlops/dags/model_training.py
[2025-04-23T16:03:40.118+0700] {processor.py:925} INFO - DAG(s) 'model_pipeline_v01' retrieved from /home/minhle/mlops/dags/model_training.py
[2025-04-23T16:03:40.126+0700] {logging_mixin.py:190} INFO - [2025-04-23T16:03:40.125+0700] {dag.py:3239} INFO - Sync 1 DAGs
[2025-04-23T16:03:40.132+0700] {logging_mixin.py:190} INFO - [2025-04-23T16:03:40.132+0700] {dag.py:4180} INFO - Setting next_dagrun for model_pipeline_v01 to 2025-04-23 00:00:00+00:00, run_after=2025-04-24 00:00:00+00:00
[2025-04-23T16:03:40.203+0700] {processor.py:208} INFO - Processing /home/minhle/mlops/dags/model_training.py took 1.691 seconds
[2025-04-23T16:04:10.314+0700] {processor.py:186} INFO - Started process (PID=381998) to work on /home/minhle/mlops/dags/model_training.py
[2025-04-23T16:04:10.315+0700] {processor.py:914} INFO - Processing file /home/minhle/mlops/dags/model_training.py for tasks to queue
[2025-04-23T16:04:10.317+0700] {logging_mixin.py:190} INFO - [2025-04-23T16:04:10.317+0700] {dagbag.py:588} INFO - Filling up the DagBag from /home/minhle/mlops/dags/model_training.py
[2025-04-23T16:04:11.906+0700] {processor.py:925} INFO - DAG(s) 'model_pipeline_v01' retrieved from /home/minhle/mlops/dags/model_training.py
[2025-04-23T16:04:11.913+0700] {logging_mixin.py:190} INFO - [2025-04-23T16:04:11.913+0700] {dag.py:3239} INFO - Sync 1 DAGs
[2025-04-23T16:04:11.920+0700] {logging_mixin.py:190} INFO - [2025-04-23T16:04:11.920+0700] {dag.py:4180} INFO - Setting next_dagrun for model_pipeline_v01 to 2025-04-23 00:00:00+00:00, run_after=2025-04-24 00:00:00+00:00
[2025-04-23T16:04:12.178+0700] {processor.py:208} INFO - Processing /home/minhle/mlops/dags/model_training.py took 1.870 seconds
[2025-04-23T16:04:42.322+0700] {processor.py:186} INFO - Started process (PID=382081) to work on /home/minhle/mlops/dags/model_training.py
[2025-04-23T16:04:42.367+0700] {processor.py:914} INFO - Processing file /home/minhle/mlops/dags/model_training.py for tasks to queue
[2025-04-23T16:04:42.370+0700] {logging_mixin.py:190} INFO - [2025-04-23T16:04:42.369+0700] {dagbag.py:588} INFO - Filling up the DagBag from /home/minhle/mlops/dags/model_training.py
[2025-04-23T16:04:43.955+0700] {processor.py:925} INFO - DAG(s) 'model_pipeline_v01' retrieved from /home/minhle/mlops/dags/model_training.py
[2025-04-23T16:04:43.962+0700] {logging_mixin.py:190} INFO - [2025-04-23T16:04:43.962+0700] {dag.py:3239} INFO - Sync 1 DAGs
[2025-04-23T16:04:44.075+0700] {logging_mixin.py:190} INFO - [2025-04-23T16:04:44.075+0700] {dag.py:4180} INFO - Setting next_dagrun for model_pipeline_v01 to 2025-04-23 00:00:00+00:00, run_after=2025-04-24 00:00:00+00:00
[2025-04-23T16:04:44.420+0700] {processor.py:208} INFO - Processing /home/minhle/mlops/dags/model_training.py took 2.108 seconds
[2025-04-23T16:05:14.617+0700] {processor.py:186} INFO - Started process (PID=382162) to work on /home/minhle/mlops/dags/model_training.py
[2025-04-23T16:05:14.618+0700] {processor.py:914} INFO - Processing file /home/minhle/mlops/dags/model_training.py for tasks to queue
[2025-04-23T16:05:14.619+0700] {logging_mixin.py:190} INFO - [2025-04-23T16:05:14.619+0700] {dagbag.py:588} INFO - Filling up the DagBag from /home/minhle/mlops/dags/model_training.py
[2025-04-23T16:05:16.209+0700] {processor.py:925} INFO - DAG(s) 'model_pipeline_v01' retrieved from /home/minhle/mlops/dags/model_training.py
[2025-04-23T16:05:16.217+0700] {logging_mixin.py:190} INFO - [2025-04-23T16:05:16.216+0700] {dag.py:3239} INFO - Sync 1 DAGs
[2025-04-23T16:05:16.223+0700] {logging_mixin.py:190} INFO - [2025-04-23T16:05:16.223+0700] {dag.py:4180} INFO - Setting next_dagrun for model_pipeline_v01 to 2025-04-23 00:00:00+00:00, run_after=2025-04-24 00:00:00+00:00
[2025-04-23T16:05:16.299+0700] {processor.py:208} INFO - Processing /home/minhle/mlops/dags/model_training.py took 1.691 seconds
[2025-04-23T16:05:46.418+0700] {processor.py:186} INFO - Started process (PID=382243) to work on /home/minhle/mlops/dags/model_training.py
[2025-04-23T16:05:46.428+0700] {processor.py:914} INFO - Processing file /home/minhle/mlops/dags/model_training.py for tasks to queue
[2025-04-23T16:05:46.430+0700] {logging_mixin.py:190} INFO - [2025-04-23T16:05:46.430+0700] {dagbag.py:588} INFO - Filling up the DagBag from /home/minhle/mlops/dags/model_training.py
[2025-04-23T16:05:48.006+0700] {processor.py:925} INFO - DAG(s) 'model_pipeline_v01' retrieved from /home/minhle/mlops/dags/model_training.py
[2025-04-23T16:05:48.014+0700] {logging_mixin.py:190} INFO - [2025-04-23T16:05:48.014+0700] {dag.py:3239} INFO - Sync 1 DAGs
[2025-04-23T16:05:48.020+0700] {logging_mixin.py:190} INFO - [2025-04-23T16:05:48.020+0700] {dag.py:4180} INFO - Setting next_dagrun for model_pipeline_v01 to 2025-04-23 00:00:00+00:00, run_after=2025-04-24 00:00:00+00:00
[2025-04-23T16:05:48.092+0700] {processor.py:208} INFO - Processing /home/minhle/mlops/dags/model_training.py took 1.679 seconds
[2025-04-23T16:06:18.197+0700] {processor.py:186} INFO - Started process (PID=382324) to work on /home/minhle/mlops/dags/model_training.py
[2025-04-23T16:06:18.198+0700] {processor.py:914} INFO - Processing file /home/minhle/mlops/dags/model_training.py for tasks to queue
[2025-04-23T16:06:18.200+0700] {logging_mixin.py:190} INFO - [2025-04-23T16:06:18.199+0700] {dagbag.py:588} INFO - Filling up the DagBag from /home/minhle/mlops/dags/model_training.py
[2025-04-23T16:06:19.754+0700] {processor.py:925} INFO - DAG(s) 'model_pipeline_v01' retrieved from /home/minhle/mlops/dags/model_training.py
[2025-04-23T16:06:19.761+0700] {logging_mixin.py:190} INFO - [2025-04-23T16:06:19.761+0700] {dag.py:3239} INFO - Sync 1 DAGs
[2025-04-23T16:06:19.768+0700] {logging_mixin.py:190} INFO - [2025-04-23T16:06:19.768+0700] {dag.py:4180} INFO - Setting next_dagrun for model_pipeline_v01 to 2025-04-23 00:00:00+00:00, run_after=2025-04-24 00:00:00+00:00
[2025-04-23T16:06:19.833+0700] {processor.py:208} INFO - Processing /home/minhle/mlops/dags/model_training.py took 1.641 seconds
[2025-04-23T16:06:50.451+0700] {processor.py:186} INFO - Started process (PID=382419) to work on /home/minhle/mlops/dags/model_training.py
[2025-04-23T16:06:50.524+0700] {processor.py:914} INFO - Processing file /home/minhle/mlops/dags/model_training.py for tasks to queue
[2025-04-23T16:06:50.525+0700] {logging_mixin.py:190} INFO - [2025-04-23T16:06:50.525+0700] {dagbag.py:588} INFO - Filling up the DagBag from /home/minhle/mlops/dags/model_training.py
[2025-04-23T16:06:52.215+0700] {processor.py:925} INFO - DAG(s) 'model_pipeline_v01' retrieved from /home/minhle/mlops/dags/model_training.py
[2025-04-23T16:06:52.222+0700] {logging_mixin.py:190} INFO - [2025-04-23T16:06:52.222+0700] {dag.py:3239} INFO - Sync 1 DAGs
[2025-04-23T16:06:52.229+0700] {logging_mixin.py:190} INFO - [2025-04-23T16:06:52.229+0700] {dag.py:4180} INFO - Setting next_dagrun for model_pipeline_v01 to 2025-04-23 00:00:00+00:00, run_after=2025-04-24 00:00:00+00:00
[2025-04-23T16:06:52.291+0700] {processor.py:208} INFO - Processing /home/minhle/mlops/dags/model_training.py took 1.844 seconds
[2025-04-23T16:07:22.465+0700] {processor.py:186} INFO - Started process (PID=382499) to work on /home/minhle/mlops/dags/model_training.py
[2025-04-23T16:07:22.465+0700] {processor.py:914} INFO - Processing file /home/minhle/mlops/dags/model_training.py for tasks to queue
[2025-04-23T16:07:22.466+0700] {logging_mixin.py:190} INFO - [2025-04-23T16:07:22.466+0700] {dagbag.py:588} INFO - Filling up the DagBag from /home/minhle/mlops/dags/model_training.py
[2025-04-23T16:07:24.023+0700] {processor.py:925} INFO - DAG(s) 'model_pipeline_v01' retrieved from /home/minhle/mlops/dags/model_training.py
[2025-04-23T16:07:24.030+0700] {logging_mixin.py:190} INFO - [2025-04-23T16:07:24.030+0700] {dag.py:3239} INFO - Sync 1 DAGs
[2025-04-23T16:07:24.037+0700] {logging_mixin.py:190} INFO - [2025-04-23T16:07:24.037+0700] {dag.py:4180} INFO - Setting next_dagrun for model_pipeline_v01 to 2025-04-23 00:00:00+00:00, run_after=2025-04-24 00:00:00+00:00
[2025-04-23T16:07:24.915+0700] {processor.py:208} INFO - Processing /home/minhle/mlops/dags/model_training.py took 2.457 seconds
[2025-04-23T16:07:55.107+0700] {processor.py:186} INFO - Started process (PID=382589) to work on /home/minhle/mlops/dags/model_training.py
[2025-04-23T16:07:55.108+0700] {processor.py:914} INFO - Processing file /home/minhle/mlops/dags/model_training.py for tasks to queue
[2025-04-23T16:07:55.108+0700] {logging_mixin.py:190} INFO - [2025-04-23T16:07:55.108+0700] {dagbag.py:588} INFO - Filling up the DagBag from /home/minhle/mlops/dags/model_training.py
[2025-04-23T16:07:56.756+0700] {processor.py:925} INFO - DAG(s) 'model_pipeline_v01' retrieved from /home/minhle/mlops/dags/model_training.py
[2025-04-23T16:07:56.775+0700] {logging_mixin.py:190} INFO - [2025-04-23T16:07:56.775+0700] {dag.py:3239} INFO - Sync 1 DAGs
[2025-04-23T16:07:56.782+0700] {logging_mixin.py:190} INFO - [2025-04-23T16:07:56.782+0700] {dag.py:4180} INFO - Setting next_dagrun for model_pipeline_v01 to 2025-04-23 00:00:00+00:00, run_after=2025-04-24 00:00:00+00:00
[2025-04-23T16:07:56.847+0700] {processor.py:208} INFO - Processing /home/minhle/mlops/dags/model_training.py took 1.745 seconds
[2025-04-23T16:08:27.041+0700] {processor.py:186} INFO - Started process (PID=382671) to work on /home/minhle/mlops/dags/model_training.py
[2025-04-23T16:08:27.041+0700] {processor.py:914} INFO - Processing file /home/minhle/mlops/dags/model_training.py for tasks to queue
[2025-04-23T16:08:27.042+0700] {logging_mixin.py:190} INFO - [2025-04-23T16:08:27.042+0700] {dagbag.py:588} INFO - Filling up the DagBag from /home/minhle/mlops/dags/model_training.py
[2025-04-23T16:08:28.607+0700] {processor.py:925} INFO - DAG(s) 'model_pipeline_v01' retrieved from /home/minhle/mlops/dags/model_training.py
[2025-04-23T16:08:28.615+0700] {logging_mixin.py:190} INFO - [2025-04-23T16:08:28.614+0700] {dag.py:3239} INFO - Sync 1 DAGs
[2025-04-23T16:08:28.621+0700] {logging_mixin.py:190} INFO - [2025-04-23T16:08:28.621+0700] {dag.py:4180} INFO - Setting next_dagrun for model_pipeline_v01 to 2025-04-23 00:00:00+00:00, run_after=2025-04-24 00:00:00+00:00
[2025-04-23T16:08:29.431+0700] {processor.py:208} INFO - Processing /home/minhle/mlops/dags/model_training.py took 2.395 seconds
[2025-04-23T16:08:59.586+0700] {processor.py:186} INFO - Started process (PID=382764) to work on /home/minhle/mlops/dags/model_training.py
[2025-04-23T16:08:59.601+0700] {processor.py:914} INFO - Processing file /home/minhle/mlops/dags/model_training.py for tasks to queue
[2025-04-23T16:08:59.603+0700] {logging_mixin.py:190} INFO - [2025-04-23T16:08:59.602+0700] {dagbag.py:588} INFO - Filling up the DagBag from /home/minhle/mlops/dags/model_training.py
[2025-04-23T16:09:01.173+0700] {processor.py:925} INFO - DAG(s) 'model_pipeline_v01' retrieved from /home/minhle/mlops/dags/model_training.py
[2025-04-23T16:09:01.181+0700] {logging_mixin.py:190} INFO - [2025-04-23T16:09:01.181+0700] {dag.py:3239} INFO - Sync 1 DAGs
[2025-04-23T16:09:01.187+0700] {logging_mixin.py:190} INFO - [2025-04-23T16:09:01.187+0700] {dag.py:4180} INFO - Setting next_dagrun for model_pipeline_v01 to 2025-04-23 00:00:00+00:00, run_after=2025-04-24 00:00:00+00:00
[2025-04-23T16:09:01.268+0700] {processor.py:208} INFO - Processing /home/minhle/mlops/dags/model_training.py took 1.686 seconds
[2025-04-23T16:09:31.444+0700] {processor.py:186} INFO - Started process (PID=382882) to work on /home/minhle/mlops/dags/model_training.py
[2025-04-23T16:09:31.445+0700] {processor.py:914} INFO - Processing file /home/minhle/mlops/dags/model_training.py for tasks to queue
[2025-04-23T16:09:31.445+0700] {logging_mixin.py:190} INFO - [2025-04-23T16:09:31.445+0700] {dagbag.py:588} INFO - Filling up the DagBag from /home/minhle/mlops/dags/model_training.py
[2025-04-23T16:09:33.014+0700] {processor.py:925} INFO - DAG(s) 'model_pipeline_v01' retrieved from /home/minhle/mlops/dags/model_training.py
[2025-04-23T16:09:33.021+0700] {logging_mixin.py:190} INFO - [2025-04-23T16:09:33.021+0700] {dag.py:3239} INFO - Sync 1 DAGs
[2025-04-23T16:09:33.030+0700] {logging_mixin.py:190} INFO - [2025-04-23T16:09:33.030+0700] {dag.py:4180} INFO - Setting next_dagrun for model_pipeline_v01 to 2025-04-23 00:00:00+00:00, run_after=2025-04-24 00:00:00+00:00
[2025-04-23T16:09:33.199+0700] {processor.py:208} INFO - Processing /home/minhle/mlops/dags/model_training.py took 1.759 seconds
[2025-04-23T16:10:03.388+0700] {processor.py:186} INFO - Started process (PID=382962) to work on /home/minhle/mlops/dags/model_training.py
[2025-04-23T16:10:03.389+0700] {processor.py:914} INFO - Processing file /home/minhle/mlops/dags/model_training.py for tasks to queue
[2025-04-23T16:10:03.390+0700] {logging_mixin.py:190} INFO - [2025-04-23T16:10:03.390+0700] {dagbag.py:588} INFO - Filling up the DagBag from /home/minhle/mlops/dags/model_training.py
[2025-04-23T16:10:04.963+0700] {processor.py:925} INFO - DAG(s) 'model_pipeline_v01' retrieved from /home/minhle/mlops/dags/model_training.py
[2025-04-23T16:10:04.970+0700] {logging_mixin.py:190} INFO - [2025-04-23T16:10:04.970+0700] {dag.py:3239} INFO - Sync 1 DAGs
[2025-04-23T16:10:04.976+0700] {logging_mixin.py:190} INFO - [2025-04-23T16:10:04.976+0700] {dag.py:4180} INFO - Setting next_dagrun for model_pipeline_v01 to 2025-04-23 00:00:00+00:00, run_after=2025-04-24 00:00:00+00:00
[2025-04-23T16:10:05.517+0700] {processor.py:208} INFO - Processing /home/minhle/mlops/dags/model_training.py took 2.134 seconds
[2025-04-23T16:10:35.676+0700] {processor.py:186} INFO - Started process (PID=383043) to work on /home/minhle/mlops/dags/model_training.py
[2025-04-23T16:10:35.685+0700] {processor.py:914} INFO - Processing file /home/minhle/mlops/dags/model_training.py for tasks to queue
[2025-04-23T16:10:35.687+0700] {logging_mixin.py:190} INFO - [2025-04-23T16:10:35.686+0700] {dagbag.py:588} INFO - Filling up the DagBag from /home/minhle/mlops/dags/model_training.py
[2025-04-23T16:10:37.255+0700] {processor.py:925} INFO - DAG(s) 'model_pipeline_v01' retrieved from /home/minhle/mlops/dags/model_training.py
[2025-04-23T16:10:37.262+0700] {logging_mixin.py:190} INFO - [2025-04-23T16:10:37.262+0700] {dag.py:3239} INFO - Sync 1 DAGs
[2025-04-23T16:10:37.269+0700] {logging_mixin.py:190} INFO - [2025-04-23T16:10:37.269+0700] {dag.py:4180} INFO - Setting next_dagrun for model_pipeline_v01 to 2025-04-23 00:00:00+00:00, run_after=2025-04-24 00:00:00+00:00
[2025-04-23T16:10:37.443+0700] {processor.py:208} INFO - Processing /home/minhle/mlops/dags/model_training.py took 1.772 seconds
[2025-04-23T16:11:07.713+0700] {processor.py:186} INFO - Started process (PID=383123) to work on /home/minhle/mlops/dags/model_training.py
[2025-04-23T16:11:07.714+0700] {processor.py:914} INFO - Processing file /home/minhle/mlops/dags/model_training.py for tasks to queue
[2025-04-23T16:11:07.714+0700] {logging_mixin.py:190} INFO - [2025-04-23T16:11:07.714+0700] {dagbag.py:588} INFO - Filling up the DagBag from /home/minhle/mlops/dags/model_training.py
[2025-04-23T16:11:09.396+0700] {processor.py:925} INFO - DAG(s) 'model_pipeline_v01' retrieved from /home/minhle/mlops/dags/model_training.py
[2025-04-23T16:11:09.404+0700] {logging_mixin.py:190} INFO - [2025-04-23T16:11:09.403+0700] {dag.py:3239} INFO - Sync 1 DAGs
[2025-04-23T16:11:09.411+0700] {logging_mixin.py:190} INFO - [2025-04-23T16:11:09.411+0700] {dag.py:4180} INFO - Setting next_dagrun for model_pipeline_v01 to 2025-04-23 00:00:00+00:00, run_after=2025-04-24 00:00:00+00:00
[2025-04-23T16:11:09.481+0700] {processor.py:208} INFO - Processing /home/minhle/mlops/dags/model_training.py took 1.771 seconds
[2025-04-23T16:11:39.671+0700] {processor.py:186} INFO - Started process (PID=383203) to work on /home/minhle/mlops/dags/model_training.py
[2025-04-23T16:11:39.727+0700] {processor.py:914} INFO - Processing file /home/minhle/mlops/dags/model_training.py for tasks to queue
[2025-04-23T16:11:39.730+0700] {logging_mixin.py:190} INFO - [2025-04-23T16:11:39.729+0700] {dagbag.py:588} INFO - Filling up the DagBag from /home/minhle/mlops/dags/model_training.py
[2025-04-23T16:11:41.291+0700] {processor.py:925} INFO - DAG(s) 'model_pipeline_v01' retrieved from /home/minhle/mlops/dags/model_training.py
[2025-04-23T16:11:41.298+0700] {logging_mixin.py:190} INFO - [2025-04-23T16:11:41.298+0700] {dag.py:3239} INFO - Sync 1 DAGs
[2025-04-23T16:11:41.412+0700] {logging_mixin.py:190} INFO - [2025-04-23T16:11:41.412+0700] {dag.py:4180} INFO - Setting next_dagrun for model_pipeline_v01 to 2025-04-23 00:00:00+00:00, run_after=2025-04-24 00:00:00+00:00
[2025-04-23T16:11:41.498+0700] {processor.py:208} INFO - Processing /home/minhle/mlops/dags/model_training.py took 1.838 seconds
[2025-04-23T16:12:11.732+0700] {processor.py:186} INFO - Started process (PID=383284) to work on /home/minhle/mlops/dags/model_training.py
[2025-04-23T16:12:11.734+0700] {processor.py:914} INFO - Processing file /home/minhle/mlops/dags/model_training.py for tasks to queue
[2025-04-23T16:12:11.737+0700] {logging_mixin.py:190} INFO - [2025-04-23T16:12:11.736+0700] {dagbag.py:588} INFO - Filling up the DagBag from /home/minhle/mlops/dags/model_training.py
[2025-04-23T16:12:13.296+0700] {processor.py:925} INFO - DAG(s) 'model_pipeline_v01' retrieved from /home/minhle/mlops/dags/model_training.py
[2025-04-23T16:12:13.303+0700] {logging_mixin.py:190} INFO - [2025-04-23T16:12:13.303+0700] {dag.py:3239} INFO - Sync 1 DAGs
[2025-04-23T16:12:13.310+0700] {logging_mixin.py:190} INFO - [2025-04-23T16:12:13.310+0700] {dag.py:4180} INFO - Setting next_dagrun for model_pipeline_v01 to 2025-04-23 00:00:00+00:00, run_after=2025-04-24 00:00:00+00:00
[2025-04-23T16:12:13.645+0700] {processor.py:208} INFO - Processing /home/minhle/mlops/dags/model_training.py took 1.925 seconds
[2025-04-23T16:12:43.869+0700] {processor.py:186} INFO - Started process (PID=383378) to work on /home/minhle/mlops/dags/model_training.py
[2025-04-23T16:12:43.876+0700] {processor.py:914} INFO - Processing file /home/minhle/mlops/dags/model_training.py for tasks to queue
[2025-04-23T16:12:43.879+0700] {logging_mixin.py:190} INFO - [2025-04-23T16:12:43.878+0700] {dagbag.py:588} INFO - Filling up the DagBag from /home/minhle/mlops/dags/model_training.py
[2025-04-23T16:12:45.443+0700] {processor.py:925} INFO - DAG(s) 'model_pipeline_v01' retrieved from /home/minhle/mlops/dags/model_training.py
[2025-04-23T16:12:45.454+0700] {logging_mixin.py:190} INFO - [2025-04-23T16:12:45.454+0700] {dag.py:3239} INFO - Sync 1 DAGs
[2025-04-23T16:12:45.461+0700] {logging_mixin.py:190} INFO - [2025-04-23T16:12:45.461+0700] {dag.py:4180} INFO - Setting next_dagrun for model_pipeline_v01 to 2025-04-23 00:00:00+00:00, run_after=2025-04-24 00:00:00+00:00
[2025-04-23T16:12:45.527+0700] {processor.py:208} INFO - Processing /home/minhle/mlops/dags/model_training.py took 1.664 seconds
[2025-04-23T16:13:15.713+0700] {processor.py:186} INFO - Started process (PID=383458) to work on /home/minhle/mlops/dags/model_training.py
[2025-04-23T16:13:15.713+0700] {processor.py:914} INFO - Processing file /home/minhle/mlops/dags/model_training.py for tasks to queue
[2025-04-23T16:13:15.714+0700] {logging_mixin.py:190} INFO - [2025-04-23T16:13:15.714+0700] {dagbag.py:588} INFO - Filling up the DagBag from /home/minhle/mlops/dags/model_training.py
[2025-04-23T16:13:17.278+0700] {processor.py:925} INFO - DAG(s) 'model_pipeline_v01' retrieved from /home/minhle/mlops/dags/model_training.py
[2025-04-23T16:13:17.285+0700] {logging_mixin.py:190} INFO - [2025-04-23T16:13:17.285+0700] {dag.py:3239} INFO - Sync 1 DAGs
[2025-04-23T16:13:17.292+0700] {logging_mixin.py:190} INFO - [2025-04-23T16:13:17.292+0700] {dag.py:4180} INFO - Setting next_dagrun for model_pipeline_v01 to 2025-04-23 00:00:00+00:00, run_after=2025-04-24 00:00:00+00:00
[2025-04-23T16:13:17.398+0700] {processor.py:208} INFO - Processing /home/minhle/mlops/dags/model_training.py took 1.692 seconds
[2025-04-23T16:13:47.554+0700] {processor.py:186} INFO - Started process (PID=383548) to work on /home/minhle/mlops/dags/model_training.py
[2025-04-23T16:13:47.684+0700] {processor.py:914} INFO - Processing file /home/minhle/mlops/dags/model_training.py for tasks to queue
[2025-04-23T16:13:47.687+0700] {logging_mixin.py:190} INFO - [2025-04-23T16:13:47.686+0700] {dagbag.py:588} INFO - Filling up the DagBag from /home/minhle/mlops/dags/model_training.py
[2025-04-23T16:13:49.228+0700] {processor.py:925} INFO - DAG(s) 'model_pipeline_v01' retrieved from /home/minhle/mlops/dags/model_training.py
[2025-04-23T16:13:49.235+0700] {logging_mixin.py:190} INFO - [2025-04-23T16:13:49.235+0700] {dag.py:3239} INFO - Sync 1 DAGs
[2025-04-23T16:13:49.242+0700] {logging_mixin.py:190} INFO - [2025-04-23T16:13:49.242+0700] {dag.py:4180} INFO - Setting next_dagrun for model_pipeline_v01 to 2025-04-23 00:00:00+00:00, run_after=2025-04-24 00:00:00+00:00
[2025-04-23T16:13:49.414+0700] {processor.py:208} INFO - Processing /home/minhle/mlops/dags/model_training.py took 1.863 seconds
[2025-04-23T16:14:19.629+0700] {processor.py:186} INFO - Started process (PID=383656) to work on /home/minhle/mlops/dags/model_training.py
[2025-04-23T16:14:19.630+0700] {processor.py:914} INFO - Processing file /home/minhle/mlops/dags/model_training.py for tasks to queue
[2025-04-23T16:14:19.631+0700] {logging_mixin.py:190} INFO - [2025-04-23T16:14:19.630+0700] {dagbag.py:588} INFO - Filling up the DagBag from /home/minhle/mlops/dags/model_training.py
[2025-04-23T16:14:21.297+0700] {processor.py:925} INFO - DAG(s) 'model_pipeline_v01' retrieved from /home/minhle/mlops/dags/model_training.py
[2025-04-23T16:14:21.304+0700] {logging_mixin.py:190} INFO - [2025-04-23T16:14:21.304+0700] {dag.py:3239} INFO - Sync 1 DAGs
[2025-04-23T16:14:21.312+0700] {logging_mixin.py:190} INFO - [2025-04-23T16:14:21.312+0700] {dag.py:4180} INFO - Setting next_dagrun for model_pipeline_v01 to 2025-04-23 00:00:00+00:00, run_after=2025-04-24 00:00:00+00:00
[2025-04-23T16:14:21.967+0700] {processor.py:208} INFO - Processing /home/minhle/mlops/dags/model_training.py took 2.346 seconds
[2025-04-23T16:14:52.183+0700] {processor.py:186} INFO - Started process (PID=383747) to work on /home/minhle/mlops/dags/model_training.py
[2025-04-23T16:14:52.193+0700] {processor.py:914} INFO - Processing file /home/minhle/mlops/dags/model_training.py for tasks to queue
[2025-04-23T16:14:52.194+0700] {logging_mixin.py:190} INFO - [2025-04-23T16:14:52.194+0700] {dagbag.py:588} INFO - Filling up the DagBag from /home/minhle/mlops/dags/model_training.py
[2025-04-23T16:14:53.773+0700] {processor.py:925} INFO - DAG(s) 'model_pipeline_v01' retrieved from /home/minhle/mlops/dags/model_training.py
[2025-04-23T16:14:53.781+0700] {logging_mixin.py:190} INFO - [2025-04-23T16:14:53.781+0700] {dag.py:3239} INFO - Sync 1 DAGs
[2025-04-23T16:14:53.894+0700] {logging_mixin.py:190} INFO - [2025-04-23T16:14:53.894+0700] {dag.py:4180} INFO - Setting next_dagrun for model_pipeline_v01 to 2025-04-23 00:00:00+00:00, run_after=2025-04-24 00:00:00+00:00
[2025-04-23T16:14:53.960+0700] {processor.py:208} INFO - Processing /home/minhle/mlops/dags/model_training.py took 1.780 seconds
[2025-04-23T16:15:24.067+0700] {processor.py:186} INFO - Started process (PID=383827) to work on /home/minhle/mlops/dags/model_training.py
[2025-04-23T16:15:24.067+0700] {processor.py:914} INFO - Processing file /home/minhle/mlops/dags/model_training.py for tasks to queue
[2025-04-23T16:15:24.068+0700] {logging_mixin.py:190} INFO - [2025-04-23T16:15:24.068+0700] {dagbag.py:588} INFO - Filling up the DagBag from /home/minhle/mlops/dags/model_training.py
[2025-04-23T16:15:25.620+0700] {processor.py:925} INFO - DAG(s) 'model_pipeline_v01' retrieved from /home/minhle/mlops/dags/model_training.py
[2025-04-23T16:15:25.727+0700] {logging_mixin.py:190} INFO - [2025-04-23T16:15:25.727+0700] {dag.py:3239} INFO - Sync 1 DAGs
[2025-04-23T16:15:25.734+0700] {logging_mixin.py:190} INFO - [2025-04-23T16:15:25.734+0700] {dag.py:4180} INFO - Setting next_dagrun for model_pipeline_v01 to 2025-04-23 00:00:00+00:00, run_after=2025-04-24 00:00:00+00:00
[2025-04-23T16:15:25.814+0700] {processor.py:208} INFO - Processing /home/minhle/mlops/dags/model_training.py took 1.750 seconds
[2025-04-23T16:15:56.007+0700] {processor.py:186} INFO - Started process (PID=383907) to work on /home/minhle/mlops/dags/model_training.py
[2025-04-23T16:15:56.047+0700] {processor.py:914} INFO - Processing file /home/minhle/mlops/dags/model_training.py for tasks to queue
[2025-04-23T16:15:56.048+0700] {logging_mixin.py:190} INFO - [2025-04-23T16:15:56.048+0700] {dagbag.py:588} INFO - Filling up the DagBag from /home/minhle/mlops/dags/model_training.py
[2025-04-23T16:15:57.842+0700] {processor.py:925} INFO - DAG(s) 'model_pipeline_v01' retrieved from /home/minhle/mlops/dags/model_training.py
[2025-04-23T16:15:57.851+0700] {logging_mixin.py:190} INFO - [2025-04-23T16:15:57.851+0700] {dag.py:3239} INFO - Sync 1 DAGs
[2025-04-23T16:15:57.860+0700] {logging_mixin.py:190} INFO - [2025-04-23T16:15:57.860+0700] {dag.py:4180} INFO - Setting next_dagrun for model_pipeline_v01 to 2025-04-23 00:00:00+00:00, run_after=2025-04-24 00:00:00+00:00
[2025-04-23T16:15:58.878+0700] {processor.py:208} INFO - Processing /home/minhle/mlops/dags/model_training.py took 2.874 seconds
[2025-04-23T16:16:29.046+0700] {processor.py:186} INFO - Started process (PID=383992) to work on /home/minhle/mlops/dags/model_training.py
[2025-04-23T16:16:29.052+0700] {processor.py:914} INFO - Processing file /home/minhle/mlops/dags/model_training.py for tasks to queue
[2025-04-23T16:16:29.054+0700] {logging_mixin.py:190} INFO - [2025-04-23T16:16:29.053+0700] {dagbag.py:588} INFO - Filling up the DagBag from /home/minhle/mlops/dags/model_training.py
[2025-04-23T16:16:30.632+0700] {processor.py:925} INFO - DAG(s) 'model_pipeline_v01' retrieved from /home/minhle/mlops/dags/model_training.py
[2025-04-23T16:16:30.640+0700] {logging_mixin.py:190} INFO - [2025-04-23T16:16:30.639+0700] {dag.py:3239} INFO - Sync 1 DAGs
[2025-04-23T16:16:30.646+0700] {logging_mixin.py:190} INFO - [2025-04-23T16:16:30.646+0700] {dag.py:4180} INFO - Setting next_dagrun for model_pipeline_v01 to 2025-04-23 00:00:00+00:00, run_after=2025-04-24 00:00:00+00:00
[2025-04-23T16:16:30.723+0700] {processor.py:208} INFO - Processing /home/minhle/mlops/dags/model_training.py took 1.681 seconds
[2025-04-23T16:17:01.111+0700] {processor.py:186} INFO - Started process (PID=384073) to work on /home/minhle/mlops/dags/model_training.py
[2025-04-23T16:17:01.112+0700] {processor.py:914} INFO - Processing file /home/minhle/mlops/dags/model_training.py for tasks to queue
[2025-04-23T16:17:01.114+0700] {logging_mixin.py:190} INFO - [2025-04-23T16:17:01.113+0700] {dagbag.py:588} INFO - Filling up the DagBag from /home/minhle/mlops/dags/model_training.py
[2025-04-23T16:17:02.654+0700] {processor.py:925} INFO - DAG(s) 'model_pipeline_v01' retrieved from /home/minhle/mlops/dags/model_training.py
[2025-04-23T16:17:02.662+0700] {logging_mixin.py:190} INFO - [2025-04-23T16:17:02.662+0700] {dag.py:3239} INFO - Sync 1 DAGs
[2025-04-23T16:17:02.669+0700] {logging_mixin.py:190} INFO - [2025-04-23T16:17:02.669+0700] {dag.py:4180} INFO - Setting next_dagrun for model_pipeline_v01 to 2025-04-23 00:00:00+00:00, run_after=2025-04-24 00:00:00+00:00
[2025-04-23T16:17:02.836+0700] {processor.py:208} INFO - Processing /home/minhle/mlops/dags/model_training.py took 1.732 seconds
[2025-04-23T16:17:33.063+0700] {processor.py:186} INFO - Started process (PID=384177) to work on /home/minhle/mlops/dags/model_training.py
[2025-04-23T16:17:33.186+0700] {processor.py:914} INFO - Processing file /home/minhle/mlops/dags/model_training.py for tasks to queue
[2025-04-23T16:17:33.189+0700] {logging_mixin.py:190} INFO - [2025-04-23T16:17:33.188+0700] {dagbag.py:588} INFO - Filling up the DagBag from /home/minhle/mlops/dags/model_training.py
[2025-04-23T16:17:34.913+0700] {processor.py:925} INFO - DAG(s) 'model_pipeline_v01' retrieved from /home/minhle/mlops/dags/model_training.py
[2025-04-23T16:17:34.921+0700] {logging_mixin.py:190} INFO - [2025-04-23T16:17:34.921+0700] {dag.py:3239} INFO - Sync 1 DAGs
[2025-04-23T16:17:34.928+0700] {logging_mixin.py:190} INFO - [2025-04-23T16:17:34.928+0700] {dag.py:4180} INFO - Setting next_dagrun for model_pipeline_v01 to 2025-04-23 00:00:00+00:00, run_after=2025-04-24 00:00:00+00:00
[2025-04-23T16:17:34.987+0700] {processor.py:208} INFO - Processing /home/minhle/mlops/dags/model_training.py took 1.927 seconds
[2025-04-23T16:18:05.134+0700] {processor.py:186} INFO - Started process (PID=384257) to work on /home/minhle/mlops/dags/model_training.py
[2025-04-23T16:18:05.135+0700] {processor.py:914} INFO - Processing file /home/minhle/mlops/dags/model_training.py for tasks to queue
[2025-04-23T16:18:05.136+0700] {logging_mixin.py:190} INFO - [2025-04-23T16:18:05.136+0700] {dagbag.py:588} INFO - Filling up the DagBag from /home/minhle/mlops/dags/model_training.py
[2025-04-23T16:18:06.682+0700] {processor.py:925} INFO - DAG(s) 'model_pipeline_v01' retrieved from /home/minhle/mlops/dags/model_training.py
[2025-04-23T16:18:06.689+0700] {logging_mixin.py:190} INFO - [2025-04-23T16:18:06.689+0700] {dag.py:3239} INFO - Sync 1 DAGs
[2025-04-23T16:18:06.799+0700] {logging_mixin.py:190} INFO - [2025-04-23T16:18:06.799+0700] {dag.py:4180} INFO - Setting next_dagrun for model_pipeline_v01 to 2025-04-23 00:00:00+00:00, run_after=2025-04-24 00:00:00+00:00
[2025-04-23T16:18:07.235+0700] {processor.py:208} INFO - Processing /home/minhle/mlops/dags/model_training.py took 2.105 seconds
[2025-04-23T16:18:37.540+0700] {processor.py:186} INFO - Started process (PID=384339) to work on /home/minhle/mlops/dags/model_training.py
[2025-04-23T16:18:37.630+0700] {processor.py:914} INFO - Processing file /home/minhle/mlops/dags/model_training.py for tasks to queue
[2025-04-23T16:18:37.632+0700] {logging_mixin.py:190} INFO - [2025-04-23T16:18:37.632+0700] {dagbag.py:588} INFO - Filling up the DagBag from /home/minhle/mlops/dags/model_training.py
[2025-04-23T16:18:39.166+0700] {processor.py:925} INFO - DAG(s) 'model_pipeline_v01' retrieved from /home/minhle/mlops/dags/model_training.py
[2025-04-23T16:18:39.277+0700] {logging_mixin.py:190} INFO - [2025-04-23T16:18:39.276+0700] {dag.py:3239} INFO - Sync 1 DAGs
[2025-04-23T16:18:39.284+0700] {logging_mixin.py:190} INFO - [2025-04-23T16:18:39.284+0700] {dag.py:4180} INFO - Setting next_dagrun for model_pipeline_v01 to 2025-04-23 00:00:00+00:00, run_after=2025-04-24 00:00:00+00:00
[2025-04-23T16:18:39.631+0700] {processor.py:208} INFO - Processing /home/minhle/mlops/dags/model_training.py took 2.095 seconds
[2025-04-23T16:19:09.777+0700] {processor.py:186} INFO - Started process (PID=384447) to work on /home/minhle/mlops/dags/model_training.py
[2025-04-23T16:19:09.777+0700] {processor.py:914} INFO - Processing file /home/minhle/mlops/dags/model_training.py for tasks to queue
[2025-04-23T16:19:09.778+0700] {logging_mixin.py:190} INFO - [2025-04-23T16:19:09.778+0700] {dagbag.py:588} INFO - Filling up the DagBag from /home/minhle/mlops/dags/model_training.py
[2025-04-23T16:19:11.492+0700] {processor.py:925} INFO - DAG(s) 'model_pipeline_v01' retrieved from /home/minhle/mlops/dags/model_training.py
[2025-04-23T16:19:11.499+0700] {logging_mixin.py:190} INFO - [2025-04-23T16:19:11.499+0700] {dag.py:3239} INFO - Sync 1 DAGs
[2025-04-23T16:19:11.506+0700] {logging_mixin.py:190} INFO - [2025-04-23T16:19:11.506+0700] {dag.py:4180} INFO - Setting next_dagrun for model_pipeline_v01 to 2025-04-23 00:00:00+00:00, run_after=2025-04-24 00:00:00+00:00
[2025-04-23T16:19:11.574+0700] {processor.py:208} INFO - Processing /home/minhle/mlops/dags/model_training.py took 1.803 seconds
[2025-04-23T16:19:41.819+0700] {processor.py:186} INFO - Started process (PID=384585) to work on /home/minhle/mlops/dags/model_training.py
[2025-04-23T16:19:41.819+0700] {processor.py:914} INFO - Processing file /home/minhle/mlops/dags/model_training.py for tasks to queue
[2025-04-23T16:19:41.820+0700] {logging_mixin.py:190} INFO - [2025-04-23T16:19:41.820+0700] {dagbag.py:588} INFO - Filling up the DagBag from /home/minhle/mlops/dags/model_training.py
[2025-04-23T16:19:43.462+0700] {processor.py:925} INFO - DAG(s) 'model_pipeline_v01' retrieved from /home/minhle/mlops/dags/model_training.py
[2025-04-23T16:19:43.475+0700] {logging_mixin.py:190} INFO - [2025-04-23T16:19:43.475+0700] {dag.py:3239} INFO - Sync 1 DAGs
[2025-04-23T16:19:43.481+0700] {logging_mixin.py:190} INFO - [2025-04-23T16:19:43.481+0700] {dag.py:4180} INFO - Setting next_dagrun for model_pipeline_v01 to 2025-04-23 00:00:00+00:00, run_after=2025-04-24 00:00:00+00:00
[2025-04-23T16:19:43.552+0700] {processor.py:208} INFO - Processing /home/minhle/mlops/dags/model_training.py took 1.737 seconds
[2025-04-23T16:20:13.727+0700] {processor.py:186} INFO - Started process (PID=384710) to work on /home/minhle/mlops/dags/model_training.py
[2025-04-23T16:20:13.728+0700] {processor.py:914} INFO - Processing file /home/minhle/mlops/dags/model_training.py for tasks to queue
[2025-04-23T16:20:13.729+0700] {logging_mixin.py:190} INFO - [2025-04-23T16:20:13.729+0700] {dagbag.py:588} INFO - Filling up the DagBag from /home/minhle/mlops/dags/model_training.py
[2025-04-23T16:20:15.328+0700] {processor.py:925} INFO - DAG(s) 'model_pipeline_v01' retrieved from /home/minhle/mlops/dags/model_training.py
[2025-04-23T16:20:15.335+0700] {logging_mixin.py:190} INFO - [2025-04-23T16:20:15.335+0700] {dag.py:3239} INFO - Sync 1 DAGs
[2025-04-23T16:20:15.343+0700] {logging_mixin.py:190} INFO - [2025-04-23T16:20:15.343+0700] {dag.py:4180} INFO - Setting next_dagrun for model_pipeline_v01 to 2025-04-23 00:00:00+00:00, run_after=2025-04-24 00:00:00+00:00
[2025-04-23T16:20:15.704+0700] {processor.py:208} INFO - Processing /home/minhle/mlops/dags/model_training.py took 1.981 seconds
[2025-04-23T16:20:45.802+0700] {processor.py:186} INFO - Started process (PID=384790) to work on /home/minhle/mlops/dags/model_training.py
[2025-04-23T16:20:45.813+0700] {processor.py:914} INFO - Processing file /home/minhle/mlops/dags/model_training.py for tasks to queue
[2025-04-23T16:20:45.814+0700] {logging_mixin.py:190} INFO - [2025-04-23T16:20:45.814+0700] {dagbag.py:588} INFO - Filling up the DagBag from /home/minhle/mlops/dags/model_training.py
[2025-04-23T16:20:47.555+0700] {processor.py:925} INFO - DAG(s) 'model_pipeline_v01' retrieved from /home/minhle/mlops/dags/model_training.py
[2025-04-23T16:20:47.562+0700] {logging_mixin.py:190} INFO - [2025-04-23T16:20:47.562+0700] {dag.py:3239} INFO - Sync 1 DAGs
[2025-04-23T16:20:47.570+0700] {logging_mixin.py:190} INFO - [2025-04-23T16:20:47.570+0700] {dag.py:4180} INFO - Setting next_dagrun for model_pipeline_v01 to 2025-04-23 00:00:00+00:00, run_after=2025-04-24 00:00:00+00:00
[2025-04-23T16:20:47.629+0700] {processor.py:208} INFO - Processing /home/minhle/mlops/dags/model_training.py took 1.831 seconds
[2025-04-23T16:21:17.757+0700] {processor.py:186} INFO - Started process (PID=384890) to work on /home/minhle/mlops/dags/model_training.py
[2025-04-23T16:21:17.757+0700] {processor.py:914} INFO - Processing file /home/minhle/mlops/dags/model_training.py for tasks to queue
[2025-04-23T16:21:17.758+0700] {logging_mixin.py:190} INFO - [2025-04-23T16:21:17.758+0700] {dagbag.py:588} INFO - Filling up the DagBag from /home/minhle/mlops/dags/model_training.py
[2025-04-23T16:21:19.329+0700] {processor.py:925} INFO - DAG(s) 'model_pipeline_v01' retrieved from /home/minhle/mlops/dags/model_training.py
[2025-04-23T16:21:19.337+0700] {logging_mixin.py:190} INFO - [2025-04-23T16:21:19.336+0700] {dag.py:3239} INFO - Sync 1 DAGs
[2025-04-23T16:21:19.451+0700] {logging_mixin.py:190} INFO - [2025-04-23T16:21:19.451+0700] {dag.py:4180} INFO - Setting next_dagrun for model_pipeline_v01 to 2025-04-23 00:00:00+00:00, run_after=2025-04-24 00:00:00+00:00
[2025-04-23T16:21:19.521+0700] {processor.py:208} INFO - Processing /home/minhle/mlops/dags/model_training.py took 1.768 seconds
[2025-04-23T16:21:49.630+0700] {processor.py:186} INFO - Started process (PID=384999) to work on /home/minhle/mlops/dags/model_training.py
[2025-04-23T16:21:49.631+0700] {processor.py:914} INFO - Processing file /home/minhle/mlops/dags/model_training.py for tasks to queue
[2025-04-23T16:21:49.632+0700] {logging_mixin.py:190} INFO - [2025-04-23T16:21:49.631+0700] {dagbag.py:588} INFO - Filling up the DagBag from /home/minhle/mlops/dags/model_training.py
[2025-04-23T16:21:51.222+0700] {processor.py:925} INFO - DAG(s) 'model_pipeline_v01' retrieved from /home/minhle/mlops/dags/model_training.py
[2025-04-23T16:21:51.333+0700] {logging_mixin.py:190} INFO - [2025-04-23T16:21:51.332+0700] {dag.py:3239} INFO - Sync 1 DAGs
[2025-04-23T16:21:51.339+0700] {logging_mixin.py:190} INFO - [2025-04-23T16:21:51.339+0700] {dag.py:4180} INFO - Setting next_dagrun for model_pipeline_v01 to 2025-04-23 00:00:00+00:00, run_after=2025-04-24 00:00:00+00:00
[2025-04-23T16:21:51.421+0700] {processor.py:208} INFO - Processing /home/minhle/mlops/dags/model_training.py took 1.795 seconds
[2025-04-23T16:22:21.451+0700] {processor.py:186} INFO - Started process (PID=385105) to work on /home/minhle/mlops/dags/model_training.py
[2025-04-23T16:22:21.452+0700] {processor.py:914} INFO - Processing file /home/minhle/mlops/dags/model_training.py for tasks to queue
[2025-04-23T16:22:21.454+0700] {logging_mixin.py:190} INFO - [2025-04-23T16:22:21.453+0700] {dagbag.py:588} INFO - Filling up the DagBag from /home/minhle/mlops/dags/model_training.py
[2025-04-23T16:22:23.113+0700] {processor.py:925} INFO - DAG(s) 'model_pipeline_v01' retrieved from /home/minhle/mlops/dags/model_training.py
[2025-04-23T16:22:23.121+0700] {logging_mixin.py:190} INFO - [2025-04-23T16:22:23.120+0700] {dag.py:3239} INFO - Sync 1 DAGs
[2025-04-23T16:22:23.127+0700] {logging_mixin.py:190} INFO - [2025-04-23T16:22:23.127+0700] {dag.py:4180} INFO - Setting next_dagrun for model_pipeline_v01 to 2025-04-23 00:00:00+00:00, run_after=2025-04-24 00:00:00+00:00
[2025-04-23T16:22:23.196+0700] {processor.py:208} INFO - Processing /home/minhle/mlops/dags/model_training.py took 1.750 seconds
[2025-04-23T16:22:53.362+0700] {processor.py:186} INFO - Started process (PID=385274) to work on /home/minhle/mlops/dags/model_training.py
[2025-04-23T16:22:53.368+0700] {processor.py:914} INFO - Processing file /home/minhle/mlops/dags/model_training.py for tasks to queue
[2025-04-23T16:22:53.370+0700] {logging_mixin.py:190} INFO - [2025-04-23T16:22:53.370+0700] {dagbag.py:588} INFO - Filling up the DagBag from /home/minhle/mlops/dags/model_training.py
[2025-04-23T16:22:55.337+0700] {processor.py:925} INFO - DAG(s) 'model_pipeline_v01' retrieved from /home/minhle/mlops/dags/model_training.py
[2025-04-23T16:22:55.345+0700] {logging_mixin.py:190} INFO - [2025-04-23T16:22:55.345+0700] {dag.py:3239} INFO - Sync 1 DAGs
[2025-04-23T16:22:55.352+0700] {logging_mixin.py:190} INFO - [2025-04-23T16:22:55.352+0700] {dag.py:4180} INFO - Setting next_dagrun for model_pipeline_v01 to 2025-04-23 00:00:00+00:00, run_after=2025-04-24 00:00:00+00:00
[2025-04-23T16:22:55.412+0700] {processor.py:208} INFO - Processing /home/minhle/mlops/dags/model_training.py took 2.055 seconds
[2025-04-23T16:23:25.541+0700] {processor.py:186} INFO - Started process (PID=385364) to work on /home/minhle/mlops/dags/model_training.py
[2025-04-23T16:23:25.543+0700] {processor.py:914} INFO - Processing file /home/minhle/mlops/dags/model_training.py for tasks to queue
[2025-04-23T16:23:25.545+0700] {logging_mixin.py:190} INFO - [2025-04-23T16:23:25.544+0700] {dagbag.py:588} INFO - Filling up the DagBag from /home/minhle/mlops/dags/model_training.py
[2025-04-23T16:23:27.186+0700] {processor.py:925} INFO - DAG(s) 'model_pipeline_v01' retrieved from /home/minhle/mlops/dags/model_training.py
[2025-04-23T16:23:27.227+0700] {logging_mixin.py:190} INFO - [2025-04-23T16:23:27.227+0700] {dag.py:3239} INFO - Sync 1 DAGs
[2025-04-23T16:23:27.233+0700] {logging_mixin.py:190} INFO - [2025-04-23T16:23:27.233+0700] {dag.py:4180} INFO - Setting next_dagrun for model_pipeline_v01 to 2025-04-23 00:00:00+00:00, run_after=2025-04-24 00:00:00+00:00
[2025-04-23T16:23:27.617+0700] {processor.py:208} INFO - Processing /home/minhle/mlops/dags/model_training.py took 2.085 seconds
[2025-04-23T16:23:57.720+0700] {processor.py:186} INFO - Started process (PID=385445) to work on /home/minhle/mlops/dags/model_training.py
[2025-04-23T16:23:57.720+0700] {processor.py:914} INFO - Processing file /home/minhle/mlops/dags/model_training.py for tasks to queue
[2025-04-23T16:23:57.721+0700] {logging_mixin.py:190} INFO - [2025-04-23T16:23:57.720+0700] {dagbag.py:588} INFO - Filling up the DagBag from /home/minhle/mlops/dags/model_training.py
[2025-04-23T16:23:59.319+0700] {processor.py:925} INFO - DAG(s) 'model_pipeline_v01' retrieved from /home/minhle/mlops/dags/model_training.py
[2025-04-23T16:23:59.331+0700] {logging_mixin.py:190} INFO - [2025-04-23T16:23:59.331+0700] {dag.py:3239} INFO - Sync 1 DAGs
[2025-04-23T16:23:59.338+0700] {logging_mixin.py:190} INFO - [2025-04-23T16:23:59.338+0700] {dag.py:4180} INFO - Setting next_dagrun for model_pipeline_v01 to 2025-04-23 00:00:00+00:00, run_after=2025-04-24 00:00:00+00:00
[2025-04-23T16:23:59.405+0700] {processor.py:208} INFO - Processing /home/minhle/mlops/dags/model_training.py took 1.691 seconds
[2025-04-23T16:24:29.511+0700] {processor.py:186} INFO - Started process (PID=385553) to work on /home/minhle/mlops/dags/model_training.py
[2025-04-23T16:24:29.513+0700] {processor.py:914} INFO - Processing file /home/minhle/mlops/dags/model_training.py for tasks to queue
[2025-04-23T16:24:29.515+0700] {logging_mixin.py:190} INFO - [2025-04-23T16:24:29.514+0700] {dagbag.py:588} INFO - Filling up the DagBag from /home/minhle/mlops/dags/model_training.py
[2025-04-23T16:24:31.036+0700] {processor.py:925} INFO - DAG(s) 'model_pipeline_v01' retrieved from /home/minhle/mlops/dags/model_training.py
[2025-04-23T16:24:31.044+0700] {logging_mixin.py:190} INFO - [2025-04-23T16:24:31.043+0700] {dag.py:3239} INFO - Sync 1 DAGs
[2025-04-23T16:24:31.152+0700] {logging_mixin.py:190} INFO - [2025-04-23T16:24:31.152+0700] {dag.py:4180} INFO - Setting next_dagrun for model_pipeline_v01 to 2025-04-23 00:00:00+00:00, run_after=2025-04-24 00:00:00+00:00
[2025-04-23T16:24:31.250+0700] {processor.py:208} INFO - Processing /home/minhle/mlops/dags/model_training.py took 1.749 seconds
[2025-04-23T16:25:01.382+0700] {processor.py:186} INFO - Started process (PID=385634) to work on /home/minhle/mlops/dags/model_training.py
[2025-04-23T16:25:01.390+0700] {processor.py:914} INFO - Processing file /home/minhle/mlops/dags/model_training.py for tasks to queue
[2025-04-23T16:25:01.391+0700] {logging_mixin.py:190} INFO - [2025-04-23T16:25:01.391+0700] {dagbag.py:588} INFO - Filling up the DagBag from /home/minhle/mlops/dags/model_training.py
[2025-04-23T16:25:02.942+0700] {processor.py:925} INFO - DAG(s) 'model_pipeline_v01' retrieved from /home/minhle/mlops/dags/model_training.py
[2025-04-23T16:25:03.050+0700] {logging_mixin.py:190} INFO - [2025-04-23T16:25:03.049+0700] {dag.py:3239} INFO - Sync 1 DAGs
[2025-04-23T16:25:03.056+0700] {logging_mixin.py:190} INFO - [2025-04-23T16:25:03.056+0700] {dag.py:4180} INFO - Setting next_dagrun for model_pipeline_v01 to 2025-04-23 00:00:00+00:00, run_after=2025-04-24 00:00:00+00:00
[2025-04-23T16:25:03.125+0700] {processor.py:208} INFO - Processing /home/minhle/mlops/dags/model_training.py took 1.748 seconds
[2025-04-23T16:25:33.260+0700] {processor.py:186} INFO - Started process (PID=385715) to work on /home/minhle/mlops/dags/model_training.py
[2025-04-23T16:25:33.260+0700] {processor.py:914} INFO - Processing file /home/minhle/mlops/dags/model_training.py for tasks to queue
[2025-04-23T16:25:33.261+0700] {logging_mixin.py:190} INFO - [2025-04-23T16:25:33.261+0700] {dagbag.py:588} INFO - Filling up the DagBag from /home/minhle/mlops/dags/model_training.py
[2025-04-23T16:25:34.879+0700] {processor.py:925} INFO - DAG(s) 'model_pipeline_v01' retrieved from /home/minhle/mlops/dags/model_training.py
[2025-04-23T16:25:34.886+0700] {logging_mixin.py:190} INFO - [2025-04-23T16:25:34.886+0700] {dag.py:3239} INFO - Sync 1 DAGs
[2025-04-23T16:25:34.893+0700] {logging_mixin.py:190} INFO - [2025-04-23T16:25:34.893+0700] {dag.py:4180} INFO - Setting next_dagrun for model_pipeline_v01 to 2025-04-23 00:00:00+00:00, run_after=2025-04-24 00:00:00+00:00
[2025-04-23T16:25:34.961+0700] {processor.py:208} INFO - Processing /home/minhle/mlops/dags/model_training.py took 1.706 seconds
[2025-04-23T16:26:05.146+0700] {processor.py:186} INFO - Started process (PID=385805) to work on /home/minhle/mlops/dags/model_training.py
[2025-04-23T16:26:05.159+0700] {processor.py:914} INFO - Processing file /home/minhle/mlops/dags/model_training.py for tasks to queue
[2025-04-23T16:26:05.162+0700] {logging_mixin.py:190} INFO - [2025-04-23T16:26:05.161+0700] {dagbag.py:588} INFO - Filling up the DagBag from /home/minhle/mlops/dags/model_training.py
[2025-04-23T16:26:06.799+0700] {processor.py:925} INFO - DAG(s) 'model_pipeline_v01' retrieved from /home/minhle/mlops/dags/model_training.py
[2025-04-23T16:26:06.806+0700] {logging_mixin.py:190} INFO - [2025-04-23T16:26:06.806+0700] {dag.py:3239} INFO - Sync 1 DAGs
[2025-04-23T16:26:06.813+0700] {logging_mixin.py:190} INFO - [2025-04-23T16:26:06.813+0700] {dag.py:4180} INFO - Setting next_dagrun for model_pipeline_v01 to 2025-04-23 00:00:00+00:00, run_after=2025-04-24 00:00:00+00:00
[2025-04-23T16:26:06.882+0700] {processor.py:208} INFO - Processing /home/minhle/mlops/dags/model_training.py took 1.748 seconds
[2025-04-23T16:26:37.031+0700] {processor.py:186} INFO - Started process (PID=385886) to work on /home/minhle/mlops/dags/model_training.py
[2025-04-23T16:26:37.032+0700] {processor.py:914} INFO - Processing file /home/minhle/mlops/dags/model_training.py for tasks to queue
[2025-04-23T16:26:37.034+0700] {logging_mixin.py:190} INFO - [2025-04-23T16:26:37.034+0700] {dagbag.py:588} INFO - Filling up the DagBag from /home/minhle/mlops/dags/model_training.py
[2025-04-23T16:26:38.635+0700] {processor.py:925} INFO - DAG(s) 'model_pipeline_v01' retrieved from /home/minhle/mlops/dags/model_training.py
[2025-04-23T16:26:38.648+0700] {logging_mixin.py:190} INFO - [2025-04-23T16:26:38.647+0700] {dag.py:3239} INFO - Sync 1 DAGs
[2025-04-23T16:26:38.654+0700] {logging_mixin.py:190} INFO - [2025-04-23T16:26:38.654+0700] {dag.py:4180} INFO - Setting next_dagrun for model_pipeline_v01 to 2025-04-23 00:00:00+00:00, run_after=2025-04-24 00:00:00+00:00
[2025-04-23T16:26:38.726+0700] {processor.py:208} INFO - Processing /home/minhle/mlops/dags/model_training.py took 1.700 seconds
[2025-04-23T16:27:08.813+0700] {processor.py:186} INFO - Started process (PID=385966) to work on /home/minhle/mlops/dags/model_training.py
[2025-04-23T16:27:08.814+0700] {processor.py:914} INFO - Processing file /home/minhle/mlops/dags/model_training.py for tasks to queue
[2025-04-23T16:27:08.815+0700] {logging_mixin.py:190} INFO - [2025-04-23T16:27:08.814+0700] {dagbag.py:588} INFO - Filling up the DagBag from /home/minhle/mlops/dags/model_training.py
[2025-04-23T16:27:10.414+0700] {processor.py:925} INFO - DAG(s) 'model_pipeline_v01' retrieved from /home/minhle/mlops/dags/model_training.py
[2025-04-23T16:27:10.421+0700] {logging_mixin.py:190} INFO - [2025-04-23T16:27:10.421+0700] {dag.py:3239} INFO - Sync 1 DAGs
[2025-04-23T16:27:10.428+0700] {logging_mixin.py:190} INFO - [2025-04-23T16:27:10.428+0700] {dag.py:4180} INFO - Setting next_dagrun for model_pipeline_v01 to 2025-04-23 00:00:00+00:00, run_after=2025-04-24 00:00:00+00:00
[2025-04-23T16:27:10.493+0700] {processor.py:208} INFO - Processing /home/minhle/mlops/dags/model_training.py took 1.685 seconds
[2025-04-23T16:27:40.598+0700] {processor.py:186} INFO - Started process (PID=386046) to work on /home/minhle/mlops/dags/model_training.py
[2025-04-23T16:27:40.609+0700] {processor.py:914} INFO - Processing file /home/minhle/mlops/dags/model_training.py for tasks to queue
[2025-04-23T16:27:40.611+0700] {logging_mixin.py:190} INFO - [2025-04-23T16:27:40.611+0700] {dagbag.py:588} INFO - Filling up the DagBag from /home/minhle/mlops/dags/model_training.py
[2025-04-23T16:27:42.137+0700] {processor.py:925} INFO - DAG(s) 'model_pipeline_v01' retrieved from /home/minhle/mlops/dags/model_training.py
[2025-04-23T16:27:42.145+0700] {logging_mixin.py:190} INFO - [2025-04-23T16:27:42.144+0700] {dag.py:3239} INFO - Sync 1 DAGs
[2025-04-23T16:27:42.252+0700] {logging_mixin.py:190} INFO - [2025-04-23T16:27:42.251+0700] {dag.py:4180} INFO - Setting next_dagrun for model_pipeline_v01 to 2025-04-23 00:00:00+00:00, run_after=2025-04-24 00:00:00+00:00
[2025-04-23T16:27:42.315+0700] {processor.py:208} INFO - Processing /home/minhle/mlops/dags/model_training.py took 1.724 seconds
[2025-04-23T16:28:12.484+0700] {processor.py:186} INFO - Started process (PID=386128) to work on /home/minhle/mlops/dags/model_training.py
[2025-04-23T16:28:12.484+0700] {processor.py:914} INFO - Processing file /home/minhle/mlops/dags/model_training.py for tasks to queue
[2025-04-23T16:28:12.484+0700] {logging_mixin.py:190} INFO - [2025-04-23T16:28:12.484+0700] {dagbag.py:588} INFO - Filling up the DagBag from /home/minhle/mlops/dags/model_training.py
[2025-04-23T16:28:13.982+0700] {processor.py:925} INFO - DAG(s) 'model_pipeline_v01' retrieved from /home/minhle/mlops/dags/model_training.py
[2025-04-23T16:28:14.091+0700] {logging_mixin.py:190} INFO - [2025-04-23T16:28:14.090+0700] {dag.py:3239} INFO - Sync 1 DAGs
[2025-04-23T16:28:14.097+0700] {logging_mixin.py:190} INFO - [2025-04-23T16:28:14.097+0700] {dag.py:4180} INFO - Setting next_dagrun for model_pipeline_v01 to 2025-04-23 00:00:00+00:00, run_after=2025-04-24 00:00:00+00:00
[2025-04-23T16:28:14.166+0700] {processor.py:208} INFO - Processing /home/minhle/mlops/dags/model_training.py took 1.689 seconds
[2025-04-23T16:28:44.265+0700] {processor.py:186} INFO - Started process (PID=386209) to work on /home/minhle/mlops/dags/model_training.py
[2025-04-23T16:28:44.272+0700] {processor.py:914} INFO - Processing file /home/minhle/mlops/dags/model_training.py for tasks to queue
[2025-04-23T16:28:44.274+0700] {logging_mixin.py:190} INFO - [2025-04-23T16:28:44.273+0700] {dagbag.py:588} INFO - Filling up the DagBag from /home/minhle/mlops/dags/model_training.py
[2025-04-23T16:28:45.894+0700] {processor.py:925} INFO - DAG(s) 'model_pipeline_v01' retrieved from /home/minhle/mlops/dags/model_training.py
[2025-04-23T16:28:45.901+0700] {logging_mixin.py:190} INFO - [2025-04-23T16:28:45.901+0700] {dag.py:3239} INFO - Sync 1 DAGs
[2025-04-23T16:28:45.908+0700] {logging_mixin.py:190} INFO - [2025-04-23T16:28:45.907+0700] {dag.py:4180} INFO - Setting next_dagrun for model_pipeline_v01 to 2025-04-23 00:00:00+00:00, run_after=2025-04-24 00:00:00+00:00
[2025-04-23T16:28:45.982+0700] {processor.py:208} INFO - Processing /home/minhle/mlops/dags/model_training.py took 1.722 seconds
[2025-04-23T16:29:16.154+0700] {processor.py:186} INFO - Started process (PID=386316) to work on /home/minhle/mlops/dags/model_training.py
[2025-04-23T16:29:16.155+0700] {processor.py:914} INFO - Processing file /home/minhle/mlops/dags/model_training.py for tasks to queue
[2025-04-23T16:29:16.156+0700] {logging_mixin.py:190} INFO - [2025-04-23T16:29:16.156+0700] {dagbag.py:588} INFO - Filling up the DagBag from /home/minhle/mlops/dags/model_training.py
[2025-04-23T16:29:17.814+0700] {processor.py:925} INFO - DAG(s) 'model_pipeline_v01' retrieved from /home/minhle/mlops/dags/model_training.py
[2025-04-23T16:29:17.821+0700] {logging_mixin.py:190} INFO - [2025-04-23T16:29:17.821+0700] {dag.py:3239} INFO - Sync 1 DAGs
[2025-04-23T16:29:17.828+0700] {logging_mixin.py:190} INFO - [2025-04-23T16:29:17.828+0700] {dag.py:4180} INFO - Setting next_dagrun for model_pipeline_v01 to 2025-04-23 00:00:00+00:00, run_after=2025-04-24 00:00:00+00:00
[2025-04-23T16:29:17.893+0700] {processor.py:208} INFO - Processing /home/minhle/mlops/dags/model_training.py took 1.742 seconds
[2025-04-23T16:29:48.026+0700] {processor.py:186} INFO - Started process (PID=386396) to work on /home/minhle/mlops/dags/model_training.py
[2025-04-23T16:29:48.027+0700] {processor.py:914} INFO - Processing file /home/minhle/mlops/dags/model_training.py for tasks to queue
[2025-04-23T16:29:48.028+0700] {logging_mixin.py:190} INFO - [2025-04-23T16:29:48.027+0700] {dagbag.py:588} INFO - Filling up the DagBag from /home/minhle/mlops/dags/model_training.py
[2025-04-23T16:29:49.629+0700] {processor.py:925} INFO - DAG(s) 'model_pipeline_v01' retrieved from /home/minhle/mlops/dags/model_training.py
[2025-04-23T16:29:49.636+0700] {logging_mixin.py:190} INFO - [2025-04-23T16:29:49.636+0700] {dag.py:3239} INFO - Sync 1 DAGs
[2025-04-23T16:29:49.643+0700] {logging_mixin.py:190} INFO - [2025-04-23T16:29:49.643+0700] {dag.py:4180} INFO - Setting next_dagrun for model_pipeline_v01 to 2025-04-23 00:00:00+00:00, run_after=2025-04-24 00:00:00+00:00
[2025-04-23T16:29:49.706+0700] {processor.py:208} INFO - Processing /home/minhle/mlops/dags/model_training.py took 1.685 seconds
[2025-04-23T16:30:19.801+0700] {processor.py:186} INFO - Started process (PID=386491) to work on /home/minhle/mlops/dags/model_training.py
[2025-04-23T16:30:19.801+0700] {processor.py:914} INFO - Processing file /home/minhle/mlops/dags/model_training.py for tasks to queue
[2025-04-23T16:30:19.802+0700] {logging_mixin.py:190} INFO - [2025-04-23T16:30:19.802+0700] {dagbag.py:588} INFO - Filling up the DagBag from /home/minhle/mlops/dags/model_training.py
[2025-04-23T16:30:21.385+0700] {processor.py:925} INFO - DAG(s) 'model_pipeline_v01' retrieved from /home/minhle/mlops/dags/model_training.py
[2025-04-23T16:30:21.392+0700] {logging_mixin.py:190} INFO - [2025-04-23T16:30:21.392+0700] {dag.py:3239} INFO - Sync 1 DAGs
[2025-04-23T16:30:21.400+0700] {logging_mixin.py:190} INFO - [2025-04-23T16:30:21.400+0700] {dag.py:4180} INFO - Setting next_dagrun for model_pipeline_v01 to 2025-04-23 00:00:00+00:00, run_after=2025-04-24 00:00:00+00:00
[2025-04-23T16:30:21.477+0700] {processor.py:208} INFO - Processing /home/minhle/mlops/dags/model_training.py took 1.683 seconds
[2025-04-23T16:30:51.574+0700] {processor.py:186} INFO - Started process (PID=386571) to work on /home/minhle/mlops/dags/model_training.py
[2025-04-23T16:30:51.584+0700] {processor.py:914} INFO - Processing file /home/minhle/mlops/dags/model_training.py for tasks to queue
[2025-04-23T16:30:51.586+0700] {logging_mixin.py:190} INFO - [2025-04-23T16:30:51.586+0700] {dagbag.py:588} INFO - Filling up the DagBag from /home/minhle/mlops/dags/model_training.py
[2025-04-23T16:30:53.199+0700] {processor.py:925} INFO - DAG(s) 'model_pipeline_v01' retrieved from /home/minhle/mlops/dags/model_training.py
[2025-04-23T16:30:53.207+0700] {logging_mixin.py:190} INFO - [2025-04-23T16:30:53.207+0700] {dag.py:3239} INFO - Sync 1 DAGs
[2025-04-23T16:30:53.214+0700] {logging_mixin.py:190} INFO - [2025-04-23T16:30:53.214+0700] {dag.py:4180} INFO - Setting next_dagrun for model_pipeline_v01 to 2025-04-23 00:00:00+00:00, run_after=2025-04-24 00:00:00+00:00
[2025-04-23T16:30:53.283+0700] {processor.py:208} INFO - Processing /home/minhle/mlops/dags/model_training.py took 1.713 seconds
[2025-04-23T16:31:23.454+0700] {processor.py:186} INFO - Started process (PID=386652) to work on /home/minhle/mlops/dags/model_training.py
[2025-04-23T16:31:23.454+0700] {processor.py:914} INFO - Processing file /home/minhle/mlops/dags/model_training.py for tasks to queue
[2025-04-23T16:31:23.455+0700] {logging_mixin.py:190} INFO - [2025-04-23T16:31:23.455+0700] {dagbag.py:588} INFO - Filling up the DagBag from /home/minhle/mlops/dags/model_training.py
[2025-04-23T16:31:25.045+0700] {processor.py:925} INFO - DAG(s) 'model_pipeline_v01' retrieved from /home/minhle/mlops/dags/model_training.py
[2025-04-23T16:31:25.056+0700] {logging_mixin.py:190} INFO - [2025-04-23T16:31:25.056+0700] {dag.py:3239} INFO - Sync 1 DAGs
[2025-04-23T16:31:25.063+0700] {logging_mixin.py:190} INFO - [2025-04-23T16:31:25.063+0700] {dag.py:4180} INFO - Setting next_dagrun for model_pipeline_v01 to 2025-04-23 00:00:00+00:00, run_after=2025-04-24 00:00:00+00:00
[2025-04-23T16:31:25.128+0700] {processor.py:208} INFO - Processing /home/minhle/mlops/dags/model_training.py took 1.681 seconds
[2025-04-23T16:31:55.221+0700] {processor.py:186} INFO - Started process (PID=386732) to work on /home/minhle/mlops/dags/model_training.py
[2025-04-23T16:31:55.222+0700] {processor.py:914} INFO - Processing file /home/minhle/mlops/dags/model_training.py for tasks to queue
[2025-04-23T16:31:55.222+0700] {logging_mixin.py:190} INFO - [2025-04-23T16:31:55.222+0700] {dagbag.py:588} INFO - Filling up the DagBag from /home/minhle/mlops/dags/model_training.py
[2025-04-23T16:31:56.834+0700] {processor.py:925} INFO - DAG(s) 'model_pipeline_v01' retrieved from /home/minhle/mlops/dags/model_training.py
[2025-04-23T16:31:56.841+0700] {logging_mixin.py:190} INFO - [2025-04-23T16:31:56.841+0700] {dag.py:3239} INFO - Sync 1 DAGs
[2025-04-23T16:31:56.847+0700] {logging_mixin.py:190} INFO - [2025-04-23T16:31:56.847+0700] {dag.py:4180} INFO - Setting next_dagrun for model_pipeline_v01 to 2025-04-23 00:00:00+00:00, run_after=2025-04-24 00:00:00+00:00
[2025-04-23T16:31:56.922+0700] {processor.py:208} INFO - Processing /home/minhle/mlops/dags/model_training.py took 1.707 seconds
[2025-04-23T16:32:27.112+0700] {processor.py:186} INFO - Started process (PID=386813) to work on /home/minhle/mlops/dags/model_training.py
[2025-04-23T16:32:27.122+0700] {processor.py:914} INFO - Processing file /home/minhle/mlops/dags/model_training.py for tasks to queue
[2025-04-23T16:32:27.125+0700] {logging_mixin.py:190} INFO - [2025-04-23T16:32:27.124+0700] {dagbag.py:588} INFO - Filling up the DagBag from /home/minhle/mlops/dags/model_training.py
[2025-04-23T16:32:28.787+0700] {processor.py:925} INFO - DAG(s) 'model_pipeline_v01' retrieved from /home/minhle/mlops/dags/model_training.py
[2025-04-23T16:32:28.797+0700] {logging_mixin.py:190} INFO - [2025-04-23T16:32:28.796+0700] {dag.py:3239} INFO - Sync 1 DAGs
[2025-04-23T16:32:28.803+0700] {logging_mixin.py:190} INFO - [2025-04-23T16:32:28.803+0700] {dag.py:4180} INFO - Setting next_dagrun for model_pipeline_v01 to 2025-04-23 00:00:00+00:00, run_after=2025-04-24 00:00:00+00:00
[2025-04-23T16:32:28.870+0700] {processor.py:208} INFO - Processing /home/minhle/mlops/dags/model_training.py took 1.766 seconds
[2025-04-23T16:32:58.964+0700] {processor.py:186} INFO - Started process (PID=386908) to work on /home/minhle/mlops/dags/model_training.py
[2025-04-23T16:32:58.964+0700] {processor.py:914} INFO - Processing file /home/minhle/mlops/dags/model_training.py for tasks to queue
[2025-04-23T16:32:58.965+0700] {logging_mixin.py:190} INFO - [2025-04-23T16:32:58.965+0700] {dagbag.py:588} INFO - Filling up the DagBag from /home/minhle/mlops/dags/model_training.py
[2025-04-23T16:33:00.578+0700] {processor.py:925} INFO - DAG(s) 'model_pipeline_v01' retrieved from /home/minhle/mlops/dags/model_training.py
[2025-04-23T16:33:00.585+0700] {logging_mixin.py:190} INFO - [2025-04-23T16:33:00.585+0700] {dag.py:3239} INFO - Sync 1 DAGs
[2025-04-23T16:33:00.592+0700] {logging_mixin.py:190} INFO - [2025-04-23T16:33:00.592+0700] {dag.py:4180} INFO - Setting next_dagrun for model_pipeline_v01 to 2025-04-23 00:00:00+00:00, run_after=2025-04-24 00:00:00+00:00
[2025-04-23T16:33:00.661+0700] {processor.py:208} INFO - Processing /home/minhle/mlops/dags/model_training.py took 1.701 seconds
[2025-04-23T16:33:30.748+0700] {processor.py:186} INFO - Started process (PID=386988) to work on /home/minhle/mlops/dags/model_training.py
[2025-04-23T16:33:30.766+0700] {processor.py:914} INFO - Processing file /home/minhle/mlops/dags/model_training.py for tasks to queue
[2025-04-23T16:33:30.769+0700] {logging_mixin.py:190} INFO - [2025-04-23T16:33:30.768+0700] {dagbag.py:588} INFO - Filling up the DagBag from /home/minhle/mlops/dags/model_training.py
[2025-04-23T16:33:32.365+0700] {processor.py:925} INFO - DAG(s) 'model_pipeline_v01' retrieved from /home/minhle/mlops/dags/model_training.py
[2025-04-23T16:33:32.372+0700] {logging_mixin.py:190} INFO - [2025-04-23T16:33:32.372+0700] {dag.py:3239} INFO - Sync 1 DAGs
[2025-04-23T16:33:32.379+0700] {logging_mixin.py:190} INFO - [2025-04-23T16:33:32.379+0700] {dag.py:4180} INFO - Setting next_dagrun for model_pipeline_v01 to 2025-04-23 00:00:00+00:00, run_after=2025-04-24 00:00:00+00:00
[2025-04-23T16:33:32.446+0700] {processor.py:208} INFO - Processing /home/minhle/mlops/dags/model_training.py took 1.704 seconds
[2025-04-23T16:34:02.624+0700] {processor.py:186} INFO - Started process (PID=387071) to work on /home/minhle/mlops/dags/model_training.py
[2025-04-23T16:34:02.625+0700] {processor.py:914} INFO - Processing file /home/minhle/mlops/dags/model_training.py for tasks to queue
[2025-04-23T16:34:02.626+0700] {logging_mixin.py:190} INFO - [2025-04-23T16:34:02.626+0700] {dagbag.py:588} INFO - Filling up the DagBag from /home/minhle/mlops/dags/model_training.py
[2025-04-23T16:34:04.262+0700] {processor.py:925} INFO - DAG(s) 'model_pipeline_v01' retrieved from /home/minhle/mlops/dags/model_training.py
[2025-04-23T16:34:04.270+0700] {logging_mixin.py:190} INFO - [2025-04-23T16:34:04.270+0700] {dag.py:3239} INFO - Sync 1 DAGs
[2025-04-23T16:34:04.277+0700] {logging_mixin.py:190} INFO - [2025-04-23T16:34:04.276+0700] {dag.py:4180} INFO - Setting next_dagrun for model_pipeline_v01 to 2025-04-23 00:00:00+00:00, run_after=2025-04-24 00:00:00+00:00
[2025-04-23T16:34:04.340+0700] {processor.py:208} INFO - Processing /home/minhle/mlops/dags/model_training.py took 1.720 seconds
[2025-04-23T16:34:34.509+0700] {processor.py:186} INFO - Started process (PID=387190) to work on /home/minhle/mlops/dags/model_training.py
[2025-04-23T16:34:34.511+0700] {processor.py:914} INFO - Processing file /home/minhle/mlops/dags/model_training.py for tasks to queue
[2025-04-23T16:34:34.511+0700] {logging_mixin.py:190} INFO - [2025-04-23T16:34:34.511+0700] {dagbag.py:588} INFO - Filling up the DagBag from /home/minhle/mlops/dags/model_training.py
[2025-04-23T16:34:36.115+0700] {processor.py:925} INFO - DAG(s) 'model_pipeline_v01' retrieved from /home/minhle/mlops/dags/model_training.py
[2025-04-23T16:34:36.123+0700] {logging_mixin.py:190} INFO - [2025-04-23T16:34:36.123+0700] {dag.py:3239} INFO - Sync 1 DAGs
[2025-04-23T16:34:36.130+0700] {logging_mixin.py:190} INFO - [2025-04-23T16:34:36.130+0700] {dag.py:4180} INFO - Setting next_dagrun for model_pipeline_v01 to 2025-04-23 00:00:00+00:00, run_after=2025-04-24 00:00:00+00:00
[2025-04-23T16:34:36.198+0700] {processor.py:208} INFO - Processing /home/minhle/mlops/dags/model_training.py took 1.694 seconds
[2025-04-23T16:35:06.293+0700] {processor.py:186} INFO - Started process (PID=387272) to work on /home/minhle/mlops/dags/model_training.py
[2025-04-23T16:35:06.294+0700] {processor.py:914} INFO - Processing file /home/minhle/mlops/dags/model_training.py for tasks to queue
[2025-04-23T16:35:06.294+0700] {logging_mixin.py:190} INFO - [2025-04-23T16:35:06.294+0700] {dagbag.py:588} INFO - Filling up the DagBag from /home/minhle/mlops/dags/model_training.py
[2025-04-23T16:35:07.886+0700] {processor.py:925} INFO - DAG(s) 'model_pipeline_v01' retrieved from /home/minhle/mlops/dags/model_training.py
[2025-04-23T16:35:07.893+0700] {logging_mixin.py:190} INFO - [2025-04-23T16:35:07.893+0700] {dag.py:3239} INFO - Sync 1 DAGs
[2025-04-23T16:35:07.899+0700] {logging_mixin.py:190} INFO - [2025-04-23T16:35:07.899+0700] {dag.py:4180} INFO - Setting next_dagrun for model_pipeline_v01 to 2025-04-23 00:00:00+00:00, run_after=2025-04-24 00:00:00+00:00
[2025-04-23T16:35:08.459+0700] {processor.py:208} INFO - Processing /home/minhle/mlops/dags/model_training.py took 2.172 seconds
[2025-04-23T16:35:38.557+0700] {processor.py:186} INFO - Started process (PID=387352) to work on /home/minhle/mlops/dags/model_training.py
[2025-04-23T16:35:38.561+0700] {processor.py:914} INFO - Processing file /home/minhle/mlops/dags/model_training.py for tasks to queue
[2025-04-23T16:35:38.562+0700] {logging_mixin.py:190} INFO - [2025-04-23T16:35:38.561+0700] {dagbag.py:588} INFO - Filling up the DagBag from /home/minhle/mlops/dags/model_training.py
[2025-04-23T16:35:40.183+0700] {processor.py:925} INFO - DAG(s) 'model_pipeline_v01' retrieved from /home/minhle/mlops/dags/model_training.py
[2025-04-23T16:35:40.191+0700] {logging_mixin.py:190} INFO - [2025-04-23T16:35:40.190+0700] {dag.py:3239} INFO - Sync 1 DAGs
[2025-04-23T16:35:40.197+0700] {logging_mixin.py:190} INFO - [2025-04-23T16:35:40.197+0700] {dag.py:4180} INFO - Setting next_dagrun for model_pipeline_v01 to 2025-04-23 00:00:00+00:00, run_after=2025-04-24 00:00:00+00:00
[2025-04-23T16:35:40.267+0700] {processor.py:208} INFO - Processing /home/minhle/mlops/dags/model_training.py took 1.714 seconds
[2025-04-23T16:36:10.444+0700] {processor.py:186} INFO - Started process (PID=387432) to work on /home/minhle/mlops/dags/model_training.py
[2025-04-23T16:36:10.444+0700] {processor.py:914} INFO - Processing file /home/minhle/mlops/dags/model_training.py for tasks to queue
[2025-04-23T16:36:10.445+0700] {logging_mixin.py:190} INFO - [2025-04-23T16:36:10.445+0700] {dagbag.py:588} INFO - Filling up the DagBag from /home/minhle/mlops/dags/model_training.py
[2025-04-23T16:36:12.045+0700] {processor.py:925} INFO - DAG(s) 'model_pipeline_v01' retrieved from /home/minhle/mlops/dags/model_training.py
[2025-04-23T16:36:12.061+0700] {logging_mixin.py:190} INFO - [2025-04-23T16:36:12.061+0700] {dag.py:3239} INFO - Sync 1 DAGs
[2025-04-23T16:36:12.068+0700] {logging_mixin.py:190} INFO - [2025-04-23T16:36:12.068+0700] {dag.py:4180} INFO - Setting next_dagrun for model_pipeline_v01 to 2025-04-23 00:00:00+00:00, run_after=2025-04-24 00:00:00+00:00
[2025-04-23T16:36:12.141+0700] {processor.py:208} INFO - Processing /home/minhle/mlops/dags/model_training.py took 1.702 seconds
[2025-04-23T16:36:42.311+0700] {processor.py:186} INFO - Started process (PID=387524) to work on /home/minhle/mlops/dags/model_training.py
[2025-04-23T16:36:42.312+0700] {processor.py:914} INFO - Processing file /home/minhle/mlops/dags/model_training.py for tasks to queue
[2025-04-23T16:36:42.313+0700] {logging_mixin.py:190} INFO - [2025-04-23T16:36:42.312+0700] {dagbag.py:588} INFO - Filling up the DagBag from /home/minhle/mlops/dags/model_training.py
[2025-04-23T16:36:43.905+0700] {processor.py:925} INFO - DAG(s) 'model_pipeline_v01' retrieved from /home/minhle/mlops/dags/model_training.py
[2025-04-23T16:36:43.912+0700] {logging_mixin.py:190} INFO - [2025-04-23T16:36:43.912+0700] {dag.py:3239} INFO - Sync 1 DAGs
[2025-04-23T16:36:43.919+0700] {logging_mixin.py:190} INFO - [2025-04-23T16:36:43.919+0700] {dag.py:4180} INFO - Setting next_dagrun for model_pipeline_v01 to 2025-04-23 00:00:00+00:00, run_after=2025-04-24 00:00:00+00:00
[2025-04-23T16:36:43.983+0700] {processor.py:208} INFO - Processing /home/minhle/mlops/dags/model_training.py took 1.677 seconds
[2025-04-23T16:37:14.078+0700] {processor.py:186} INFO - Started process (PID=387605) to work on /home/minhle/mlops/dags/model_training.py
[2025-04-23T16:37:14.091+0700] {processor.py:914} INFO - Processing file /home/minhle/mlops/dags/model_training.py for tasks to queue
[2025-04-23T16:37:14.094+0700] {logging_mixin.py:190} INFO - [2025-04-23T16:37:14.093+0700] {dagbag.py:588} INFO - Filling up the DagBag from /home/minhle/mlops/dags/model_training.py
[2025-04-23T16:37:15.691+0700] {processor.py:925} INFO - DAG(s) 'model_pipeline_v01' retrieved from /home/minhle/mlops/dags/model_training.py
[2025-04-23T16:37:15.698+0700] {logging_mixin.py:190} INFO - [2025-04-23T16:37:15.698+0700] {dag.py:3239} INFO - Sync 1 DAGs
[2025-04-23T16:37:15.705+0700] {logging_mixin.py:190} INFO - [2025-04-23T16:37:15.705+0700] {dag.py:4180} INFO - Setting next_dagrun for model_pipeline_v01 to 2025-04-23 00:00:00+00:00, run_after=2025-04-24 00:00:00+00:00
[2025-04-23T16:37:15.774+0700] {processor.py:208} INFO - Processing /home/minhle/mlops/dags/model_training.py took 1.701 seconds
[2025-04-23T16:37:45.875+0700] {processor.py:186} INFO - Started process (PID=387685) to work on /home/minhle/mlops/dags/model_training.py
[2025-04-23T16:37:45.876+0700] {processor.py:914} INFO - Processing file /home/minhle/mlops/dags/model_training.py for tasks to queue
[2025-04-23T16:37:45.877+0700] {logging_mixin.py:190} INFO - [2025-04-23T16:37:45.877+0700] {dagbag.py:588} INFO - Filling up the DagBag from /home/minhle/mlops/dags/model_training.py
[2025-04-23T16:37:47.468+0700] {processor.py:925} INFO - DAG(s) 'model_pipeline_v01' retrieved from /home/minhle/mlops/dags/model_training.py
[2025-04-23T16:37:47.475+0700] {logging_mixin.py:190} INFO - [2025-04-23T16:37:47.475+0700] {dag.py:3239} INFO - Sync 1 DAGs
[2025-04-23T16:37:47.482+0700] {logging_mixin.py:190} INFO - [2025-04-23T16:37:47.482+0700] {dag.py:4180} INFO - Setting next_dagrun for model_pipeline_v01 to 2025-04-23 00:00:00+00:00, run_after=2025-04-24 00:00:00+00:00
[2025-04-23T16:37:47.551+0700] {processor.py:208} INFO - Processing /home/minhle/mlops/dags/model_training.py took 1.680 seconds
[2025-04-23T16:38:17.654+0700] {processor.py:186} INFO - Started process (PID=387777) to work on /home/minhle/mlops/dags/model_training.py
[2025-04-23T16:38:17.669+0700] {processor.py:914} INFO - Processing file /home/minhle/mlops/dags/model_training.py for tasks to queue
[2025-04-23T16:38:17.671+0700] {logging_mixin.py:190} INFO - [2025-04-23T16:38:17.670+0700] {dagbag.py:588} INFO - Filling up the DagBag from /home/minhle/mlops/dags/model_training.py
[2025-04-23T16:38:19.271+0700] {processor.py:925} INFO - DAG(s) 'model_pipeline_v01' retrieved from /home/minhle/mlops/dags/model_training.py
[2025-04-23T16:38:19.278+0700] {logging_mixin.py:190} INFO - [2025-04-23T16:38:19.278+0700] {dag.py:3239} INFO - Sync 1 DAGs
[2025-04-23T16:38:19.285+0700] {logging_mixin.py:190} INFO - [2025-04-23T16:38:19.285+0700] {dag.py:4180} INFO - Setting next_dagrun for model_pipeline_v01 to 2025-04-23 00:00:00+00:00, run_after=2025-04-24 00:00:00+00:00
[2025-04-23T16:38:19.350+0700] {processor.py:208} INFO - Processing /home/minhle/mlops/dags/model_training.py took 1.700 seconds
[2025-04-23T16:38:49.456+0700] {processor.py:186} INFO - Started process (PID=387862) to work on /home/minhle/mlops/dags/model_training.py
[2025-04-23T16:38:49.457+0700] {processor.py:914} INFO - Processing file /home/minhle/mlops/dags/model_training.py for tasks to queue
[2025-04-23T16:38:49.457+0700] {logging_mixin.py:190} INFO - [2025-04-23T16:38:49.457+0700] {dagbag.py:588} INFO - Filling up the DagBag from /home/minhle/mlops/dags/model_training.py
[2025-04-23T16:38:51.064+0700] {processor.py:925} INFO - DAG(s) 'model_pipeline_v01' retrieved from /home/minhle/mlops/dags/model_training.py
[2025-04-23T16:38:51.075+0700] {logging_mixin.py:190} INFO - [2025-04-23T16:38:51.075+0700] {dag.py:3239} INFO - Sync 1 DAGs
[2025-04-23T16:38:51.082+0700] {logging_mixin.py:190} INFO - [2025-04-23T16:38:51.082+0700] {dag.py:4180} INFO - Setting next_dagrun for model_pipeline_v01 to 2025-04-23 00:00:00+00:00, run_after=2025-04-24 00:00:00+00:00
[2025-04-23T16:38:51.145+0700] {processor.py:208} INFO - Processing /home/minhle/mlops/dags/model_training.py took 1.694 seconds
[2025-04-23T16:39:21.243+0700] {processor.py:186} INFO - Started process (PID=387969) to work on /home/minhle/mlops/dags/model_training.py
[2025-04-23T16:39:21.243+0700] {processor.py:914} INFO - Processing file /home/minhle/mlops/dags/model_training.py for tasks to queue
[2025-04-23T16:39:21.244+0700] {logging_mixin.py:190} INFO - [2025-04-23T16:39:21.244+0700] {dagbag.py:588} INFO - Filling up the DagBag from /home/minhle/mlops/dags/model_training.py
[2025-04-23T16:39:22.847+0700] {processor.py:925} INFO - DAG(s) 'model_pipeline_v01' retrieved from /home/minhle/mlops/dags/model_training.py
[2025-04-23T16:39:22.854+0700] {logging_mixin.py:190} INFO - [2025-04-23T16:39:22.853+0700] {dag.py:3239} INFO - Sync 1 DAGs
[2025-04-23T16:39:22.860+0700] {logging_mixin.py:190} INFO - [2025-04-23T16:39:22.860+0700] {dag.py:4180} INFO - Setting next_dagrun for model_pipeline_v01 to 2025-04-23 00:00:00+00:00, run_after=2025-04-24 00:00:00+00:00
[2025-04-23T16:39:22.930+0700] {processor.py:208} INFO - Processing /home/minhle/mlops/dags/model_training.py took 1.692 seconds
[2025-04-23T16:39:54.649+0700] {processor.py:186} INFO - Started process (PID=388049) to work on /home/minhle/mlops/dags/model_training.py
[2025-04-23T16:39:54.660+0700] {processor.py:914} INFO - Processing file /home/minhle/mlops/dags/model_training.py for tasks to queue
[2025-04-23T16:39:54.663+0700] {logging_mixin.py:190} INFO - [2025-04-23T16:39:54.662+0700] {dagbag.py:588} INFO - Filling up the DagBag from /home/minhle/mlops/dags/model_training.py
[2025-04-23T16:39:56.282+0700] {processor.py:925} INFO - DAG(s) 'model_pipeline_v01' retrieved from /home/minhle/mlops/dags/model_training.py
[2025-04-23T16:39:56.290+0700] {logging_mixin.py:190} INFO - [2025-04-23T16:39:56.289+0700] {dag.py:3239} INFO - Sync 1 DAGs
[2025-04-23T16:39:56.297+0700] {logging_mixin.py:190} INFO - [2025-04-23T16:39:56.297+0700] {dag.py:4180} INFO - Setting next_dagrun for model_pipeline_v01 to 2025-04-23 00:00:00+00:00, run_after=2025-04-24 00:00:00+00:00
[2025-04-23T16:39:56.404+0700] {processor.py:208} INFO - Processing /home/minhle/mlops/dags/model_training.py took 1.761 seconds
[2025-04-23T16:40:27.213+0700] {processor.py:186} INFO - Started process (PID=388130) to work on /home/minhle/mlops/dags/model_training.py
[2025-04-23T16:40:27.214+0700] {processor.py:914} INFO - Processing file /home/minhle/mlops/dags/model_training.py for tasks to queue
[2025-04-23T16:40:27.215+0700] {logging_mixin.py:190} INFO - [2025-04-23T16:40:27.214+0700] {dagbag.py:588} INFO - Filling up the DagBag from /home/minhle/mlops/dags/model_training.py
[2025-04-23T16:40:28.803+0700] {processor.py:925} INFO - DAG(s) 'model_pipeline_v01' retrieved from /home/minhle/mlops/dags/model_training.py
[2025-04-23T16:40:28.811+0700] {logging_mixin.py:190} INFO - [2025-04-23T16:40:28.810+0700] {dag.py:3239} INFO - Sync 1 DAGs
[2025-04-23T16:40:28.817+0700] {logging_mixin.py:190} INFO - [2025-04-23T16:40:28.817+0700] {dag.py:4180} INFO - Setting next_dagrun for model_pipeline_v01 to 2025-04-23 00:00:00+00:00, run_after=2025-04-24 00:00:00+00:00
[2025-04-23T16:40:29.165+0700] {processor.py:208} INFO - Processing /home/minhle/mlops/dags/model_training.py took 1.957 seconds
[2025-04-23T16:40:59.903+0700] {processor.py:186} INFO - Started process (PID=388211) to work on /home/minhle/mlops/dags/model_training.py
[2025-04-23T16:40:59.953+0700] {processor.py:914} INFO - Processing file /home/minhle/mlops/dags/model_training.py for tasks to queue
[2025-04-23T16:40:59.957+0700] {logging_mixin.py:190} INFO - [2025-04-23T16:40:59.956+0700] {dagbag.py:588} INFO - Filling up the DagBag from /home/minhle/mlops/dags/model_training.py
[2025-04-23T16:41:01.567+0700] {processor.py:925} INFO - DAG(s) 'model_pipeline_v01' retrieved from /home/minhle/mlops/dags/model_training.py
[2025-04-23T16:41:01.574+0700] {logging_mixin.py:190} INFO - [2025-04-23T16:41:01.574+0700] {dag.py:3239} INFO - Sync 1 DAGs
[2025-04-23T16:41:01.581+0700] {logging_mixin.py:190} INFO - [2025-04-23T16:41:01.581+0700] {dag.py:4180} INFO - Setting next_dagrun for model_pipeline_v01 to 2025-04-23 00:00:00+00:00, run_after=2025-04-24 00:00:00+00:00
[2025-04-23T16:41:01.974+0700] {processor.py:208} INFO - Processing /home/minhle/mlops/dags/model_training.py took 2.077 seconds
[2025-04-23T16:41:32.369+0700] {processor.py:186} INFO - Started process (PID=388291) to work on /home/minhle/mlops/dags/model_training.py
[2025-04-23T16:41:32.369+0700] {processor.py:914} INFO - Processing file /home/minhle/mlops/dags/model_training.py for tasks to queue
[2025-04-23T16:41:32.370+0700] {logging_mixin.py:190} INFO - [2025-04-23T16:41:32.370+0700] {dagbag.py:588} INFO - Filling up the DagBag from /home/minhle/mlops/dags/model_training.py
[2025-04-23T16:41:33.978+0700] {processor.py:925} INFO - DAG(s) 'model_pipeline_v01' retrieved from /home/minhle/mlops/dags/model_training.py
[2025-04-23T16:41:33.986+0700] {logging_mixin.py:190} INFO - [2025-04-23T16:41:33.985+0700] {dag.py:3239} INFO - Sync 1 DAGs
[2025-04-23T16:41:33.992+0700] {logging_mixin.py:190} INFO - [2025-04-23T16:41:33.992+0700] {dag.py:4180} INFO - Setting next_dagrun for model_pipeline_v01 to 2025-04-23 00:00:00+00:00, run_after=2025-04-24 00:00:00+00:00
[2025-04-23T16:41:34.079+0700] {processor.py:208} INFO - Processing /home/minhle/mlops/dags/model_training.py took 1.715 seconds
[2025-04-23T16:42:05.169+0700] {processor.py:186} INFO - Started process (PID=388372) to work on /home/minhle/mlops/dags/model_training.py
[2025-04-23T16:42:05.169+0700] {processor.py:914} INFO - Processing file /home/minhle/mlops/dags/model_training.py for tasks to queue
[2025-04-23T16:42:05.170+0700] {logging_mixin.py:190} INFO - [2025-04-23T16:42:05.170+0700] {dagbag.py:588} INFO - Filling up the DagBag from /home/minhle/mlops/dags/model_training.py
[2025-04-23T16:42:06.763+0700] {processor.py:925} INFO - DAG(s) 'model_pipeline_v01' retrieved from /home/minhle/mlops/dags/model_training.py
[2025-04-23T16:42:06.770+0700] {logging_mixin.py:190} INFO - [2025-04-23T16:42:06.770+0700] {dag.py:3239} INFO - Sync 1 DAGs
[2025-04-23T16:42:06.777+0700] {logging_mixin.py:190} INFO - [2025-04-23T16:42:06.777+0700] {dag.py:4180} INFO - Setting next_dagrun for model_pipeline_v01 to 2025-04-23 00:00:00+00:00, run_after=2025-04-24 00:00:00+00:00
[2025-04-23T16:42:06.865+0700] {processor.py:208} INFO - Processing /home/minhle/mlops/dags/model_training.py took 1.701 seconds
[2025-04-23T16:42:36.988+0700] {processor.py:186} INFO - Started process (PID=388453) to work on /home/minhle/mlops/dags/model_training.py
[2025-04-23T16:42:36.989+0700] {processor.py:914} INFO - Processing file /home/minhle/mlops/dags/model_training.py for tasks to queue
[2025-04-23T16:42:36.989+0700] {logging_mixin.py:190} INFO - [2025-04-23T16:42:36.989+0700] {dagbag.py:588} INFO - Filling up the DagBag from /home/minhle/mlops/dags/model_training.py
[2025-04-23T16:42:38.617+0700] {processor.py:925} INFO - DAG(s) 'model_pipeline_v01' retrieved from /home/minhle/mlops/dags/model_training.py
[2025-04-23T16:42:38.624+0700] {logging_mixin.py:190} INFO - [2025-04-23T16:42:38.624+0700] {dag.py:3239} INFO - Sync 1 DAGs
[2025-04-23T16:42:38.631+0700] {logging_mixin.py:190} INFO - [2025-04-23T16:42:38.631+0700] {dag.py:4180} INFO - Setting next_dagrun for model_pipeline_v01 to 2025-04-23 00:00:00+00:00, run_after=2025-04-24 00:00:00+00:00
[2025-04-23T16:42:38.735+0700] {processor.py:208} INFO - Processing /home/minhle/mlops/dags/model_training.py took 1.752 seconds
[2025-04-23T16:43:08.932+0700] {processor.py:186} INFO - Started process (PID=388533) to work on /home/minhle/mlops/dags/model_training.py
[2025-04-23T16:43:08.942+0700] {processor.py:914} INFO - Processing file /home/minhle/mlops/dags/model_training.py for tasks to queue
[2025-04-23T16:43:08.945+0700] {logging_mixin.py:190} INFO - [2025-04-23T16:43:08.944+0700] {dagbag.py:588} INFO - Filling up the DagBag from /home/minhle/mlops/dags/model_training.py
[2025-04-23T16:43:10.543+0700] {processor.py:925} INFO - DAG(s) 'model_pipeline_v01' retrieved from /home/minhle/mlops/dags/model_training.py
[2025-04-23T16:43:10.550+0700] {logging_mixin.py:190} INFO - [2025-04-23T16:43:10.550+0700] {dag.py:3239} INFO - Sync 1 DAGs
[2025-04-23T16:43:10.557+0700] {logging_mixin.py:190} INFO - [2025-04-23T16:43:10.557+0700] {dag.py:4180} INFO - Setting next_dagrun for model_pipeline_v01 to 2025-04-23 00:00:00+00:00, run_after=2025-04-24 00:00:00+00:00
[2025-04-23T16:43:10.629+0700] {processor.py:208} INFO - Processing /home/minhle/mlops/dags/model_training.py took 1.703 seconds
[2025-04-23T16:43:40.813+0700] {processor.py:186} INFO - Started process (PID=388615) to work on /home/minhle/mlops/dags/model_training.py
[2025-04-23T16:43:40.814+0700] {processor.py:914} INFO - Processing file /home/minhle/mlops/dags/model_training.py for tasks to queue
[2025-04-23T16:43:40.814+0700] {logging_mixin.py:190} INFO - [2025-04-23T16:43:40.814+0700] {dagbag.py:588} INFO - Filling up the DagBag from /home/minhle/mlops/dags/model_training.py
[2025-04-23T16:43:42.404+0700] {processor.py:925} INFO - DAG(s) 'model_pipeline_v01' retrieved from /home/minhle/mlops/dags/model_training.py
[2025-04-23T16:43:42.412+0700] {logging_mixin.py:190} INFO - [2025-04-23T16:43:42.412+0700] {dag.py:3239} INFO - Sync 1 DAGs
[2025-04-23T16:43:42.418+0700] {logging_mixin.py:190} INFO - [2025-04-23T16:43:42.418+0700] {dag.py:4180} INFO - Setting next_dagrun for model_pipeline_v01 to 2025-04-23 00:00:00+00:00, run_after=2025-04-24 00:00:00+00:00
[2025-04-23T16:43:42.484+0700] {processor.py:208} INFO - Processing /home/minhle/mlops/dags/model_training.py took 1.677 seconds
[2025-04-23T16:44:12.594+0700] {processor.py:186} INFO - Started process (PID=388733) to work on /home/minhle/mlops/dags/model_training.py
[2025-04-23T16:44:12.603+0700] {processor.py:914} INFO - Processing file /home/minhle/mlops/dags/model_training.py for tasks to queue
[2025-04-23T16:44:12.606+0700] {logging_mixin.py:190} INFO - [2025-04-23T16:44:12.605+0700] {dagbag.py:588} INFO - Filling up the DagBag from /home/minhle/mlops/dags/model_training.py
[2025-04-23T16:44:14.222+0700] {processor.py:925} INFO - DAG(s) 'model_pipeline_v01' retrieved from /home/minhle/mlops/dags/model_training.py
[2025-04-23T16:44:14.229+0700] {logging_mixin.py:190} INFO - [2025-04-23T16:44:14.229+0700] {dag.py:3239} INFO - Sync 1 DAGs
[2025-04-23T16:44:14.236+0700] {logging_mixin.py:190} INFO - [2025-04-23T16:44:14.236+0700] {dag.py:4180} INFO - Setting next_dagrun for model_pipeline_v01 to 2025-04-23 00:00:00+00:00, run_after=2025-04-24 00:00:00+00:00
[2025-04-23T16:44:14.300+0700] {processor.py:208} INFO - Processing /home/minhle/mlops/dags/model_training.py took 1.710 seconds
[2025-04-23T16:44:44.468+0700] {processor.py:186} INFO - Started process (PID=388813) to work on /home/minhle/mlops/dags/model_training.py
[2025-04-23T16:44:44.469+0700] {processor.py:914} INFO - Processing file /home/minhle/mlops/dags/model_training.py for tasks to queue
[2025-04-23T16:44:44.469+0700] {logging_mixin.py:190} INFO - [2025-04-23T16:44:44.469+0700] {dagbag.py:588} INFO - Filling up the DagBag from /home/minhle/mlops/dags/model_training.py
[2025-04-23T16:44:46.067+0700] {processor.py:925} INFO - DAG(s) 'model_pipeline_v01' retrieved from /home/minhle/mlops/dags/model_training.py
[2025-04-23T16:44:46.074+0700] {logging_mixin.py:190} INFO - [2025-04-23T16:44:46.074+0700] {dag.py:3239} INFO - Sync 1 DAGs
[2025-04-23T16:44:46.081+0700] {logging_mixin.py:190} INFO - [2025-04-23T16:44:46.081+0700] {dag.py:4180} INFO - Setting next_dagrun for model_pipeline_v01 to 2025-04-23 00:00:00+00:00, run_after=2025-04-24 00:00:00+00:00
[2025-04-23T16:44:46.140+0700] {processor.py:208} INFO - Processing /home/minhle/mlops/dags/model_training.py took 1.675 seconds
[2025-04-23T16:45:16.266+0700] {processor.py:186} INFO - Started process (PID=388893) to work on /home/minhle/mlops/dags/model_training.py
[2025-04-23T16:45:16.268+0700] {processor.py:914} INFO - Processing file /home/minhle/mlops/dags/model_training.py for tasks to queue
[2025-04-23T16:45:16.270+0700] {logging_mixin.py:190} INFO - [2025-04-23T16:45:16.269+0700] {dagbag.py:588} INFO - Filling up the DagBag from /home/minhle/mlops/dags/model_training.py
[2025-04-23T16:45:17.868+0700] {processor.py:925} INFO - DAG(s) 'model_pipeline_v01' retrieved from /home/minhle/mlops/dags/model_training.py
[2025-04-23T16:45:17.875+0700] {logging_mixin.py:190} INFO - [2025-04-23T16:45:17.875+0700] {dag.py:3239} INFO - Sync 1 DAGs
[2025-04-23T16:45:17.882+0700] {logging_mixin.py:190} INFO - [2025-04-23T16:45:17.882+0700] {dag.py:4180} INFO - Setting next_dagrun for model_pipeline_v01 to 2025-04-23 00:00:00+00:00, run_after=2025-04-24 00:00:00+00:00
[2025-04-23T16:45:17.946+0700] {processor.py:208} INFO - Processing /home/minhle/mlops/dags/model_training.py took 1.692 seconds
[2025-04-23T16:45:48.049+0700] {processor.py:186} INFO - Started process (PID=388973) to work on /home/minhle/mlops/dags/model_training.py
[2025-04-23T16:45:48.049+0700] {processor.py:914} INFO - Processing file /home/minhle/mlops/dags/model_training.py for tasks to queue
[2025-04-23T16:45:48.050+0700] {logging_mixin.py:190} INFO - [2025-04-23T16:45:48.049+0700] {dagbag.py:588} INFO - Filling up the DagBag from /home/minhle/mlops/dags/model_training.py
[2025-04-23T16:45:49.641+0700] {processor.py:925} INFO - DAG(s) 'model_pipeline_v01' retrieved from /home/minhle/mlops/dags/model_training.py
[2025-04-23T16:45:49.648+0700] {logging_mixin.py:190} INFO - [2025-04-23T16:45:49.648+0700] {dag.py:3239} INFO - Sync 1 DAGs
[2025-04-23T16:45:49.655+0700] {logging_mixin.py:190} INFO - [2025-04-23T16:45:49.655+0700] {dag.py:4180} INFO - Setting next_dagrun for model_pipeline_v01 to 2025-04-23 00:00:00+00:00, run_after=2025-04-24 00:00:00+00:00
[2025-04-23T16:45:49.727+0700] {processor.py:208} INFO - Processing /home/minhle/mlops/dags/model_training.py took 1.685 seconds
[2025-04-23T16:46:19.913+0700] {processor.py:186} INFO - Started process (PID=389054) to work on /home/minhle/mlops/dags/model_training.py
[2025-04-23T16:46:19.921+0700] {processor.py:914} INFO - Processing file /home/minhle/mlops/dags/model_training.py for tasks to queue
[2025-04-23T16:46:19.924+0700] {logging_mixin.py:190} INFO - [2025-04-23T16:46:19.923+0700] {dagbag.py:588} INFO - Filling up the DagBag from /home/minhle/mlops/dags/model_training.py
[2025-04-23T16:46:21.533+0700] {processor.py:925} INFO - DAG(s) 'model_pipeline_v01' retrieved from /home/minhle/mlops/dags/model_training.py
[2025-04-23T16:46:21.540+0700] {logging_mixin.py:190} INFO - [2025-04-23T16:46:21.540+0700] {dag.py:3239} INFO - Sync 1 DAGs
[2025-04-23T16:46:21.547+0700] {logging_mixin.py:190} INFO - [2025-04-23T16:46:21.547+0700] {dag.py:4180} INFO - Setting next_dagrun for model_pipeline_v01 to 2025-04-23 00:00:00+00:00, run_after=2025-04-24 00:00:00+00:00
[2025-04-23T16:46:21.617+0700] {processor.py:208} INFO - Processing /home/minhle/mlops/dags/model_training.py took 1.709 seconds
[2025-04-23T16:46:51.855+0700] {processor.py:186} INFO - Started process (PID=389134) to work on /home/minhle/mlops/dags/model_training.py
[2025-04-23T16:46:51.855+0700] {processor.py:914} INFO - Processing file /home/minhle/mlops/dags/model_training.py for tasks to queue
[2025-04-23T16:46:51.855+0700] {logging_mixin.py:190} INFO - [2025-04-23T16:46:51.855+0700] {dagbag.py:588} INFO - Filling up the DagBag from /home/minhle/mlops/dags/model_training.py
[2025-04-23T16:46:53.454+0700] {processor.py:925} INFO - DAG(s) 'model_pipeline_v01' retrieved from /home/minhle/mlops/dags/model_training.py
[2025-04-23T16:46:53.469+0700] {logging_mixin.py:190} INFO - [2025-04-23T16:46:53.469+0700] {dag.py:3239} INFO - Sync 1 DAGs
[2025-04-23T16:46:53.475+0700] {logging_mixin.py:190} INFO - [2025-04-23T16:46:53.475+0700] {dag.py:4180} INFO - Setting next_dagrun for model_pipeline_v01 to 2025-04-23 00:00:00+00:00, run_after=2025-04-24 00:00:00+00:00
[2025-04-23T16:46:53.555+0700] {processor.py:208} INFO - Processing /home/minhle/mlops/dags/model_training.py took 1.707 seconds
[2025-04-23T16:47:23.812+0700] {processor.py:186} INFO - Started process (PID=389215) to work on /home/minhle/mlops/dags/model_training.py
[2025-04-23T16:47:23.814+0700] {processor.py:914} INFO - Processing file /home/minhle/mlops/dags/model_training.py for tasks to queue
[2025-04-23T16:47:23.815+0700] {logging_mixin.py:190} INFO - [2025-04-23T16:47:23.815+0700] {dagbag.py:588} INFO - Filling up the DagBag from /home/minhle/mlops/dags/model_training.py
[2025-04-23T16:47:25.426+0700] {processor.py:925} INFO - DAG(s) 'model_pipeline_v01' retrieved from /home/minhle/mlops/dags/model_training.py
[2025-04-23T16:47:25.433+0700] {logging_mixin.py:190} INFO - [2025-04-23T16:47:25.433+0700] {dag.py:3239} INFO - Sync 1 DAGs
[2025-04-23T16:47:25.440+0700] {logging_mixin.py:190} INFO - [2025-04-23T16:47:25.440+0700] {dag.py:4180} INFO - Setting next_dagrun for model_pipeline_v01 to 2025-04-23 00:00:00+00:00, run_after=2025-04-24 00:00:00+00:00
[2025-04-23T16:47:25.522+0700] {processor.py:208} INFO - Processing /home/minhle/mlops/dags/model_training.py took 1.720 seconds
[2025-04-23T16:47:55.853+0700] {processor.py:186} INFO - Started process (PID=389295) to work on /home/minhle/mlops/dags/model_training.py
[2025-04-23T16:47:55.859+0700] {processor.py:914} INFO - Processing file /home/minhle/mlops/dags/model_training.py for tasks to queue
[2025-04-23T16:47:55.861+0700] {logging_mixin.py:190} INFO - [2025-04-23T16:47:55.861+0700] {dagbag.py:588} INFO - Filling up the DagBag from /home/minhle/mlops/dags/model_training.py
[2025-04-23T16:47:57.467+0700] {processor.py:925} INFO - DAG(s) 'model_pipeline_v01' retrieved from /home/minhle/mlops/dags/model_training.py
[2025-04-23T16:47:57.474+0700] {logging_mixin.py:190} INFO - [2025-04-23T16:47:57.474+0700] {dag.py:3239} INFO - Sync 1 DAGs
[2025-04-23T16:47:57.481+0700] {logging_mixin.py:190} INFO - [2025-04-23T16:47:57.481+0700] {dag.py:4180} INFO - Setting next_dagrun for model_pipeline_v01 to 2025-04-23 00:00:00+00:00, run_after=2025-04-24 00:00:00+00:00
[2025-04-23T16:47:57.575+0700] {processor.py:208} INFO - Processing /home/minhle/mlops/dags/model_training.py took 1.727 seconds
[2025-04-23T16:48:27.794+0700] {processor.py:186} INFO - Started process (PID=389377) to work on /home/minhle/mlops/dags/model_training.py
[2025-04-23T16:48:27.794+0700] {processor.py:914} INFO - Processing file /home/minhle/mlops/dags/model_training.py for tasks to queue
[2025-04-23T16:48:27.795+0700] {logging_mixin.py:190} INFO - [2025-04-23T16:48:27.795+0700] {dagbag.py:588} INFO - Filling up the DagBag from /home/minhle/mlops/dags/model_training.py
[2025-04-23T16:48:29.397+0700] {processor.py:925} INFO - DAG(s) 'model_pipeline_v01' retrieved from /home/minhle/mlops/dags/model_training.py
[2025-04-23T16:48:29.405+0700] {logging_mixin.py:190} INFO - [2025-04-23T16:48:29.404+0700] {dag.py:3239} INFO - Sync 1 DAGs
[2025-04-23T16:48:29.411+0700] {logging_mixin.py:190} INFO - [2025-04-23T16:48:29.411+0700] {dag.py:4180} INFO - Setting next_dagrun for model_pipeline_v01 to 2025-04-23 00:00:00+00:00, run_after=2025-04-24 00:00:00+00:00
[2025-04-23T16:48:29.478+0700] {processor.py:208} INFO - Processing /home/minhle/mlops/dags/model_training.py took 1.691 seconds
[2025-04-23T16:48:59.622+0700] {processor.py:186} INFO - Started process (PID=389468) to work on /home/minhle/mlops/dags/model_training.py
[2025-04-23T16:48:59.622+0700] {processor.py:914} INFO - Processing file /home/minhle/mlops/dags/model_training.py for tasks to queue
[2025-04-23T16:48:59.623+0700] {logging_mixin.py:190} INFO - [2025-04-23T16:48:59.622+0700] {dagbag.py:588} INFO - Filling up the DagBag from /home/minhle/mlops/dags/model_training.py
[2025-04-23T16:49:01.224+0700] {processor.py:925} INFO - DAG(s) 'model_pipeline_v01' retrieved from /home/minhle/mlops/dags/model_training.py
[2025-04-23T16:49:01.233+0700] {logging_mixin.py:190} INFO - [2025-04-23T16:49:01.233+0700] {dag.py:3239} INFO - Sync 1 DAGs
[2025-04-23T16:49:01.240+0700] {logging_mixin.py:190} INFO - [2025-04-23T16:49:01.239+0700] {dag.py:4180} INFO - Setting next_dagrun for model_pipeline_v01 to 2025-04-23 00:00:00+00:00, run_after=2025-04-24 00:00:00+00:00
[2025-04-23T16:49:01.334+0700] {processor.py:208} INFO - Processing /home/minhle/mlops/dags/model_training.py took 1.719 seconds
[2025-04-23T16:49:31.550+0700] {processor.py:186} INFO - Started process (PID=389575) to work on /home/minhle/mlops/dags/model_training.py
[2025-04-23T16:49:31.550+0700] {processor.py:914} INFO - Processing file /home/minhle/mlops/dags/model_training.py for tasks to queue
[2025-04-23T16:49:31.550+0700] {logging_mixin.py:190} INFO - [2025-04-23T16:49:31.550+0700] {dagbag.py:588} INFO - Filling up the DagBag from /home/minhle/mlops/dags/model_training.py
[2025-04-23T16:49:33.159+0700] {processor.py:925} INFO - DAG(s) 'model_pipeline_v01' retrieved from /home/minhle/mlops/dags/model_training.py
[2025-04-23T16:49:33.166+0700] {logging_mixin.py:190} INFO - [2025-04-23T16:49:33.166+0700] {dag.py:3239} INFO - Sync 1 DAGs
[2025-04-23T16:49:33.173+0700] {logging_mixin.py:190} INFO - [2025-04-23T16:49:33.173+0700] {dag.py:4180} INFO - Setting next_dagrun for model_pipeline_v01 to 2025-04-23 00:00:00+00:00, run_after=2025-04-24 00:00:00+00:00
[2025-04-23T16:49:33.244+0700] {processor.py:208} INFO - Processing /home/minhle/mlops/dags/model_training.py took 1.701 seconds
[2025-04-23T16:50:03.477+0700] {processor.py:186} INFO - Started process (PID=389702) to work on /home/minhle/mlops/dags/model_training.py
[2025-04-23T16:50:03.486+0700] {processor.py:914} INFO - Processing file /home/minhle/mlops/dags/model_training.py for tasks to queue
[2025-04-23T16:50:03.488+0700] {logging_mixin.py:190} INFO - [2025-04-23T16:50:03.487+0700] {dagbag.py:588} INFO - Filling up the DagBag from /home/minhle/mlops/dags/model_training.py
[2025-04-23T16:50:05.093+0700] {processor.py:925} INFO - DAG(s) 'model_pipeline_v01' retrieved from /home/minhle/mlops/dags/model_training.py
[2025-04-23T16:50:05.101+0700] {logging_mixin.py:190} INFO - [2025-04-23T16:50:05.100+0700] {dag.py:3239} INFO - Sync 1 DAGs
[2025-04-23T16:50:05.108+0700] {logging_mixin.py:190} INFO - [2025-04-23T16:50:05.108+0700] {dag.py:4180} INFO - Setting next_dagrun for model_pipeline_v01 to 2025-04-23 00:00:00+00:00, run_after=2025-04-24 00:00:00+00:00
[2025-04-23T16:50:05.175+0700] {processor.py:208} INFO - Processing /home/minhle/mlops/dags/model_training.py took 1.704 seconds
[2025-04-23T16:50:35.515+0700] {processor.py:186} INFO - Started process (PID=389783) to work on /home/minhle/mlops/dags/model_training.py
[2025-04-23T16:50:35.516+0700] {processor.py:914} INFO - Processing file /home/minhle/mlops/dags/model_training.py for tasks to queue
[2025-04-23T16:50:35.517+0700] {logging_mixin.py:190} INFO - [2025-04-23T16:50:35.516+0700] {dagbag.py:588} INFO - Filling up the DagBag from /home/minhle/mlops/dags/model_training.py
[2025-04-23T16:50:37.138+0700] {processor.py:925} INFO - DAG(s) 'model_pipeline_v01' retrieved from /home/minhle/mlops/dags/model_training.py
[2025-04-23T16:50:37.146+0700] {logging_mixin.py:190} INFO - [2025-04-23T16:50:37.146+0700] {dag.py:3239} INFO - Sync 1 DAGs
[2025-04-23T16:50:37.152+0700] {logging_mixin.py:190} INFO - [2025-04-23T16:50:37.152+0700] {dag.py:4180} INFO - Setting next_dagrun for model_pipeline_v01 to 2025-04-23 00:00:00+00:00, run_after=2025-04-24 00:00:00+00:00
[2025-04-23T16:50:37.217+0700] {processor.py:208} INFO - Processing /home/minhle/mlops/dags/model_training.py took 1.707 seconds
[2025-04-23T16:51:07.370+0700] {processor.py:186} INFO - Started process (PID=389863) to work on /home/minhle/mlops/dags/model_training.py
[2025-04-23T16:51:07.374+0700] {processor.py:914} INFO - Processing file /home/minhle/mlops/dags/model_training.py for tasks to queue
[2025-04-23T16:51:07.375+0700] {logging_mixin.py:190} INFO - [2025-04-23T16:51:07.375+0700] {dagbag.py:588} INFO - Filling up the DagBag from /home/minhle/mlops/dags/model_training.py
[2025-04-23T16:51:08.971+0700] {processor.py:925} INFO - DAG(s) 'model_pipeline_v01' retrieved from /home/minhle/mlops/dags/model_training.py
[2025-04-23T16:51:08.978+0700] {logging_mixin.py:190} INFO - [2025-04-23T16:51:08.978+0700] {dag.py:3239} INFO - Sync 1 DAGs
[2025-04-23T16:51:08.985+0700] {logging_mixin.py:190} INFO - [2025-04-23T16:51:08.985+0700] {dag.py:4180} INFO - Setting next_dagrun for model_pipeline_v01 to 2025-04-23 00:00:00+00:00, run_after=2025-04-24 00:00:00+00:00
[2025-04-23T16:51:09.069+0700] {processor.py:208} INFO - Processing /home/minhle/mlops/dags/model_training.py took 1.704 seconds
[2025-04-23T16:51:39.330+0700] {processor.py:186} INFO - Started process (PID=389943) to work on /home/minhle/mlops/dags/model_training.py
[2025-04-23T16:51:39.332+0700] {processor.py:914} INFO - Processing file /home/minhle/mlops/dags/model_training.py for tasks to queue
[2025-04-23T16:51:39.333+0700] {logging_mixin.py:190} INFO - [2025-04-23T16:51:39.332+0700] {dagbag.py:588} INFO - Filling up the DagBag from /home/minhle/mlops/dags/model_training.py
[2025-04-23T16:51:40.940+0700] {processor.py:925} INFO - DAG(s) 'model_pipeline_v01' retrieved from /home/minhle/mlops/dags/model_training.py
[2025-04-23T16:51:40.947+0700] {logging_mixin.py:190} INFO - [2025-04-23T16:51:40.947+0700] {dag.py:3239} INFO - Sync 1 DAGs
[2025-04-23T16:51:40.953+0700] {logging_mixin.py:190} INFO - [2025-04-23T16:51:40.953+0700] {dag.py:4180} INFO - Setting next_dagrun for model_pipeline_v01 to 2025-04-23 00:00:00+00:00, run_after=2025-04-24 00:00:00+00:00
[2025-04-23T16:51:41.017+0700] {processor.py:208} INFO - Processing /home/minhle/mlops/dags/model_training.py took 1.691 seconds
[2025-04-23T16:52:11.151+0700] {processor.py:186} INFO - Started process (PID=390025) to work on /home/minhle/mlops/dags/model_training.py
[2025-04-23T16:52:11.157+0700] {processor.py:914} INFO - Processing file /home/minhle/mlops/dags/model_training.py for tasks to queue
[2025-04-23T16:52:11.158+0700] {logging_mixin.py:190} INFO - [2025-04-23T16:52:11.158+0700] {dagbag.py:588} INFO - Filling up the DagBag from /home/minhle/mlops/dags/model_training.py
[2025-04-23T16:52:12.761+0700] {processor.py:925} INFO - DAG(s) 'model_pipeline_v01' retrieved from /home/minhle/mlops/dags/model_training.py
[2025-04-23T16:52:12.768+0700] {logging_mixin.py:190} INFO - [2025-04-23T16:52:12.768+0700] {dag.py:3239} INFO - Sync 1 DAGs
[2025-04-23T16:52:12.775+0700] {logging_mixin.py:190} INFO - [2025-04-23T16:52:12.775+0700] {dag.py:4180} INFO - Setting next_dagrun for model_pipeline_v01 to 2025-04-23 00:00:00+00:00, run_after=2025-04-24 00:00:00+00:00
[2025-04-23T16:52:12.861+0700] {processor.py:208} INFO - Processing /home/minhle/mlops/dags/model_training.py took 1.715 seconds
[2025-04-23T16:52:43.097+0700] {processor.py:186} INFO - Started process (PID=390105) to work on /home/minhle/mlops/dags/model_training.py
[2025-04-23T16:52:43.098+0700] {processor.py:914} INFO - Processing file /home/minhle/mlops/dags/model_training.py for tasks to queue
[2025-04-23T16:52:43.099+0700] {logging_mixin.py:190} INFO - [2025-04-23T16:52:43.099+0700] {dagbag.py:588} INFO - Filling up the DagBag from /home/minhle/mlops/dags/model_training.py
[2025-04-23T16:52:44.690+0700] {processor.py:925} INFO - DAG(s) 'model_pipeline_v01' retrieved from /home/minhle/mlops/dags/model_training.py
[2025-04-23T16:52:44.697+0700] {logging_mixin.py:190} INFO - [2025-04-23T16:52:44.697+0700] {dag.py:3239} INFO - Sync 1 DAGs
[2025-04-23T16:52:44.704+0700] {logging_mixin.py:190} INFO - [2025-04-23T16:52:44.704+0700] {dag.py:4180} INFO - Setting next_dagrun for model_pipeline_v01 to 2025-04-23 00:00:00+00:00, run_after=2025-04-24 00:00:00+00:00
[2025-04-23T16:52:44.775+0700] {processor.py:208} INFO - Processing /home/minhle/mlops/dags/model_training.py took 1.682 seconds
[2025-04-23T16:53:14.968+0700] {processor.py:186} INFO - Started process (PID=390185) to work on /home/minhle/mlops/dags/model_training.py
[2025-04-23T16:53:14.976+0700] {processor.py:914} INFO - Processing file /home/minhle/mlops/dags/model_training.py for tasks to queue
[2025-04-23T16:53:14.977+0700] {logging_mixin.py:190} INFO - [2025-04-23T16:53:14.977+0700] {dagbag.py:588} INFO - Filling up the DagBag from /home/minhle/mlops/dags/model_training.py
[2025-04-23T16:53:16.568+0700] {processor.py:925} INFO - DAG(s) 'model_pipeline_v01' retrieved from /home/minhle/mlops/dags/model_training.py
[2025-04-23T16:53:16.576+0700] {logging_mixin.py:190} INFO - [2025-04-23T16:53:16.575+0700] {dag.py:3239} INFO - Sync 1 DAGs
[2025-04-23T16:53:16.583+0700] {logging_mixin.py:190} INFO - [2025-04-23T16:53:16.583+0700] {dag.py:4180} INFO - Setting next_dagrun for model_pipeline_v01 to 2025-04-23 00:00:00+00:00, run_after=2025-04-24 00:00:00+00:00
[2025-04-23T16:53:16.654+0700] {processor.py:208} INFO - Processing /home/minhle/mlops/dags/model_training.py took 1.690 seconds
[2025-04-23T16:53:46.829+0700] {processor.py:186} INFO - Started process (PID=390265) to work on /home/minhle/mlops/dags/model_training.py
[2025-04-23T16:53:46.830+0700] {processor.py:914} INFO - Processing file /home/minhle/mlops/dags/model_training.py for tasks to queue
[2025-04-23T16:53:46.831+0700] {logging_mixin.py:190} INFO - [2025-04-23T16:53:46.831+0700] {dagbag.py:588} INFO - Filling up the DagBag from /home/minhle/mlops/dags/model_training.py
[2025-04-23T16:53:48.474+0700] {processor.py:925} INFO - DAG(s) 'model_pipeline_v01' retrieved from /home/minhle/mlops/dags/model_training.py
[2025-04-23T16:53:48.481+0700] {logging_mixin.py:190} INFO - [2025-04-23T16:53:48.481+0700] {dag.py:3239} INFO - Sync 1 DAGs
[2025-04-23T16:53:48.487+0700] {logging_mixin.py:190} INFO - [2025-04-23T16:53:48.487+0700] {dag.py:4180} INFO - Setting next_dagrun for model_pipeline_v01 to 2025-04-23 00:00:00+00:00, run_after=2025-04-24 00:00:00+00:00
[2025-04-23T16:53:48.554+0700] {processor.py:208} INFO - Processing /home/minhle/mlops/dags/model_training.py took 1.730 seconds
[2025-04-23T16:54:18.834+0700] {processor.py:186} INFO - Started process (PID=390373) to work on /home/minhle/mlops/dags/model_training.py
[2025-04-23T16:54:18.836+0700] {processor.py:914} INFO - Processing file /home/minhle/mlops/dags/model_training.py for tasks to queue
[2025-04-23T16:54:18.838+0700] {logging_mixin.py:190} INFO - [2025-04-23T16:54:18.837+0700] {dagbag.py:588} INFO - Filling up the DagBag from /home/minhle/mlops/dags/model_training.py
[2025-04-23T16:54:20.428+0700] {processor.py:925} INFO - DAG(s) 'model_pipeline_v01' retrieved from /home/minhle/mlops/dags/model_training.py
[2025-04-23T16:54:20.435+0700] {logging_mixin.py:190} INFO - [2025-04-23T16:54:20.435+0700] {dag.py:3239} INFO - Sync 1 DAGs
[2025-04-23T16:54:20.442+0700] {logging_mixin.py:190} INFO - [2025-04-23T16:54:20.442+0700] {dag.py:4180} INFO - Setting next_dagrun for model_pipeline_v01 to 2025-04-23 00:00:00+00:00, run_after=2025-04-24 00:00:00+00:00
[2025-04-23T16:54:20.510+0700] {processor.py:208} INFO - Processing /home/minhle/mlops/dags/model_training.py took 1.687 seconds
[2025-04-23T16:54:50.659+0700] {processor.py:186} INFO - Started process (PID=390454) to work on /home/minhle/mlops/dags/model_training.py
[2025-04-23T16:54:50.660+0700] {processor.py:914} INFO - Processing file /home/minhle/mlops/dags/model_training.py for tasks to queue
[2025-04-23T16:54:50.661+0700] {logging_mixin.py:190} INFO - [2025-04-23T16:54:50.660+0700] {dagbag.py:588} INFO - Filling up the DagBag from /home/minhle/mlops/dags/model_training.py
[2025-04-23T16:54:52.268+0700] {processor.py:925} INFO - DAG(s) 'model_pipeline_v01' retrieved from /home/minhle/mlops/dags/model_training.py
[2025-04-23T16:54:52.275+0700] {logging_mixin.py:190} INFO - [2025-04-23T16:54:52.275+0700] {dag.py:3239} INFO - Sync 1 DAGs
[2025-04-23T16:54:52.282+0700] {logging_mixin.py:190} INFO - [2025-04-23T16:54:52.282+0700] {dag.py:4180} INFO - Setting next_dagrun for model_pipeline_v01 to 2025-04-23 00:00:00+00:00, run_after=2025-04-24 00:00:00+00:00
[2025-04-23T16:54:52.365+0700] {processor.py:208} INFO - Processing /home/minhle/mlops/dags/model_training.py took 1.712 seconds
[2025-04-23T16:55:22.592+0700] {processor.py:186} INFO - Started process (PID=390534) to work on /home/minhle/mlops/dags/model_training.py
[2025-04-23T16:55:22.602+0700] {processor.py:914} INFO - Processing file /home/minhle/mlops/dags/model_training.py for tasks to queue
[2025-04-23T16:55:22.604+0700] {logging_mixin.py:190} INFO - [2025-04-23T16:55:22.603+0700] {dagbag.py:588} INFO - Filling up the DagBag from /home/minhle/mlops/dags/model_training.py
[2025-04-23T16:55:24.208+0700] {processor.py:925} INFO - DAG(s) 'model_pipeline_v01' retrieved from /home/minhle/mlops/dags/model_training.py
[2025-04-23T16:55:24.215+0700] {logging_mixin.py:190} INFO - [2025-04-23T16:55:24.215+0700] {dag.py:3239} INFO - Sync 1 DAGs
[2025-04-23T16:55:24.222+0700] {logging_mixin.py:190} INFO - [2025-04-23T16:55:24.222+0700] {dag.py:4180} INFO - Setting next_dagrun for model_pipeline_v01 to 2025-04-23 00:00:00+00:00, run_after=2025-04-24 00:00:00+00:00
[2025-04-23T16:55:24.352+0700] {processor.py:208} INFO - Processing /home/minhle/mlops/dags/model_training.py took 1.763 seconds
[2025-04-23T16:55:54.523+0700] {processor.py:186} INFO - Started process (PID=390615) to work on /home/minhle/mlops/dags/model_training.py
[2025-04-23T16:55:54.524+0700] {processor.py:914} INFO - Processing file /home/minhle/mlops/dags/model_training.py for tasks to queue
[2025-04-23T16:55:54.525+0700] {logging_mixin.py:190} INFO - [2025-04-23T16:55:54.524+0700] {dagbag.py:588} INFO - Filling up the DagBag from /home/minhle/mlops/dags/model_training.py
[2025-04-23T16:55:56.130+0700] {processor.py:925} INFO - DAG(s) 'model_pipeline_v01' retrieved from /home/minhle/mlops/dags/model_training.py
[2025-04-23T16:55:56.145+0700] {logging_mixin.py:190} INFO - [2025-04-23T16:55:56.144+0700] {dag.py:3239} INFO - Sync 1 DAGs
[2025-04-23T16:55:56.152+0700] {logging_mixin.py:190} INFO - [2025-04-23T16:55:56.152+0700] {dag.py:4180} INFO - Setting next_dagrun for model_pipeline_v01 to 2025-04-23 00:00:00+00:00, run_after=2025-04-24 00:00:00+00:00
[2025-04-23T16:55:56.641+0700] {processor.py:208} INFO - Processing /home/minhle/mlops/dags/model_training.py took 2.122 seconds
[2025-04-23T16:56:26.872+0700] {processor.py:186} INFO - Started process (PID=390697) to work on /home/minhle/mlops/dags/model_training.py
[2025-04-23T16:56:26.873+0700] {processor.py:914} INFO - Processing file /home/minhle/mlops/dags/model_training.py for tasks to queue
[2025-04-23T16:56:26.874+0700] {logging_mixin.py:190} INFO - [2025-04-23T16:56:26.873+0700] {dagbag.py:588} INFO - Filling up the DagBag from /home/minhle/mlops/dags/model_training.py
[2025-04-23T16:56:28.473+0700] {processor.py:925} INFO - DAG(s) 'model_pipeline_v01' retrieved from /home/minhle/mlops/dags/model_training.py
[2025-04-23T16:56:28.480+0700] {logging_mixin.py:190} INFO - [2025-04-23T16:56:28.479+0700] {dag.py:3239} INFO - Sync 1 DAGs
[2025-04-23T16:56:28.487+0700] {logging_mixin.py:190} INFO - [2025-04-23T16:56:28.487+0700] {dag.py:4180} INFO - Setting next_dagrun for model_pipeline_v01 to 2025-04-23 00:00:00+00:00, run_after=2025-04-24 00:00:00+00:00
[2025-04-23T16:56:28.575+0700] {processor.py:208} INFO - Processing /home/minhle/mlops/dags/model_training.py took 1.707 seconds
[2025-04-23T16:56:58.809+0700] {processor.py:186} INFO - Started process (PID=390777) to work on /home/minhle/mlops/dags/model_training.py
[2025-04-23T16:56:58.820+0700] {processor.py:914} INFO - Processing file /home/minhle/mlops/dags/model_training.py for tasks to queue
[2025-04-23T16:56:58.823+0700] {logging_mixin.py:190} INFO - [2025-04-23T16:56:58.822+0700] {dagbag.py:588} INFO - Filling up the DagBag from /home/minhle/mlops/dags/model_training.py
[2025-04-23T16:57:00.430+0700] {processor.py:925} INFO - DAG(s) 'model_pipeline_v01' retrieved from /home/minhle/mlops/dags/model_training.py
[2025-04-23T16:57:00.437+0700] {logging_mixin.py:190} INFO - [2025-04-23T16:57:00.437+0700] {dag.py:3239} INFO - Sync 1 DAGs
[2025-04-23T16:57:00.444+0700] {logging_mixin.py:190} INFO - [2025-04-23T16:57:00.444+0700] {dag.py:4180} INFO - Setting next_dagrun for model_pipeline_v01 to 2025-04-23 00:00:00+00:00, run_after=2025-04-24 00:00:00+00:00
[2025-04-23T16:57:00.519+0700] {processor.py:208} INFO - Processing /home/minhle/mlops/dags/model_training.py took 1.717 seconds
[2025-04-23T16:57:30.742+0700] {processor.py:186} INFO - Started process (PID=390857) to work on /home/minhle/mlops/dags/model_training.py
[2025-04-23T16:57:30.743+0700] {processor.py:914} INFO - Processing file /home/minhle/mlops/dags/model_training.py for tasks to queue
[2025-04-23T16:57:30.744+0700] {logging_mixin.py:190} INFO - [2025-04-23T16:57:30.743+0700] {dagbag.py:588} INFO - Filling up the DagBag from /home/minhle/mlops/dags/model_training.py
[2025-04-23T16:57:32.350+0700] {processor.py:925} INFO - DAG(s) 'model_pipeline_v01' retrieved from /home/minhle/mlops/dags/model_training.py
[2025-04-23T16:57:32.357+0700] {logging_mixin.py:190} INFO - [2025-04-23T16:57:32.357+0700] {dag.py:3239} INFO - Sync 1 DAGs
[2025-04-23T16:57:32.364+0700] {logging_mixin.py:190} INFO - [2025-04-23T16:57:32.364+0700] {dag.py:4180} INFO - Setting next_dagrun for model_pipeline_v01 to 2025-04-23 00:00:00+00:00, run_after=2025-04-24 00:00:00+00:00
[2025-04-23T16:57:32.434+0700] {processor.py:208} INFO - Processing /home/minhle/mlops/dags/model_training.py took 1.697 seconds
[2025-04-23T16:58:02.616+0700] {processor.py:186} INFO - Started process (PID=390938) to work on /home/minhle/mlops/dags/model_training.py
[2025-04-23T16:58:02.616+0700] {processor.py:914} INFO - Processing file /home/minhle/mlops/dags/model_training.py for tasks to queue
[2025-04-23T16:58:02.617+0700] {logging_mixin.py:190} INFO - [2025-04-23T16:58:02.617+0700] {dagbag.py:588} INFO - Filling up the DagBag from /home/minhle/mlops/dags/model_training.py
[2025-04-23T16:58:04.211+0700] {processor.py:925} INFO - DAG(s) 'model_pipeline_v01' retrieved from /home/minhle/mlops/dags/model_training.py
[2025-04-23T16:58:04.224+0700] {logging_mixin.py:190} INFO - [2025-04-23T16:58:04.223+0700] {dag.py:3239} INFO - Sync 1 DAGs
[2025-04-23T16:58:04.230+0700] {logging_mixin.py:190} INFO - [2025-04-23T16:58:04.230+0700] {dag.py:4180} INFO - Setting next_dagrun for model_pipeline_v01 to 2025-04-23 00:00:00+00:00, run_after=2025-04-24 00:00:00+00:00
[2025-04-23T16:58:04.295+0700] {processor.py:208} INFO - Processing /home/minhle/mlops/dags/model_training.py took 1.684 seconds
[2025-04-23T16:58:34.447+0700] {processor.py:186} INFO - Started process (PID=391020) to work on /home/minhle/mlops/dags/model_training.py
[2025-04-23T16:58:34.449+0700] {processor.py:914} INFO - Processing file /home/minhle/mlops/dags/model_training.py for tasks to queue
[2025-04-23T16:58:34.449+0700] {logging_mixin.py:190} INFO - [2025-04-23T16:58:34.449+0700] {dagbag.py:588} INFO - Filling up the DagBag from /home/minhle/mlops/dags/model_training.py
[2025-04-23T16:58:36.031+0700] {processor.py:925} INFO - DAG(s) 'model_pipeline_v01' retrieved from /home/minhle/mlops/dags/model_training.py
[2025-04-23T16:58:36.038+0700] {logging_mixin.py:190} INFO - [2025-04-23T16:58:36.038+0700] {dag.py:3239} INFO - Sync 1 DAGs
[2025-04-23T16:58:36.045+0700] {logging_mixin.py:190} INFO - [2025-04-23T16:58:36.045+0700] {dag.py:4180} INFO - Setting next_dagrun for model_pipeline_v01 to 2025-04-23 00:00:00+00:00, run_after=2025-04-24 00:00:00+00:00
[2025-04-23T16:58:36.150+0700] {processor.py:208} INFO - Processing /home/minhle/mlops/dags/model_training.py took 1.711 seconds
[2025-04-23T16:59:06.404+0700] {processor.py:186} INFO - Started process (PID=391127) to work on /home/minhle/mlops/dags/model_training.py
[2025-04-23T16:59:06.410+0700] {processor.py:914} INFO - Processing file /home/minhle/mlops/dags/model_training.py for tasks to queue
[2025-04-23T16:59:06.412+0700] {logging_mixin.py:190} INFO - [2025-04-23T16:59:06.411+0700] {dagbag.py:588} INFO - Filling up the DagBag from /home/minhle/mlops/dags/model_training.py
[2025-04-23T16:59:08.001+0700] {processor.py:925} INFO - DAG(s) 'model_pipeline_v01' retrieved from /home/minhle/mlops/dags/model_training.py
[2025-04-23T16:59:08.008+0700] {logging_mixin.py:190} INFO - [2025-04-23T16:59:08.008+0700] {dag.py:3239} INFO - Sync 1 DAGs
[2025-04-23T16:59:08.016+0700] {logging_mixin.py:190} INFO - [2025-04-23T16:59:08.015+0700] {dag.py:4180} INFO - Setting next_dagrun for model_pipeline_v01 to 2025-04-23 00:00:00+00:00, run_after=2025-04-24 00:00:00+00:00
[2025-04-23T16:59:08.100+0700] {processor.py:208} INFO - Processing /home/minhle/mlops/dags/model_training.py took 1.705 seconds
[2025-04-23T16:59:38.352+0700] {processor.py:186} INFO - Started process (PID=391208) to work on /home/minhle/mlops/dags/model_training.py
[2025-04-23T16:59:38.352+0700] {processor.py:914} INFO - Processing file /home/minhle/mlops/dags/model_training.py for tasks to queue
[2025-04-23T16:59:38.353+0700] {logging_mixin.py:190} INFO - [2025-04-23T16:59:38.353+0700] {dagbag.py:588} INFO - Filling up the DagBag from /home/minhle/mlops/dags/model_training.py
[2025-04-23T16:59:39.959+0700] {processor.py:925} INFO - DAG(s) 'model_pipeline_v01' retrieved from /home/minhle/mlops/dags/model_training.py
[2025-04-23T16:59:39.966+0700] {logging_mixin.py:190} INFO - [2025-04-23T16:59:39.966+0700] {dag.py:3239} INFO - Sync 1 DAGs
[2025-04-23T16:59:39.974+0700] {logging_mixin.py:190} INFO - [2025-04-23T16:59:39.974+0700] {dag.py:4180} INFO - Setting next_dagrun for model_pipeline_v01 to 2025-04-23 00:00:00+00:00, run_after=2025-04-24 00:00:00+00:00
[2025-04-23T16:59:40.126+0700] {processor.py:208} INFO - Processing /home/minhle/mlops/dags/model_training.py took 1.780 seconds
[2025-04-23T17:00:10.309+0700] {processor.py:186} INFO - Started process (PID=391288) to work on /home/minhle/mlops/dags/model_training.py
[2025-04-23T17:00:10.310+0700] {processor.py:914} INFO - Processing file /home/minhle/mlops/dags/model_training.py for tasks to queue
[2025-04-23T17:00:10.310+0700] {logging_mixin.py:190} INFO - [2025-04-23T17:00:10.310+0700] {dagbag.py:588} INFO - Filling up the DagBag from /home/minhle/mlops/dags/model_training.py
[2025-04-23T17:00:11.904+0700] {processor.py:925} INFO - DAG(s) 'model_pipeline_v01' retrieved from /home/minhle/mlops/dags/model_training.py
[2025-04-23T17:00:11.915+0700] {logging_mixin.py:190} INFO - [2025-04-23T17:00:11.915+0700] {dag.py:3239} INFO - Sync 1 DAGs
[2025-04-23T17:00:11.921+0700] {logging_mixin.py:190} INFO - [2025-04-23T17:00:11.921+0700] {dag.py:4180} INFO - Setting next_dagrun for model_pipeline_v01 to 2025-04-23 00:00:00+00:00, run_after=2025-04-24 00:00:00+00:00
[2025-04-23T17:00:12.044+0700] {processor.py:208} INFO - Processing /home/minhle/mlops/dags/model_training.py took 1.741 seconds
[2025-04-23T17:00:42.274+0700] {processor.py:186} INFO - Started process (PID=391370) to work on /home/minhle/mlops/dags/model_training.py
[2025-04-23T17:00:42.275+0700] {processor.py:914} INFO - Processing file /home/minhle/mlops/dags/model_training.py for tasks to queue
[2025-04-23T17:00:42.277+0700] {logging_mixin.py:190} INFO - [2025-04-23T17:00:42.276+0700] {dagbag.py:588} INFO - Filling up the DagBag from /home/minhle/mlops/dags/model_training.py
[2025-04-23T17:00:43.863+0700] {processor.py:925} INFO - DAG(s) 'model_pipeline_v01' retrieved from /home/minhle/mlops/dags/model_training.py
[2025-04-23T17:00:43.870+0700] {logging_mixin.py:190} INFO - [2025-04-23T17:00:43.870+0700] {dag.py:3239} INFO - Sync 1 DAGs
[2025-04-23T17:00:43.877+0700] {logging_mixin.py:190} INFO - [2025-04-23T17:00:43.877+0700] {dag.py:4180} INFO - Setting next_dagrun for model_pipeline_v01 to 2025-04-23 00:00:00+00:00, run_after=2025-04-24 00:00:00+00:00
[2025-04-23T17:00:43.972+0700] {processor.py:208} INFO - Processing /home/minhle/mlops/dags/model_training.py took 1.702 seconds
[2025-04-23T17:01:14.124+0700] {processor.py:186} INFO - Started process (PID=391450) to work on /home/minhle/mlops/dags/model_training.py
[2025-04-23T17:01:14.133+0700] {processor.py:914} INFO - Processing file /home/minhle/mlops/dags/model_training.py for tasks to queue
[2025-04-23T17:01:14.134+0700] {logging_mixin.py:190} INFO - [2025-04-23T17:01:14.134+0700] {dagbag.py:588} INFO - Filling up the DagBag from /home/minhle/mlops/dags/model_training.py
[2025-04-23T17:01:15.716+0700] {processor.py:925} INFO - DAG(s) 'model_pipeline_v01' retrieved from /home/minhle/mlops/dags/model_training.py
[2025-04-23T17:01:15.723+0700] {logging_mixin.py:190} INFO - [2025-04-23T17:01:15.723+0700] {dag.py:3239} INFO - Sync 1 DAGs
[2025-04-23T17:01:15.730+0700] {logging_mixin.py:190} INFO - [2025-04-23T17:01:15.730+0700] {dag.py:4180} INFO - Setting next_dagrun for model_pipeline_v01 to 2025-04-23 00:00:00+00:00, run_after=2025-04-24 00:00:00+00:00
[2025-04-23T17:01:15.817+0700] {processor.py:208} INFO - Processing /home/minhle/mlops/dags/model_training.py took 1.696 seconds
[2025-04-23T17:01:45.963+0700] {processor.py:186} INFO - Started process (PID=391530) to work on /home/minhle/mlops/dags/model_training.py
[2025-04-23T17:01:45.963+0700] {processor.py:914} INFO - Processing file /home/minhle/mlops/dags/model_training.py for tasks to queue
[2025-04-23T17:01:45.964+0700] {logging_mixin.py:190} INFO - [2025-04-23T17:01:45.964+0700] {dagbag.py:588} INFO - Filling up the DagBag from /home/minhle/mlops/dags/model_training.py
[2025-04-23T17:01:47.545+0700] {processor.py:925} INFO - DAG(s) 'model_pipeline_v01' retrieved from /home/minhle/mlops/dags/model_training.py
[2025-04-23T17:01:47.552+0700] {logging_mixin.py:190} INFO - [2025-04-23T17:01:47.552+0700] {dag.py:3239} INFO - Sync 1 DAGs
[2025-04-23T17:01:47.559+0700] {logging_mixin.py:190} INFO - [2025-04-23T17:01:47.559+0700] {dag.py:4180} INFO - Setting next_dagrun for model_pipeline_v01 to 2025-04-23 00:00:00+00:00, run_after=2025-04-24 00:00:00+00:00
[2025-04-23T17:01:47.647+0700] {processor.py:208} INFO - Processing /home/minhle/mlops/dags/model_training.py took 1.692 seconds
[2025-04-23T17:02:17.791+0700] {processor.py:186} INFO - Started process (PID=391611) to work on /home/minhle/mlops/dags/model_training.py
[2025-04-23T17:02:17.796+0700] {processor.py:914} INFO - Processing file /home/minhle/mlops/dags/model_training.py for tasks to queue
[2025-04-23T17:02:17.799+0700] {logging_mixin.py:190} INFO - [2025-04-23T17:02:17.798+0700] {dagbag.py:588} INFO - Filling up the DagBag from /home/minhle/mlops/dags/model_training.py
[2025-04-23T17:02:19.400+0700] {processor.py:925} INFO - DAG(s) 'model_pipeline_v01' retrieved from /home/minhle/mlops/dags/model_training.py
[2025-04-23T17:02:19.407+0700] {logging_mixin.py:190} INFO - [2025-04-23T17:02:19.407+0700] {dag.py:3239} INFO - Sync 1 DAGs
[2025-04-23T17:02:19.414+0700] {logging_mixin.py:190} INFO - [2025-04-23T17:02:19.414+0700] {dag.py:4180} INFO - Setting next_dagrun for model_pipeline_v01 to 2025-04-23 00:00:00+00:00, run_after=2025-04-24 00:00:00+00:00
[2025-04-23T17:02:19.514+0700] {processor.py:208} INFO - Processing /home/minhle/mlops/dags/model_training.py took 1.730 seconds
[2025-04-23T17:02:49.727+0700] {processor.py:186} INFO - Started process (PID=391691) to work on /home/minhle/mlops/dags/model_training.py
[2025-04-23T17:02:49.728+0700] {processor.py:914} INFO - Processing file /home/minhle/mlops/dags/model_training.py for tasks to queue
[2025-04-23T17:02:49.729+0700] {logging_mixin.py:190} INFO - [2025-04-23T17:02:49.729+0700] {dagbag.py:588} INFO - Filling up the DagBag from /home/minhle/mlops/dags/model_training.py
[2025-04-23T17:02:51.332+0700] {processor.py:925} INFO - DAG(s) 'model_pipeline_v01' retrieved from /home/minhle/mlops/dags/model_training.py
[2025-04-23T17:02:51.339+0700] {logging_mixin.py:190} INFO - [2025-04-23T17:02:51.339+0700] {dag.py:3239} INFO - Sync 1 DAGs
[2025-04-23T17:02:51.346+0700] {logging_mixin.py:190} INFO - [2025-04-23T17:02:51.346+0700] {dag.py:4180} INFO - Setting next_dagrun for model_pipeline_v01 to 2025-04-23 00:00:00+00:00, run_after=2025-04-24 00:00:00+00:00
[2025-04-23T17:02:51.445+0700] {processor.py:208} INFO - Processing /home/minhle/mlops/dags/model_training.py took 1.723 seconds
[2025-04-23T17:03:21.658+0700] {processor.py:186} INFO - Started process (PID=391771) to work on /home/minhle/mlops/dags/model_training.py
[2025-04-23T17:03:21.664+0700] {processor.py:914} INFO - Processing file /home/minhle/mlops/dags/model_training.py for tasks to queue
[2025-04-23T17:03:21.666+0700] {logging_mixin.py:190} INFO - [2025-04-23T17:03:21.666+0700] {dagbag.py:588} INFO - Filling up the DagBag from /home/minhle/mlops/dags/model_training.py
[2025-04-23T17:03:23.269+0700] {processor.py:925} INFO - DAG(s) 'model_pipeline_v01' retrieved from /home/minhle/mlops/dags/model_training.py
[2025-04-23T17:03:23.276+0700] {logging_mixin.py:190} INFO - [2025-04-23T17:03:23.276+0700] {dag.py:3239} INFO - Sync 1 DAGs
[2025-04-23T17:03:23.283+0700] {logging_mixin.py:190} INFO - [2025-04-23T17:03:23.283+0700] {dag.py:4180} INFO - Setting next_dagrun for model_pipeline_v01 to 2025-04-23 00:00:00+00:00, run_after=2025-04-24 00:00:00+00:00
[2025-04-23T17:03:23.370+0700] {processor.py:208} INFO - Processing /home/minhle/mlops/dags/model_training.py took 1.716 seconds
[2025-04-23T17:03:53.619+0700] {processor.py:186} INFO - Started process (PID=391851) to work on /home/minhle/mlops/dags/model_training.py
[2025-04-23T17:03:53.620+0700] {processor.py:914} INFO - Processing file /home/minhle/mlops/dags/model_training.py for tasks to queue
[2025-04-23T17:03:53.620+0700] {logging_mixin.py:190} INFO - [2025-04-23T17:03:53.620+0700] {dagbag.py:588} INFO - Filling up the DagBag from /home/minhle/mlops/dags/model_training.py
[2025-04-23T17:03:55.228+0700] {processor.py:925} INFO - DAG(s) 'model_pipeline_v01' retrieved from /home/minhle/mlops/dags/model_training.py
[2025-04-23T17:03:55.235+0700] {logging_mixin.py:190} INFO - [2025-04-23T17:03:55.235+0700] {dag.py:3239} INFO - Sync 1 DAGs
[2025-04-23T17:03:55.241+0700] {logging_mixin.py:190} INFO - [2025-04-23T17:03:55.241+0700] {dag.py:4180} INFO - Setting next_dagrun for model_pipeline_v01 to 2025-04-23 00:00:00+00:00, run_after=2025-04-24 00:00:00+00:00
[2025-04-23T17:03:55.327+0700] {processor.py:208} INFO - Processing /home/minhle/mlops/dags/model_training.py took 1.712 seconds
[2025-04-23T17:04:25.668+0700] {processor.py:186} INFO - Started process (PID=391959) to work on /home/minhle/mlops/dags/model_training.py
[2025-04-23T17:04:25.672+0700] {processor.py:914} INFO - Processing file /home/minhle/mlops/dags/model_training.py for tasks to queue
[2025-04-23T17:04:25.675+0700] {logging_mixin.py:190} INFO - [2025-04-23T17:04:25.674+0700] {dagbag.py:588} INFO - Filling up the DagBag from /home/minhle/mlops/dags/model_training.py
[2025-04-23T17:04:27.272+0700] {processor.py:925} INFO - DAG(s) 'model_pipeline_v01' retrieved from /home/minhle/mlops/dags/model_training.py
[2025-04-23T17:04:27.279+0700] {logging_mixin.py:190} INFO - [2025-04-23T17:04:27.279+0700] {dag.py:3239} INFO - Sync 1 DAGs
[2025-04-23T17:04:27.286+0700] {logging_mixin.py:190} INFO - [2025-04-23T17:04:27.286+0700] {dag.py:4180} INFO - Setting next_dagrun for model_pipeline_v01 to 2025-04-23 00:00:00+00:00, run_after=2025-04-24 00:00:00+00:00
[2025-04-23T17:04:27.354+0700] {processor.py:208} INFO - Processing /home/minhle/mlops/dags/model_training.py took 1.691 seconds
[2025-04-23T17:04:57.532+0700] {processor.py:186} INFO - Started process (PID=392039) to work on /home/minhle/mlops/dags/model_training.py
[2025-04-23T17:04:57.533+0700] {processor.py:914} INFO - Processing file /home/minhle/mlops/dags/model_training.py for tasks to queue
[2025-04-23T17:04:57.534+0700] {logging_mixin.py:190} INFO - [2025-04-23T17:04:57.533+0700] {dagbag.py:588} INFO - Filling up the DagBag from /home/minhle/mlops/dags/model_training.py
[2025-04-23T17:04:59.146+0700] {processor.py:925} INFO - DAG(s) 'model_pipeline_v01' retrieved from /home/minhle/mlops/dags/model_training.py
[2025-04-23T17:04:59.154+0700] {logging_mixin.py:190} INFO - [2025-04-23T17:04:59.154+0700] {dag.py:3239} INFO - Sync 1 DAGs
[2025-04-23T17:04:59.161+0700] {logging_mixin.py:190} INFO - [2025-04-23T17:04:59.161+0700] {dag.py:4180} INFO - Setting next_dagrun for model_pipeline_v01 to 2025-04-23 00:00:00+00:00, run_after=2025-04-24 00:00:00+00:00
[2025-04-23T17:04:59.248+0700] {processor.py:208} INFO - Processing /home/minhle/mlops/dags/model_training.py took 1.721 seconds
[2025-04-23T17:05:29.503+0700] {processor.py:186} INFO - Started process (PID=392119) to work on /home/minhle/mlops/dags/model_training.py
[2025-04-23T17:05:29.514+0700] {processor.py:914} INFO - Processing file /home/minhle/mlops/dags/model_training.py for tasks to queue
[2025-04-23T17:05:29.516+0700] {logging_mixin.py:190} INFO - [2025-04-23T17:05:29.516+0700] {dagbag.py:588} INFO - Filling up the DagBag from /home/minhle/mlops/dags/model_training.py
[2025-04-23T17:05:31.119+0700] {processor.py:925} INFO - DAG(s) 'model_pipeline_v01' retrieved from /home/minhle/mlops/dags/model_training.py
[2025-04-23T17:05:31.126+0700] {logging_mixin.py:190} INFO - [2025-04-23T17:05:31.126+0700] {dag.py:3239} INFO - Sync 1 DAGs
[2025-04-23T17:05:31.133+0700] {logging_mixin.py:190} INFO - [2025-04-23T17:05:31.133+0700] {dag.py:4180} INFO - Setting next_dagrun for model_pipeline_v01 to 2025-04-23 00:00:00+00:00, run_after=2025-04-24 00:00:00+00:00
[2025-04-23T17:05:31.217+0700] {processor.py:208} INFO - Processing /home/minhle/mlops/dags/model_training.py took 1.722 seconds
[2025-04-23T17:06:01.498+0700] {processor.py:186} INFO - Started process (PID=392200) to work on /home/minhle/mlops/dags/model_training.py
[2025-04-23T17:06:01.499+0700] {processor.py:914} INFO - Processing file /home/minhle/mlops/dags/model_training.py for tasks to queue
[2025-04-23T17:06:01.499+0700] {logging_mixin.py:190} INFO - [2025-04-23T17:06:01.499+0700] {dagbag.py:588} INFO - Filling up the DagBag from /home/minhle/mlops/dags/model_training.py
[2025-04-23T17:06:03.104+0700] {processor.py:925} INFO - DAG(s) 'model_pipeline_v01' retrieved from /home/minhle/mlops/dags/model_training.py
[2025-04-23T17:06:03.111+0700] {logging_mixin.py:190} INFO - [2025-04-23T17:06:03.111+0700] {dag.py:3239} INFO - Sync 1 DAGs
[2025-04-23T17:06:03.119+0700] {logging_mixin.py:190} INFO - [2025-04-23T17:06:03.119+0700] {dag.py:4180} INFO - Setting next_dagrun for model_pipeline_v01 to 2025-04-23 00:00:00+00:00, run_after=2025-04-24 00:00:00+00:00
[2025-04-23T17:06:03.207+0700] {processor.py:208} INFO - Processing /home/minhle/mlops/dags/model_training.py took 1.716 seconds
[2025-04-23T17:06:33.501+0700] {processor.py:186} INFO - Started process (PID=392282) to work on /home/minhle/mlops/dags/model_training.py
[2025-04-23T17:06:33.510+0700] {processor.py:914} INFO - Processing file /home/minhle/mlops/dags/model_training.py for tasks to queue
[2025-04-23T17:06:33.511+0700] {logging_mixin.py:190} INFO - [2025-04-23T17:06:33.511+0700] {dagbag.py:588} INFO - Filling up the DagBag from /home/minhle/mlops/dags/model_training.py
[2025-04-23T17:06:35.104+0700] {processor.py:925} INFO - DAG(s) 'model_pipeline_v01' retrieved from /home/minhle/mlops/dags/model_training.py
[2025-04-23T17:06:35.112+0700] {logging_mixin.py:190} INFO - [2025-04-23T17:06:35.111+0700] {dag.py:3239} INFO - Sync 1 DAGs
[2025-04-23T17:06:35.118+0700] {logging_mixin.py:190} INFO - [2025-04-23T17:06:35.118+0700] {dag.py:4180} INFO - Setting next_dagrun for model_pipeline_v01 to 2025-04-23 00:00:00+00:00, run_after=2025-04-24 00:00:00+00:00
[2025-04-23T17:06:35.199+0700] {processor.py:208} INFO - Processing /home/minhle/mlops/dags/model_training.py took 1.702 seconds
[2025-04-23T17:07:05.471+0700] {processor.py:186} INFO - Started process (PID=392364) to work on /home/minhle/mlops/dags/model_training.py
[2025-04-23T17:07:05.472+0700] {processor.py:914} INFO - Processing file /home/minhle/mlops/dags/model_training.py for tasks to queue
[2025-04-23T17:07:05.472+0700] {logging_mixin.py:190} INFO - [2025-04-23T17:07:05.472+0700] {dagbag.py:588} INFO - Filling up the DagBag from /home/minhle/mlops/dags/model_training.py
[2025-04-23T17:07:07.059+0700] {processor.py:925} INFO - DAG(s) 'model_pipeline_v01' retrieved from /home/minhle/mlops/dags/model_training.py
[2025-04-23T17:07:07.082+0700] {logging_mixin.py:190} INFO - [2025-04-23T17:07:07.082+0700] {dag.py:3239} INFO - Sync 1 DAGs
[2025-04-23T17:07:07.089+0700] {logging_mixin.py:190} INFO - [2025-04-23T17:07:07.089+0700] {dag.py:4180} INFO - Setting next_dagrun for model_pipeline_v01 to 2025-04-23 00:00:00+00:00, run_after=2025-04-24 00:00:00+00:00
[2025-04-23T17:07:07.169+0700] {processor.py:208} INFO - Processing /home/minhle/mlops/dags/model_training.py took 1.703 seconds
[2025-04-23T17:07:37.417+0700] {processor.py:186} INFO - Started process (PID=392444) to work on /home/minhle/mlops/dags/model_training.py
[2025-04-23T17:07:37.417+0700] {processor.py:914} INFO - Processing file /home/minhle/mlops/dags/model_training.py for tasks to queue
[2025-04-23T17:07:37.418+0700] {logging_mixin.py:190} INFO - [2025-04-23T17:07:37.417+0700] {dagbag.py:588} INFO - Filling up the DagBag from /home/minhle/mlops/dags/model_training.py
[2025-04-23T17:07:39.030+0700] {processor.py:925} INFO - DAG(s) 'model_pipeline_v01' retrieved from /home/minhle/mlops/dags/model_training.py
[2025-04-23T17:07:39.037+0700] {logging_mixin.py:190} INFO - [2025-04-23T17:07:39.037+0700] {dag.py:3239} INFO - Sync 1 DAGs
[2025-04-23T17:07:39.043+0700] {logging_mixin.py:190} INFO - [2025-04-23T17:07:39.043+0700] {dag.py:4180} INFO - Setting next_dagrun for model_pipeline_v01 to 2025-04-23 00:00:00+00:00, run_after=2025-04-24 00:00:00+00:00
[2025-04-23T17:07:39.121+0700] {processor.py:208} INFO - Processing /home/minhle/mlops/dags/model_training.py took 1.711 seconds
[2025-04-23T17:08:09.343+0700] {processor.py:186} INFO - Started process (PID=392541) to work on /home/minhle/mlops/dags/model_training.py
[2025-04-23T17:08:09.346+0700] {processor.py:914} INFO - Processing file /home/minhle/mlops/dags/model_training.py for tasks to queue
[2025-04-23T17:08:09.347+0700] {logging_mixin.py:190} INFO - [2025-04-23T17:08:09.346+0700] {dagbag.py:588} INFO - Filling up the DagBag from /home/minhle/mlops/dags/model_training.py
[2025-04-23T17:08:11.023+0700] {processor.py:925} INFO - DAG(s) 'model_pipeline_v01' retrieved from /home/minhle/mlops/dags/model_training.py
[2025-04-23T17:08:11.030+0700] {logging_mixin.py:190} INFO - [2025-04-23T17:08:11.030+0700] {dag.py:3239} INFO - Sync 1 DAGs
[2025-04-23T17:08:11.037+0700] {logging_mixin.py:190} INFO - [2025-04-23T17:08:11.037+0700] {dag.py:4180} INFO - Setting next_dagrun for model_pipeline_v01 to 2025-04-23 00:00:00+00:00, run_after=2025-04-24 00:00:00+00:00
[2025-04-23T17:08:11.105+0700] {processor.py:208} INFO - Processing /home/minhle/mlops/dags/model_training.py took 1.765 seconds
[2025-04-23T17:08:41.295+0700] {processor.py:186} INFO - Started process (PID=392669) to work on /home/minhle/mlops/dags/model_training.py
[2025-04-23T17:08:41.295+0700] {processor.py:914} INFO - Processing file /home/minhle/mlops/dags/model_training.py for tasks to queue
[2025-04-23T17:08:41.296+0700] {logging_mixin.py:190} INFO - [2025-04-23T17:08:41.295+0700] {dagbag.py:588} INFO - Filling up the DagBag from /home/minhle/mlops/dags/model_training.py
[2025-04-23T17:08:42.877+0700] {processor.py:925} INFO - DAG(s) 'model_pipeline_v01' retrieved from /home/minhle/mlops/dags/model_training.py
[2025-04-23T17:08:42.885+0700] {logging_mixin.py:190} INFO - [2025-04-23T17:08:42.885+0700] {dag.py:3239} INFO - Sync 1 DAGs
[2025-04-23T17:08:42.892+0700] {logging_mixin.py:190} INFO - [2025-04-23T17:08:42.892+0700] {dag.py:4180} INFO - Setting next_dagrun for model_pipeline_v01 to 2025-04-23 00:00:00+00:00, run_after=2025-04-24 00:00:00+00:00
[2025-04-23T17:08:42.994+0700] {processor.py:208} INFO - Processing /home/minhle/mlops/dags/model_training.py took 1.705 seconds
[2025-04-23T17:09:13.292+0700] {processor.py:186} INFO - Started process (PID=392776) to work on /home/minhle/mlops/dags/model_training.py
[2025-04-23T17:09:13.293+0700] {processor.py:914} INFO - Processing file /home/minhle/mlops/dags/model_training.py for tasks to queue
[2025-04-23T17:09:13.294+0700] {logging_mixin.py:190} INFO - [2025-04-23T17:09:13.293+0700] {dagbag.py:588} INFO - Filling up the DagBag from /home/minhle/mlops/dags/model_training.py
[2025-04-23T17:09:14.900+0700] {processor.py:925} INFO - DAG(s) 'model_pipeline_v01' retrieved from /home/minhle/mlops/dags/model_training.py
[2025-04-23T17:09:14.908+0700] {logging_mixin.py:190} INFO - [2025-04-23T17:09:14.908+0700] {dag.py:3239} INFO - Sync 1 DAGs
[2025-04-23T17:09:14.915+0700] {logging_mixin.py:190} INFO - [2025-04-23T17:09:14.915+0700] {dag.py:4180} INFO - Setting next_dagrun for model_pipeline_v01 to 2025-04-23 00:00:00+00:00, run_after=2025-04-24 00:00:00+00:00
[2025-04-23T17:09:14.984+0700] {processor.py:208} INFO - Processing /home/minhle/mlops/dags/model_training.py took 1.700 seconds
[2025-04-23T17:09:45.248+0700] {processor.py:186} INFO - Started process (PID=392856) to work on /home/minhle/mlops/dags/model_training.py
[2025-04-23T17:09:45.250+0700] {processor.py:914} INFO - Processing file /home/minhle/mlops/dags/model_training.py for tasks to queue
[2025-04-23T17:09:45.252+0700] {logging_mixin.py:190} INFO - [2025-04-23T17:09:45.251+0700] {dagbag.py:588} INFO - Filling up the DagBag from /home/minhle/mlops/dags/model_training.py
[2025-04-23T17:09:46.836+0700] {processor.py:925} INFO - DAG(s) 'model_pipeline_v01' retrieved from /home/minhle/mlops/dags/model_training.py
[2025-04-23T17:09:46.843+0700] {logging_mixin.py:190} INFO - [2025-04-23T17:09:46.842+0700] {dag.py:3239} INFO - Sync 1 DAGs
[2025-04-23T17:09:46.849+0700] {logging_mixin.py:190} INFO - [2025-04-23T17:09:46.849+0700] {dag.py:4180} INFO - Setting next_dagrun for model_pipeline_v01 to 2025-04-23 00:00:00+00:00, run_after=2025-04-24 00:00:00+00:00
[2025-04-23T17:09:46.945+0700] {processor.py:208} INFO - Processing /home/minhle/mlops/dags/model_training.py took 1.707 seconds
[2025-04-23T17:10:17.186+0700] {processor.py:186} INFO - Started process (PID=392937) to work on /home/minhle/mlops/dags/model_training.py
[2025-04-23T17:10:17.191+0700] {processor.py:914} INFO - Processing file /home/minhle/mlops/dags/model_training.py for tasks to queue
[2025-04-23T17:10:17.193+0700] {logging_mixin.py:190} INFO - [2025-04-23T17:10:17.192+0700] {dagbag.py:588} INFO - Filling up the DagBag from /home/minhle/mlops/dags/model_training.py
[2025-04-23T17:10:18.791+0700] {processor.py:925} INFO - DAG(s) 'model_pipeline_v01' retrieved from /home/minhle/mlops/dags/model_training.py
[2025-04-23T17:10:18.798+0700] {logging_mixin.py:190} INFO - [2025-04-23T17:10:18.798+0700] {dag.py:3239} INFO - Sync 1 DAGs
[2025-04-23T17:10:18.805+0700] {logging_mixin.py:190} INFO - [2025-04-23T17:10:18.805+0700] {dag.py:4180} INFO - Setting next_dagrun for model_pipeline_v01 to 2025-04-23 00:00:00+00:00, run_after=2025-04-24 00:00:00+00:00
[2025-04-23T17:10:18.898+0700] {processor.py:208} INFO - Processing /home/minhle/mlops/dags/model_training.py took 1.716 seconds
[2025-04-23T17:10:49.143+0700] {processor.py:186} INFO - Started process (PID=393017) to work on /home/minhle/mlops/dags/model_training.py
[2025-04-23T17:10:49.143+0700] {processor.py:914} INFO - Processing file /home/minhle/mlops/dags/model_training.py for tasks to queue
[2025-04-23T17:10:49.144+0700] {logging_mixin.py:190} INFO - [2025-04-23T17:10:49.143+0700] {dagbag.py:588} INFO - Filling up the DagBag from /home/minhle/mlops/dags/model_training.py
[2025-04-23T17:10:50.768+0700] {processor.py:925} INFO - DAG(s) 'model_pipeline_v01' retrieved from /home/minhle/mlops/dags/model_training.py
[2025-04-23T17:10:50.776+0700] {logging_mixin.py:190} INFO - [2025-04-23T17:10:50.775+0700] {dag.py:3239} INFO - Sync 1 DAGs
[2025-04-23T17:10:50.782+0700] {logging_mixin.py:190} INFO - [2025-04-23T17:10:50.782+0700] {dag.py:4180} INFO - Setting next_dagrun for model_pipeline_v01 to 2025-04-23 00:00:00+00:00, run_after=2025-04-24 00:00:00+00:00
[2025-04-23T17:10:50.872+0700] {processor.py:208} INFO - Processing /home/minhle/mlops/dags/model_training.py took 1.733 seconds
[2025-04-23T17:11:20.966+0700] {processor.py:186} INFO - Started process (PID=393098) to work on /home/minhle/mlops/dags/model_training.py
[2025-04-23T17:11:20.967+0700] {processor.py:914} INFO - Processing file /home/minhle/mlops/dags/model_training.py for tasks to queue
[2025-04-23T17:11:20.967+0700] {logging_mixin.py:190} INFO - [2025-04-23T17:11:20.967+0700] {dagbag.py:588} INFO - Filling up the DagBag from /home/minhle/mlops/dags/model_training.py
[2025-04-23T17:11:22.550+0700] {processor.py:925} INFO - DAG(s) 'model_pipeline_v01' retrieved from /home/minhle/mlops/dags/model_training.py
[2025-04-23T17:11:22.559+0700] {logging_mixin.py:190} INFO - [2025-04-23T17:11:22.558+0700] {dag.py:3239} INFO - Sync 1 DAGs
[2025-04-23T17:11:22.566+0700] {logging_mixin.py:190} INFO - [2025-04-23T17:11:22.565+0700] {dag.py:4180} INFO - Setting next_dagrun for model_pipeline_v01 to 2025-04-23 00:00:00+00:00, run_after=2025-04-24 00:00:00+00:00
[2025-04-23T17:11:22.880+0700] {processor.py:208} INFO - Processing /home/minhle/mlops/dags/model_training.py took 1.919 seconds
[2025-04-23T17:11:53.220+0700] {processor.py:186} INFO - Started process (PID=393179) to work on /home/minhle/mlops/dags/model_training.py
[2025-04-23T17:11:53.220+0700] {processor.py:914} INFO - Processing file /home/minhle/mlops/dags/model_training.py for tasks to queue
[2025-04-23T17:11:53.221+0700] {logging_mixin.py:190} INFO - [2025-04-23T17:11:53.221+0700] {dagbag.py:588} INFO - Filling up the DagBag from /home/minhle/mlops/dags/model_training.py
[2025-04-23T17:11:54.799+0700] {processor.py:925} INFO - DAG(s) 'model_pipeline_v01' retrieved from /home/minhle/mlops/dags/model_training.py
[2025-04-23T17:11:54.806+0700] {logging_mixin.py:190} INFO - [2025-04-23T17:11:54.805+0700] {dag.py:3239} INFO - Sync 1 DAGs
[2025-04-23T17:11:54.813+0700] {logging_mixin.py:190} INFO - [2025-04-23T17:11:54.813+0700] {dag.py:4180} INFO - Setting next_dagrun for model_pipeline_v01 to 2025-04-23 00:00:00+00:00, run_after=2025-04-24 00:00:00+00:00
[2025-04-23T17:11:54.885+0700] {processor.py:208} INFO - Processing /home/minhle/mlops/dags/model_training.py took 1.669 seconds
[2025-04-23T17:12:25.060+0700] {processor.py:186} INFO - Started process (PID=393260) to work on /home/minhle/mlops/dags/model_training.py
[2025-04-23T17:12:25.086+0700] {processor.py:914} INFO - Processing file /home/minhle/mlops/dags/model_training.py for tasks to queue
[2025-04-23T17:12:25.089+0700] {logging_mixin.py:190} INFO - [2025-04-23T17:12:25.088+0700] {dagbag.py:588} INFO - Filling up the DagBag from /home/minhle/mlops/dags/model_training.py
[2025-04-23T17:12:26.702+0700] {processor.py:925} INFO - DAG(s) 'model_pipeline_v01' retrieved from /home/minhle/mlops/dags/model_training.py
[2025-04-23T17:12:26.710+0700] {logging_mixin.py:190} INFO - [2025-04-23T17:12:26.710+0700] {dag.py:3239} INFO - Sync 1 DAGs
[2025-04-23T17:12:26.717+0700] {logging_mixin.py:190} INFO - [2025-04-23T17:12:26.717+0700] {dag.py:4180} INFO - Setting next_dagrun for model_pipeline_v01 to 2025-04-23 00:00:00+00:00, run_after=2025-04-24 00:00:00+00:00
[2025-04-23T17:12:26.823+0700] {processor.py:208} INFO - Processing /home/minhle/mlops/dags/model_training.py took 1.768 seconds
[2025-04-23T17:12:56.998+0700] {processor.py:186} INFO - Started process (PID=393340) to work on /home/minhle/mlops/dags/model_training.py
[2025-04-23T17:12:56.998+0700] {processor.py:914} INFO - Processing file /home/minhle/mlops/dags/model_training.py for tasks to queue
[2025-04-23T17:12:56.999+0700] {logging_mixin.py:190} INFO - [2025-04-23T17:12:56.998+0700] {dagbag.py:588} INFO - Filling up the DagBag from /home/minhle/mlops/dags/model_training.py
[2025-04-23T17:12:58.597+0700] {processor.py:925} INFO - DAG(s) 'model_pipeline_v01' retrieved from /home/minhle/mlops/dags/model_training.py
[2025-04-23T17:12:58.604+0700] {logging_mixin.py:190} INFO - [2025-04-23T17:12:58.604+0700] {dag.py:3239} INFO - Sync 1 DAGs
[2025-04-23T17:12:58.611+0700] {logging_mixin.py:190} INFO - [2025-04-23T17:12:58.611+0700] {dag.py:4180} INFO - Setting next_dagrun for model_pipeline_v01 to 2025-04-23 00:00:00+00:00, run_after=2025-04-24 00:00:00+00:00
[2025-04-23T17:12:59.106+0700] {processor.py:208} INFO - Processing /home/minhle/mlops/dags/model_training.py took 2.115 seconds
[2025-04-23T17:13:29.351+0700] {processor.py:186} INFO - Started process (PID=393420) to work on /home/minhle/mlops/dags/model_training.py
[2025-04-23T17:13:29.365+0700] {processor.py:914} INFO - Processing file /home/minhle/mlops/dags/model_training.py for tasks to queue
[2025-04-23T17:13:29.368+0700] {logging_mixin.py:190} INFO - [2025-04-23T17:13:29.367+0700] {dagbag.py:588} INFO - Filling up the DagBag from /home/minhle/mlops/dags/model_training.py
[2025-04-23T17:13:30.963+0700] {processor.py:925} INFO - DAG(s) 'model_pipeline_v01' retrieved from /home/minhle/mlops/dags/model_training.py
[2025-04-23T17:13:30.970+0700] {logging_mixin.py:190} INFO - [2025-04-23T17:13:30.969+0700] {dag.py:3239} INFO - Sync 1 DAGs
[2025-04-23T17:13:30.976+0700] {logging_mixin.py:190} INFO - [2025-04-23T17:13:30.976+0700] {dag.py:4180} INFO - Setting next_dagrun for model_pipeline_v01 to 2025-04-23 00:00:00+00:00, run_after=2025-04-24 00:00:00+00:00
[2025-04-23T17:13:31.051+0700] {processor.py:208} INFO - Processing /home/minhle/mlops/dags/model_training.py took 1.707 seconds
[2025-04-23T17:14:01.300+0700] {processor.py:186} INFO - Started process (PID=393501) to work on /home/minhle/mlops/dags/model_training.py
[2025-04-23T17:14:01.302+0700] {processor.py:914} INFO - Processing file /home/minhle/mlops/dags/model_training.py for tasks to queue
[2025-04-23T17:14:01.305+0700] {logging_mixin.py:190} INFO - [2025-04-23T17:14:01.304+0700] {dagbag.py:588} INFO - Filling up the DagBag from /home/minhle/mlops/dags/model_training.py
[2025-04-23T17:14:02.900+0700] {processor.py:925} INFO - DAG(s) 'model_pipeline_v01' retrieved from /home/minhle/mlops/dags/model_training.py
[2025-04-23T17:14:02.907+0700] {logging_mixin.py:190} INFO - [2025-04-23T17:14:02.907+0700] {dag.py:3239} INFO - Sync 1 DAGs
[2025-04-23T17:14:02.914+0700] {logging_mixin.py:190} INFO - [2025-04-23T17:14:02.914+0700] {dag.py:4180} INFO - Setting next_dagrun for model_pipeline_v01 to 2025-04-23 00:00:00+00:00, run_after=2025-04-24 00:00:00+00:00
[2025-04-23T17:14:03.341+0700] {processor.py:208} INFO - Processing /home/minhle/mlops/dags/model_training.py took 2.049 seconds
[2025-04-23T17:14:33.479+0700] {processor.py:186} INFO - Started process (PID=393611) to work on /home/minhle/mlops/dags/model_training.py
[2025-04-23T17:14:33.578+0700] {processor.py:914} INFO - Processing file /home/minhle/mlops/dags/model_training.py for tasks to queue
[2025-04-23T17:14:33.581+0700] {logging_mixin.py:190} INFO - [2025-04-23T17:14:33.580+0700] {dagbag.py:588} INFO - Filling up the DagBag from /home/minhle/mlops/dags/model_training.py
[2025-04-23T17:14:35.167+0700] {processor.py:925} INFO - DAG(s) 'model_pipeline_v01' retrieved from /home/minhle/mlops/dags/model_training.py
[2025-04-23T17:14:35.174+0700] {logging_mixin.py:190} INFO - [2025-04-23T17:14:35.174+0700] {dag.py:3239} INFO - Sync 1 DAGs
[2025-04-23T17:14:35.181+0700] {logging_mixin.py:190} INFO - [2025-04-23T17:14:35.181+0700] {dag.py:4180} INFO - Setting next_dagrun for model_pipeline_v01 to 2025-04-23 00:00:00+00:00, run_after=2025-04-24 00:00:00+00:00
[2025-04-23T17:14:35.681+0700] {processor.py:208} INFO - Processing /home/minhle/mlops/dags/model_training.py took 2.208 seconds
[2025-04-23T17:15:05.898+0700] {processor.py:186} INFO - Started process (PID=393691) to work on /home/minhle/mlops/dags/model_training.py
[2025-04-23T17:15:05.899+0700] {processor.py:914} INFO - Processing file /home/minhle/mlops/dags/model_training.py for tasks to queue
[2025-04-23T17:15:05.899+0700] {logging_mixin.py:190} INFO - [2025-04-23T17:15:05.899+0700] {dagbag.py:588} INFO - Filling up the DagBag from /home/minhle/mlops/dags/model_training.py
[2025-04-23T17:15:07.476+0700] {processor.py:925} INFO - DAG(s) 'model_pipeline_v01' retrieved from /home/minhle/mlops/dags/model_training.py
[2025-04-23T17:15:07.484+0700] {logging_mixin.py:190} INFO - [2025-04-23T17:15:07.484+0700] {dag.py:3239} INFO - Sync 1 DAGs
[2025-04-23T17:15:07.491+0700] {logging_mixin.py:190} INFO - [2025-04-23T17:15:07.491+0700] {dag.py:4180} INFO - Setting next_dagrun for model_pipeline_v01 to 2025-04-23 00:00:00+00:00, run_after=2025-04-24 00:00:00+00:00
[2025-04-23T17:15:07.803+0700] {processor.py:208} INFO - Processing /home/minhle/mlops/dags/model_training.py took 1.911 seconds
[2025-04-23T17:15:38.056+0700] {processor.py:186} INFO - Started process (PID=393771) to work on /home/minhle/mlops/dags/model_training.py
[2025-04-23T17:15:38.057+0700] {processor.py:914} INFO - Processing file /home/minhle/mlops/dags/model_training.py for tasks to queue
[2025-04-23T17:15:38.058+0700] {logging_mixin.py:190} INFO - [2025-04-23T17:15:38.058+0700] {dagbag.py:588} INFO - Filling up the DagBag from /home/minhle/mlops/dags/model_training.py
[2025-04-23T17:15:39.640+0700] {processor.py:925} INFO - DAG(s) 'model_pipeline_v01' retrieved from /home/minhle/mlops/dags/model_training.py
[2025-04-23T17:15:39.648+0700] {logging_mixin.py:190} INFO - [2025-04-23T17:15:39.648+0700] {dag.py:3239} INFO - Sync 1 DAGs
[2025-04-23T17:15:39.655+0700] {logging_mixin.py:190} INFO - [2025-04-23T17:15:39.655+0700] {dag.py:4180} INFO - Setting next_dagrun for model_pipeline_v01 to 2025-04-23 00:00:00+00:00, run_after=2025-04-24 00:00:00+00:00
[2025-04-23T17:15:39.888+0700] {processor.py:208} INFO - Processing /home/minhle/mlops/dags/model_training.py took 1.838 seconds
[2025-04-23T17:16:10.089+0700] {processor.py:186} INFO - Started process (PID=393851) to work on /home/minhle/mlops/dags/model_training.py
[2025-04-23T17:16:10.126+0700] {processor.py:914} INFO - Processing file /home/minhle/mlops/dags/model_training.py for tasks to queue
[2025-04-23T17:16:10.129+0700] {logging_mixin.py:190} INFO - [2025-04-23T17:16:10.128+0700] {dagbag.py:588} INFO - Filling up the DagBag from /home/minhle/mlops/dags/model_training.py
[2025-04-23T17:16:11.731+0700] {processor.py:925} INFO - DAG(s) 'model_pipeline_v01' retrieved from /home/minhle/mlops/dags/model_training.py
[2025-04-23T17:16:11.738+0700] {logging_mixin.py:190} INFO - [2025-04-23T17:16:11.738+0700] {dag.py:3239} INFO - Sync 1 DAGs
[2025-04-23T17:16:11.745+0700] {logging_mixin.py:190} INFO - [2025-04-23T17:16:11.745+0700] {dag.py:4180} INFO - Setting next_dagrun for model_pipeline_v01 to 2025-04-23 00:00:00+00:00, run_after=2025-04-24 00:00:00+00:00
[2025-04-23T17:16:11.805+0700] {processor.py:208} INFO - Processing /home/minhle/mlops/dags/model_training.py took 1.721 seconds
[2025-04-23T17:16:42.071+0700] {processor.py:186} INFO - Started process (PID=393943) to work on /home/minhle/mlops/dags/model_training.py
[2025-04-23T17:16:42.072+0700] {processor.py:914} INFO - Processing file /home/minhle/mlops/dags/model_training.py for tasks to queue
[2025-04-23T17:16:42.073+0700] {logging_mixin.py:190} INFO - [2025-04-23T17:16:42.073+0700] {dagbag.py:588} INFO - Filling up the DagBag from /home/minhle/mlops/dags/model_training.py
[2025-04-23T17:16:43.665+0700] {processor.py:925} INFO - DAG(s) 'model_pipeline_v01' retrieved from /home/minhle/mlops/dags/model_training.py
[2025-04-23T17:16:43.672+0700] {logging_mixin.py:190} INFO - [2025-04-23T17:16:43.672+0700] {dag.py:3239} INFO - Sync 1 DAGs
[2025-04-23T17:16:43.679+0700] {logging_mixin.py:190} INFO - [2025-04-23T17:16:43.679+0700] {dag.py:4180} INFO - Setting next_dagrun for model_pipeline_v01 to 2025-04-23 00:00:00+00:00, run_after=2025-04-24 00:00:00+00:00
[2025-04-23T17:16:43.742+0700] {processor.py:208} INFO - Processing /home/minhle/mlops/dags/model_training.py took 1.677 seconds
[2025-04-23T17:17:13.905+0700] {processor.py:186} INFO - Started process (PID=394028) to work on /home/minhle/mlops/dags/model_training.py
[2025-04-23T17:17:13.915+0700] {processor.py:914} INFO - Processing file /home/minhle/mlops/dags/model_training.py for tasks to queue
[2025-04-23T17:17:13.917+0700] {logging_mixin.py:190} INFO - [2025-04-23T17:17:13.917+0700] {dagbag.py:588} INFO - Filling up the DagBag from /home/minhle/mlops/dags/model_training.py
[2025-04-23T17:17:15.506+0700] {processor.py:925} INFO - DAG(s) 'model_pipeline_v01' retrieved from /home/minhle/mlops/dags/model_training.py
[2025-04-23T17:17:15.513+0700] {logging_mixin.py:190} INFO - [2025-04-23T17:17:15.513+0700] {dag.py:3239} INFO - Sync 1 DAGs
[2025-04-23T17:17:15.520+0700] {logging_mixin.py:190} INFO - [2025-04-23T17:17:15.520+0700] {dag.py:4180} INFO - Setting next_dagrun for model_pipeline_v01 to 2025-04-23 00:00:00+00:00, run_after=2025-04-24 00:00:00+00:00
[2025-04-23T17:17:15.602+0700] {processor.py:208} INFO - Processing /home/minhle/mlops/dags/model_training.py took 1.701 seconds
[2025-04-23T17:17:45.840+0700] {processor.py:186} INFO - Started process (PID=394118) to work on /home/minhle/mlops/dags/model_training.py
[2025-04-23T17:17:45.840+0700] {processor.py:914} INFO - Processing file /home/minhle/mlops/dags/model_training.py for tasks to queue
[2025-04-23T17:17:45.841+0700] {logging_mixin.py:190} INFO - [2025-04-23T17:17:45.841+0700] {dagbag.py:588} INFO - Filling up the DagBag from /home/minhle/mlops/dags/model_training.py
[2025-04-23T17:17:47.430+0700] {processor.py:925} INFO - DAG(s) 'model_pipeline_v01' retrieved from /home/minhle/mlops/dags/model_training.py
[2025-04-23T17:17:47.442+0700] {logging_mixin.py:190} INFO - [2025-04-23T17:17:47.442+0700] {dag.py:3239} INFO - Sync 1 DAGs
[2025-04-23T17:17:47.449+0700] {logging_mixin.py:190} INFO - [2025-04-23T17:17:47.449+0700] {dag.py:4180} INFO - Setting next_dagrun for model_pipeline_v01 to 2025-04-23 00:00:00+00:00, run_after=2025-04-24 00:00:00+00:00
[2025-04-23T17:17:47.518+0700] {processor.py:208} INFO - Processing /home/minhle/mlops/dags/model_training.py took 1.684 seconds
[2025-04-23T17:18:17.676+0700] {processor.py:186} INFO - Started process (PID=394199) to work on /home/minhle/mlops/dags/model_training.py
[2025-04-23T17:18:17.677+0700] {processor.py:914} INFO - Processing file /home/minhle/mlops/dags/model_training.py for tasks to queue
[2025-04-23T17:18:17.677+0700] {logging_mixin.py:190} INFO - [2025-04-23T17:18:17.677+0700] {dagbag.py:588} INFO - Filling up the DagBag from /home/minhle/mlops/dags/model_training.py
[2025-04-23T17:18:19.282+0700] {processor.py:925} INFO - DAG(s) 'model_pipeline_v01' retrieved from /home/minhle/mlops/dags/model_training.py
[2025-04-23T17:18:19.289+0700] {logging_mixin.py:190} INFO - [2025-04-23T17:18:19.289+0700] {dag.py:3239} INFO - Sync 1 DAGs
[2025-04-23T17:18:19.296+0700] {logging_mixin.py:190} INFO - [2025-04-23T17:18:19.296+0700] {dag.py:4180} INFO - Setting next_dagrun for model_pipeline_v01 to 2025-04-23 00:00:00+00:00, run_after=2025-04-24 00:00:00+00:00
[2025-04-23T17:18:19.660+0700] {processor.py:208} INFO - Processing /home/minhle/mlops/dags/model_training.py took 1.989 seconds
[2025-04-23T17:18:49.806+0700] {processor.py:186} INFO - Started process (PID=394280) to work on /home/minhle/mlops/dags/model_training.py
[2025-04-23T17:18:49.813+0700] {processor.py:914} INFO - Processing file /home/minhle/mlops/dags/model_training.py for tasks to queue
[2025-04-23T17:18:49.815+0700] {logging_mixin.py:190} INFO - [2025-04-23T17:18:49.814+0700] {dagbag.py:588} INFO - Filling up the DagBag from /home/minhle/mlops/dags/model_training.py
[2025-04-23T17:18:51.413+0700] {processor.py:925} INFO - DAG(s) 'model_pipeline_v01' retrieved from /home/minhle/mlops/dags/model_training.py
[2025-04-23T17:18:51.421+0700] {logging_mixin.py:190} INFO - [2025-04-23T17:18:51.420+0700] {dag.py:3239} INFO - Sync 1 DAGs
[2025-04-23T17:18:51.427+0700] {logging_mixin.py:190} INFO - [2025-04-23T17:18:51.427+0700] {dag.py:4180} INFO - Setting next_dagrun for model_pipeline_v01 to 2025-04-23 00:00:00+00:00, run_after=2025-04-24 00:00:00+00:00
[2025-04-23T17:18:51.581+0700] {processor.py:208} INFO - Processing /home/minhle/mlops/dags/model_training.py took 1.780 seconds
[2025-04-23T17:19:21.754+0700] {processor.py:186} INFO - Started process (PID=394407) to work on /home/minhle/mlops/dags/model_training.py
[2025-04-23T17:19:21.754+0700] {processor.py:914} INFO - Processing file /home/minhle/mlops/dags/model_training.py for tasks to queue
[2025-04-23T17:19:21.755+0700] {logging_mixin.py:190} INFO - [2025-04-23T17:19:21.755+0700] {dagbag.py:588} INFO - Filling up the DagBag from /home/minhle/mlops/dags/model_training.py
[2025-04-23T17:19:23.367+0700] {processor.py:925} INFO - DAG(s) 'model_pipeline_v01' retrieved from /home/minhle/mlops/dags/model_training.py
[2025-04-23T17:19:23.382+0700] {logging_mixin.py:190} INFO - [2025-04-23T17:19:23.382+0700] {dag.py:3239} INFO - Sync 1 DAGs
[2025-04-23T17:19:23.389+0700] {logging_mixin.py:190} INFO - [2025-04-23T17:19:23.389+0700] {dag.py:4180} INFO - Setting next_dagrun for model_pipeline_v01 to 2025-04-23 00:00:00+00:00, run_after=2025-04-24 00:00:00+00:00
[2025-04-23T17:19:23.474+0700] {processor.py:208} INFO - Processing /home/minhle/mlops/dags/model_training.py took 1.723 seconds
[2025-04-23T17:19:53.705+0700] {processor.py:186} INFO - Started process (PID=394490) to work on /home/minhle/mlops/dags/model_training.py
[2025-04-23T17:19:53.705+0700] {processor.py:914} INFO - Processing file /home/minhle/mlops/dags/model_training.py for tasks to queue
[2025-04-23T17:19:53.706+0700] {logging_mixin.py:190} INFO - [2025-04-23T17:19:53.706+0700] {dagbag.py:588} INFO - Filling up the DagBag from /home/minhle/mlops/dags/model_training.py
[2025-04-23T17:19:55.299+0700] {processor.py:925} INFO - DAG(s) 'model_pipeline_v01' retrieved from /home/minhle/mlops/dags/model_training.py
[2025-04-23T17:19:55.306+0700] {logging_mixin.py:190} INFO - [2025-04-23T17:19:55.306+0700] {dag.py:3239} INFO - Sync 1 DAGs
[2025-04-23T17:19:55.313+0700] {logging_mixin.py:190} INFO - [2025-04-23T17:19:55.313+0700] {dag.py:4180} INFO - Setting next_dagrun for model_pipeline_v01 to 2025-04-23 00:00:00+00:00, run_after=2025-04-24 00:00:00+00:00
[2025-04-23T17:19:55.384+0700] {processor.py:208} INFO - Processing /home/minhle/mlops/dags/model_training.py took 1.684 seconds
[2025-04-23T17:20:25.553+0700] {processor.py:186} INFO - Started process (PID=394571) to work on /home/minhle/mlops/dags/model_training.py
[2025-04-23T17:20:25.554+0700] {processor.py:914} INFO - Processing file /home/minhle/mlops/dags/model_training.py for tasks to queue
[2025-04-23T17:20:25.555+0700] {logging_mixin.py:190} INFO - [2025-04-23T17:20:25.554+0700] {dagbag.py:588} INFO - Filling up the DagBag from /home/minhle/mlops/dags/model_training.py
[2025-04-23T17:20:27.135+0700] {processor.py:925} INFO - DAG(s) 'model_pipeline_v01' retrieved from /home/minhle/mlops/dags/model_training.py
[2025-04-23T17:20:27.142+0700] {logging_mixin.py:190} INFO - [2025-04-23T17:20:27.142+0700] {dag.py:3239} INFO - Sync 1 DAGs
[2025-04-23T17:20:27.149+0700] {logging_mixin.py:190} INFO - [2025-04-23T17:20:27.149+0700] {dag.py:4180} INFO - Setting next_dagrun for model_pipeline_v01 to 2025-04-23 00:00:00+00:00, run_after=2025-04-24 00:00:00+00:00
[2025-04-23T17:20:27.243+0700] {processor.py:208} INFO - Processing /home/minhle/mlops/dags/model_training.py took 1.695 seconds
[2025-04-23T17:20:57.388+0700] {processor.py:186} INFO - Started process (PID=394651) to work on /home/minhle/mlops/dags/model_training.py
[2025-04-23T17:20:57.397+0700] {processor.py:914} INFO - Processing file /home/minhle/mlops/dags/model_training.py for tasks to queue
[2025-04-23T17:20:57.399+0700] {logging_mixin.py:190} INFO - [2025-04-23T17:20:57.399+0700] {dagbag.py:588} INFO - Filling up the DagBag from /home/minhle/mlops/dags/model_training.py
[2025-04-23T17:20:58.997+0700] {processor.py:925} INFO - DAG(s) 'model_pipeline_v01' retrieved from /home/minhle/mlops/dags/model_training.py
[2025-04-23T17:20:59.005+0700] {logging_mixin.py:190} INFO - [2025-04-23T17:20:59.005+0700] {dag.py:3239} INFO - Sync 1 DAGs
[2025-04-23T17:20:59.012+0700] {logging_mixin.py:190} INFO - [2025-04-23T17:20:59.012+0700] {dag.py:4180} INFO - Setting next_dagrun for model_pipeline_v01 to 2025-04-23 00:00:00+00:00, run_after=2025-04-24 00:00:00+00:00
[2025-04-23T17:20:59.098+0700] {processor.py:208} INFO - Processing /home/minhle/mlops/dags/model_training.py took 1.715 seconds
[2025-04-23T17:21:29.336+0700] {processor.py:186} INFO - Started process (PID=394731) to work on /home/minhle/mlops/dags/model_training.py
[2025-04-23T17:21:29.337+0700] {processor.py:914} INFO - Processing file /home/minhle/mlops/dags/model_training.py for tasks to queue
[2025-04-23T17:21:29.337+0700] {logging_mixin.py:190} INFO - [2025-04-23T17:21:29.337+0700] {dagbag.py:588} INFO - Filling up the DagBag from /home/minhle/mlops/dags/model_training.py
[2025-04-23T17:21:30.929+0700] {processor.py:925} INFO - DAG(s) 'model_pipeline_v01' retrieved from /home/minhle/mlops/dags/model_training.py
[2025-04-23T17:21:30.936+0700] {logging_mixin.py:190} INFO - [2025-04-23T17:21:30.936+0700] {dag.py:3239} INFO - Sync 1 DAGs
[2025-04-23T17:21:30.943+0700] {logging_mixin.py:190} INFO - [2025-04-23T17:21:30.943+0700] {dag.py:4180} INFO - Setting next_dagrun for model_pipeline_v01 to 2025-04-23 00:00:00+00:00, run_after=2025-04-24 00:00:00+00:00
[2025-04-23T17:21:31.049+0700] {processor.py:208} INFO - Processing /home/minhle/mlops/dags/model_training.py took 1.717 seconds
[2025-04-23T17:22:01.304+0700] {processor.py:186} INFO - Started process (PID=394813) to work on /home/minhle/mlops/dags/model_training.py
[2025-04-23T17:22:01.314+0700] {processor.py:914} INFO - Processing file /home/minhle/mlops/dags/model_training.py for tasks to queue
[2025-04-23T17:22:01.317+0700] {logging_mixin.py:190} INFO - [2025-04-23T17:22:01.316+0700] {dagbag.py:588} INFO - Filling up the DagBag from /home/minhle/mlops/dags/model_training.py
[2025-04-23T17:22:02.901+0700] {processor.py:925} INFO - DAG(s) 'model_pipeline_v01' retrieved from /home/minhle/mlops/dags/model_training.py
[2025-04-23T17:22:02.909+0700] {logging_mixin.py:190} INFO - [2025-04-23T17:22:02.909+0700] {dag.py:3239} INFO - Sync 1 DAGs
[2025-04-23T17:22:02.915+0700] {logging_mixin.py:190} INFO - [2025-04-23T17:22:02.915+0700] {dag.py:4180} INFO - Setting next_dagrun for model_pipeline_v01 to 2025-04-23 00:00:00+00:00, run_after=2025-04-24 00:00:00+00:00
[2025-04-23T17:22:02.973+0700] {processor.py:208} INFO - Processing /home/minhle/mlops/dags/model_training.py took 1.674 seconds
[2025-04-23T17:22:33.171+0700] {processor.py:186} INFO - Started process (PID=394894) to work on /home/minhle/mlops/dags/model_training.py
[2025-04-23T17:22:33.172+0700] {processor.py:914} INFO - Processing file /home/minhle/mlops/dags/model_training.py for tasks to queue
[2025-04-23T17:22:33.173+0700] {logging_mixin.py:190} INFO - [2025-04-23T17:22:33.172+0700] {dagbag.py:588} INFO - Filling up the DagBag from /home/minhle/mlops/dags/model_training.py
[2025-04-23T17:22:34.783+0700] {processor.py:925} INFO - DAG(s) 'model_pipeline_v01' retrieved from /home/minhle/mlops/dags/model_training.py
[2025-04-23T17:22:34.791+0700] {logging_mixin.py:190} INFO - [2025-04-23T17:22:34.790+0700] {dag.py:3239} INFO - Sync 1 DAGs
[2025-04-23T17:22:34.797+0700] {logging_mixin.py:190} INFO - [2025-04-23T17:22:34.797+0700] {dag.py:4180} INFO - Setting next_dagrun for model_pipeline_v01 to 2025-04-23 00:00:00+00:00, run_after=2025-04-24 00:00:00+00:00
[2025-04-23T17:22:34.891+0700] {processor.py:208} INFO - Processing /home/minhle/mlops/dags/model_training.py took 1.723 seconds
[2025-04-23T17:23:05.104+0700] {processor.py:186} INFO - Started process (PID=394975) to work on /home/minhle/mlops/dags/model_training.py
[2025-04-23T17:23:05.105+0700] {processor.py:914} INFO - Processing file /home/minhle/mlops/dags/model_training.py for tasks to queue
[2025-04-23T17:23:05.106+0700] {logging_mixin.py:190} INFO - [2025-04-23T17:23:05.106+0700] {dagbag.py:588} INFO - Filling up the DagBag from /home/minhle/mlops/dags/model_training.py
[2025-04-23T17:23:06.698+0700] {processor.py:925} INFO - DAG(s) 'model_pipeline_v01' retrieved from /home/minhle/mlops/dags/model_training.py
[2025-04-23T17:23:06.705+0700] {logging_mixin.py:190} INFO - [2025-04-23T17:23:06.704+0700] {dag.py:3239} INFO - Sync 1 DAGs
[2025-04-23T17:23:06.711+0700] {logging_mixin.py:190} INFO - [2025-04-23T17:23:06.711+0700] {dag.py:4180} INFO - Setting next_dagrun for model_pipeline_v01 to 2025-04-23 00:00:00+00:00, run_after=2025-04-24 00:00:00+00:00
[2025-04-23T17:23:06.777+0700] {processor.py:208} INFO - Processing /home/minhle/mlops/dags/model_training.py took 1.678 seconds
[2025-04-23T17:23:36.933+0700] {processor.py:186} INFO - Started process (PID=395055) to work on /home/minhle/mlops/dags/model_training.py
[2025-04-23T17:23:36.934+0700] {processor.py:914} INFO - Processing file /home/minhle/mlops/dags/model_training.py for tasks to queue
[2025-04-23T17:23:36.934+0700] {logging_mixin.py:190} INFO - [2025-04-23T17:23:36.934+0700] {dagbag.py:588} INFO - Filling up the DagBag from /home/minhle/mlops/dags/model_training.py
[2025-04-23T17:23:38.520+0700] {processor.py:925} INFO - DAG(s) 'model_pipeline_v01' retrieved from /home/minhle/mlops/dags/model_training.py
[2025-04-23T17:23:38.527+0700] {logging_mixin.py:190} INFO - [2025-04-23T17:23:38.526+0700] {dag.py:3239} INFO - Sync 1 DAGs
[2025-04-23T17:23:38.533+0700] {logging_mixin.py:190} INFO - [2025-04-23T17:23:38.533+0700] {dag.py:4180} INFO - Setting next_dagrun for model_pipeline_v01 to 2025-04-23 00:00:00+00:00, run_after=2025-04-24 00:00:00+00:00
[2025-04-23T17:23:38.596+0700] {processor.py:208} INFO - Processing /home/minhle/mlops/dags/model_training.py took 1.667 seconds
[2025-04-23T17:24:08.763+0700] {processor.py:186} INFO - Started process (PID=395162) to work on /home/minhle/mlops/dags/model_training.py
[2025-04-23T17:24:08.772+0700] {processor.py:914} INFO - Processing file /home/minhle/mlops/dags/model_training.py for tasks to queue
[2025-04-23T17:24:08.774+0700] {logging_mixin.py:190} INFO - [2025-04-23T17:24:08.774+0700] {dagbag.py:588} INFO - Filling up the DagBag from /home/minhle/mlops/dags/model_training.py
[2025-04-23T17:24:10.371+0700] {processor.py:925} INFO - DAG(s) 'model_pipeline_v01' retrieved from /home/minhle/mlops/dags/model_training.py
[2025-04-23T17:24:10.378+0700] {logging_mixin.py:190} INFO - [2025-04-23T17:24:10.377+0700] {dag.py:3239} INFO - Sync 1 DAGs
[2025-04-23T17:24:10.385+0700] {logging_mixin.py:190} INFO - [2025-04-23T17:24:10.385+0700] {dag.py:4180} INFO - Setting next_dagrun for model_pipeline_v01 to 2025-04-23 00:00:00+00:00, run_after=2025-04-24 00:00:00+00:00
[2025-04-23T17:24:10.447+0700] {processor.py:208} INFO - Processing /home/minhle/mlops/dags/model_training.py took 1.690 seconds
[2025-04-23T17:24:40.594+0700] {processor.py:186} INFO - Started process (PID=395243) to work on /home/minhle/mlops/dags/model_training.py
[2025-04-23T17:24:40.595+0700] {processor.py:914} INFO - Processing file /home/minhle/mlops/dags/model_training.py for tasks to queue
[2025-04-23T17:24:40.595+0700] {logging_mixin.py:190} INFO - [2025-04-23T17:24:40.595+0700] {dagbag.py:588} INFO - Filling up the DagBag from /home/minhle/mlops/dags/model_training.py
[2025-04-23T17:24:42.172+0700] {processor.py:925} INFO - DAG(s) 'model_pipeline_v01' retrieved from /home/minhle/mlops/dags/model_training.py
[2025-04-23T17:24:42.186+0700] {logging_mixin.py:190} INFO - [2025-04-23T17:24:42.186+0700] {dag.py:3239} INFO - Sync 1 DAGs
[2025-04-23T17:24:42.193+0700] {logging_mixin.py:190} INFO - [2025-04-23T17:24:42.193+0700] {dag.py:4180} INFO - Setting next_dagrun for model_pipeline_v01 to 2025-04-23 00:00:00+00:00, run_after=2025-04-24 00:00:00+00:00
[2025-04-23T17:24:42.264+0700] {processor.py:208} INFO - Processing /home/minhle/mlops/dags/model_training.py took 1.674 seconds
[2025-04-23T17:25:12.432+0700] {processor.py:186} INFO - Started process (PID=395323) to work on /home/minhle/mlops/dags/model_training.py
[2025-04-23T17:25:12.433+0700] {processor.py:914} INFO - Processing file /home/minhle/mlops/dags/model_training.py for tasks to queue
[2025-04-23T17:25:12.435+0700] {logging_mixin.py:190} INFO - [2025-04-23T17:25:12.434+0700] {dagbag.py:588} INFO - Filling up the DagBag from /home/minhle/mlops/dags/model_training.py
[2025-04-23T17:25:14.028+0700] {processor.py:925} INFO - DAG(s) 'model_pipeline_v01' retrieved from /home/minhle/mlops/dags/model_training.py
[2025-04-23T17:25:14.036+0700] {logging_mixin.py:190} INFO - [2025-04-23T17:25:14.036+0700] {dag.py:3239} INFO - Sync 1 DAGs
[2025-04-23T17:25:14.043+0700] {logging_mixin.py:190} INFO - [2025-04-23T17:25:14.042+0700] {dag.py:4180} INFO - Setting next_dagrun for model_pipeline_v01 to 2025-04-23 00:00:00+00:00, run_after=2025-04-24 00:00:00+00:00
[2025-04-23T17:25:14.106+0700] {processor.py:208} INFO - Processing /home/minhle/mlops/dags/model_training.py took 1.677 seconds
[2025-04-23T17:25:44.261+0700] {processor.py:186} INFO - Started process (PID=395403) to work on /home/minhle/mlops/dags/model_training.py
[2025-04-23T17:25:44.267+0700] {processor.py:914} INFO - Processing file /home/minhle/mlops/dags/model_training.py for tasks to queue
[2025-04-23T17:25:44.270+0700] {logging_mixin.py:190} INFO - [2025-04-23T17:25:44.269+0700] {dagbag.py:588} INFO - Filling up the DagBag from /home/minhle/mlops/dags/model_training.py
[2025-04-23T17:25:45.864+0700] {processor.py:925} INFO - DAG(s) 'model_pipeline_v01' retrieved from /home/minhle/mlops/dags/model_training.py
[2025-04-23T17:25:45.871+0700] {logging_mixin.py:190} INFO - [2025-04-23T17:25:45.871+0700] {dag.py:3239} INFO - Sync 1 DAGs
[2025-04-23T17:25:45.878+0700] {logging_mixin.py:190} INFO - [2025-04-23T17:25:45.878+0700] {dag.py:4180} INFO - Setting next_dagrun for model_pipeline_v01 to 2025-04-23 00:00:00+00:00, run_after=2025-04-24 00:00:00+00:00
[2025-04-23T17:25:45.974+0700] {processor.py:208} INFO - Processing /home/minhle/mlops/dags/model_training.py took 1.716 seconds
[2025-04-23T17:26:16.216+0700] {processor.py:186} INFO - Started process (PID=395484) to work on /home/minhle/mlops/dags/model_training.py
[2025-04-23T17:26:16.216+0700] {processor.py:914} INFO - Processing file /home/minhle/mlops/dags/model_training.py for tasks to queue
[2025-04-23T17:26:16.217+0700] {logging_mixin.py:190} INFO - [2025-04-23T17:26:16.217+0700] {dagbag.py:588} INFO - Filling up the DagBag from /home/minhle/mlops/dags/model_training.py
[2025-04-23T17:26:17.800+0700] {processor.py:925} INFO - DAG(s) 'model_pipeline_v01' retrieved from /home/minhle/mlops/dags/model_training.py
[2025-04-23T17:26:17.807+0700] {logging_mixin.py:190} INFO - [2025-04-23T17:26:17.807+0700] {dag.py:3239} INFO - Sync 1 DAGs
[2025-04-23T17:26:17.814+0700] {logging_mixin.py:190} INFO - [2025-04-23T17:26:17.814+0700] {dag.py:4180} INFO - Setting next_dagrun for model_pipeline_v01 to 2025-04-23 00:00:00+00:00, run_after=2025-04-24 00:00:00+00:00
[2025-04-23T17:26:17.884+0700] {processor.py:208} INFO - Processing /home/minhle/mlops/dags/model_training.py took 1.675 seconds
[2025-04-23T17:26:48.152+0700] {processor.py:186} INFO - Started process (PID=395564) to work on /home/minhle/mlops/dags/model_training.py
[2025-04-23T17:26:48.158+0700] {processor.py:914} INFO - Processing file /home/minhle/mlops/dags/model_training.py for tasks to queue
[2025-04-23T17:26:48.160+0700] {logging_mixin.py:190} INFO - [2025-04-23T17:26:48.159+0700] {dagbag.py:588} INFO - Filling up the DagBag from /home/minhle/mlops/dags/model_training.py
[2025-04-23T17:26:49.794+0700] {processor.py:925} INFO - DAG(s) 'model_pipeline_v01' retrieved from /home/minhle/mlops/dags/model_training.py
[2025-04-23T17:26:49.801+0700] {logging_mixin.py:190} INFO - [2025-04-23T17:26:49.801+0700] {dag.py:3239} INFO - Sync 1 DAGs
[2025-04-23T17:26:49.807+0700] {logging_mixin.py:190} INFO - [2025-04-23T17:26:49.807+0700] {dag.py:4180} INFO - Setting next_dagrun for model_pipeline_v01 to 2025-04-23 00:00:00+00:00, run_after=2025-04-24 00:00:00+00:00
[2025-04-23T17:26:49.875+0700] {processor.py:208} INFO - Processing /home/minhle/mlops/dags/model_training.py took 1.733 seconds
[2025-04-23T17:27:20.124+0700] {processor.py:186} INFO - Started process (PID=395644) to work on /home/minhle/mlops/dags/model_training.py
[2025-04-23T17:27:20.125+0700] {processor.py:914} INFO - Processing file /home/minhle/mlops/dags/model_training.py for tasks to queue
[2025-04-23T17:27:20.127+0700] {logging_mixin.py:190} INFO - [2025-04-23T17:27:20.126+0700] {dagbag.py:588} INFO - Filling up the DagBag from /home/minhle/mlops/dags/model_training.py
[2025-04-23T17:27:21.714+0700] {processor.py:925} INFO - DAG(s) 'model_pipeline_v01' retrieved from /home/minhle/mlops/dags/model_training.py
[2025-04-23T17:27:21.721+0700] {logging_mixin.py:190} INFO - [2025-04-23T17:27:21.721+0700] {dag.py:3239} INFO - Sync 1 DAGs
[2025-04-23T17:27:21.728+0700] {logging_mixin.py:190} INFO - [2025-04-23T17:27:21.728+0700] {dag.py:4180} INFO - Setting next_dagrun for model_pipeline_v01 to 2025-04-23 00:00:00+00:00, run_after=2025-04-24 00:00:00+00:00
[2025-04-23T17:27:22.229+0700] {processor.py:208} INFO - Processing /home/minhle/mlops/dags/model_training.py took 2.110 seconds
[2025-04-23T17:27:52.459+0700] {processor.py:186} INFO - Started process (PID=395724) to work on /home/minhle/mlops/dags/model_training.py
[2025-04-23T17:27:52.461+0700] {processor.py:914} INFO - Processing file /home/minhle/mlops/dags/model_training.py for tasks to queue
[2025-04-23T17:27:52.463+0700] {logging_mixin.py:190} INFO - [2025-04-23T17:27:52.462+0700] {dagbag.py:588} INFO - Filling up the DagBag from /home/minhle/mlops/dags/model_training.py
[2025-04-23T17:27:54.046+0700] {processor.py:925} INFO - DAG(s) 'model_pipeline_v01' retrieved from /home/minhle/mlops/dags/model_training.py
[2025-04-23T17:27:54.053+0700] {logging_mixin.py:190} INFO - [2025-04-23T17:27:54.053+0700] {dag.py:3239} INFO - Sync 1 DAGs
[2025-04-23T17:27:54.060+0700] {logging_mixin.py:190} INFO - [2025-04-23T17:27:54.060+0700] {dag.py:4180} INFO - Setting next_dagrun for model_pipeline_v01 to 2025-04-23 00:00:00+00:00, run_after=2025-04-24 00:00:00+00:00
[2025-04-23T17:27:54.121+0700] {processor.py:208} INFO - Processing /home/minhle/mlops/dags/model_training.py took 1.667 seconds
[2025-04-23T17:28:24.521+0700] {processor.py:186} INFO - Started process (PID=395807) to work on /home/minhle/mlops/dags/model_training.py
[2025-04-23T17:28:24.522+0700] {processor.py:914} INFO - Processing file /home/minhle/mlops/dags/model_training.py for tasks to queue
[2025-04-23T17:28:24.522+0700] {logging_mixin.py:190} INFO - [2025-04-23T17:28:24.522+0700] {dagbag.py:588} INFO - Filling up the DagBag from /home/minhle/mlops/dags/model_training.py
[2025-04-23T17:28:26.098+0700] {processor.py:925} INFO - DAG(s) 'model_pipeline_v01' retrieved from /home/minhle/mlops/dags/model_training.py
[2025-04-23T17:28:26.106+0700] {logging_mixin.py:190} INFO - [2025-04-23T17:28:26.106+0700] {dag.py:3239} INFO - Sync 1 DAGs
[2025-04-23T17:28:26.113+0700] {logging_mixin.py:190} INFO - [2025-04-23T17:28:26.112+0700] {dag.py:4180} INFO - Setting next_dagrun for model_pipeline_v01 to 2025-04-23 00:00:00+00:00, run_after=2025-04-24 00:00:00+00:00
[2025-04-23T17:28:26.174+0700] {processor.py:208} INFO - Processing /home/minhle/mlops/dags/model_training.py took 1.658 seconds
[2025-04-23T17:28:56.368+0700] {processor.py:186} INFO - Started process (PID=395887) to work on /home/minhle/mlops/dags/model_training.py
[2025-04-23T17:28:56.368+0700] {processor.py:914} INFO - Processing file /home/minhle/mlops/dags/model_training.py for tasks to queue
[2025-04-23T17:28:56.369+0700] {logging_mixin.py:190} INFO - [2025-04-23T17:28:56.369+0700] {dagbag.py:588} INFO - Filling up the DagBag from /home/minhle/mlops/dags/model_training.py
[2025-04-23T17:28:57.948+0700] {processor.py:925} INFO - DAG(s) 'model_pipeline_v01' retrieved from /home/minhle/mlops/dags/model_training.py
[2025-04-23T17:28:57.955+0700] {logging_mixin.py:190} INFO - [2025-04-23T17:28:57.955+0700] {dag.py:3239} INFO - Sync 1 DAGs
[2025-04-23T17:28:57.962+0700] {logging_mixin.py:190} INFO - [2025-04-23T17:28:57.962+0700] {dag.py:4180} INFO - Setting next_dagrun for model_pipeline_v01 to 2025-04-23 00:00:00+00:00, run_after=2025-04-24 00:00:00+00:00
[2025-04-23T17:28:58.054+0700] {processor.py:208} INFO - Processing /home/minhle/mlops/dags/model_training.py took 1.692 seconds
[2025-04-23T17:29:28.207+0700] {processor.py:186} INFO - Started process (PID=395994) to work on /home/minhle/mlops/dags/model_training.py
[2025-04-23T17:29:28.207+0700] {processor.py:914} INFO - Processing file /home/minhle/mlops/dags/model_training.py for tasks to queue
[2025-04-23T17:29:28.208+0700] {logging_mixin.py:190} INFO - [2025-04-23T17:29:28.208+0700] {dagbag.py:588} INFO - Filling up the DagBag from /home/minhle/mlops/dags/model_training.py
[2025-04-23T17:29:29.807+0700] {processor.py:925} INFO - DAG(s) 'model_pipeline_v01' retrieved from /home/minhle/mlops/dags/model_training.py
[2025-04-23T17:29:29.814+0700] {logging_mixin.py:190} INFO - [2025-04-23T17:29:29.814+0700] {dag.py:3239} INFO - Sync 1 DAGs
[2025-04-23T17:29:29.821+0700] {logging_mixin.py:190} INFO - [2025-04-23T17:29:29.820+0700] {dag.py:4180} INFO - Setting next_dagrun for model_pipeline_v01 to 2025-04-23 00:00:00+00:00, run_after=2025-04-24 00:00:00+00:00
[2025-04-23T17:29:29.907+0700] {processor.py:208} INFO - Processing /home/minhle/mlops/dags/model_training.py took 1.707 seconds
[2025-04-23T17:30:00.148+0700] {processor.py:186} INFO - Started process (PID=396074) to work on /home/minhle/mlops/dags/model_training.py
[2025-04-23T17:30:00.157+0700] {processor.py:914} INFO - Processing file /home/minhle/mlops/dags/model_training.py for tasks to queue
[2025-04-23T17:30:00.160+0700] {logging_mixin.py:190} INFO - [2025-04-23T17:30:00.159+0700] {dagbag.py:588} INFO - Filling up the DagBag from /home/minhle/mlops/dags/model_training.py
[2025-04-23T17:30:01.747+0700] {processor.py:925} INFO - DAG(s) 'model_pipeline_v01' retrieved from /home/minhle/mlops/dags/model_training.py
[2025-04-23T17:30:01.754+0700] {logging_mixin.py:190} INFO - [2025-04-23T17:30:01.754+0700] {dag.py:3239} INFO - Sync 1 DAGs
[2025-04-23T17:30:01.761+0700] {logging_mixin.py:190} INFO - [2025-04-23T17:30:01.761+0700] {dag.py:4180} INFO - Setting next_dagrun for model_pipeline_v01 to 2025-04-23 00:00:00+00:00, run_after=2025-04-24 00:00:00+00:00
[2025-04-23T17:30:01.825+0700] {processor.py:208} INFO - Processing /home/minhle/mlops/dags/model_training.py took 1.681 seconds
[2025-04-23T17:30:31.965+0700] {processor.py:186} INFO - Started process (PID=396157) to work on /home/minhle/mlops/dags/model_training.py
[2025-04-23T17:30:31.966+0700] {processor.py:914} INFO - Processing file /home/minhle/mlops/dags/model_training.py for tasks to queue
[2025-04-23T17:30:31.966+0700] {logging_mixin.py:190} INFO - [2025-04-23T17:30:31.966+0700] {dagbag.py:588} INFO - Filling up the DagBag from /home/minhle/mlops/dags/model_training.py
[2025-04-23T17:30:33.547+0700] {processor.py:925} INFO - DAG(s) 'model_pipeline_v01' retrieved from /home/minhle/mlops/dags/model_training.py
[2025-04-23T17:30:33.554+0700] {logging_mixin.py:190} INFO - [2025-04-23T17:30:33.554+0700] {dag.py:3239} INFO - Sync 1 DAGs
[2025-04-23T17:30:33.561+0700] {logging_mixin.py:190} INFO - [2025-04-23T17:30:33.561+0700] {dag.py:4180} INFO - Setting next_dagrun for model_pipeline_v01 to 2025-04-23 00:00:00+00:00, run_after=2025-04-24 00:00:00+00:00
[2025-04-23T17:30:33.659+0700] {processor.py:208} INFO - Processing /home/minhle/mlops/dags/model_training.py took 1.699 seconds
[2025-04-23T17:31:03.802+0700] {processor.py:186} INFO - Started process (PID=396237) to work on /home/minhle/mlops/dags/model_training.py
[2025-04-23T17:31:03.809+0700] {processor.py:914} INFO - Processing file /home/minhle/mlops/dags/model_training.py for tasks to queue
[2025-04-23T17:31:03.811+0700] {logging_mixin.py:190} INFO - [2025-04-23T17:31:03.811+0700] {dagbag.py:588} INFO - Filling up the DagBag from /home/minhle/mlops/dags/model_training.py
[2025-04-23T17:31:05.426+0700] {processor.py:925} INFO - DAG(s) 'model_pipeline_v01' retrieved from /home/minhle/mlops/dags/model_training.py
[2025-04-23T17:31:05.433+0700] {logging_mixin.py:190} INFO - [2025-04-23T17:31:05.433+0700] {dag.py:3239} INFO - Sync 1 DAGs
[2025-04-23T17:31:05.440+0700] {logging_mixin.py:190} INFO - [2025-04-23T17:31:05.440+0700] {dag.py:4180} INFO - Setting next_dagrun for model_pipeline_v01 to 2025-04-23 00:00:00+00:00, run_after=2025-04-24 00:00:00+00:00
[2025-04-23T17:31:05.513+0700] {processor.py:208} INFO - Processing /home/minhle/mlops/dags/model_training.py took 1.716 seconds
[2025-04-23T17:31:35.679+0700] {processor.py:186} INFO - Started process (PID=396317) to work on /home/minhle/mlops/dags/model_training.py
[2025-04-23T17:31:35.679+0700] {processor.py:914} INFO - Processing file /home/minhle/mlops/dags/model_training.py for tasks to queue
[2025-04-23T17:31:35.680+0700] {logging_mixin.py:190} INFO - [2025-04-23T17:31:35.680+0700] {dagbag.py:588} INFO - Filling up the DagBag from /home/minhle/mlops/dags/model_training.py
[2025-04-23T17:31:37.260+0700] {processor.py:925} INFO - DAG(s) 'model_pipeline_v01' retrieved from /home/minhle/mlops/dags/model_training.py
[2025-04-23T17:31:37.267+0700] {logging_mixin.py:190} INFO - [2025-04-23T17:31:37.266+0700] {dag.py:3239} INFO - Sync 1 DAGs
[2025-04-23T17:31:37.273+0700] {logging_mixin.py:190} INFO - [2025-04-23T17:31:37.273+0700] {dag.py:4180} INFO - Setting next_dagrun for model_pipeline_v01 to 2025-04-23 00:00:00+00:00, run_after=2025-04-24 00:00:00+00:00
[2025-04-23T17:31:37.335+0700] {processor.py:208} INFO - Processing /home/minhle/mlops/dags/model_training.py took 1.660 seconds
[2025-04-23T17:32:07.519+0700] {processor.py:186} INFO - Started process (PID=396397) to work on /home/minhle/mlops/dags/model_training.py
[2025-04-23T17:32:07.520+0700] {processor.py:914} INFO - Processing file /home/minhle/mlops/dags/model_training.py for tasks to queue
[2025-04-23T17:32:07.521+0700] {logging_mixin.py:190} INFO - [2025-04-23T17:32:07.520+0700] {dagbag.py:588} INFO - Filling up the DagBag from /home/minhle/mlops/dags/model_training.py
[2025-04-23T17:32:09.159+0700] {processor.py:925} INFO - DAG(s) 'model_pipeline_v01' retrieved from /home/minhle/mlops/dags/model_training.py
[2025-04-23T17:32:09.167+0700] {logging_mixin.py:190} INFO - [2025-04-23T17:32:09.167+0700] {dag.py:3239} INFO - Sync 1 DAGs
[2025-04-23T17:32:09.174+0700] {logging_mixin.py:190} INFO - [2025-04-23T17:32:09.174+0700] {dag.py:4180} INFO - Setting next_dagrun for model_pipeline_v01 to 2025-04-23 00:00:00+00:00, run_after=2025-04-24 00:00:00+00:00
[2025-04-23T17:32:09.455+0700] {processor.py:208} INFO - Processing /home/minhle/mlops/dags/model_training.py took 1.941 seconds
[2025-04-23T17:32:39.651+0700] {processor.py:186} INFO - Started process (PID=396480) to work on /home/minhle/mlops/dags/model_training.py
[2025-04-23T17:32:39.652+0700] {processor.py:914} INFO - Processing file /home/minhle/mlops/dags/model_training.py for tasks to queue
[2025-04-23T17:32:39.653+0700] {logging_mixin.py:190} INFO - [2025-04-23T17:32:39.652+0700] {dagbag.py:588} INFO - Filling up the DagBag from /home/minhle/mlops/dags/model_training.py
[2025-04-23T17:32:41.247+0700] {processor.py:925} INFO - DAG(s) 'model_pipeline_v01' retrieved from /home/minhle/mlops/dags/model_training.py
[2025-04-23T17:32:41.254+0700] {logging_mixin.py:190} INFO - [2025-04-23T17:32:41.254+0700] {dag.py:3239} INFO - Sync 1 DAGs
[2025-04-23T17:32:41.261+0700] {logging_mixin.py:190} INFO - [2025-04-23T17:32:41.261+0700] {dag.py:4180} INFO - Setting next_dagrun for model_pipeline_v01 to 2025-04-23 00:00:00+00:00, run_after=2025-04-24 00:00:00+00:00
[2025-04-23T17:32:41.330+0700] {processor.py:208} INFO - Processing /home/minhle/mlops/dags/model_training.py took 1.684 seconds
[2025-04-23T17:33:11.482+0700] {processor.py:186} INFO - Started process (PID=396560) to work on /home/minhle/mlops/dags/model_training.py
[2025-04-23T17:33:11.488+0700] {processor.py:914} INFO - Processing file /home/minhle/mlops/dags/model_training.py for tasks to queue
[2025-04-23T17:33:11.491+0700] {logging_mixin.py:190} INFO - [2025-04-23T17:33:11.490+0700] {dagbag.py:588} INFO - Filling up the DagBag from /home/minhle/mlops/dags/model_training.py
[2025-04-23T17:33:13.089+0700] {processor.py:925} INFO - DAG(s) 'model_pipeline_v01' retrieved from /home/minhle/mlops/dags/model_training.py
[2025-04-23T17:33:13.096+0700] {logging_mixin.py:190} INFO - [2025-04-23T17:33:13.096+0700] {dag.py:3239} INFO - Sync 1 DAGs
[2025-04-23T17:33:13.103+0700] {logging_mixin.py:190} INFO - [2025-04-23T17:33:13.102+0700] {dag.py:4180} INFO - Setting next_dagrun for model_pipeline_v01 to 2025-04-23 00:00:00+00:00, run_after=2025-04-24 00:00:00+00:00
[2025-04-23T17:33:13.172+0700] {processor.py:208} INFO - Processing /home/minhle/mlops/dags/model_training.py took 1.697 seconds
[2025-04-23T17:33:43.319+0700] {processor.py:186} INFO - Started process (PID=396655) to work on /home/minhle/mlops/dags/model_training.py
[2025-04-23T17:33:43.319+0700] {processor.py:914} INFO - Processing file /home/minhle/mlops/dags/model_training.py for tasks to queue
[2025-04-23T17:33:43.320+0700] {logging_mixin.py:190} INFO - [2025-04-23T17:33:43.319+0700] {dagbag.py:588} INFO - Filling up the DagBag from /home/minhle/mlops/dags/model_training.py
[2025-04-23T17:33:44.888+0700] {processor.py:925} INFO - DAG(s) 'model_pipeline_v01' retrieved from /home/minhle/mlops/dags/model_training.py
[2025-04-23T17:33:44.899+0700] {logging_mixin.py:190} INFO - [2025-04-23T17:33:44.899+0700] {dag.py:3239} INFO - Sync 1 DAGs
[2025-04-23T17:33:44.906+0700] {logging_mixin.py:190} INFO - [2025-04-23T17:33:44.906+0700] {dag.py:4180} INFO - Setting next_dagrun for model_pipeline_v01 to 2025-04-23 00:00:00+00:00, run_after=2025-04-24 00:00:00+00:00
[2025-04-23T17:33:44.978+0700] {processor.py:208} INFO - Processing /home/minhle/mlops/dags/model_training.py took 1.664 seconds
[2025-04-23T17:34:15.175+0700] {processor.py:186} INFO - Started process (PID=396764) to work on /home/minhle/mlops/dags/model_training.py
[2025-04-23T17:34:15.175+0700] {processor.py:914} INFO - Processing file /home/minhle/mlops/dags/model_training.py for tasks to queue
[2025-04-23T17:34:15.176+0700] {logging_mixin.py:190} INFO - [2025-04-23T17:34:15.175+0700] {dagbag.py:588} INFO - Filling up the DagBag from /home/minhle/mlops/dags/model_training.py
[2025-04-23T17:34:16.748+0700] {processor.py:925} INFO - DAG(s) 'model_pipeline_v01' retrieved from /home/minhle/mlops/dags/model_training.py
[2025-04-23T17:34:16.755+0700] {logging_mixin.py:190} INFO - [2025-04-23T17:34:16.755+0700] {dag.py:3239} INFO - Sync 1 DAGs
[2025-04-23T17:34:16.762+0700] {logging_mixin.py:190} INFO - [2025-04-23T17:34:16.762+0700] {dag.py:4180} INFO - Setting next_dagrun for model_pipeline_v01 to 2025-04-23 00:00:00+00:00, run_after=2025-04-24 00:00:00+00:00
[2025-04-23T17:34:16.830+0700] {processor.py:208} INFO - Processing /home/minhle/mlops/dags/model_training.py took 1.661 seconds
[2025-04-23T17:34:47.039+0700] {processor.py:186} INFO - Started process (PID=396847) to work on /home/minhle/mlops/dags/model_training.py
[2025-04-23T17:34:47.050+0700] {processor.py:914} INFO - Processing file /home/minhle/mlops/dags/model_training.py for tasks to queue
[2025-04-23T17:34:47.053+0700] {logging_mixin.py:190} INFO - [2025-04-23T17:34:47.052+0700] {dagbag.py:588} INFO - Filling up the DagBag from /home/minhle/mlops/dags/model_training.py
[2025-04-23T17:34:48.639+0700] {processor.py:925} INFO - DAG(s) 'model_pipeline_v01' retrieved from /home/minhle/mlops/dags/model_training.py
[2025-04-23T17:34:48.647+0700] {logging_mixin.py:190} INFO - [2025-04-23T17:34:48.646+0700] {dag.py:3239} INFO - Sync 1 DAGs
[2025-04-23T17:34:48.653+0700] {logging_mixin.py:190} INFO - [2025-04-23T17:34:48.653+0700] {dag.py:4180} INFO - Setting next_dagrun for model_pipeline_v01 to 2025-04-23 00:00:00+00:00, run_after=2025-04-24 00:00:00+00:00
[2025-04-23T17:34:48.739+0700] {processor.py:208} INFO - Processing /home/minhle/mlops/dags/model_training.py took 1.708 seconds
[2025-04-23T17:35:18.964+0700] {processor.py:186} INFO - Started process (PID=396929) to work on /home/minhle/mlops/dags/model_training.py
[2025-04-23T17:35:18.964+0700] {processor.py:914} INFO - Processing file /home/minhle/mlops/dags/model_training.py for tasks to queue
[2025-04-23T17:35:18.965+0700] {logging_mixin.py:190} INFO - [2025-04-23T17:35:18.965+0700] {dagbag.py:588} INFO - Filling up the DagBag from /home/minhle/mlops/dags/model_training.py
[2025-04-23T17:35:20.531+0700] {processor.py:925} INFO - DAG(s) 'model_pipeline_v01' retrieved from /home/minhle/mlops/dags/model_training.py
[2025-04-23T17:35:20.538+0700] {logging_mixin.py:190} INFO - [2025-04-23T17:35:20.538+0700] {dag.py:3239} INFO - Sync 1 DAGs
[2025-04-23T17:35:20.544+0700] {logging_mixin.py:190} INFO - [2025-04-23T17:35:20.544+0700] {dag.py:4180} INFO - Setting next_dagrun for model_pipeline_v01 to 2025-04-23 00:00:00+00:00, run_after=2025-04-24 00:00:00+00:00
[2025-04-23T17:35:20.608+0700] {processor.py:208} INFO - Processing /home/minhle/mlops/dags/model_training.py took 1.647 seconds
[2025-04-23T17:35:50.827+0700] {processor.py:186} INFO - Started process (PID=397009) to work on /home/minhle/mlops/dags/model_training.py
[2025-04-23T17:35:50.833+0700] {processor.py:914} INFO - Processing file /home/minhle/mlops/dags/model_training.py for tasks to queue
[2025-04-23T17:35:50.835+0700] {logging_mixin.py:190} INFO - [2025-04-23T17:35:50.834+0700] {dagbag.py:588} INFO - Filling up the DagBag from /home/minhle/mlops/dags/model_training.py
[2025-04-23T17:35:52.373+0700] {processor.py:925} INFO - DAG(s) 'model_pipeline_v01' retrieved from /home/minhle/mlops/dags/model_training.py
[2025-04-23T17:35:52.380+0700] {logging_mixin.py:190} INFO - [2025-04-23T17:35:52.380+0700] {dag.py:3239} INFO - Sync 1 DAGs
[2025-04-23T17:35:52.386+0700] {logging_mixin.py:190} INFO - [2025-04-23T17:35:52.386+0700] {dag.py:4180} INFO - Setting next_dagrun for model_pipeline_v01 to 2025-04-23 00:00:00+00:00, run_after=2025-04-24 00:00:00+00:00
[2025-04-23T17:35:52.448+0700] {processor.py:208} INFO - Processing /home/minhle/mlops/dags/model_training.py took 1.626 seconds
[2025-04-23T17:36:22.670+0700] {processor.py:186} INFO - Started process (PID=397090) to work on /home/minhle/mlops/dags/model_training.py
[2025-04-23T17:36:22.671+0700] {processor.py:914} INFO - Processing file /home/minhle/mlops/dags/model_training.py for tasks to queue
[2025-04-23T17:36:22.672+0700] {logging_mixin.py:190} INFO - [2025-04-23T17:36:22.671+0700] {dagbag.py:588} INFO - Filling up the DagBag from /home/minhle/mlops/dags/model_training.py
[2025-04-23T17:36:24.200+0700] {processor.py:925} INFO - DAG(s) 'model_pipeline_v01' retrieved from /home/minhle/mlops/dags/model_training.py
[2025-04-23T17:36:24.207+0700] {logging_mixin.py:190} INFO - [2025-04-23T17:36:24.207+0700] {dag.py:3239} INFO - Sync 1 DAGs
[2025-04-23T17:36:24.214+0700] {logging_mixin.py:190} INFO - [2025-04-23T17:36:24.214+0700] {dag.py:4180} INFO - Setting next_dagrun for model_pipeline_v01 to 2025-04-23 00:00:00+00:00, run_after=2025-04-24 00:00:00+00:00
[2025-04-23T17:36:24.307+0700] {processor.py:208} INFO - Processing /home/minhle/mlops/dags/model_training.py took 1.642 seconds
[2025-04-23T17:36:54.515+0700] {processor.py:186} INFO - Started process (PID=397176) to work on /home/minhle/mlops/dags/model_training.py
[2025-04-23T17:36:54.521+0700] {processor.py:914} INFO - Processing file /home/minhle/mlops/dags/model_training.py for tasks to queue
[2025-04-23T17:36:54.523+0700] {logging_mixin.py:190} INFO - [2025-04-23T17:36:54.522+0700] {dagbag.py:588} INFO - Filling up the DagBag from /home/minhle/mlops/dags/model_training.py
[2025-04-23T17:36:56.073+0700] {processor.py:925} INFO - DAG(s) 'model_pipeline_v01' retrieved from /home/minhle/mlops/dags/model_training.py
[2025-04-23T17:36:56.080+0700] {logging_mixin.py:190} INFO - [2025-04-23T17:36:56.080+0700] {dag.py:3239} INFO - Sync 1 DAGs
[2025-04-23T17:36:56.087+0700] {logging_mixin.py:190} INFO - [2025-04-23T17:36:56.087+0700] {dag.py:4180} INFO - Setting next_dagrun for model_pipeline_v01 to 2025-04-23 00:00:00+00:00, run_after=2025-04-24 00:00:00+00:00
[2025-04-23T17:36:56.458+0700] {processor.py:208} INFO - Processing /home/minhle/mlops/dags/model_training.py took 1.948 seconds
[2025-04-23T17:37:26.711+0700] {processor.py:186} INFO - Started process (PID=397256) to work on /home/minhle/mlops/dags/model_training.py
[2025-04-23T17:37:26.712+0700] {processor.py:914} INFO - Processing file /home/minhle/mlops/dags/model_training.py for tasks to queue
[2025-04-23T17:37:26.713+0700] {logging_mixin.py:190} INFO - [2025-04-23T17:37:26.713+0700] {dagbag.py:588} INFO - Filling up the DagBag from /home/minhle/mlops/dags/model_training.py
[2025-04-23T17:37:28.250+0700] {processor.py:925} INFO - DAG(s) 'model_pipeline_v01' retrieved from /home/minhle/mlops/dags/model_training.py
[2025-04-23T17:37:28.257+0700] {logging_mixin.py:190} INFO - [2025-04-23T17:37:28.256+0700] {dag.py:3239} INFO - Sync 1 DAGs
[2025-04-23T17:37:28.264+0700] {logging_mixin.py:190} INFO - [2025-04-23T17:37:28.264+0700] {dag.py:4180} INFO - Setting next_dagrun for model_pipeline_v01 to 2025-04-23 00:00:00+00:00, run_after=2025-04-24 00:00:00+00:00
[2025-04-23T17:37:28.322+0700] {processor.py:208} INFO - Processing /home/minhle/mlops/dags/model_training.py took 1.617 seconds
[2025-04-23T17:37:58.560+0700] {processor.py:186} INFO - Started process (PID=397336) to work on /home/minhle/mlops/dags/model_training.py
[2025-04-23T17:37:58.569+0700] {processor.py:914} INFO - Processing file /home/minhle/mlops/dags/model_training.py for tasks to queue
[2025-04-23T17:37:58.571+0700] {logging_mixin.py:190} INFO - [2025-04-23T17:37:58.570+0700] {dagbag.py:588} INFO - Filling up the DagBag from /home/minhle/mlops/dags/model_training.py
[2025-04-23T17:38:00.104+0700] {processor.py:925} INFO - DAG(s) 'model_pipeline_v01' retrieved from /home/minhle/mlops/dags/model_training.py
[2025-04-23T17:38:00.112+0700] {logging_mixin.py:190} INFO - [2025-04-23T17:38:00.112+0700] {dag.py:3239} INFO - Sync 1 DAGs
[2025-04-23T17:38:00.119+0700] {logging_mixin.py:190} INFO - [2025-04-23T17:38:00.119+0700] {dag.py:4180} INFO - Setting next_dagrun for model_pipeline_v01 to 2025-04-23 00:00:00+00:00, run_after=2025-04-24 00:00:00+00:00
[2025-04-23T17:38:00.189+0700] {processor.py:208} INFO - Processing /home/minhle/mlops/dags/model_training.py took 1.633 seconds
[2025-04-23T17:38:30.413+0700] {processor.py:186} INFO - Started process (PID=397418) to work on /home/minhle/mlops/dags/model_training.py
[2025-04-23T17:38:30.413+0700] {processor.py:914} INFO - Processing file /home/minhle/mlops/dags/model_training.py for tasks to queue
[2025-04-23T17:38:30.414+0700] {logging_mixin.py:190} INFO - [2025-04-23T17:38:30.414+0700] {dagbag.py:588} INFO - Filling up the DagBag from /home/minhle/mlops/dags/model_training.py
[2025-04-23T17:38:31.983+0700] {processor.py:925} INFO - DAG(s) 'model_pipeline_v01' retrieved from /home/minhle/mlops/dags/model_training.py
[2025-04-23T17:38:31.990+0700] {logging_mixin.py:190} INFO - [2025-04-23T17:38:31.990+0700] {dag.py:3239} INFO - Sync 1 DAGs
[2025-04-23T17:38:31.997+0700] {logging_mixin.py:190} INFO - [2025-04-23T17:38:31.997+0700] {dag.py:4180} INFO - Setting next_dagrun for model_pipeline_v01 to 2025-04-23 00:00:00+00:00, run_after=2025-04-24 00:00:00+00:00
[2025-04-23T17:38:32.104+0700] {processor.py:208} INFO - Processing /home/minhle/mlops/dags/model_training.py took 1.695 seconds
[2025-04-23T17:39:02.270+0700] {processor.py:186} INFO - Started process (PID=397499) to work on /home/minhle/mlops/dags/model_training.py
[2025-04-23T17:39:02.271+0700] {processor.py:914} INFO - Processing file /home/minhle/mlops/dags/model_training.py for tasks to queue
[2025-04-23T17:39:02.272+0700] {logging_mixin.py:190} INFO - [2025-04-23T17:39:02.271+0700] {dagbag.py:588} INFO - Filling up the DagBag from /home/minhle/mlops/dags/model_training.py
[2025-04-23T17:39:03.863+0700] {processor.py:925} INFO - DAG(s) 'model_pipeline_v01' retrieved from /home/minhle/mlops/dags/model_training.py
[2025-04-23T17:39:03.870+0700] {logging_mixin.py:190} INFO - [2025-04-23T17:39:03.870+0700] {dag.py:3239} INFO - Sync 1 DAGs
[2025-04-23T17:39:03.877+0700] {logging_mixin.py:190} INFO - [2025-04-23T17:39:03.877+0700] {dag.py:4180} INFO - Setting next_dagrun for model_pipeline_v01 to 2025-04-23 00:00:00+00:00, run_after=2025-04-24 00:00:00+00:00
[2025-04-23T17:39:03.945+0700] {processor.py:208} INFO - Processing /home/minhle/mlops/dags/model_training.py took 1.680 seconds
[2025-04-23T17:39:34.143+0700] {processor.py:186} INFO - Started process (PID=397608) to work on /home/minhle/mlops/dags/model_training.py
[2025-04-23T17:39:34.143+0700] {processor.py:914} INFO - Processing file /home/minhle/mlops/dags/model_training.py for tasks to queue
[2025-04-23T17:39:34.144+0700] {logging_mixin.py:190} INFO - [2025-04-23T17:39:34.144+0700] {dagbag.py:588} INFO - Filling up the DagBag from /home/minhle/mlops/dags/model_training.py
[2025-04-23T17:39:35.669+0700] {processor.py:925} INFO - DAG(s) 'model_pipeline_v01' retrieved from /home/minhle/mlops/dags/model_training.py
[2025-04-23T17:39:35.676+0700] {logging_mixin.py:190} INFO - [2025-04-23T17:39:35.676+0700] {dag.py:3239} INFO - Sync 1 DAGs
[2025-04-23T17:39:35.683+0700] {logging_mixin.py:190} INFO - [2025-04-23T17:39:35.683+0700] {dag.py:4180} INFO - Setting next_dagrun for model_pipeline_v01 to 2025-04-23 00:00:00+00:00, run_after=2025-04-24 00:00:00+00:00
[2025-04-23T17:39:35.746+0700] {processor.py:208} INFO - Processing /home/minhle/mlops/dags/model_training.py took 1.609 seconds
[2025-04-23T17:40:05.981+0700] {processor.py:186} INFO - Started process (PID=397688) to work on /home/minhle/mlops/dags/model_training.py
[2025-04-23T17:40:05.987+0700] {processor.py:914} INFO - Processing file /home/minhle/mlops/dags/model_training.py for tasks to queue
[2025-04-23T17:40:05.988+0700] {logging_mixin.py:190} INFO - [2025-04-23T17:40:05.988+0700] {dagbag.py:588} INFO - Filling up the DagBag from /home/minhle/mlops/dags/model_training.py
[2025-04-23T17:40:07.503+0700] {processor.py:925} INFO - DAG(s) 'model_pipeline_v01' retrieved from /home/minhle/mlops/dags/model_training.py
[2025-04-23T17:40:07.510+0700] {logging_mixin.py:190} INFO - [2025-04-23T17:40:07.510+0700] {dag.py:3239} INFO - Sync 1 DAGs
[2025-04-23T17:40:07.517+0700] {logging_mixin.py:190} INFO - [2025-04-23T17:40:07.517+0700] {dag.py:4180} INFO - Setting next_dagrun for model_pipeline_v01 to 2025-04-23 00:00:00+00:00, run_after=2025-04-24 00:00:00+00:00
[2025-04-23T17:40:07.574+0700] {processor.py:208} INFO - Processing /home/minhle/mlops/dags/model_training.py took 1.596 seconds
[2025-04-23T17:40:37.738+0700] {processor.py:186} INFO - Started process (PID=397769) to work on /home/minhle/mlops/dags/model_training.py
[2025-04-23T17:40:37.738+0700] {processor.py:914} INFO - Processing file /home/minhle/mlops/dags/model_training.py for tasks to queue
[2025-04-23T17:40:37.739+0700] {logging_mixin.py:190} INFO - [2025-04-23T17:40:37.739+0700] {dagbag.py:588} INFO - Filling up the DagBag from /home/minhle/mlops/dags/model_training.py
[2025-04-23T17:40:39.291+0700] {processor.py:925} INFO - DAG(s) 'model_pipeline_v01' retrieved from /home/minhle/mlops/dags/model_training.py
[2025-04-23T17:40:39.298+0700] {logging_mixin.py:190} INFO - [2025-04-23T17:40:39.298+0700] {dag.py:3239} INFO - Sync 1 DAGs
[2025-04-23T17:40:39.305+0700] {logging_mixin.py:190} INFO - [2025-04-23T17:40:39.305+0700] {dag.py:4180} INFO - Setting next_dagrun for model_pipeline_v01 to 2025-04-23 00:00:00+00:00, run_after=2025-04-24 00:00:00+00:00
[2025-04-23T17:40:39.373+0700] {processor.py:208} INFO - Processing /home/minhle/mlops/dags/model_training.py took 1.640 seconds
[2025-04-23T17:41:09.642+0700] {processor.py:186} INFO - Started process (PID=397849) to work on /home/minhle/mlops/dags/model_training.py
[2025-04-23T17:41:09.642+0700] {processor.py:914} INFO - Processing file /home/minhle/mlops/dags/model_training.py for tasks to queue
[2025-04-23T17:41:09.643+0700] {logging_mixin.py:190} INFO - [2025-04-23T17:41:09.643+0700] {dagbag.py:588} INFO - Filling up the DagBag from /home/minhle/mlops/dags/model_training.py
[2025-04-23T17:41:11.170+0700] {processor.py:925} INFO - DAG(s) 'model_pipeline_v01' retrieved from /home/minhle/mlops/dags/model_training.py
[2025-04-23T17:41:11.178+0700] {logging_mixin.py:190} INFO - [2025-04-23T17:41:11.178+0700] {dag.py:3239} INFO - Sync 1 DAGs
[2025-04-23T17:41:11.185+0700] {logging_mixin.py:190} INFO - [2025-04-23T17:41:11.185+0700] {dag.py:4180} INFO - Setting next_dagrun for model_pipeline_v01 to 2025-04-23 00:00:00+00:00, run_after=2025-04-24 00:00:00+00:00
[2025-04-23T17:41:11.263+0700] {processor.py:208} INFO - Processing /home/minhle/mlops/dags/model_training.py took 1.626 seconds
[2025-04-23T17:41:41.469+0700] {processor.py:186} INFO - Started process (PID=397929) to work on /home/minhle/mlops/dags/model_training.py
[2025-04-23T17:41:41.475+0700] {processor.py:914} INFO - Processing file /home/minhle/mlops/dags/model_training.py for tasks to queue
[2025-04-23T17:41:41.476+0700] {logging_mixin.py:190} INFO - [2025-04-23T17:41:41.475+0700] {dagbag.py:588} INFO - Filling up the DagBag from /home/minhle/mlops/dags/model_training.py
[2025-04-23T17:41:42.998+0700] {processor.py:925} INFO - DAG(s) 'model_pipeline_v01' retrieved from /home/minhle/mlops/dags/model_training.py
[2025-04-23T17:41:43.005+0700] {logging_mixin.py:190} INFO - [2025-04-23T17:41:43.005+0700] {dag.py:3239} INFO - Sync 1 DAGs
[2025-04-23T17:41:43.012+0700] {logging_mixin.py:190} INFO - [2025-04-23T17:41:43.012+0700] {dag.py:4180} INFO - Setting next_dagrun for model_pipeline_v01 to 2025-04-23 00:00:00+00:00, run_after=2025-04-24 00:00:00+00:00
[2025-04-23T17:41:43.130+0700] {processor.py:208} INFO - Processing /home/minhle/mlops/dags/model_training.py took 1.665 seconds
[2025-04-23T17:42:13.310+0700] {processor.py:186} INFO - Started process (PID=398011) to work on /home/minhle/mlops/dags/model_training.py
[2025-04-23T17:42:13.310+0700] {processor.py:914} INFO - Processing file /home/minhle/mlops/dags/model_training.py for tasks to queue
[2025-04-23T17:42:13.311+0700] {logging_mixin.py:190} INFO - [2025-04-23T17:42:13.311+0700] {dagbag.py:588} INFO - Filling up the DagBag from /home/minhle/mlops/dags/model_training.py
[2025-04-23T17:42:14.837+0700] {processor.py:925} INFO - DAG(s) 'model_pipeline_v01' retrieved from /home/minhle/mlops/dags/model_training.py
[2025-04-23T17:42:14.844+0700] {logging_mixin.py:190} INFO - [2025-04-23T17:42:14.844+0700] {dag.py:3239} INFO - Sync 1 DAGs
[2025-04-23T17:42:14.851+0700] {logging_mixin.py:190} INFO - [2025-04-23T17:42:14.850+0700] {dag.py:4180} INFO - Setting next_dagrun for model_pipeline_v01 to 2025-04-23 00:00:00+00:00, run_after=2025-04-24 00:00:00+00:00
[2025-04-23T17:42:14.917+0700] {processor.py:208} INFO - Processing /home/minhle/mlops/dags/model_training.py took 1.612 seconds
[2025-04-23T17:42:45.163+0700] {processor.py:186} INFO - Started process (PID=398091) to work on /home/minhle/mlops/dags/model_training.py
[2025-04-23T17:42:45.172+0700] {processor.py:914} INFO - Processing file /home/minhle/mlops/dags/model_training.py for tasks to queue
[2025-04-23T17:42:45.174+0700] {logging_mixin.py:190} INFO - [2025-04-23T17:42:45.174+0700] {dagbag.py:588} INFO - Filling up the DagBag from /home/minhle/mlops/dags/model_training.py
[2025-04-23T17:42:46.731+0700] {processor.py:925} INFO - DAG(s) 'model_pipeline_v01' retrieved from /home/minhle/mlops/dags/model_training.py
[2025-04-23T17:42:46.738+0700] {logging_mixin.py:190} INFO - [2025-04-23T17:42:46.738+0700] {dag.py:3239} INFO - Sync 1 DAGs
[2025-04-23T17:42:46.745+0700] {logging_mixin.py:190} INFO - [2025-04-23T17:42:46.745+0700] {dag.py:4180} INFO - Setting next_dagrun for model_pipeline_v01 to 2025-04-23 00:00:00+00:00, run_after=2025-04-24 00:00:00+00:00
[2025-04-23T17:42:46.940+0700] {processor.py:208} INFO - Processing /home/minhle/mlops/dags/model_training.py took 1.783 seconds
[2025-04-23T17:43:17.106+0700] {processor.py:186} INFO - Started process (PID=398171) to work on /home/minhle/mlops/dags/model_training.py
[2025-04-23T17:43:17.107+0700] {processor.py:914} INFO - Processing file /home/minhle/mlops/dags/model_training.py for tasks to queue
[2025-04-23T17:43:17.108+0700] {logging_mixin.py:190} INFO - [2025-04-23T17:43:17.108+0700] {dagbag.py:588} INFO - Filling up the DagBag from /home/minhle/mlops/dags/model_training.py
[2025-04-23T17:43:18.637+0700] {processor.py:925} INFO - DAG(s) 'model_pipeline_v01' retrieved from /home/minhle/mlops/dags/model_training.py
[2025-04-23T17:43:18.644+0700] {logging_mixin.py:190} INFO - [2025-04-23T17:43:18.644+0700] {dag.py:3239} INFO - Sync 1 DAGs
[2025-04-23T17:43:18.651+0700] {logging_mixin.py:190} INFO - [2025-04-23T17:43:18.651+0700] {dag.py:4180} INFO - Setting next_dagrun for model_pipeline_v01 to 2025-04-23 00:00:00+00:00, run_after=2025-04-24 00:00:00+00:00
[2025-04-23T17:43:18.716+0700] {processor.py:208} INFO - Processing /home/minhle/mlops/dags/model_training.py took 1.616 seconds
[2025-04-23T17:43:48.972+0700] {processor.py:186} INFO - Started process (PID=398251) to work on /home/minhle/mlops/dags/model_training.py
[2025-04-23T17:43:48.980+0700] {processor.py:914} INFO - Processing file /home/minhle/mlops/dags/model_training.py for tasks to queue
[2025-04-23T17:43:48.983+0700] {logging_mixin.py:190} INFO - [2025-04-23T17:43:48.982+0700] {dagbag.py:588} INFO - Filling up the DagBag from /home/minhle/mlops/dags/model_training.py
[2025-04-23T17:43:50.571+0700] {processor.py:925} INFO - DAG(s) 'model_pipeline_v01' retrieved from /home/minhle/mlops/dags/model_training.py
[2025-04-23T17:43:50.578+0700] {logging_mixin.py:190} INFO - [2025-04-23T17:43:50.578+0700] {dag.py:3239} INFO - Sync 1 DAGs
[2025-04-23T17:43:50.586+0700] {logging_mixin.py:190} INFO - [2025-04-23T17:43:50.586+0700] {dag.py:4180} INFO - Setting next_dagrun for model_pipeline_v01 to 2025-04-23 00:00:00+00:00, run_after=2025-04-24 00:00:00+00:00
[2025-04-23T17:43:50.667+0700] {processor.py:208} INFO - Processing /home/minhle/mlops/dags/model_training.py took 1.700 seconds
[2025-04-23T17:44:20.839+0700] {processor.py:186} INFO - Started process (PID=398379) to work on /home/minhle/mlops/dags/model_training.py
[2025-04-23T17:44:20.840+0700] {processor.py:914} INFO - Processing file /home/minhle/mlops/dags/model_training.py for tasks to queue
[2025-04-23T17:44:20.840+0700] {logging_mixin.py:190} INFO - [2025-04-23T17:44:20.840+0700] {dagbag.py:588} INFO - Filling up the DagBag from /home/minhle/mlops/dags/model_training.py
[2025-04-23T17:44:22.364+0700] {processor.py:925} INFO - DAG(s) 'model_pipeline_v01' retrieved from /home/minhle/mlops/dags/model_training.py
[2025-04-23T17:44:22.372+0700] {logging_mixin.py:190} INFO - [2025-04-23T17:44:22.372+0700] {dag.py:3239} INFO - Sync 1 DAGs
[2025-04-23T17:44:22.378+0700] {logging_mixin.py:190} INFO - [2025-04-23T17:44:22.378+0700] {dag.py:4180} INFO - Setting next_dagrun for model_pipeline_v01 to 2025-04-23 00:00:00+00:00, run_after=2025-04-24 00:00:00+00:00
[2025-04-23T17:44:22.464+0700] {processor.py:208} INFO - Processing /home/minhle/mlops/dags/model_training.py took 1.628 seconds
[2025-04-23T17:44:52.701+0700] {processor.py:186} INFO - Started process (PID=398460) to work on /home/minhle/mlops/dags/model_training.py
[2025-04-23T17:44:52.715+0700] {processor.py:914} INFO - Processing file /home/minhle/mlops/dags/model_training.py for tasks to queue
[2025-04-23T17:44:52.718+0700] {logging_mixin.py:190} INFO - [2025-04-23T17:44:52.718+0700] {dagbag.py:588} INFO - Filling up the DagBag from /home/minhle/mlops/dags/model_training.py
[2025-04-23T17:44:54.278+0700] {processor.py:925} INFO - DAG(s) 'model_pipeline_v01' retrieved from /home/minhle/mlops/dags/model_training.py
[2025-04-23T17:44:54.286+0700] {logging_mixin.py:190} INFO - [2025-04-23T17:44:54.285+0700] {dag.py:3239} INFO - Sync 1 DAGs
[2025-04-23T17:44:54.292+0700] {logging_mixin.py:190} INFO - [2025-04-23T17:44:54.292+0700] {dag.py:4180} INFO - Setting next_dagrun for model_pipeline_v01 to 2025-04-23 00:00:00+00:00, run_after=2025-04-24 00:00:00+00:00
[2025-04-23T17:44:54.381+0700] {processor.py:208} INFO - Processing /home/minhle/mlops/dags/model_training.py took 1.685 seconds
[2025-04-23T17:45:24.550+0700] {processor.py:186} INFO - Started process (PID=398540) to work on /home/minhle/mlops/dags/model_training.py
[2025-04-23T17:45:24.551+0700] {processor.py:914} INFO - Processing file /home/minhle/mlops/dags/model_training.py for tasks to queue
[2025-04-23T17:45:24.552+0700] {logging_mixin.py:190} INFO - [2025-04-23T17:45:24.551+0700] {dagbag.py:588} INFO - Filling up the DagBag from /home/minhle/mlops/dags/model_training.py
[2025-04-23T17:45:26.139+0700] {processor.py:925} INFO - DAG(s) 'model_pipeline_v01' retrieved from /home/minhle/mlops/dags/model_training.py
[2025-04-23T17:45:26.147+0700] {logging_mixin.py:190} INFO - [2025-04-23T17:45:26.147+0700] {dag.py:3239} INFO - Sync 1 DAGs
[2025-04-23T17:45:26.154+0700] {logging_mixin.py:190} INFO - [2025-04-23T17:45:26.154+0700] {dag.py:4180} INFO - Setting next_dagrun for model_pipeline_v01 to 2025-04-23 00:00:00+00:00, run_after=2025-04-24 00:00:00+00:00
[2025-04-23T17:45:26.226+0700] {processor.py:208} INFO - Processing /home/minhle/mlops/dags/model_training.py took 1.682 seconds
[2025-04-23T17:45:56.400+0700] {processor.py:186} INFO - Started process (PID=398620) to work on /home/minhle/mlops/dags/model_training.py
[2025-04-23T17:45:56.401+0700] {processor.py:914} INFO - Processing file /home/minhle/mlops/dags/model_training.py for tasks to queue
[2025-04-23T17:45:56.403+0700] {logging_mixin.py:190} INFO - [2025-04-23T17:45:56.402+0700] {dagbag.py:588} INFO - Filling up the DagBag from /home/minhle/mlops/dags/model_training.py
[2025-04-23T17:45:57.965+0700] {processor.py:925} INFO - DAG(s) 'model_pipeline_v01' retrieved from /home/minhle/mlops/dags/model_training.py
[2025-04-23T17:45:57.972+0700] {logging_mixin.py:190} INFO - [2025-04-23T17:45:57.972+0700] {dag.py:3239} INFO - Sync 1 DAGs
[2025-04-23T17:45:57.979+0700] {logging_mixin.py:190} INFO - [2025-04-23T17:45:57.979+0700] {dag.py:4180} INFO - Setting next_dagrun for model_pipeline_v01 to 2025-04-23 00:00:00+00:00, run_after=2025-04-24 00:00:00+00:00
[2025-04-23T17:45:58.075+0700] {processor.py:208} INFO - Processing /home/minhle/mlops/dags/model_training.py took 1.679 seconds
[2025-04-23T17:46:28.344+0700] {processor.py:186} INFO - Started process (PID=398701) to work on /home/minhle/mlops/dags/model_training.py
[2025-04-23T17:46:28.350+0700] {processor.py:914} INFO - Processing file /home/minhle/mlops/dags/model_training.py for tasks to queue
[2025-04-23T17:46:28.353+0700] {logging_mixin.py:190} INFO - [2025-04-23T17:46:28.352+0700] {dagbag.py:588} INFO - Filling up the DagBag from /home/minhle/mlops/dags/model_training.py
[2025-04-23T17:46:29.901+0700] {processor.py:925} INFO - DAG(s) 'model_pipeline_v01' retrieved from /home/minhle/mlops/dags/model_training.py
[2025-04-23T17:46:29.908+0700] {logging_mixin.py:190} INFO - [2025-04-23T17:46:29.908+0700] {dag.py:3239} INFO - Sync 1 DAGs
[2025-04-23T17:46:29.915+0700] {logging_mixin.py:190} INFO - [2025-04-23T17:46:29.915+0700] {dag.py:4180} INFO - Setting next_dagrun for model_pipeline_v01 to 2025-04-23 00:00:00+00:00, run_after=2025-04-24 00:00:00+00:00
[2025-04-23T17:46:29.980+0700] {processor.py:208} INFO - Processing /home/minhle/mlops/dags/model_training.py took 1.642 seconds
[2025-04-23T17:47:00.209+0700] {processor.py:186} INFO - Started process (PID=398781) to work on /home/minhle/mlops/dags/model_training.py
[2025-04-23T17:47:00.209+0700] {processor.py:914} INFO - Processing file /home/minhle/mlops/dags/model_training.py for tasks to queue
[2025-04-23T17:47:00.210+0700] {logging_mixin.py:190} INFO - [2025-04-23T17:47:00.210+0700] {dagbag.py:588} INFO - Filling up the DagBag from /home/minhle/mlops/dags/model_training.py
[2025-04-23T17:47:01.761+0700] {processor.py:925} INFO - DAG(s) 'model_pipeline_v01' retrieved from /home/minhle/mlops/dags/model_training.py
[2025-04-23T17:47:01.768+0700] {logging_mixin.py:190} INFO - [2025-04-23T17:47:01.768+0700] {dag.py:3239} INFO - Sync 1 DAGs
[2025-04-23T17:47:01.775+0700] {logging_mixin.py:190} INFO - [2025-04-23T17:47:01.775+0700] {dag.py:4180} INFO - Setting next_dagrun for model_pipeline_v01 to 2025-04-23 00:00:00+00:00, run_after=2025-04-24 00:00:00+00:00
[2025-04-23T17:47:01.870+0700] {processor.py:208} INFO - Processing /home/minhle/mlops/dags/model_training.py took 1.665 seconds
[2025-04-23T17:47:32.059+0700] {processor.py:186} INFO - Started process (PID=398861) to work on /home/minhle/mlops/dags/model_training.py
[2025-04-23T17:47:32.069+0700] {processor.py:914} INFO - Processing file /home/minhle/mlops/dags/model_training.py for tasks to queue
[2025-04-23T17:47:32.071+0700] {logging_mixin.py:190} INFO - [2025-04-23T17:47:32.071+0700] {dagbag.py:588} INFO - Filling up the DagBag from /home/minhle/mlops/dags/model_training.py
[2025-04-23T17:47:33.599+0700] {processor.py:925} INFO - DAG(s) 'model_pipeline_v01' retrieved from /home/minhle/mlops/dags/model_training.py
[2025-04-23T17:47:33.606+0700] {logging_mixin.py:190} INFO - [2025-04-23T17:47:33.606+0700] {dag.py:3239} INFO - Sync 1 DAGs
[2025-04-23T17:47:33.613+0700] {logging_mixin.py:190} INFO - [2025-04-23T17:47:33.612+0700] {dag.py:4180} INFO - Setting next_dagrun for model_pipeline_v01 to 2025-04-23 00:00:00+00:00, run_after=2025-04-24 00:00:00+00:00
[2025-04-23T17:47:33.678+0700] {processor.py:208} INFO - Processing /home/minhle/mlops/dags/model_training.py took 1.624 seconds
[2025-04-23T17:48:03.905+0700] {processor.py:186} INFO - Started process (PID=398941) to work on /home/minhle/mlops/dags/model_training.py
[2025-04-23T17:48:03.906+0700] {processor.py:914} INFO - Processing file /home/minhle/mlops/dags/model_training.py for tasks to queue
[2025-04-23T17:48:03.907+0700] {logging_mixin.py:190} INFO - [2025-04-23T17:48:03.907+0700] {dagbag.py:588} INFO - Filling up the DagBag from /home/minhle/mlops/dags/model_training.py
[2025-04-23T17:48:05.459+0700] {processor.py:925} INFO - DAG(s) 'model_pipeline_v01' retrieved from /home/minhle/mlops/dags/model_training.py
[2025-04-23T17:48:05.466+0700] {logging_mixin.py:190} INFO - [2025-04-23T17:48:05.466+0700] {dag.py:3239} INFO - Sync 1 DAGs
[2025-04-23T17:48:05.473+0700] {logging_mixin.py:190} INFO - [2025-04-23T17:48:05.473+0700] {dag.py:4180} INFO - Setting next_dagrun for model_pipeline_v01 to 2025-04-23 00:00:00+00:00, run_after=2025-04-24 00:00:00+00:00
[2025-04-23T17:48:05.537+0700] {processor.py:208} INFO - Processing /home/minhle/mlops/dags/model_training.py took 1.638 seconds
[2025-04-23T17:48:35.760+0700] {processor.py:186} INFO - Started process (PID=399023) to work on /home/minhle/mlops/dags/model_training.py
[2025-04-23T17:48:35.761+0700] {processor.py:914} INFO - Processing file /home/minhle/mlops/dags/model_training.py for tasks to queue
[2025-04-23T17:48:35.762+0700] {logging_mixin.py:190} INFO - [2025-04-23T17:48:35.762+0700] {dagbag.py:588} INFO - Filling up the DagBag from /home/minhle/mlops/dags/model_training.py
[2025-04-23T17:48:37.292+0700] {processor.py:925} INFO - DAG(s) 'model_pipeline_v01' retrieved from /home/minhle/mlops/dags/model_training.py
[2025-04-23T17:48:37.300+0700] {logging_mixin.py:190} INFO - [2025-04-23T17:48:37.299+0700] {dag.py:3239} INFO - Sync 1 DAGs
[2025-04-23T17:48:37.306+0700] {logging_mixin.py:190} INFO - [2025-04-23T17:48:37.306+0700] {dag.py:4180} INFO - Setting next_dagrun for model_pipeline_v01 to 2025-04-23 00:00:00+00:00, run_after=2025-04-24 00:00:00+00:00
[2025-04-23T17:48:37.386+0700] {processor.py:208} INFO - Processing /home/minhle/mlops/dags/model_training.py took 1.630 seconds
[2025-04-23T17:49:07.596+0700] {processor.py:186} INFO - Started process (PID=399131) to work on /home/minhle/mlops/dags/model_training.py
[2025-04-23T17:49:07.596+0700] {processor.py:914} INFO - Processing file /home/minhle/mlops/dags/model_training.py for tasks to queue
[2025-04-23T17:49:07.597+0700] {logging_mixin.py:190} INFO - [2025-04-23T17:49:07.597+0700] {dagbag.py:588} INFO - Filling up the DagBag from /home/minhle/mlops/dags/model_training.py
[2025-04-23T17:49:09.128+0700] {processor.py:925} INFO - DAG(s) 'model_pipeline_v01' retrieved from /home/minhle/mlops/dags/model_training.py
[2025-04-23T17:49:09.135+0700] {logging_mixin.py:190} INFO - [2025-04-23T17:49:09.135+0700] {dag.py:3239} INFO - Sync 1 DAGs
[2025-04-23T17:49:09.141+0700] {logging_mixin.py:190} INFO - [2025-04-23T17:49:09.141+0700] {dag.py:4180} INFO - Setting next_dagrun for model_pipeline_v01 to 2025-04-23 00:00:00+00:00, run_after=2025-04-24 00:00:00+00:00
[2025-04-23T17:49:09.211+0700] {processor.py:208} INFO - Processing /home/minhle/mlops/dags/model_training.py took 1.620 seconds
[2025-04-23T17:49:39.643+0700] {processor.py:186} INFO - Started process (PID=399211) to work on /home/minhle/mlops/dags/model_training.py
[2025-04-23T17:49:39.648+0700] {processor.py:914} INFO - Processing file /home/minhle/mlops/dags/model_training.py for tasks to queue
[2025-04-23T17:49:39.651+0700] {logging_mixin.py:190} INFO - [2025-04-23T17:49:39.650+0700] {dagbag.py:588} INFO - Filling up the DagBag from /home/minhle/mlops/dags/model_training.py
[2025-04-23T17:49:41.243+0700] {processor.py:925} INFO - DAG(s) 'model_pipeline_v01' retrieved from /home/minhle/mlops/dags/model_training.py
[2025-04-23T17:49:41.251+0700] {logging_mixin.py:190} INFO - [2025-04-23T17:49:41.251+0700] {dag.py:3239} INFO - Sync 1 DAGs
[2025-04-23T17:49:41.258+0700] {logging_mixin.py:190} INFO - [2025-04-23T17:49:41.258+0700] {dag.py:4180} INFO - Setting next_dagrun for model_pipeline_v01 to 2025-04-23 00:00:00+00:00, run_after=2025-04-24 00:00:00+00:00
[2025-04-23T17:49:41.349+0700] {processor.py:208} INFO - Processing /home/minhle/mlops/dags/model_training.py took 1.712 seconds
[2025-04-23T17:50:11.575+0700] {processor.py:186} INFO - Started process (PID=399293) to work on /home/minhle/mlops/dags/model_training.py
[2025-04-23T17:50:11.576+0700] {processor.py:914} INFO - Processing file /home/minhle/mlops/dags/model_training.py for tasks to queue
[2025-04-23T17:50:11.576+0700] {logging_mixin.py:190} INFO - [2025-04-23T17:50:11.576+0700] {dagbag.py:588} INFO - Filling up the DagBag from /home/minhle/mlops/dags/model_training.py
[2025-04-23T17:50:13.114+0700] {processor.py:925} INFO - DAG(s) 'model_pipeline_v01' retrieved from /home/minhle/mlops/dags/model_training.py
[2025-04-23T17:50:13.125+0700] {logging_mixin.py:190} INFO - [2025-04-23T17:50:13.125+0700] {dag.py:3239} INFO - Sync 1 DAGs
[2025-04-23T17:50:13.132+0700] {logging_mixin.py:190} INFO - [2025-04-23T17:50:13.132+0700] {dag.py:4180} INFO - Setting next_dagrun for model_pipeline_v01 to 2025-04-23 00:00:00+00:00, run_after=2025-04-24 00:00:00+00:00
[2025-04-23T17:50:13.220+0700] {processor.py:208} INFO - Processing /home/minhle/mlops/dags/model_training.py took 1.649 seconds
[2025-04-23T17:50:43.420+0700] {processor.py:186} INFO - Started process (PID=399379) to work on /home/minhle/mlops/dags/model_training.py
[2025-04-23T17:50:43.420+0700] {processor.py:914} INFO - Processing file /home/minhle/mlops/dags/model_training.py for tasks to queue
[2025-04-23T17:50:43.421+0700] {logging_mixin.py:190} INFO - [2025-04-23T17:50:43.421+0700] {dagbag.py:588} INFO - Filling up the DagBag from /home/minhle/mlops/dags/model_training.py
[2025-04-23T17:50:44.950+0700] {processor.py:925} INFO - DAG(s) 'model_pipeline_v01' retrieved from /home/minhle/mlops/dags/model_training.py
[2025-04-23T17:50:44.957+0700] {logging_mixin.py:190} INFO - [2025-04-23T17:50:44.957+0700] {dag.py:3239} INFO - Sync 1 DAGs
[2025-04-23T17:50:44.965+0700] {logging_mixin.py:190} INFO - [2025-04-23T17:50:44.964+0700] {dag.py:4180} INFO - Setting next_dagrun for model_pipeline_v01 to 2025-04-23 00:00:00+00:00, run_after=2025-04-24 00:00:00+00:00
[2025-04-23T17:50:45.083+0700] {processor.py:208} INFO - Processing /home/minhle/mlops/dags/model_training.py took 1.670 seconds
[2025-04-23T17:51:15.245+0700] {processor.py:186} INFO - Started process (PID=399459) to work on /home/minhle/mlops/dags/model_training.py
[2025-04-23T17:51:15.252+0700] {processor.py:914} INFO - Processing file /home/minhle/mlops/dags/model_training.py for tasks to queue
[2025-04-23T17:51:15.254+0700] {logging_mixin.py:190} INFO - [2025-04-23T17:51:15.254+0700] {dagbag.py:588} INFO - Filling up the DagBag from /home/minhle/mlops/dags/model_training.py
[2025-04-23T17:51:16.792+0700] {processor.py:925} INFO - DAG(s) 'model_pipeline_v01' retrieved from /home/minhle/mlops/dags/model_training.py
[2025-04-23T17:51:16.799+0700] {logging_mixin.py:190} INFO - [2025-04-23T17:51:16.799+0700] {dag.py:3239} INFO - Sync 1 DAGs
[2025-04-23T17:51:16.806+0700] {logging_mixin.py:190} INFO - [2025-04-23T17:51:16.805+0700] {dag.py:4180} INFO - Setting next_dagrun for model_pipeline_v01 to 2025-04-23 00:00:00+00:00, run_after=2025-04-24 00:00:00+00:00
[2025-04-23T17:51:16.887+0700] {processor.py:208} INFO - Processing /home/minhle/mlops/dags/model_training.py took 1.647 seconds
[2025-04-23T17:51:46.995+0700] {processor.py:186} INFO - Started process (PID=399551) to work on /home/minhle/mlops/dags/model_training.py
[2025-04-23T17:51:46.996+0700] {processor.py:914} INFO - Processing file /home/minhle/mlops/dags/model_training.py for tasks to queue
[2025-04-23T17:51:46.998+0700] {logging_mixin.py:190} INFO - [2025-04-23T17:51:46.997+0700] {dagbag.py:588} INFO - Filling up the DagBag from /home/minhle/mlops/dags/model_training.py
[2025-04-23T17:51:48.528+0700] {processor.py:925} INFO - DAG(s) 'model_pipeline_v01' retrieved from /home/minhle/mlops/dags/model_training.py
[2025-04-23T17:51:48.535+0700] {logging_mixin.py:190} INFO - [2025-04-23T17:51:48.535+0700] {dag.py:3239} INFO - Sync 1 DAGs
[2025-04-23T17:51:48.542+0700] {logging_mixin.py:190} INFO - [2025-04-23T17:51:48.542+0700] {dag.py:4180} INFO - Setting next_dagrun for model_pipeline_v01 to 2025-04-23 00:00:00+00:00, run_after=2025-04-24 00:00:00+00:00
[2025-04-23T17:51:48.605+0700] {processor.py:208} INFO - Processing /home/minhle/mlops/dags/model_training.py took 1.618 seconds
[2025-04-23T17:52:18.821+0700] {processor.py:186} INFO - Started process (PID=399632) to work on /home/minhle/mlops/dags/model_training.py
[2025-04-23T17:52:18.881+0700] {processor.py:914} INFO - Processing file /home/minhle/mlops/dags/model_training.py for tasks to queue
[2025-04-23T17:52:18.884+0700] {logging_mixin.py:190} INFO - [2025-04-23T17:52:18.883+0700] {dagbag.py:588} INFO - Filling up the DagBag from /home/minhle/mlops/dags/model_training.py
[2025-04-23T17:52:20.421+0700] {processor.py:925} INFO - DAG(s) 'model_pipeline_v01' retrieved from /home/minhle/mlops/dags/model_training.py
[2025-04-23T17:52:20.428+0700] {logging_mixin.py:190} INFO - [2025-04-23T17:52:20.427+0700] {dag.py:3239} INFO - Sync 1 DAGs
[2025-04-23T17:52:20.434+0700] {logging_mixin.py:190} INFO - [2025-04-23T17:52:20.434+0700] {dag.py:4180} INFO - Setting next_dagrun for model_pipeline_v01 to 2025-04-23 00:00:00+00:00, run_after=2025-04-24 00:00:00+00:00
[2025-04-23T17:52:20.498+0700] {processor.py:208} INFO - Processing /home/minhle/mlops/dags/model_training.py took 1.682 seconds
[2025-04-23T17:52:50.662+0700] {processor.py:186} INFO - Started process (PID=399712) to work on /home/minhle/mlops/dags/model_training.py
[2025-04-23T17:52:50.662+0700] {processor.py:914} INFO - Processing file /home/minhle/mlops/dags/model_training.py for tasks to queue
[2025-04-23T17:52:50.664+0700] {logging_mixin.py:190} INFO - [2025-04-23T17:52:50.663+0700] {dagbag.py:588} INFO - Filling up the DagBag from /home/minhle/mlops/dags/model_training.py
[2025-04-23T17:52:52.205+0700] {processor.py:925} INFO - DAG(s) 'model_pipeline_v01' retrieved from /home/minhle/mlops/dags/model_training.py
[2025-04-23T17:52:52.213+0700] {logging_mixin.py:190} INFO - [2025-04-23T17:52:52.212+0700] {dag.py:3239} INFO - Sync 1 DAGs
[2025-04-23T17:52:52.220+0700] {logging_mixin.py:190} INFO - [2025-04-23T17:52:52.220+0700] {dag.py:4180} INFO - Setting next_dagrun for model_pipeline_v01 to 2025-04-23 00:00:00+00:00, run_after=2025-04-24 00:00:00+00:00
[2025-04-23T17:52:52.307+0700] {processor.py:208} INFO - Processing /home/minhle/mlops/dags/model_training.py took 1.650 seconds
[2025-04-23T17:53:22.546+0700] {processor.py:186} INFO - Started process (PID=399793) to work on /home/minhle/mlops/dags/model_training.py
[2025-04-23T17:53:22.550+0700] {processor.py:914} INFO - Processing file /home/minhle/mlops/dags/model_training.py for tasks to queue
[2025-04-23T17:53:22.552+0700] {logging_mixin.py:190} INFO - [2025-04-23T17:53:22.552+0700] {dagbag.py:588} INFO - Filling up the DagBag from /home/minhle/mlops/dags/model_training.py
[2025-04-23T17:53:24.105+0700] {processor.py:925} INFO - DAG(s) 'model_pipeline_v01' retrieved from /home/minhle/mlops/dags/model_training.py
[2025-04-23T17:53:24.113+0700] {logging_mixin.py:190} INFO - [2025-04-23T17:53:24.112+0700] {dag.py:3239} INFO - Sync 1 DAGs
[2025-04-23T17:53:24.120+0700] {logging_mixin.py:190} INFO - [2025-04-23T17:53:24.120+0700] {dag.py:4180} INFO - Setting next_dagrun for model_pipeline_v01 to 2025-04-23 00:00:00+00:00, run_after=2025-04-24 00:00:00+00:00
[2025-04-23T17:53:24.185+0700] {processor.py:208} INFO - Processing /home/minhle/mlops/dags/model_training.py took 1.644 seconds
[2025-04-23T17:53:54.392+0700] {processor.py:186} INFO - Started process (PID=399873) to work on /home/minhle/mlops/dags/model_training.py
[2025-04-23T17:53:54.393+0700] {processor.py:914} INFO - Processing file /home/minhle/mlops/dags/model_training.py for tasks to queue
[2025-04-23T17:53:54.394+0700] {logging_mixin.py:190} INFO - [2025-04-23T17:53:54.393+0700] {dagbag.py:588} INFO - Filling up the DagBag from /home/minhle/mlops/dags/model_training.py
[2025-04-23T17:53:55.951+0700] {processor.py:925} INFO - DAG(s) 'model_pipeline_v01' retrieved from /home/minhle/mlops/dags/model_training.py
[2025-04-23T17:53:55.959+0700] {logging_mixin.py:190} INFO - [2025-04-23T17:53:55.958+0700] {dag.py:3239} INFO - Sync 1 DAGs
[2025-04-23T17:53:55.966+0700] {logging_mixin.py:190} INFO - [2025-04-23T17:53:55.966+0700] {dag.py:4180} INFO - Setting next_dagrun for model_pipeline_v01 to 2025-04-23 00:00:00+00:00, run_after=2025-04-24 00:00:00+00:00
[2025-04-23T17:53:56.119+0700] {processor.py:208} INFO - Processing /home/minhle/mlops/dags/model_training.py took 1.730 seconds
[2025-04-23T17:54:26.354+0700] {processor.py:186} INFO - Started process (PID=399981) to work on /home/minhle/mlops/dags/model_training.py
[2025-04-23T17:54:26.361+0700] {processor.py:914} INFO - Processing file /home/minhle/mlops/dags/model_training.py for tasks to queue
[2025-04-23T17:54:26.362+0700] {logging_mixin.py:190} INFO - [2025-04-23T17:54:26.362+0700] {dagbag.py:588} INFO - Filling up the DagBag from /home/minhle/mlops/dags/model_training.py
[2025-04-23T17:54:27.910+0700] {processor.py:925} INFO - DAG(s) 'model_pipeline_v01' retrieved from /home/minhle/mlops/dags/model_training.py
[2025-04-23T17:54:27.918+0700] {logging_mixin.py:190} INFO - [2025-04-23T17:54:27.918+0700] {dag.py:3239} INFO - Sync 1 DAGs
[2025-04-23T17:54:27.924+0700] {logging_mixin.py:190} INFO - [2025-04-23T17:54:27.924+0700] {dag.py:4180} INFO - Setting next_dagrun for model_pipeline_v01 to 2025-04-23 00:00:00+00:00, run_after=2025-04-24 00:00:00+00:00
[2025-04-23T17:54:28.034+0700] {processor.py:208} INFO - Processing /home/minhle/mlops/dags/model_training.py took 1.685 seconds
[2025-04-23T17:54:58.091+0700] {processor.py:186} INFO - Started process (PID=400061) to work on /home/minhle/mlops/dags/model_training.py
[2025-04-23T17:54:58.091+0700] {processor.py:914} INFO - Processing file /home/minhle/mlops/dags/model_training.py for tasks to queue
[2025-04-23T17:54:58.092+0700] {logging_mixin.py:190} INFO - [2025-04-23T17:54:58.092+0700] {dagbag.py:588} INFO - Filling up the DagBag from /home/minhle/mlops/dags/model_training.py
[2025-04-23T17:54:59.634+0700] {processor.py:925} INFO - DAG(s) 'model_pipeline_v01' retrieved from /home/minhle/mlops/dags/model_training.py
[2025-04-23T17:54:59.642+0700] {logging_mixin.py:190} INFO - [2025-04-23T17:54:59.641+0700] {dag.py:3239} INFO - Sync 1 DAGs
[2025-04-23T17:54:59.648+0700] {logging_mixin.py:190} INFO - [2025-04-23T17:54:59.648+0700] {dag.py:4180} INFO - Setting next_dagrun for model_pipeline_v01 to 2025-04-23 00:00:00+00:00, run_after=2025-04-24 00:00:00+00:00
[2025-04-23T17:54:59.713+0700] {processor.py:208} INFO - Processing /home/minhle/mlops/dags/model_training.py took 1.629 seconds
[2025-04-23T17:55:29.953+0700] {processor.py:186} INFO - Started process (PID=400141) to work on /home/minhle/mlops/dags/model_training.py
[2025-04-23T17:55:29.953+0700] {processor.py:914} INFO - Processing file /home/minhle/mlops/dags/model_training.py for tasks to queue
[2025-04-23T17:55:29.953+0700] {logging_mixin.py:190} INFO - [2025-04-23T17:55:29.953+0700] {dagbag.py:588} INFO - Filling up the DagBag from /home/minhle/mlops/dags/model_training.py
[2025-04-23T17:55:31.496+0700] {processor.py:925} INFO - DAG(s) 'model_pipeline_v01' retrieved from /home/minhle/mlops/dags/model_training.py
[2025-04-23T17:55:31.503+0700] {logging_mixin.py:190} INFO - [2025-04-23T17:55:31.503+0700] {dag.py:3239} INFO - Sync 1 DAGs
[2025-04-23T17:55:31.510+0700] {logging_mixin.py:190} INFO - [2025-04-23T17:55:31.510+0700] {dag.py:4180} INFO - Setting next_dagrun for model_pipeline_v01 to 2025-04-23 00:00:00+00:00, run_after=2025-04-24 00:00:00+00:00
[2025-04-23T17:55:32.196+0700] {processor.py:208} INFO - Processing /home/minhle/mlops/dags/model_training.py took 2.252 seconds
[2025-04-23T17:56:02.416+0700] {processor.py:186} INFO - Started process (PID=400222) to work on /home/minhle/mlops/dags/model_training.py
[2025-04-23T17:56:02.425+0700] {processor.py:914} INFO - Processing file /home/minhle/mlops/dags/model_training.py for tasks to queue
[2025-04-23T17:56:02.428+0700] {logging_mixin.py:190} INFO - [2025-04-23T17:56:02.427+0700] {dagbag.py:588} INFO - Filling up the DagBag from /home/minhle/mlops/dags/model_training.py
[2025-04-23T17:56:03.969+0700] {processor.py:925} INFO - DAG(s) 'model_pipeline_v01' retrieved from /home/minhle/mlops/dags/model_training.py
[2025-04-23T17:56:03.977+0700] {logging_mixin.py:190} INFO - [2025-04-23T17:56:03.976+0700] {dag.py:3239} INFO - Sync 1 DAGs
[2025-04-23T17:56:03.984+0700] {logging_mixin.py:190} INFO - [2025-04-23T17:56:03.984+0700] {dag.py:4180} INFO - Setting next_dagrun for model_pipeline_v01 to 2025-04-23 00:00:00+00:00, run_after=2025-04-24 00:00:00+00:00
[2025-04-23T17:56:04.051+0700] {processor.py:208} INFO - Processing /home/minhle/mlops/dags/model_training.py took 1.642 seconds
[2025-04-23T17:56:34.263+0700] {processor.py:186} INFO - Started process (PID=400303) to work on /home/minhle/mlops/dags/model_training.py
[2025-04-23T17:56:34.263+0700] {processor.py:914} INFO - Processing file /home/minhle/mlops/dags/model_training.py for tasks to queue
[2025-04-23T17:56:34.264+0700] {logging_mixin.py:190} INFO - [2025-04-23T17:56:34.263+0700] {dagbag.py:588} INFO - Filling up the DagBag from /home/minhle/mlops/dags/model_training.py
[2025-04-23T17:56:35.790+0700] {processor.py:925} INFO - DAG(s) 'model_pipeline_v01' retrieved from /home/minhle/mlops/dags/model_training.py
[2025-04-23T17:56:35.797+0700] {logging_mixin.py:190} INFO - [2025-04-23T17:56:35.797+0700] {dag.py:3239} INFO - Sync 1 DAGs
[2025-04-23T17:56:35.804+0700] {logging_mixin.py:190} INFO - [2025-04-23T17:56:35.804+0700] {dag.py:4180} INFO - Setting next_dagrun for model_pipeline_v01 to 2025-04-23 00:00:00+00:00, run_after=2025-04-24 00:00:00+00:00
[2025-04-23T17:56:35.898+0700] {processor.py:208} INFO - Processing /home/minhle/mlops/dags/model_training.py took 1.642 seconds
[2025-04-23T17:57:06.215+0700] {processor.py:186} INFO - Started process (PID=400383) to work on /home/minhle/mlops/dags/model_training.py
[2025-04-23T17:57:06.216+0700] {processor.py:914} INFO - Processing file /home/minhle/mlops/dags/model_training.py for tasks to queue
[2025-04-23T17:57:06.217+0700] {logging_mixin.py:190} INFO - [2025-04-23T17:57:06.216+0700] {dagbag.py:588} INFO - Filling up the DagBag from /home/minhle/mlops/dags/model_training.py
[2025-04-23T17:57:07.744+0700] {processor.py:925} INFO - DAG(s) 'model_pipeline_v01' retrieved from /home/minhle/mlops/dags/model_training.py
[2025-04-23T17:57:07.752+0700] {logging_mixin.py:190} INFO - [2025-04-23T17:57:07.752+0700] {dag.py:3239} INFO - Sync 1 DAGs
[2025-04-23T17:57:07.759+0700] {logging_mixin.py:190} INFO - [2025-04-23T17:57:07.759+0700] {dag.py:4180} INFO - Setting next_dagrun for model_pipeline_v01 to 2025-04-23 00:00:00+00:00, run_after=2025-04-24 00:00:00+00:00
[2025-04-23T17:57:07.839+0700] {processor.py:208} INFO - Processing /home/minhle/mlops/dags/model_training.py took 1.629 seconds
[2025-04-23T17:57:38.249+0700] {processor.py:186} INFO - Started process (PID=400463) to work on /home/minhle/mlops/dags/model_training.py
[2025-04-23T17:57:38.250+0700] {processor.py:914} INFO - Processing file /home/minhle/mlops/dags/model_training.py for tasks to queue
[2025-04-23T17:57:38.250+0700] {logging_mixin.py:190} INFO - [2025-04-23T17:57:38.250+0700] {dagbag.py:588} INFO - Filling up the DagBag from /home/minhle/mlops/dags/model_training.py
[2025-04-23T17:57:39.788+0700] {processor.py:925} INFO - DAG(s) 'model_pipeline_v01' retrieved from /home/minhle/mlops/dags/model_training.py
[2025-04-23T17:57:39.795+0700] {logging_mixin.py:190} INFO - [2025-04-23T17:57:39.795+0700] {dag.py:3239} INFO - Sync 1 DAGs
[2025-04-23T17:57:39.801+0700] {logging_mixin.py:190} INFO - [2025-04-23T17:57:39.801+0700] {dag.py:4180} INFO - Setting next_dagrun for model_pipeline_v01 to 2025-04-23 00:00:00+00:00, run_after=2025-04-24 00:00:00+00:00
[2025-04-23T17:57:39.895+0700] {processor.py:208} INFO - Processing /home/minhle/mlops/dags/model_training.py took 1.650 seconds
[2025-04-23T17:58:10.115+0700] {processor.py:186} INFO - Started process (PID=400543) to work on /home/minhle/mlops/dags/model_training.py
[2025-04-23T17:58:10.125+0700] {processor.py:914} INFO - Processing file /home/minhle/mlops/dags/model_training.py for tasks to queue
[2025-04-23T17:58:10.126+0700] {logging_mixin.py:190} INFO - [2025-04-23T17:58:10.126+0700] {dagbag.py:588} INFO - Filling up the DagBag from /home/minhle/mlops/dags/model_training.py
[2025-04-23T17:58:11.679+0700] {processor.py:925} INFO - DAG(s) 'model_pipeline_v01' retrieved from /home/minhle/mlops/dags/model_training.py
[2025-04-23T17:58:11.686+0700] {logging_mixin.py:190} INFO - [2025-04-23T17:58:11.686+0700] {dag.py:3239} INFO - Sync 1 DAGs
[2025-04-23T17:58:11.693+0700] {logging_mixin.py:190} INFO - [2025-04-23T17:58:11.693+0700] {dag.py:4180} INFO - Setting next_dagrun for model_pipeline_v01 to 2025-04-23 00:00:00+00:00, run_after=2025-04-24 00:00:00+00:00
[2025-04-23T17:58:11.788+0700] {processor.py:208} INFO - Processing /home/minhle/mlops/dags/model_training.py took 1.678 seconds
[2025-04-23T17:58:41.834+0700] {processor.py:186} INFO - Started process (PID=400625) to work on /home/minhle/mlops/dags/model_training.py
[2025-04-23T17:58:41.835+0700] {processor.py:914} INFO - Processing file /home/minhle/mlops/dags/model_training.py for tasks to queue
[2025-04-23T17:58:41.836+0700] {logging_mixin.py:190} INFO - [2025-04-23T17:58:41.835+0700] {dagbag.py:588} INFO - Filling up the DagBag from /home/minhle/mlops/dags/model_training.py
[2025-04-23T17:58:43.385+0700] {processor.py:925} INFO - DAG(s) 'model_pipeline_v01' retrieved from /home/minhle/mlops/dags/model_training.py
[2025-04-23T17:58:43.392+0700] {logging_mixin.py:190} INFO - [2025-04-23T17:58:43.392+0700] {dag.py:3239} INFO - Sync 1 DAGs
[2025-04-23T17:58:43.399+0700] {logging_mixin.py:190} INFO - [2025-04-23T17:58:43.399+0700] {dag.py:4180} INFO - Setting next_dagrun for model_pipeline_v01 to 2025-04-23 00:00:00+00:00, run_after=2025-04-24 00:00:00+00:00
[2025-04-23T17:58:43.482+0700] {processor.py:208} INFO - Processing /home/minhle/mlops/dags/model_training.py took 1.652 seconds
[2025-04-23T17:59:13.702+0700] {processor.py:186} INFO - Started process (PID=400732) to work on /home/minhle/mlops/dags/model_training.py
[2025-04-23T17:59:13.708+0700] {processor.py:914} INFO - Processing file /home/minhle/mlops/dags/model_training.py for tasks to queue
[2025-04-23T17:59:13.710+0700] {logging_mixin.py:190} INFO - [2025-04-23T17:59:13.710+0700] {dagbag.py:588} INFO - Filling up the DagBag from /home/minhle/mlops/dags/model_training.py
[2025-04-23T17:59:15.269+0700] {processor.py:925} INFO - DAG(s) 'model_pipeline_v01' retrieved from /home/minhle/mlops/dags/model_training.py
[2025-04-23T17:59:15.276+0700] {logging_mixin.py:190} INFO - [2025-04-23T17:59:15.276+0700] {dag.py:3239} INFO - Sync 1 DAGs
[2025-04-23T17:59:15.283+0700] {logging_mixin.py:190} INFO - [2025-04-23T17:59:15.283+0700] {dag.py:4180} INFO - Setting next_dagrun for model_pipeline_v01 to 2025-04-23 00:00:00+00:00, run_after=2025-04-24 00:00:00+00:00
[2025-04-23T17:59:15.371+0700] {processor.py:208} INFO - Processing /home/minhle/mlops/dags/model_training.py took 1.674 seconds
[2025-04-23T17:59:45.552+0700] {processor.py:186} INFO - Started process (PID=400812) to work on /home/minhle/mlops/dags/model_training.py
[2025-04-23T17:59:45.552+0700] {processor.py:914} INFO - Processing file /home/minhle/mlops/dags/model_training.py for tasks to queue
[2025-04-23T17:59:45.553+0700] {logging_mixin.py:190} INFO - [2025-04-23T17:59:45.553+0700] {dagbag.py:588} INFO - Filling up the DagBag from /home/minhle/mlops/dags/model_training.py
[2025-04-23T17:59:47.082+0700] {processor.py:925} INFO - DAG(s) 'model_pipeline_v01' retrieved from /home/minhle/mlops/dags/model_training.py
[2025-04-23T17:59:47.089+0700] {logging_mixin.py:190} INFO - [2025-04-23T17:59:47.089+0700] {dag.py:3239} INFO - Sync 1 DAGs
[2025-04-23T17:59:47.096+0700] {logging_mixin.py:190} INFO - [2025-04-23T17:59:47.096+0700] {dag.py:4180} INFO - Setting next_dagrun for model_pipeline_v01 to 2025-04-23 00:00:00+00:00, run_after=2025-04-24 00:00:00+00:00
[2025-04-23T17:59:47.167+0700] {processor.py:208} INFO - Processing /home/minhle/mlops/dags/model_training.py took 1.618 seconds
[2025-04-23T18:00:17.384+0700] {processor.py:186} INFO - Started process (PID=400893) to work on /home/minhle/mlops/dags/model_training.py
[2025-04-23T18:00:17.389+0700] {processor.py:914} INFO - Processing file /home/minhle/mlops/dags/model_training.py for tasks to queue
[2025-04-23T18:00:17.391+0700] {logging_mixin.py:190} INFO - [2025-04-23T18:00:17.391+0700] {dagbag.py:588} INFO - Filling up the DagBag from /home/minhle/mlops/dags/model_training.py
[2025-04-23T18:00:18.936+0700] {processor.py:925} INFO - DAG(s) 'model_pipeline_v01' retrieved from /home/minhle/mlops/dags/model_training.py
[2025-04-23T18:00:18.943+0700] {logging_mixin.py:190} INFO - [2025-04-23T18:00:18.943+0700] {dag.py:3239} INFO - Sync 1 DAGs
[2025-04-23T18:00:18.950+0700] {logging_mixin.py:190} INFO - [2025-04-23T18:00:18.950+0700] {dag.py:4180} INFO - Setting next_dagrun for model_pipeline_v01 to 2025-04-23 00:00:00+00:00, run_after=2025-04-24 00:00:00+00:00
[2025-04-23T18:00:19.373+0700] {processor.py:208} INFO - Processing /home/minhle/mlops/dags/model_training.py took 1.994 seconds
[2025-04-23T18:00:49.527+0700] {processor.py:186} INFO - Started process (PID=400974) to work on /home/minhle/mlops/dags/model_training.py
[2025-04-23T18:00:49.528+0700] {processor.py:914} INFO - Processing file /home/minhle/mlops/dags/model_training.py for tasks to queue
[2025-04-23T18:00:49.529+0700] {logging_mixin.py:190} INFO - [2025-04-23T18:00:49.528+0700] {dagbag.py:588} INFO - Filling up the DagBag from /home/minhle/mlops/dags/model_training.py
[2025-04-23T18:00:51.080+0700] {processor.py:925} INFO - DAG(s) 'model_pipeline_v01' retrieved from /home/minhle/mlops/dags/model_training.py
[2025-04-23T18:00:51.087+0700] {logging_mixin.py:190} INFO - [2025-04-23T18:00:51.087+0700] {dag.py:3239} INFO - Sync 1 DAGs
[2025-04-23T18:00:51.094+0700] {logging_mixin.py:190} INFO - [2025-04-23T18:00:51.094+0700] {dag.py:4180} INFO - Setting next_dagrun for model_pipeline_v01 to 2025-04-23 00:00:00+00:00, run_after=2025-04-24 00:00:00+00:00
[2025-04-23T18:00:51.180+0700] {processor.py:208} INFO - Processing /home/minhle/mlops/dags/model_training.py took 1.658 seconds
[2025-04-23T18:01:21.286+0700] {processor.py:186} INFO - Started process (PID=401054) to work on /home/minhle/mlops/dags/model_training.py
[2025-04-23T18:01:21.547+0700] {processor.py:914} INFO - Processing file /home/minhle/mlops/dags/model_training.py for tasks to queue
[2025-04-23T18:01:21.550+0700] {logging_mixin.py:190} INFO - [2025-04-23T18:01:21.549+0700] {dagbag.py:588} INFO - Filling up the DagBag from /home/minhle/mlops/dags/model_training.py
[2025-04-23T18:01:23.135+0700] {processor.py:925} INFO - DAG(s) 'model_pipeline_v01' retrieved from /home/minhle/mlops/dags/model_training.py
[2025-04-23T18:01:23.142+0700] {logging_mixin.py:190} INFO - [2025-04-23T18:01:23.141+0700] {dag.py:3239} INFO - Sync 1 DAGs
[2025-04-23T18:01:23.148+0700] {logging_mixin.py:190} INFO - [2025-04-23T18:01:23.148+0700] {dag.py:4180} INFO - Setting next_dagrun for model_pipeline_v01 to 2025-04-23 00:00:00+00:00, run_after=2025-04-24 00:00:00+00:00
[2025-04-23T18:01:23.248+0700] {processor.py:208} INFO - Processing /home/minhle/mlops/dags/model_training.py took 1.966 seconds
[2025-04-23T18:01:53.451+0700] {processor.py:186} INFO - Started process (PID=401192) to work on /home/minhle/mlops/dags/model_training.py
[2025-04-23T18:01:53.452+0700] {processor.py:914} INFO - Processing file /home/minhle/mlops/dags/model_training.py for tasks to queue
[2025-04-23T18:01:53.455+0700] {logging_mixin.py:190} INFO - [2025-04-23T18:01:53.454+0700] {dagbag.py:588} INFO - Filling up the DagBag from /home/minhle/mlops/dags/model_training.py
[2025-04-23T18:01:55.138+0700] {processor.py:925} INFO - DAG(s) 'model_pipeline_v01' retrieved from /home/minhle/mlops/dags/model_training.py
[2025-04-23T18:01:55.146+0700] {logging_mixin.py:190} INFO - [2025-04-23T18:01:55.146+0700] {dag.py:3239} INFO - Sync 1 DAGs
[2025-04-23T18:01:55.153+0700] {logging_mixin.py:190} INFO - [2025-04-23T18:01:55.153+0700] {dag.py:4180} INFO - Setting next_dagrun for model_pipeline_v01 to 2025-04-23 00:00:00+00:00, run_after=2025-04-24 00:00:00+00:00
[2025-04-23T18:01:55.223+0700] {processor.py:208} INFO - Processing /home/minhle/mlops/dags/model_training.py took 1.783 seconds
[2025-04-23T18:02:25.405+0700] {processor.py:186} INFO - Started process (PID=401274) to work on /home/minhle/mlops/dags/model_training.py
[2025-04-23T18:02:25.416+0700] {processor.py:914} INFO - Processing file /home/minhle/mlops/dags/model_training.py for tasks to queue
[2025-04-23T18:02:25.418+0700] {logging_mixin.py:190} INFO - [2025-04-23T18:02:25.417+0700] {dagbag.py:588} INFO - Filling up the DagBag from /home/minhle/mlops/dags/model_training.py
[2025-04-23T18:02:27.166+0700] {processor.py:925} INFO - DAG(s) 'model_pipeline_v01' retrieved from /home/minhle/mlops/dags/model_training.py
[2025-04-23T18:02:27.178+0700] {logging_mixin.py:190} INFO - [2025-04-23T18:02:27.178+0700] {dag.py:3239} INFO - Sync 1 DAGs
[2025-04-23T18:02:27.186+0700] {logging_mixin.py:190} INFO - [2025-04-23T18:02:27.186+0700] {dag.py:4180} INFO - Setting next_dagrun for model_pipeline_v01 to 2025-04-23 00:00:00+00:00, run_after=2025-04-24 00:00:00+00:00
[2025-04-23T18:02:27.271+0700] {processor.py:208} INFO - Processing /home/minhle/mlops/dags/model_training.py took 1.870 seconds
[2025-04-23T18:02:57.613+0700] {processor.py:186} INFO - Started process (PID=401354) to work on /home/minhle/mlops/dags/model_training.py
[2025-04-23T18:02:57.614+0700] {processor.py:914} INFO - Processing file /home/minhle/mlops/dags/model_training.py for tasks to queue
[2025-04-23T18:02:57.616+0700] {logging_mixin.py:190} INFO - [2025-04-23T18:02:57.615+0700] {dagbag.py:588} INFO - Filling up the DagBag from /home/minhle/mlops/dags/model_training.py
[2025-04-23T18:02:59.375+0700] {processor.py:925} INFO - DAG(s) 'model_pipeline_v01' retrieved from /home/minhle/mlops/dags/model_training.py
[2025-04-23T18:02:59.383+0700] {logging_mixin.py:190} INFO - [2025-04-23T18:02:59.383+0700] {dag.py:3239} INFO - Sync 1 DAGs
[2025-04-23T18:02:59.391+0700] {logging_mixin.py:190} INFO - [2025-04-23T18:02:59.391+0700] {dag.py:4180} INFO - Setting next_dagrun for model_pipeline_v01 to 2025-04-23 00:00:00+00:00, run_after=2025-04-24 00:00:00+00:00
[2025-04-23T18:02:59.481+0700] {processor.py:208} INFO - Processing /home/minhle/mlops/dags/model_training.py took 1.874 seconds
[2025-04-23T18:03:29.668+0700] {processor.py:186} INFO - Started process (PID=401434) to work on /home/minhle/mlops/dags/model_training.py
[2025-04-23T18:03:29.678+0700] {processor.py:914} INFO - Processing file /home/minhle/mlops/dags/model_training.py for tasks to queue
[2025-04-23T18:03:29.680+0700] {logging_mixin.py:190} INFO - [2025-04-23T18:03:29.679+0700] {dagbag.py:588} INFO - Filling up the DagBag from /home/minhle/mlops/dags/model_training.py
[2025-04-23T18:03:31.435+0700] {processor.py:925} INFO - DAG(s) 'model_pipeline_v01' retrieved from /home/minhle/mlops/dags/model_training.py
[2025-04-23T18:03:31.443+0700] {logging_mixin.py:190} INFO - [2025-04-23T18:03:31.443+0700] {dag.py:3239} INFO - Sync 1 DAGs
[2025-04-23T18:03:31.452+0700] {logging_mixin.py:190} INFO - [2025-04-23T18:03:31.452+0700] {dag.py:4180} INFO - Setting next_dagrun for model_pipeline_v01 to 2025-04-23 00:00:00+00:00, run_after=2025-04-24 00:00:00+00:00
[2025-04-23T18:03:31.541+0700] {processor.py:208} INFO - Processing /home/minhle/mlops/dags/model_training.py took 1.878 seconds
[2025-04-23T18:04:01.817+0700] {processor.py:186} INFO - Started process (PID=401514) to work on /home/minhle/mlops/dags/model_training.py
[2025-04-23T18:04:01.818+0700] {processor.py:914} INFO - Processing file /home/minhle/mlops/dags/model_training.py for tasks to queue
[2025-04-23T18:04:01.820+0700] {logging_mixin.py:190} INFO - [2025-04-23T18:04:01.819+0700] {dagbag.py:588} INFO - Filling up the DagBag from /home/minhle/mlops/dags/model_training.py
[2025-04-23T18:04:03.593+0700] {processor.py:925} INFO - DAG(s) 'model_pipeline_v01' retrieved from /home/minhle/mlops/dags/model_training.py
[2025-04-23T18:04:03.602+0700] {logging_mixin.py:190} INFO - [2025-04-23T18:04:03.602+0700] {dag.py:3239} INFO - Sync 1 DAGs
[2025-04-23T18:04:03.610+0700] {logging_mixin.py:190} INFO - [2025-04-23T18:04:03.610+0700] {dag.py:4180} INFO - Setting next_dagrun for model_pipeline_v01 to 2025-04-23 00:00:00+00:00, run_after=2025-04-24 00:00:00+00:00
[2025-04-23T18:04:03.990+0700] {processor.py:208} INFO - Processing /home/minhle/mlops/dags/model_training.py took 2.183 seconds
[2025-04-23T18:04:34.071+0700] {processor.py:186} INFO - Started process (PID=401624) to work on /home/minhle/mlops/dags/model_training.py
[2025-04-23T18:04:34.072+0700] {processor.py:914} INFO - Processing file /home/minhle/mlops/dags/model_training.py for tasks to queue
[2025-04-23T18:04:34.073+0700] {logging_mixin.py:190} INFO - [2025-04-23T18:04:34.073+0700] {dagbag.py:588} INFO - Filling up the DagBag from /home/minhle/mlops/dags/model_training.py
[2025-04-23T18:04:35.796+0700] {processor.py:925} INFO - DAG(s) 'model_pipeline_v01' retrieved from /home/minhle/mlops/dags/model_training.py
[2025-04-23T18:04:35.804+0700] {logging_mixin.py:190} INFO - [2025-04-23T18:04:35.804+0700] {dag.py:3239} INFO - Sync 1 DAGs
[2025-04-23T18:04:35.811+0700] {logging_mixin.py:190} INFO - [2025-04-23T18:04:35.811+0700] {dag.py:4180} INFO - Setting next_dagrun for model_pipeline_v01 to 2025-04-23 00:00:00+00:00, run_after=2025-04-24 00:00:00+00:00
[2025-04-23T18:04:35.894+0700] {processor.py:208} INFO - Processing /home/minhle/mlops/dags/model_training.py took 1.834 seconds
[2025-04-23T18:05:06.144+0700] {processor.py:186} INFO - Started process (PID=401704) to work on /home/minhle/mlops/dags/model_training.py
[2025-04-23T18:05:06.148+0700] {processor.py:914} INFO - Processing file /home/minhle/mlops/dags/model_training.py for tasks to queue
[2025-04-23T18:05:06.149+0700] {logging_mixin.py:190} INFO - [2025-04-23T18:05:06.148+0700] {dagbag.py:588} INFO - Filling up the DagBag from /home/minhle/mlops/dags/model_training.py
[2025-04-23T18:05:07.889+0700] {processor.py:925} INFO - DAG(s) 'model_pipeline_v01' retrieved from /home/minhle/mlops/dags/model_training.py
[2025-04-23T18:05:07.897+0700] {logging_mixin.py:190} INFO - [2025-04-23T18:05:07.897+0700] {dag.py:3239} INFO - Sync 1 DAGs
[2025-04-23T18:05:07.905+0700] {logging_mixin.py:190} INFO - [2025-04-23T18:05:07.905+0700] {dag.py:4180} INFO - Setting next_dagrun for model_pipeline_v01 to 2025-04-23 00:00:00+00:00, run_after=2025-04-24 00:00:00+00:00
[2025-04-23T18:05:07.995+0700] {processor.py:208} INFO - Processing /home/minhle/mlops/dags/model_training.py took 1.855 seconds
[2025-04-23T18:05:38.205+0700] {processor.py:186} INFO - Started process (PID=401784) to work on /home/minhle/mlops/dags/model_training.py
[2025-04-23T18:05:38.206+0700] {processor.py:914} INFO - Processing file /home/minhle/mlops/dags/model_training.py for tasks to queue
[2025-04-23T18:05:38.208+0700] {logging_mixin.py:190} INFO - [2025-04-23T18:05:38.208+0700] {dagbag.py:588} INFO - Filling up the DagBag from /home/minhle/mlops/dags/model_training.py
[2025-04-23T18:05:39.981+0700] {processor.py:925} INFO - DAG(s) 'model_pipeline_v01' retrieved from /home/minhle/mlops/dags/model_training.py
[2025-04-23T18:05:39.989+0700] {logging_mixin.py:190} INFO - [2025-04-23T18:05:39.989+0700] {dag.py:3239} INFO - Sync 1 DAGs
[2025-04-23T18:05:39.996+0700] {logging_mixin.py:190} INFO - [2025-04-23T18:05:39.996+0700] {dag.py:4180} INFO - Setting next_dagrun for model_pipeline_v01 to 2025-04-23 00:00:00+00:00, run_after=2025-04-24 00:00:00+00:00
[2025-04-23T18:05:40.053+0700] {processor.py:208} INFO - Processing /home/minhle/mlops/dags/model_training.py took 1.855 seconds
[2025-04-23T18:06:10.276+0700] {processor.py:186} INFO - Started process (PID=401864) to work on /home/minhle/mlops/dags/model_training.py
[2025-04-23T18:06:10.277+0700] {processor.py:914} INFO - Processing file /home/minhle/mlops/dags/model_training.py for tasks to queue
[2025-04-23T18:06:10.278+0700] {logging_mixin.py:190} INFO - [2025-04-23T18:06:10.277+0700] {dagbag.py:588} INFO - Filling up the DagBag from /home/minhle/mlops/dags/model_training.py
[2025-04-23T18:06:12.023+0700] {processor.py:925} INFO - DAG(s) 'model_pipeline_v01' retrieved from /home/minhle/mlops/dags/model_training.py
[2025-04-23T18:06:12.032+0700] {logging_mixin.py:190} INFO - [2025-04-23T18:06:12.032+0700] {dag.py:3239} INFO - Sync 1 DAGs
[2025-04-23T18:06:12.040+0700] {logging_mixin.py:190} INFO - [2025-04-23T18:06:12.040+0700] {dag.py:4180} INFO - Setting next_dagrun for model_pipeline_v01 to 2025-04-23 00:00:00+00:00, run_after=2025-04-24 00:00:00+00:00
[2025-04-23T18:06:12.144+0700] {processor.py:208} INFO - Processing /home/minhle/mlops/dags/model_training.py took 1.874 seconds
[2025-04-23T18:06:42.389+0700] {processor.py:186} INFO - Started process (PID=401947) to work on /home/minhle/mlops/dags/model_training.py
[2025-04-23T18:06:42.390+0700] {processor.py:914} INFO - Processing file /home/minhle/mlops/dags/model_training.py for tasks to queue
[2025-04-23T18:06:42.392+0700] {logging_mixin.py:190} INFO - [2025-04-23T18:06:42.391+0700] {dagbag.py:588} INFO - Filling up the DagBag from /home/minhle/mlops/dags/model_training.py
[2025-04-23T18:06:44.134+0700] {processor.py:925} INFO - DAG(s) 'model_pipeline_v01' retrieved from /home/minhle/mlops/dags/model_training.py
[2025-04-23T18:06:44.142+0700] {logging_mixin.py:190} INFO - [2025-04-23T18:06:44.142+0700] {dag.py:3239} INFO - Sync 1 DAGs
[2025-04-23T18:06:44.150+0700] {logging_mixin.py:190} INFO - [2025-04-23T18:06:44.150+0700] {dag.py:4180} INFO - Setting next_dagrun for model_pipeline_v01 to 2025-04-23 00:00:00+00:00, run_after=2025-04-24 00:00:00+00:00
[2025-04-23T18:06:44.227+0700] {processor.py:208} INFO - Processing /home/minhle/mlops/dags/model_training.py took 1.847 seconds
[2025-04-23T18:07:14.411+0700] {processor.py:186} INFO - Started process (PID=402027) to work on /home/minhle/mlops/dags/model_training.py
[2025-04-23T18:07:14.412+0700] {processor.py:914} INFO - Processing file /home/minhle/mlops/dags/model_training.py for tasks to queue
[2025-04-23T18:07:14.413+0700] {logging_mixin.py:190} INFO - [2025-04-23T18:07:14.412+0700] {dagbag.py:588} INFO - Filling up the DagBag from /home/minhle/mlops/dags/model_training.py
[2025-04-23T18:07:16.157+0700] {processor.py:925} INFO - DAG(s) 'model_pipeline_v01' retrieved from /home/minhle/mlops/dags/model_training.py
[2025-04-23T18:07:16.165+0700] {logging_mixin.py:190} INFO - [2025-04-23T18:07:16.165+0700] {dag.py:3239} INFO - Sync 1 DAGs
[2025-04-23T18:07:16.173+0700] {logging_mixin.py:190} INFO - [2025-04-23T18:07:16.173+0700] {dag.py:4180} INFO - Setting next_dagrun for model_pipeline_v01 to 2025-04-23 00:00:00+00:00, run_after=2025-04-24 00:00:00+00:00
[2025-04-23T18:07:16.239+0700] {processor.py:208} INFO - Processing /home/minhle/mlops/dags/model_training.py took 1.832 seconds
[2025-04-23T18:07:46.482+0700] {processor.py:186} INFO - Started process (PID=402108) to work on /home/minhle/mlops/dags/model_training.py
[2025-04-23T18:07:46.484+0700] {processor.py:914} INFO - Processing file /home/minhle/mlops/dags/model_training.py for tasks to queue
[2025-04-23T18:07:46.485+0700] {logging_mixin.py:190} INFO - [2025-04-23T18:07:46.484+0700] {dagbag.py:588} INFO - Filling up the DagBag from /home/minhle/mlops/dags/model_training.py
[2025-04-23T18:07:48.215+0700] {processor.py:925} INFO - DAG(s) 'model_pipeline_v01' retrieved from /home/minhle/mlops/dags/model_training.py
[2025-04-23T18:07:48.223+0700] {logging_mixin.py:190} INFO - [2025-04-23T18:07:48.222+0700] {dag.py:3239} INFO - Sync 1 DAGs
[2025-04-23T18:07:48.230+0700] {logging_mixin.py:190} INFO - [2025-04-23T18:07:48.230+0700] {dag.py:4180} INFO - Setting next_dagrun for model_pipeline_v01 to 2025-04-23 00:00:00+00:00, run_after=2025-04-24 00:00:00+00:00
[2025-04-23T18:07:48.316+0700] {processor.py:208} INFO - Processing /home/minhle/mlops/dags/model_training.py took 1.840 seconds
[2025-04-23T18:08:18.614+0700] {processor.py:186} INFO - Started process (PID=402189) to work on /home/minhle/mlops/dags/model_training.py
[2025-04-23T18:08:18.615+0700] {processor.py:914} INFO - Processing file /home/minhle/mlops/dags/model_training.py for tasks to queue
[2025-04-23T18:08:18.616+0700] {logging_mixin.py:190} INFO - [2025-04-23T18:08:18.616+0700] {dagbag.py:588} INFO - Filling up the DagBag from /home/minhle/mlops/dags/model_training.py
[2025-04-23T18:08:20.353+0700] {processor.py:925} INFO - DAG(s) 'model_pipeline_v01' retrieved from /home/minhle/mlops/dags/model_training.py
[2025-04-23T18:08:20.361+0700] {logging_mixin.py:190} INFO - [2025-04-23T18:08:20.361+0700] {dag.py:3239} INFO - Sync 1 DAGs
[2025-04-23T18:08:20.368+0700] {logging_mixin.py:190} INFO - [2025-04-23T18:08:20.368+0700] {dag.py:4180} INFO - Setting next_dagrun for model_pipeline_v01 to 2025-04-23 00:00:00+00:00, run_after=2025-04-24 00:00:00+00:00
[2025-04-23T18:08:20.452+0700] {processor.py:208} INFO - Processing /home/minhle/mlops/dags/model_training.py took 1.840 seconds
[2025-04-23T18:08:50.704+0700] {processor.py:186} INFO - Started process (PID=402270) to work on /home/minhle/mlops/dags/model_training.py
[2025-04-23T18:08:50.706+0700] {processor.py:914} INFO - Processing file /home/minhle/mlops/dags/model_training.py for tasks to queue
[2025-04-23T18:08:50.707+0700] {logging_mixin.py:190} INFO - [2025-04-23T18:08:50.707+0700] {dagbag.py:588} INFO - Filling up the DagBag from /home/minhle/mlops/dags/model_training.py
[2025-04-23T18:08:52.437+0700] {processor.py:925} INFO - DAG(s) 'model_pipeline_v01' retrieved from /home/minhle/mlops/dags/model_training.py
[2025-04-23T18:08:52.446+0700] {logging_mixin.py:190} INFO - [2025-04-23T18:08:52.445+0700] {dag.py:3239} INFO - Sync 1 DAGs
[2025-04-23T18:08:52.453+0700] {logging_mixin.py:190} INFO - [2025-04-23T18:08:52.452+0700] {dag.py:4180} INFO - Setting next_dagrun for model_pipeline_v01 to 2025-04-23 00:00:00+00:00, run_after=2025-04-24 00:00:00+00:00
[2025-04-23T18:08:52.709+0700] {processor.py:208} INFO - Processing /home/minhle/mlops/dags/model_training.py took 2.016 seconds
[2025-04-23T18:09:22.967+0700] {processor.py:186} INFO - Started process (PID=402377) to work on /home/minhle/mlops/dags/model_training.py
[2025-04-23T18:09:22.976+0700] {processor.py:914} INFO - Processing file /home/minhle/mlops/dags/model_training.py for tasks to queue
[2025-04-23T18:09:22.978+0700] {logging_mixin.py:190} INFO - [2025-04-23T18:09:22.978+0700] {dagbag.py:588} INFO - Filling up the DagBag from /home/minhle/mlops/dags/model_training.py
[2025-04-23T18:09:24.757+0700] {processor.py:925} INFO - DAG(s) 'model_pipeline_v01' retrieved from /home/minhle/mlops/dags/model_training.py
[2025-04-23T18:09:24.766+0700] {logging_mixin.py:190} INFO - [2025-04-23T18:09:24.765+0700] {dag.py:3239} INFO - Sync 1 DAGs
[2025-04-23T18:09:24.774+0700] {logging_mixin.py:190} INFO - [2025-04-23T18:09:24.774+0700] {dag.py:4180} INFO - Setting next_dagrun for model_pipeline_v01 to 2025-04-23 00:00:00+00:00, run_after=2025-04-24 00:00:00+00:00
[2025-04-23T18:09:24.872+0700] {processor.py:208} INFO - Processing /home/minhle/mlops/dags/model_training.py took 1.913 seconds
[2025-04-23T18:09:55.176+0700] {processor.py:186} INFO - Started process (PID=402457) to work on /home/minhle/mlops/dags/model_training.py
[2025-04-23T18:09:55.177+0700] {processor.py:914} INFO - Processing file /home/minhle/mlops/dags/model_training.py for tasks to queue
[2025-04-23T18:09:55.178+0700] {logging_mixin.py:190} INFO - [2025-04-23T18:09:55.178+0700] {dagbag.py:588} INFO - Filling up the DagBag from /home/minhle/mlops/dags/model_training.py
[2025-04-23T18:09:56.904+0700] {processor.py:925} INFO - DAG(s) 'model_pipeline_v01' retrieved from /home/minhle/mlops/dags/model_training.py
[2025-04-23T18:09:56.911+0700] {logging_mixin.py:190} INFO - [2025-04-23T18:09:56.911+0700] {dag.py:3239} INFO - Sync 1 DAGs
[2025-04-23T18:09:56.919+0700] {logging_mixin.py:190} INFO - [2025-04-23T18:09:56.919+0700] {dag.py:4180} INFO - Setting next_dagrun for model_pipeline_v01 to 2025-04-23 00:00:00+00:00, run_after=2025-04-24 00:00:00+00:00
[2025-04-23T18:09:56.995+0700] {processor.py:208} INFO - Processing /home/minhle/mlops/dags/model_training.py took 1.822 seconds
[2025-04-23T18:10:27.244+0700] {processor.py:186} INFO - Started process (PID=402538) to work on /home/minhle/mlops/dags/model_training.py
[2025-04-23T18:10:27.244+0700] {processor.py:914} INFO - Processing file /home/minhle/mlops/dags/model_training.py for tasks to queue
[2025-04-23T18:10:27.245+0700] {logging_mixin.py:190} INFO - [2025-04-23T18:10:27.245+0700] {dagbag.py:588} INFO - Filling up the DagBag from /home/minhle/mlops/dags/model_training.py
[2025-04-23T18:10:29.017+0700] {processor.py:925} INFO - DAG(s) 'model_pipeline_v01' retrieved from /home/minhle/mlops/dags/model_training.py
[2025-04-23T18:10:29.025+0700] {logging_mixin.py:190} INFO - [2025-04-23T18:10:29.025+0700] {dag.py:3239} INFO - Sync 1 DAGs
[2025-04-23T18:10:29.032+0700] {logging_mixin.py:190} INFO - [2025-04-23T18:10:29.032+0700] {dag.py:4180} INFO - Setting next_dagrun for model_pipeline_v01 to 2025-04-23 00:00:00+00:00, run_after=2025-04-24 00:00:00+00:00
[2025-04-23T18:10:29.161+0700] {processor.py:208} INFO - Processing /home/minhle/mlops/dags/model_training.py took 1.926 seconds
[2025-04-23T18:10:59.416+0700] {processor.py:186} INFO - Started process (PID=402618) to work on /home/minhle/mlops/dags/model_training.py
[2025-04-23T18:10:59.417+0700] {processor.py:914} INFO - Processing file /home/minhle/mlops/dags/model_training.py for tasks to queue
[2025-04-23T18:10:59.418+0700] {logging_mixin.py:190} INFO - [2025-04-23T18:10:59.418+0700] {dagbag.py:588} INFO - Filling up the DagBag from /home/minhle/mlops/dags/model_training.py
[2025-04-23T18:11:01.139+0700] {processor.py:925} INFO - DAG(s) 'model_pipeline_v01' retrieved from /home/minhle/mlops/dags/model_training.py
[2025-04-23T18:11:01.146+0700] {logging_mixin.py:190} INFO - [2025-04-23T18:11:01.146+0700] {dag.py:3239} INFO - Sync 1 DAGs
[2025-04-23T18:11:01.154+0700] {logging_mixin.py:190} INFO - [2025-04-23T18:11:01.154+0700] {dag.py:4180} INFO - Setting next_dagrun for model_pipeline_v01 to 2025-04-23 00:00:00+00:00, run_after=2025-04-24 00:00:00+00:00
[2025-04-23T18:11:01.237+0700] {processor.py:208} INFO - Processing /home/minhle/mlops/dags/model_training.py took 1.825 seconds
[2025-04-23T18:11:31.493+0700] {processor.py:186} INFO - Started process (PID=402698) to work on /home/minhle/mlops/dags/model_training.py
[2025-04-23T18:11:31.493+0700] {processor.py:914} INFO - Processing file /home/minhle/mlops/dags/model_training.py for tasks to queue
[2025-04-23T18:11:31.494+0700] {logging_mixin.py:190} INFO - [2025-04-23T18:11:31.494+0700] {dagbag.py:588} INFO - Filling up the DagBag from /home/minhle/mlops/dags/model_training.py
[2025-04-23T18:11:33.260+0700] {processor.py:925} INFO - DAG(s) 'model_pipeline_v01' retrieved from /home/minhle/mlops/dags/model_training.py
[2025-04-23T18:11:33.269+0700] {logging_mixin.py:190} INFO - [2025-04-23T18:11:33.269+0700] {dag.py:3239} INFO - Sync 1 DAGs
[2025-04-23T18:11:33.277+0700] {logging_mixin.py:190} INFO - [2025-04-23T18:11:33.277+0700] {dag.py:4180} INFO - Setting next_dagrun for model_pipeline_v01 to 2025-04-23 00:00:00+00:00, run_after=2025-04-24 00:00:00+00:00
[2025-04-23T18:11:33.343+0700] {processor.py:208} INFO - Processing /home/minhle/mlops/dags/model_training.py took 1.857 seconds
[2025-04-23T18:12:03.565+0700] {processor.py:186} INFO - Started process (PID=402778) to work on /home/minhle/mlops/dags/model_training.py
[2025-04-23T18:12:03.565+0700] {processor.py:914} INFO - Processing file /home/minhle/mlops/dags/model_training.py for tasks to queue
[2025-04-23T18:12:03.566+0700] {logging_mixin.py:190} INFO - [2025-04-23T18:12:03.566+0700] {dagbag.py:588} INFO - Filling up the DagBag from /home/minhle/mlops/dags/model_training.py
[2025-04-23T18:12:05.289+0700] {processor.py:925} INFO - DAG(s) 'model_pipeline_v01' retrieved from /home/minhle/mlops/dags/model_training.py
[2025-04-23T18:12:05.297+0700] {logging_mixin.py:190} INFO - [2025-04-23T18:12:05.297+0700] {dag.py:3239} INFO - Sync 1 DAGs
[2025-04-23T18:12:05.304+0700] {logging_mixin.py:190} INFO - [2025-04-23T18:12:05.304+0700] {dag.py:4180} INFO - Setting next_dagrun for model_pipeline_v01 to 2025-04-23 00:00:00+00:00, run_after=2025-04-24 00:00:00+00:00
[2025-04-23T18:12:05.390+0700] {processor.py:208} INFO - Processing /home/minhle/mlops/dags/model_training.py took 1.830 seconds
[2025-04-23T18:12:35.720+0700] {processor.py:186} INFO - Started process (PID=402916) to work on /home/minhle/mlops/dags/model_training.py
[2025-04-23T18:12:35.721+0700] {processor.py:914} INFO - Processing file /home/minhle/mlops/dags/model_training.py for tasks to queue
[2025-04-23T18:12:35.722+0700] {logging_mixin.py:190} INFO - [2025-04-23T18:12:35.721+0700] {dagbag.py:588} INFO - Filling up the DagBag from /home/minhle/mlops/dags/model_training.py
[2025-04-23T18:12:37.471+0700] {processor.py:925} INFO - DAG(s) 'model_pipeline_v01' retrieved from /home/minhle/mlops/dags/model_training.py
[2025-04-23T18:12:37.479+0700] {logging_mixin.py:190} INFO - [2025-04-23T18:12:37.479+0700] {dag.py:3239} INFO - Sync 1 DAGs
[2025-04-23T18:12:37.487+0700] {logging_mixin.py:190} INFO - [2025-04-23T18:12:37.487+0700] {dag.py:4180} INFO - Setting next_dagrun for model_pipeline_v01 to 2025-04-23 00:00:00+00:00, run_after=2025-04-24 00:00:00+00:00
[2025-04-23T18:12:37.558+0700] {processor.py:208} INFO - Processing /home/minhle/mlops/dags/model_training.py took 1.842 seconds
[2025-04-23T23:41:32.083+0700] {processor.py:186} INFO - Started process (PID=407744) to work on /home/minhle/mlops/dags/model_training.py
[2025-04-23T23:41:32.091+0700] {processor.py:914} INFO - Processing file /home/minhle/mlops/dags/model_training.py for tasks to queue
[2025-04-23T23:41:32.094+0700] {logging_mixin.py:190} INFO - [2025-04-23T23:41:32.093+0700] {dagbag.py:588} INFO - Filling up the DagBag from /home/minhle/mlops/dags/model_training.py
[2025-04-23T23:41:33.689+0700] {processor.py:925} INFO - DAG(s) 'model_pipeline_v01' retrieved from /home/minhle/mlops/dags/model_training.py
[2025-04-23T23:41:33.696+0700] {logging_mixin.py:190} INFO - [2025-04-23T23:41:33.696+0700] {dag.py:3239} INFO - Sync 1 DAGs
[2025-04-23T23:41:33.704+0700] {logging_mixin.py:190} INFO - [2025-04-23T23:41:33.704+0700] {dag.py:4180} INFO - Setting next_dagrun for model_pipeline_v01 to 2025-04-23 00:00:00+00:00, run_after=2025-04-24 00:00:00+00:00
[2025-04-23T23:41:33.776+0700] {processor.py:208} INFO - Processing /home/minhle/mlops/dags/model_training.py took 1.698 seconds
[2025-04-23T23:42:04.528+0700] {processor.py:186} INFO - Started process (PID=408058) to work on /home/minhle/mlops/dags/model_training.py
[2025-04-23T23:42:04.529+0700] {processor.py:914} INFO - Processing file /home/minhle/mlops/dags/model_training.py for tasks to queue
[2025-04-23T23:42:04.530+0700] {logging_mixin.py:190} INFO - [2025-04-23T23:42:04.530+0700] {dagbag.py:588} INFO - Filling up the DagBag from /home/minhle/mlops/dags/model_training.py
[2025-04-23T23:42:06.146+0700] {processor.py:925} INFO - DAG(s) 'model_pipeline_v01' retrieved from /home/minhle/mlops/dags/model_training.py
[2025-04-23T23:42:06.154+0700] {logging_mixin.py:190} INFO - [2025-04-23T23:42:06.154+0700] {dag.py:3239} INFO - Sync 1 DAGs
[2025-04-23T23:42:06.162+0700] {logging_mixin.py:190} INFO - [2025-04-23T23:42:06.162+0700] {dag.py:4180} INFO - Setting next_dagrun for model_pipeline_v01 to 2025-04-23 00:00:00+00:00, run_after=2025-04-24 00:00:00+00:00
[2025-04-23T23:42:06.483+0700] {processor.py:208} INFO - Processing /home/minhle/mlops/dags/model_training.py took 1.959 seconds
[2025-04-23T23:42:36.863+0700] {processor.py:186} INFO - Started process (PID=408240) to work on /home/minhle/mlops/dags/model_training.py
[2025-04-23T23:42:36.864+0700] {processor.py:914} INFO - Processing file /home/minhle/mlops/dags/model_training.py for tasks to queue
[2025-04-23T23:42:36.865+0700] {logging_mixin.py:190} INFO - [2025-04-23T23:42:36.865+0700] {dagbag.py:588} INFO - Filling up the DagBag from /home/minhle/mlops/dags/model_training.py
[2025-04-23T23:42:38.685+0700] {processor.py:925} INFO - DAG(s) 'model_pipeline_v01' retrieved from /home/minhle/mlops/dags/model_training.py
[2025-04-23T23:42:38.694+0700] {logging_mixin.py:190} INFO - [2025-04-23T23:42:38.694+0700] {dag.py:3239} INFO - Sync 1 DAGs
[2025-04-23T23:42:38.704+0700] {logging_mixin.py:190} INFO - [2025-04-23T23:42:38.704+0700] {dag.py:4180} INFO - Setting next_dagrun for model_pipeline_v01 to 2025-04-23 00:00:00+00:00, run_after=2025-04-24 00:00:00+00:00
[2025-04-23T23:42:38.773+0700] {processor.py:208} INFO - Processing /home/minhle/mlops/dags/model_training.py took 1.913 seconds
[2025-04-23T23:43:09.235+0700] {processor.py:186} INFO - Started process (PID=408378) to work on /home/minhle/mlops/dags/model_training.py
[2025-04-23T23:43:09.235+0700] {processor.py:914} INFO - Processing file /home/minhle/mlops/dags/model_training.py for tasks to queue
[2025-04-23T23:43:09.236+0700] {logging_mixin.py:190} INFO - [2025-04-23T23:43:09.236+0700] {dagbag.py:588} INFO - Filling up the DagBag from /home/minhle/mlops/dags/model_training.py
[2025-04-23T23:43:11.038+0700] {processor.py:925} INFO - DAG(s) 'model_pipeline_v01' retrieved from /home/minhle/mlops/dags/model_training.py
[2025-04-23T23:43:11.045+0700] {logging_mixin.py:190} INFO - [2025-04-23T23:43:11.045+0700] {dag.py:3239} INFO - Sync 1 DAGs
[2025-04-23T23:43:11.054+0700] {logging_mixin.py:190} INFO - [2025-04-23T23:43:11.054+0700] {dag.py:4180} INFO - Setting next_dagrun for model_pipeline_v01 to 2025-04-23 00:00:00+00:00, run_after=2025-04-24 00:00:00+00:00
[2025-04-23T23:43:11.159+0700] {processor.py:208} INFO - Processing /home/minhle/mlops/dags/model_training.py took 1.931 seconds
[2025-04-23T23:43:41.457+0700] {processor.py:186} INFO - Started process (PID=408473) to work on /home/minhle/mlops/dags/model_training.py
[2025-04-23T23:43:41.458+0700] {processor.py:914} INFO - Processing file /home/minhle/mlops/dags/model_training.py for tasks to queue
[2025-04-23T23:43:41.459+0700] {logging_mixin.py:190} INFO - [2025-04-23T23:43:41.458+0700] {dagbag.py:588} INFO - Filling up the DagBag from /home/minhle/mlops/dags/model_training.py
[2025-04-23T23:43:43.204+0700] {processor.py:925} INFO - DAG(s) 'model_pipeline_v01' retrieved from /home/minhle/mlops/dags/model_training.py
[2025-04-23T23:43:43.212+0700] {logging_mixin.py:190} INFO - [2025-04-23T23:43:43.212+0700] {dag.py:3239} INFO - Sync 1 DAGs
[2025-04-23T23:43:43.220+0700] {logging_mixin.py:190} INFO - [2025-04-23T23:43:43.220+0700] {dag.py:4180} INFO - Setting next_dagrun for model_pipeline_v01 to 2025-04-23 00:00:00+00:00, run_after=2025-04-24 00:00:00+00:00
[2025-04-23T23:43:43.310+0700] {processor.py:208} INFO - Processing /home/minhle/mlops/dags/model_training.py took 1.855 seconds
[2025-04-23T23:44:13.681+0700] {processor.py:186} INFO - Started process (PID=408697) to work on /home/minhle/mlops/dags/model_training.py
[2025-04-23T23:44:13.681+0700] {processor.py:914} INFO - Processing file /home/minhle/mlops/dags/model_training.py for tasks to queue
[2025-04-23T23:44:13.682+0700] {logging_mixin.py:190} INFO - [2025-04-23T23:44:13.682+0700] {dagbag.py:588} INFO - Filling up the DagBag from /home/minhle/mlops/dags/model_training.py
[2025-04-23T23:44:15.440+0700] {processor.py:925} INFO - DAG(s) 'model_pipeline_v01' retrieved from /home/minhle/mlops/dags/model_training.py
[2025-04-23T23:44:15.535+0700] {logging_mixin.py:190} INFO - [2025-04-23T23:44:15.535+0700] {dag.py:3239} INFO - Sync 1 DAGs
[2025-04-23T23:44:15.546+0700] {logging_mixin.py:190} INFO - [2025-04-23T23:44:15.546+0700] {dag.py:4180} INFO - Setting next_dagrun for model_pipeline_v01 to 2025-04-23 00:00:00+00:00, run_after=2025-04-24 00:00:00+00:00
[2025-04-23T23:44:15.655+0700] {processor.py:208} INFO - Processing /home/minhle/mlops/dags/model_training.py took 1.980 seconds
[2025-04-23T23:44:46.105+0700] {processor.py:186} INFO - Started process (PID=409340) to work on /home/minhle/mlops/dags/model_training.py
[2025-04-23T23:44:46.106+0700] {processor.py:914} INFO - Processing file /home/minhle/mlops/dags/model_training.py for tasks to queue
[2025-04-23T23:44:46.106+0700] {logging_mixin.py:190} INFO - [2025-04-23T23:44:46.106+0700] {dagbag.py:588} INFO - Filling up the DagBag from /home/minhle/mlops/dags/model_training.py
[2025-04-23T23:44:47.913+0700] {processor.py:925} INFO - DAG(s) 'model_pipeline_v01' retrieved from /home/minhle/mlops/dags/model_training.py
[2025-04-23T23:44:47.921+0700] {logging_mixin.py:190} INFO - [2025-04-23T23:44:47.921+0700] {dag.py:3239} INFO - Sync 1 DAGs
[2025-04-23T23:44:47.931+0700] {logging_mixin.py:190} INFO - [2025-04-23T23:44:47.930+0700] {dag.py:4180} INFO - Setting next_dagrun for model_pipeline_v01 to 2025-04-23 00:00:00+00:00, run_after=2025-04-24 00:00:00+00:00
[2025-04-23T23:44:48.027+0700] {processor.py:208} INFO - Processing /home/minhle/mlops/dags/model_training.py took 1.926 seconds
[2025-04-23T23:45:18.594+0700] {processor.py:186} INFO - Started process (PID=409630) to work on /home/minhle/mlops/dags/model_training.py
[2025-04-23T23:45:18.595+0700] {processor.py:914} INFO - Processing file /home/minhle/mlops/dags/model_training.py for tasks to queue
[2025-04-23T23:45:18.596+0700] {logging_mixin.py:190} INFO - [2025-04-23T23:45:18.596+0700] {dagbag.py:588} INFO - Filling up the DagBag from /home/minhle/mlops/dags/model_training.py
[2025-04-23T23:45:20.393+0700] {processor.py:925} INFO - DAG(s) 'model_pipeline_v01' retrieved from /home/minhle/mlops/dags/model_training.py
[2025-04-23T23:45:20.410+0700] {logging_mixin.py:190} INFO - [2025-04-23T23:45:20.410+0700] {dag.py:3239} INFO - Sync 1 DAGs
[2025-04-23T23:45:20.419+0700] {logging_mixin.py:190} INFO - [2025-04-23T23:45:20.419+0700] {dag.py:4180} INFO - Setting next_dagrun for model_pipeline_v01 to 2025-04-23 00:00:00+00:00, run_after=2025-04-24 00:00:00+00:00
[2025-04-23T23:45:21.452+0700] {processor.py:208} INFO - Processing /home/minhle/mlops/dags/model_training.py took 2.865 seconds
[2025-04-23T23:45:52.000+0700] {processor.py:186} INFO - Started process (PID=409919) to work on /home/minhle/mlops/dags/model_training.py
[2025-04-23T23:45:52.001+0700] {processor.py:914} INFO - Processing file /home/minhle/mlops/dags/model_training.py for tasks to queue
[2025-04-23T23:45:52.002+0700] {logging_mixin.py:190} INFO - [2025-04-23T23:45:52.002+0700] {dagbag.py:588} INFO - Filling up the DagBag from /home/minhle/mlops/dags/model_training.py
[2025-04-23T23:45:53.848+0700] {processor.py:925} INFO - DAG(s) 'model_pipeline_v01' retrieved from /home/minhle/mlops/dags/model_training.py
[2025-04-23T23:45:53.857+0700] {logging_mixin.py:190} INFO - [2025-04-23T23:45:53.856+0700] {dag.py:3239} INFO - Sync 1 DAGs
[2025-04-23T23:45:53.866+0700] {logging_mixin.py:190} INFO - [2025-04-23T23:45:53.866+0700] {dag.py:4180} INFO - Setting next_dagrun for model_pipeline_v01 to 2025-04-23 00:00:00+00:00, run_after=2025-04-24 00:00:00+00:00
[2025-04-23T23:45:54.077+0700] {processor.py:208} INFO - Processing /home/minhle/mlops/dags/model_training.py took 2.083 seconds
[2025-04-23T23:46:24.599+0700] {processor.py:186} INFO - Started process (PID=410235) to work on /home/minhle/mlops/dags/model_training.py
[2025-04-23T23:46:24.600+0700] {processor.py:914} INFO - Processing file /home/minhle/mlops/dags/model_training.py for tasks to queue
[2025-04-23T23:46:24.601+0700] {logging_mixin.py:190} INFO - [2025-04-23T23:46:24.600+0700] {dagbag.py:588} INFO - Filling up the DagBag from /home/minhle/mlops/dags/model_training.py
[2025-04-23T23:46:26.404+0700] {processor.py:925} INFO - DAG(s) 'model_pipeline_v01' retrieved from /home/minhle/mlops/dags/model_training.py
[2025-04-23T23:46:26.411+0700] {logging_mixin.py:190} INFO - [2025-04-23T23:46:26.411+0700] {dag.py:3239} INFO - Sync 1 DAGs
[2025-04-23T23:46:26.420+0700] {logging_mixin.py:190} INFO - [2025-04-23T23:46:26.420+0700] {dag.py:4180} INFO - Setting next_dagrun for model_pipeline_v01 to 2025-04-23 00:00:00+00:00, run_after=2025-04-24 00:00:00+00:00
[2025-04-23T23:46:26.483+0700] {processor.py:208} INFO - Processing /home/minhle/mlops/dags/model_training.py took 1.888 seconds
[2025-04-23T23:46:56.730+0700] {processor.py:186} INFO - Started process (PID=410552) to work on /home/minhle/mlops/dags/model_training.py
[2025-04-23T23:46:56.738+0700] {processor.py:914} INFO - Processing file /home/minhle/mlops/dags/model_training.py for tasks to queue
[2025-04-23T23:46:56.740+0700] {logging_mixin.py:190} INFO - [2025-04-23T23:46:56.740+0700] {dagbag.py:588} INFO - Filling up the DagBag from /home/minhle/mlops/dags/model_training.py
[2025-04-23T23:46:58.412+0700] {processor.py:925} INFO - DAG(s) 'model_pipeline_v01' retrieved from /home/minhle/mlops/dags/model_training.py
[2025-04-23T23:46:58.420+0700] {logging_mixin.py:190} INFO - [2025-04-23T23:46:58.420+0700] {dag.py:3239} INFO - Sync 1 DAGs
[2025-04-23T23:46:58.429+0700] {logging_mixin.py:190} INFO - [2025-04-23T23:46:58.428+0700] {dag.py:4180} INFO - Setting next_dagrun for model_pipeline_v01 to 2025-04-23 00:00:00+00:00, run_after=2025-04-24 00:00:00+00:00
[2025-04-23T23:46:58.515+0700] {processor.py:208} INFO - Processing /home/minhle/mlops/dags/model_training.py took 1.791 seconds
[2025-04-23T23:47:29.430+0700] {processor.py:186} INFO - Started process (PID=410848) to work on /home/minhle/mlops/dags/model_training.py
[2025-04-23T23:47:29.431+0700] {processor.py:914} INFO - Processing file /home/minhle/mlops/dags/model_training.py for tasks to queue
[2025-04-23T23:47:29.433+0700] {logging_mixin.py:190} INFO - [2025-04-23T23:47:29.432+0700] {dagbag.py:588} INFO - Filling up the DagBag from /home/minhle/mlops/dags/model_training.py
[2025-04-23T23:47:31.110+0700] {processor.py:925} INFO - DAG(s) 'model_pipeline_v01' retrieved from /home/minhle/mlops/dags/model_training.py
[2025-04-23T23:47:31.117+0700] {logging_mixin.py:190} INFO - [2025-04-23T23:47:31.117+0700] {dag.py:3239} INFO - Sync 1 DAGs
[2025-04-23T23:47:31.125+0700] {logging_mixin.py:190} INFO - [2025-04-23T23:47:31.125+0700] {dag.py:4180} INFO - Setting next_dagrun for model_pipeline_v01 to 2025-04-23 00:00:00+00:00, run_after=2025-04-24 00:00:00+00:00
[2025-04-23T23:47:31.210+0700] {processor.py:208} INFO - Processing /home/minhle/mlops/dags/model_training.py took 1.788 seconds
[2025-04-23T23:48:01.622+0700] {processor.py:186} INFO - Started process (PID=411141) to work on /home/minhle/mlops/dags/model_training.py
[2025-04-23T23:48:01.623+0700] {processor.py:914} INFO - Processing file /home/minhle/mlops/dags/model_training.py for tasks to queue
[2025-04-23T23:48:01.624+0700] {logging_mixin.py:190} INFO - [2025-04-23T23:48:01.624+0700] {dagbag.py:588} INFO - Filling up the DagBag from /home/minhle/mlops/dags/model_training.py
[2025-04-23T23:48:03.469+0700] {processor.py:925} INFO - DAG(s) 'model_pipeline_v01' retrieved from /home/minhle/mlops/dags/model_training.py
[2025-04-23T23:48:03.477+0700] {logging_mixin.py:190} INFO - [2025-04-23T23:48:03.476+0700] {dag.py:3239} INFO - Sync 1 DAGs
[2025-04-23T23:48:03.485+0700] {logging_mixin.py:190} INFO - [2025-04-23T23:48:03.485+0700] {dag.py:4180} INFO - Setting next_dagrun for model_pipeline_v01 to 2025-04-23 00:00:00+00:00, run_after=2025-04-24 00:00:00+00:00
[2025-04-23T23:48:03.572+0700] {processor.py:208} INFO - Processing /home/minhle/mlops/dags/model_training.py took 1.956 seconds
[2025-04-23T23:48:36.752+0700] {processor.py:186} INFO - Started process (PID=411644) to work on /home/minhle/mlops/dags/model_training.py
[2025-04-23T23:48:36.753+0700] {processor.py:914} INFO - Processing file /home/minhle/mlops/dags/model_training.py for tasks to queue
[2025-04-23T23:48:36.754+0700] {logging_mixin.py:190} INFO - [2025-04-23T23:48:36.754+0700] {dagbag.py:588} INFO - Filling up the DagBag from /home/minhle/mlops/dags/model_training.py
[2025-04-23T23:48:38.708+0700] {processor.py:925} INFO - DAG(s) 'model_pipeline_v01' retrieved from /home/minhle/mlops/dags/model_training.py
[2025-04-23T23:48:38.717+0700] {logging_mixin.py:190} INFO - [2025-04-23T23:48:38.717+0700] {dag.py:3239} INFO - Sync 1 DAGs
[2025-04-23T23:48:38.726+0700] {logging_mixin.py:190} INFO - [2025-04-23T23:48:38.726+0700] {dag.py:4180} INFO - Setting next_dagrun for model_pipeline_v01 to 2025-04-23 00:00:00+00:00, run_after=2025-04-24 00:00:00+00:00
[2025-04-23T23:48:38.843+0700] {processor.py:208} INFO - Processing /home/minhle/mlops/dags/model_training.py took 2.096 seconds
[2025-04-23T23:49:09.217+0700] {processor.py:186} INFO - Started process (PID=412062) to work on /home/minhle/mlops/dags/model_training.py
[2025-04-23T23:49:09.218+0700] {processor.py:914} INFO - Processing file /home/minhle/mlops/dags/model_training.py for tasks to queue
[2025-04-23T23:49:09.219+0700] {logging_mixin.py:190} INFO - [2025-04-23T23:49:09.219+0700] {dagbag.py:588} INFO - Filling up the DagBag from /home/minhle/mlops/dags/model_training.py
[2025-04-23T23:49:11.150+0700] {processor.py:925} INFO - DAG(s) 'model_pipeline_v01' retrieved from /home/minhle/mlops/dags/model_training.py
[2025-04-23T23:49:11.160+0700] {logging_mixin.py:190} INFO - [2025-04-23T23:49:11.160+0700] {dag.py:3239} INFO - Sync 1 DAGs
[2025-04-23T23:49:11.170+0700] {logging_mixin.py:190} INFO - [2025-04-23T23:49:11.170+0700] {dag.py:4180} INFO - Setting next_dagrun for model_pipeline_v01 to 2025-04-23 00:00:00+00:00, run_after=2025-04-24 00:00:00+00:00
[2025-04-23T23:49:11.253+0700] {processor.py:208} INFO - Processing /home/minhle/mlops/dags/model_training.py took 2.040 seconds
[2025-04-23T23:49:49.504+0700] {processor.py:186} INFO - Started process (PID=412876) to work on /home/minhle/mlops/dags/model_training.py
[2025-04-23T23:49:49.506+0700] {processor.py:914} INFO - Processing file /home/minhle/mlops/dags/model_training.py for tasks to queue
[2025-04-23T23:49:49.507+0700] {logging_mixin.py:190} INFO - [2025-04-23T23:49:49.506+0700] {dagbag.py:588} INFO - Filling up the DagBag from /home/minhle/mlops/dags/model_training.py
[2025-04-23T23:49:51.268+0700] {processor.py:925} INFO - DAG(s) 'model_pipeline_v01' retrieved from /home/minhle/mlops/dags/model_training.py
[2025-04-23T23:49:51.275+0700] {logging_mixin.py:190} INFO - [2025-04-23T23:49:51.275+0700] {dag.py:3239} INFO - Sync 1 DAGs
[2025-04-23T23:49:51.284+0700] {logging_mixin.py:190} INFO - [2025-04-23T23:49:51.284+0700] {dag.py:4180} INFO - Setting next_dagrun for model_pipeline_v01 to 2025-04-23 00:00:00+00:00, run_after=2025-04-24 00:00:00+00:00
[2025-04-23T23:49:51.379+0700] {processor.py:208} INFO - Processing /home/minhle/mlops/dags/model_training.py took 1.883 seconds
[2025-04-23T23:50:21.618+0700] {processor.py:186} INFO - Started process (PID=413592) to work on /home/minhle/mlops/dags/model_training.py
[2025-04-23T23:50:21.620+0700] {processor.py:914} INFO - Processing file /home/minhle/mlops/dags/model_training.py for tasks to queue
[2025-04-23T23:50:21.622+0700] {logging_mixin.py:190} INFO - [2025-04-23T23:50:21.621+0700] {dagbag.py:588} INFO - Filling up the DagBag from /home/minhle/mlops/dags/model_training.py
[2025-04-23T23:50:23.319+0700] {processor.py:925} INFO - DAG(s) 'model_pipeline_v01' retrieved from /home/minhle/mlops/dags/model_training.py
[2025-04-23T23:50:23.327+0700] {logging_mixin.py:190} INFO - [2025-04-23T23:50:23.327+0700] {dag.py:3239} INFO - Sync 1 DAGs
[2025-04-23T23:50:23.336+0700] {logging_mixin.py:190} INFO - [2025-04-23T23:50:23.336+0700] {dag.py:4180} INFO - Setting next_dagrun for model_pipeline_v01 to 2025-04-23 00:00:00+00:00, run_after=2025-04-24 00:00:00+00:00
[2025-04-23T23:50:23.429+0700] {processor.py:208} INFO - Processing /home/minhle/mlops/dags/model_training.py took 1.818 seconds
[2025-04-23T23:50:53.837+0700] {processor.py:186} INFO - Started process (PID=413933) to work on /home/minhle/mlops/dags/model_training.py
[2025-04-23T23:50:53.838+0700] {processor.py:914} INFO - Processing file /home/minhle/mlops/dags/model_training.py for tasks to queue
[2025-04-23T23:50:53.838+0700] {logging_mixin.py:190} INFO - [2025-04-23T23:50:53.838+0700] {dagbag.py:588} INFO - Filling up the DagBag from /home/minhle/mlops/dags/model_training.py
[2025-04-23T23:50:55.776+0700] {processor.py:925} INFO - DAG(s) 'model_pipeline_v01' retrieved from /home/minhle/mlops/dags/model_training.py
[2025-04-23T23:50:55.783+0700] {logging_mixin.py:190} INFO - [2025-04-23T23:50:55.783+0700] {dag.py:3239} INFO - Sync 1 DAGs
[2025-04-23T23:50:55.792+0700] {logging_mixin.py:190} INFO - [2025-04-23T23:50:55.792+0700] {dag.py:4180} INFO - Setting next_dagrun for model_pipeline_v01 to 2025-04-23 00:00:00+00:00, run_after=2025-04-24 00:00:00+00:00
[2025-04-23T23:50:55.877+0700] {processor.py:208} INFO - Processing /home/minhle/mlops/dags/model_training.py took 2.044 seconds
[2025-04-23T23:51:26.236+0700] {processor.py:186} INFO - Started process (PID=414241) to work on /home/minhle/mlops/dags/model_training.py
[2025-04-23T23:51:26.248+0700] {processor.py:914} INFO - Processing file /home/minhle/mlops/dags/model_training.py for tasks to queue
[2025-04-23T23:51:26.249+0700] {logging_mixin.py:190} INFO - [2025-04-23T23:51:26.249+0700] {dagbag.py:588} INFO - Filling up the DagBag from /home/minhle/mlops/dags/model_training.py
[2025-04-23T23:51:28.039+0700] {processor.py:925} INFO - DAG(s) 'model_pipeline_v01' retrieved from /home/minhle/mlops/dags/model_training.py
[2025-04-23T23:51:28.048+0700] {logging_mixin.py:190} INFO - [2025-04-23T23:51:28.048+0700] {dag.py:3239} INFO - Sync 1 DAGs
[2025-04-23T23:51:28.056+0700] {logging_mixin.py:190} INFO - [2025-04-23T23:51:28.056+0700] {dag.py:4180} INFO - Setting next_dagrun for model_pipeline_v01 to 2025-04-23 00:00:00+00:00, run_after=2025-04-24 00:00:00+00:00
[2025-04-23T23:51:28.209+0700] {processor.py:208} INFO - Processing /home/minhle/mlops/dags/model_training.py took 1.978 seconds
[2025-04-23T23:51:58.340+0700] {processor.py:186} INFO - Started process (PID=414785) to work on /home/minhle/mlops/dags/model_training.py
[2025-04-23T23:51:58.366+0700] {processor.py:914} INFO - Processing file /home/minhle/mlops/dags/model_training.py for tasks to queue
[2025-04-23T23:51:58.367+0700] {logging_mixin.py:190} INFO - [2025-04-23T23:51:58.367+0700] {dagbag.py:588} INFO - Filling up the DagBag from /home/minhle/mlops/dags/model_training.py
[2025-04-23T23:52:00.178+0700] {processor.py:925} INFO - DAG(s) 'model_pipeline_v01' retrieved from /home/minhle/mlops/dags/model_training.py
[2025-04-23T23:52:00.188+0700] {logging_mixin.py:190} INFO - [2025-04-23T23:52:00.187+0700] {dag.py:3239} INFO - Sync 1 DAGs
[2025-04-23T23:52:00.197+0700] {logging_mixin.py:190} INFO - [2025-04-23T23:52:00.197+0700] {dag.py:4180} INFO - Setting next_dagrun for model_pipeline_v01 to 2025-04-23 00:00:00+00:00, run_after=2025-04-24 00:00:00+00:00
[2025-04-23T23:52:00.318+0700] {processor.py:208} INFO - Processing /home/minhle/mlops/dags/model_training.py took 1.985 seconds
[2025-04-23T23:52:31.195+0700] {processor.py:186} INFO - Started process (PID=415113) to work on /home/minhle/mlops/dags/model_training.py
[2025-04-23T23:52:31.196+0700] {processor.py:914} INFO - Processing file /home/minhle/mlops/dags/model_training.py for tasks to queue
[2025-04-23T23:52:31.197+0700] {logging_mixin.py:190} INFO - [2025-04-23T23:52:31.196+0700] {dagbag.py:588} INFO - Filling up the DagBag from /home/minhle/mlops/dags/model_training.py
[2025-04-23T23:52:32.988+0700] {processor.py:925} INFO - DAG(s) 'model_pipeline_v01' retrieved from /home/minhle/mlops/dags/model_training.py
[2025-04-23T23:52:32.996+0700] {logging_mixin.py:190} INFO - [2025-04-23T23:52:32.995+0700] {dag.py:3239} INFO - Sync 1 DAGs
[2025-04-23T23:52:33.004+0700] {logging_mixin.py:190} INFO - [2025-04-23T23:52:33.004+0700] {dag.py:4180} INFO - Setting next_dagrun for model_pipeline_v01 to 2025-04-23 00:00:00+00:00, run_after=2025-04-24 00:00:00+00:00
[2025-04-23T23:52:33.091+0700] {processor.py:208} INFO - Processing /home/minhle/mlops/dags/model_training.py took 1.899 seconds
[2025-04-23T23:53:03.608+0700] {processor.py:186} INFO - Started process (PID=415464) to work on /home/minhle/mlops/dags/model_training.py
[2025-04-23T23:53:03.609+0700] {processor.py:914} INFO - Processing file /home/minhle/mlops/dags/model_training.py for tasks to queue
[2025-04-23T23:53:03.611+0700] {logging_mixin.py:190} INFO - [2025-04-23T23:53:03.610+0700] {dagbag.py:588} INFO - Filling up the DagBag from /home/minhle/mlops/dags/model_training.py
[2025-04-23T23:53:05.421+0700] {processor.py:925} INFO - DAG(s) 'model_pipeline_v01' retrieved from /home/minhle/mlops/dags/model_training.py
[2025-04-23T23:53:05.429+0700] {logging_mixin.py:190} INFO - [2025-04-23T23:53:05.429+0700] {dag.py:3239} INFO - Sync 1 DAGs
[2025-04-23T23:53:05.439+0700] {logging_mixin.py:190} INFO - [2025-04-23T23:53:05.439+0700] {dag.py:4180} INFO - Setting next_dagrun for model_pipeline_v01 to 2025-04-23 00:00:00+00:00, run_after=2025-04-24 00:00:00+00:00
[2025-04-23T23:53:05.630+0700] {processor.py:208} INFO - Processing /home/minhle/mlops/dags/model_training.py took 2.030 seconds
[2025-04-23T23:53:35.921+0700] {processor.py:186} INFO - Started process (PID=415998) to work on /home/minhle/mlops/dags/model_training.py
[2025-04-23T23:53:35.923+0700] {processor.py:914} INFO - Processing file /home/minhle/mlops/dags/model_training.py for tasks to queue
[2025-04-23T23:53:35.925+0700] {logging_mixin.py:190} INFO - [2025-04-23T23:53:35.925+0700] {dagbag.py:588} INFO - Filling up the DagBag from /home/minhle/mlops/dags/model_training.py
[2025-04-23T23:53:37.685+0700] {processor.py:925} INFO - DAG(s) 'model_pipeline_v01' retrieved from /home/minhle/mlops/dags/model_training.py
[2025-04-23T23:53:37.692+0700] {logging_mixin.py:190} INFO - [2025-04-23T23:53:37.692+0700] {dag.py:3239} INFO - Sync 1 DAGs
[2025-04-23T23:53:37.702+0700] {logging_mixin.py:190} INFO - [2025-04-23T23:53:37.702+0700] {dag.py:4180} INFO - Setting next_dagrun for model_pipeline_v01 to 2025-04-23 00:00:00+00:00, run_after=2025-04-24 00:00:00+00:00
[2025-04-23T23:53:37.796+0700] {processor.py:208} INFO - Processing /home/minhle/mlops/dags/model_training.py took 1.884 seconds
[2025-04-23T23:54:08.189+0700] {processor.py:186} INFO - Started process (PID=416470) to work on /home/minhle/mlops/dags/model_training.py
[2025-04-23T23:54:08.191+0700] {processor.py:914} INFO - Processing file /home/minhle/mlops/dags/model_training.py for tasks to queue
[2025-04-23T23:54:08.193+0700] {logging_mixin.py:190} INFO - [2025-04-23T23:54:08.192+0700] {dagbag.py:588} INFO - Filling up the DagBag from /home/minhle/mlops/dags/model_training.py
[2025-04-23T23:54:09.795+0700] {processor.py:925} INFO - DAG(s) 'model_pipeline_v01' retrieved from /home/minhle/mlops/dags/model_training.py
[2025-04-23T23:54:09.802+0700] {logging_mixin.py:190} INFO - [2025-04-23T23:54:09.802+0700] {dag.py:3239} INFO - Sync 1 DAGs
[2025-04-23T23:54:09.811+0700] {logging_mixin.py:190} INFO - [2025-04-23T23:54:09.811+0700] {dag.py:4180} INFO - Setting next_dagrun for model_pipeline_v01 to 2025-04-23 00:00:00+00:00, run_after=2025-04-24 00:00:00+00:00
[2025-04-23T23:54:09.897+0700] {processor.py:208} INFO - Processing /home/minhle/mlops/dags/model_training.py took 1.718 seconds
[2025-04-23T23:54:48.964+0700] {processor.py:186} INFO - Started process (PID=417028) to work on /home/minhle/mlops/dags/model_training.py
[2025-04-23T23:54:48.965+0700] {processor.py:914} INFO - Processing file /home/minhle/mlops/dags/model_training.py for tasks to queue
[2025-04-23T23:54:48.966+0700] {logging_mixin.py:190} INFO - [2025-04-23T23:54:48.966+0700] {dagbag.py:588} INFO - Filling up the DagBag from /home/minhle/mlops/dags/model_training.py
[2025-04-23T23:54:50.593+0700] {processor.py:925} INFO - DAG(s) 'model_pipeline_v01' retrieved from /home/minhle/mlops/dags/model_training.py
[2025-04-23T23:54:50.601+0700] {logging_mixin.py:190} INFO - [2025-04-23T23:54:50.600+0700] {dag.py:3239} INFO - Sync 1 DAGs
[2025-04-23T23:54:50.609+0700] {logging_mixin.py:190} INFO - [2025-04-23T23:54:50.609+0700] {dag.py:4180} INFO - Setting next_dagrun for model_pipeline_v01 to 2025-04-23 00:00:00+00:00, run_after=2025-04-24 00:00:00+00:00
[2025-04-23T23:54:50.721+0700] {processor.py:208} INFO - Processing /home/minhle/mlops/dags/model_training.py took 1.763 seconds
[2025-04-23T23:55:21.537+0700] {processor.py:186} INFO - Started process (PID=417530) to work on /home/minhle/mlops/dags/model_training.py
[2025-04-23T23:55:21.538+0700] {processor.py:914} INFO - Processing file /home/minhle/mlops/dags/model_training.py for tasks to queue
[2025-04-23T23:55:21.539+0700] {logging_mixin.py:190} INFO - [2025-04-23T23:55:21.539+0700] {dagbag.py:588} INFO - Filling up the DagBag from /home/minhle/mlops/dags/model_training.py
[2025-04-23T23:55:23.113+0700] {processor.py:925} INFO - DAG(s) 'model_pipeline_v01' retrieved from /home/minhle/mlops/dags/model_training.py
[2025-04-23T23:55:23.120+0700] {logging_mixin.py:190} INFO - [2025-04-23T23:55:23.120+0700] {dag.py:3239} INFO - Sync 1 DAGs
[2025-04-23T23:55:23.129+0700] {logging_mixin.py:190} INFO - [2025-04-23T23:55:23.128+0700] {dag.py:4180} INFO - Setting next_dagrun for model_pipeline_v01 to 2025-04-23 00:00:00+00:00, run_after=2025-04-24 00:00:00+00:00
[2025-04-23T23:55:23.224+0700] {processor.py:208} INFO - Processing /home/minhle/mlops/dags/model_training.py took 1.694 seconds
[2025-04-23T23:55:53.392+0700] {processor.py:186} INFO - Started process (PID=417857) to work on /home/minhle/mlops/dags/model_training.py
[2025-04-23T23:55:53.392+0700] {processor.py:914} INFO - Processing file /home/minhle/mlops/dags/model_training.py for tasks to queue
[2025-04-23T23:55:53.393+0700] {logging_mixin.py:190} INFO - [2025-04-23T23:55:53.393+0700] {dagbag.py:588} INFO - Filling up the DagBag from /home/minhle/mlops/dags/model_training.py
[2025-04-23T23:55:54.985+0700] {processor.py:925} INFO - DAG(s) 'model_pipeline_v01' retrieved from /home/minhle/mlops/dags/model_training.py
[2025-04-23T23:55:54.993+0700] {logging_mixin.py:190} INFO - [2025-04-23T23:55:54.993+0700] {dag.py:3239} INFO - Sync 1 DAGs
[2025-04-23T23:55:55.003+0700] {logging_mixin.py:190} INFO - [2025-04-23T23:55:55.002+0700] {dag.py:4180} INFO - Setting next_dagrun for model_pipeline_v01 to 2025-04-23 00:00:00+00:00, run_after=2025-04-24 00:00:00+00:00
[2025-04-23T23:55:55.083+0700] {processor.py:208} INFO - Processing /home/minhle/mlops/dags/model_training.py took 1.695 seconds
[2025-04-23T23:56:25.410+0700] {processor.py:186} INFO - Started process (PID=418168) to work on /home/minhle/mlops/dags/model_training.py
[2025-04-23T23:56:25.411+0700] {processor.py:914} INFO - Processing file /home/minhle/mlops/dags/model_training.py for tasks to queue
[2025-04-23T23:56:25.412+0700] {logging_mixin.py:190} INFO - [2025-04-23T23:56:25.412+0700] {dagbag.py:588} INFO - Filling up the DagBag from /home/minhle/mlops/dags/model_training.py
[2025-04-23T23:56:27.031+0700] {processor.py:925} INFO - DAG(s) 'model_pipeline_v01' retrieved from /home/minhle/mlops/dags/model_training.py
[2025-04-23T23:56:27.039+0700] {logging_mixin.py:190} INFO - [2025-04-23T23:56:27.039+0700] {dag.py:3239} INFO - Sync 1 DAGs
[2025-04-23T23:56:27.047+0700] {logging_mixin.py:190} INFO - [2025-04-23T23:56:27.047+0700] {dag.py:4180} INFO - Setting next_dagrun for model_pipeline_v01 to 2025-04-23 00:00:00+00:00, run_after=2025-04-24 00:00:00+00:00
[2025-04-23T23:56:27.132+0700] {processor.py:208} INFO - Processing /home/minhle/mlops/dags/model_training.py took 1.731 seconds
[2025-04-23T23:57:01.958+0700] {processor.py:186} INFO - Started process (PID=418594) to work on /home/minhle/mlops/dags/model_training.py
[2025-04-23T23:57:01.970+0700] {processor.py:914} INFO - Processing file /home/minhle/mlops/dags/model_training.py for tasks to queue
[2025-04-23T23:57:01.973+0700] {logging_mixin.py:190} INFO - [2025-04-23T23:57:01.972+0700] {dagbag.py:588} INFO - Filling up the DagBag from /home/minhle/mlops/dags/model_training.py
[2025-04-23T23:57:03.551+0700] {processor.py:925} INFO - DAG(s) 'model_pipeline_v01' retrieved from /home/minhle/mlops/dags/model_training.py
[2025-04-23T23:57:03.578+0700] {logging_mixin.py:190} INFO - [2025-04-23T23:57:03.578+0700] {dag.py:3239} INFO - Sync 1 DAGs
[2025-04-23T23:57:03.587+0700] {logging_mixin.py:190} INFO - [2025-04-23T23:57:03.587+0700] {dag.py:4180} INFO - Setting next_dagrun for model_pipeline_v01 to 2025-04-23 00:00:00+00:00, run_after=2025-04-24 00:00:00+00:00
[2025-04-23T23:57:03.676+0700] {processor.py:208} INFO - Processing /home/minhle/mlops/dags/model_training.py took 1.725 seconds
[2025-04-23T23:57:34.451+0700] {processor.py:186} INFO - Started process (PID=418960) to work on /home/minhle/mlops/dags/model_training.py
[2025-04-23T23:57:34.458+0700] {processor.py:914} INFO - Processing file /home/minhle/mlops/dags/model_training.py for tasks to queue
[2025-04-23T23:57:34.460+0700] {logging_mixin.py:190} INFO - [2025-04-23T23:57:34.459+0700] {dagbag.py:588} INFO - Filling up the DagBag from /home/minhle/mlops/dags/model_training.py
[2025-04-23T23:57:36.168+0700] {processor.py:925} INFO - DAG(s) 'model_pipeline_v01' retrieved from /home/minhle/mlops/dags/model_training.py
[2025-04-23T23:57:36.176+0700] {logging_mixin.py:190} INFO - [2025-04-23T23:57:36.176+0700] {dag.py:3239} INFO - Sync 1 DAGs
[2025-04-23T23:57:36.186+0700] {logging_mixin.py:190} INFO - [2025-04-23T23:57:36.186+0700] {dag.py:4180} INFO - Setting next_dagrun for model_pipeline_v01 to 2025-04-23 00:00:00+00:00, run_after=2025-04-24 00:00:00+00:00
[2025-04-23T23:57:36.279+0700] {processor.py:208} INFO - Processing /home/minhle/mlops/dags/model_training.py took 1.840 seconds
