user_id,age,gender,region_category,membership_category,joining_date,joined_through_referral,preferred_offer_types,medium_of_operation,internet_option,last_visit_time,days_since_last_login,avg_time_spent,avg_transaction_value,avg_frequency_login_days,points_in_wallet,used_special_discount,offer_application_preference,past_complaint,complaint_status,feedback
8956766f385e2ac1,30,M,Town,Platinum Membership,2025-04-01,No,Without Offers,Desktop,Mobile_Data,12:00:28,22,78.44,32884.42,0.0,509.8132468073549,No,Yes,No,Not Applicable,Poor Customer Service
88f0d57d62d2bfe1,27,F,,Basic Membership,2025-04-01,Yes,Gift Vouchers/Coupons,Desktop,Fiber_Optic,21:11:44,15,277.58,48599.35,16.0,655.24,No,Yes,No,Not Applicable,Poor Website
8e6ad754abe36339,35,F,,Silver Membership,2025-04-01,No,Credit/Debit Card Offers,,Wi-Fi,22:22:55,23,290.44,50492.72,9.0,740.43,Yes,Yes,Yes,No Information Available,Quality Customer Care
873291626d308f97,60,F,Town,Basic Membership,2025-04-01,Yes,Credit/Debit Card Offers,Smartphone,Mobile_Data,10:18:53,9,52.93,33975.93,25.0,696.44,No,Yes,No,Not Applicable,Poor Website
80a5321f0c946f95,27,F,City,Premium Membership,2025-04-01,No,Gift Vouchers/Coupons,Smartphone,Wi-Fi,13:00:21,14,33.32,3758.58,17.0,0.0,No,Yes,No,Not Applicable,Poor Website
9d739894210a7a30,20,F,,Gold Membership,2025-04-01,,Credit/Debit Card Offers,Desktop,Fiber_Optic,01:38:58,13,85.01,22072.08,16.0,1100.8215731028636,No,Yes,Yes,Unsolved,Poor Customer Service
be3eaa63146e6eb5,53,M,City,Platinum Membership,2025-04-01,No,Credit/Debit Card Offers,Smartphone,Fiber_Optic,03:36:55,11,215.35,38094.27,17.0,753.38,No,Yes,No,Not Applicable,User Friendly Website
94348b926925fb67,59,M,Town,Basic Membership,2025-04-01,No,Without Offers,Desktop,Mobile_Data,11:39:56,7,328.11,22603.99,5.517470005708095,563.14,No,Yes,Yes,Solved,Poor Website
93a7eaa0246a32a5,51,M,Town,Platinum Membership,2025-04-01,Yes,Gift Vouchers/Coupons,Desktop,Fiber_Optic,11:02:02,10,150.77,5247.04,11.0,710.35,Yes,No,No,Not Applicable,No reason specified
8e44378944cb5238,23,M,,No Membership,2025-04-01,No,Without Offers,Desktop,Wi-Fi,03:21:35,11,320.59,22112.71,0.0,613.08,No,Yes,No,Not Applicable,No reason specified
8c4029738c825c86,38,F,Village,Basic Membership,2025-04-01,Yes,Gift Vouchers/Coupons,Smartphone,Mobile_Data,18:56:27,7,193.33,45097.34,20.0,670.43,No,Yes,Yes,No Information Available,Poor Product Quality
a888a74ad243df2a,48,M,City,Premium Membership,2025-04-01,No,Gift Vouchers/Coupons,Smartphone,Fiber_Optic,22:33:13,24,0.0,36916.84,0.0,798.88,Yes,No,Yes,No Information Available,No reason specified
9c9bf0d7f90b621e,19,F,Town,Silver Membership,2025-04-01,,Gift Vouchers/Coupons,Desktop,Mobile_Data,04:49:52,-999,490.93,44981.05,19.0,726.4,No,Yes,No,Not Applicable,Reasonable Price
86fa42bc251ca8d8,36,M,City,Basic Membership,2025-04-01,Yes,Gift Vouchers/Coupons,Smartphone,Mobile_Data,17:14:41,-999,102.34,2280.08,26.0,0.0,Yes,No,Yes,Solved,Too many ads
92c727bb39f94d98,18,M,Town,Premium Membership,2025-04-01,No,Gift Vouchers/Coupons,Smartphone,Mobile_Data,00:31:56,12,31.12,27798.14,26.0,0.0,Yes,No,Yes,No Information Available,Poor Product Quality
992d3e93f6737649,21,M,Town,Gold Membership,2025-04-01,Yes,Credit/Debit Card Offers,,Fiber_Optic,01:19:18,14,128.6,48923.42,8.0,743.49,No,Yes,No,Not Applicable,Poor Website
be46b6e99b9e1b59,58,F,Town,No Membership,2025-04-01,Yes,Credit/Debit Card Offers,Desktop,Wi-Fi,23:38:49,2,531.14,4839.44,29.0,690.56,No,Yes,No,Not Applicable,Too many ads
bc4ae05566c5237b,21,F,Town,Gold Membership,2025-04-01,Yes,Credit/Debit Card Offers,Both,Mobile_Data,07:03:11,14,539.29,10658.57,29.0,739.55,No,Yes,No,Not Applicable,No reason specified
984ce7515b2546df,10,M,,Basic Membership,2025-04-01,No,Without Offers,Both,Wi-Fi,22:48:52,9,280.64,12650.34,26.0,616.64,No,Yes,No,Not Applicable,Poor Website
9ad0b597a3b2bf2d,58,F,City,Platinum Membership,2025-04-01,Yes,Gift Vouchers/Coupons,,Fiber_Optic,07:33:18,6,40.36,48521.6,29.0,351.48910981382306,No,Yes,No,Not Applicable,Poor Website
be9a1866d2dba682,56,F,Town,No Membership,2025-04-01,Yes,Credit/Debit Card Offers,Smartphone,Mobile_Data,18:09:24,9,184.31,44615.42,7.0,87.16561857109345,Yes,No,No,Not Applicable,Too many ads
85b174d4a4c522af,15,M,City,Gold Membership,2025-04-01,No,Without Offers,,Mobile_Data,18:52:08,13,32.36,8346.98,16.0,721.74,Yes,No,No,Not Applicable,Poor Customer Service
80d9154f7c759c32,46,M,City,Gold Membership,2025-04-01,No,Without Offers,,Mobile_Data,13:22:53,19,30.84,31397.39,22.0,787.41,No,Yes,Yes,Unsolved,Too many ads
83c048041534ec25,36,F,City,No Membership,2025-04-01,Yes,Credit/Debit Card Offers,Desktop,Fiber_Optic,22:03:38,9,60.77,34085.4,20.0,638.35,Yes,No,Yes,Solved,Poor Customer Service
a5f6704b528ee362,16,M,,Premium Membership,2025-04-01,No,Gift Vouchers/Coupons,Smartphone,Fiber_Optic,14:34:07,11,133.67,40054.53,14.0,762.25,Yes,No,Yes,Solved in Follow-up,Poor Customer Service
b4d51e7a01787ffc,23,M,Village,No Membership,2025-04-01,Yes,Credit/Debit Card Offers,Both,Mobile_Data,05:11:12,-999,303.01,9478.26,29.0,682.06,No,Yes,Yes,No Information Available,Poor Product Quality
aaa8b3942c220cbe,63,F,Village,Premium Membership,2025-04-01,No,Without Offers,Smartphone,Wi-Fi,13:44:23,8,336.95,3480.6,18.0,738.48,Yes,No,Yes,Unsolved,No reason specified
b1a96975fa60fa67,39,F,City,Basic Membership,2025-04-01,Yes,,Smartphone,Wi-Fi,01:38:59,-999,271.69,36480.35,28.0,542.33,Yes,No,No,Not Applicable,Too many ads
87de1db617b51845,44,M,Town,No Membership,2025-04-01,Yes,Credit/Debit Card Offers,Smartphone,Wi-Fi,08:14:58,-999,166.42,24867.06,18.0,511.56,No,Yes,No,Not Applicable,No reason specified
87c24adc681b56d4,11,F,,Gold Membership,2025-04-01,Yes,Credit/Debit Card Offers,Desktop,Wi-Fi,21:11:36,14,31.03,39142.96,23.0,0.0,Yes,No,Yes,Solved in Follow-up,Poor Website
80440ea39d9a7910,21,F,City,Gold Membership,2025-04-01,No,Without Offers,Desktop,Wi-Fi,12:30:18,22,158.44,22197.25,22.0,714.65,No,Yes,Yes,No Information Available,Poor Customer Service
a37a90cc223aa38e,29,M,City,Gold Membership,2025-04-01,No,Credit/Debit Card Offers,Both,Wi-Fi,08:54:04,5,469.42,9845.95,0.0,1186.6849724789886,No,Yes,Yes,Unsolved,Products always in Stock
a85c4d132f43192c,16,M,City,No Membership,2025-04-01,Yes,Credit/Debit Card Offers,,Mobile_Data,12:40:55,9,422.18,29752.62,19.0,674.5,No,Yes,Yes,No Information Available,No reason specified
861f2f1151388f74,31,F,Village,No Membership,2025-04-01,Yes,Gift Vouchers/Coupons,Desktop,Mobile_Data,14:30:50,21,176.58,43484.41,18.0,563.29,No,Yes,Yes,Solved in Follow-up,No reason specified
994ae07f8d0bf14a,53,F,City,Platinum Membership,2025-04-01,,Without Offers,Smartphone,Fiber_Optic,13:22:02,20,257.86,19231.65,6.0,297.78376401370264,No,Yes,No,Not Applicable,No reason specified
9c12652c5b268528,63,M,Village,No Membership,2025-04-01,No,Without Offers,Smartphone,Fiber_Optic,08:10:03,18,33.49,4177.14,41.18518620779164,634.22,No,Yes,Yes,Unsolved,Too many ads
bf6458f5d6d6601a,37,M,Village,Gold Membership,2025-04-01,No,Without Offers,,Fiber_Optic,16:18:53,2,0.0,9144.31,11.0,783.49,No,Yes,No,Not Applicable,Quality Customer Care
a1aaf0dcf03fe99a,36,M,City,Platinum Membership,2025-04-01,Yes,Credit/Debit Card Offers,Desktop,Mobile_Data,13:18:00,17,89.92,1023.38,14.0,758.4,No,Yes,Yes,Solved,User Friendly Website
a22822781ed85719,35,F,City,Silver Membership,2025-04-01,No,Without Offers,,Fiber_Optic,12:49:12,17,281.91,3630.17,24.0,786.03,Yes,Yes,No,Not Applicable,Poor Product Quality
b768c81f1d317e64,15,F,Town,Platinum Membership,2025-04-01,Yes,Without Offers,Smartphone,Mobile_Data,12:54:54,11,237.94,35855.42,12.0,0.0,Yes,No,Yes,Solved,Poor Customer Service
b7ca97c840128740,24,F,Village,Silver Membership,2025-04-01,No,Credit/Debit Card Offers,Smartphone,Mobile_Data,11:31:24,16,1155.3878352761217,20181.05,16.0,647.04,Yes,No,Yes,Unsolved,Poor Customer Service
b6356476a24eead5,34,M,Village,Premium Membership,2025-04-01,,Gift Vouchers/Coupons,Desktop,Mobile_Data,06:13:57,13,33.12,67700.94,12.0,0.0,Yes,No,Yes,No Information Available,Reasonable Price
9b8da34700cca6db,33,M,Town,Gold Membership,2025-04-01,Yes,Credit/Debit Card Offers,Desktop,Wi-Fi,11:01:22,4,69.49,34298.43,25.0,612.05,Yes,No,No,Not Applicable,Too many ads
87557402f48315a4,27,F,Town,No Membership,2025-04-01,No,Without Offers,Desktop,Wi-Fi,18:16:41,5,31.75,4237.41,22.0,0.0,Yes,No,No,Not Applicable,Poor Product Quality
b3560c3e69c1e793,17,M,Town,Silver Membership,2025-04-01,Yes,Without Offers,Desktop,Wi-Fi,09:49:27,5,33.43,21898.71,27.0,621.76,Yes,No,No,Not Applicable,Poor Website
879e8ab7809e5305,16,F,,Basic Membership,2025-04-01,No,Credit/Debit Card Offers,Desktop,Mobile_Data,15:41:02,16,95.39,39943.83,16.0,536.21,No,Yes,Yes,Solved in Follow-up,Poor Website
a5109d91d09f3f45,58,F,Town,No Membership,2025-04-01,,Without Offers,Desktop,Mobile_Data,04:45:54,3,64.86,7332.38,16.0,0.0,Yes,No,No,Not Applicable,Poor Product Quality
a1feda60cfffe9fb,21,F,Town,No Membership,2025-04-01,No,Credit/Debit Card Offers,,Wi-Fi,11:39:13,7,66.69,3017.18,8.0,698.62,No,Yes,No,Not Applicable,No reason specified
bece5418d2347bb6,26,F,Village,Platinum Membership,2025-04-01,No,Gift Vouchers/Coupons,Smartphone,Mobile_Data,10:29:28,11,178.64,68448.53,31.15237422179625,1385.7669867827676,Yes,No,No,Not Applicable,Reasonable Price
a6a9aeb175de2ad9,28,M,City,Platinum Membership,2025-04-01,,Without Offers,Desktop,Mobile_Data,23:20:01,16,343.89,45754.57,53.08580673721301,771.0,No,Yes,Yes,No Information Available,Too many ads
b59ca023191f0023,15,F,City,Silver Membership,2025-04-01,No,Credit/Debit Card Offers,Smartphone,Fiber_Optic,23:49:48,21,54.18,10433.55,9.0,1170.2459253822076,Yes,No,Yes,No Information Available,Poor Product Quality
8290be7b933597b0,60,F,,No Membership,2025-04-01,Yes,Without Offers,Smartphone,Fiber_Optic,09:59:13,-999,34.19,27732.01,20.0,603.39,No,Yes,Yes,No Information Available,Poor Website
b066ba501b99a5f2,16,F,Village,No Membership,2025-04-01,No,Gift Vouchers/Coupons,Desktop,Mobile_Data,02:01:07,17,37.39,3286.48,28.0,571.46,Yes,No,No,Not Applicable,Poor Customer Service
a34098642bdd56f6,33,F,Town,Silver Membership,2025-04-01,,Without Offers,Desktop,Mobile_Data,14:09:33,6,107.79,37443.51,13.0,762.94,No,Yes,Yes,Unsolved,Poor Customer Service
94343321cdfba398,43,F,Town,Premium Membership,2025-04-01,Yes,Gift Vouchers/Coupons,Desktop,Fiber_Optic,19:31:50,16,73.1,35896.43,12.0,783.58,Yes,No,No,Not Applicable,User Friendly Website
b065646d9c856277,16,M,City,Premium Membership,2025-04-01,Yes,Without Offers,Desktop,Mobile_Data,14:04:58,21,30.16,24504.25,9.0,707.65,No,Yes,Yes,Unsolved,Poor Website
8bc765fa1281e010,61,F,Town,No Membership,2025-04-01,Yes,Credit/Debit Card Offers,Desktop,Fiber_Optic,18:46:44,-999,65.68,37358.04,14.0,560.92,Yes,No,No,Not Applicable,Poor Customer Service
91045bcb83fe51b8,10,M,,Gold Membership,2025-04-01,No,Gift Vouchers/Coupons,Desktop,Mobile_Data,05:47:53,12,139.94,14577.72,5.0,1019.6341509395488,No,Yes,Yes,Unsolved,No reason specified
826a35c00c55a3fb,33,M,Town,Basic Membership,2025-04-01,Yes,Without Offers,Both,Fiber_Optic,11:31:47,10,595.14,11790.57,26.0,624.8,Yes,No,Yes,Solved,No reason specified
b7560277fb9cf320,44,F,Town,Premium Membership,2025-04-01,Yes,Gift Vouchers/Coupons,Desktop,Fiber_Optic,04:55:46,17,31.32,25992.1,6.0,797.52,Yes,No,Yes,Unsolved,Poor Product Quality
b8aae09ccce7721a,58,F,City,Gold Membership,2025-04-01,No,Without Offers,Desktop,Wi-Fi,18:20:35,-999,155.61,21994.44,37.68112236711109,741.04,No,Yes,Yes,No Information Available,Poor Website
91faabf06ebc260e,64,M,Town,Platinum Membership,2025-04-01,Yes,Credit/Debit Card Offers,Desktop,Wi-Fi,17:10:41,1,584.53,91096.02,12.0,753.5,Yes,Yes,No,Not Applicable,Reasonable Price
86ca613947e25195,25,M,Town,Gold Membership,2025-04-01,No,Credit/Debit Card Offers,,Fiber_Optic,15:01:12,7,351.52,44656.2,7.0,0.0,Yes,No,No,Not Applicable,Reasonable Price
9fdd3943ad58470e,32,F,,Basic Membership,2025-04-01,Yes,Credit/Debit Card Offers,Smartphone,Fiber_Optic,10:33:41,24,1306.2617685131806,31828.89,10.0,0.0,Yes,No,Yes,Unsolved,No reason specified
99a4a8ab33fa269d,37,F,,Premium Membership,2025-04-01,Yes,Gift Vouchers/Coupons,Desktop,Mobile_Data,11:54:13,4,129.21,73308.73,15.0,773.91,Yes,No,No,Not Applicable,Reasonable Price
95328fda70624458,28,M,Town,Basic Membership,2025-04-01,Yes,Without Offers,Smartphone,Mobile_Data,10:30:13,5,859.76,47622.59,18.0,541.33,No,Yes,Yes,Unsolved,Too many ads
888232c469b61cea,51,F,Town,Platinum Membership,2025-04-01,No,Gift Vouchers/Coupons,Both,Mobile_Data,14:18:23,10,371.88,30158.99,11.0,0.0,No,Yes,No,Not Applicable,Reasonable Price
827ec3ce4589ddf4,38,F,City,Silver Membership,2025-04-01,No,Without Offers,Smartphone,Mobile_Data,12:50:12,20,137.84,27971.52,19.0,212.5628205750064,No,Yes,No,Not Applicable,Poor Customer Service
ab6943458230e8fe,42,M,City,Premium Membership,2025-04-01,No,Gift Vouchers/Coupons,Smartphone,Wi-Fi,15:35:53,6,103.75,35914.16,11.0,810.32,No,Yes,No,Not Applicable,Reasonable Price
bb8ce9994f473b94,15,F,Town,Platinum Membership,2025-04-01,Yes,Gift Vouchers/Coupons,Smartphone,Mobile_Data,04:49:29,4,33.8,46618.39,29.0,752.66,Yes,No,Yes,No Information Available,No reason specified
8429dec823daebac,39,M,City,No Membership,2025-04-01,Yes,Gift Vouchers/Coupons,Smartphone,Wi-Fi,14:00:16,10,734.25,19722.67,19.0,515.32,Yes,Yes,No,Not Applicable,Poor Product Quality
ba19d2a33eb08a21,60,F,Town,Platinum Membership,2025-04-01,,Gift Vouchers/Coupons,Desktop,Fiber_Optic,20:29:13,22,53.77,65171.65,17.0,764.31,No,Yes,No,Not Applicable,Quality Customer Care
89c99fbc3be156a6,44,M,Town,Basic Membership,2025-04-01,No,Gift Vouchers/Coupons,Smartphone,Fiber_Optic,15:15:13,22,0.0,49456.07,0.0,565.84,No,Yes,No,Not Applicable,Poor Website
9f7afda9767bdad9,42,F,City,Basic Membership,2025-04-01,,Credit/Debit Card Offers,Smartphone,Wi-Fi,11:39:33,16,31.49,22956.56,8.0,504.89,Yes,No,Yes,No Information Available,No reason specified
a42ca2588cfaa1c7,21,M,,Gold Membership,2025-04-01,Yes,Credit/Debit Card Offers,Desktop,Fiber_Optic,21:02:08,16,33.8,30950.48,13.0,699.11,Yes,No,No,Not Applicable,No reason specified
b944277ccf58f3a3,30,M,City,No Membership,2025-04-01,Yes,Without Offers,Desktop,Fiber_Optic,10:10:14,15,349.02,20103.58,6.0,651.18,Yes,No,No,Not Applicable,Poor Product Quality
a594feaffc78b36b,58,M,City,Basic Membership,2025-04-01,Yes,Credit/Debit Card Offers,Desktop,Wi-Fi,05:23:02,19,0.0,7614.88,29.0,202.31792577918804,Yes,No,No,Not Applicable,Poor Customer Service
a1a7c5ca940f8ce0,59,F,Town,Silver Membership,2025-04-01,Yes,Without Offers,,Wi-Fi,04:39:36,12,62.91,17743.73,5.0,715.84,Yes,No,Yes,No Information Available,Poor Product Quality
a19d80ff9a7491ba,21,F,Village,Platinum Membership,2025-04-01,No,Gift Vouchers/Coupons,Desktop,Mobile_Data,20:08:13,22,33.91,74321.1,18.0,751.58,Yes,No,No,Not Applicable,Products always in Stock
bfa6bd111bd5f765,59,M,City,No Membership,2025-04-01,Yes,Credit/Debit Card Offers,Desktop,Fiber_Optic,04:50:31,9,41.17,7884.24,26.0,0.0,No,Yes,Yes,Unsolved,Poor Website
9901b51883da7d24,35,F,Town,No Membership,2025-04-01,Yes,Credit/Debit Card Offers,Smartphone,Mobile_Data,18:15:31,12,43.63,45358.08,23.0,598.59,No,Yes,No,Not Applicable,No reason specified
a966f78d4543446f,31,F,Village,Premium Membership,2025-04-01,No,Without Offers,Desktop,Mobile_Data,02:40:06,8,186.68,6720.97,10.0,722.44,Yes,No,Yes,Solved,Poor Website
9b742fc8da67bc4b,49,M,City,Silver Membership,2025-04-01,No,Credit/Debit Card Offers,Smartphone,Fiber_Optic,19:28:45,16,243.58,42784.18,20.0,675.24,Yes,No,No,Not Applicable,No reason specified
9687c75fef1adc2c,15,M,Town,Silver Membership,2025-04-01,,Without Offers,Smartphone,Wi-Fi,17:50:51,14,143.88,26396.9,23.0,770.28,Yes,No,No,Not Applicable,Too many ads
8c8d2d1b2bf89516,29,M,Town,Premium Membership,2025-04-01,Yes,Without Offers,Both,Wi-Fi,08:36:32,9,222.9,3444.35,22.0,702.84,No,Yes,No,Not Applicable,No reason specified
8af6bb04368eee5a,42,F,City,Silver Membership,2025-04-01,Yes,Without Offers,Desktop,Fiber_Optic,05:39:37,10,171.83,99455.79,17.0,759.55,No,Yes,Yes,No Information Available,User Friendly Website
98dcb02548793ef2,64,F,City,Gold Membership,2025-04-01,No,Without Offers,Smartphone,Fiber_Optic,20:02:13,22,168.76,22163.6,5.0,731.54,No,Yes,Yes,Solved,Products always in Stock
a4ee271f43686d0e,52,M,City,Gold Membership,2025-04-01,Yes,Gift Vouchers/Coupons,,Wi-Fi,10:07:52,18,34.85,25748.05,16.0,0.0,No,Yes,Yes,Solved in Follow-up,No reason specified
a85511b417927b63,51,M,Village,Gold Membership,2025-04-01,Yes,Gift Vouchers/Coupons,Desktop,Fiber_Optic,01:49:36,7,115.56,24767.14,14.0,756.12,Yes,No,No,Not Applicable,Poor Website
92e364a21edec883,45,M,City,Gold Membership,2025-04-01,,Without Offers,Smartphone,Mobile_Data,23:39:19,20,38.68,38584.55,3.0,806.81,Yes,No,Yes,No Information Available,Quality Customer Care
be4e792b4d4d7fd8,62,M,,Silver Membership,2025-04-01,Yes,Without Offers,Desktop,Wi-Fi,09:16:56,11,150.77,46973.57,29.0,763.25,No,Yes,No,Not Applicable,Too many ads
841d2fa7a29fc44f,22,M,Town,No Membership,2025-04-01,Yes,Credit/Debit Card Offers,Smartphone,Fiber_Optic,02:07:37,18,36.52,41719.64,27.0,676.75,Yes,No,Yes,Unsolved,Poor Product Quality
89cad17187598b1b,31,F,City,Platinum Membership,2025-04-01,,Credit/Debit Card Offers,,Fiber_Optic,11:16:27,4,1406.77,21986.89,14.0,760.58,Yes,No,Yes,Unsolved,Poor Customer Service
b881df9ae17966ca,60,F,City,Basic Membership,2025-04-01,No,Credit/Debit Card Offers,Desktop,Fiber_Optic,10:23:37,5,182.33,13149.63,18.0,179.80609257683102,No,Yes,No,Not Applicable,Poor Customer Service
aaab7d7246bbba6c,23,M,City,Silver Membership,2025-04-01,No,Without Offers,Desktop,Wi-Fi,08:40:20,25,83.14,48979.72,8.0,739.53,No,Yes,No,Not Applicable,Poor Customer Service
9965f2d539033a19,61,M,Town,Premium Membership,2025-04-01,No,Gift Vouchers/Coupons,Desktop,Fiber_Optic,21:46:46,20,33.63,16374.15,0.0,759.14,Yes,No,Yes,No Information Available,Poor Website
83bf9873a841b9af,57,F,Town,Platinum Membership,2025-04-01,Yes,Gift Vouchers/Coupons,Desktop,Wi-Fi,22:25:07,10,113.78,41352.5,11.0,740.85,No,Yes,Yes,Unsolved,Poor Customer Service
93d0d550e45931cb,28,M,City,No Membership,2025-04-01,Yes,Without Offers,,Mobile_Data,09:09:37,23,32.66,42666.23,26.0,567.24,No,Yes,No,Not Applicable,Too many ads
b8b332d81c029053,59,M,Village,Gold Membership,2025-04-02,No,Gift Vouchers/Coupons,Desktop,Mobile_Data,14:36:36,5,1428.6383487535693,87961.45,0.0,219.52119100448795,Yes,Yes,Yes,Unsolved,Products always in Stock
a081c20a4640fdc3,35,M,City,Basic Membership,2025-04-02,Yes,Credit/Debit Card Offers,Desktop,Wi-Fi,22:48:44,13,1047.6963557304111,19529.71,9.0,709.71,Yes,No,Yes,Unsolved,Poor Customer Service
9f323e557738cc27,14,F,,Premium Membership,2025-04-02,No,Gift Vouchers/Coupons,Both,Fiber_Optic,05:57:51,5,406.14,81072.21,17.0,846.58,Yes,Yes,Yes,Solved in Follow-up,Products always in Stock
8de94e3b07bdf084,49,F,Town,Platinum Membership,2025-04-02,No,Without Offers,Smartphone,Mobile_Data,07:58:40,14,110.39,35786.66,13.0,788.96,Yes,No,Yes,No Information Available,Too many ads
87b69be686d08219,23,M,Town,Gold Membership,2025-04-02,No,Gift Vouchers/Coupons,Smartphone,Fiber_Optic,09:37:07,20,62.13,23404.51,15.0,611.72,Yes,No,No,Not Applicable,No reason specified
91596601266a39bc,45,F,Town,Basic Membership,2025-04-02,Yes,Credit/Debit Card Offers,Smartphone,Fiber_Optic,01:32:00,8,1675.34,40126.57,0.0,655.41,Yes,No,No,Not Applicable,Poor Product Quality
b9167afa07550cc3,55,F,,No Membership,2025-04-02,Yes,Gift Vouchers/Coupons,Desktop,Fiber_Optic,09:43:45,20,48.22,27331.14,0.0,519.57,No,Yes,No,Not Applicable,Poor Product Quality
94597783543433ba,10,F,Village,Premium Membership,2025-04-02,No,Without Offers,,Wi-Fi,21:41:17,8,114.95,88054.16,10.0,357.63290500031235,Yes,No,No,Not Applicable,Quality Customer Care
87bb6477d2ee090f,60,F,City,Gold Membership,2025-04-02,,Gift Vouchers/Coupons,Desktop,Wi-Fi,16:55:50,16,83.08,20658.87,17.0,712.32,No,Yes,No,Not Applicable,Poor Customer Service
94684153fb0a5fdc,40,F,City,No Membership,2025-04-02,Yes,Gift Vouchers/Coupons,Smartphone,Fiber_Optic,18:10:20,10,685.34,45850.85,19.0,581.4677191613781,No,Yes,Yes,Unsolved,No reason specified
aabd0063baec107a,11,M,Town,Gold Membership,2025-04-02,Yes,Gift Vouchers/Coupons,Desktop,Wi-Fi,10:47:29,-999,126.3,11211.42,21.0,795.59,Yes,No,Yes,Solved in Follow-up,Poor Product Quality
a9be40449654643f,14,F,Village,Silver Membership,2025-04-02,,Gift Vouchers/Coupons,Smartphone,Fiber_Optic,07:37:19,-999,58.17,42861.47,6.0,693.03,Yes,No,Yes,No Information Available,Poor Customer Service
840a6e8ecb54ab78,10,M,Town,Premium Membership,2025-04-02,,Without Offers,Smartphone,Fiber_Optic,19:57:52,14,122.56,28671.29,36.97817008954775,718.18,No,Yes,Yes,Solved in Follow-up,Too many ads
980affd509076313,18,F,Village,No Membership,2025-04-02,No,Credit/Debit Card Offers,Desktop,Mobile_Data,20:52:22,20,69.74,11662.38,15.0,603.98,Yes,No,Yes,Solved in Follow-up,Too many ads
83caeba58ae765df,10,M,,No Membership,2025-04-02,Yes,Credit/Debit Card Offers,Desktop,Wi-Fi,08:11:14,22,31.23,4597.48,13.0,0.0,No,Yes,Yes,Solved,Too many ads
b07c4fce720eb745,37,F,Village,Silver Membership,2025-04-02,Yes,Gift Vouchers/Coupons,Desktop,Mobile_Data,06:23:59,16,589.78,15372.61,25.0,761.99,No,Yes,No,Not Applicable,Poor Website
ada43af60db61dbf,33,F,City,Platinum Membership,2025-04-02,Yes,Credit/Debit Card Offers,,Mobile_Data,03:17:32,8,307.04,12323.61,0.0,734.28,No,Yes,Yes,Solved,Too many ads
97589b07774d5da7,18,M,Town,Platinum Membership,2025-04-02,Yes,Credit/Debit Card Offers,,Mobile_Data,15:59:07,7,644.68,44819.67,5.0,727.62,No,Yes,Yes,No Information Available,Poor Website
a0d7225825900930,46,M,,Premium Membership,2025-04-02,Yes,Gift Vouchers/Coupons,Smartphone,Mobile_Data,20:40:49,17,58.4,7599.67,0.0,1131.5636878363257,Yes,No,No,Not Applicable,Poor Website
90771f3299aef796,42,M,Town,Silver Membership,2025-04-02,No,Credit/Debit Card Offers,Smartphone,Wi-Fi,00:14:53,7,31.12,13906.13,13.0,618.22,Yes,No,Yes,No Information Available,Poor Customer Service
b6c0d987ed463df3,13,F,Town,Premium Membership,2025-04-02,Yes,Without Offers,Smartphone,Fiber_Optic,15:04:12,8,63.77,26452.01,28.0,377.0341154916396,No,Yes,Yes,Unsolved,Poor Website
8f1c1b19ea7245a0,33,M,Town,Silver Membership,2025-04-02,No,Gift Vouchers/Coupons,Smartphone,Mobile_Data,10:20:57,14,236.68,36547.06,6.0,675.12,Yes,No,Yes,Solved in Follow-up,No reason specified
8e5e748368d73d97,46,F,City,No Membership,2025-04-02,Yes,Credit/Debit Card Offers,,Mobile_Data,01:17:36,6,883.64,35069.02,15.0,615.43,Yes,No,Yes,Solved in Follow-up,No reason specified
bf8be08f4091b8c2,53,M,City,Basic Membership,2025-04-02,Yes,Credit/Debit Card Offers,Desktop,Wi-Fi,11:59:23,15,390.96,39568.09,12.0,661.95,Yes,No,Yes,Solved in Follow-up,Too many ads
a5e5fd80d7b39a2b,33,F,Town,Silver Membership,2025-04-02,Yes,Credit/Debit Card Offers,Desktop,Fiber_Optic,06:53:00,12,1363.055390063853,33225.07,5.0,624.46,Yes,No,No,Not Applicable,Poor Product Quality
936ee2ed6ff2da65,60,F,City,Basic Membership,2025-04-02,No,Gift Vouchers/Coupons,Smartphone,Fiber_Optic,06:07:18,8,221.82,5154.64,6.0,580.87,Yes,No,Yes,Unsolved,Poor Product Quality
86b3d0b018dc7923,38,F,Town,Silver Membership,2025-04-02,No,Without Offers,Desktop,Fiber_Optic,16:52:16,16,936.125161328928,39972.67,21.0,766.01,No,Yes,No,Not Applicable,Poor Website
acb937133b03a94b,15,M,City,Silver Membership,2025-04-02,,Credit/Debit Card Offers,Smartphone,Fiber_Optic,14:59:50,8,35.9,24840.58,0.0,700.26,Yes,No,Yes,Solved in Follow-up,User Friendly Website
93893802ea4634cd,44,F,Town,No Membership,2025-04-02,Yes,Without Offers,Both,Fiber_Optic,11:41:44,21,553.11,21688.06,15.0,708.55,No,Yes,Yes,Solved,Poor Customer Service
b3f43d989d5be8ff,22,F,City,Premium Membership,2025-04-02,Yes,Gift Vouchers/Coupons,Desktop,Fiber_Optic,15:31:25,16,49.11,14274.28,17.0,0.0,Yes,No,Yes,Solved in Follow-up,Reasonable Price
b5ebbb7c786493cf,15,F,City,Gold Membership,2025-04-02,Yes,Credit/Debit Card Offers,Both,Fiber_Optic,11:49:18,6,291.84,31726.13,1.01534857628004,604.01,Yes,Yes,Yes,No Information Available,Too many ads
b3d6debe51e8daef,53,F,City,Premium Membership,2025-04-02,No,Gift Vouchers/Coupons,Desktop,Wi-Fi,21:35:56,18,172.99,9044.15,8.0,763.14,Yes,No,Yes,Solved in Follow-up,Products always in Stock
b6a2e952bf777cc3,37,M,,No Membership,2025-04-02,No,Without Offers,,Fiber_Optic,02:29:18,23,311.26,1439.83,0.0,0.0,Yes,No,Yes,Solved,Poor Product Quality
9a54f27ab8da42d5,46,F,Town,Premium Membership,2025-04-02,Yes,Gift Vouchers/Coupons,Smartphone,Fiber_Optic,11:54:32,14,80.1,35914.04,13.0,1123.6029889387771,Yes,No,No,Not Applicable,No reason specified
9196b199a68dc48e,30,F,City,Basic Membership,2025-04-02,Yes,Without Offers,Desktop,Fiber_Optic,01:28:28,22,896.92,19135.87,23.0,609.7,Yes,Yes,Yes,No Information Available,Poor Customer Service
83a39014f5111185,38,F,City,No Membership,2025-04-02,No,Gift Vouchers/Coupons,Desktop,Fiber_Optic,02:48:42,6,32.74,44063.91,6.0,659.68,No,Yes,Yes,Solved,Poor Customer Service
aca20cb9ef68d428,11,F,Village,Basic Membership,2025-04-02,Yes,Credit/Debit Card Offers,Desktop,Wi-Fi,03:22:12,11,163.7,37806.2,25.0,672.56,No,Yes,No,Not Applicable,Poor Website
a50e0f9d90d5ece9,17,M,Town,Platinum Membership,2025-04-02,Yes,Credit/Debit Card Offers,Smartphone,Fiber_Optic,05:35:15,13,32.82,44541.94,13.0,729.53,Yes,No,Yes,No Information Available,Too many ads
b37392e851e3bcef,41,F,,Gold Membership,2025-04-02,No,Without Offers,Desktop,Mobile_Data,16:46:27,13,144.09,5521.17,24.0,626.71,Yes,No,No,Not Applicable,Poor Product Quality
b357dcdc665c9b7a,33,M,Town,Basic Membership,2025-04-02,Yes,Without Offers,Desktop,Wi-Fi,22:39:50,8,735.51,19532.68,5.0,683.91,Yes,Yes,No,Not Applicable,No reason specified
8cc52ef5470524b3,17,M,Town,No Membership,2025-04-02,Yes,Credit/Debit Card Offers,Smartphone,Fiber_Optic,14:24:37,-999,232.24,1872.59,13.0,377.4664121266218,No,Yes,No,Not Applicable,No reason specified
804c2ba65fa98255,22,F,Town,Basic Membership,2025-04-02,No,Credit/Debit Card Offers,Desktop,Mobile_Data,15:49:34,4,372.01,14435.1,10.0,687.79,Yes,No,Yes,Solved,Too many ads
9e1365dfef2d419a,14,M,Town,Basic Membership,2025-04-02,,Gift Vouchers/Coupons,Both,Wi-Fi,19:28:25,8,1079.68,29599.46,0.0,0.0,No,Yes,No,Not Applicable,Too many ads
ab3285576e367414,16,F,Town,Silver Membership,2025-04-02,No,Gift Vouchers/Coupons,Desktop,Mobile_Data,21:37:29,17,85.37,36034.86,24.0,624.91,No,Yes,Yes,Solved,Poor Website
8e27160a5d2e07f5,52,F,City,Premium Membership,2025-04-02,Yes,Without Offers,Desktop,Mobile_Data,02:20:28,11,43.21,46106.44,10.0,727.14,No,Yes,No,Not Applicable,No reason specified
94a1cc4a4e4c8978,55,F,City,Silver Membership,2025-04-02,,Without Offers,Smartphone,Wi-Fi,04:38:36,3,926.9501749589272,30036.46,25.0,0.0,Yes,No,No,Not Applicable,Poor Website
92c6e485749e51d0,48,M,City,No Membership,2025-04-02,Yes,Credit/Debit Card Offers,Smartphone,Wi-Fi,13:56:35,19,144.23,49930.68,23.0,653.21,No,Yes,Yes,Solved in Follow-up,Poor Website
b60ef689be1a8408,27,F,Village,Silver Membership,2025-04-02,No,Gift Vouchers/Coupons,Desktop,Mobile_Data,17:40:41,9,56.04,42309.95,5.0,396.87168329063866,No,Yes,No,Not Applicable,Quality Customer Care
bad82c659c5c4d25,30,M,,No Membership,2025-04-02,Yes,Without Offers,Desktop,Mobile_Data,00:56:04,10,0.0,32057.77,21.0,672.66,Yes,No,No,Not Applicable,No reason specified
8be0463a1872f37e,40,M,Town,Silver Membership,2025-04-02,No,Credit/Debit Card Offers,Desktop,Fiber_Optic,20:46:13,4,142.45,10950.48,17.0,703.9,No,Yes,No,Not Applicable,Too many ads
8c5f5a84453c7c51,31,M,,Platinum Membership,2025-04-02,No,Credit/Debit Card Offers,,Wi-Fi,03:51:26,21,395.94,78980.02,2.0,775.36,Yes,Yes,No,Not Applicable,Products always in Stock
b5215c8d41632750,36,F,City,Platinum Membership,2025-04-02,Yes,Credit/Debit Card Offers,Desktop,Mobile_Data,14:11:31,12,186.47,25766.42,25.0,0.0,Yes,No,No,Not Applicable,Poor Customer Service
90f262964428f2c0,16,F,Town,Silver Membership,2025-04-02,No,Without Offers,Desktop,Mobile_Data,20:23:34,7,131.17,16773.64,10.0,726.97,Yes,No,No,Not Applicable,Poor Customer Service
ac0a63f8d5081efb,55,F,,No Membership,2025-04-02,No,Without Offers,Smartphone,Mobile_Data,04:53:58,4,55.33,18386.79,24.0,594.41,No,Yes,No,Not Applicable,Poor Website
9b1434b8fa5c9681,43,M,City,Silver Membership,2025-04-02,No,Gift Vouchers/Coupons,Desktop,Mobile_Data,22:39:41,10,89.63,38721.84,7.0,723.99,Yes,No,Yes,Solved in Follow-up,No reason specified
95855d5faaec5716,20,M,City,Silver Membership,2025-04-02,No,Credit/Debit Card Offers,Both,Wi-Fi,23:16:50,9,390.27,90613.45,1.0,739.83,No,Yes,No,Not Applicable,Products always in Stock
8e18ce4b64c55025,15,F,Village,Basic Membership,2025-04-02,No,Gift Vouchers/Coupons,Smartphone,Mobile_Data,02:25:39,7,320.01,16687.61,0.0,339.7624735895068,Yes,No,Yes,Unsolved,Poor Website
a30d74e0bd40da5b,58,M,Town,Platinum Membership,2025-04-02,,Gift Vouchers/Coupons,Desktop,Fiber_Optic,19:01:08,-999,0.0,17288.47,5.0,774.17,No,Yes,Yes,Solved in Follow-up,Too many ads
987691d4c0918642,38,M,Village,Platinum Membership,2025-04-02,Yes,Credit/Debit Card Offers,Both,Fiber_Optic,02:04:28,17,1541.426079908812,34856.5,2.0,503.9573528989724,No,Yes,No,Not Applicable,Products always in Stock
b8a766ef79371f7f,62,M,,Premium Membership,2025-04-02,No,Without Offers,,Fiber_Optic,04:34:15,17,279.6,25784.81,9.0,751.26,Yes,No,Yes,No Information Available,Poor Customer Service
ba450f7dc63da5ea,52,M,City,Basic Membership,2025-04-02,No,Credit/Debit Card Offers,,Mobile_Data,21:39:42,22,0.0,13497.83,0.0,670.08,Yes,No,No,Not Applicable,Poor Website
af43a03bcd70a57c,25,F,City,Gold Membership,2025-04-02,Yes,Gift Vouchers/Coupons,Smartphone,Mobile_Data,22:11:29,19,44.55,17098.07,6.0,754.92,Yes,No,Yes,Solved,Too many ads
8af031b224cc10e6,64,M,City,Basic Membership,2025-04-02,,Gift Vouchers/Coupons,Desktop,Mobile_Data,08:16:45,16,298.96,39306.47,9.0,709.24,No,Yes,No,Not Applicable,Poor Website
8dbfec3b0884f811,11,F,Village,Gold Membership,2025-04-02,No,Credit/Debit Card Offers,Desktop,Wi-Fi,18:02:41,10,274.08,25305.84,18.0,1034.2269286370151,Yes,Yes,Yes,Solved in Follow-up,Poor Website
94efcfbb021f9086,20,M,Town,Silver Membership,2025-04-02,Yes,Gift Vouchers/Coupons,Smartphone,Wi-Fi,01:22:45,23,33.68,2170.73,19.0,749.31,No,Yes,Yes,Solved,No reason specified
b86f58a9dff8d3d2,32,F,Town,Premium Membership,2025-04-02,,Without Offers,Desktop,Wi-Fi,22:09:12,7,130.82,38744.18,19.0,742.79,No,Yes,Yes,Solved in Follow-up,Poor Product Quality
bcff5d767600e338,36,F,City,Basic Membership,2025-04-02,No,Without Offers,Smartphone,Fiber_Optic,20:12:29,13,58.77,28257.55,19.0,609.25,Yes,No,No,Not Applicable,Poor Customer Service
96cda355abe01f62,56,F,Town,Premium Membership,2025-04-02,,Gift Vouchers/Coupons,Both,Wi-Fi,08:21:57,11,1126.44,45504.53,8.0,742.43,No,Yes,No,Not Applicable,Products always in Stock
86a68b121834c8fa,44,M,City,Premium Membership,2025-04-02,No,Credit/Debit Card Offers,Desktop,Wi-Fi,09:39:11,14,313.57,17823.47,12.0,0.0,Yes,No,Yes,Solved,Poor Customer Service
9bdcde5ed99b9190,10,M,,Gold Membership,2025-04-02,Yes,Credit/Debit Card Offers,Smartphone,Wi-Fi,12:10:44,17,276.63,67699.68,38.1641498810461,714.27,Yes,Yes,No,Not Applicable,User Friendly Website
bce035af5d7e1306,14,M,Town,No Membership,2025-04-02,No,Without Offers,,Mobile_Data,06:31:00,5,335.11,34844.14,22.0,0.0,Yes,No,Yes,No Information Available,No reason specified
a4f0d7eed6aefd70,38,M,City,Basic Membership,2025-04-02,Yes,Credit/Debit Card Offers,Smartphone,Mobile_Data,09:24:23,14,768.17,49180.96,49.46068162689247,691.09,No,Yes,Yes,Solved in Follow-up,Too many ads
bfa23b75a21f1e34,28,M,City,No Membership,2025-04-02,No,Credit/Debit Card Offers,Smartphone,Fiber_Optic,10:59:07,15,47.05,12363.99,23.0,580.38,Yes,No,Yes,No Information Available,No reason specified
8f2cedc30b993ba0,56,M,City,No Membership,2025-04-02,,Credit/Debit Card Offers,Desktop,Mobile_Data,22:54:12,17,182.26,24873.64,23.0,614.19,No,Yes,Yes,Solved,Poor Website
97bf7c7b0528cef6,51,F,Village,Premium Membership,2025-04-02,Yes,Gift Vouchers/Coupons,Both,Wi-Fi,02:14:00,10,298.48,22477.57,16.0,775.19,Yes,Yes,Yes,No Information Available,Products always in Stock
b42e2dce434932f8,56,M,Town,No Membership,2025-04-02,No,Without Offers,,Wi-Fi,19:17:36,16,495.29,30275.99,0.0,690.33,Yes,No,No,Not Applicable,Poor Customer Service
b762810741627a14,27,F,Town,Gold Membership,2025-04-02,Yes,Gift Vouchers/Coupons,Desktop,Mobile_Data,01:58:14,5,290.5,44429.79,12.0,710.77,No,Yes,Yes,Solved,Poor Website
bddc60e2dbb46e3a,61,F,Village,Basic Membership,2025-04-02,Yes,Credit/Debit Card Offers,,Mobile_Data,20:56:01,2,100.69,48929.68,0.0,559.54,No,Yes,Yes,Unsolved,Too many ads
b183b834f3ac8f59,14,M,Town,No Membership,2025-04-02,No,Gift Vouchers/Coupons,Desktop,Wi-Fi,16:17:42,15,307.37,41719.14,0.0,698.24,No,Yes,Yes,No Information Available,Poor Product Quality
8993b22e438201e2,13,M,Town,Silver Membership,2025-04-02,No,Without Offers,Smartphone,Wi-Fi,06:55:22,15,34.46,35096.12,13.0,1005.9080089268176,No,Yes,Yes,Solved,Poor Website
b82129284010ba27,62,M,Town,Gold Membership,2025-04-02,Yes,Gift Vouchers/Coupons,Smartphone,Fiber_Optic,16:35:23,19,111.2,47165.29,6.0,786.09,Yes,No,No,Not Applicable,No reason specified
9108eed90c32bdf7,58,F,City,Silver Membership,2025-04-02,No,Credit/Debit Card Offers,Desktop,Fiber_Optic,17:34:33,24,1036.0182538678066,21399.05,17.0,614.91,No,Yes,Yes,Solved,No reason specified
ad2497b58458ce05,30,F,Town,Basic Membership,2025-04-02,No,Credit/Debit Card Offers,Smartphone,Wi-Fi,20:41:15,16,32.31,46963.13,14.0,0.0,Yes,No,Yes,No Information Available,Poor Website
be0244012222ab3a,38,F,City,Premium Membership,2025-04-02,,Without Offers,Both,Wi-Fi,20:01:52,12,745.91,35543.52,3.0,792.76,Yes,Yes,No,Not Applicable,Products always in Stock
8c89997a0fb3f211,29,M,Town,Gold Membership,2025-04-02,Yes,Without Offers,Desktop,Wi-Fi,17:18:15,11,631.07,24828.53,18.0,0.0,No,Yes,Yes,Solved in Follow-up,Poor Product Quality
8f9b39d2ae15f00d,62,F,Village,Gold Membership,2025-04-02,,Gift Vouchers/Coupons,,Wi-Fi,10:57:18,18,34.05,40297.28,6.0,674.32,No,Yes,Yes,Solved,No reason specified
b90add02555e362b,38,F,Town,No Membership,2025-04-02,,Without Offers,Desktop,Mobile_Data,08:23:21,4,33.4,29151.06,8.0,572.17,Yes,No,No,Not Applicable,Poor Website
9c0c0da55e2cf7f1,53,M,,Basic Membership,2025-04-02,Yes,Without Offers,,Fiber_Optic,22:22:20,15,1294.62,45881.59,12.213099180585456,664.91,Yes,Yes,Yes,Solved,No reason specified
8d005a19246d8ce8,50,M,City,Silver Membership,2025-04-02,Yes,Gift Vouchers/Coupons,Smartphone,Wi-Fi,06:08:21,7,130.69,2075.74,19.0,633.14,No,Yes,No,Not Applicable,Too many ads
814a1e3177b81e1f,36,F,,Silver Membership,2025-04-02,,Without Offers,,Fiber_Optic,19:57:38,9,0.0,10459.97,29.0,697.68,Yes,No,Yes,No Information Available,Poor Customer Service
9aac8d5be6658d03,46,F,City,Premium Membership,2025-04-02,Yes,Credit/Debit Card Offers,Smartphone,Mobile_Data,19:17:55,16,174.66,31500.43,16.0,1257.3367386193231,No,Yes,Yes,No Information Available,Reasonable Price
b3e102c5d4cfdf39,10,F,,No Membership,2025-04-02,Yes,Gift Vouchers/Coupons,Smartphone,Mobile_Data,22:37:32,6,117.05,27193.48,0.0,686.35,Yes,No,Yes,Solved in Follow-up,Too many ads
9e236e5623e588f2,29,F,Town,No Membership,2025-04-02,No,Credit/Debit Card Offers,Desktop,Fiber_Optic,12:24:46,18,33.34,32717.97,28.0,598.52,No,Yes,Yes,Solved in Follow-up,No reason specified
81b451b700a9b6a5,43,M,,Gold Membership,2025-04-02,Yes,Credit/Debit Card Offers,Desktop,Wi-Fi,15:15:01,6,331.95,1342.96,5.0,313.22537847342494,Yes,Yes,No,Not Applicable,Poor Customer Service
a451f934552e0da0,39,M,City,Gold Membership,2025-04-02,No,Gift Vouchers/Coupons,,Mobile_Data,05:57:57,15,118.65,15820.18,0.0,662.69,Yes,No,No,Not Applicable,Poor Customer Service
947f739c8719ae75,42,M,Town,Premium Membership,2025-04-02,No,Gift Vouchers/Coupons,Smartphone,Wi-Fi,13:07:17,10,209.01,22699.06,0.0,774.71,No,Yes,No,Not Applicable,Too many ads
b88b2ec729557b61,24,M,Town,Premium Membership,2025-04-02,Yes,Gift Vouchers/Coupons,,Mobile_Data,17:45:17,16,42.42,34818.27,20.0,788.01,Yes,No,Yes,No Information Available,Poor Customer Service
a6d77061b330071a,11,M,Town,Platinum Membership,2025-04-02,,Without Offers,,Wi-Fi,10:11:53,8,250.37,63378.21,7.0,788.05,Yes,No,No,Not Applicable,User Friendly Website
97e8524dae565eea,12,M,City,Basic Membership,2025-04-02,No,Without Offers,Smartphone,Wi-Fi,11:57:46,17,220.79,46865.43,5.0,664.21,Yes,Yes,No,Not Applicable,No reason specified
bdd1c7f6ea1be62f,49,M,City,Premium Membership,2025-04-02,No,Without Offers,Desktop,Mobile_Data,05:37:49,12,0.0,32389.15,13.0,337.9500598508351,Yes,No,No,Not Applicable,User Friendly Website
a92f1596d11ddcaa,14,M,City,No Membership,2025-04-02,No,Credit/Debit Card Offers,Desktop,Fiber_Optic,16:20:25,14,194.07,23322.09,8.0,536.43,No,Yes,No,Not Applicable,Poor Product Quality
9fc8bd4d1a9ab79e,21,F,Town,Gold Membership,2025-04-02,Yes,Gift Vouchers/Coupons,Desktop,Wi-Fi,13:43:37,15,82.66,2285.76,26.0,741.66,Yes,No,No,Not Applicable,Poor Website
a5e3446981911b99,18,F,City,Gold Membership,2025-04-02,No,Without Offers,Both,Mobile_Data,03:34:09,21,466.01,21754.99,28.0,603.85,No,Yes,Yes,No Information Available,Too many ads
9e1a469da512da26,32,M,City,No Membership,2025-04-02,Yes,Without Offers,Smartphone,Fiber_Optic,22:25:32,-999,31.35,9724.93,0.0,647.96,No,Yes,Yes,Solved in Follow-up,Poor Customer Service
be716b73bae504a2,34,F,Town,No Membership,2025-04-02,Yes,Credit/Debit Card Offers,Desktop,Wi-Fi,02:22:53,14,134.97,1401.23,22.0,220.6729494346955,No,Yes,No,Not Applicable,Poor Customer Service
9161db09f56fee3c,30,M,Town,Premium Membership,2025-04-02,,Without Offers,Smartphone,Mobile_Data,21:45:55,12,0.0,41016.66,15.0,720.58,No,Yes,No,Not Applicable,Poor Website
96e6d80d14669cf9,54,F,,Premium Membership,2025-04-03,Yes,Credit/Debit Card Offers,Both,Mobile_Data,23:09:55,12,572.74,63738.23,10.0,759.25,Yes,Yes,Yes,Solved,User Friendly Website
8c0231fe299e631c,32,M,Town,No Membership,2025-04-03,Yes,Credit/Debit Card Offers,Smartphone,Wi-Fi,13:28:40,11,31.06,4803.35,21.0,615.61,Yes,No,Yes,Solved,Poor Website
8729b0e0f045eeac,52,F,Town,Platinum Membership,2025-04-03,No,Credit/Debit Card Offers,Desktop,Fiber_Optic,00:38:21,22,36.0,29221.25,28.0,757.9,No,Yes,Yes,Solved in Follow-up,Poor Website
b6826739cb226259,24,F,Town,Silver Membership,2025-04-03,,Without Offers,Desktop,Wi-Fi,14:14:52,10,232.26,6179.92,5.0,345.4267445552957,Yes,No,No,Not Applicable,No reason specified
bed9f07f08e4f6cd,19,F,Town,No Membership,2025-04-03,Yes,Without Offers,Desktop,Mobile_Data,21:59:14,-999,31.76,44069.41,15.0,626.87,Yes,No,Yes,Solved in Follow-up,Poor Product Quality
b03d3e80aca00061,30,F,Village,Gold Membership,2025-04-03,,Gift Vouchers/Coupons,Desktop,Mobile_Data,14:43:48,16,647.83,45811.04,13.0,672.11,No,Yes,Yes,No Information Available,Poor Product Quality
aad1b24f18369ec6,59,M,,Premium Membership,2025-04-03,No,Credit/Debit Card Offers,Smartphone,Wi-Fi,04:21:57,11,483.05,3932.26,16.0,745.73,No,Yes,No,Not Applicable,Poor Product Quality
9ad1deb911da6660,16,F,Town,Silver Membership,2025-04-03,No,Without Offers,Both,Mobile_Data,02:12:19,9,417.23,10936.23,15.0,687.77,Yes,No,Yes,Solved,No reason specified
bb9c8f17ffb3c852,60,F,Town,Basic Membership,2025-04-03,Yes,Credit/Debit Card Offers,Desktop,Mobile_Data,18:59:07,16,33.83,16863.84,8.0,378.2291936452752,Yes,No,Yes,Solved in Follow-up,Too many ads
803282dd97e93c0c,28,F,Town,Premium Membership,2025-04-03,Yes,Credit/Debit Card Offers,Smartphone,Mobile_Data,23:06:47,23,0.0,27913.3,7.0,739.6,No,Yes,No,Not Applicable,No reason specified
a444e3658fce4231,26,M,Town,Gold Membership,2025-04-03,No,Gift Vouchers/Coupons,Desktop,Wi-Fi,13:04:50,10,400.68,1781.75,29.0,638.71,No,Yes,No,Not Applicable,Poor Customer Service
bcc3dbeb24bcfd16,16,M,City,Premium Membership,2025-04-03,No,Credit/Debit Card Offers,Both,Fiber_Optic,13:21:53,19,271.58,40457.66,0.0,786.2,Yes,Yes,No,Not Applicable,Poor Website
81d526788e4317ab,54,F,City,Gold Membership,2025-04-03,Yes,Gift Vouchers/Coupons,Desktop,Wi-Fi,10:07:38,-999,157.72,42816.56,46.46931571773204,665.32,Yes,No,Yes,Solved,Poor Product Quality
8640bcc6e528b005,29,M,Village,Platinum Membership,2025-04-03,Yes,Without Offers,Smartphone,Mobile_Data,03:31:55,11,233.1,14103.08,15.0,0.0,No,Yes,Yes,No Information Available,Poor Website
bf7c8e1f77443360,29,M,Town,Gold Membership,2025-04-03,Yes,Gift Vouchers/Coupons,Smartphone,Mobile_Data,13:07:46,-999,0.0,49580.09,25.0,781.81,Yes,No,Yes,Solved,No reason specified
a7638378a9ff88a1,40,F,,Gold Membership,2025-04-03,No,Gift Vouchers/Coupons,Desktop,Fiber_Optic,07:30:05,3,342.49,11224.19,21.0,661.53,Yes,No,Yes,No Information Available,Poor Product Quality
85cf9cd7bfbf51a2,51,M,,No Membership,2025-04-03,Yes,Gift Vouchers/Coupons,Smartphone,Mobile_Data,03:41:46,-999,562.21,36891.43,22.0,508.85,Yes,Yes,No,Not Applicable,Poor Product Quality
95ac684afa1ed63e,32,M,,Gold Membership,2025-04-03,Yes,Credit/Debit Card Offers,Desktop,Wi-Fi,12:16:00,14,159.59,28656.78,27.0,675.04,No,Yes,Yes,No Information Available,No reason specified
8b2147004ca7ed6c,14,M,City,No Membership,2025-04-03,Yes,Credit/Debit Card Offers,Both,Wi-Fi,17:22:02,16,2567.8256467449755,42933.16,20.0,238.651040773592,Yes,Yes,Yes,Solved,No reason specified
a7260e55b07a0e0b,32,M,,Gold Membership,2025-04-03,Yes,Without Offers,Desktop,Mobile_Data,05:07:45,12,185.03,35617.45,14.0,658.08,Yes,No,Yes,Solved in Follow-up,No reason specified
ba51ff713dd8bf97,39,M,Town,Gold Membership,2025-04-03,No,Credit/Debit Card Offers,Smartphone,Fiber_Optic,18:54:29,8,30.83,23219.9,27.0,763.33,Yes,No,Yes,Solved,No reason specified
b26b30c475744345,36,F,Town,Platinum Membership,2025-04-03,No,Credit/Debit Card Offers,,Fiber_Optic,09:46:54,8,50.8,4574.99,28.0,757.37,No,Yes,No,Not Applicable,Poor Customer Service
b04cffd71c82b051,47,M,Town,Gold Membership,2025-04-03,Yes,Credit/Debit Card Offers,Desktop,Fiber_Optic,09:01:49,16,74.1,22604.06,6.0,269.9981942731068,No,Yes,Yes,Solved in Follow-up,Quality Customer Care
a85e7777462e721e,17,F,City,Silver Membership,2025-04-03,No,Gift Vouchers/Coupons,,Wi-Fi,21:42:09,6,41.84,47966.97,17.0,710.42,Yes,No,No,Not Applicable,Poor Website
8a514cb1a3164b77,34,F,Village,No Membership,2025-04-03,Yes,Without Offers,Desktop,Mobile_Data,19:36:55,13,155.44,15951.12,24.0,655.41,No,Yes,No,Not Applicable,Poor Product Quality
92e0a03b29e892fb,16,M,Town,Basic Membership,2025-04-03,Yes,Without Offers,Desktop,Mobile_Data,17:46:49,2,129.86,27016.05,14.0,68.5541746000041,No,Yes,Yes,Unsolved,Poor Website
a69b09af012b7ec4,35,M,Town,Basic Membership,2025-04-03,Yes,Gift Vouchers/Coupons,Smartphone,Mobile_Data,20:33:02,3,556.14,38297.66,26.0,667.8,No,Yes,Yes,Unsolved,Poor Product Quality
87796ad13e237e14,30,M,Village,No Membership,2025-04-03,Yes,Credit/Debit Card Offers,Desktop,Fiber_Optic,00:21:36,-999,548.3,19289.54,21.0,582.02,Yes,Yes,Yes,Unsolved,Poor Product Quality
866871ddb837df35,64,F,Town,Basic Membership,2025-04-03,No,Credit/Debit Card Offers,,Fiber_Optic,15:05:01,9,175.28,38305.19,35.804853646722826,542.2,No,Yes,No,Not Applicable,Poor Product Quality
91af530d03b6c2a3,39,M,,Silver Membership,2025-04-03,No,Gift Vouchers/Coupons,Desktop,Wi-Fi,08:10:43,20,110.74,45903.08,18.0,191.6962094034211,No,Yes,No,Not Applicable,Poor Website
bfdfa58e51faac48,20,F,City,Platinum Membership,2025-04-03,Yes,Gift Vouchers/Coupons,Desktop,Fiber_Optic,17:04:45,11,98.27,33116.66,26.0,0.0,Yes,No,No,Not Applicable,Poor Customer Service
9bc05b133bbf78c3,30,M,Town,Basic Membership,2025-04-03,Yes,Credit/Debit Card Offers,Smartphone,Mobile_Data,01:07:12,14,584.72,32658.55,0.0,516.8,Yes,No,Yes,Unsolved,Poor Customer Service
8965459f90a2c529,44,M,Town,Premium Membership,2025-04-03,No,Without Offers,Desktop,Fiber_Optic,11:59:24,11,35.72,15606.27,18.0,454.54604242880015,No,Yes,Yes,Solved in Follow-up,Too many ads
81c777370481e81a,45,M,Village,No Membership,2025-04-03,No,Credit/Debit Card Offers,Desktop,Wi-Fi,21:53:07,14,192.12,25524.89,27.0,629.6,Yes,No,Yes,Unsolved,No reason specified
806c4b1fd2f6f709,12,F,City,Premium Membership,2025-04-03,Yes,Credit/Debit Card Offers,Smartphone,Wi-Fi,00:22:01,11,50.14,1926.32,25.0,1208.7497045333057,No,Yes,No,Not Applicable,Poor Product Quality
b06ab9c8764f66be,29,F,Town,Gold Membership,2025-04-03,No,Credit/Debit Card Offers,,Wi-Fi,07:59:51,17,463.19,26162.53,24.0,735.03,No,Yes,No,Not Applicable,Poor Product Quality
a0986076c7c33d82,55,M,,Basic Membership,2025-04-03,Yes,Gift Vouchers/Coupons,Smartphone,Mobile_Data,04:10:06,12,159.54,38571.09,13.0,621.55,No,Yes,Yes,Solved in Follow-up,No reason specified
97e758cd1d2e7f84,31,F,City,Premium Membership,2025-04-03,No,Without Offers,Desktop,Mobile_Data,08:06:38,10,236.52,57114.17,15.0,754.07,No,Yes,No,Not Applicable,Quality Customer Care
88b39cc3899b7306,11,M,Town,Basic Membership,2025-04-03,No,Gift Vouchers/Coupons,Desktop,Mobile_Data,20:30:44,-999,166.17,32373.37,13.0,652.58,No,Yes,Yes,No Information Available,Poor Customer Service
b9c423fddbc07912,49,F,City,Silver Membership,2025-04-03,No,Credit/Debit Card Offers,,Mobile_Data,20:26:03,4,225.86,46220.87,16.0,729.86,Yes,Yes,No,Not Applicable,Quality Customer Care
ae6638ab8102982b,11,M,City,Basic Membership,2025-04-03,No,Without Offers,Desktop,Fiber_Optic,06:34:22,23,80.73,2453.08,14.0,697.06,Yes,No,Yes,Unsolved,Poor Website
ac70fc9fe215e6e0,50,F,City,Gold Membership,2025-04-03,No,Without Offers,Smartphone,Wi-Fi,08:45:17,-999,63.56,41908.28,9.0,771.7,Yes,No,No,Not Applicable,Poor Product Quality
ad91d80c5da4c8f2,36,F,City,Platinum Membership,2025-04-03,No,Without Offers,Smartphone,Mobile_Data,11:20:43,-999,192.9,32689.1,1.0,704.27,No,Yes,Yes,Unsolved,Reasonable Price
b72946ea4321c27b,18,F,Town,Silver Membership,2025-04-03,,Credit/Debit Card Offers,Desktop,Fiber_Optic,15:56:38,8,117.89,31104.7,5.0,680.76,Yes,No,No,Not Applicable,Poor Customer Service
8894280be6044ee9,43,M,City,Gold Membership,2025-04-03,No,Credit/Debit Card Offers,,Wi-Fi,20:11:10,17,0.0,40287.63,14.0,758.22,No,Yes,No,Not Applicable,Products always in Stock
bc29fde71b5832bd,50,M,City,Platinum Membership,2025-04-03,,Gift Vouchers/Coupons,Desktop,Fiber_Optic,21:27:17,6,36.6,11448.88,0.0,762.7,Yes,No,No,Not Applicable,No reason specified
8ad06d022e429a07,24,F,City,Platinum Membership,2025-04-03,No,,,Fiber_Optic,02:20:49,8,969.644141959274,44715.96,0.0,405.85478461711614,No,Yes,Yes,Unsolved,Poor Website
9ac3595d2157b9d7,46,F,City,Gold Membership,2025-04-03,No,Credit/Debit Card Offers,Desktop,Mobile_Data,14:46:26,19,75.89,78457.03,16.0,701.53,No,Yes,Yes,Solved,User Friendly Website
ae97e44cdc92cbdb,50,F,City,Gold Membership,2025-04-03,Yes,Credit/Debit Card Offers,Smartphone,Fiber_Optic,22:30:59,14,100.3,72941.93,19.0,808.45,No,Yes,No,Not Applicable,Products always in Stock
b421fc80187af87a,10,F,City,Silver Membership,2025-04-03,,Without Offers,Desktop,Wi-Fi,20:41:48,22,76.9,8312.17,23.0,716.87,No,Yes,Yes,Solved in Follow-up,Poor Website
af51e517f3c25aaf,22,M,Town,Basic Membership,2025-04-03,,Without Offers,Desktop,Mobile_Data,14:28:48,25,32.37,23409.29,16.0,0.0,Yes,No,No,Not Applicable,No reason specified
b62b2f933e5c383e,14,M,Town,Gold Membership,2025-04-03,Yes,Without Offers,Smartphone,Mobile_Data,09:38:37,8,669.29,5730.89,10.0,705.92,Yes,No,Yes,Solved in Follow-up,Poor Customer Service
924f264015505b46,48,F,Town,Gold Membership,2025-04-03,Yes,Without Offers,Smartphone,Fiber_Optic,23:47:14,5,515.08,20090.55,8.0,783.44,No,Yes,Yes,No Information Available,Too many ads
a66cd3bee9777e4c,23,F,Village,Gold Membership,2025-04-03,,Without Offers,,Mobile_Data,21:29:21,14,85.02,20830.75,22.0,221.908417082306,Yes,No,No,Not Applicable,No reason specified
b9b5853115440882,11,M,Town,Platinum Membership,2025-04-03,No,Without Offers,,Mobile_Data,19:34:05,15,109.28,38756.43,10.0,704.78,No,Yes,No,Not Applicable,No reason specified
9b39799e9f71e5d8,51,M,Town,Silver Membership,2025-04-03,No,Credit/Debit Card Offers,,Fiber_Optic,14:34:44,23,138.16,70905.79,0.0,236.1946966179989,Yes,No,Yes,No Information Available,User Friendly Website
b0e15fee45564a78,50,F,Town,No Membership,2025-04-03,No,Gift Vouchers/Coupons,Both,Wi-Fi,18:11:15,18,303.67,28182.36,20.0,606.83,No,Yes,No,Not Applicable,Poor Product Quality
99d4dfd996fc9cb2,28,F,Village,Premium Membership,2025-04-03,Yes,Gift Vouchers/Coupons,Desktop,Wi-Fi,06:25:20,11,79.77,6244.61,22.0,742.26,No,Yes,Yes,No Information Available,Poor Product Quality
b553e71372853f65,36,F,City,Gold Membership,2025-04-03,Yes,Credit/Debit Card Offers,,Wi-Fi,00:12:40,12,34.66,18954.9,17.0,882.6608084906841,No,Yes,Yes,Unsolved,No reason specified
b78510e05ec8552e,49,F,Village,Silver Membership,2025-04-03,Yes,Gift Vouchers/Coupons,Desktop,Wi-Fi,09:29:26,14,517.52,37643.99,20.0,735.12,Yes,No,Yes,No Information Available,Too many ads
b8b0689aca8f0467,14,M,Town,Premium Membership,2025-04-03,No,Credit/Debit Card Offers,Desktop,Wi-Fi,09:12:45,16,103.15,8542.07,25.0,364.6888362306446,No,Yes,No,Not Applicable,Too many ads
abac9601ae4f68f0,49,M,,Premium Membership,2025-04-03,Yes,Without Offers,Desktop,Mobile_Data,19:40:42,11,768.72,19176.06,28.0,726.0,Yes,No,No,Not Applicable,No reason specified
986d4fb6d1b9fbbb,27,F,City,Premium Membership,2025-04-03,Yes,Gift Vouchers/Coupons,Smartphone,Mobile_Data,23:35:16,19,577.03,6728.83,15.0,721.66,Yes,Yes,Yes,Solved,Poor Website
810bb48e0f1b66f6,50,M,Town,Premium Membership,2025-04-03,No,Gift Vouchers/Coupons,Desktop,Wi-Fi,17:24:27,-999,80.58,18559.31,22.0,717.71,Yes,No,No,Not Applicable,Poor Product Quality
8a53d5296855a98b,42,F,,No Membership,2025-04-03,No,Without Offers,Smartphone,Mobile_Data,21:16:37,15,366.6,6339.24,14.0,299.50398817037063,Yes,Yes,Yes,Solved in Follow-up,Poor Customer Service
a64afa3a9c8692d8,13,M,City,Platinum Membership,2025-04-03,Yes,Without Offers,Desktop,Wi-Fi,12:17:26,15,1364.479788772256,30459.83,9.0,741.54,No,Yes,Yes,Solved in Follow-up,Too many ads
b60c7d81b359886e,48,M,City,Premium Membership,2025-04-03,No,Without Offers,Desktop,Wi-Fi,15:43:19,16,0.0,18586.7,5.0,838.98,Yes,Yes,No,Not Applicable,Products always in Stock
89bd0bd1dea89ba0,29,F,Town,Silver Membership,2025-04-03,Yes,Without Offers,Smartphone,Fiber_Optic,17:12:50,17,132.8,45565.74,25.0,739.4,Yes,No,Yes,No Information Available,Poor Customer Service
8016edc63ddba4b9,43,M,City,Gold Membership,2025-04-03,Yes,Gift Vouchers/Coupons,,Mobile_Data,18:21:52,7,725.58,27022.0,10.0,714.45,Yes,Yes,Yes,Solved,Products always in Stock
9850c8af13c9ec0a,23,F,Town,No Membership,2025-04-03,No,Gift Vouchers/Coupons,,Fiber_Optic,06:08:17,8,278.07,38204.59,13.0,685.03,No,Yes,No,Not Applicable,Too many ads
a70f04babaabea62,25,F,Town,Silver Membership,2025-04-03,,Without Offers,Smartphone,Fiber_Optic,10:08:41,-999,34.4,22891.72,0.0,794.29,Yes,No,Yes,No Information Available,Too many ads
8b4f187eddc48522,51,F,Town,Gold Membership,2025-04-03,No,Without Offers,Desktop,Mobile_Data,06:58:00,12,0.0,42937.53,8.0,0.0,No,Yes,Yes,No Information Available,Products always in Stock
9245fdca2fc61db6,33,M,City,Gold Membership,2025-04-03,No,Without Offers,Desktop,Mobile_Data,06:18:20,-999,347.75,40365.52,6.0,783.94,Yes,No,Yes,Unsolved,User Friendly Website
897b4bf89f4ce348,50,F,Town,Silver Membership,2025-04-03,Yes,Gift Vouchers/Coupons,Smartphone,Mobile_Data,03:41:59,10,321.22,44254.07,29.0,614.83,No,Yes,No,Not Applicable,Poor Website
ba107b89cb210a1f,25,F,Town,Basic Membership,2025-04-03,,Without Offers,Desktop,Wi-Fi,15:17:40,12,31.77,16806.62,5.0,0.0,Yes,No,No,Not Applicable,Poor Customer Service
8515c39f31cab897,21,M,City,No Membership,2025-04-03,Yes,Credit/Debit Card Offers,Smartphone,Fiber_Optic,19:14:34,17,70.46,15194.41,27.0,1163.6711720670835,Yes,No,No,Not Applicable,Poor Customer Service
b576956de89d525f,25,F,Town,Gold Membership,2025-04-03,No,Gift Vouchers/Coupons,Desktop,Wi-Fi,09:33:39,13,120.73,42364.7,5.0,763.77,No,Yes,No,Not Applicable,Poor Website
aed71775048c3433,17,F,Village,Basic Membership,2025-04-03,Yes,Without Offers,,Wi-Fi,01:07:48,10,77.49,42871.85,0.0,590.72,Yes,No,No,Not Applicable,Poor Customer Service
a8c1b8a003ccbc9a,53,M,,Basic Membership,2025-04-03,Yes,Without Offers,Desktop,Mobile_Data,06:17:34,14,488.83,15711.42,11.0,0.0,No,Yes,No,Not Applicable,No reason specified
adda1a8726d8777e,32,F,Town,Basic Membership,2025-04-03,Yes,Credit/Debit Card Offers,,Fiber_Optic,02:49:30,23,245.0,10507.82,6.0,664.24,No,Yes,Yes,Solved in Follow-up,Poor Website
9563f3e7b0ed3cd7,54,F,Village,Gold Membership,2025-04-03,No,Credit/Debit Card Offers,Desktop,Wi-Fi,12:59:06,8,102.82,6160.68,12.0,634.86,No,Yes,No,Not Applicable,No reason specified
acdad9d2591556c9,50,M,Town,Basic Membership,2025-04-03,No,Gift Vouchers/Coupons,Smartphone,Mobile_Data,12:17:19,18,263.02,21809.38,0.0,630.27,Yes,Yes,Yes,No Information Available,Poor Website
b4a34ea9140dee55,47,M,Town,Basic Membership,2025-04-03,No,Gift Vouchers/Coupons,Smartphone,Mobile_Data,21:50:52,14,458.14,38276.38,21.0,706.28,Yes,No,No,Not Applicable,Poor Website
a7ab58aa82228aff,58,M,Village,Gold Membership,2025-04-03,Yes,Without Offers,Desktop,Mobile_Data,07:40:28,10,31.06,12642.94,0.0,793.04,No,Yes,Yes,Solved,Poor Product Quality
a9743bcdc7644860,15,F,Village,Silver Membership,2025-04-03,No,Without Offers,Smartphone,Mobile_Data,23:04:15,14,31.53,47615.78,7.0,358.3895725132154,No,Yes,No,Not Applicable,Poor Customer Service
925c6e5cdd657072,58,M,Town,No Membership,2025-04-03,Yes,Credit/Debit Card Offers,Smartphone,Mobile_Data,01:38:47,15,31.16,15517.44,9.0,520.75,Yes,No,Yes,Unsolved,No reason specified
aef6ab4229844336,15,M,City,Silver Membership,2025-04-03,Yes,Gift Vouchers/Coupons,Smartphone,Wi-Fi,03:13:39,8,46.81,31287.24,13.0,779.67,Yes,No,No,Not Applicable,Quality Customer Care
bcb3292fa9e81bce,34,F,Village,No Membership,2025-04-03,,Credit/Debit Card Offers,,Wi-Fi,05:52:08,-999,214.84,17600.71,6.0,570.88,Yes,No,Yes,No Information Available,No reason specified
b50f6e0fa26d8348,61,M,City,Gold Membership,2025-04-03,Yes,Credit/Debit Card Offers,Smartphone,Fiber_Optic,20:27:48,5,713.5,84548.31,15.0,945.7686611199944,Yes,No,No,Not Applicable,Reasonable Price
b7aabbc3c7ba84e9,11,F,Town,No Membership,2025-04-03,Yes,Gift Vouchers/Coupons,Smartphone,Fiber_Optic,07:45:51,16,532.8,26154.78,16.0,655.96,No,Yes,Yes,Solved in Follow-up,Poor Product Quality
8afab85252e6720b,45,M,Village,Platinum Membership,2025-04-03,Yes,Credit/Debit Card Offers,Desktop,Wi-Fi,17:32:27,13,714.76,8854.81,9.0,0.0,Yes,Yes,No,Not Applicable,Quality Customer Care
a5de432d8fe36d1f,10,M,,No Membership,2025-04-03,Yes,Credit/Debit Card Offers,Smartphone,Wi-Fi,17:23:59,23,184.51,49004.39,9.0,651.73,Yes,No,No,Not Applicable,Poor Customer Service
9c7c77312cc9325d,48,F,City,Basic Membership,2025-04-03,Yes,Gift Vouchers/Coupons,Both,Mobile_Data,16:09:54,14,661.31,45539.96,17.0,611.6,No,Yes,Yes,No Information Available,Too many ads
a1ef32e8a15f8b0f,57,M,Town,Premium Membership,2025-04-03,No,Gift Vouchers/Coupons,Smartphone,Fiber_Optic,13:13:48,12,33.99,62516.02,8.0,765.02,No,Yes,No,Not Applicable,User Friendly Website
b9779b893802a480,34,F,Town,Platinum Membership,2025-04-03,,Without Offers,Desktop,Wi-Fi,18:10:43,22,110.13,6615.08,11.0,789.35,Yes,No,No,Not Applicable,Poor Website
b022412dd16dfa2c,61,M,Village,Silver Membership,2025-04-03,Yes,Credit/Debit Card Offers,Both,Wi-Fi,03:51:59,-999,221.51,29923.45,29.0,675.07,No,Yes,Yes,No Information Available,No reason specified
90b6dfb4cb8eef91,25,M,City,Basic Membership,2025-04-03,No,Without Offers,Desktop,Mobile_Data,16:33:40,17,181.77,40594.61,10.0,561.27,Yes,No,No,Not Applicable,No reason specified
a60ef5b6efeb89cd,31,M,Village,Gold Membership,2025-04-03,No,Gift Vouchers/Coupons,Desktop,Wi-Fi,11:43:04,18,33.25,11330.2,16.0,640.13,No,Yes,Yes,Unsolved,Too many ads
b0d04fdc0a4256c2,48,M,City,Silver Membership,2025-04-03,Yes,Credit/Debit Card Offers,Desktop,Mobile_Data,08:02:39,17,42.03,37311.05,24.0,615.98,No,Yes,Yes,Solved,Poor Product Quality
a9b95027395a3f57,40,M,City,Gold Membership,2025-04-03,No,Gift Vouchers/Coupons,,Fiber_Optic,10:39:29,24,345.2,39295.84,9.0,765.23,No,Yes,Yes,Unsolved,No reason specified
bdc4daf9df65bc7f,41,F,City,Platinum Membership,2025-04-03,Yes,Credit/Debit Card Offers,Desktop,Wi-Fi,03:15:52,9,131.35,30990.76,25.0,734.58,Yes,No,Yes,Solved in Follow-up,Poor Website
b0b1dd7e439dd3cb,37,M,Town,Silver Membership,2025-04-03,No,Gift Vouchers/Coupons,Desktop,Fiber_Optic,20:02:02,8,387.43,47495.73,22.0,744.25,Yes,No,No,Not Applicable,Too many ads
9d3b7f3677063421,20,F,City,Premium Membership,2025-04-03,Yes,Without Offers,Smartphone,Wi-Fi,15:27:55,20,170.88,10549.07,19.0,745.48,No,Yes,No,Not Applicable,Poor Product Quality
ad7e560117f7ee4f,52,M,Town,Basic Membership,2025-04-03,Yes,Credit/Debit Card Offers,Both,Wi-Fi,17:41:23,6,700.86,30824.02,19.0,629.63,Yes,No,Yes,Solved in Follow-up,Poor Product Quality
be24cbe344ce496c,61,F,Town,Silver Membership,2025-04-03,Yes,Gift Vouchers/Coupons,Both,Wi-Fi,00:54:05,12,229.08,16656.13,19.0,761.39,Yes,No,No,Not Applicable,Poor Product Quality
ac0c080ddd668ce6,15,F,Village,Platinum Membership,2025-04-03,No,Gift Vouchers/Coupons,Smartphone,Fiber_Optic,16:52:55,11,32.19,40050.19,56.04658611173029,370.7080936284206,No,Yes,Yes,Unsolved,Products always in Stock
a91eb329f55dc3dd,35,F,Town,Basic Membership,2025-04-03,Yes,Credit/Debit Card Offers,Desktop,Fiber_Optic,22:53:31,14,58.84,7677.69,8.0,554.79,Yes,No,Yes,No Information Available,Poor Website
8b24a9050be755e6,31,M,City,Gold Membership,2025-04-03,,Without Offers,Smartphone,Wi-Fi,00:39:59,4,943.08,27905.33,26.0,781.57,No,Yes,No,Not Applicable,Poor Customer Service
9d4648f5d4d4d4ca,38,M,Town,No Membership,2025-04-03,No,Credit/Debit Card Offers,Smartphone,Wi-Fi,22:37:40,11,318.92,25755.05,8.0,665.2,Yes,Yes,Yes,No Information Available,Too many ads
a4d8c516e812819f,44,F,City,Premium Membership,2025-04-03,No,Credit/Debit Card Offers,,Wi-Fi,13:01:34,11,318.78,17931.47,13.0,766.61,Yes,No,Yes,No Information Available,Poor Product Quality
9fd5735ff8438782,16,M,,Premium Membership,2025-04-03,No,Gift Vouchers/Coupons,,Mobile_Data,07:19:15,22,220.35,42230.83,21.0,700.79,Yes,No,Yes,Solved in Follow-up,No reason specified
bfb62d2a48c21617,36,F,Town,No Membership,2025-04-03,No,Gift Vouchers/Coupons,Both,Fiber_Optic,02:53:10,11,225.08,11801.41,20.0,521.78,No,Yes,Yes,No Information Available,Poor Customer Service
ab83755d0bcd76ed,22,M,City,Silver Membership,2025-04-03,Yes,Without Offers,Desktop,Mobile_Data,16:36:55,12,280.98,4744.71,11.0,638.29,No,Yes,No,Not Applicable,Poor Product Quality
8fad618fe991e594,46,F,City,Silver Membership,2025-04-03,Yes,Credit/Debit Card Offers,,Mobile_Data,04:14:27,5,1221.32,48579.82,24.0,605.22,Yes,Yes,Yes,Unsolved,No reason specified
8fd05ca2dbafbca6,33,M,City,Platinum Membership,2025-04-03,Yes,Gift Vouchers/Coupons,Smartphone,Mobile_Data,08:38:10,9,275.69,61924.02,16.0,778.79,No,Yes,Yes,Solved in Follow-up,Quality Customer Care
ab4de964d09225ec,45,M,Town,Platinum Membership,2025-04-03,Yes,Gift Vouchers/Coupons,Desktop,Mobile_Data,06:19:28,18,1285.9110994731234,21075.43,17.0,783.89,No,Yes,No,Not Applicable,User Friendly Website
ac07df4a32f737f6,13,M,City,Silver Membership,2025-04-03,No,Without Offers,Desktop,Fiber_Optic,09:03:06,23,33.23,16309.72,0.0,722.91,No,Yes,No,Not Applicable,Too many ads
a0ca1b942b246334,57,F,City,Silver Membership,2025-04-04,Yes,Without Offers,Smartphone,Fiber_Optic,11:49:54,8,191.37,12779.14,6.0,622.67,Yes,No,Yes,No Information Available,Poor Customer Service
8ca4f79a505d3a2b,30,F,City,Silver Membership,2025-04-04,Yes,Credit/Debit Card Offers,Smartphone,Mobile_Data,06:06:23,10,788.01,70019.45,1.0,745.14,No,Yes,Yes,Solved in Follow-up,Products always in Stock
9b2bf7efdc6ef0af,58,M,City,Basic Membership,2025-04-04,No,Gift Vouchers/Coupons,Desktop,Fiber_Optic,05:13:16,11,178.42,24038.23,26.0,533.75,No,Yes,No,Not Applicable,Poor Website
b6e134968284c42b,26,F,City,Basic Membership,2025-04-04,No,Without Offers,Desktop,Wi-Fi,23:37:01,-999,219.53,20636.54,22.0,695.0,No,Yes,No,Not Applicable,Too many ads
ab7c6012823d12d1,54,F,Town,Gold Membership,2025-04-04,Yes,Gift Vouchers/Coupons,Smartphone,Wi-Fi,06:11:07,18,72.55,12723.17,6.0,797.0,Yes,Yes,No,Not Applicable,Too many ads
a51c9f3e76c2f29e,28,F,Village,Basic Membership,2025-04-04,,Credit/Debit Card Offers,Desktop,Mobile_Data,22:24:42,16,32.53,44836.22,28.0,570.97,Yes,No,No,Not Applicable,Poor Customer Service
8fbb331bf9dba58e,64,M,City,Platinum Membership,2025-04-04,Yes,Without Offers,Both,Wi-Fi,14:59:07,14,609.36,33277.06,0.0,727.13,Yes,Yes,No,Not Applicable,Reasonable Price
8eeacace47312ffe,57,F,Town,Gold Membership,2025-04-04,Yes,Without Offers,Smartphone,Wi-Fi,19:42:23,13,49.63,23991.39,51.81443777477409,696.77,No,Yes,No,Not Applicable,Poor Customer Service
8ee0992d9200861d,17,F,City,No Membership,2025-04-04,Yes,Gift Vouchers/Coupons,Both,Wi-Fi,04:32:09,3,1145.87,28324.94,9.0,672.56,No,Yes,No,Not Applicable,Poor Customer Service
a7b22608b23f12cb,34,M,Village,Premium Membership,2025-04-04,No,Without Offers,Smartphone,Wi-Fi,17:12:15,17,115.92,44251.63,13.0,0.0,Yes,No,No,Not Applicable,User Friendly Website
983badd350f4514f,47,M,City,Platinum Membership,2025-04-04,No,Gift Vouchers/Coupons,Desktop,Mobile_Data,20:59:23,20,78.04,12952.97,13.0,793.47,Yes,No,Yes,Unsolved,Poor Website
9c433c8945dc8d06,63,F,Town,Premium Membership,2025-04-04,Yes,Gift Vouchers/Coupons,Smartphone,Fiber_Optic,00:34:37,21,532.44,7149.58,20.0,725.34,Yes,No,Yes,No Information Available,Poor Website
8cf0d6cb735ad264,24,F,Town,Gold Membership,2025-04-04,No,Without Offers,Desktop,Fiber_Optic,22:08:16,8,268.64,48090.77,23.0,755.52,No,Yes,Yes,Solved in Follow-up,Poor Customer Service
85dc7da891a393e7,42,M,City,No Membership,2025-04-04,,Credit/Debit Card Offers,Desktop,Wi-Fi,19:12:11,4,453.09,3635.56,0.0,643.35,Yes,Yes,Yes,No Information Available,Poor Product Quality
a6731efb7244d75d,35,M,Town,Gold Membership,2025-04-04,Yes,Gift Vouchers/Coupons,Smartphone,Wi-Fi,14:11:22,11,388.04,17370.05,0.0,421.13456539817736,Yes,No,Yes,Unsolved,User Friendly Website
882ac4c79603ecb3,53,F,,Gold Membership,2025-04-04,No,Credit/Debit Card Offers,Both,Wi-Fi,02:23:55,19,411.77,48360.14,9.0,782.94,Yes,No,No,Not Applicable,Products always in Stock
a3524fa5033f586d,62,M,City,No Membership,2025-04-04,Yes,Without Offers,,Fiber_Optic,13:21:49,3,153.74,10722.43,0.0,526.19,Yes,No,Yes,Unsolved,Too many ads
a55161c937c37888,16,M,,Silver Membership,2025-04-04,No,Gift Vouchers/Coupons,Desktop,Wi-Fi,21:40:25,5,889.7391961319231,47525.09,31.24158144568613,704.75,Yes,No,Yes,Solved,Too many ads
988cf4480b2848ca,63,M,City,Gold Membership,2025-04-04,No,Gift Vouchers/Coupons,,Wi-Fi,17:59:27,13,136.77,34340.23,17.0,1006.6693479718602,No,Yes,Yes,Unsolved,Too many ads
b57f45f17cefdad0,51,M,Town,Basic Membership,2025-04-04,No,Gift Vouchers/Coupons,Smartphone,Mobile_Data,03:57:15,22,44.77,49443.13,0.0,688.97,No,Yes,Yes,Unsolved,Too many ads
8cffc28b97d92c0c,32,F,Town,Basic Membership,2025-04-04,,Credit/Debit Card Offers,Smartphone,Mobile_Data,18:14:21,22,179.39,8500.2,8.0,1184.6097315239942,No,Yes,Yes,Solved,Poor Customer Service
98f5ec393c4bf093,21,M,Town,No Membership,2025-04-04,Yes,Credit/Debit Card Offers,Desktop,Fiber_Optic,09:31:29,12,137.64,17384.54,16.0,586.56,No,Yes,Yes,Unsolved,Too many ads
87de95a9c5410b58,26,M,Town,Premium Membership,2025-04-04,No,Without Offers,Desktop,Mobile_Data,16:42:01,18,0.0,93355.56,0.0,833.2,Yes,No,No,Not Applicable,Reasonable Price
935eaf87370f5336,42,F,Village,No Membership,2025-04-04,Yes,Gift Vouchers/Coupons,Desktop,Mobile_Data,00:31:45,9,35.78,29932.5,19.0,602.68,No,Yes,Yes,No Information Available,Too many ads
8e850663a9925806,13,F,Town,No Membership,2025-04-04,Yes,Without Offers,Both,Wi-Fi,05:09:31,10,577.33,11753.43,27.0,609.75,No,Yes,No,Not Applicable,Poor Customer Service
971691b271152b5c,51,M,Village,No Membership,2025-04-04,,Without Offers,Both,Fiber_Optic,23:30:03,6,318.78,40600.16,27.0,598.64,Yes,Yes,Yes,Solved in Follow-up,Too many ads
af29400132b5a191,22,M,City,Silver Membership,2025-04-04,No,Gift Vouchers/Coupons,Desktop,Fiber_Optic,15:58:36,11,31.36,8488.32,28.0,0.0,Yes,No,No,Not Applicable,Poor Customer Service
916fcc35647b07b1,32,M,City,Platinum Membership,2025-04-04,Yes,Credit/Debit Card Offers,Smartphone,Fiber_Optic,22:47:04,20,31.54,70339.96,3.0,744.02,No,Yes,Yes,Unsolved,Quality Customer Care
89e2ca92d671e422,30,M,City,Basic Membership,2025-04-04,Yes,Without Offers,Desktop,Mobile_Data,07:46:14,16,0.0,1564.12,11.0,548.62,Yes,No,Yes,Solved,Too many ads
8b0dfa97d0f00b4f,48,F,City,Platinum Membership,2025-04-04,No,Without Offers,Both,Wi-Fi,02:06:52,12,310.82,21817.52,16.0,0.0,No,Yes,No,Not Applicable,User Friendly Website
a6f4ca4d252741f1,48,F,,Silver Membership,2025-04-04,No,Credit/Debit Card Offers,Desktop,Fiber_Optic,09:18:23,16,306.44,20278.1,20.0,762.8,No,Yes,Yes,Solved,No reason specified
b587135873dd6597,14,F,City,No Membership,2025-04-04,No,Gift Vouchers/Coupons,Desktop,Mobile_Data,09:01:44,15,57.62,24480.99,14.0,657.5,Yes,No,No,Not Applicable,Too many ads
940e5d1a831323ca,53,F,City,Premium Membership,2025-04-04,,Without Offers,Both,Fiber_Optic,21:05:35,9,364.26,41670.51,25.0,755.18,Yes,Yes,Yes,Solved,Poor Website
b76b6f94782a6749,34,F,Village,Basic Membership,2025-04-04,Yes,Credit/Debit Card Offers,Desktop,Wi-Fi,08:23:50,14,49.4,46548.2,20.0,640.24,No,Yes,No,Not Applicable,Too many ads
97f72aca710a6781,43,M,Town,Platinum Membership,2025-04-04,Yes,Credit/Debit Card Offers,Smartphone,Fiber_Optic,10:16:24,1,0.0,52048.26,9.0,774.33,No,Yes,No,Not Applicable,User Friendly Website
ae74ee1734d88f33,23,M,Town,Basic Membership,2025-04-04,No,Gift Vouchers/Coupons,Smartphone,Wi-Fi,00:25:42,5,52.74,14616.88,32.46373266670723,510.8,Yes,No,Yes,Solved,Too many ads
9ac66859f12a2983,62,M,City,Basic Membership,2025-04-04,No,Credit/Debit Card Offers,Smartphone,Fiber_Optic,14:48:41,9,202.58,11220.51,24.0,535.5,Yes,No,No,Not Applicable,Poor Website
99e0ae28b1e26c27,41,M,City,Silver Membership,2025-04-04,No,Without Offers,Smartphone,Mobile_Data,10:22:53,-999,478.31,45489.5,5.0,714.5,No,Yes,No,Not Applicable,No reason specified
ae16640c8f69425c,16,F,Town,Platinum Membership,2025-04-04,Yes,Gift Vouchers/Coupons,Desktop,Wi-Fi,02:50:05,14,88.89,44035.86,25.0,1192.3128521129297,No,Yes,Yes,Unsolved,Poor Customer Service
8fdf4fc42821dc0d,38,M,,Basic Membership,2025-04-04,No,Gift Vouchers/Coupons,Smartphone,Wi-Fi,21:56:37,2,392.09,13706.85,7.0,1176.2004216422267,Yes,No,No,Not Applicable,Poor Customer Service
86987c5397260be6,36,F,City,Basic Membership,2025-04-04,Yes,Without Offers,Desktop,Wi-Fi,14:16:32,12,31.61,24325.1,0.0,929.4883111227776,Yes,No,No,Not Applicable,Poor Website
935b64b73f04cb88,64,M,City,No Membership,2025-04-04,No,Gift Vouchers/Coupons,Desktop,Wi-Fi,13:31:06,12,61.45,31966.89,19.0,146.797133587945,Yes,No,No,Not Applicable,Poor Product Quality
adf7e096b974dc6f,25,F,City,Silver Membership,2025-04-04,No,Gift Vouchers/Coupons,Smartphone,Fiber_Optic,01:55:39,7,370.42,18576.21,16.0,759.24,Yes,No,Yes,No Information Available,Too many ads
8d188666e17335d1,55,M,Town,Gold Membership,2025-04-04,No,Credit/Debit Card Offers,Smartphone,Mobile_Data,23:59:02,23,122.35,8333.88,19.0,0.0,No,Yes,Yes,No Information Available,No reason specified
ad92c1225bf446b8,36,M,Town,Silver Membership,2025-04-04,No,Gift Vouchers/Coupons,Smartphone,Fiber_Optic,16:33:56,24,96.35,28250.36,17.0,784.38,Yes,No,Yes,Solved,Poor Customer Service
9865871881dcdec1,49,M,Town,No Membership,2025-04-04,Yes,Gift Vouchers/Coupons,Smartphone,Wi-Fi,19:12:03,6,32.24,3358.56,0.0,602.59,Yes,No,Yes,Unsolved,Too many ads
b4d50cd00da09edf,54,M,Village,No Membership,2025-04-04,Yes,Gift Vouchers/Coupons,Desktop,Mobile_Data,02:54:50,-999,56.67,47511.04,6.0,540.65,No,Yes,No,Not Applicable,Poor Customer Service
94de9aa2de5259fd,33,M,City,No Membership,2025-04-04,,Gift Vouchers/Coupons,Desktop,Mobile_Data,01:56:17,18,195.99,1228.07,23.0,703.79,No,Yes,No,Not Applicable,No reason specified
bfc49de13dba102f,41,F,Village,Silver Membership,2025-04-04,,Without Offers,Both,Fiber_Optic,01:50:33,20,353.06,4565.1,23.0,717.62,No,Yes,Yes,Solved,Too many ads
9ef642cd674553aa,59,M,City,No Membership,2025-04-04,No,Without Offers,Desktop,Mobile_Data,20:37:13,11,303.12,33995.76,22.0,682.03,Yes,No,Yes,Solved,Poor Customer Service
b4e5cd9e71e94be1,60,M,Village,Basic Membership,2025-04-04,Yes,Credit/Debit Card Offers,,Fiber_Optic,16:14:10,15,299.19,41877.48,11.0,627.24,No,Yes,Yes,No Information Available,Poor Customer Service
945b0383e6b38820,23,F,Village,Silver Membership,2025-04-04,No,Without Offers,Smartphone,Wi-Fi,10:39:34,8,379.28,43561.95,29.0,773.84,Yes,Yes,Yes,Solved in Follow-up,Poor Customer Service
8ebf4558b24f22d4,25,M,City,Basic Membership,2025-04-04,Yes,Without Offers,,Fiber_Optic,13:11:23,5,262.27,34319.4,0.0,697.14,Yes,No,No,Not Applicable,Too many ads
80f6a7fd1b86f5d7,56,M,City,Gold Membership,2025-04-04,Yes,Credit/Debit Card Offers,Desktop,Wi-Fi,21:08:17,19,162.87,11798.24,51.25619589617701,787.38,No,Yes,No,Not Applicable,Poor Product Quality
8c1522b18373faf4,59,M,,Gold Membership,2025-04-04,No,Without Offers,Both,Mobile_Data,20:47:25,15,308.94,11326.08,23.0,635.78,No,Yes,No,Not Applicable,Poor Product Quality
8bfe1134d7d82e77,22,M,City,Premium Membership,2025-04-04,,Without Offers,Smartphone,Mobile_Data,05:49:16,5,34.51,13268.15,23.0,0.0,Yes,No,No,Not Applicable,Poor Website
9ff64ba24c601333,62,M,City,No Membership,2025-04-04,No,Credit/Debit Card Offers,Desktop,Fiber_Optic,07:29:33,12,174.27,23201.43,16.0,633.88,No,Yes,No,Not Applicable,Poor Customer Service
859faca0bc6d28f3,61,M,Town,No Membership,2025-04-04,Yes,,Smartphone,Wi-Fi,04:29:13,15,65.03,39981.66,15.0,1088.5192347233517,No,Yes,Yes,Solved in Follow-up,No reason specified
845d38f5cb9f0cb3,29,M,City,Platinum Membership,2025-04-04,No,Without Offers,Desktop,Wi-Fi,01:07:32,21,334.57,3286.71,22.0,781.3,Yes,Yes,Yes,Solved in Follow-up,Too many ads
ac233577cf279a34,12,M,Town,Basic Membership,2025-04-04,No,Gift Vouchers/Coupons,Desktop,Mobile_Data,15:42:15,12,32.31,43058.01,6.0,526.08,Yes,No,No,Not Applicable,Poor Customer Service
b05878bf14b1a970,30,M,Town,Basic Membership,2025-04-04,No,Credit/Debit Card Offers,Smartphone,Wi-Fi,07:19:47,8,287.49,39913.32,13.0,691.65,No,Yes,No,Not Applicable,Poor Product Quality
a7dfa77ae1e3b329,61,F,Town,Gold Membership,2025-04-04,No,Without Offers,Desktop,Wi-Fi,02:54:23,12,315.79,28599.92,21.0,167.41954583419482,No,Yes,Yes,No Information Available,Poor Product Quality
9b64872fea03a469,62,M,City,Basic Membership,2025-04-04,,Credit/Debit Card Offers,Desktop,Mobile_Data,03:51:49,8,33.23,22043.57,0.0,633.24,Yes,No,Yes,No Information Available,Poor Product Quality
899ba675cc3faa74,53,M,Village,Premium Membership,2025-04-04,No,Credit/Debit Card Offers,Smartphone,Mobile_Data,21:06:45,1,31.55,60670.84,1.0,777.34,No,Yes,No,Not Applicable,Products always in Stock
aeccccc2abd883b3,54,M,City,Basic Membership,2025-04-04,No,Gift Vouchers/Coupons,Smartphone,Mobile_Data,22:58:39,19,33.95,22060.19,24.0,109.125055118781,No,Yes,No,Not Applicable,Poor Product Quality
826016c41afe518d,48,F,Town,Gold Membership,2025-04-04,Yes,Without Offers,Smartphone,Wi-Fi,06:39:38,11,604.19,46519.67,7.0,643.66,No,Yes,No,Not Applicable,Poor Product Quality
929b6ba89e56a555,55,F,Town,Premium Membership,2025-04-04,Yes,Without Offers,Smartphone,Wi-Fi,09:03:44,19,71.27,14897.64,18.0,752.64,Yes,No,No,Not Applicable,No reason specified
be54cc44c19bff76,26,M,Town,No Membership,2025-04-04,Yes,Without Offers,Desktop,Wi-Fi,20:13:11,7,31.99,47576.77,12.0,885.1745339898982,No,Yes,No,Not Applicable,Too many ads
8ab153535fbcd600,43,M,,Premium Membership,2025-04-04,No,Gift Vouchers/Coupons,Desktop,Mobile_Data,14:57:22,23,359.7,19316.29,8.0,735.83,Yes,No,Yes,Unsolved,Poor Customer Service
93dabe30ce5dfe8f,15,F,,No Membership,2025-04-04,No,Credit/Debit Card Offers,Smartphone,Fiber_Optic,07:26:01,15,55.29,36716.39,19.0,671.47,No,Yes,Yes,Solved in Follow-up,Poor Website
b7446fa4d7e5b78d,61,F,,No Membership,2025-04-04,Yes,Without Offers,Desktop,Fiber_Optic,12:15:11,22,33.59,27301.48,29.0,0.0,No,Yes,Yes,Solved,Too many ads
82b3b989dd9879d7,63,F,Town,Silver Membership,2025-04-04,No,Credit/Debit Card Offers,Smartphone,Wi-Fi,14:56:00,16,231.23,17844.16,18.0,743.07,Yes,No,Yes,No Information Available,Poor Product Quality
88ed79f4e5b67175,45,M,Town,Premium Membership,2025-04-04,Yes,Credit/Debit Card Offers,Smartphone,Mobile_Data,17:19:41,14,38.65,1225.14,9.0,700.07,Yes,No,Yes,Unsolved,Too many ads
a4434c0d016f859c,10,M,City,Silver Membership,2025-04-04,Yes,Gift Vouchers/Coupons,Smartphone,Fiber_Optic,19:45:08,6,177.53,7606.0,2.498918179800341,613.76,No,Yes,No,Not Applicable,No reason specified
aafd38505dcd9082,14,F,City,Basic Membership,2025-04-04,No,Credit/Debit Card Offers,Smartphone,Mobile_Data,22:05:38,24,145.25,12848.83,27.0,671.25,No,Yes,No,Not Applicable,Poor Product Quality
903a6e78d75292fd,31,F,Town,Gold Membership,2025-04-04,Yes,Credit/Debit Card Offers,Smartphone,Mobile_Data,05:46:10,18,30.25,36595.76,17.0,697.45,No,Yes,Yes,Unsolved,Too many ads
9580dbd91c010510,37,F,City,No Membership,2025-04-04,Yes,Without Offers,Desktop,Wi-Fi,09:21:21,5,32.19,45059.75,0.0,616.08,Yes,No,No,Not Applicable,Poor Product Quality
b9108901b6a319ef,23,F,Town,Silver Membership,2025-04-04,Yes,Gift Vouchers/Coupons,Desktop,Fiber_Optic,01:57:06,11,79.35,37752.38,18.0,712.34,Yes,No,No,Not Applicable,Poor Customer Service
a30752102d9ee983,61,F,,Platinum Membership,2025-04-04,No,Without Offers,Smartphone,Fiber_Optic,10:29:04,7,353.38,38978.17,8.0,1268.004164560635,Yes,Yes,Yes,Unsolved,Too many ads
923be29b566e47a6,60,M,Town,Premium Membership,2025-04-04,No,Gift Vouchers/Coupons,Smartphone,Mobile_Data,05:15:10,19,95.2,48856.35,13.0,801.65,Yes,No,Yes,Solved,Quality Customer Care
a01f42800ac4dea1,25,M,City,Basic Membership,2025-04-04,No,Gift Vouchers/Coupons,,Wi-Fi,19:10:20,14,333.55,13324.67,6.0,598.29,Yes,No,Yes,Solved in Follow-up,Poor Product Quality
9aacc93ca1ca2611,11,F,Town,Silver Membership,2025-04-04,Yes,Gift Vouchers/Coupons,Smartphone,Mobile_Data,01:35:31,12,685.36,17980.41,14.0,659.87,Yes,No,No,Not Applicable,No reason specified
9835ee0881dcd3ff,38,F,Town,No Membership,2025-04-04,No,Credit/Debit Card Offers,Both,Wi-Fi,18:08:35,8,280.54,18534.38,12.0,645.51,No,Yes,Yes,Unsolved,No reason specified
aeb9ed0a21e8babd,46,F,City,No Membership,2025-04-04,,Gift Vouchers/Coupons,Desktop,Wi-Fi,11:25:17,3,584.73,33064.92,14.0,547.08,No,Yes,No,Not Applicable,Poor Product Quality
91bc9870753dd9b4,52,M,City,Basic Membership,2025-04-04,Yes,Without Offers,Smartphone,Fiber_Optic,19:50:43,12,192.46,5778.54,24.0,1044.6725643118325,No,Yes,Yes,Unsolved,Poor Customer Service
b762bd49f0743560,24,F,City,Gold Membership,2025-04-04,Yes,Gift Vouchers/Coupons,Both,Wi-Fi,17:12:29,-999,765.91,24667.02,5.0,783.19,Yes,No,Yes,Solved in Follow-up,Quality Customer Care
8de73019c1f268b6,44,F,,Basic Membership,2025-04-04,No,Without Offers,Smartphone,Wi-Fi,22:19:29,16,379.38,49085.63,24.0,1524.3475306826983,No,Yes,Yes,Solved in Follow-up,Too many ads
883f130411db9b0e,11,M,City,Gold Membership,2025-04-04,,Without Offers,Both,Wi-Fi,13:28:20,4,286.07,39729.75,16.0,753.38,No,Yes,Yes,Unsolved,No reason specified
a55ec65db86138b6,63,M,City,Premium Membership,2025-04-04,Yes,Without Offers,Desktop,Wi-Fi,09:13:50,7,55.0,29838.65,17.0,345.9909911579742,Yes,No,No,Not Applicable,Poor Customer Service
94a7b1bd0e077bd2,36,F,Village,Premium Membership,2025-04-04,Yes,Without Offers,Desktop,Fiber_Optic,02:41:17,19,187.49,89268.91,19.0,485.3369138518617,Yes,No,Yes,Solved,Quality Customer Care
9f352c3d93e62a36,46,M,Town,No Membership,2025-04-04,Yes,Credit/Debit Card Offers,Desktop,Wi-Fi,20:07:00,1,262.3,20570.98,0.0,679.86,No,Yes,No,Not Applicable,No reason specified
804db6e6c1b17089,34,M,Town,Basic Membership,2025-04-04,No,Gift Vouchers/Coupons,Both,Mobile_Data,21:01:22,17,389.35,30072.18,28.0,175.08281230269654,Yes,No,Yes,No Information Available,No reason specified
9510b8afba04ab30,64,M,Town,Silver Membership,2025-04-04,No,Credit/Debit Card Offers,Desktop,Mobile_Data,18:02:37,5,42.32,823.68,5.0,1204.406754138101,Yes,No,No,Not Applicable,No reason specified
b7f3a692d4bfc47c,39,F,Village,No Membership,2025-04-04,No,Without Offers,Smartphone,Mobile_Data,14:01:54,15,112.5,16761.52,6.0,518.49,No,Yes,No,Not Applicable,Too many ads
b3fcd7f51a85419b,13,M,Town,Premium Membership,2025-04-05,Yes,Gift Vouchers/Coupons,,Mobile_Data,12:35:56,18,271.48,89982.1,6.0,799.03,Yes,Yes,No,Not Applicable,Reasonable Price
9bcd90912a7f886d,18,F,Town,Gold Membership,2025-04-05,Yes,Gift Vouchers/Coupons,,Mobile_Data,07:17:54,4,1569.0712851686308,15955.32,0.0,705.43,No,Yes,No,Not Applicable,Poor Product Quality
9db0f33fa554e753,25,M,Village,Gold Membership,2025-04-05,No,Credit/Debit Card Offers,Desktop,Mobile_Data,09:24:05,15,47.02,47829.73,27.0,621.76,No,Yes,No,Not Applicable,Poor Website
8fc6a27c9df886c3,39,F,City,Gold Membership,2025-04-05,No,Credit/Debit Card Offers,Desktop,Mobile_Data,17:54:53,13,82.12,46955.02,9.0,724.3,Yes,No,No,Not Applicable,User Friendly Website
b363b839cb2c6ffa,43,F,City,Silver Membership,2025-04-05,Yes,Gift Vouchers/Coupons,Desktop,Mobile_Data,00:41:28,12,107.3,39990.89,11.0,728.45,Yes,No,Yes,Unsolved,Too many ads
a94ecd2338db8148,56,M,Town,Platinum Membership,2025-04-05,No,Gift Vouchers/Coupons,Desktop,Mobile_Data,12:28:38,5,489.61,27191.18,13.0,718.14,Yes,No,Yes,Solved,Too many ads
be520e522aa1e694,30,M,Town,Silver Membership,2025-04-05,No,Credit/Debit Card Offers,,Wi-Fi,23:19:14,11,121.25,45583.71,6.0,757.11,Yes,No,Yes,Solved in Follow-up,No reason specified
a51191fb74d265f9,47,F,City,Basic Membership,2025-04-05,Yes,Gift Vouchers/Coupons,Smartphone,Wi-Fi,06:49:08,16,695.78,44475.03,20.0,600.53,Yes,Yes,No,Not Applicable,Poor Website
a4123058717693e8,30,M,City,Gold Membership,2025-04-05,No,Credit/Debit Card Offers,Desktop,Fiber_Optic,11:35:56,19,30.4,28441.73,13.0,760.03,No,Yes,No,Not Applicable,Poor Product Quality
887bf9ddef19392e,54,F,Town,Gold Membership,2025-04-05,Yes,Gift Vouchers/Coupons,Smartphone,Fiber_Optic,05:25:07,2,32.85,22732.5,29.0,339.4709008645242,No,Yes,Yes,Solved in Follow-up,No reason specified
ba85d99a9f789f40,21,F,,No Membership,2025-04-05,Yes,Credit/Debit Card Offers,Desktop,Mobile_Data,16:00:36,11,203.82,32067.58,0.0,503.62,Yes,No,Yes,No Information Available,Poor Product Quality
9a795f4a629c6a76,24,F,,Gold Membership,2025-04-05,Yes,Gift Vouchers/Coupons,Both,Fiber_Optic,14:37:11,2,657.68,25385.8,14.0,611.79,Yes,Yes,Yes,No Information Available,Too many ads
9f11a207f3fe29bd,60,F,Town,Gold Membership,2025-04-05,Yes,Without Offers,Smartphone,Fiber_Optic,14:13:55,14,302.96,6634.36,21.0,694.23,No,Yes,No,Not Applicable,Poor Customer Service
a3e3c4f1561aba8f,55,F,Village,Basic Membership,2025-04-05,No,Credit/Debit Card Offers,Smartphone,Wi-Fi,10:55:38,19,33.37,29196.95,9.0,0.0,Yes,No,No,Not Applicable,Poor Website
94629f4d523babf3,46,F,Village,No Membership,2025-04-05,Yes,Credit/Debit Card Offers,Smartphone,Fiber_Optic,19:01:22,20,75.29,37705.64,22.0,609.88,Yes,No,Yes,Unsolved,Poor Customer Service
8f87133a948fb3b4,61,M,City,Platinum Membership,2025-04-05,Yes,Without Offers,Smartphone,Wi-Fi,20:04:30,12,686.85,27398.67,15.0,745.79,Yes,No,Yes,Solved,Poor Product Quality
82b327a3cd342965,24,F,City,Silver Membership,2025-04-05,No,Gift Vouchers/Coupons,Desktop,Mobile_Data,06:00:17,13,78.83,10923.0,11.0,737.69,Yes,No,Yes,Unsolved,Quality Customer Care
b883d20147f789a0,14,F,Town,Platinum Membership,2025-04-05,,Credit/Debit Card Offers,Desktop,Fiber_Optic,19:24:08,13,0.0,90277.5,11.0,796.35,No,Yes,No,Not Applicable,Quality Customer Care
9a896dc933ef709b,38,M,City,No Membership,2025-04-05,No,Gift Vouchers/Coupons,Smartphone,Fiber_Optic,00:53:47,11,0.0,29156.54,21.0,542.4,Yes,No,Yes,Unsolved,Poor Product Quality
b87d88c1c2f111de,54,M,City,Premium Membership,2025-04-05,Yes,Gift Vouchers/Coupons,Both,Fiber_Optic,20:20:22,5,584.62,62950.74,12.0,780.4,No,Yes,No,Not Applicable,Reasonable Price
a2a2b866e77908ab,20,F,Town,Platinum Membership,2025-04-05,No,Credit/Debit Card Offers,Both,Mobile_Data,10:41:37,21,261.46,34600.3,23.0,783.09,Yes,Yes,Yes,Solved in Follow-up,Poor Product Quality
93a2fdecf20cbbcb,30,M,Town,Silver Membership,2025-04-05,,Credit/Debit Card Offers,Smartphone,Wi-Fi,07:54:59,22,113.69,6761.14,3.0,480.04189452430114,No,Yes,No,Not Applicable,Quality Customer Care
b96cd732bda23828,12,M,City,Gold Membership,2025-04-05,No,Gift Vouchers/Coupons,Smartphone,Fiber_Optic,04:10:09,21,0.0,95915.45,16.0,789.58,Yes,No,Yes,Unsolved,Reasonable Price
b929d2c3e97420f2,44,M,Town,No Membership,2025-04-05,Yes,Without Offers,Desktop,Fiber_Optic,13:54:03,14,112.7,26127.16,10.0,693.8,No,Yes,No,Not Applicable,Poor Customer Service
bba653b8c4b410eb,50,F,Town,Premium Membership,2025-04-05,No,Credit/Debit Card Offers,Desktop,Mobile_Data,17:04:03,11,124.18,9547.5,19.0,790.16,Yes,No,Yes,Solved,Poor Website
98f665fe0999c2f3,40,F,Town,Platinum Membership,2025-04-05,No,Credit/Debit Card Offers,Desktop,Mobile_Data,17:46:53,5,36.86,33870.34,13.0,785.88,No,Yes,No,Not Applicable,Poor Product Quality
b83ba12714e655ea,33,F,City,Silver Membership,2025-04-05,Yes,,Desktop,Fiber_Optic,04:56:54,-999,43.79,4726.44,9.0,626.98,Yes,No,Yes,No Information Available,Poor Customer Service
9f420209e7d129f3,29,F,,No Membership,2025-04-05,Yes,Without Offers,,Wi-Fi,22:29:49,4,1184.49,38604.69,10.0,627.48,Yes,Yes,Yes,No Information Available,Poor Website
8796104594e05250,36,M,Town,No Membership,2025-04-05,Yes,Without Offers,Desktop,Fiber_Optic,20:54:33,14,286.44,17507.85,11.0,542.26,No,Yes,No,Not Applicable,Too many ads
a0c5a01467cbcf89,33,F,Town,Basic Membership,2025-04-05,Yes,Without Offers,Both,Wi-Fi,05:27:42,-999,627.78,37097.36,29.0,653.92,Yes,No,No,Not Applicable,No reason specified
b8bb62859961a546,15,M,City,Gold Membership,2025-04-05,No,Credit/Debit Card Offers,Desktop,Wi-Fi,01:23:27,-999,33.58,45141.32,16.0,797.98,Yes,No,No,Not Applicable,Poor Website
98c4ceae25f8f63e,48,M,City,Basic Membership,2025-04-05,Yes,Without Offers,,Mobile_Data,13:00:47,16,206.37,34036.64,18.0,650.84,Yes,No,No,Not Applicable,Poor Customer Service
81f3c041b1ec6ba8,14,F,Town,Basic Membership,2025-04-05,Yes,Credit/Debit Card Offers,Both,Fiber_Optic,09:32:30,20,251.32,41507.11,0.0,1074.4197958801994,No,Yes,Yes,Unsolved,No reason specified
bcae6f5ac9407d04,30,F,City,No Membership,2025-04-05,No,Without Offers,Smartphone,Fiber_Optic,17:15:25,15,376.74,29975.12,29.0,580.24,Yes,No,Yes,No Information Available,Too many ads
8111a2e1a36b0d80,30,F,City,Premium Membership,2025-04-05,No,Credit/Debit Card Offers,Desktop,Fiber_Optic,01:47:06,15,425.46,23544.09,3.0,787.48,Yes,No,No,Not Applicable,Reasonable Price
83af834783999b8e,48,M,Town,Silver Membership,2025-04-05,No,Credit/Debit Card Offers,Desktop,Fiber_Optic,21:43:31,15,135.48,50635.73,0.0,1081.59764363291,No,Yes,No,Not Applicable,Quality Customer Care
a6278ce870302705,39,F,,Gold Membership,2025-04-05,Yes,Gift Vouchers/Coupons,Desktop,Fiber_Optic,09:07:10,4,481.35,2115.73,19.0,0.0,No,Yes,No,Not Applicable,Too many ads
8d2b4b2224533a72,60,F,Town,Gold Membership,2025-04-05,No,Gift Vouchers/Coupons,Desktop,Mobile_Data,17:21:49,8,91.36,82256.29,14.0,742.7,Yes,No,No,Not Applicable,User Friendly Website
a0cacf00d26c6dad,36,M,Village,Premium Membership,2025-04-05,Yes,Without Offers,Smartphone,Mobile_Data,16:50:11,8,59.82,67334.7,15.0,841.5,No,Yes,Yes,No Information Available,User Friendly Website
be4a7ef0a2588922,15,F,City,Basic Membership,2025-04-05,,Without Offers,,Fiber_Optic,09:48:49,14,465.48,36183.89,32.32674455763207,603.73,No,Yes,Yes,Unsolved,Poor Customer Service
ba31c6d6c7cf138b,35,F,Village,Gold Membership,2025-04-05,,Credit/Debit Card Offers,Smartphone,Mobile_Data,20:28:52,15,1194.3845791145532,27022.45,6.0,748.42,No,Yes,Yes,Unsolved,No reason specified
afc797789c5aa5a1,40,F,City,Premium Membership,2025-04-05,Yes,Credit/Debit Card Offers,Smartphone,Mobile_Data,06:06:40,9,73.73,24481.62,11.0,795.54,Yes,No,Yes,Solved,Poor Customer Service
b11fd5991821bcf4,39,M,City,No Membership,2025-04-05,No,Gift Vouchers/Coupons,Smartphone,Mobile_Data,19:01:23,15,65.27,48945.81,9.0,646.3,Yes,No,No,Not Applicable,No reason specified
9adff450a04064ad,33,M,City,Basic Membership,2025-04-05,Yes,Without Offers,Smartphone,Mobile_Data,15:43:54,9,145.15,3977.85,29.0,615.31,No,Yes,Yes,Unsolved,No reason specified
87ba7ddec79b6083,57,F,Village,Premium Membership,2025-04-05,Yes,Without Offers,Smartphone,Wi-Fi,10:09:16,12,1185.2063501448336,35227.14,16.0,774.04,No,Yes,Yes,No Information Available,No reason specified
a75f9fa6343fcb48,64,M,City,Gold Membership,2025-04-05,No,Gift Vouchers/Coupons,Smartphone,Wi-Fi,11:59:28,16,0.0,24441.0,17.0,791.57,Yes,No,No,Not Applicable,Poor Product Quality
aa42e8eab6a3383b,40,M,Town,Premium Membership,2025-04-05,No,Gift Vouchers/Coupons,Smartphone,Mobile_Data,05:04:40,14,327.3,10916.24,26.0,709.23,Yes,Yes,Yes,Unsolved,Poor Product Quality
8ed694f75b471332,45,F,,Basic Membership,2025-04-05,,Gift Vouchers/Coupons,Desktop,Mobile_Data,01:02:55,17,34.06,43630.48,14.0,1031.0252345917618,No,Yes,Yes,Solved in Follow-up,Too many ads
b26a40713eee0c49,26,F,Town,Gold Membership,2025-04-05,Yes,Gift Vouchers/Coupons,Both,Wi-Fi,08:49:12,12,308.83,37831.57,22.0,214.20424299287043,Yes,No,No,Not Applicable,No reason specified
a2dd9a1b61c82e32,19,M,Town,Platinum Membership,2025-04-05,Yes,Without Offers,Smartphone,Fiber_Optic,02:33:48,21,114.49,48946.15,0.0,1256.8563474990194,No,Yes,No,Not Applicable,No reason specified
9656ff41789633c8,36,M,City,Platinum Membership,2025-04-05,Yes,Credit/Debit Card Offers,Desktop,Wi-Fi,06:00:04,21,120.62,49330.19,25.0,732.82,Yes,No,Yes,Unsolved,Poor Product Quality
9f8ceddfdc7d4f24,15,F,Village,Premium Membership,2025-04-05,No,Without Offers,Smartphone,Mobile_Data,21:38:25,3,297.29,16412.06,8.0,800.31,Yes,No,No,Not Applicable,Products always in Stock
86ccc888d4d7b7b8,61,F,Village,No Membership,2025-04-05,No,Gift Vouchers/Coupons,Desktop,Wi-Fi,18:46:45,15,163.8,9647.77,17.0,410.8862790866464,Yes,No,No,Not Applicable,No reason specified
a658ea43dd06023d,29,F,,Basic Membership,2025-04-05,,Without Offers,Smartphone,Wi-Fi,23:01:22,15,98.77,45965.52,19.0,693.54,No,Yes,No,Not Applicable,Poor Product Quality
a0b8189c5ab6db9a,58,F,Town,No Membership,2025-04-05,Yes,Credit/Debit Card Offers,Smartphone,Fiber_Optic,23:15:00,13,140.96,30108.98,0.0,665.86,Yes,No,No,Not Applicable,Poor Product Quality
84ec50f1b3c76139,39,F,,Gold Membership,2025-04-05,No,Gift Vouchers/Coupons,Desktop,Fiber_Optic,07:11:34,14,163.55,36389.24,28.0,386.7205619723616,Yes,No,Yes,Solved in Follow-up,No reason specified
b1b61b87f0898114,29,M,Town,No Membership,2025-04-05,No,,Desktop,Fiber_Optic,22:00:59,3,31.32,7387.93,19.0,677.15,No,Yes,Yes,Unsolved,Poor Website
abddd9cd3579a460,43,M,Town,Gold Membership,2025-04-05,Yes,Credit/Debit Card Offers,Desktop,Mobile_Data,06:35:00,10,670.67,20365.85,6.0,0.0,Yes,Yes,No,Not Applicable,Poor Customer Service
93bd908090ecdcb7,46,M,Town,No Membership,2025-04-05,No,Credit/Debit Card Offers,Both,Fiber_Optic,00:54:58,3,499.0,28329.56,24.0,256.1664290596059,Yes,No,Yes,Solved,No reason specified
a3c028326e7cbd39,19,M,City,Basic Membership,2025-04-05,No,Gift Vouchers/Coupons,Desktop,Mobile_Data,22:15:24,8,56.82,7342.75,20.0,692.02,No,Yes,Yes,No Information Available,Poor Product Quality
abcc9f81b20cf7df,13,M,City,Premium Membership,2025-04-05,No,Credit/Debit Card Offers,Both,Wi-Fi,07:22:34,21,210.46,29027.8,25.0,724.45,Yes,No,Yes,Solved in Follow-up,Poor Customer Service
a69c80b81462b035,61,F,Town,Platinum Membership,2025-04-05,Yes,Credit/Debit Card Offers,Smartphone,Fiber_Optic,05:54:15,25,128.62,27987.0,19.0,739.48,Yes,No,No,Not Applicable,Too many ads
8249f06736ee4e31,45,M,Town,Silver Membership,2025-04-05,No,Gift Vouchers/Coupons,Desktop,Wi-Fi,14:00:08,21,107.8,19452.97,11.0,335.0543631226418,Yes,No,No,Not Applicable,Poor Website
9c0fdc9d249065cd,38,M,Town,Basic Membership,2025-04-05,No,Credit/Debit Card Offers,,Wi-Fi,11:40:20,-999,340.47,44705.59,0.0,19.89709222648048,Yes,No,Yes,Solved,Poor Customer Service
8a39bc193ea990c3,29,M,City,No Membership,2025-04-05,No,Credit/Debit Card Offers,Smartphone,Mobile_Data,21:52:32,2,208.27,9080.51,19.0,612.17,Yes,Yes,No,Not Applicable,Poor Website
ba2fcdee29040e9b,21,M,City,Gold Membership,2025-04-05,,Gift Vouchers/Coupons,Desktop,Wi-Fi,06:34:50,15,362.55,32517.48,13.0,793.8,No,Yes,No,Not Applicable,Too many ads
b77f0d47de362c4e,40,F,Town,Platinum Membership,2025-04-05,No,Gift Vouchers/Coupons,Smartphone,Mobile_Data,22:51:18,17,1180.0519077687377,54814.0,11.0,0.0,Yes,No,Yes,Solved in Follow-up,Reasonable Price
b3dc5e255e93187c,60,F,,Basic Membership,2025-04-05,,Gift Vouchers/Coupons,Both,Wi-Fi,17:06:03,7,630.4,35082.57,0.0,666.83,No,Yes,Yes,Unsolved,Poor Product Quality
89ce547ab8198c7f,40,M,Town,Basic Membership,2025-04-05,Yes,Gift Vouchers/Coupons,Smartphone,Mobile_Data,13:09:31,9,30.24,3706.65,11.0,535.61,No,Yes,No,Not Applicable,Too many ads
8aafad1c3d8d0709,27,F,,Platinum Membership,2025-04-05,No,Without Offers,Smartphone,Mobile_Data,00:25:09,-999,374.59,29414.03,10.0,724.26,Yes,Yes,Yes,Solved,Too many ads
853f6cc9bf3d82c0,18,M,Town,No Membership,2025-04-05,No,Credit/Debit Card Offers,Both,Mobile_Data,05:13:30,-999,1013.6025857305262,25084.22,6.0,0.0,No,Yes,Yes,Solved,No reason specified
bd1473214afedcbe,53,M,City,Platinum Membership,2025-04-05,Yes,Credit/Debit Card Offers,Smartphone,Wi-Fi,06:42:22,9,95.27,43402.89,3.0,848.7,Yes,No,No,Not Applicable,Reasonable Price
96ee4fe95107fe2b,55,F,Town,Silver Membership,2025-04-05,Yes,Without Offers,,Mobile_Data,18:27:15,18,47.75,840.13,0.0,641.96,Yes,No,No,Not Applicable,No reason specified
be36bd1f19edd82e,41,M,City,Premium Membership,2025-04-05,No,Gift Vouchers/Coupons,Smartphone,Wi-Fi,21:42:39,19,32.96,83234.13,8.0,846.9,Yes,No,No,Not Applicable,Reasonable Price
af31db192430db80,11,F,Town,No Membership,2025-04-05,Yes,Without Offers,Smartphone,Fiber_Optic,04:27:19,12,663.88,33238.59,0.0,557.62,Yes,Yes,Yes,Solved in Follow-up,Poor Product Quality
9c55422ce1adb5f1,63,M,City,Platinum Membership,2025-04-05,No,Gift Vouchers/Coupons,,Wi-Fi,09:48:56,4,212.61,76845.67,8.0,0.0,Yes,Yes,No,Not Applicable,Reasonable Price
8dba170056a12058,48,M,City,Basic Membership,2025-04-05,No,Without Offers,Desktop,Wi-Fi,20:38:42,3,56.42,28205.97,6.0,0.0,Yes,No,No,Not Applicable,No reason specified
a891b15a19a661f4,15,F,Town,Basic Membership,2025-04-05,No,Credit/Debit Card Offers,Desktop,Mobile_Data,06:40:28,-999,155.08,20198.67,6.0,718.72,No,Yes,No,Not Applicable,Poor Website
9782b83ba9ad8bca,56,M,City,No Membership,2025-04-05,Yes,Credit/Debit Card Offers,Desktop,Wi-Fi,21:20:48,15,0.0,37928.51,5.0,659.76,Yes,Yes,Yes,No Information Available,Too many ads
a8297c78c66a4c16,11,F,City,No Membership,2025-04-05,,Gift Vouchers/Coupons,,Fiber_Optic,15:07:29,12,535.66,48034.55,24.0,673.27,No,Yes,No,Not Applicable,Poor Customer Service
9389bbb64417edc0,38,F,Town,Basic Membership,2025-04-05,Yes,Credit/Debit Card Offers,Smartphone,Wi-Fi,06:32:40,15,243.17,12903.05,17.0,575.46,No,Yes,No,Not Applicable,Too many ads
83e3a1e15505519a,31,M,Village,Premium Membership,2025-04-05,,Gift Vouchers/Coupons,Smartphone,Fiber_Optic,01:55:14,10,1047.266414300112,5411.27,9.0,1536.5091880662872,Yes,No,Yes,Solved,Too many ads
9c19e0b1a22659a4,41,F,City,Gold Membership,2025-04-05,No,Without Offers,Desktop,Wi-Fi,03:54:55,-999,382.69,41727.41,14.0,748.12,No,Yes,Yes,Solved in Follow-up,Poor Customer Service
873591bb581f2166,19,M,Town,Silver Membership,2025-04-05,Yes,Without Offers,Smartphone,Mobile_Data,19:39:36,12,32.59,24670.61,12.0,690.63,Yes,No,Yes,Solved in Follow-up,Poor Customer Service
84481fd3444f33bb,52,F,City,No Membership,2025-04-05,No,Credit/Debit Card Offers,Desktop,Wi-Fi,05:29:45,20,77.41,43470.78,27.0,528.61,Yes,No,No,Not Applicable,No reason specified
8526f47108420767,42,F,Village,Gold Membership,2025-04-05,No,Gift Vouchers/Coupons,Desktop,Fiber_Optic,02:04:48,16,43.49,36163.4,19.0,695.05,Yes,No,No,Not Applicable,Poor Website
af2f215bcb0bcb7a,49,M,City,Gold Membership,2025-04-05,No,Without Offers,Smartphone,Mobile_Data,07:13:42,8,413.94,45379.79,7.0,0.0,Yes,No,No,Not Applicable,Poor Customer Service
8a4c29ca41143935,27,F,Town,Platinum Membership,2025-04-05,,Credit/Debit Card Offers,,Mobile_Data,19:28:43,14,291.26,29789.92,9.0,727.46,Yes,No,No,Not Applicable,Poor Website
ac322abfe27da4e5,12,M,City,Premium Membership,2025-04-05,Yes,Gift Vouchers/Coupons,,Fiber_Optic,17:18:48,22,118.59,49445.65,27.0,701.08,Yes,No,No,Not Applicable,Poor Customer Service
924b8bd5dd008024,62,F,City,Gold Membership,2025-04-05,No,Without Offers,Smartphone,Wi-Fi,01:59:49,19,96.23,16535.52,0.0,781.44,No,Yes,Yes,No Information Available,No reason specified
96a7b9b60556a50c,62,M,Village,No Membership,2025-04-05,Yes,Credit/Debit Card Offers,Desktop,Mobile_Data,16:32:31,25,112.87,10441.18,24.0,648.36,Yes,No,No,Not Applicable,Poor Website
8c371b66172c5a86,45,F,Town,No Membership,2025-04-05,Yes,Without Offers,Desktop,Fiber_Optic,01:00:54,21,174.73,28985.79,25.0,556.65,Yes,No,No,Not Applicable,Poor Website
858a1aac7ed80fd5,20,F,Village,Silver Membership,2025-04-05,Yes,Credit/Debit Card Offers,Desktop,Mobile_Data,03:47:52,11,0.0,19965.2,24.0,756.99,Yes,Yes,No,Not Applicable,Poor Customer Service
90a6c7f67ff83813,50,M,City,No Membership,2025-04-05,No,Without Offers,Smartphone,Wi-Fi,05:29:24,10,210.82,46240.62,0.0,623.6,Yes,No,Yes,Solved,Poor Website
ae51c4ccc3b60eed,62,M,Town,Platinum Membership,2025-04-05,No,Gift Vouchers/Coupons,Desktop,Wi-Fi,22:30:55,24,108.92,39943.55,3.0,488.3680664834972,Yes,No,Yes,Solved,Products always in Stock
b0ab3ceeb00a3dbe,35,M,Village,Silver Membership,2025-04-05,No,Without Offers,Desktop,Fiber_Optic,16:45:45,7,203.28,5151.0,24.0,774.12,Yes,Yes,No,Not Applicable,Too many ads
b1bde2a3edb97b61,64,F,Town,No Membership,2025-04-05,No,Credit/Debit Card Offers,Desktop,Mobile_Data,04:04:03,20,173.97,10552.9,8.0,634.17,No,Yes,Yes,Solved in Follow-up,Poor Product Quality
8578cd74b0eb2c83,24,F,Village,Silver Membership,2025-04-05,,Without Offers,Smartphone,Mobile_Data,10:04:56,14,160.27,49607.97,20.0,0.0,No,Yes,Yes,Solved,Too many ads
87ad2efb531125fa,25,M,City,Basic Membership,2025-04-05,Yes,Credit/Debit Card Offers,Both,Fiber_Optic,01:36:13,1,750.31,42740.93,26.0,570.6,Yes,Yes,Yes,Solved,No reason specified
9e1ab6fbe2d47294,45,M,Town,Premium Membership,2025-04-05,,Without Offers,Smartphone,Wi-Fi,18:18:06,19,30.91,49469.65,17.0,1134.5837633534902,Yes,No,Yes,Solved in Follow-up,Poor Customer Service
924ae7a6e79aaa93,40,M,Village,Basic Membership,2025-04-05,,Gift Vouchers/Coupons,Smartphone,Fiber_Optic,08:50:08,19,38.57,15108.42,18.0,640.66,Yes,No,Yes,No Information Available,Poor Website
a0cbbbb60b4bb25d,44,M,Town,No Membership,2025-04-05,No,Credit/Debit Card Offers,Desktop,Fiber_Optic,20:05:10,11,276.53,17665.03,11.0,547.84,Yes,No,Yes,Unsolved,Poor Product Quality
b7ad89e43b5bc6b9,10,F,,Basic Membership,2025-04-05,No,Without Offers,Desktop,Fiber_Optic,19:22:52,16,446.66,48777.59,27.0,690.94,Yes,No,Yes,Solved,Too many ads
b1ce91e92cff0f62,37,F,Town,Gold Membership,2025-04-05,Yes,Credit/Debit Card Offers,Smartphone,Fiber_Optic,15:47:31,10,96.44,41250.24,9.0,750.14,No,Yes,No,Not Applicable,Products always in Stock
b0e7acccd0039f29,46,F,City,Basic Membership,2025-04-05,Yes,Gift Vouchers/Coupons,,Fiber_Optic,02:47:32,-999,107.98,21475.77,20.0,578.87,Yes,No,Yes,Solved in Follow-up,Too many ads
9a2879a2fa96241e,40,F,Town,No Membership,2025-04-05,No,Gift Vouchers/Coupons,Smartphone,Fiber_Optic,03:57:35,6,34.56,8118.08,24.0,626.28,No,Yes,Yes,Solved in Follow-up,No reason specified
adea6ff93b8aede0,28,F,,Gold Membership,2025-04-05,No,Gift Vouchers/Coupons,Smartphone,Mobile_Data,14:47:19,15,196.71,14691.1,5.0,819.45,No,Yes,Yes,Solved,Products always in Stock
997c632a52d5d835,24,F,City,Basic Membership,2025-04-05,Yes,Without Offers,Desktop,Fiber_Optic,11:27:16,24,33.01,15000.37,12.0,586.2,No,Yes,Yes,Unsolved,Poor Product Quality
92f773cbf7640ee1,51,F,Town,Platinum Membership,2025-04-05,No,Without Offers,Smartphone,Mobile_Data,21:14:19,24,131.81,5671.33,26.0,0.0,No,Yes,No,Not Applicable,Poor Product Quality
b0e7522cf201fd5f,12,F,City,Silver Membership,2025-04-05,No,Gift Vouchers/Coupons,Desktop,Mobile_Data,18:28:58,7,243.26,51939.12,5.0,0.0,Yes,No,No,Not Applicable,User Friendly Website
9d587ad309daf548,51,M,Village,Platinum Membership,2025-04-05,No,Without Offers,Desktop,Wi-Fi,21:50:11,10,59.0,31309.05,19.0,833.44,No,Yes,No,Not Applicable,Products always in Stock
84487f24b6b5e600,11,F,,Gold Membership,2025-04-05,,Gift Vouchers/Coupons,,Wi-Fi,09:35:09,22,236.48,41250.09,25.0,661.53,Yes,No,No,Not Applicable,Poor Customer Service
bce832a020e0c728,34,M,Town,Gold Membership,2025-04-05,Yes,Without Offers,,Fiber_Optic,04:04:35,8,62.05,37634.39,27.0,354.9057153041084,Yes,No,Yes,Solved,Too many ads
bc3134fc8f751ca8,49,F,Village,Platinum Membership,2025-04-05,Yes,Gift Vouchers/Coupons,Desktop,Fiber_Optic,00:19:36,10,40.43,6576.02,0.0,767.2,Yes,No,Yes,Unsolved,User Friendly Website
af7f2ea9c95d2d4b,21,F,Town,Silver Membership,2025-04-05,No,Gift Vouchers/Coupons,Smartphone,Wi-Fi,03:29:36,18,285.59,28517.01,24.0,712.27,Yes,No,Yes,Solved,Poor Website
968aecc539496d40,24,M,Town,Basic Membership,2025-04-05,Yes,Without Offers,Smartphone,Mobile_Data,15:30:38,23,111.53,9404.43,23.0,634.96,Yes,No,No,Not Applicable,Too many ads
9009ef8067c8f6af,10,F,Town,No Membership,2025-04-06,Yes,Credit/Debit Card Offers,Smartphone,Fiber_Optic,10:29:51,19,164.17,2464.62,11.0,694.18,No,Yes,No,Not Applicable,Poor Customer Service
9cd08e2372d6a0ec,34,F,Town,Basic Membership,2025-04-06,,,Smartphone,Wi-Fi,20:17:46,21,0.0,21671.07,6.0,634.42,No,Yes,Yes,Solved in Follow-up,Poor Product Quality
9967893766880aae,62,M,City,Silver Membership,2025-04-06,No,Credit/Debit Card Offers,Desktop,Wi-Fi,10:23:42,21,1190.9280825643234,22375.43,16.0,786.9,Yes,No,Yes,Unsolved,Poor Product Quality
88d73597a1eb3543,30,F,Town,Gold Membership,2025-04-06,Yes,Gift Vouchers/Coupons,Both,Mobile_Data,08:51:47,9,1989.348333931625,18998.02,12.0,779.87,Yes,No,No,Not Applicable,Poor Product Quality
a315e4a6a5390cc2,43,F,,Gold Membership,2025-04-06,,Gift Vouchers/Coupons,Both,Fiber_Optic,12:14:56,12,201.46,30250.71,28.0,639.48,Yes,No,No,Not Applicable,Poor Product Quality
a9190643c6a39fce,20,M,City,Gold Membership,2025-04-06,,Gift Vouchers/Coupons,Both,Wi-Fi,14:56:55,4,827.29,1221.79,15.0,798.28,Yes,Yes,Yes,No Information Available,Poor Customer Service
b1f1967732c2f622,60,M,Village,Gold Membership,2025-04-06,No,Without Offers,Both,Mobile_Data,13:12:34,15,472.33,10792.94,20.0,608.98,Yes,No,Yes,No Information Available,Poor Website
87361119dbd851fa,28,F,Village,No Membership,2025-04-06,No,Without Offers,Desktop,Mobile_Data,20:38:08,20,85.62,6576.96,26.0,510.28,No,Yes,No,Not Applicable,Poor Website
a4229ba1f67110ed,43,M,Town,Gold Membership,2025-04-06,No,Credit/Debit Card Offers,Smartphone,Wi-Fi,10:00:20,14,34.69,12421.9,14.0,650.84,No,Yes,No,Not Applicable,Poor Customer Service
b4f370025035c93a,57,F,Town,Basic Membership,2025-04-06,Yes,Credit/Debit Card Offers,Smartphone,Fiber_Optic,15:23:07,14,34.7,17984.29,24.0,693.96,Yes,No,No,Not Applicable,Poor Website
82df92705fd226bd,17,F,City,Platinum Membership,2025-04-06,Yes,Gift Vouchers/Coupons,Smartphone,Fiber_Optic,01:58:24,24,244.17,31400.8,22.0,709.01,Yes,No,Yes,No Information Available,Poor Product Quality
96542010ca47bbdc,61,M,Town,Platinum Membership,2025-04-06,,Gift Vouchers/Coupons,Desktop,Mobile_Data,10:25:39,7,861.33,94860.46,4.0,762.67,No,Yes,Yes,Unsolved,Reasonable Price
991f227764e971b7,44,M,Town,Premium Membership,2025-04-06,Yes,Credit/Debit Card Offers,Desktop,Fiber_Optic,22:00:18,4,302.44,52331.78,10.0,791.92,No,Yes,No,Not Applicable,Products always in Stock
bc603a5933a3aae2,56,M,City,Basic Membership,2025-04-06,No,Credit/Debit Card Offers,Smartphone,Wi-Fi,21:10:01,23,122.25,3075.46,7.0,651.35,No,Yes,No,Not Applicable,No reason specified
9bc404aa4b8cf529,52,M,City,Premium Membership,2025-04-06,No,Without Offers,,Wi-Fi,20:23:01,13,348.08,14931.36,23.0,715.7,No,Yes,No,Not Applicable,No reason specified
b3c326421666a319,26,M,Town,No Membership,2025-04-06,No,Without Offers,Desktop,Fiber_Optic,16:56:52,10,133.33,21730.31,10.0,107.77531768801292,Yes,No,Yes,No Information Available,Too many ads
b5839380189e0dc6,56,F,City,Basic Membership,2025-04-06,No,Credit/Debit Card Offers,Smartphone,Wi-Fi,09:27:48,3,119.9,27693.66,7.0,616.944074568296,Yes,No,No,Not Applicable,Too many ads
9660ab7cde0785e8,38,F,Village,Gold Membership,2025-04-06,Yes,Without Offers,Smartphone,Mobile_Data,02:35:16,6,280.21,35034.82,13.0,779.4,Yes,No,No,Not Applicable,Too many ads
ae69fb236e1be72a,48,M,Town,No Membership,2025-04-06,Yes,Without Offers,,Fiber_Optic,04:19:54,22,140.42,37915.84,26.0,681.39,No,Yes,Yes,Solved,Poor Product Quality
8fdd91bc61736af6,61,F,City,Platinum Membership,2025-04-06,No,Credit/Debit Card Offers,Smartphone,Mobile_Data,15:17:22,6,128.53,99054.71,0.0,524.9039266865531,No,Yes,Yes,Solved,Products always in Stock
9c0895008595766c,15,F,Town,No Membership,2025-04-06,Yes,Gift Vouchers/Coupons,Smartphone,Mobile_Data,23:18:57,17,33.94,1017.71,28.0,662.64,No,Yes,No,Not Applicable,No reason specified
82371d86e2c7c187,32,F,,Premium Membership,2025-04-06,,Without Offers,Smartphone,Mobile_Data,09:33:59,13,64.88,8610.38,0.0,714.02,No,Yes,No,Not Applicable,Poor Website
8659a598669ee41d,40,M,Town,Gold Membership,2025-04-06,Yes,Credit/Debit Card Offers,Smartphone,Fiber_Optic,22:15:00,12,75.84,40326.29,25.0,710.05,No,Yes,No,Not Applicable,Poor Website
9b23fc4fc221c8d1,33,F,City,Platinum Membership,2025-04-06,,Gift Vouchers/Coupons,Desktop,Fiber_Optic,13:22:33,12,337.45,9812.44,20.0,769.56,No,Yes,Yes,Solved in Follow-up,Too many ads
abb597f086aa9e9d,30,F,,Silver Membership,2025-04-06,Yes,Gift Vouchers/Coupons,Smartphone,Wi-Fi,12:46:13,4,48.18,77871.04,9.94749312443848,757.98,Yes,No,No,Not Applicable,Reasonable Price
bace0f4622210af5,43,M,Town,No Membership,2025-04-06,No,Credit/Debit Card Offers,,Mobile_Data,13:41:04,11,227.23,29602.15,24.0,663.63,No,Yes,Yes,Unsolved,Poor Product Quality
9dd2c63833ef631a,64,F,City,Silver Membership,2025-04-06,No,Without Offers,Smartphone,Wi-Fi,05:52:02,23,1718.524085529231,8471.46,16.0,335.40198013589264,No,Yes,Yes,Solved,Poor Website
8cf203e7e7a785cb,62,F,City,No Membership,2025-04-06,Yes,Credit/Debit Card Offers,Desktop,Mobile_Data,23:01:55,5,510.36,21192.35,16.0,661.91,Yes,Yes,No,Not Applicable,Poor Customer Service
a9209b729ee4d0c9,62,F,,Platinum Membership,2025-04-06,Yes,Without Offers,Smartphone,Wi-Fi,04:02:25,15,558.8,13183.19,20.0,728.46,No,Yes,Yes,No Information Available,Too many ads
b38bfcc320473a1c,63,F,City,Premium Membership,2025-04-06,,Gift Vouchers/Coupons,Desktop,Wi-Fi,12:34:37,22,294.43,69832.61,17.0,721.65,No,Yes,Yes,Solved in Follow-up,User Friendly Website
a25bcef10922641c,61,M,,No Membership,2025-04-06,Yes,Credit/Debit Card Offers,Smartphone,Mobile_Data,20:57:01,10,69.81,37730.62,0.0,604.41,No,Yes,Yes,Solved in Follow-up,Poor Customer Service
94c31d3ad85352c7,58,M,Town,Platinum Membership,2025-04-06,No,Credit/Debit Card Offers,,Wi-Fi,23:25:52,15,34.03,4340.95,18.0,0.0,Yes,No,Yes,Solved in Follow-up,No reason specified
8ed8d3966bb0258e,64,M,City,Gold Membership,2025-04-06,No,Credit/Debit Card Offers,,Wi-Fi,23:14:10,9,470.29,7067.04,0.0,719.22,Yes,No,No,Not Applicable,Poor Product Quality
b7cac4a78b0837fc,42,M,City,Basic Membership,2025-04-06,No,Credit/Debit Card Offers,Smartphone,Wi-Fi,08:53:38,12,105.27,26640.42,29.0,552.49,Yes,No,Yes,Solved in Follow-up,Poor Customer Service
b3353b9d521d4a15,44,F,Town,No Membership,2025-04-06,,Gift Vouchers/Coupons,Desktop,Wi-Fi,06:46:12,16,423.23,12152.35,23.0,0.0,No,Yes,Yes,No Information Available,Poor Customer Service
8202e3aecb298453,14,F,Town,Premium Membership,2025-04-06,No,Credit/Debit Card Offers,Desktop,Wi-Fi,00:38:50,17,33.56,8190.13,15.0,792.98,No,Yes,No,Not Applicable,Too many ads
8424a5d3cc1c0769,30,M,Town,Silver Membership,2025-04-06,Yes,Without Offers,Smartphone,Fiber_Optic,19:25:58,16,46.19,32638.84,16.0,645.59,No,Yes,No,Not Applicable,Too many ads
aa049844d67800a2,19,M,Town,Gold Membership,2025-04-06,Yes,Credit/Debit Card Offers,Smartphone,Mobile_Data,00:01:43,23,33.92,11300.77,21.0,722.41,No,Yes,No,Not Applicable,Poor Website
92747fc3bdcd1f64,26,M,Town,Platinum Membership,2025-04-06,No,Without Offers,Desktop,Mobile_Data,10:42:03,14,207.13,95646.6,2.0,763.91,No,Yes,Yes,Solved,Products always in Stock
8c2b47db5e185e44,17,F,Town,Premium Membership,2025-04-06,Yes,Without Offers,Both,Wi-Fi,10:40:24,14,690.9,39735.39,8.0,726.1,Yes,No,No,Not Applicable,User Friendly Website
9c44fc5c56a30905,64,M,City,Gold Membership,2025-04-06,Yes,Without Offers,Desktop,Fiber_Optic,09:14:27,10,103.33,45550.7,0.0,786.7468573962624,No,Yes,No,Not Applicable,Too many ads
b529b3ce138b5283,55,M,City,Basic Membership,2025-04-06,Yes,Credit/Debit Card Offers,,Fiber_Optic,02:59:44,20,419.96,8658.07,25.0,563.99,No,Yes,No,Not Applicable,Poor Product Quality
9257e0160c5a7292,61,F,City,Platinum Membership,2025-04-06,No,Without Offers,,Mobile_Data,09:07:12,5,0.0,2908.78,5.0,832.7,Yes,No,No,Not Applicable,Quality Customer Care
9666a5008e88c210,53,M,City,No Membership,2025-04-06,No,Credit/Debit Card Offers,Desktop,Wi-Fi,06:24:30,-999,253.96,19233.1,25.0,1032.199126230719,Yes,No,Yes,Solved,Poor Website
9c1993a029119eab,20,F,Town,Gold Membership,2025-04-06,No,Gift Vouchers/Coupons,Smartphone,Fiber_Optic,00:40:29,11,49.03,17022.13,21.0,621.73,No,Yes,Yes,Unsolved,Poor Customer Service
8b0744092077f415,14,M,Town,Platinum Membership,2025-04-06,Yes,Without Offers,,Fiber_Optic,18:09:55,4,315.28,38195.89,17.0,760.74,Yes,Yes,Yes,Unsolved,Poor Website
804bd19daa2c1018,23,F,City,Basic Membership,2025-04-06,No,Without Offers,Smartphone,Wi-Fi,02:31:33,14,232.93,13540.47,17.0,632.42,Yes,Yes,No,Not Applicable,Poor Website
ad45c1d5ff524adf,25,F,,Silver Membership,2025-04-06,,Gift Vouchers/Coupons,Smartphone,Fiber_Optic,22:20:11,3,714.02,10414.63,9.0,649.04,Yes,No,Yes,Solved,No reason specified
9d34d5158716195c,19,F,Town,No Membership,2025-04-06,No,Without Offers,Smartphone,Wi-Fi,06:46:41,7,139.15,29136.83,5.0,707.15,Yes,No,Yes,Solved in Follow-up,Poor Website
b349ce3c67bfd85b,50,M,Village,Platinum Membership,2025-04-06,No,Credit/Debit Card Offers,Desktop,Wi-Fi,17:07:25,13,263.22,22493.23,20.0,791.87,No,Yes,No,Not Applicable,Too many ads
83afe805e0569f33,38,M,City,Silver Membership,2025-04-06,No,Gift Vouchers/Coupons,Desktop,Fiber_Optic,19:54:03,17,385.82,46693.44,16.0,734.79,No,Yes,Yes,Solved in Follow-up,Products always in Stock
ad003d729d6584fb,36,F,City,Silver Membership,2025-04-06,No,Credit/Debit Card Offers,Smartphone,Mobile_Data,00:58:48,21,217.41,83493.53,14.0,1297.5021863921202,No,Yes,No,Not Applicable,Reasonable Price
8656d61129490fea,13,F,City,Basic Membership,2025-04-06,No,Without Offers,Smartphone,Mobile_Data,12:06:30,19,107.24,20946.04,24.0,707.78,No,Yes,No,Not Applicable,No reason specified
bacefdc3951ea408,64,M,City,Gold Membership,2025-04-06,No,Without Offers,Smartphone,Fiber_Optic,15:30:58,16,166.78,6336.18,19.0,1091.3719444153598,Yes,No,Yes,Solved in Follow-up,Poor Customer Service
b02fb4b6653cd901,59,F,City,Basic Membership,2025-04-06,Yes,Gift Vouchers/Coupons,,Wi-Fi,01:51:23,13,1228.3711864839197,45828.09,0.0,510.37,No,Yes,No,Not Applicable,Poor Product Quality
babd0300c38355a7,30,M,Town,Gold Membership,2025-04-06,No,Without Offers,Smartphone,Wi-Fi,20:17:19,11,279.3,6019.42,12.0,814.74,Yes,No,No,Not Applicable,User Friendly Website
9fe0a5fedca11c4d,20,,Town,Premium Membership,2025-04-06,Yes,Credit/Debit Card Offers,Smartphone,Fiber_Optic,22:17:39,12,585.7,65860.46,15.0,0.0,Yes,Yes,No,Not Applicable,Quality Customer Care
86717d95b936a2a9,21,F,City,Platinum Membership,2025-04-06,Yes,Credit/Debit Card Offers,Desktop,Wi-Fi,14:04:55,18,59.38,97302.2,19.0,700.03,No,Yes,No,Not Applicable,Quality Customer Care
9fdfaf7a0658629a,59,M,Town,Basic Membership,2025-04-06,No,Gift Vouchers/Coupons,Smartphone,Fiber_Optic,20:55:38,20,364.69,18205.47,7.0,401.36595274917664,Yes,Yes,Yes,Unsolved,Poor Customer Service
b8de29e28a27b10b,45,F,City,Platinum Membership,2025-04-06,No,Gift Vouchers/Coupons,Smartphone,Mobile_Data,02:35:38,12,490.56,18063.14,16.0,798.83,No,Yes,No,Not Applicable,Poor Customer Service
bc28b66646e36cba,18,F,Town,Gold Membership,2025-04-06,Yes,Gift Vouchers/Coupons,Both,Wi-Fi,09:33:13,15,0.0,23342.9,15.0,667.12,No,Yes,No,Not Applicable,No reason specified
ab7ee435b9b09802,22,F,Town,Silver Membership,2025-04-06,No,Without Offers,,Fiber_Optic,01:20:04,12,445.79,8864.9,22.0,795.19,No,Yes,No,Not Applicable,Poor Product Quality
94f3979a31d946d4,22,M,,Platinum Membership,2025-04-06,No,Credit/Debit Card Offers,,Fiber_Optic,20:37:22,9,0.0,49805.81,6.0,784.61,Yes,No,Yes,Solved,No reason specified
a8fabcf24437191c,48,M,City,Premium Membership,2025-04-06,No,Gift Vouchers/Coupons,Smartphone,Fiber_Optic,08:27:56,8,30.67,38795.56,12.0,792.42,No,Yes,Yes,No Information Available,No reason specified
89156b53af15cc7e,17,M,City,Silver Membership,2025-04-06,Yes,Credit/Debit Card Offers,Desktop,Fiber_Optic,05:49:16,14,69.31,42177.53,15.0,751.23,No,Yes,Yes,Unsolved,Too many ads
84a444ac0438a377,61,F,City,No Membership,2025-04-06,,Gift Vouchers/Coupons,Desktop,Wi-Fi,16:58:39,9,30.97,38364.97,7.0,566.35,No,Yes,Yes,Solved in Follow-up,Poor Product Quality
9975635d9ab67e7a,14,F,Town,Silver Membership,2025-04-06,No,Credit/Debit Card Offers,Smartphone,Wi-Fi,15:03:44,12,31.12,16276.47,24.0,971.1355092932388,Yes,No,Yes,Unsolved,Poor Website
b153e86d3dc9894c,54,M,City,Premium Membership,2025-04-06,Yes,Credit/Debit Card Offers,Desktop,Fiber_Optic,05:37:30,6,1002.2962205683322,36741.06,28.0,797.6,Yes,No,No,Not Applicable,Poor Website
b19c8b0023e678be,48,M,,Premium Membership,2025-04-06,Yes,Gift Vouchers/Coupons,Both,Fiber_Optic,16:18:41,12,1825.423484310272,59384.67,5.0,462.8746004409159,Yes,No,No,Not Applicable,User Friendly Website
ae82808e4e6997d5,41,F,City,No Membership,2025-04-06,Yes,Gift Vouchers/Coupons,Desktop,Wi-Fi,19:17:10,5,1595.55,6326.5,11.0,650.62,Yes,Yes,Yes,No Information Available,Poor Customer Service
a849c23ec5f49bdb,11,M,City,Platinum Membership,2025-04-06,Yes,Without Offers,Smartphone,Wi-Fi,12:19:58,22,30.19,5410.83,0.0,736.41,No,Yes,No,Not Applicable,Poor Product Quality
be2ef2dba56669c5,52,M,,No Membership,2025-04-06,Yes,Gift Vouchers/Coupons,Desktop,Fiber_Optic,09:55:10,15,155.53,22847.68,25.0,541.19,Yes,No,No,Not Applicable,Poor Product Quality
bafa174d78da87b5,47,F,City,Basic Membership,2025-04-06,No,Without Offers,Desktop,Mobile_Data,21:56:25,10,31.88,2966.12,7.0,643.26,Yes,No,No,Not Applicable,Poor Product Quality
b2467c5f8673cb3f,55,M,City,Platinum Membership,2025-04-06,No,Gift Vouchers/Coupons,Both,Mobile_Data,02:53:13,15,255.96,23514.94,11.0,479.5261417295684,Yes,Yes,No,Not Applicable,Poor Customer Service
b570b57b7148ca88,50,M,Town,No Membership,2025-04-06,No,Without Offers,Desktop,Fiber_Optic,04:44:52,7,33.5,35800.89,28.0,670.3,No,Yes,Yes,Solved in Follow-up,Poor Product Quality
957f2b8c68f906ef,59,F,City,Gold Membership,2025-04-06,No,Without Offers,Smartphone,Fiber_Optic,04:34:51,7,397.84,9826.38,0.0,631.77,No,Yes,No,Not Applicable,No reason specified
be6054fca6606267,56,M,Town,Silver Membership,2025-04-06,No,Gift Vouchers/Coupons,Smartphone,Mobile_Data,18:33:51,13,263.41,46513.77,25.0,705.44,No,Yes,No,Not Applicable,Poor Customer Service
b0c46f33257ef321,19,F,City,Basic Membership,2025-04-06,Yes,Credit/Debit Card Offers,Smartphone,Wi-Fi,02:32:20,9,64.01,43350.81,0.0,254.6775582104147,Yes,No,No,Not Applicable,Poor Website
a005af733047478f,40,F,Town,Silver Membership,2025-04-06,Yes,Without Offers,Desktop,Wi-Fi,09:32:12,11,472.25,39052.32,24.0,761.69,Yes,No,No,Not Applicable,Poor Website
9e80277c3c2e7f28,28,F,City,Premium Membership,2025-04-06,No,Gift Vouchers/Coupons,Smartphone,Wi-Fi,12:47:44,11,76.41,37802.31,14.0,760.54,Yes,No,No,Not Applicable,Poor Customer Service
988a1ae6867fe90a,29,M,Village,Basic Membership,2025-04-06,Yes,Credit/Debit Card Offers,Both,Wi-Fi,08:57:18,5,659.53,12511.72,17.0,544.28,Yes,No,Yes,Unsolved,Poor Product Quality
b404df89717df927,31,F,City,Platinum Membership,2025-04-06,,Gift Vouchers/Coupons,Smartphone,Wi-Fi,08:40:23,12,0.0,81009.58,13.0,1163.6643913728587,Yes,No,Yes,Unsolved,User Friendly Website
a299a7b36701389e,41,F,Town,Gold Membership,2025-04-06,Yes,Credit/Debit Card Offers,Smartphone,Fiber_Optic,15:13:04,-999,1157.4496795477548,28549.34,9.0,735.15,Yes,No,No,Not Applicable,No reason specified
b5b82588d4bee5b3,49,F,,Silver Membership,2025-04-06,Yes,Gift Vouchers/Coupons,Smartphone,Fiber_Optic,00:21:12,16,51.39,30420.46,29.0,631.72,Yes,No,No,Not Applicable,No reason specified
bfe5d7af1c64fec6,60,M,Village,Gold Membership,2025-04-06,No,Without Offers,Smartphone,Wi-Fi,04:19:29,12,141.12,1358.92,28.0,704.0,Yes,No,No,Not Applicable,Poor Product Quality
95948bfebbf0bfca,63,M,City,Basic Membership,2025-04-06,Yes,Without Offers,Desktop,Fiber_Optic,18:17:29,24,47.91,5519.35,17.0,673.06,Yes,No,Yes,Solved,Too many ads
84d872d5cfc314ad,16,M,Town,Platinum Membership,2025-04-06,No,Without Offers,Desktop,Wi-Fi,18:12:22,15,94.2,851.83,15.0,706.39,No,Yes,Yes,Unsolved,Too many ads
ab56348e8abcb73b,44,F,Village,Gold Membership,2025-04-06,No,Without Offers,Desktop,Fiber_Optic,18:11:23,5,1268.4476792485182,40555.28,26.0,638.21,Yes,No,No,Not Applicable,Poor Product Quality
907474f02a0c91ae,55,M,Town,No Membership,2025-04-06,No,Without Offers,Smartphone,Wi-Fi,11:19:58,6,89.91,20357.35,45.92999946802401,625.72,No,Yes,No,Not Applicable,Too many ads
8108c3bbbab89dfb,30,M,,No Membership,2025-04-06,Yes,Without Offers,,Wi-Fi,00:26:01,11,99.41,10962.42,13.0,662.26,No,Yes,No,Not Applicable,Too many ads
87d847293c473692,13,F,City,Basic Membership,2025-04-06,,Gift Vouchers/Coupons,Smartphone,Fiber_Optic,13:11:04,8,302.24,12979.54,28.0,0.0,Yes,No,No,Not Applicable,Too many ads
86ebe08b574114e2,56,M,,Gold Membership,2025-04-06,Yes,Credit/Debit Card Offers,Smartphone,Fiber_Optic,01:08:45,18,1278.747861187138,49991.54,23.0,748.15,No,Yes,Yes,Solved in Follow-up,Too many ads
a07bef80ac58c86a,43,F,,Silver Membership,2025-04-06,Yes,Without Offers,,Mobile_Data,23:46:03,7,518.36,4955.55,26.0,601.36,Yes,No,Yes,No Information Available,Poor Website
898c2e5cc9183c83,28,F,City,Gold Membership,2025-04-06,Yes,Gift Vouchers/Coupons,Smartphone,Wi-Fi,17:47:40,10,88.4,46881.69,7.0,690.12,Yes,No,No,Not Applicable,No reason specified
91b53ec0361dcf5b,37,F,,No Membership,2025-04-06,,Without Offers,Smartphone,Mobile_Data,09:26:54,-999,31.1,18786.01,5.0,500.38,No,Yes,No,Not Applicable,No reason specified
881a3e38a9d9cb15,54,F,Town,Gold Membership,2025-04-06,Yes,Credit/Debit Card Offers,Smartphone,Fiber_Optic,14:34:30,9,143.89,88595.35,5.0,731.76,Yes,No,No,Not Applicable,Reasonable Price
a98d9df4d46e2935,59,F,,Gold Membership,2025-04-06,Yes,Credit/Debit Card Offers,Desktop,Mobile_Data,19:35:07,10,145.85,5470.54,9.0,691.68,Yes,No,Yes,Solved,Poor Customer Service
8ae1627d04cde964,39,F,,Platinum Membership,2025-04-06,Yes,Without Offers,Smartphone,Fiber_Optic,12:38:08,15,205.37,21791.2,11.0,711.81,Yes,No,No,Not Applicable,Poor Website
a100a10562424ad4,30,M,City,No Membership,2025-04-06,Yes,Gift Vouchers/Coupons,Smartphone,Wi-Fi,00:46:18,7,128.31,32680.42,28.0,536.1,Yes,No,Yes,Unsolved,Poor Product Quality
8500a343f493d99c,62,M,City,Silver Membership,2025-04-06,Yes,Gift Vouchers/Coupons,Smartphone,Wi-Fi,15:31:55,2,1329.2396206662606,921.91,12.0,957.4608785195576,No,Yes,No,Not Applicable,Poor Customer Service
8e0e569adb832ec2,60,F,Town,Basic Membership,2025-04-06,Yes,Gift Vouchers/Coupons,Both,Mobile_Data,07:16:09,11,657.32,49804.47,0.0,651.92,No,Yes,Yes,Unsolved,Poor Product Quality
abdca0b4c4749d88,34,F,Town,Basic Membership,2025-04-06,Yes,Credit/Debit Card Offers,Smartphone,Wi-Fi,03:19:44,12,831.76,7578.74,23.0,551.37,No,Yes,No,Not Applicable,Poor Product Quality
b41d29e53a4c1d4b,31,F,Town,Gold Membership,2025-04-06,Yes,Without Offers,Desktop,Fiber_Optic,17:58:02,2,83.86,1573.08,5.0,1213.4631634590214,Yes,No,Yes,Unsolved,Poor Website
a248ba663051aeb5,27,F,City,Basic Membership,2025-04-06,No,Without Offers,Smartphone,Fiber_Optic,07:26:37,2,414.49,4353.44,0.0,601.32,Yes,No,Yes,Solved,Poor Website
ab069b2a025c2820,24,F,City,Gold Membership,2025-04-06,No,Gift Vouchers/Coupons,Both,Mobile_Data,13:08:34,9,234.63,6036.07,20.0,793.55,Yes,Yes,Yes,Unsolved,Poor Customer Service
893819b1a5f479e7,13,M,City,No Membership,2025-04-06,Yes,Without Offers,Desktop,Fiber_Optic,12:17:51,11,0.0,46427.3,7.0,614.71,Yes,No,Yes,Solved in Follow-up,Poor Website
898ad6309f8fbb86,63,M,City,Silver Membership,2025-04-06,Yes,Gift Vouchers/Coupons,Desktop,Wi-Fi,07:57:23,8,33.43,51088.94,1.0,1198.7237103407049,No,Yes,No,Not Applicable,User Friendly Website
9fa9897d2cad5ec2,15,M,City,Basic Membership,2025-04-06,Yes,Credit/Debit Card Offers,Both,Fiber_Optic,09:35:47,10,303.36,42906.25,24.0,610.41,Yes,No,No,Not Applicable,Poor Website
a90b32a6e159a3d1,50,M,City,Gold Membership,2025-04-06,No,Credit/Debit Card Offers,,Wi-Fi,01:57:33,18,34.49,5561.18,12.0,0.0,No,Yes,No,Not Applicable,Quality Customer Care
a4971cce5cbf50fd,10,M,Town,No Membership,2025-04-06,No,Credit/Debit Card Offers,Smartphone,Fiber_Optic,20:04:52,16,85.81,8632.18,6.0,622.71,Yes,No,No,Not Applicable,Poor Customer Service
bc99375bb47dbb1f,62,F,Town,Silver Membership,2025-04-07,Yes,Credit/Debit Card Offers,Smartphone,Mobile_Data,12:04:49,6,294.69,43803.68,19.0,0.0,Yes,Yes,Yes,Solved in Follow-up,Poor Customer Service
ab4867ec687362b0,18,M,Town,Silver Membership,2025-04-07,No,Gift Vouchers/Coupons,Desktop,Fiber_Optic,03:56:41,19,98.56,36102.57,7.0,0.0,No,Yes,No,Not Applicable,Reasonable Price
969f4ea11d9d3833,27,F,Town,Silver Membership,2025-04-07,No,Gift Vouchers/Coupons,Desktop,Mobile_Data,00:25:02,12,107.79,21703.2,5.0,1172.0148825312767,No,Yes,No,Not Applicable,Poor Website
a56138907843a4fe,49,F,Town,Silver Membership,2025-04-07,Yes,Gift Vouchers/Coupons,,Wi-Fi,17:24:59,1,153.21,36905.38,29.0,0.0,No,Yes,No,Not Applicable,No reason specified
9f3c642ddb0f1dfc,46,M,Town,Basic Membership,2025-04-07,No,Gift Vouchers/Coupons,Desktop,Mobile_Data,23:24:02,21,465.88,18624.48,12.0,524.01,No,Yes,Yes,No Information Available,Poor Product Quality
96bb5b72545ddeab,47,F,City,Gold Membership,2025-04-07,Yes,Without Offers,Smartphone,Fiber_Optic,02:43:37,17,106.08,42482.76,25.0,955.1175720672892,No,Yes,Yes,Solved in Follow-up,Poor Customer Service
afbef321219d719c,50,F,,Gold Membership,2025-04-07,No,Gift Vouchers/Coupons,Desktop,Mobile_Data,23:37:37,10,172.22,22718.69,11.0,716.44,Yes,No,No,Not Applicable,Poor Customer Service
ab4a36a6b822094f,40,M,,Premium Membership,2025-04-07,Yes,Credit/Debit Card Offers,,Mobile_Data,09:05:50,14,332.06,37335.47,19.0,749.14,Yes,No,No,Not Applicable,Poor Website
b4b7cb89e25ae7c8,20,F,Town,Gold Membership,2025-04-07,No,Credit/Debit Card Offers,Smartphone,Fiber_Optic,15:46:51,9,126.82,1732.45,8.0,758.87,No,Yes,No,Not Applicable,No reason specified
8a1f2c4a6426a345,12,M,Town,Platinum Membership,2025-04-07,No,Gift Vouchers/Coupons,Both,Mobile_Data,17:56:02,8,1415.155826671671,76199.12,14.0,1035.1986686688874,Yes,Yes,No,Not Applicable,Reasonable Price
80f4c2c2c5c19864,51,F,Village,No Membership,2025-04-07,No,Credit/Debit Card Offers,Smartphone,Wi-Fi,11:08:45,5,204.01,11395.95,0.0,671.14,No,Yes,Yes,Solved,No reason specified
a830f5defcbd08ca,21,M,,Basic Membership,2025-04-07,No,Gift Vouchers/Coupons,,Mobile_Data,03:34:01,12,93.64,24577.49,29.0,681.9,Yes,No,No,Not Applicable,No reason specified
acd23ea203f4d2fe,37,M,Town,Gold Membership,2025-04-07,,Gift Vouchers/Coupons,Desktop,Fiber_Optic,21:10:19,9,106.22,36994.39,0.0,97.7535686312388,Yes,No,Yes,Solved,Reasonable Price
ba777733b9dc7eea,54,M,Town,Platinum Membership,2025-04-07,No,Without Offers,Desktop,Mobile_Data,17:44:39,10,102.45,30580.79,27.0,773.61,Yes,No,No,Not Applicable,Poor Product Quality
abb6eec7a03c8c90,56,F,City,Gold Membership,2025-04-07,No,Gift Vouchers/Coupons,,Fiber_Optic,10:27:47,6,64.54,10421.51,19.0,1203.6014405035264,Yes,No,Yes,Solved,Too many ads
868334758c848066,47,F,Town,Premium Membership,2025-04-07,No,Without Offers,Smartphone,Fiber_Optic,18:36:36,16,100.83,14297.65,12.0,791.79,Yes,No,Yes,Unsolved,Poor Product Quality
a7341f48361ab906,10,F,Town,Platinum Membership,2025-04-07,No,Without Offers,Smartphone,Wi-Fi,17:19:49,6,369.65,4010.61,26.0,261.96725584777784,Yes,Yes,No,Not Applicable,Poor Website
b49fce81d4036ade,47,F,City,No Membership,2025-04-07,No,Gift Vouchers/Coupons,Desktop,Mobile_Data,10:51:15,8,346.02,21943.66,26.0,837.8774714827696,No,Yes,Yes,Unsolved,No reason specified
9e032c24d0e6fc24,27,F,Town,Silver Membership,2025-04-07,,Credit/Debit Card Offers,,Fiber_Optic,18:01:47,14,36.47,40894.81,28.0,670.01,Yes,No,No,Not Applicable,Poor Customer Service
bfcca854eb79496f,51,M,,No Membership,2025-04-07,Yes,Credit/Debit Card Offers,Smartphone,Fiber_Optic,23:44:42,7,31.55,48426.03,6.0,558.24,No,Yes,No,Not Applicable,Too many ads
803a31173212311a,41,M,,Premium Membership,2025-04-07,,,Both,Fiber_Optic,11:06:42,10,764.99,23781.92,6.0,0.0,No,Yes,Yes,Solved in Follow-up,Poor Product Quality
88e2e950bb387676,42,F,,No Membership,2025-04-07,No,Credit/Debit Card Offers,Smartphone,Mobile_Data,21:16:25,17,202.89,42399.92,7.0,644.05,Yes,No,Yes,Unsolved,Poor Product Quality
b656dc40af8b8c33,59,F,City,Platinum Membership,2025-04-07,No,Credit/Debit Card Offers,Both,Wi-Fi,09:00:35,14,461.67,24445.63,14.0,746.74,Yes,No,Yes,Unsolved,Poor Website
b625af429edf3c70,46,M,City,Basic Membership,2025-04-07,Yes,Without Offers,Smartphone,Wi-Fi,01:22:42,12,862.01,4548.1,11.0,521.97,Yes,Yes,Yes,No Information Available,Poor Website
89a636ae8e900aaa,26,M,Village,Silver Membership,2025-04-07,Yes,Gift Vouchers/Coupons,Smartphone,Mobile_Data,16:40:49,23,142.85,13224.15,29.0,744.29,No,Yes,Yes,No Information Available,Poor Website
9cd821134e3f0f11,50,M,Village,Premium Membership,2025-04-07,Yes,Gift Vouchers/Coupons,Smartphone,Fiber_Optic,01:59:37,8,49.78,42936.4,14.0,0.0,No,Yes,Yes,Solved,Too many ads
b88fa935923dd3d3,21,M,Town,Gold Membership,2025-04-07,Yes,Without Offers,Desktop,Mobile_Data,21:41:10,5,34.59,5850.55,18.0,637.05,No,Yes,Yes,Solved,No reason specified
a5b84ae77fa432a9,14,M,Town,Gold Membership,2025-04-07,Yes,Gift Vouchers/Coupons,Smartphone,Wi-Fi,20:07:34,19,61.73,20433.8,17.0,725.54,No,Yes,No,Not Applicable,No reason specified
967bdf58017e11c0,54,M,Town,Silver Membership,2025-04-07,No,Credit/Debit Card Offers,Smartphone,Fiber_Optic,05:02:48,7,31.1,23395.0,19.0,608.28,Yes,No,No,Not Applicable,No reason specified
a8fe9503362012a1,42,M,Village,Silver Membership,2025-04-07,,Credit/Debit Card Offers,,Fiber_Optic,17:45:24,8,294.4,55351.33,19.0,1254.2481431515366,Yes,Yes,No,Not Applicable,Reasonable Price
841832829d8fe974,25,M,City,Premium Membership,2025-04-07,Yes,Without Offers,Smartphone,Mobile_Data,19:29:48,22,194.97,26403.68,8.0,1031.5563237933188,No,Yes,Yes,Unsolved,Poor Product Quality
9b7e18ed629308e8,13,F,Town,Silver Membership,2025-04-07,No,Gift Vouchers/Coupons,Desktop,Wi-Fi,12:33:27,23,94.38,17272.99,28.0,0.0,No,Yes,No,Not Applicable,Poor Product Quality
bc651a6e5bc2d1b3,48,F,City,Silver Membership,2025-04-07,,Without Offers,,Fiber_Optic,04:28:38,12,354.49,11016.9,20.0,619.8,Yes,No,Yes,No Information Available,No reason specified
9adce1e56447d550,59,F,,Platinum Membership,2025-04-07,No,Gift Vouchers/Coupons,Desktop,Wi-Fi,20:14:13,11,1220.8132304512376,47990.19,26.0,749.62,No,Yes,No,Not Applicable,Poor Website
843c179862345f79,38,F,,Basic Membership,2025-04-07,Yes,Without Offers,Desktop,Fiber_Optic,23:14:01,6,687.93,3762.29,22.0,666.85,Yes,No,No,Not Applicable,Poor Product Quality
9136f7b4229acb1c,45,M,Town,Silver Membership,2025-04-07,No,Gift Vouchers/Coupons,Desktop,Fiber_Optic,05:02:49,6,1191.829059101316,8113.87,0.0,720.96,No,Yes,Yes,No Information Available,Too many ads
be93af62cf8e5ea0,20,M,Town,Platinum Membership,2025-04-07,No,Credit/Debit Card Offers,Smartphone,Mobile_Data,11:05:00,19,64.3,49812.55,11.0,719.44,No,Yes,Yes,Solved in Follow-up,User Friendly Website
944f2afb350d02f4,45,F,City,Basic Membership,2025-04-07,Yes,Gift Vouchers/Coupons,Both,Fiber_Optic,12:18:15,8,0.0,11197.81,20.0,517.68,No,Yes,Yes,Unsolved,Poor Product Quality
ae9026aa3aaee43b,47,M,Town,Premium Membership,2025-04-07,,Gift Vouchers/Coupons,Desktop,Mobile_Data,16:14:33,13,102.75,97654.93,8.0,721.92,No,Yes,Yes,No Information Available,Products always in Stock
b4f6d7c2317dae28,31,F,Town,No Membership,2025-04-07,Yes,Gift Vouchers/Coupons,Desktop,Mobile_Data,17:42:10,12,0.0,37310.44,29.0,656.28,No,Yes,No,Not Applicable,Poor Customer Service
a62cfb1f632b404e,10,F,City,Silver Membership,2025-04-07,Yes,Without Offers,Smartphone,Wi-Fi,22:27:59,9,32.13,20956.15,52.834061928481376,772.91,No,Yes,Yes,Solved,No reason specified
9b4f1c8a1da11d36,29,M,City,No Membership,2025-04-07,Yes,Credit/Debit Card Offers,,Wi-Fi,01:41:33,7,185.36,33082.42,0.0,0.0,No,Yes,Yes,Solved in Follow-up,Poor Customer Service
8cfbc642a889e0f3,57,M,City,Basic Membership,2025-04-07,No,Gift Vouchers/Coupons,,Wi-Fi,23:10:20,19,129.44,31899.86,5.0,245.5860727991296,No,Yes,No,Not Applicable,No reason specified
9666be2c74eed4b3,36,F,Town,Gold Membership,2025-04-07,,Credit/Debit Card Offers,Smartphone,Fiber_Optic,09:29:58,11,186.99,83740.72,4.0,309.83830119638617,No,Yes,Yes,No Information Available,Reasonable Price
9093e34d9f3a31d6,16,M,City,Gold Membership,2025-04-07,No,Credit/Debit Card Offers,Desktop,Wi-Fi,16:36:02,18,31.12,8462.74,21.0,665.31,Yes,No,No,Not Applicable,Too many ads
be09167c33a73d89,21,F,City,Basic Membership,2025-04-07,No,Credit/Debit Card Offers,Desktop,Mobile_Data,10:21:17,9,54.72,4892.06,22.0,0.0,Yes,No,No,Not Applicable,Poor Product Quality
a65a62e53ed2339e,30,M,Town,Platinum Membership,2025-04-07,No,Credit/Debit Card Offers,,Wi-Fi,22:40:03,3,1418.5440936396667,68887.08,7.0,431.0462050490913,No,Yes,Yes,No Information Available,Reasonable Price
96e81f23bc5900d7,42,M,Town,Premium Membership,2025-04-07,No,Gift Vouchers/Coupons,Desktop,Wi-Fi,13:17:04,19,33.9,22230.29,0.0,781.24,Yes,No,No,Not Applicable,Poor Product Quality
aa4ea26bf273baa4,26,M,City,No Membership,2025-04-07,No,Gift Vouchers/Coupons,Smartphone,Mobile_Data,05:16:23,16,41.69,32803.22,24.0,0.0,Yes,No,Yes,Solved,Poor Website
82ea624dcfe7a953,50,M,Village,Premium Membership,2025-04-07,Yes,Without Offers,,Fiber_Optic,10:33:07,7,195.51,5504.44,7.0,250.6131069635076,Yes,No,No,Not Applicable,Products always in Stock
88e571fe16d765d1,41,M,Town,Gold Membership,2025-04-07,Yes,Gift Vouchers/Coupons,Desktop,Mobile_Data,14:48:05,12,0.0,10666.9,22.0,765.65,Yes,No,No,Not Applicable,No reason specified
bcfb11fab55c625f,25,M,City,No Membership,2025-04-07,,Credit/Debit Card Offers,Desktop,Wi-Fi,18:56:36,-999,31.37,49179.84,28.0,679.74,Yes,No,Yes,No Information Available,Poor Customer Service
b9f08699756a8144,57,M,Village,Silver Membership,2025-04-07,Yes,Gift Vouchers/Coupons,Both,Wi-Fi,10:46:52,20,0.0,86358.56,18.0,779.08,Yes,No,No,Not Applicable,User Friendly Website
821d2f745e448bb4,44,M,Town,Basic Membership,2025-04-07,No,Gift Vouchers/Coupons,Smartphone,Wi-Fi,11:04:57,18,32.96,1254.96,18.0,665.25,No,Yes,Yes,Solved,Poor Customer Service
81905100904f039d,41,F,City,No Membership,2025-04-07,,Credit/Debit Card Offers,Smartphone,Wi-Fi,11:39:22,16,0.0,42247.98,16.0,0.0,No,Yes,No,Not Applicable,Too many ads
81a90cf6d40c4359,36,M,City,Premium Membership,2025-04-07,No,Credit/Debit Card Offers,Smartphone,Fiber_Optic,11:32:08,24,155.84,46065.83,9.0,0.0,No,Yes,Yes,Solved in Follow-up,Poor Product Quality
9e298c850748f290,20,F,Town,Gold Membership,2025-04-07,,Without Offers,Smartphone,Mobile_Data,12:38:25,17,153.56,6694.16,21.0,0.0,Yes,No,Yes,No Information Available,Too many ads
bff70f62c7163bdc,61,M,Town,Platinum Membership,2025-04-07,No,Credit/Debit Card Offers,Desktop,Mobile_Data,22:45:36,15,151.12,11762.87,3.0,835.02,No,Yes,No,Not Applicable,User Friendly Website
813bd77a21c3934b,20,M,City,Platinum Membership,2025-04-07,,Without Offers,Desktop,Mobile_Data,16:18:16,22,30.77,18503.62,6.0,0.0,Yes,No,Yes,Unsolved,User Friendly Website
ae901d081729f9be,50,M,Town,Basic Membership,2025-04-07,Yes,Without Offers,Desktop,Fiber_Optic,15:08:54,11,30.6,13389.87,0.0,687.33,Yes,No,No,Not Applicable,Poor Website
8a3c2fda5c5a3641,27,M,,Basic Membership,2025-04-07,No,Gift Vouchers/Coupons,Desktop,Mobile_Data,11:26:11,12,0.0,10214.34,15.0,710.48,No,Yes,No,Not Applicable,Too many ads
94d48a18ff552200,33,M,,Gold Membership,2025-04-07,,Credit/Debit Card Offers,,Fiber_Optic,12:23:09,10,59.97,43581.43,7.0,777.37,No,Yes,Yes,Solved in Follow-up,Poor Website
8a917aee7af9ac64,29,M,City,Platinum Membership,2025-04-07,,Gift Vouchers/Coupons,Desktop,Fiber_Optic,17:21:49,2,52.17,90045.71,1.0,750.59,Yes,No,Yes,Solved,Products always in Stock
a5f8b7a008f91ceb,11,M,Town,Gold Membership,2025-04-07,Yes,Credit/Debit Card Offers,Both,Fiber_Optic,06:16:01,13,590.4,15188.52,0.0,628.57,Yes,No,No,Not Applicable,Poor Website
b9db3a54147bf7fe,48,F,Town,Premium Membership,2025-04-07,No,Credit/Debit Card Offers,,Mobile_Data,22:51:16,10,343.55,19042.73,16.0,785.02,Yes,No,Yes,Unsolved,Too many ads
a8874ca820f5bcfe,49,M,Town,Gold Membership,2025-04-07,No,Gift Vouchers/Coupons,Desktop,Fiber_Optic,09:03:16,15,178.62,24954.99,11.0,242.9985000911536,No,Yes,Yes,Solved,Poor Website
aa894cdac1332b6b,11,F,Town,Basic Membership,2025-04-07,No,Credit/Debit Card Offers,Smartphone,Mobile_Data,11:45:40,23,165.0,42720.98,25.0,600.59,Yes,No,No,Not Applicable,Too many ads
974831a69e80d841,39,M,,Gold Membership,2025-04-07,No,Gift Vouchers/Coupons,Desktop,Wi-Fi,06:19:12,11,74.18,5803.43,20.0,793.0,Yes,No,No,Not Applicable,No reason specified
9f578d066d915e47,19,M,City,Platinum Membership,2025-04-07,Yes,Gift Vouchers/Coupons,Both,Wi-Fi,14:34:12,8,657.65,51773.73,9.0,761.18,Yes,Yes,No,Not Applicable,Reasonable Price
81e99a9efd752f19,45,M,Town,Gold Membership,2025-04-07,Yes,Without Offers,Smartphone,Fiber_Optic,03:50:11,4,257.94,47772.77,13.0,756.42,Yes,Yes,Yes,No Information Available,Quality Customer Care
85a467cddef9dd2d,54,F,Town,No Membership,2025-04-07,No,Gift Vouchers/Coupons,,Wi-Fi,14:36:56,17,411.47,31060.17,13.0,639.38,No,Yes,Yes,Solved,Poor Website
842e9418b24d3ff7,23,F,City,Platinum Membership,2025-04-07,No,Without Offers,Both,Wi-Fi,03:26:32,13,1386.970422568975,73874.38,14.0,720.5,Yes,No,No,Not Applicable,Reasonable Price
87f7813c49d44d84,11,F,Town,Basic Membership,2025-04-07,Yes,,Desktop,Wi-Fi,23:35:44,9,51.5,17277.94,10.0,805.6387094056798,No,Yes,No,Not Applicable,No reason specified
b358f5f2748367f2,37,M,City,Gold Membership,2025-04-07,Yes,Credit/Debit Card Offers,Desktop,Fiber_Optic,16:15:37,2,69.03,32510.32,16.0,724.95,Yes,No,Yes,Unsolved,Poor Customer Service
bb930045dc7e9b9d,13,M,City,Silver Membership,2025-04-07,Yes,Gift Vouchers/Coupons,Desktop,Mobile_Data,17:53:28,11,135.88,6253.51,16.0,444.7131507823226,Yes,No,No,Not Applicable,Poor Website
b0d46b60a3db4368,28,F,Town,Silver Membership,2025-04-07,Yes,Credit/Debit Card Offers,,Mobile_Data,02:47:05,10,33.67,8750.55,24.0,0.0,No,Yes,Yes,Unsolved,Too many ads
a2be946ae5fe0fb5,16,M,,Basic Membership,2025-04-07,Yes,Credit/Debit Card Offers,Desktop,Wi-Fi,06:24:56,21,30.86,8115.3,0.0,248.2757016480517,Yes,No,Yes,Solved in Follow-up,Poor Website
885c37b70e435ca7,37,M,City,Platinum Membership,2025-04-07,Yes,Without Offers,Desktop,Fiber_Optic,12:03:50,18,208.01,12439.51,11.0,776.2,No,Yes,No,Not Applicable,Poor Product Quality
b761dc55b7ecf273,17,M,Town,Basic Membership,2025-04-07,Yes,Without Offers,Desktop,Wi-Fi,15:04:04,15,259.61,11664.52,0.0,625.08,No,Yes,No,Not Applicable,Poor Product Quality
b8699a09edd87ac0,15,F,Town,Silver Membership,2025-04-07,No,Credit/Debit Card Offers,Desktop,Wi-Fi,13:25:42,13,34.02,25053.16,18.0,783.42,Yes,No,Yes,Solved,Too many ads
b950745fe4798c8a,60,F,Village,Platinum Membership,2025-04-07,No,Gift Vouchers/Coupons,Smartphone,Fiber_Optic,13:17:16,24,160.05,24433.75,8.0,0.0,Yes,No,No,Not Applicable,Poor Customer Service
93fcb30472b4298f,10,M,City,Platinum Membership,2025-04-07,Yes,Without Offers,Desktop,Wi-Fi,00:08:28,20,363.16,47714.7,6.0,381.7104175221926,No,Yes,Yes,Solved,Too many ads
9363a59fd262c182,58,M,Town,No Membership,2025-04-07,Yes,Without Offers,,Wi-Fi,06:32:59,18,34.18,22571.15,9.0,1027.807976565646,Yes,No,No,Not Applicable,No reason specified
b987965b8db13930,37,M,,Silver Membership,2025-04-07,Yes,Without Offers,Desktop,Fiber_Optic,08:21:28,19,535.05,14370.54,22.0,738.42,Yes,Yes,Yes,No Information Available,Poor Website
97daaac4921f1042,57,F,Village,Basic Membership,2025-04-07,No,Gift Vouchers/Coupons,Desktop,Wi-Fi,01:44:44,24,50.42,1814.26,21.0,685.76,No,Yes,No,Not Applicable,Poor Product Quality
bebc4739b9d1b371,35,M,,No Membership,2025-04-07,No,Gift Vouchers/Coupons,,Fiber_Optic,07:35:53,5,241.74,32781.78,24.0,684.56,Yes,No,No,Not Applicable,No reason specified
9c8c2433afdcbba8,45,M,Town,Gold Membership,2025-04-07,Yes,Without Offers,Desktop,Mobile_Data,10:01:41,11,57.92,8183.17,16.0,673.59,No,Yes,No,Not Applicable,Poor Customer Service
b300ee6754524583,20,M,City,No Membership,2025-04-07,,Credit/Debit Card Offers,Desktop,Wi-Fi,11:07:32,14,104.43,1909.95,15.0,500.15,Yes,No,Yes,Unsolved,Poor Website
87fd0e6ae580e96f,16,M,Town,Silver Membership,2025-04-07,No,Credit/Debit Card Offers,Desktop,Fiber_Optic,18:14:15,7,89.46,15678.25,11.0,140.8670016245463,No,Yes,No,Not Applicable,Too many ads
b1f5ae09aae89650,12,M,City,Silver Membership,2025-04-07,No,Credit/Debit Card Offers,,Mobile_Data,15:09:08,23,0.0,9369.26,0.0,788.53,No,Yes,No,Not Applicable,Poor Website
b03cd6d1966e6e66,62,F,Town,Silver Membership,2025-04-07,Yes,Without Offers,Desktop,Mobile_Data,04:05:57,21,52.21,30309.86,0.0,774.6,No,Yes,Yes,Solved in Follow-up,Poor Customer Service
b7a27e50f5c2eb87,63,M,Town,No Membership,2025-04-07,No,Credit/Debit Card Offers,Desktop,Mobile_Data,15:14:57,5,169.78,35075.17,0.0,504.23,Yes,No,Yes,No Information Available,Poor Customer Service
b4c87a95108a770c,32,F,City,Gold Membership,2025-04-07,No,Credit/Debit Card Offers,Smartphone,Fiber_Optic,07:45:58,17,221.92,38887.67,0.0,980.3535312491672,Yes,Yes,Yes,Solved in Follow-up,Poor Product Quality
9395cdce96164e4b,53,M,Village,No Membership,2025-04-07,Yes,Without Offers,Desktop,Fiber_Optic,07:18:38,7,553.94,31420.83,15.0,759.7399940285209,Yes,No,Yes,Solved,Poor Customer Service
991218bbcb6de7a5,42,M,City,Basic Membership,2025-04-07,Yes,Gift Vouchers/Coupons,Desktop,Wi-Fi,19:23:57,16,373.18,7962.03,7.0,508.46,Yes,Yes,Yes,No Information Available,Poor Website
af62f790f7f08ed5,62,F,Town,Silver Membership,2025-04-07,No,Gift Vouchers/Coupons,Desktop,Wi-Fi,07:12:30,16,244.35,34513.03,8.0,631.04,No,Yes,Yes,Unsolved,Poor Customer Service
864db3547d8e0ae7,18,M,Village,Platinum Membership,2025-04-07,,Without Offers,,Mobile_Data,18:14:30,13,1204.42,15722.71,0.0,710.85,Yes,Yes,Yes,Unsolved,Poor Product Quality
bf25c3bc1ea6bd69,50,M,Town,Premium Membership,2025-04-07,,Gift Vouchers/Coupons,Desktop,Mobile_Data,06:48:48,20,0.0,884.15,16.0,1214.6331715774627,Yes,No,Yes,Solved in Follow-up,Poor Product Quality
825fd031f15a7212,39,F,City,Basic Membership,2025-04-07,No,Credit/Debit Card Offers,Smartphone,Mobile_Data,06:44:08,17,177.84,39982.24,17.0,503.4,No,Yes,Yes,Solved,Poor Product Quality
85d21d1691a452d8,23,M,Town,Silver Membership,2025-04-07,Yes,Credit/Debit Card Offers,,Fiber_Optic,01:41:58,17,1206.31,8465.88,16.0,755.81,No,Yes,Yes,Solved in Follow-up,Quality Customer Care
98da768eef6ba6d6,26,F,Town,Basic Membership,2025-04-07,,Gift Vouchers/Coupons,Smartphone,Wi-Fi,06:27:06,12,41.58,3569.93,25.0,622.58,No,Yes,Yes,No Information Available,Poor Customer Service
a31d7039b4b90410,46,M,Town,No Membership,2025-04-07,Yes,Gift Vouchers/Coupons,Desktop,Wi-Fi,05:48:20,19,269.48,9867.82,24.0,630.11,No,Yes,No,Not Applicable,Poor Website
85a37333ff560c34,18,F,City,Gold Membership,2025-04-07,No,Without Offers,Desktop,Fiber_Optic,01:46:53,11,98.39,91848.73,10.0,0.0,Yes,No,Yes,Unsolved,Products always in Stock
9ecd096abc77ff97,24,M,Town,No Membership,2025-04-07,No,Without Offers,Desktop,Wi-Fi,17:17:43,13,87.09,30816.99,21.0,655.29,Yes,No,No,Not Applicable,No reason specified
a8c9203f45544502,41,M,,Basic Membership,2025-04-07,,Gift Vouchers/Coupons,Both,Wi-Fi,18:57:02,16,212.49,30013.95,8.0,0.0,No,Yes,No,Not Applicable,Poor Product Quality
a128fb80c4aa55c0,20,M,Town,Basic Membership,2025-04-07,Yes,Gift Vouchers/Coupons,,Mobile_Data,23:59:01,19,52.49,46215.9,18.0,631.99,No,Yes,Yes,Unsolved,Too many ads
a5d7547ef37bc134,47,M,Town,Silver Membership,2025-04-08,Yes,Gift Vouchers/Coupons,Smartphone,Wi-Fi,02:56:58,13,65.89,42054.69,26.0,653.46,No,Yes,Yes,Solved in Follow-up,Poor Customer Service
ab39a4876ea3568c,52,M,Town,Platinum Membership,2025-04-08,No,Gift Vouchers/Coupons,,Wi-Fi,18:42:48,21,176.58,30126.02,13.411503799853168,785.21,Yes,No,No,Not Applicable,Poor Customer Service
93d60864e3d6eca1,26,M,Village,Basic Membership,2025-04-08,No,Without Offers,Desktop,Fiber_Optic,22:18:52,12,227.04,2628.93,17.0,507.74,No,Yes,Yes,Solved,Poor Customer Service
b535404ab4ead86b,32,F,,No Membership,2025-04-08,,Without Offers,Smartphone,Wi-Fi,13:01:09,16,576.88,6757.91,0.0,585.48,No,Yes,Yes,No Information Available,No reason specified
9a414656eed994ef,28,M,Town,Silver Membership,2025-04-08,Yes,Credit/Debit Card Offers,Both,Wi-Fi,07:00:34,17,873.55,23699.26,14.0,746.72,No,Yes,No,Not Applicable,Poor Website
818fd05f8cdd1744,32,M,Town,Gold Membership,2025-04-08,Yes,Credit/Debit Card Offers,Desktop,Mobile_Data,05:06:23,2,32.68,39271.98,10.0,718.42,No,Yes,Yes,Solved,Poor Customer Service
9b498510ab052842,56,F,City,Basic Membership,2025-04-08,,Credit/Debit Card Offers,,Wi-Fi,19:21:44,22,341.41,8218.67,27.0,626.5,Yes,Yes,No,Not Applicable,Poor Product Quality
b926067738226853,49,M,Village,Gold Membership,2025-04-08,,Without Offers,Desktop,Wi-Fi,18:26:26,9,34.17,32326.08,9.0,653.7,No,Yes,Yes,Unsolved,Too many ads
8c13160a4f2a9e77,28,M,,Gold Membership,2025-04-08,Yes,Without Offers,,Mobile_Data,23:28:43,14,122.18,21367.6,23.0,268.68336707793065,Yes,No,Yes,No Information Available,Poor Website
bcf2eb2ddb948184,25,M,City,Premium Membership,2025-04-08,No,Without Offers,Smartphone,Fiber_Optic,10:27:18,7,120.48,37367.33,21.0,313.42299719516467,Yes,No,Yes,Solved,Poor Website
822d4c80b0276b10,30,F,City,Gold Membership,2025-04-08,No,Without Offers,Smartphone,Fiber_Optic,03:38:45,5,1203.7423033042382,1520.12,27.0,720.79,No,Yes,Yes,No Information Available,Too many ads
a1b7828bf0788ef6,25,M,Town,Basic Membership,2025-04-08,No,Gift Vouchers/Coupons,Smartphone,Fiber_Optic,19:58:34,7,71.14,28501.03,0.0,657.8,Yes,No,No,Not Applicable,No reason specified
8e82820cd09a5a64,30,F,Town,Basic Membership,2025-04-08,Yes,Credit/Debit Card Offers,Smartphone,Mobile_Data,04:40:11,16,376.8,34634.31,27.0,502.85,Yes,No,No,Not Applicable,No reason specified
b3e28e631ea1d827,45,F,City,Gold Membership,2025-04-08,No,Credit/Debit Card Offers,Smartphone,Mobile_Data,19:26:10,19,126.34,3099.29,25.0,797.19,No,Yes,No,Not Applicable,Too many ads
bf5b0ebcecf97c46,43,F,,No Membership,2025-04-08,,Without Offers,Smartphone,Mobile_Data,13:24:54,11,181.66,15563.9,26.0,0.0,No,Yes,Yes,Unsolved,Poor Website
8e1ddf941d45c3ee,13,M,Town,No Membership,2025-04-08,Yes,Credit/Debit Card Offers,,Mobile_Data,18:32:11,15,31.41,24481.31,19.0,655.31,Yes,No,No,Not Applicable,Poor Product Quality
99b2dc03e8b2349b,34,F,Village,Platinum Membership,2025-04-08,No,Credit/Debit Card Offers,Smartphone,Fiber_Optic,00:03:43,7,126.95,33449.32,25.0,547.6718554403681,No,Yes,Yes,No Information Available,Poor Website
bbce31620ab199ae,57,F,Town,Basic Membership,2025-04-08,No,Without Offers,Smartphone,Wi-Fi,20:54:04,16,1293.1879140446108,30465.84,7.0,511.62,Yes,No,Yes,Solved,Too many ads
a17b5f5b2719295d,61,M,City,Premium Membership,2025-04-08,No,Credit/Debit Card Offers,Smartphone,Mobile_Data,00:53:44,11,172.25,72053.89,6.0,0.0,Yes,No,Yes,Solved in Follow-up,User Friendly Website
b93ead8805a47f7d,45,M,Town,No Membership,2025-04-08,Yes,Without Offers,,Wi-Fi,16:35:56,9,58.22,15214.43,7.0,0.0,Yes,No,No,Not Applicable,Poor Product Quality
98ccd511ddeb4586,17,M,City,Basic Membership,2025-04-08,No,Gift Vouchers/Coupons,Desktop,Fiber_Optic,20:16:44,22,311.55,9935.18,23.0,637.65,Yes,Yes,No,Not Applicable,Poor Product Quality
80e73f2197da175d,53,F,Town,Basic Membership,2025-04-08,,Credit/Debit Card Offers,Smartphone,Fiber_Optic,16:08:22,23,33.84,25600.49,12.0,587.77,No,Yes,Yes,Solved in Follow-up,Poor Website
aace369febf9299a,13,F,City,No Membership,2025-04-08,No,Credit/Debit Card Offers,Desktop,Fiber_Optic,17:39:23,11,352.53,15136.24,0.0,0.0,Yes,No,No,Not Applicable,Poor Product Quality
ba0a4b34cce27995,25,F,City,Gold Membership,2025-04-08,No,Credit/Debit Card Offers,Desktop,Fiber_Optic,10:17:49,11,425.6,4500.39,4.0,719.62,Yes,No,Yes,No Information Available,Quality Customer Care
8c55e0be8c540942,15,F,Village,Premium Membership,2025-04-08,Yes,Without Offers,,Fiber_Optic,03:24:10,21,178.14,75958.0,18.0,842.07,No,Yes,No,Not Applicable,Reasonable Price
926517dee7214be9,46,M,Town,Basic Membership,2025-04-08,Yes,Without Offers,Smartphone,Mobile_Data,22:22:11,5,60.65,30200.61,0.0,626.47,No,Yes,Yes,Unsolved,Poor Product Quality
a19a58ee16840592,44,F,City,Gold Membership,2025-04-08,Yes,Credit/Debit Card Offers,Smartphone,Fiber_Optic,18:35:42,14,31.49,6370.97,6.0,644.5,No,Yes,No,Not Applicable,No reason specified
82a5ab9bb33cc9f6,64,F,City,Premium Membership,2025-04-08,Yes,Credit/Debit Card Offers,Desktop,Mobile_Data,13:03:40,13,32.97,14723.26,19.0,288.39335017676444,Yes,No,No,Not Applicable,Reasonable Price
b8fe9538fc232fc8,14,F,Town,Basic Membership,2025-04-08,No,Credit/Debit Card Offers,,Fiber_Optic,13:44:13,16,418.77,29340.23,14.0,542.53,Yes,Yes,No,Not Applicable,Poor Customer Service
824f17d86d3a88be,56,F,Village,No Membership,2025-04-08,No,Credit/Debit Card Offers,Desktop,Fiber_Optic,21:15:00,10,176.04,16155.35,9.0,518.63,Yes,No,Yes,No Information Available,Poor Product Quality
93ee5e0eb2a91f36,60,F,City,Gold Membership,2025-04-08,Yes,Without Offers,Smartphone,Mobile_Data,01:45:21,24,229.66,34823.98,10.0,694.29,No,Yes,No,Not Applicable,Too many ads
b2441c47a3227c08,32,F,City,Basic Membership,2025-04-08,Yes,Without Offers,Desktop,Fiber_Optic,06:41:11,12,245.72,28447.64,29.0,612.34,Yes,No,No,Not Applicable,No reason specified
94cf39fad631af44,32,F,City,Basic Membership,2025-04-08,,Without Offers,Desktop,Fiber_Optic,17:22:16,18,67.72,17410.63,27.0,621.07,Yes,No,Yes,No Information Available,Too many ads
aaed5d47e927de46,34,M,City,Premium Membership,2025-04-08,Yes,Without Offers,Both,Fiber_Optic,06:33:37,9,1238.64,18315.51,26.0,724.68,Yes,Yes,No,Not Applicable,Poor Website
819f5cf25c7239b8,20,M,Town,Silver Membership,2025-04-08,No,Credit/Debit Card Offers,Desktop,Fiber_Optic,18:15:36,8,1189.920798328247,44725.17,25.0,215.6091651735356,Yes,No,Yes,Unsolved,Poor Website
b4b79e2f26ea57c7,59,F,City,Silver Membership,2025-04-08,,Without Offers,Smartphone,Fiber_Optic,04:44:27,11,31.41,11267.36,21.0,731.74,Yes,No,No,Not Applicable,No reason specified
85ce2d105776fb8a,47,M,Town,No Membership,2025-04-08,No,Credit/Debit Card Offers,,Fiber_Optic,16:29:50,18,472.59,42427.07,0.0,680.52,Yes,No,Yes,Unsolved,Poor Website
8a1d62ae268af5fc,11,F,City,Basic Membership,2025-04-08,Yes,Credit/Debit Card Offers,Desktop,Mobile_Data,02:25:24,5,82.31,29041.17,25.0,687.52,Yes,No,Yes,Solved in Follow-up,Too many ads
9a6fc6962a269a25,38,M,City,No Membership,2025-04-08,Yes,Credit/Debit Card Offers,Smartphone,Wi-Fi,02:41:45,21,838.88,48943.76,0.0,876.8004341589633,Yes,No,Yes,Unsolved,Poor Customer Service
b61af65eeb65a602,62,M,City,Silver Membership,2025-04-08,Yes,Credit/Debit Card Offers,Desktop,Fiber_Optic,23:42:25,7,197.74,29695.64,22.0,622.94,No,Yes,No,Not Applicable,No reason specified
b49403dd2aa2d79d,27,F,City,Gold Membership,2025-04-08,Yes,Credit/Debit Card Offers,,Fiber_Optic,13:36:27,3,899.5012597729199,5617.78,15.0,701.36,Yes,No,No,Not Applicable,Poor Product Quality
9f1ba57a28f0395f,49,F,,No Membership,2025-04-08,No,Without Offers,Smartphone,Fiber_Optic,02:42:15,11,125.03,24517.09,24.0,329.9523918055039,Yes,No,No,Not Applicable,No reason specified
970b157daf92f4e8,10,M,,Platinum Membership,2025-04-08,No,Without Offers,Desktop,Fiber_Optic,17:26:55,7,31.27,6656.1,14.0,747.46,Yes,No,Yes,No Information Available,User Friendly Website
b55fd6ac4c161362,10,F,Town,Gold Membership,2025-04-08,Yes,Without Offers,Both,Wi-Fi,22:16:39,-999,511.76,19369.82,18.0,469.6647879919937,Yes,No,Yes,Solved in Follow-up,Too many ads
9275b5f2858ce0a9,35,M,City,Silver Membership,2025-04-08,,Without Offers,Smartphone,Mobile_Data,14:49:28,25,0.0,47391.5,29.0,604.13,No,Yes,Yes,No Information Available,Too many ads
b9127a3b788af29d,20,M,City,Premium Membership,2025-04-08,Yes,Gift Vouchers/Coupons,,Mobile_Data,13:46:23,16,308.33,5059.28,1.0,847.65,Yes,No,No,Not Applicable,Quality Customer Care
91d3fe2a85ec92cb,30,F,Town,Gold Membership,2025-04-08,No,Gift Vouchers/Coupons,Smartphone,Fiber_Optic,19:37:13,17,39.74,33509.83,18.0,613.7,Yes,No,Yes,Unsolved,Too many ads
8413b64fc9a1cccf,41,M,Town,Gold Membership,2025-04-08,Yes,Credit/Debit Card Offers,Desktop,Fiber_Optic,17:30:46,2,132.26,20795.97,17.0,654.48,Yes,No,Yes,No Information Available,Poor Product Quality
a96d3a3b60123c33,13,F,City,Gold Membership,2025-04-08,No,Gift Vouchers/Coupons,,Fiber_Optic,16:44:24,9,74.61,8629.73,18.0,653.44,Yes,No,Yes,Unsolved,No reason specified
b3960c722ed8907d,41,F,Town,Premium Membership,2025-04-08,No,Credit/Debit Card Offers,,Mobile_Data,09:36:59,10,242.72,42601.29,26.0,0.0,Yes,No,No,Not Applicable,Poor Customer Service
a5e9f31455fcb7eb,14,F,City,Gold Membership,2025-04-08,,Gift Vouchers/Coupons,Both,Mobile_Data,19:13:30,9,2112.1140090142817,29770.87,19.0,941.4116260127786,Yes,Yes,No,Not Applicable,Poor Website
b05498a954a6340f,39,F,,Gold Membership,2025-04-08,Yes,Credit/Debit Card Offers,Desktop,Mobile_Data,22:15:05,4,109.34,28532.51,25.0,723.42,Yes,No,No,Not Applicable,Too many ads
bd12e8dfa7e78201,21,M,Town,Gold Membership,2025-04-08,Yes,Gift Vouchers/Coupons,Smartphone,Mobile_Data,12:11:49,11,70.31,13114.89,11.0,795.13,Yes,No,Yes,No Information Available,Poor Product Quality
b84016fda771fb8e,10,F,City,Premium Membership,2025-04-08,No,Without Offers,Desktop,Wi-Fi,02:41:52,-999,0.0,46612.57,11.0,744.65,No,Yes,Yes,Solved in Follow-up,Too many ads
98da7463b8fd5de4,12,M,City,Gold Membership,2025-04-08,No,Credit/Debit Card Offers,,Fiber_Optic,21:57:24,8,204.08,48149.2,15.0,764.6,No,Yes,Yes,Solved,Too many ads
9ed3b1d5db23e2ad,62,F,Town,Silver Membership,2025-04-08,No,Credit/Debit Card Offers,Desktop,Fiber_Optic,17:11:55,7,1188.6075437078073,24274.08,0.0,693.91,No,Yes,Yes,Solved in Follow-up,No reason specified
ad195e1adc864ba5,50,M,,No Membership,2025-04-08,Yes,Without Offers,Smartphone,Mobile_Data,09:30:06,8,67.29,27492.78,24.0,628.71,No,Yes,No,Not Applicable,No reason specified
bd59bc3bb57e4e8d,49,F,,Basic Membership,2025-04-08,No,Gift Vouchers/Coupons,Both,Wi-Fi,14:19:31,23,224.19,46739.6,9.0,632.39,Yes,No,No,Not Applicable,Poor Customer Service
80ff39a2afe5ee08,41,F,Village,Silver Membership,2025-04-08,No,Credit/Debit Card Offers,Smartphone,Wi-Fi,01:21:58,12,32.37,13905.53,15.0,0.0,Yes,No,No,Not Applicable,Poor Product Quality
be2217574764e3cb,22,F,Town,No Membership,2025-04-08,Yes,Without Offers,Smartphone,Mobile_Data,14:48:32,14,30.45,28732.55,6.0,656.15,No,Yes,Yes,Solved,No reason specified
9074dda98eabc0fa,50,M,City,No Membership,2025-04-08,No,Credit/Debit Card Offers,Smartphone,Fiber_Optic,17:04:49,19,111.84,15205.8,0.0,586.25,No,Yes,Yes,Solved in Follow-up,Poor Product Quality
a37f4ed3622013ed,24,F,Town,Premium Membership,2025-04-08,No,Gift Vouchers/Coupons,Desktop,Fiber_Optic,05:08:02,17,173.91,43569.53,0.0,203.5391190255876,No,Yes,Yes,Solved in Follow-up,Poor Customer Service
96b3f5888c25bde2,17,M,City,Platinum Membership,2025-04-08,No,Gift Vouchers/Coupons,Smartphone,Fiber_Optic,10:02:56,5,31.76,36735.83,25.0,701.47,Yes,No,No,Not Applicable,Poor Website
8da2c684cdfa7315,63,M,Village,Gold Membership,2025-04-08,Yes,Gift Vouchers/Coupons,Desktop,Fiber_Optic,13:30:46,18,69.64,45473.38,6.0,664.06,Yes,No,No,Not Applicable,Poor Customer Service
b06f83c744ca4358,49,M,City,Silver Membership,2025-04-08,No,Gift Vouchers/Coupons,Smartphone,Wi-Fi,20:05:57,15,359.1,52731.8,0.0,749.69,No,Yes,No,Not Applicable,User Friendly Website
b12145a291a7cec5,60,M,,Premium Membership,2025-04-08,Yes,Without Offers,Smartphone,Fiber_Optic,14:46:56,16,1061.7641387607227,40812.09,24.0,722.59,No,Yes,No,Not Applicable,Poor Customer Service
aff59a2697bf452f,32,F,City,No Membership,2025-04-08,Yes,Credit/Debit Card Offers,,Fiber_Optic,07:01:43,20,32.83,49307.59,11.0,633.59,No,Yes,Yes,Solved,Poor Customer Service
a4f5b153dff6a000,26,M,Village,Silver Membership,2025-04-08,,Without Offers,Smartphone,Wi-Fi,03:47:26,24,574.87,37326.67,15.0,644.2,No,Yes,Yes,Solved,Too many ads
a5987f20c30bd342,24,F,City,Premium Membership,2025-04-08,No,Gift Vouchers/Coupons,Both,Wi-Fi,05:18:34,13,458.43,51387.07,4.0,799.07,Yes,Yes,Yes,Solved in Follow-up,Products always in Stock
99bf0c951c59c29e,35,F,City,Platinum Membership,2025-04-08,Yes,Without Offers,Both,Wi-Fi,05:56:05,-999,995.86,49436.93,9.0,740.69,Yes,Yes,Yes,Solved,Poor Customer Service
b3070e1a052ec9b9,16,M,Town,Gold Membership,2025-04-08,Yes,Without Offers,Desktop,Wi-Fi,04:20:35,14,394.91,6537.84,26.0,0.0,Yes,No,No,Not Applicable,Poor Customer Service
aaa5decf6b98cb72,13,F,City,Premium Membership,2025-04-08,No,Gift Vouchers/Coupons,Desktop,Fiber_Optic,15:25:59,18,100.18,18903.4,3.0,803.85,Yes,No,No,Not Applicable,Reasonable Price
b87f1b744f2b3219,21,M,Town,No Membership,2025-04-08,No,Without Offers,Smartphone,Fiber_Optic,05:41:03,16,110.23,21761.64,11.0,576.91,Yes,No,No,Not Applicable,Too many ads
b052e71794544aec,39,F,,No Membership,2025-04-08,Yes,Credit/Debit Card Offers,,Mobile_Data,07:34:18,9,955.9,44190.76,29.0,641.26,Yes,Yes,Yes,Solved in Follow-up,Poor Website
ad25887d5732af8b,56,F,City,Basic Membership,2025-04-08,No,Gift Vouchers/Coupons,Desktop,Mobile_Data,09:42:17,-999,275.44,25774.32,16.0,1118.3490325345692,Yes,Yes,No,Not Applicable,Poor Website
8de78f69ee0f7baf,59,F,Village,No Membership,2025-04-08,Yes,Without Offers,Both,Mobile_Data,19:32:02,15,206.63,19758.12,6.0,518.75,No,Yes,Yes,Solved in Follow-up,Poor Product Quality
b94f56fea705d924,48,M,Village,Silver Membership,2025-04-08,Yes,Credit/Debit Card Offers,Desktop,Fiber_Optic,04:54:18,10,51.41,23913.45,16.0,726.35,Yes,No,Yes,Unsolved,Poor Product Quality
9cdb1adf5a7acb89,42,F,Town,Premium Membership,2025-04-08,Yes,Without Offers,Both,Wi-Fi,20:42:39,8,698.66,16472.39,22.0,795.02,Yes,No,No,Not Applicable,Poor Product Quality
8521d236fe9f5cd6,15,M,City,No Membership,2025-04-08,,Without Offers,,Wi-Fi,03:36:42,10,707.65,47742.48,10.0,643.48,No,Yes,Yes,No Information Available,Too many ads
a0899aeb2c18ffe7,31,M,Village,Gold Membership,2025-04-08,Yes,Without Offers,Desktop,Fiber_Optic,23:29:29,5,31.63,32618.66,19.0,801.91,Yes,No,No,Not Applicable,Reasonable Price
9b960eb062a805a3,13,M,,Gold Membership,2025-04-08,Yes,Gift Vouchers/Coupons,,Fiber_Optic,18:46:55,7,213.67,31465.38,18.0,680.95,Yes,No,No,Not Applicable,Poor Website
84baeaaaf45e69d0,42,F,,Gold Membership,2025-04-08,Yes,Without Offers,,Fiber_Optic,03:50:30,22,33.64,10347.6,23.0,970.9009716988415,No,Yes,No,Not Applicable,No reason specified
bf818c8d306ec3fd,43,M,Town,Silver Membership,2025-04-08,,Gift Vouchers/Coupons,,Fiber_Optic,05:29:52,16,301.44,18067.58,11.0,711.52,No,Yes,Yes,No Information Available,Poor Website
a764e472c48df0dc,35,F,City,Basic Membership,2025-04-08,,Without Offers,Desktop,Mobile_Data,12:51:39,-999,1175.9561092849008,4248.84,16.0,515.15,No,Yes,Yes,Unsolved,No reason specified
ab404a237d1b9ea4,33,M,City,No Membership,2025-04-08,No,Gift Vouchers/Coupons,Smartphone,Wi-Fi,19:39:17,14,201.68,19365.98,12.0,607.53,No,Yes,Yes,No Information Available,Poor Customer Service
808d027e7225703a,38,F,City,Premium Membership,2025-04-08,Yes,Without Offers,Desktop,Wi-Fi,15:45:05,13,555.66,41091.64,5.0,770.6,Yes,Yes,No,Not Applicable,Poor Customer Service
b4c014a1162610a4,32,F,City,No Membership,2025-04-08,Yes,Credit/Debit Card Offers,,Wi-Fi,14:05:28,16,106.21,20749.32,9.0,637.78,No,Yes,No,Not Applicable,Poor Website
80cb39ac48b74ead,42,M,City,No Membership,2025-04-08,No,Without Offers,Smartphone,Fiber_Optic,21:08:02,-999,226.37,31959.63,21.0,671.85,Yes,No,Yes,Solved in Follow-up,Too many ads
a8661f732ee96738,41,F,City,Silver Membership,2025-04-08,No,Gift Vouchers/Coupons,Smartphone,Fiber_Optic,15:08:27,10,0.0,48773.76,15.0,650.5,No,Yes,No,Not Applicable,Too many ads
b10bf0c18a4a4721,50,F,Town,Silver Membership,2025-04-08,Yes,Gift Vouchers/Coupons,Both,Wi-Fi,16:47:40,11,1401.57,27638.86,15.0,751.89,Yes,Yes,Yes,No Information Available,Products always in Stock
99ea11f0a02a3a14,50,F,City,Basic Membership,2025-04-08,,Credit/Debit Card Offers,Smartphone,Mobile_Data,21:24:52,16,134.88,17425.25,28.0,556.74,Yes,No,Yes,Solved in Follow-up,Poor Customer Service
952b71354005c214,46,F,City,No Membership,2025-04-08,Yes,Gift Vouchers/Coupons,,Mobile_Data,09:15:20,10,296.69,35899.42,0.0,661.57,Yes,No,Yes,Solved in Follow-up,Too many ads
8fe5cd9cbb17c3a7,22,F,Town,Gold Membership,2025-04-08,,Gift Vouchers/Coupons,Desktop,Wi-Fi,01:46:14,11,224.67,18333.15,12.0,637.31,Yes,No,No,Not Applicable,No reason specified
9fa990f086219637,58,F,Town,Premium Membership,2025-04-08,Yes,Without Offers,Desktop,Mobile_Data,14:45:05,12,159.24,12574.65,28.0,1240.9991451835735,No,Yes,No,Not Applicable,Poor Customer Service
8043083202360ed2,17,M,City,Platinum Membership,2025-04-08,No,Gift Vouchers/Coupons,Smartphone,Fiber_Optic,01:56:54,-999,60.5,91097.36,15.0,724.17,No,Yes,Yes,Unsolved,Quality Customer Care
84efc92542edc064,12,M,City,Gold Membership,2025-04-08,Yes,Credit/Debit Card Offers,Desktop,Wi-Fi,13:43:18,14,1736.99,26746.5,12.0,700.4,No,Yes,Yes,Solved,Reasonable Price
8794b6b4c322398d,33,F,City,Premium Membership,2025-04-08,Yes,Without Offers,Both,Fiber_Optic,09:28:41,3,498.25,27124.75,17.0,767.13,No,Yes,Yes,Solved,Poor Product Quality
a4e2548843e86d51,42,M,Town,Basic Membership,2025-04-08,Yes,Gift Vouchers/Coupons,Smartphone,Wi-Fi,14:14:05,6,38.43,47427.39,14.0,0.0,No,Yes,Yes,No Information Available,No reason specified
8eb4cf62ea48c515,58,F,Town,Gold Membership,2025-04-08,Yes,Gift Vouchers/Coupons,Desktop,Wi-Fi,00:00:33,12,119.72,44470.55,12.0,926.6578900896068,No,Yes,Yes,Solved in Follow-up,No reason specified
9d103ca52a81dbdb,59,M,,Silver Membership,2025-04-08,Yes,Without Offers,Desktop,Fiber_Optic,14:51:23,9,495.27,42545.37,0.0,768.55,No,Yes,No,Not Applicable,Poor Product Quality
870ebdae5b542eef,14,F,Town,Silver Membership,2025-04-08,No,Without Offers,Smartphone,Mobile_Data,13:28:16,17,45.74,44489.26,11.0,703.41,Yes,No,Yes,Solved in Follow-up,Poor Website
87501735c00b8aac,37,M,City,Gold Membership,2025-04-08,No,Without Offers,Desktop,Fiber_Optic,06:00:01,14,32.91,37587.14,15.0,642.71,Yes,No,Yes,No Information Available,No reason specified
965bdf63b98b972f,64,M,Town,Silver Membership,2025-04-08,,Credit/Debit Card Offers,Desktop,Wi-Fi,00:49:00,-999,35.12,37435.4,22.0,635.13,No,Yes,Yes,Solved in Follow-up,No reason specified
ac40fd6796002881,11,F,City,Gold Membership,2025-04-08,Yes,Gift Vouchers/Coupons,Smartphone,Mobile_Data,22:16:10,11,73.87,44520.75,18.0,0.0,Yes,No,Yes,Unsolved,Poor Customer Service
8b8f4cb26864152a,34,M,Town,Platinum Membership,2025-04-08,Yes,Gift Vouchers/Coupons,,Fiber_Optic,02:11:52,-999,234.76,34478.66,27.0,773.25,Yes,Yes,No,Not Applicable,Poor Website
9c78d94d3862b4dd,29,M,City,No Membership,2025-04-08,No,Without Offers,,Fiber_Optic,22:58:42,8,43.47,48631.38,8.0,635.11,No,Yes,No,Not Applicable,Too many ads
afd7525d11fdd691,61,F,Village,Silver Membership,2025-04-08,No,Gift Vouchers/Coupons,Smartphone,Fiber_Optic,07:35:18,18,131.39,14976.22,0.0,718.74,No,Yes,Yes,No Information Available,Poor Product Quality
8c89693f393060a7,61,F,City,Silver Membership,2025-04-08,No,Credit/Debit Card Offers,Smartphone,Wi-Fi,17:13:08,11,31.22,44240.71,29.0,758.07,No,Yes,No,Not Applicable,No reason specified
af80b3419b04e78e,22,M,Village,No Membership,2025-04-08,No,Without Offers,,Fiber_Optic,23:23:39,2,111.95,29179.97,21.0,679.18,Yes,No,Yes,Solved in Follow-up,Poor Website
a44897091906e8dd,55,M,City,Gold Membership,2025-04-09,No,,,Wi-Fi,18:32:07,15,160.72,33175.5,9.0,782.09,Yes,No,No,Not Applicable,Quality Customer Care
a2d3e0f669069353,21,F,Village,Premium Membership,2025-04-09,Yes,Gift Vouchers/Coupons,Desktop,Mobile_Data,03:58:02,21,33.71,34067.56,12.0,710.39,No,Yes,Yes,Solved,No reason specified
a9ad8b135e20a273,23,M,Town,Premium Membership,2025-04-09,No,Gift Vouchers/Coupons,,Mobile_Data,14:59:57,15,238.37,25697.92,0.0,1294.6648514166504,Yes,No,No,Not Applicable,Poor Customer Service
834b040e849d94b8,42,F,Town,Basic Membership,2025-04-09,No,Credit/Debit Card Offers,Desktop,Wi-Fi,02:48:31,15,54.44,43740.09,8.0,707.39,No,Yes,Yes,Solved,Too many ads
b7a714d3fc3e099c,14,M,Village,Premium Membership,2025-04-09,,Gift Vouchers/Coupons,Desktop,Mobile_Data,17:23:07,12,125.77,37271.41,10.0,1050.7162209915437,No,Yes,Yes,Solved,Products always in Stock
83a323c885099539,59,M,City,Gold Membership,2025-04-09,No,Without Offers,Desktop,Mobile_Data,21:19:59,14,37.29,30411.08,26.0,689.74,No,Yes,No,Not Applicable,Too many ads
9a92a6bfe7aa486a,59,F,Village,No Membership,2025-04-09,Yes,Gift Vouchers/Coupons,Both,Wi-Fi,17:04:25,4,0.0,15355.99,11.0,689.68,Yes,Yes,Yes,Unsolved,Poor Website
908fa66be83ce5b5,44,F,,Premium Membership,2025-04-09,No,Credit/Debit Card Offers,Desktop,Wi-Fi,11:19:20,3,81.8,95287.83,16.0,497.9385234538408,Yes,No,No,Not Applicable,Products always in Stock
91679cd788971cea,35,F,Village,Premium Membership,2025-04-09,Yes,Credit/Debit Card Offers,Smartphone,Fiber_Optic,11:17:30,18,0.0,67885.94,19.0,770.63,No,Yes,Yes,Unsolved,Quality Customer Care
b0676c89219b53f3,51,F,,No Membership,2025-04-09,Yes,Credit/Debit Card Offers,Desktop,Fiber_Optic,23:04:55,4,82.64,20679.49,47.98132301856969,991.6098704046796,Yes,No,No,Not Applicable,Poor Customer Service
9d6bc3be2df393cf,32,F,Town,No Membership,2025-04-09,Yes,Gift Vouchers/Coupons,Desktop,Mobile_Data,20:06:43,18,262.03,1484.56,26.0,618.53,Yes,No,Yes,Solved,Too many ads
a03b355ba45938ab,12,F,City,Platinum Membership,2025-04-09,No,Credit/Debit Card Offers,Smartphone,Fiber_Optic,01:21:06,11,349.34,6515.95,18.0,331.1121542896421,Yes,No,Yes,Unsolved,No reason specified
bea47f548d6877fb,52,F,,Gold Membership,2025-04-09,No,Credit/Debit Card Offers,Desktop,Fiber_Optic,08:53:19,19,166.23,47933.43,0.0,710.69,Yes,No,No,Not Applicable,Poor Product Quality
9e407e692299fef2,19,M,Town,Basic Membership,2025-04-09,Yes,Credit/Debit Card Offers,Desktop,Mobile_Data,02:48:47,21,159.09,29522.94,11.0,176.0657090086319,No,Yes,Yes,Solved in Follow-up,Too many ads
b87b1d88bb8670ea,62,F,,Basic Membership,2025-04-09,Yes,Gift Vouchers/Coupons,Smartphone,Mobile_Data,02:59:28,7,892.28,39351.91,10.0,689.47,No,Yes,Yes,Solved in Follow-up,Too many ads
8a5f28bbe9e82214,33,F,City,Platinum Membership,2025-04-09,No,Without Offers,Smartphone,Fiber_Optic,13:43:24,12,270.85,92837.51,0.0,785.25,Yes,Yes,No,Not Applicable,User Friendly Website
9c79cc27fedee5a8,51,M,City,Basic Membership,2025-04-09,No,Credit/Debit Card Offers,Desktop,Fiber_Optic,04:49:01,7,133.23,30716.27,24.0,606.65,No,Yes,No,Not Applicable,Poor Product Quality
86dde88f1b96d58b,49,F,Town,Basic Membership,2025-04-09,No,Credit/Debit Card Offers,Both,Mobile_Data,23:36:21,17,213.6,47489.16,29.0,698.31,Yes,No,No,Not Applicable,Poor Product Quality
a3e63c498e9a052b,10,F,Town,No Membership,2025-04-09,,Gift Vouchers/Coupons,Smartphone,Wi-Fi,15:35:48,13,34.03,40940.17,24.0,599.67,Yes,No,No,Not Applicable,Poor Customer Service
ad5d580d18cfd258,51,F,Town,Silver Membership,2025-04-09,,Without Offers,Smartphone,Fiber_Optic,03:41:13,3,377.42,8303.22,13.0,729.56,Yes,No,Yes,Solved,Poor Website
960a1f6e036dec6b,51,M,Town,Platinum Membership,2025-04-09,Yes,Without Offers,,Fiber_Optic,02:32:49,8,545.06,8124.55,25.0,764.19,No,Yes,Yes,No Information Available,No reason specified
a2e76b7097f5ce38,41,F,Town,No Membership,2025-04-09,,Without Offers,Desktop,Wi-Fi,19:57:45,14,300.13,26025.12,22.0,678.67,No,Yes,No,Not Applicable,Too many ads
a91496d2025f54d6,51,F,City,No Membership,2025-04-09,No,Credit/Debit Card Offers,Desktop,Wi-Fi,00:19:44,11,177.34,28478.54,21.0,719.51,Yes,No,No,Not Applicable,Poor Customer Service
a47dba1bf393121d,43,F,Town,Silver Membership,2025-04-09,No,Gift Vouchers/Coupons,Smartphone,Mobile_Data,04:50:06,25,50.65,6122.5,11.0,792.11,No,Yes,Yes,Solved,Poor Website
bc89181274447b1e,47,F,City,Platinum Membership,2025-04-09,Yes,Gift Vouchers/Coupons,Desktop,Mobile_Data,04:05:05,25,103.24,43445.71,0.0,721.37,Yes,No,Yes,No Information Available,Poor Customer Service
818a96de75b7f4cb,12,F,City,Silver Membership,2025-04-09,No,Credit/Debit Card Offers,Smartphone,Fiber_Optic,08:36:49,14,43.29,11165.62,24.0,697.79,Yes,No,No,Not Applicable,Poor Product Quality
b15620ff1b7f4585,44,M,Town,Premium Membership,2025-04-09,Yes,Credit/Debit Card Offers,Desktop,Fiber_Optic,19:51:53,19,0.0,98467.69,9.0,0.0,No,Yes,Yes,Unsolved,Quality Customer Care
93b6f109e072d6d3,61,F,Town,Platinum Membership,2025-04-09,No,Credit/Debit Card Offers,Smartphone,Wi-Fi,11:28:53,10,32.79,8940.57,27.0,741.62,No,Yes,No,Not Applicable,Too many ads
8a37541a274342da,59,F,Town,Silver Membership,2025-04-09,,Gift Vouchers/Coupons,,Wi-Fi,12:16:15,20,180.69,36809.08,27.0,732.98,No,Yes,No,Not Applicable,Poor Product Quality
8a9be326c01734d5,48,F,Village,Platinum Membership,2025-04-09,Yes,Gift Vouchers/Coupons,Desktop,Mobile_Data,19:26:49,2,33.18,24394.24,16.0,1042.0870641604756,No,Yes,Yes,No Information Available,Poor Product Quality
8ccc193110b8fbd4,12,F,Town,No Membership,2025-04-09,No,Without Offers,Smartphone,Mobile_Data,16:30:43,18,33.88,19100.65,26.0,624.95,No,Yes,Yes,Unsolved,Poor Product Quality
8ee68faf8259af2c,46,M,Town,Gold Membership,2025-04-09,No,Without Offers,Smartphone,Fiber_Optic,15:54:41,16,121.51,34687.6,23.0,779.37,No,Yes,Yes,No Information Available,No reason specified
ad0126efbc306e71,31,M,,Silver Membership,2025-04-09,Yes,Credit/Debit Card Offers,Desktop,Wi-Fi,15:25:13,14,214.79,24636.35,11.0,0.0,Yes,Yes,Yes,Solved,Too many ads
a95ca649ff802145,10,M,Town,Platinum Membership,2025-04-09,Yes,Credit/Debit Card Offers,Both,Wi-Fi,03:02:30,18,576.29,16385.23,26.0,0.0,Yes,No,No,Not Applicable,Poor Customer Service
b670cbc5dfb0e046,22,M,Town,Basic Membership,2025-04-09,,Credit/Debit Card Offers,Desktop,Wi-Fi,19:08:55,14,123.0,27454.5,25.0,310.86524285534784,No,Yes,Yes,Unsolved,Too many ads
8794604d8bffac4a,39,M,Town,Platinum Membership,2025-04-09,No,Gift Vouchers/Coupons,Desktop,Wi-Fi,19:49:54,-999,32.56,46536.33,29.0,556.2662290419677,No,Yes,No,Not Applicable,Poor Product Quality
8f2b270cfa693881,41,M,City,Silver Membership,2025-04-09,No,Gift Vouchers/Coupons,Desktop,Mobile_Data,14:35:27,9,90.52,4542.69,11.0,309.49341247048505,Yes,No,No,Not Applicable,Too many ads
93fa9d90604c1f9f,33,F,Town,No Membership,2025-04-09,,Without Offers,Smartphone,Fiber_Optic,02:38:05,14,169.91,47566.01,21.0,581.71,Yes,No,No,Not Applicable,Poor Customer Service
974be5f1c671e0d1,54,M,City,Gold Membership,2025-04-09,No,Without Offers,,Wi-Fi,19:47:55,6,94.98,29217.32,13.0,702.21,No,Yes,Yes,No Information Available,Poor Customer Service
b8ce609e1eeaca97,26,F,City,Basic Membership,2025-04-09,No,Without Offers,Desktop,Mobile_Data,22:06:27,-999,372.22,17643.89,8.0,562.19,No,Yes,Yes,Solved,Poor Customer Service
98cd49b947293a9c,39,M,Town,Platinum Membership,2025-04-09,No,Gift Vouchers/Coupons,Desktop,Wi-Fi,06:46:04,20,233.88,11053.35,24.0,180.18995921110093,Yes,No,No,Not Applicable,Poor Product Quality
99834a3422e36c34,52,F,Town,No Membership,2025-04-09,No,Credit/Debit Card Offers,Desktop,Mobile_Data,18:00:24,14,371.37,19636.96,27.0,505.64,Yes,Yes,No,Not Applicable,Poor Website
974355cff137f7b4,16,F,City,Platinum Membership,2025-04-09,Yes,Without Offers,Desktop,Mobile_Data,10:13:39,1,157.15,10625.13,0.0,767.47,No,Yes,No,Not Applicable,Products always in Stock
a8255a1570f0408a,15,M,Town,No Membership,2025-04-09,No,Credit/Debit Card Offers,Desktop,Fiber_Optic,21:33:49,13,33.88,48657.08,7.0,588.73,Yes,No,No,Not Applicable,Poor Website
ac77490d57b9538c,27,F,,Basic Membership,2025-04-09,No,Credit/Debit Card Offers,Smartphone,Wi-Fi,05:50:28,20,33.46,1446.36,21.0,565.44,No,Yes,No,Not Applicable,Poor Product Quality
b3cb6d236c6b8373,25,F,Town,Silver Membership,2025-04-09,Yes,Credit/Debit Card Offers,Desktop,Mobile_Data,13:05:09,21,71.2,43542.43,6.0,729.14,No,Yes,No,Not Applicable,Poor Customer Service
84ba98ae1c0c1cf9,33,F,Village,No Membership,2025-04-09,No,Credit/Debit Card Offers,Desktop,Mobile_Data,02:46:44,5,89.11,31134.15,19.108486075910143,578.85,Yes,No,No,Not Applicable,Poor Product Quality
b8289fe3fa270fdb,12,M,Village,Basic Membership,2025-04-09,No,Without Offers,Desktop,Mobile_Data,11:57:14,7,33.9,46848.94,27.0,685.55,Yes,No,No,Not Applicable,No reason specified
bbc0f1132dbba60b,29,F,,Premium Membership,2025-04-09,No,Without Offers,Desktop,Wi-Fi,13:40:37,7,217.76,34483.92,15.0,736.92,No,Yes,No,Not Applicable,User Friendly Website
bdccdcd74274e517,16,F,City,Gold Membership,2025-04-09,Yes,Without Offers,Desktop,Mobile_Data,08:09:17,19,438.5,45685.63,15.0,797.13,No,Yes,No,Not Applicable,Poor Website
b976b44b6dd8361f,39,M,City,No Membership,2025-04-09,No,Without Offers,Both,Wi-Fi,14:00:33,10,314.84,18915.38,20.0,642.98,No,Yes,No,Not Applicable,Poor Website
9fdbbfa907639da7,29,M,,Silver Membership,2025-04-09,Yes,Without Offers,Desktop,Wi-Fi,12:26:28,-999,31.4,27186.42,28.0,617.0,No,Yes,No,Not Applicable,Poor Website
a18196667a495974,12,M,Town,Gold Membership,2025-04-09,No,Without Offers,Both,Wi-Fi,14:25:14,9,242.06,80216.21,13.0,721.93,Yes,Yes,Yes,Solved in Follow-up,Reasonable Price
84e9f27b516f0dd5,26,F,Town,No Membership,2025-04-09,No,Without Offers,Smartphone,Mobile_Data,16:27:21,16,190.05,38744.14,20.0,696.84,Yes,No,Yes,Solved,Poor Website
ad66789070c36e09,48,F,Town,Basic Membership,2025-04-09,No,Gift Vouchers/Coupons,Smartphone,Mobile_Data,09:04:24,13,294.92,10220.91,9.0,0.0,No,Yes,No,Not Applicable,Poor Product Quality
9faa77bdb6a3ea72,16,F,City,Silver Membership,2025-04-09,Yes,Gift Vouchers/Coupons,Desktop,Fiber_Optic,06:14:01,14,181.31,29815.71,13.0,664.63,No,Yes,Yes,Unsolved,Poor Customer Service
a599116045fda3a1,44,M,City,Gold Membership,2025-04-09,No,Without Offers,,Fiber_Optic,17:33:58,6,103.82,10999.42,24.0,602.14,No,Yes,Yes,No Information Available,Poor Customer Service
945f0f0555f911e4,47,F,Town,Platinum Membership,2025-04-09,No,Gift Vouchers/Coupons,Smartphone,Mobile_Data,13:08:06,17,299.74,45797.56,17.0,795.63,No,Yes,No,Not Applicable,No reason specified
913d06aff256fdce,50,F,Town,Premium Membership,2025-04-09,Yes,Gift Vouchers/Coupons,Both,Wi-Fi,22:01:32,5,599.97,30017.92,0.0,837.48,Yes,Yes,Yes,Solved in Follow-up,User Friendly Website
8a54bb8f3c319282,56,F,Town,No Membership,2025-04-09,Yes,Gift Vouchers/Coupons,Desktop,Wi-Fi,23:35:10,6,64.59,22258.14,14.0,0.0,Yes,No,Yes,Solved in Follow-up,Too many ads
a4c4fe59bf14bff6,37,M,Town,Platinum Membership,2025-04-09,No,Without Offers,Desktop,Wi-Fi,22:21:46,11,53.46,17351.92,11.0,0.0,No,Yes,Yes,Solved in Follow-up,Too many ads
b5556a862a24bd0f,58,F,City,Basic Membership,2025-04-09,No,Credit/Debit Card Offers,Desktop,Fiber_Optic,03:23:29,-999,235.67,37399.64,12.0,1253.548944197015,No,Yes,Yes,No Information Available,Poor Customer Service
98a71276df4f33e6,47,F,City,Gold Membership,2025-04-09,,Gift Vouchers/Coupons,,Mobile_Data,11:29:38,16,72.03,18002.14,25.0,385.4536147999386,No,Yes,No,Not Applicable,No reason specified
ac887621d9b79b8c,10,M,City,Premium Membership,2025-04-09,No,Credit/Debit Card Offers,Both,Wi-Fi,01:55:23,11,408.46,19727.89,0.0,712.18,Yes,No,Yes,No Information Available,No reason specified
92505ee907b32190,21,F,City,Basic Membership,2025-04-09,Yes,Gift Vouchers/Coupons,Desktop,Wi-Fi,14:00:55,-999,213.17,3206.75,5.0,614.13,Yes,Yes,Yes,No Information Available,Too many ads
83cef272845d9980,15,M,,Premium Membership,2025-04-09,Yes,Without Offers,,Fiber_Optic,02:37:50,14,474.31,20765.0,6.0,444.1131922537697,Yes,Yes,No,Not Applicable,Too many ads
9f25ee8b74c508b9,53,M,Town,Platinum Membership,2025-04-09,Yes,Credit/Debit Card Offers,Smartphone,Mobile_Data,23:59:19,19,48.69,11820.11,28.0,755.59,No,Yes,No,Not Applicable,Poor Customer Service
b7fead27eeb23ac1,24,F,Village,No Membership,2025-04-09,,Gift Vouchers/Coupons,,Mobile_Data,13:18:28,16,123.51,35410.09,7.0,647.11,No,Yes,Yes,Solved in Follow-up,Poor Product Quality
8699274aa9229257,21,M,Town,Gold Membership,2025-04-09,Yes,Without Offers,Desktop,Wi-Fi,08:04:29,9,165.24,43612.21,1.0,826.34,No,Yes,No,Not Applicable,User Friendly Website
bba00ff33aecc855,21,M,Town,Premium Membership,2025-04-09,Yes,Credit/Debit Card Offers,Both,Mobile_Data,00:26:44,15,807.95,74793.04,0.0,798.33,No,Yes,No,Not Applicable,Quality Customer Care
aef646fd401a1fd7,48,F,City,Platinum Membership,2025-04-09,Yes,Gift Vouchers/Coupons,Both,Mobile_Data,13:44:33,14,593.28,91942.0,4.0,815.93,No,Yes,Yes,No Information Available,Products always in Stock
beaa3f7b23ab8fc8,18,M,Town,No Membership,2025-04-09,No,Gift Vouchers/Coupons,Desktop,Mobile_Data,14:51:43,17,384.01,3362.78,22.0,571.34,Yes,No,Yes,Solved,Poor Customer Service
a46391e3f0875b2c,34,M,Village,Premium Membership,2025-04-09,,Without Offers,Desktop,Wi-Fi,05:07:07,14,0.0,48862.76,0.0,746.18,Yes,No,No,Not Applicable,Poor Product Quality
b92105f59c22de38,16,F,Village,Platinum Membership,2025-04-09,Yes,Without Offers,Both,Fiber_Optic,06:26:55,9,726.08,65554.05,3.0,825.96,Yes,Yes,No,Not Applicable,User Friendly Website
9cbcbe838712866d,37,M,Town,Platinum Membership,2025-04-09,No,Gift Vouchers/Coupons,Smartphone,Fiber_Optic,07:03:44,14,56.6,35352.3,17.0,740.92,Yes,No,Yes,No Information Available,Poor Customer Service
bb818566da2739d0,58,M,Town,Gold Membership,2025-04-09,,Credit/Debit Card Offers,Both,Wi-Fi,08:15:04,14,240.31,39310.48,10.0,684.83,No,Yes,No,Not Applicable,Poor Customer Service
bccfc06b39b13496,26,M,Town,Platinum Membership,2025-04-09,No,Gift Vouchers/Coupons,Desktop,Fiber_Optic,15:50:29,15,30.11,27460.73,0.0,368.99737609412864,Yes,No,No,Not Applicable,Poor Customer Service
a31a5640735697cd,24,F,City,Premium Membership,2025-04-09,No,Credit/Debit Card Offers,Smartphone,Mobile_Data,08:16:56,17,102.76,12759.41,11.0,327.0478602409149,No,Yes,No,Not Applicable,No reason specified
8d741fc2d23ca728,25,M,Town,Silver Membership,2025-04-09,,Without Offers,Desktop,Mobile_Data,10:05:45,7,257.7,35832.76,17.0,713.45,No,Yes,No,Not Applicable,No reason specified
8a62a8ab9237eb3f,44,M,Town,No Membership,2025-04-09,No,Gift Vouchers/Coupons,Smartphone,Wi-Fi,07:04:24,24,106.11,42286.11,23.0,0.0,No,Yes,No,Not Applicable,Poor Customer Service
a73a455e5e847507,33,F,City,No Membership,2025-04-09,No,Gift Vouchers/Coupons,Desktop,Wi-Fi,23:49:52,16,467.73,7283.84,24.0,33.57771416668595,Yes,Yes,No,Not Applicable,Poor Product Quality
a78904aaccc1f7bb,50,M,Town,Silver Membership,2025-04-09,Yes,Without Offers,Desktop,Fiber_Optic,12:27:25,2,115.12,11481.35,13.0,780.46,Yes,No,No,Not Applicable,Poor Product Quality
a2ae935095a5fe35,29,M,Town,No Membership,2025-04-09,Yes,Without Offers,Smartphone,Wi-Fi,12:29:44,20,34.07,14611.04,21.0,697.73,No,Yes,Yes,Unsolved,Poor Product Quality
a98a0c4de52d9541,19,F,,Platinum Membership,2025-04-09,Yes,Gift Vouchers/Coupons,Both,Wi-Fi,02:52:01,14,329.45,42633.69,12.0,1205.0320472299643,No,Yes,No,Not Applicable,No reason specified
aec1ea663b74d535,48,M,,Basic Membership,2025-04-09,Yes,Gift Vouchers/Coupons,Desktop,Fiber_Optic,22:44:59,14,153.08,23656.65,19.0,589.65,Yes,No,No,Not Applicable,Too many ads
a3bf393b52e83206,14,M,Town,Gold Membership,2025-04-09,No,Without Offers,Smartphone,Mobile_Data,17:51:12,16,30.14,49429.65,8.0,631.75,No,Yes,Yes,Solved,Poor Website
83b258c4e26082f3,37,M,Town,No Membership,2025-04-09,,Credit/Debit Card Offers,Smartphone,Wi-Fi,10:56:28,11,182.96,18125.8,20.0,647.56,Yes,No,Yes,No Information Available,Poor Customer Service
bb75f512fc204da4,59,M,Town,Basic Membership,2025-04-09,Yes,Credit/Debit Card Offers,,Fiber_Optic,19:20:26,16,37.98,35371.12,0.0,637.78,No,Yes,Yes,Unsolved,Poor Website
920854ae992db858,42,M,,Silver Membership,2025-04-09,Yes,Gift Vouchers/Coupons,Smartphone,Mobile_Data,11:05:00,13,118.39,1256.97,29.0,704.42,Yes,No,Yes,Solved in Follow-up,Too many ads
b38760b58046ac7a,63,M,Town,No Membership,2025-04-09,Yes,Without Offers,Desktop,Wi-Fi,06:05:20,13,293.37,35741.44,6.0,540.25,Yes,No,No,Not Applicable,Poor Customer Service
ae6ca9c2cad7246e,50,F,Town,Gold Membership,2025-04-09,No,Gift Vouchers/Coupons,Smartphone,Fiber_Optic,03:27:55,23,145.38,38888.66,20.0,714.79,Yes,No,Yes,Solved in Follow-up,Poor Customer Service
a5dc83174dc95b1c,15,F,,Basic Membership,2025-04-09,Yes,Without Offers,Smartphone,Wi-Fi,12:26:30,13,66.72,15726.52,19.0,691.05,No,Yes,No,Not Applicable,No reason specified
89abd88c43ed70fb,39,M,Town,Basic Membership,2025-04-09,Yes,Credit/Debit Card Offers,Desktop,Fiber_Optic,03:34:48,12,110.53,28798.1,15.0,628.02,Yes,No,Yes,Unsolved,Poor Website
a6805459801684e0,29,F,Town,Silver Membership,2025-04-09,No,Without Offers,Desktop,Fiber_Optic,20:56:20,18,300.38,12069.06,7.0,777.31,No,Yes,No,Not Applicable,Too many ads
995d39cff47739fd,37,F,Town,Platinum Membership,2025-04-09,No,Gift Vouchers/Coupons,Desktop,Fiber_Optic,13:19:41,-999,243.86,49601.19,0.0,714.26,Yes,Yes,Yes,Solved,Poor Product Quality
a04b13d142d02dd0,19,F,City,Gold Membership,2025-04-09,No,Without Offers,Smartphone,Fiber_Optic,19:25:52,22,207.91,9540.42,8.0,736.87,No,Yes,Yes,No Information Available,Poor Product Quality
882883300f877055,21,M,Town,No Membership,2025-04-09,No,Gift Vouchers/Coupons,Desktop,Mobile_Data,08:16:36,5,1034.2347704548365,19008.01,23.0,672.5,Yes,No,Yes,Unsolved,Poor Website
8f9004c5cc3a058b,54,F,City,Premium Membership,2025-04-10,Yes,Without Offers,Smartphone,Wi-Fi,14:38:13,13,48.18,40424.21,6.0,0.0,No,Yes,Yes,Solved,Reasonable Price
8d2f01c8745e24dc,11,M,City,Platinum Membership,2025-04-10,,Credit/Debit Card Offers,,Mobile_Data,20:22:32,11,37.24,36518.8,4.0,1134.6133805257489,Yes,No,No,Not Applicable,Products always in Stock
a573671ee3569541,47,M,City,Gold Membership,2025-04-10,No,Without Offers,Both,Mobile_Data,23:30:36,17,0.0,38699.06,15.0,0.0,Yes,Yes,Yes,Solved,No reason specified
80558051dece21b6,44,F,Town,Gold Membership,2025-04-10,Yes,Gift Vouchers/Coupons,Desktop,Fiber_Optic,19:37:50,10,30.42,8594.49,4.0,845.79,No,Yes,Yes,No Information Available,User Friendly Website
80031d62fb89331b,25,F,Village,Gold Membership,2025-04-10,No,Without Offers,Smartphone,Wi-Fi,12:34:50,3,160.19,26216.17,11.0,0.0,No,Yes,Yes,Solved in Follow-up,Too many ads
a4c143f1f792e1ee,54,F,Town,No Membership,2025-04-10,No,Gift Vouchers/Coupons,,Mobile_Data,09:09:51,3,0.0,47794.83,13.0,572.57,Yes,No,No,Not Applicable,No reason specified
9dc87f8cb3c99866,62,F,City,Basic Membership,2025-04-10,,Gift Vouchers/Coupons,Smartphone,Mobile_Data,12:37:49,8,31.94,41309.76,21.0,0.0,Yes,No,Yes,Unsolved,No reason specified
b4894927ea4ada0c,57,M,City,No Membership,2025-04-10,Yes,Gift Vouchers/Coupons,Both,Mobile_Data,09:15:40,11,1029.21,25166.35,0.0,559.38,Yes,No,Yes,Unsolved,Poor Product Quality
89c2a21e148771ea,45,F,,Gold Membership,2025-04-10,Yes,Gift Vouchers/Coupons,Desktop,Fiber_Optic,03:51:08,15,445.28,17382.32,14.0,798.2,Yes,No,Yes,No Information Available,No reason specified
b482b7367dc9fda7,60,M,Town,No Membership,2025-04-10,,Credit/Debit Card Offers,Desktop,Mobile_Data,09:50:05,19,111.47,13256.43,20.0,645.84,Yes,No,Yes,Unsolved,Poor Website
a9d0554f07d7852a,55,M,Town,Basic Membership,2025-04-10,Yes,Gift Vouchers/Coupons,Desktop,Fiber_Optic,11:58:41,8,370.6,4022.21,28.0,649.22,Yes,No,No,Not Applicable,Poor Website
a571223fbf369bff,53,M,City,No Membership,2025-04-10,Yes,Credit/Debit Card Offers,Desktop,Fiber_Optic,04:14:59,11,34.7,37246.9,29.0,685.53,Yes,No,No,Not Applicable,Too many ads
9487bc22e69df069,32,M,City,Premium Membership,2025-04-10,Yes,Credit/Debit Card Offers,Both,Wi-Fi,16:18:30,24,2120.2998521410746,46335.97,17.0,402.6343050020389,Yes,No,No,Not Applicable,Poor Customer Service
b3bba5f23c27cd37,54,M,Town,Silver Membership,2025-04-10,Yes,Gift Vouchers/Coupons,Desktop,Wi-Fi,21:13:20,17,183.72,3271.02,5.0,616.62,Yes,No,No,Not Applicable,Poor Website
a7a7ebe8161bdeb5,11,M,,Premium Membership,2025-04-10,No,Credit/Debit Card Offers,Both,Mobile_Data,04:43:49,16,233.49,37224.42,19.0,737.25,Yes,Yes,No,Not Applicable,Too many ads
a9230007c6bb6db4,60,F,,Gold Membership,2025-04-10,Yes,Without Offers,,Mobile_Data,08:47:01,17,278.47,43253.94,7.0,977.1960834158374,Yes,No,No,Not Applicable,Poor Customer Service
9882513ae5ac8d98,62,F,,Silver Membership,2025-04-10,No,Gift Vouchers/Coupons,Desktop,Wi-Fi,14:40:24,9,243.22,7455.35,22.0,398.22863989097664,Yes,No,Yes,Solved,Poor Product Quality
9dbe8295d7b5ff37,11,F,City,Silver Membership,2025-04-10,No,Without Offers,Desktop,Wi-Fi,05:18:23,18,97.43,3421.86,0.0,0.0,No,Yes,Yes,Solved,No reason specified
bdcc6af3f4579591,45,M,Village,Premium Membership,2025-04-10,No,Without Offers,Smartphone,Fiber_Optic,23:24:16,19,33.79,39529.69,13.0,798.51,Yes,No,No,Not Applicable,No reason specified
a3e45915fbc18e79,44,M,Village,No Membership,2025-04-10,No,Gift Vouchers/Coupons,Both,Wi-Fi,09:33:37,15,1378.665581598223,12813.07,9.0,147.0856046586356,No,Yes,Yes,Solved,No reason specified
8a281c7fa21a1569,27,F,Town,Platinum Membership,2025-04-10,No,Gift Vouchers/Coupons,Both,Wi-Fi,13:17:21,5,365.06,27152.95,14.0,0.0,Yes,Yes,No,Not Applicable,User Friendly Website
b86745277ccf4535,49,F,Town,Platinum Membership,2025-04-10,No,Gift Vouchers/Coupons,Desktop,Wi-Fi,06:17:54,21,32.0,25718.42,10.0,787.79,Yes,No,No,Not Applicable,Too many ads
917337488416bbfe,14,M,Town,Silver Membership,2025-04-10,Yes,Without Offers,Smartphone,Mobile_Data,13:00:39,10,160.0,38203.58,15.0,716.6,No,Yes,Yes,Solved,Poor Website
b03ebb5479f263e3,62,M,Town,No Membership,2025-04-10,,Without Offers,Desktop,Wi-Fi,11:41:38,13,30.09,48568.05,12.0,338.68268141564744,No,Yes,No,Not Applicable,Poor Website
975fba0d3f413fd9,56,F,Town,Premium Membership,2025-04-10,Yes,Credit/Debit Card Offers,Both,Fiber_Optic,02:02:06,13,561.76,28937.26,8.0,744.87,No,Yes,No,Not Applicable,Poor Website
bf6fcac814a5672e,59,F,Village,Basic Membership,2025-04-10,,Without Offers,Smartphone,Fiber_Optic,07:20:09,4,811.95,13728.01,7.0,628.79,No,Yes,No,Not Applicable,No reason specified
8f2cac81aae72439,13,F,City,Platinum Membership,2025-04-10,No,Credit/Debit Card Offers,,Mobile_Data,23:52:53,13,231.74,65365.09,18.0,0.0,Yes,No,No,Not Applicable,Reasonable Price
8fab68a42fb5d460,10,M,Town,Basic Membership,2025-04-10,Yes,Credit/Debit Card Offers,Smartphone,Wi-Fi,09:46:18,23,34.33,26114.74,18.0,146.0458237714169,Yes,No,Yes,No Information Available,Too many ads
82eca6418e9085f4,62,F,,No Membership,2025-04-10,Yes,Without Offers,,Fiber_Optic,20:42:34,23,128.39,12174.27,19.0,691.39,No,Yes,Yes,Unsolved,Poor Customer Service
ad0bde9281b96d49,12,M,Town,Gold Membership,2025-04-10,No,Gift Vouchers/Coupons,Smartphone,Mobile_Data,22:30:58,14,43.3,66040.84,16.0,762.41,No,Yes,No,Not Applicable,User Friendly Website
904fc4cd5f4a97f3,10,F,,Silver Membership,2025-04-10,Yes,Without Offers,Desktop,Fiber_Optic,12:12:34,15,138.75,13086.58,14.0,733.77,No,Yes,No,Not Applicable,Too many ads
861eb342ea17f2de,18,F,Town,Platinum Membership,2025-04-10,,Gift Vouchers/Coupons,Desktop,Fiber_Optic,01:57:39,19,274.39,43822.1,26.0,1192.620198829974,No,Yes,No,Not Applicable,Poor Customer Service
b1a0a3fc14862948,17,M,Village,Basic Membership,2025-04-10,No,Credit/Debit Card Offers,Smartphone,Wi-Fi,02:20:23,1,38.57,27003.84,0.0,0.0,Yes,No,Yes,No Information Available,No reason specified
bb86c709c5d448c4,50,F,City,Platinum Membership,2025-04-10,No,Credit/Debit Card Offers,Desktop,Wi-Fi,17:57:12,12,414.71,50327.58,13.0,0.0,No,Yes,No,Not Applicable,Quality Customer Care
81dd623d5c302080,58,M,,Premium Membership,2025-04-10,Yes,Credit/Debit Card Offers,Smartphone,Mobile_Data,20:56:33,14,631.56,8619.16,26.0,746.78,Yes,Yes,No,Not Applicable,Poor Website
8ec6f4e26cb4b3ea,42,M,City,Gold Membership,2025-04-10,No,Without Offers,Smartphone,Wi-Fi,10:08:51,13,106.69,37835.1,27.0,659.01,Yes,No,Yes,Solved in Follow-up,Too many ads
bd815fddc2cc019e,31,M,,Gold Membership,2025-04-10,Yes,Gift Vouchers/Coupons,Desktop,Mobile_Data,17:43:30,15,213.93,9026.51,0.0,675.36,Yes,No,Yes,Unsolved,Poor Product Quality
ad3aeb3479271e77,15,M,,Basic Membership,2025-04-10,Yes,Credit/Debit Card Offers,Desktop,Wi-Fi,23:43:29,12,817.56,27298.95,24.0,699.39,Yes,Yes,No,Not Applicable,Too many ads
89ca81aee642de0f,53,F,Town,No Membership,2025-04-10,No,Without Offers,Desktop,Wi-Fi,19:38:31,14,39.55,11682.18,28.0,568.73,No,Yes,No,Not Applicable,Too many ads
9ad50f621fc8f34d,58,F,City,No Membership,2025-04-10,Yes,Credit/Debit Card Offers,Both,Wi-Fi,19:07:54,11,525.6,43930.29,24.0,245.4799609349189,No,Yes,No,Not Applicable,Poor Website
9d9fa9eac97d4f7e,41,M,City,No Membership,2025-04-10,No,Without Offers,Desktop,Fiber_Optic,10:30:43,21,103.49,14895.85,10.0,691.86,Yes,No,Yes,No Information Available,Poor Product Quality
b4c05d37ed4e0192,47,M,Town,No Membership,2025-04-10,No,Credit/Debit Card Offers,Smartphone,Mobile_Data,13:11:02,-999,188.2,13523.59,21.0,557.46,No,Yes,Yes,No Information Available,Too many ads
b48446abd35ecbf4,24,F,City,Gold Membership,2025-04-10,Yes,Gift Vouchers/Coupons,,Mobile_Data,04:16:51,-999,213.16,35890.02,7.0,1049.105504660012,Yes,No,No,Not Applicable,Too many ads
bafd5bc6ef0d4d60,60,F,City,Basic Membership,2025-04-10,No,Gift Vouchers/Coupons,Smartphone,Fiber_Optic,15:59:50,10,169.28,15471.17,10.0,1038.6616879183368,No,Yes,No,Not Applicable,Poor Product Quality
8f79151a18bf009b,34,F,Town,Silver Membership,2025-04-10,No,Without Offers,Smartphone,Fiber_Optic,05:38:50,24,73.53,16250.68,23.0,0.0,Yes,No,Yes,Unsolved,Poor Customer Service
aa1d8db1d1517600,43,F,City,Gold Membership,2025-04-10,,Gift Vouchers/Coupons,,Mobile_Data,03:32:57,15,34.45,68146.0,17.0,769.21,No,Yes,No,Not Applicable,Quality Customer Care
9ded6bb613ea0009,20,F,Town,Silver Membership,2025-04-10,Yes,Without Offers,Desktop,Wi-Fi,02:04:09,4,41.05,1162.9,19.0,705.23,Yes,No,No,Not Applicable,Poor Website
9a51134ecbc5dcd8,50,M,City,Gold Membership,2025-04-10,Yes,Gift Vouchers/Coupons,Desktop,Wi-Fi,09:27:00,15,56.1,6190.1,18.0,181.2577422407477,No,Yes,No,Not Applicable,Quality Customer Care
9cc5c81bbc5cfeb7,47,F,Town,Premium Membership,2025-04-10,,Without Offers,Smartphone,Mobile_Data,18:34:22,-999,63.25,70689.31,5.0,816.22,Yes,No,Yes,Unsolved,Reasonable Price
8001c7971bf9d314,54,F,Town,No Membership,2025-04-10,Yes,Credit/Debit Card Offers,Smartphone,Wi-Fi,00:31:15,16,72.93,34636.68,12.0,673.66,No,Yes,Yes,Solved in Follow-up,Poor Product Quality
b012d816a0ff7a22,33,M,City,Basic Membership,2025-04-10,Yes,Without Offers,Smartphone,Mobile_Data,06:43:42,10,66.12,1159.91,23.0,672.03,Yes,No,No,Not Applicable,No reason specified
9eb20e4ac8e4ea40,61,M,Village,Premium Membership,2025-04-10,No,Credit/Debit Card Offers,Desktop,Mobile_Data,04:37:42,18,86.26,86415.62,8.0,725.37,Yes,No,No,Not Applicable,User Friendly Website
93148aebe8d8f837,30,M,City,Basic Membership,2025-04-10,No,Without Offers,Smartphone,Wi-Fi,03:42:36,16,296.41,11093.23,25.0,624.3,Yes,No,Yes,Solved,No reason specified
bf993ccbbbf06315,45,F,City,No Membership,2025-04-10,No,Credit/Debit Card Offers,Smartphone,Fiber_Optic,12:34:35,23,0.0,2430.63,11.0,0.0,Yes,No,No,Not Applicable,No reason specified
b6a607ce23b82b94,63,M,City,Gold Membership,2025-04-10,Yes,Without Offers,Desktop,Mobile_Data,00:46:45,12,0.0,30516.01,28.0,745.36,No,Yes,No,Not Applicable,Poor Customer Service
9d5407d941fc1e33,58,F,Town,Premium Membership,2025-04-10,,Credit/Debit Card Offers,Both,Wi-Fi,20:21:54,5,285.59,38742.77,19.0,784.45,Yes,No,No,Not Applicable,Reasonable Price
9ef55193bc122b5b,60,M,,Basic Membership,2025-04-10,No,Without Offers,Desktop,Wi-Fi,05:41:58,8,388.45,10858.76,0.0,674.03,No,Yes,No,Not Applicable,Poor Customer Service
9b339bd0ec93b5c4,14,F,City,Silver Membership,2025-04-10,Yes,Gift Vouchers/Coupons,Smartphone,Fiber_Optic,22:30:37,5,140.08,1360.59,0.0,913.3101562320552,Yes,No,Yes,No Information Available,Poor Customer Service
939be0d6f2f4ec2e,29,F,City,Basic Membership,2025-04-10,,Without Offers,Smartphone,Wi-Fi,17:25:00,10,359.31,12383.9,27.0,620.23,Yes,No,No,Not Applicable,No reason specified
b549b18dfedfe65f,12,M,City,Premium Membership,2025-04-10,Yes,Credit/Debit Card Offers,,Mobile_Data,16:27:52,19,232.95,24490.81,2.0,791.51,No,Yes,No,Not Applicable,Reasonable Price
bbd27abedba99c16,56,F,Village,Platinum Membership,2025-04-10,Yes,Gift Vouchers/Coupons,Smartphone,Wi-Fi,09:16:15,-999,97.19,22380.65,21.0,752.01,Yes,No,Yes,Solved in Follow-up,No reason specified
8647b6011dc7ba00,53,M,Village,Gold Membership,2025-04-10,No,Credit/Debit Card Offers,Desktop,Mobile_Data,22:04:41,10,113.32,9109.29,12.0,692.59,No,Yes,Yes,Unsolved,Poor Website
83fe7dc700553706,56,M,,No Membership,2025-04-10,No,Credit/Debit Card Offers,Smartphone,Mobile_Data,17:18:28,6,174.11,21969.88,14.0,570.26,No,Yes,Yes,Unsolved,No reason specified
bf6f50b0920992e5,32,F,City,Basic Membership,2025-04-10,Yes,Credit/Debit Card Offers,Both,Wi-Fi,13:13:34,8,733.87,5456.85,12.0,662.92,Yes,Yes,Yes,Unsolved,Poor Website
96803ed2bbff6545,41,F,City,No Membership,2025-04-10,Yes,Without Offers,Desktop,Mobile_Data,10:15:13,9,558.96,22317.83,0.0,669.48,No,Yes,Yes,Solved in Follow-up,Poor Website
bc87f8baac35f489,13,F,Town,Premium Membership,2025-04-10,No,Without Offers,Desktop,Fiber_Optic,12:17:36,12,34.95,20004.95,22.0,0.0,No,Yes,No,Not Applicable,No reason specified
82c2a198b75b5a56,50,F,City,Premium Membership,2025-04-10,No,Credit/Debit Card Offers,Smartphone,Mobile_Data,19:29:21,20,422.36,47777.52,18.0,746.49,Yes,Yes,Yes,Solved,Too many ads
aa5be95c88a47645,28,F,,Gold Membership,2025-04-10,No,Credit/Debit Card Offers,Desktop,Wi-Fi,11:51:30,-999,174.15,13782.76,13.0,773.38,Yes,No,Yes,Solved in Follow-up,Quality Customer Care
b0c15b2b2865221d,51,M,Town,Gold Membership,2025-04-10,No,Gift Vouchers/Coupons,Smartphone,Fiber_Optic,05:37:32,2,81.62,49066.4,10.0,743.62,No,Yes,Yes,Solved,Poor Customer Service
91ea3f940007f4d8,21,M,Town,Gold Membership,2025-04-10,No,Gift Vouchers/Coupons,Smartphone,Mobile_Data,00:21:07,12,67.32,5578.64,12.0,783.18,No,Yes,Yes,Unsolved,Products always in Stock
9d2d79930a5e8547,49,M,Town,No Membership,2025-04-10,Yes,Without Offers,Both,Wi-Fi,23:49:56,13,306.41,35046.73,9.0,662.37,No,Yes,Yes,Solved in Follow-up,Poor Product Quality
bc1150b6eca986a5,30,F,Village,Silver Membership,2025-04-10,,Credit/Debit Card Offers,,Fiber_Optic,22:43:37,14,441.84,22883.65,5.0,694.17,Yes,Yes,No,Not Applicable,Poor Website
a60515f20e03a35e,48,M,Town,Silver Membership,2025-04-10,Yes,Credit/Debit Card Offers,Desktop,Wi-Fi,00:40:10,10,270.81,22619.46,25.0,676.14,Yes,Yes,Yes,Solved in Follow-up,Poor Product Quality
be7eeceb17fda38c,59,M,City,Gold Membership,2025-04-10,No,Credit/Debit Card Offers,Desktop,Wi-Fi,04:08:16,9,168.14,6244.24,13.0,1282.646758499557,Yes,No,Yes,No Information Available,Poor Customer Service
9806b9820bb89070,62,M,,Gold Membership,2025-04-10,No,Without Offers,Desktop,Fiber_Optic,13:36:15,19,0.0,12192.54,25.0,627.72,Yes,Yes,Yes,Solved in Follow-up,No reason specified
92c2f46ae3dca82b,48,M,Town,No Membership,2025-04-10,Yes,Gift Vouchers/Coupons,Smartphone,Fiber_Optic,02:28:53,22,372.43,39702.1,27.0,911.757192772434,No,Yes,Yes,Unsolved,Poor Product Quality
910eccb142e84c27,57,M,Village,No Membership,2025-04-10,Yes,Gift Vouchers/Coupons,Desktop,Fiber_Optic,14:39:04,11,33.97,47568.58,13.0,607.91,No,Yes,Yes,Solved in Follow-up,No reason specified
99a4dc5a5141cd0a,27,M,City,Platinum Membership,2025-04-10,No,Credit/Debit Card Offers,Smartphone,Wi-Fi,23:24:54,7,458.58,14794.29,6.0,760.28,No,Yes,Yes,Solved in Follow-up,Too many ads
83e59289181ba0e7,15,M,Town,Gold Membership,2025-04-10,No,Gift Vouchers/Coupons,,Mobile_Data,12:13:43,3,64.48,51830.46,4.0,834.47,Yes,No,No,Not Applicable,Reasonable Price
80cd85544a152ffd,50,F,City,No Membership,2025-04-10,No,Gift Vouchers/Coupons,Smartphone,Fiber_Optic,14:52:09,4,1203.7648303715378,42944.65,11.0,619.94,No,Yes,Yes,Unsolved,Too many ads
9b4ed995e49dbb2e,40,M,City,Basic Membership,2025-04-10,,Gift Vouchers/Coupons,Smartphone,Fiber_Optic,08:53:19,16,75.48,38887.88,13.0,0.0,Yes,No,No,Not Applicable,Poor Website
ba83030bcbfd77d0,31,F,,Basic Membership,2025-04-10,No,Without Offers,Smartphone,Mobile_Data,02:14:13,6,150.02,36502.5,6.0,568.13,No,Yes,Yes,Unsolved,Poor Customer Service
b3471abad3bed6b4,10,F,City,Platinum Membership,2025-04-10,Yes,Credit/Debit Card Offers,Smartphone,Mobile_Data,15:00:00,15,0.0,43082.0,17.0,796.21,Yes,No,No,Not Applicable,Poor Website
96b473a3abf687c3,59,M,City,Gold Membership,2025-04-10,Yes,Credit/Debit Card Offers,Desktop,Mobile_Data,23:35:38,15,0.0,40057.67,29.78610667870545,631.51,No,Yes,No,Not Applicable,Poor Product Quality
b5d11ec02baa7bfb,10,F,City,Gold Membership,2025-04-10,No,Gift Vouchers/Coupons,Desktop,Mobile_Data,09:47:54,-999,0.0,4082.63,19.0,702.2,No,Yes,No,Not Applicable,Poor Website
aacdc67048c19003,14,M,Town,Premium Membership,2025-04-10,Yes,Credit/Debit Card Offers,,Mobile_Data,17:47:57,9,590.01,16294.52,19.0,0.0,Yes,Yes,Yes,Unsolved,Reasonable Price
86014ba837038ec9,39,M,Village,Platinum Membership,2025-04-10,,Credit/Debit Card Offers,,Wi-Fi,08:25:31,12,127.4,23796.03,9.0,713.09,Yes,No,Yes,Unsolved,Poor Website
8fd44de7455795de,55,M,Town,Platinum Membership,2025-04-10,Yes,Gift Vouchers/Coupons,,Mobile_Data,05:00:55,14,43.05,72351.06,8.0,787.54,No,Yes,Yes,Unsolved,Reasonable Price
8be6124832e636f7,20,F,Town,Basic Membership,2025-04-10,Yes,Without Offers,Smartphone,Wi-Fi,01:51:48,10,81.95,48801.37,14.0,526.7,No,Yes,Yes,Solved,Poor Website
8668bc7cd4b6ffea,47,F,City,Gold Membership,2025-04-10,Yes,Gift Vouchers/Coupons,Both,Mobile_Data,09:23:23,-999,880.98,39403.89,10.0,718.69,Yes,Yes,Yes,Solved in Follow-up,Quality Customer Care
b0b036433e8fa58b,46,F,City,Platinum Membership,2025-04-10,Yes,Credit/Debit Card Offers,Desktop,Fiber_Optic,19:29:06,-999,272.98,45572.85,13.0,767.93,No,Yes,Yes,Unsolved,Poor Product Quality
a6574d8e38dbb3b8,13,F,Town,Silver Membership,2025-04-10,Yes,Gift Vouchers/Coupons,Smartphone,Wi-Fi,14:13:15,17,318.56,3809.97,0.0,1493.0911091223584,No,Yes,No,Not Applicable,Poor Website
842676c5f9b35593,47,F,City,Premium Membership,2025-04-10,Yes,Credit/Debit Card Offers,Desktop,Fiber_Optic,21:15:05,11,678.08,20823.01,9.0,753.09,No,Yes,No,Not Applicable,No reason specified
8e7af90fe900ecb8,60,F,City,Premium Membership,2025-04-10,No,Credit/Debit Card Offers,Smartphone,Fiber_Optic,21:57:31,7,77.25,24315.0,11.0,742.85,Yes,No,Yes,Solved in Follow-up,Poor Website
beff5b3a0abc9a1e,22,M,,Silver Membership,2025-04-10,,Credit/Debit Card Offers,Smartphone,Fiber_Optic,04:34:57,16,34.63,45820.35,13.0,1036.1478304425675,No,Yes,Yes,No Information Available,Poor Product Quality
bc07c20dd87a165d,25,M,Village,Silver Membership,2025-04-10,,Without Offers,Smartphone,Wi-Fi,07:30:38,15,0.0,11430.45,19.0,718.62,Yes,No,Yes,Solved in Follow-up,No reason specified
a19d41fcb63affe9,26,M,City,Platinum Membership,2025-04-10,No,Without Offers,Smartphone,Fiber_Optic,09:58:09,16,37.72,23529.12,12.0,723.27,No,Yes,Yes,Solved in Follow-up,Too many ads
8bd87d5d43190e82,50,F,City,Basic Membership,2025-04-10,No,Credit/Debit Card Offers,Desktop,Wi-Fi,06:38:05,12,97.62,4561.4,19.0,607.39,Yes,No,Yes,Unsolved,Poor Customer Service
b9235213fc5b3a14,62,F,Village,No Membership,2025-04-10,Yes,Credit/Debit Card Offers,Smartphone,Mobile_Data,23:20:07,17,112.9,20038.77,12.0,274.3235842251838,No,Yes,No,Not Applicable,Poor Product Quality
8a03c70a8695e9be,30,M,City,Platinum Membership,2025-04-10,Yes,Without Offers,Smartphone,Fiber_Optic,22:04:37,17,282.3,28600.18,29.0,459.3948422398712,No,Yes,Yes,No Information Available,Too many ads
97dc97306fb07cc3,51,F,,Basic Membership,2025-04-10,No,Credit/Debit Card Offers,Smartphone,Mobile_Data,16:58:13,17,122.6,10876.62,10.0,523.57,No,Yes,No,Not Applicable,Poor Product Quality
b5179a6ee9e51e34,20,F,Town,No Membership,2025-04-10,Yes,Without Offers,Smartphone,Fiber_Optic,05:08:36,11,33.13,26964.97,12.0,662.42,No,Yes,Yes,Solved in Follow-up,Poor Product Quality
be10e5e8cb50e10a,57,F,City,Gold Membership,2025-04-10,No,Gift Vouchers/Coupons,Desktop,Fiber_Optic,17:47:10,-999,90.75,95696.08,16.0,348.3025320221652,No,Yes,Yes,Unsolved,Reasonable Price
afa3ae8b8fe3dcb3,54,F,Town,No Membership,2025-04-10,No,Gift Vouchers/Coupons,Smartphone,Mobile_Data,07:50:27,7,32.05,15945.09,16.0,631.95,Yes,No,No,Not Applicable,Poor Customer Service
a1e8484a406e7b26,42,F,City,Gold Membership,2025-04-11,No,Without Offers,Smartphone,Wi-Fi,16:01:25,18,143.29,46952.48,19.0,697.78,Yes,No,No,Not Applicable,Poor Website
a0cd8db948ab210b,59,F,City,Platinum Membership,2025-04-11,No,Without Offers,Desktop,Mobile_Data,10:54:41,3,73.96,24296.02,18.0,722.48,No,Yes,Yes,Solved,Reasonable Price
af0556f9e5c25693,17,M,Town,Basic Membership,2025-04-11,Yes,Credit/Debit Card Offers,Smartphone,Mobile_Data,22:43:19,12,168.6,44205.69,27.0,629.97,No,Yes,Yes,Solved in Follow-up,Poor Website
b1bc4f2b4674ed78,23,M,City,Basic Membership,2025-04-11,No,Without Offers,Desktop,Wi-Fi,10:53:50,22,389.25,9185.12,19.0,716.94,Yes,No,No,Not Applicable,Poor Customer Service
bd6bc181e480f635,48,F,Town,Gold Membership,2025-04-11,Yes,Without Offers,Smartphone,Fiber_Optic,22:22:09,8,1093.22,16426.01,15.0,1192.8509559954264,Yes,Yes,Yes,Solved,Poor Customer Service
91bf3e48e5caea04,42,F,Town,No Membership,2025-04-11,Yes,Credit/Debit Card Offers,Smartphone,Mobile_Data,02:36:28,14,92.24,23028.9,19.0,646.22,Yes,No,No,Not Applicable,Poor Product Quality
be2e7b08471c5b66,35,F,Town,Basic Membership,2025-04-11,No,Gift Vouchers/Coupons,Smartphone,Fiber_Optic,19:29:47,15,77.29,24468.05,13.0,659.73,Yes,No,No,Not Applicable,Poor Customer Service
8c9d7502665cb81d,12,M,City,Platinum Membership,2025-04-11,Yes,Credit/Debit Card Offers,Both,Fiber_Optic,01:09:45,-999,1032.3,14975.72,18.0,707.94,Yes,Yes,No,Not Applicable,Quality Customer Care
8dc6bc63f486b45a,15,F,City,Basic Membership,2025-04-11,Yes,Without Offers,Desktop,Fiber_Optic,02:45:39,12,81.09,37709.2,11.0,688.35,No,Yes,Yes,Solved in Follow-up,Too many ads
a7082e866db0681b,18,M,Town,Gold Membership,2025-04-11,No,Without Offers,Smartphone,Wi-Fi,03:13:56,12,190.7,85539.05,11.0,787.49,Yes,No,No,Not Applicable,User Friendly Website
9f2c1216bf6e0bb8,56,M,City,Premium Membership,2025-04-11,No,Credit/Debit Card Offers,Smartphone,Fiber_Optic,11:30:39,19,264.34,12758.71,29.0,713.27,No,Yes,Yes,Solved,Poor Customer Service
ba645d6796a0747d,55,M,Village,No Membership,2025-04-11,No,Gift Vouchers/Coupons,Desktop,Wi-Fi,13:11:48,8,116.85,32571.94,23.0,0.0,No,Yes,No,Not Applicable,Poor Website
b01b2624bec6ccf1,13,F,City,No Membership,2025-04-11,Yes,Gift Vouchers/Coupons,Desktop,Mobile_Data,23:25:38,11,31.63,14006.68,6.0,621.17,No,Yes,Yes,Unsolved,Too many ads
af57c42fad9d3a81,33,F,Town,Basic Membership,2025-04-11,No,Without Offers,Smartphone,Wi-Fi,07:26:03,15,359.55,43543.48,0.0,586.44,Yes,No,No,Not Applicable,No reason specified
af9e4f11f56e18d2,36,F,Village,Silver Membership,2025-04-11,Yes,Without Offers,Desktop,Wi-Fi,10:28:27,9,106.34,49853.87,0.0,611.38,No,Yes,No,Not Applicable,Poor Website
bca99a191292bac5,52,F,,Silver Membership,2025-04-11,No,Credit/Debit Card Offers,Desktop,Mobile_Data,03:56:13,19,874.9942217056711,4255.86,28.0,786.81,Yes,No,No,Not Applicable,Poor Customer Service
9845dd2eade34a07,31,M,City,Gold Membership,2025-04-11,Yes,Credit/Debit Card Offers,,Wi-Fi,04:36:39,10,579.09,45074.93,12.0,602.01,Yes,No,Yes,Unsolved,No reason specified
9881377fca383a01,23,F,Village,Premium Membership,2025-04-11,Yes,Gift Vouchers/Coupons,Smartphone,Wi-Fi,05:40:33,14,32.45,7576.0,28.84957954243464,770.76,No,Yes,Yes,Solved,Poor Product Quality
8dc803a653d07a0a,18,M,Town,No Membership,2025-04-11,,Without Offers,Both,Fiber_Optic,19:35:06,13,435.2,13808.18,15.0,959.3079464217294,Yes,No,No,Not Applicable,Poor Customer Service
a75016617bc388b9,52,F,Town,No Membership,2025-04-11,Yes,Credit/Debit Card Offers,Desktop,Fiber_Optic,11:37:26,5,613.77,44793.46,6.0,622.13,Yes,Yes,Yes,Solved,No reason specified
bd8509f55106c9f7,11,F,City,No Membership,2025-04-11,No,Credit/Debit Card Offers,Desktop,Wi-Fi,03:09:48,11,32.45,22462.34,0.0,571.23,No,Yes,No,Not Applicable,No reason specified
a8daa452b3699633,58,M,,No Membership,2025-04-11,No,Gift Vouchers/Coupons,Desktop,Wi-Fi,23:25:32,25,30.15,17214.1,0.0,564.17,Yes,No,No,Not Applicable,No reason specified
aeb6f1b013fe6afb,31,F,City,Basic Membership,2025-04-11,Yes,Without Offers,Both,Fiber_Optic,05:56:01,10,482.59,19124.58,15.0,682.73,Yes,No,No,Not Applicable,Poor Customer Service
a13b34e51d0db4cc,47,M,,Platinum Membership,2025-04-11,,Gift Vouchers/Coupons,,Fiber_Optic,13:17:31,17,32.54,2858.69,25.0,707.64,Yes,No,No,Not Applicable,Poor Customer Service
93e03346f184377a,46,F,,No Membership,2025-04-11,Yes,Gift Vouchers/Coupons,,Wi-Fi,20:24:22,4,227.69,20000.01,8.0,103.42688896335892,Yes,No,Yes,Solved in Follow-up,Poor Product Quality
87c24bb1040e675d,20,F,City,Premium Membership,2025-04-11,No,Gift Vouchers/Coupons,,Mobile_Data,08:02:59,12,40.41,39610.76,9.0,0.0,Yes,No,Yes,No Information Available,User Friendly Website
adcf1fca55e27860,49,F,Village,Platinum Membership,2025-04-11,,Credit/Debit Card Offers,Smartphone,Mobile_Data,09:58:18,-999,37.51,35439.68,20.0,785.99,Yes,No,No,Not Applicable,Poor Website
b08de242a2ee6a5d,14,M,City,Silver Membership,2025-04-11,No,Credit/Debit Card Offers,Smartphone,Wi-Fi,08:47:19,19,32.44,93385.56,8.0,366.4547686186615,No,Yes,No,Not Applicable,User Friendly Website
b0a88f0e125f90e8,31,M,,Silver Membership,2025-04-11,,Without Offers,Desktop,Wi-Fi,04:45:42,12,318.73,4035.22,21.0,792.47,No,Yes,Yes,No Information Available,Poor Website
84f327ba7650ce16,21,M,Town,Basic Membership,2025-04-11,No,Without Offers,Both,Mobile_Data,05:27:51,6,220.82,4005.48,13.0,650.35,No,Yes,No,Not Applicable,Poor Customer Service
9657850eab6e77d0,39,M,Town,Silver Membership,2025-04-11,Yes,Credit/Debit Card Offers,Smartphone,Wi-Fi,16:40:18,14,32.91,88310.17,13.0,767.54,No,Yes,Yes,Solved in Follow-up,User Friendly Website
8220ec5f7b909f30,37,M,City,Gold Membership,2025-04-11,No,Gift Vouchers/Coupons,Desktop,Wi-Fi,15:33:42,16,321.09,45881.52,18.0,1106.759920473362,Yes,Yes,Yes,No Information Available,Poor Customer Service
807ac3718048e02d,17,F,Town,No Membership,2025-04-11,No,Gift Vouchers/Coupons,Smartphone,Fiber_Optic,15:21:04,17,32.92,27231.85,28.0,1025.8255074642434,No,Yes,Yes,Solved in Follow-up,Poor Website
bfe7cf915b47e7a7,50,F,City,Basic Membership,2025-04-11,Yes,Credit/Debit Card Offers,Smartphone,Mobile_Data,10:47:36,9,159.0,32307.28,18.0,684.07,No,Yes,No,Not Applicable,Poor Product Quality
af30f3013e0fc44f,48,M,Town,Silver Membership,2025-04-11,,Without Offers,Desktop,Wi-Fi,12:11:56,17,717.12,18445.45,26.0,1216.631946682886,Yes,No,No,Not Applicable,Poor Product Quality
a0ae879c46b889e3,11,M,City,Basic Membership,2025-04-11,No,Gift Vouchers/Coupons,Desktop,Fiber_Optic,00:17:16,17,75.36,32530.24,25.0,591.26,No,Yes,No,Not Applicable,Poor Product Quality
9a2e2e16449714f2,52,M,City,Silver Membership,2025-04-11,Yes,Gift Vouchers/Coupons,Desktop,Mobile_Data,23:51:52,12,84.52,28390.17,6.0,377.6781689263826,No,Yes,Yes,Solved in Follow-up,Poor Customer Service
bb4dcfcb8859f961,13,F,Town,Platinum Membership,2025-04-11,No,Credit/Debit Card Offers,Smartphone,Wi-Fi,02:46:27,17,31.32,21392.98,24.0,712.89,Yes,No,No,Not Applicable,Poor Customer Service
be93433d81a1e752,19,F,Town,Gold Membership,2025-04-11,No,Credit/Debit Card Offers,Desktop,Mobile_Data,14:50:57,12,108.8,11939.54,19.0,0.0,No,Yes,Yes,Unsolved,Poor Website
9b29d6e55c2f9f48,42,M,City,Premium Membership,2025-04-11,Yes,Credit/Debit Card Offers,,Wi-Fi,07:46:02,11,170.76,43657.85,6.0,770.7,Yes,No,Yes,Unsolved,Poor Product Quality
92a27dd8a8d4eb67,60,F,Village,Gold Membership,2025-04-11,Yes,Gift Vouchers/Coupons,Smartphone,Fiber_Optic,01:56:49,13,769.16,25716.26,13.0,524.528917341567,Yes,Yes,Yes,Solved in Follow-up,User Friendly Website
8719f1a31c26f80b,41,M,Town,Silver Membership,2025-04-11,No,Gift Vouchers/Coupons,Smartphone,Wi-Fi,23:07:52,19,43.42,1599.41,8.0,715.85,Yes,No,Yes,Solved,Too many ads
ada85b753c81ad9f,40,M,,Platinum Membership,2025-04-11,Yes,Gift Vouchers/Coupons,Desktop,Fiber_Optic,21:29:47,-999,282.63,48255.28,1.0,707.04,No,Yes,No,Not Applicable,Products always in Stock
953b191505442d3f,14,F,Town,Basic Membership,2025-04-11,No,Gift Vouchers/Coupons,Both,Mobile_Data,08:31:07,8,300.99,43910.01,10.0,1004.0664323703004,Yes,Yes,Yes,Solved in Follow-up,Poor Customer Service
8ee863a4af16bd99,44,M,Town,Platinum Membership,2025-04-11,No,Without Offers,Desktop,Wi-Fi,19:59:54,19,183.12,45117.14,20.0,741.81,No,Yes,No,Not Applicable,Poor Website
b5f7c37cfbd219e6,26,M,City,Gold Membership,2025-04-11,Yes,Gift Vouchers/Coupons,Desktop,Mobile_Data,02:03:34,20,136.63,28363.49,0.0,931.9373092412472,No,Yes,Yes,Solved in Follow-up,Poor Website
88561565d1a6c3c4,57,M,City,Premium Membership,2025-04-11,Yes,Without Offers,Smartphone,Wi-Fi,21:05:51,12,680.98,9965.34,18.0,784.45,Yes,Yes,No,Not Applicable,Poor Product Quality
a4a2110118913e66,49,M,City,Gold Membership,2025-04-11,No,Without Offers,,Fiber_Optic,13:23:57,8,1226.2470349424989,33462.5,25.0,709.04,No,Yes,No,Not Applicable,Too many ads
9e6cb892c214f68d,31,M,City,Platinum Membership,2025-04-11,No,Without Offers,,Wi-Fi,11:37:33,6,126.67,14992.03,7.0,720.65,No,Yes,Yes,Unsolved,Too many ads
82b2d89e44ae6dea,18,F,Town,Silver Membership,2025-04-11,No,Gift Vouchers/Coupons,Smartphone,Fiber_Optic,00:06:56,10,32.11,12567.15,13.0,323.8675122610777,Yes,No,No,Not Applicable,Poor Customer Service
9520c211ebf3e0fb,59,M,Town,Premium Membership,2025-04-11,Yes,Credit/Debit Card Offers,Desktop,Fiber_Optic,02:48:39,19,31.72,51191.66,5.0,767.66,No,Yes,Yes,Solved in Follow-up,Quality Customer Care
9609eef5f4551bd6,30,M,City,No Membership,2025-04-11,No,Gift Vouchers/Coupons,Both,Wi-Fi,08:27:10,13,492.35,9907.37,8.0,517.02,Yes,No,Yes,Solved in Follow-up,Too many ads
9920439616145d20,16,M,Town,Basic Membership,2025-04-11,No,Without Offers,,Mobile_Data,19:19:03,22,226.93,23715.88,24.0,545.19,No,Yes,Yes,Unsolved,Too many ads
84f401d8e407da52,23,M,Town,Basic Membership,2025-04-11,Yes,Credit/Debit Card Offers,,Mobile_Data,14:32:48,11,31.24,12049.74,18.0,117.7913574166978,Yes,No,No,Not Applicable,Poor Website
835a897bb342ae27,33,M,,No Membership,2025-04-11,Yes,Credit/Debit Card Offers,Smartphone,Wi-Fi,16:25:04,9,196.58,33898.07,22.0,611.01,Yes,No,No,Not Applicable,Poor Customer Service
b7428d344d9de05d,32,M,,Gold Membership,2025-04-11,No,Credit/Debit Card Offers,Desktop,Wi-Fi,13:04:42,3,77.81,6643.78,16.0,658.43,No,Yes,No,Not Applicable,Poor Customer Service
9092366221e520fc,49,F,Village,Platinum Membership,2025-04-11,Yes,Without Offers,Desktop,Mobile_Data,14:06:26,-999,960.13,72207.31,19.0,448.867412781524,Yes,Yes,No,Not Applicable,Reasonable Price
bd85e29ba76088e3,50,M,Town,Basic Membership,2025-04-11,Yes,Credit/Debit Card Offers,Smartphone,Wi-Fi,18:53:16,14,58.33,33399.03,14.0,660.06,No,Yes,No,Not Applicable,Poor Website
a223a2357e1aba09,28,F,City,Gold Membership,2025-04-11,Yes,Gift Vouchers/Coupons,,Fiber_Optic,08:15:40,16,91.8,31612.65,28.0,1030.4668150716952,Yes,No,Yes,Unsolved,Poor Website
b1224987e2ee251a,38,F,Village,Basic Membership,2025-04-11,Yes,Credit/Debit Card Offers,Desktop,Mobile_Data,03:41:08,13,748.04,12915.34,25.0,501.42,No,Yes,No,Not Applicable,Poor Product Quality
a8a26c7219cf561c,54,M,,Basic Membership,2025-04-11,,Without Offers,Smartphone,Wi-Fi,23:21:59,11,52.59,18959.0,17.0,581.2,No,Yes,Yes,Solved,Poor Website
a4b2d477b8e7c977,59,F,Town,Silver Membership,2025-04-11,,Gift Vouchers/Coupons,Smartphone,Wi-Fi,20:59:44,20,32.38,30437.82,0.0,0.0,No,Yes,Yes,Solved in Follow-up,Too many ads
96a8bfbe7b3db249,58,F,Town,Platinum Membership,2025-04-11,No,Without Offers,Smartphone,Fiber_Optic,06:11:43,21,31.11,9114.37,9.0,772.71,Yes,No,No,Not Applicable,Poor Website
8b9adde9a1d5af92,53,F,Town,Silver Membership,2025-04-11,No,Without Offers,,Wi-Fi,08:13:10,17,43.67,10346.96,18.0,0.0,No,Yes,No,Not Applicable,Poor Product Quality
b25be2b2253770ad,24,F,,Platinum Membership,2025-04-11,No,Without Offers,,Mobile_Data,15:53:02,14,277.9,13213.12,5.0,990.2324324698734,Yes,No,No,Not Applicable,Poor Website
8afc51dcfde747a2,34,F,City,Gold Membership,2025-04-11,No,Without Offers,Both,Fiber_Optic,13:47:29,9,279.81,37043.66,21.0,698.06,Yes,Yes,Yes,No Information Available,Poor Product Quality
894db12c13d5b3da,17,F,City,Gold Membership,2025-04-11,No,Credit/Debit Card Offers,Smartphone,Mobile_Data,10:34:30,23,274.41,45239.61,6.0,680.12,No,Yes,No,Not Applicable,Poor Website
af4ab7dc68801687,28,M,,No Membership,2025-04-11,No,Credit/Debit Card Offers,Smartphone,Wi-Fi,13:02:23,24,90.78,28885.27,6.0,592.56,Yes,No,No,Not Applicable,No reason specified
93bacf8753966d9b,29,M,City,Basic Membership,2025-04-11,Yes,Without Offers,Desktop,Fiber_Optic,04:31:57,17,287.01,1132.67,0.0,624.93,Yes,Yes,No,Not Applicable,Poor Product Quality
842b8e2e1a658039,20,M,City,Basic Membership,2025-04-11,No,Gift Vouchers/Coupons,Smartphone,Wi-Fi,21:39:59,5,222.07,11374.29,28.0,598.6,Yes,No,Yes,Solved,Poor Product Quality
ab98360946902c31,57,F,,Silver Membership,2025-04-11,Yes,Gift Vouchers/Coupons,Desktop,Fiber_Optic,02:22:08,-999,32.57,31746.44,16.0,785.32,Yes,No,No,Not Applicable,Poor Customer Service
b8cb78004c0d9883,62,F,,No Membership,2025-04-11,Yes,Credit/Debit Card Offers,Smartphone,Wi-Fi,05:53:15,4,33.85,16942.29,0.0,0.0,Yes,No,No,Not Applicable,Poor Website
8fb81a9906d90fde,11,M,City,No Membership,2025-04-11,No,Gift Vouchers/Coupons,Smartphone,Fiber_Optic,00:03:32,15,103.55,42535.08,11.0,601.78,No,Yes,Yes,Solved in Follow-up,Poor Website
aeb08ef258b2fd53,57,M,Village,Gold Membership,2025-04-11,No,Credit/Debit Card Offers,Desktop,Wi-Fi,16:00:56,1,294.59,9185.66,8.0,1157.77958751164,No,Yes,Yes,Solved,Reasonable Price
b11a6384051402d8,43,M,Town,Gold Membership,2025-04-11,,Gift Vouchers/Coupons,Desktop,Wi-Fi,04:44:30,4,683.38,9887.74,18.0,778.21,No,Yes,Yes,Solved,Poor Customer Service
ac38ea70921e3807,25,M,Town,Silver Membership,2025-04-11,Yes,Gift Vouchers/Coupons,Desktop,Mobile_Data,22:31:21,18,274.44,45374.75,19.0,750.69,Yes,No,No,Not Applicable,Reasonable Price
8076e8d803c86947,61,M,City,Platinum Membership,2025-04-11,,Gift Vouchers/Coupons,Desktop,Fiber_Optic,13:07:48,11,51.79,34538.51,5.0,711.16,Yes,No,Yes,Unsolved,No reason specified
b117fa9eb9bc4935,14,F,City,Gold Membership,2025-04-11,Yes,Gift Vouchers/Coupons,Desktop,Wi-Fi,22:36:11,12,1162.73,57503.18,8.0,782.84,Yes,Yes,No,Not Applicable,User Friendly Website
8ddd47e8ec0434ef,18,F,City,Basic Membership,2025-04-11,Yes,Without Offers,Smartphone,Fiber_Optic,15:01:08,10,89.58,31355.08,9.0,660.54,No,Yes,No,Not Applicable,Poor Website
baaaa8d3c0d0aadc,51,M,City,Platinum Membership,2025-04-11,Yes,Credit/Debit Card Offers,Smartphone,Mobile_Data,11:14:40,3,946.6,70404.86,12.0,760.86,No,Yes,Yes,Unsolved,Products always in Stock
8855314de3f2c199,15,M,City,No Membership,2025-04-11,Yes,Without Offers,Both,Mobile_Data,12:36:16,7,889.34,49254.0,6.0,638.56,Yes,Yes,No,Not Applicable,Too many ads
97721d4c37443a3e,53,M,Village,Silver Membership,2025-04-11,No,Credit/Debit Card Offers,Smartphone,Mobile_Data,04:54:00,13,148.62,12187.47,7.0,620.19,Yes,No,Yes,Unsolved,Poor Product Quality
8d24d173bc90e6a5,34,F,Town,Premium Membership,2025-04-11,Yes,Without Offers,Smartphone,Mobile_Data,17:39:39,17,94.35,31236.99,0.0,250.59454243614488,Yes,No,No,Not Applicable,Poor Customer Service
923b7370078cedf0,20,F,Village,Platinum Membership,2025-04-11,,Credit/Debit Card Offers,Desktop,Wi-Fi,09:54:54,14,374.89,7575.38,16.0,770.65,No,Yes,Yes,Solved in Follow-up,Poor Customer Service
b04998e93eeb9848,42,M,Village,Basic Membership,2025-04-11,,Without Offers,Desktop,Fiber_Optic,08:39:44,5,745.57,18074.3,11.0,631.88,Yes,Yes,No,Not Applicable,Poor Product Quality
b27151dbeb7ebf88,60,M,,Premium Membership,2025-04-11,No,Credit/Debit Card Offers,Smartphone,Wi-Fi,18:34:50,8,124.87,1845.98,7.0,766.25,Yes,No,Yes,Solved in Follow-up,Poor Product Quality
a1042b7c9f74480f,40,F,City,Gold Membership,2025-04-11,,Without Offers,Desktop,Fiber_Optic,16:16:12,11,0.0,67185.96,3.0,750.4,Yes,No,Yes,No Information Available,User Friendly Website
ba20764ccdf414a6,51,F,,No Membership,2025-04-11,Yes,Without Offers,Desktop,Fiber_Optic,13:07:40,16,255.85,15200.47,27.0,571.18,Yes,Yes,No,Not Applicable,Poor Website
ac949ad669c3a70b,24,F,City,Premium Membership,2025-04-11,Yes,Gift Vouchers/Coupons,Smartphone,Fiber_Optic,23:31:08,21,166.58,8372.06,29.0,706.72,Yes,No,No,Not Applicable,Poor Website
b0c38af640377df8,44,M,City,Basic Membership,2025-04-11,Yes,Gift Vouchers/Coupons,Smartphone,Wi-Fi,19:50:53,15,44.76,34131.33,27.0,576.42,No,Yes,No,Not Applicable,Poor Website
881c4509a19b37b6,13,M,City,Silver Membership,2025-04-11,Yes,Gift Vouchers/Coupons,,Mobile_Data,10:03:49,24,33.65,27606.58,28.0,682.87,No,Yes,No,Not Applicable,No reason specified
91c4a45d37caa2ad,41,F,City,Basic Membership,2025-04-11,Yes,Gift Vouchers/Coupons,,Wi-Fi,17:52:56,14,239.46,34744.89,21.0,274.17315150766274,Yes,No,No,Not Applicable,No reason specified
844f2757c4915842,51,F,City,Gold Membership,2025-04-11,,Credit/Debit Card Offers,Smartphone,Mobile_Data,04:37:30,14,736.09,3046.71,28.0,675.03,Yes,Yes,No,Not Applicable,Poor Website
845e64cb642c9dbe,60,M,Town,Silver Membership,2025-04-11,No,Without Offers,Desktop,Mobile_Data,10:44:43,15,283.55,25766.21,6.0,691.01,Yes,No,Yes,Unsolved,Poor Customer Service
af298b1304aaa2cb,46,M,Town,Gold Membership,2025-04-11,Yes,Gift Vouchers/Coupons,Smartphone,Fiber_Optic,05:41:12,13,188.09,32920.77,25.0,798.72,Yes,No,Yes,Solved in Follow-up,Poor Website
b2d4646c50f572ed,42,M,,No Membership,2025-04-11,Yes,Gift Vouchers/Coupons,Desktop,Fiber_Optic,12:48:13,15,118.44,13389.15,27.0,507.86,Yes,No,Yes,Unsolved,Poor Website
a984c5ab8e0b2cb7,33,F,Town,Basic Membership,2025-04-11,,Credit/Debit Card Offers,,Fiber_Optic,12:23:39,9,82.6,43363.3,27.0,865.6967039780529,No,Yes,Yes,Unsolved,Poor Website
b25004aa48aada97,50,F,Town,Premium Membership,2025-04-11,Yes,Gift Vouchers/Coupons,Desktop,Fiber_Optic,04:02:57,10,565.14,99694.82,16.0,0.0,Yes,No,No,Not Applicable,Quality Customer Care
bb9539aebef4a40b,16,F,,Basic Membership,2025-04-11,Yes,Without Offers,Desktop,Fiber_Optic,16:54:06,19,174.18,47348.27,27.0,640.74,Yes,No,No,Not Applicable,No reason specified
9a9f00fe55b2ec7d,51,F,Town,No Membership,2025-04-11,No,Gift Vouchers/Coupons,Desktop,Mobile_Data,22:02:12,23,246.1,45535.52,15.0,635.52,No,Yes,No,Not Applicable,No reason specified
9f7cd1c062436d64,23,M,City,No Membership,2025-04-11,Yes,Without Offers,Desktop,Fiber_Optic,06:48:02,7,721.88,15788.89,6.0,665.81,Yes,Yes,No,Not Applicable,Poor Product Quality
b4702de2e251b473,18,M,City,No Membership,2025-04-11,Yes,Credit/Debit Card Offers,Both,Wi-Fi,03:28:59,9,492.59,35570.53,9.0,600.95,Yes,Yes,No,Not Applicable,Too many ads
abd2ad01a8d88a05,15,F,Village,No Membership,2025-04-11,No,Without Offers,Desktop,Wi-Fi,18:40:15,1,87.56,43196.05,12.0,607.7,No,Yes,No,Not Applicable,Poor Customer Service
a45a95534169b008,23,F,City,Gold Membership,2025-04-11,Yes,Gift Vouchers/Coupons,Smartphone,Wi-Fi,15:25:59,-999,689.22,8448.75,25.0,491.12113146122994,Yes,Yes,Yes,Unsolved,Too many ads
b9d8958c4434e7db,53,M,,No Membership,2025-04-11,,Without Offers,Desktop,Fiber_Optic,11:54:52,2,191.69,38679.68,27.0,643.1,No,Yes,Yes,Unsolved,Poor Product Quality
bb837ab734e563f9,30,F,Town,Basic Membership,2025-04-11,Yes,Without Offers,Both,Fiber_Optic,08:36:59,5,1383.7,15227.79,29.0,232.27390250110903,Yes,Yes,No,Not Applicable,Too many ads
994a4333a84eaed5,41,F,Town,Platinum Membership,2025-04-11,Yes,Without Offers,Desktop,Mobile_Data,22:48:25,5,37.33,47379.42,12.0,765.4,No,Yes,Yes,No Information Available,No reason specified
880f0b8d9caafeb0,27,F,City,No Membership,2025-04-11,No,Gift Vouchers/Coupons,Smartphone,Wi-Fi,03:27:20,7,326.69,34178.15,0.0,694.61,Yes,No,Yes,No Information Available,Too many ads
8940b65c6c4847ac,39,M,,Gold Membership,2025-04-11,Yes,Credit/Debit Card Offers,Desktop,Wi-Fi,23:39:46,16,125.46,11829.93,6.0,755.63,No,Yes,Yes,Solved in Follow-up,Poor Website
b5a8de03f6e5b52f,55,F,Town,Gold Membership,2025-04-11,Yes,Gift Vouchers/Coupons,Smartphone,Mobile_Data,01:35:25,16,258.65,31121.82,24.0,759.78,Yes,Yes,No,Not Applicable,Too many ads
a17f0217199bc9cf,20,F,City,Silver Membership,2025-04-11,No,Gift Vouchers/Coupons,Both,Mobile_Data,22:02:00,-999,239.34,27524.48,23.0,715.91,Yes,No,No,Not Applicable,No reason specified
b724851d70d8a157,16,F,Town,No Membership,2025-04-11,Yes,Gift Vouchers/Coupons,Smartphone,Fiber_Optic,17:50:01,6,0.0,39377.3,21.0,514.65,Yes,No,No,Not Applicable,Poor Website
b2fd2cc09c5f2bfb,64,F,City,Silver Membership,2025-04-11,No,Gift Vouchers/Coupons,,Wi-Fi,13:00:49,13,1224.810790054436,10480.63,5.0,798.33,No,Yes,No,Not Applicable,Poor Customer Service
ad1222d4d57f3925,15,M,,Gold Membership,2025-04-11,Yes,Without Offers,Smartphone,Wi-Fi,02:20:59,13,41.73,20435.08,10.0,641.06,No,Yes,No,Not Applicable,Poor Product Quality
b4c051a68ac478f9,51,M,City,Gold Membership,2025-04-11,No,Gift Vouchers/Coupons,Smartphone,Wi-Fi,09:58:56,10,120.09,19532.18,34.68828595993905,647.86,Yes,No,Yes,Unsolved,Too many ads
9bbb6aba5a4e6190,58,F,Town,Platinum Membership,2025-04-12,Yes,Credit/Debit Card Offers,Desktop,Fiber_Optic,15:08:29,15,281.39,43280.21,27.0,710.42,No,Yes,Yes,Solved,Poor Website
a046e280df1ed1c0,23,F,City,No Membership,2025-04-12,Yes,Gift Vouchers/Coupons,Smartphone,Wi-Fi,20:38:52,11,615.47,47593.93,24.0,621.53,Yes,No,Yes,Unsolved,Poor Website
8884e8236b866cd2,36,F,Town,No Membership,2025-04-12,No,Credit/Debit Card Offers,,Mobile_Data,14:00:00,15,479.45,25392.94,11.0,587.23,Yes,No,No,Not Applicable,No reason specified
b24879dba4b1a8cb,24,F,Town,No Membership,2025-04-12,,Without Offers,Desktop,Fiber_Optic,16:09:58,10,56.47,40534.91,26.0,593.26,Yes,No,No,Not Applicable,Poor Website
9ee11b352f99b4af,38,F,Town,Gold Membership,2025-04-12,No,Gift Vouchers/Coupons,,Fiber_Optic,03:21:28,20,1325.4631555251967,2103.57,22.0,761.06,No,Yes,No,Not Applicable,No reason specified
8dfff5b634f679e5,45,F,Town,Silver Membership,2025-04-12,Yes,Credit/Debit Card Offers,Smartphone,Fiber_Optic,08:11:42,12,1066.5227142109354,19146.55,19.0,664.15,Yes,No,Yes,Solved in Follow-up,Poor Customer Service
96f852ae492552d4,11,M,Village,No Membership,2025-04-12,Yes,Credit/Debit Card Offers,Smartphone,Fiber_Optic,07:55:58,18,207.41,33055.63,19.0,0.0,Yes,No,Yes,Solved in Follow-up,Poor Product Quality
83d7d1a539c9702f,53,F,City,Gold Membership,2025-04-12,Yes,Without Offers,Smartphone,Mobile_Data,07:24:27,13,0.0,23654.48,8.0,321.7607423151662,Yes,No,Yes,No Information Available,Too many ads
96e13a2e2ce68e0d,40,F,City,Premium Membership,2025-04-12,Yes,Credit/Debit Card Offers,,Fiber_Optic,03:00:57,7,33.37,25442.39,13.0,703.72,No,Yes,Yes,Solved in Follow-up,Products always in Stock
a3bb07059df7f432,39,M,City,Basic Membership,2025-04-12,No,Gift Vouchers/Coupons,,Fiber_Optic,16:03:56,9,31.66,4141.36,33.967958554119235,541.14,Yes,No,No,Not Applicable,Poor Website
a9ea54cd5ac48154,59,M,Village,Gold Membership,2025-04-12,No,Gift Vouchers/Coupons,Desktop,Mobile_Data,00:45:50,8,34.53,1568.94,0.0,127.72250122590742,Yes,No,Yes,Solved in Follow-up,No reason specified
80d14d5857d8db1a,32,F,City,Basic Membership,2025-04-12,No,Gift Vouchers/Coupons,Desktop,Fiber_Optic,15:06:00,18,85.59,31081.98,22.0,582.66,No,Yes,Yes,Unsolved,Too many ads
85bd3f2bd9add3fe,32,F,City,No Membership,2025-04-12,Yes,Credit/Debit Card Offers,Smartphone,Mobile_Data,03:38:40,10,33.67,7934.63,21.0,618.39,No,Yes,Yes,Solved,Too many ads
adc589fe16548af6,15,F,Village,Basic Membership,2025-04-12,No,Credit/Debit Card Offers,Smartphone,Wi-Fi,01:29:14,5,382.01,33532.47,11.0,668.76,No,Yes,Yes,No Information Available,Poor Customer Service
97f3412137c57493,30,F,Town,Gold Membership,2025-04-12,Yes,Without Offers,,Fiber_Optic,15:06:37,4,173.8,40129.07,0.0,782.17,No,Yes,Yes,Unsolved,User Friendly Website
89d0f3f0eab47e0b,16,M,City,Basic Membership,2025-04-12,No,Credit/Debit Card Offers,Smartphone,Fiber_Optic,01:08:21,16,330.16,30076.64,6.0,691.73,Yes,Yes,Yes,No Information Available,Poor Customer Service
9cb4f59c27d5b88f,57,M,Town,Gold Membership,2025-04-12,Yes,Credit/Debit Card Offers,Smartphone,Wi-Fi,04:03:30,9,130.44,2997.23,28.0,685.51,Yes,No,No,Not Applicable,Poor Product Quality
a77c37f1371bd5d9,58,F,City,Silver Membership,2025-04-12,,Without Offers,Both,Wi-Fi,01:45:51,12,248.65,47509.71,21.0,703.87,No,Yes,Yes,No Information Available,Poor Product Quality
bbfdc6e18a0325be,48,M,Village,No Membership,2025-04-12,Yes,Credit/Debit Card Offers,Desktop,Wi-Fi,13:55:56,7,0.0,9652.0,20.0,508.06,No,Yes,No,Not Applicable,Poor Product Quality
8b1446e9a6b077e3,10,M,Town,Silver Membership,2025-04-12,No,Credit/Debit Card Offers,Desktop,Fiber_Optic,12:56:26,10,108.36,26432.56,0.0,765.3,No,Yes,No,Not Applicable,Too many ads
80034c34a9b571fc,27,F,City,Silver Membership,2025-04-12,,Without Offers,Desktop,Mobile_Data,17:43:12,7,262.74,23832.61,24.0,753.45,No,Yes,Yes,Solved in Follow-up,No reason specified
9fc4c286f4e5f71e,58,F,Town,Gold Membership,2025-04-12,,Gift Vouchers/Coupons,Desktop,Mobile_Data,02:29:41,8,54.62,26200.57,6.0,619.8,Yes,No,Yes,No Information Available,Poor Product Quality
805cfe5ec1225ef6,33,F,City,No Membership,2025-04-12,,Gift Vouchers/Coupons,Desktop,Fiber_Optic,13:47:34,-999,392.89,7720.28,0.0,699.36,No,Yes,Yes,No Information Available,Poor Product Quality
a10452c1f6ac7191,54,M,City,Basic Membership,2025-04-12,Yes,Credit/Debit Card Offers,,Wi-Fi,21:25:05,15,151.38,28419.93,17.0,1097.018621418392,No,Yes,No,Not Applicable,Poor Product Quality
8c0352fa38f0720e,23,M,City,Gold Membership,2025-04-12,,Without Offers,Smartphone,Wi-Fi,16:46:09,9,73.78,38314.2,19.0,700.38,Yes,No,Yes,Solved in Follow-up,Too many ads
90911217a4a41a29,50,F,Town,No Membership,2025-04-12,No,Credit/Debit Card Offers,Desktop,Fiber_Optic,08:18:54,-999,101.9,6221.46,24.0,676.55,No,Yes,Yes,Solved in Follow-up,Too many ads
8b6d2627262ce629,45,M,City,No Membership,2025-04-12,No,Without Offers,Smartphone,Fiber_Optic,02:37:29,9,123.12,35212.7,23.0,657.8,Yes,No,No,Not Applicable,Poor Product Quality
ae5f10ca20a99903,31,M,City,Platinum Membership,2025-04-12,Yes,Credit/Debit Card Offers,Both,Fiber_Optic,09:46:02,5,0.0,28590.88,20.0,792.89,Yes,No,No,Not Applicable,Too many ads
9716a77c309a15ce,57,M,Village,Platinum Membership,2025-04-12,Yes,Credit/Debit Card Offers,Smartphone,Fiber_Optic,02:11:37,14,599.42,88893.46,14.0,726.29,No,Yes,No,Not Applicable,Reasonable Price
88833c8826e8ceb9,52,F,City,Silver Membership,2025-04-12,,Gift Vouchers/Coupons,Smartphone,Fiber_Optic,14:14:11,18,34.11,34651.56,43.54748916277634,756.98,Yes,No,Yes,No Information Available,Poor Product Quality
9159c9ac21159058,53,F,City,Silver Membership,2025-04-12,No,Without Offers,Smartphone,Wi-Fi,11:09:41,-999,30.86,41071.44,0.0,765.24,Yes,No,No,Not Applicable,Poor Customer Service
86cdc179723a9c96,56,F,,Gold Membership,2025-04-12,Yes,Without Offers,Desktop,Wi-Fi,21:24:54,18,185.72,6106.49,0.0,771.34,No,Yes,No,Not Applicable,Poor Customer Service
be84fa26088a7304,40,F,City,Basic Membership,2025-04-12,No,Without Offers,Smartphone,Wi-Fi,06:32:18,20,217.81,13041.9,22.0,63.068856725519936,Yes,No,Yes,Solved,Too many ads
9882795a511dd7ac,22,M,City,Gold Membership,2025-04-12,No,Credit/Debit Card Offers,Desktop,Fiber_Optic,21:17:26,10,182.3,88673.02,0.0,730.27,No,Yes,Yes,Unsolved,Reasonable Price
b5cd7099db47e6b4,57,F,Town,Gold Membership,2025-04-12,,Credit/Debit Card Offers,Desktop,Mobile_Data,00:37:26,17,372.71,47600.53,0.0,708.58,Yes,Yes,No,Not Applicable,Poor Customer Service
a04098dc4b377ec4,54,F,,Basic Membership,2025-04-12,No,Without Offers,Desktop,Fiber_Optic,09:58:55,9,292.99,6630.53,29.0,640.05,No,Yes,Yes,Solved in Follow-up,Poor Product Quality
9c64a6226134a31e,61,M,City,No Membership,2025-04-12,Yes,Gift Vouchers/Coupons,Smartphone,Wi-Fi,13:36:53,1,903.45,35284.11,18.0,686.33,No,Yes,No,Not Applicable,No reason specified
a9223f87d38c8918,39,F,City,Platinum Membership,2025-04-12,No,Without Offers,Smartphone,Fiber_Optic,13:38:27,14,33.34,16748.06,23.0,787.16,No,Yes,Yes,Solved in Follow-up,Poor Product Quality
a4217e73ad23399c,42,M,,Platinum Membership,2025-04-12,Yes,Credit/Debit Card Offers,Smartphone,Wi-Fi,19:28:47,16,812.984248763884,43722.68,27.0,742.5,No,Yes,No,Not Applicable,No reason specified
a82e83af692e5644,41,F,Town,Platinum Membership,2025-04-12,,Without Offers,Smartphone,Fiber_Optic,02:17:56,12,197.0,38187.74,0.0,772.36,Yes,No,Yes,Solved in Follow-up,Too many ads
ab11e542dfb84fb7,24,M,City,Gold Membership,2025-04-12,No,Without Offers,Desktop,Fiber_Optic,10:49:07,18,319.57,46138.34,28.0,699.8,No,Yes,No,Not Applicable,Too many ads
a0f510d2c95778d1,63,M,Town,Silver Membership,2025-04-12,No,Credit/Debit Card Offers,Smartphone,Wi-Fi,19:43:02,13,316.39,12157.67,17.0,184.7040346264928,Yes,No,Yes,Solved in Follow-up,Poor Customer Service
857ba61ae7d9704c,24,M,,No Membership,2025-04-12,Yes,Gift Vouchers/Coupons,Desktop,Mobile_Data,00:50:29,20,279.31,3834.37,17.0,692.8,No,Yes,No,Not Applicable,Poor Customer Service
b277a0847ba73506,60,M,Town,Basic Membership,2025-04-12,,Credit/Debit Card Offers,Smartphone,Fiber_Optic,13:25:46,17,33.94,18616.69,28.0,716.56,Yes,No,No,Not Applicable,Poor Website
830fbb194847a824,52,F,,Premium Membership,2025-04-12,No,Gift Vouchers/Coupons,Smartphone,Wi-Fi,23:10:24,20,329.68,33838.23,19.0,747.91,Yes,No,Yes,Solved in Follow-up,Too many ads
b1b13e4c64207c87,39,F,City,Platinum Membership,2025-04-12,No,Without Offers,Smartphone,Wi-Fi,08:37:37,10,146.22,99109.9,10.0,753.25,No,Yes,No,Not Applicable,Products always in Stock
acc23bc1ba3af8b2,23,M,Village,Platinum Membership,2025-04-12,No,Without Offers,Smartphone,Wi-Fi,06:36:13,11,180.18,38952.95,26.0,790.69,Yes,No,No,Not Applicable,Poor Product Quality
bd22cc1d53694e26,25,F,City,Basic Membership,2025-04-12,,Credit/Debit Card Offers,Smartphone,Fiber_Optic,14:45:27,14,161.03,38273.31,11.0,649.08,No,Yes,No,Not Applicable,Too many ads
875883d772b506d4,16,F,,Gold Membership,2025-04-12,Yes,Without Offers,Both,Wi-Fi,08:39:19,15,541.3,9643.05,0.0,679.02,Yes,No,No,Not Applicable,Poor Website
9f770c7c8aa1f8bb,45,M,Town,Platinum Membership,2025-04-12,No,Credit/Debit Card Offers,Desktop,Wi-Fi,20:52:29,4,64.5,49478.24,5.0,776.39,Yes,No,Yes,Unsolved,No reason specified
9af42236f270f7c3,63,F,City,Basic Membership,2025-04-12,Yes,Gift Vouchers/Coupons,Smartphone,Fiber_Optic,23:38:58,26,109.52,21969.19,11.0,607.57,No,Yes,No,Not Applicable,Poor Website
80f240e7add3cc37,51,M,City,Silver Membership,2025-04-12,Yes,Gift Vouchers/Coupons,Desktop,Mobile_Data,19:06:51,8,96.26,1624.15,6.0,750.42,Yes,No,No,Not Applicable,Poor Website
9e2f8f4e57ef2a28,49,M,,No Membership,2025-04-12,No,Gift Vouchers/Coupons,Desktop,Wi-Fi,00:08:26,2,235.24,14093.12,19.0,536.96,Yes,No,Yes,Solved,Poor Product Quality
8a46e084a215212f,63,F,,No Membership,2025-04-12,No,Without Offers,Desktop,Wi-Fi,08:19:42,5,344.29,31482.01,24.0,1238.4968138371726,Yes,No,Yes,No Information Available,Poor Product Quality
a622979c5ad0fdea,50,F,,Basic Membership,2025-04-12,Yes,Credit/Debit Card Offers,Smartphone,Mobile_Data,16:59:07,19,0.0,10237.57,16.0,525.76,No,Yes,Yes,Solved in Follow-up,Poor Product Quality
b8a0a3e29af26493,28,F,Town,Basic Membership,2025-04-12,No,Credit/Debit Card Offers,Smartphone,Wi-Fi,06:18:40,10,404.53,9195.97,27.0,689.01,No,Yes,Yes,Solved,Poor Website
85a4dc5e441ca743,24,F,Village,Gold Membership,2025-04-12,No,Gift Vouchers/Coupons,Smartphone,Wi-Fi,11:00:58,11,116.91,6044.09,3.0,727.1,No,Yes,No,Not Applicable,Reasonable Price
be7f2d49de11e9fe,21,F,City,Premium Membership,2025-04-12,Yes,Gift Vouchers/Coupons,Both,Wi-Fi,00:27:57,11,744.04,53208.1,19.0,1450.2370453277972,Yes,No,Yes,Solved,Quality Customer Care
89a6dd0db00c8349,35,F,City,Basic Membership,2025-04-12,No,Gift Vouchers/Coupons,Desktop,Mobile_Data,22:34:01,24,0.0,43643.19,28.0,506.93,Yes,No,No,Not Applicable,No reason specified
a64acf9610aa1d80,16,F,Town,Premium Membership,2025-04-12,No,Gift Vouchers/Coupons,Desktop,Wi-Fi,01:00:03,16,78.92,37028.96,21.0,794.24,No,Yes,No,Not Applicable,Poor Customer Service
a2ba17ae26851942,61,M,Town,Basic Membership,2025-04-12,,Without Offers,,Fiber_Optic,10:01:13,12,322.92,18353.67,19.0,534.9,Yes,No,No,Not Applicable,Poor Customer Service
89b47466992093fb,33,F,City,Platinum Membership,2025-04-12,Yes,Gift Vouchers/Coupons,Both,Fiber_Optic,00:54:23,10,0.0,1342.94,20.0,465.04010937774666,Yes,Yes,No,Not Applicable,No reason specified
bf25291a75a1b167,26,F,Village,Basic Membership,2025-04-12,Yes,Credit/Debit Card Offers,Desktop,Fiber_Optic,07:21:12,9,222.92,28002.84,15.0,640.13,No,Yes,Yes,Unsolved,Poor Customer Service
9f4d2e1f3e38664d,61,M,Town,Premium Membership,2025-04-12,No,Without Offers,Smartphone,Mobile_Data,15:28:04,26,0.0,21524.2,0.0,749.5,No,Yes,Yes,Solved,Poor Product Quality
ac3f49b4b4c3345a,38,M,Town,Gold Membership,2025-04-12,No,Without Offers,Smartphone,Wi-Fi,09:37:19,7,333.62,42912.68,23.0,632.21,No,Yes,No,Not Applicable,Poor Product Quality
9ba7532b2b9c87a2,54,M,City,Silver Membership,2025-04-12,,Gift Vouchers/Coupons,Smartphone,Fiber_Optic,05:23:44,12,30.95,30706.6,28.0,636.25,No,Yes,No,Not Applicable,No reason specified
ba21810c22142bed,25,F,Village,No Membership,2025-04-12,Yes,Gift Vouchers/Coupons,,Mobile_Data,15:35:18,7,1347.98,48031.9,11.0,522.85,Yes,Yes,Yes,No Information Available,Poor Website
ab2637e1c6eda2f4,34,F,Town,No Membership,2025-04-12,No,,Desktop,Mobile_Data,01:50:49,15,382.75,42892.96,0.0,394.1752513891169,No,Yes,Yes,No Information Available,Poor Product Quality
a08ce604a38c780a,53,F,Town,Basic Membership,2025-04-12,Yes,Without Offers,,Fiber_Optic,02:20:26,7,107.16,35806.59,12.0,340.5183507541143,Yes,No,Yes,No Information Available,Poor Product Quality
ab5090512aa446df,28,F,,Basic Membership,2025-04-12,Yes,Without Offers,,Fiber_Optic,08:02:01,13,78.22,41766.55,33.46086527858775,644.3,No,Yes,Yes,Unsolved,Poor Customer Service
90e4917cda73fbea,12,M,,Premium Membership,2025-04-12,No,Credit/Debit Card Offers,Desktop,Mobile_Data,10:40:10,13,1108.6093935854792,29279.43,3.0,780.9,No,Yes,Yes,Solved in Follow-up,Quality Customer Care
b44552137a9e8a31,58,M,Town,Basic Membership,2025-04-12,No,Gift Vouchers/Coupons,Desktop,Wi-Fi,08:52:17,10,30.7,46063.26,25.0,0.0,Yes,No,No,Not Applicable,No reason specified
85fb4843c688598c,37,M,Village,Premium Membership,2025-04-12,No,Gift Vouchers/Coupons,Smartphone,Mobile_Data,13:29:15,11,329.33,19899.2,16.0,787.15,Yes,Yes,No,Not Applicable,Reasonable Price
abc09b1a5790fd67,40,F,Village,Silver Membership,2025-04-12,Yes,Without Offers,Both,Mobile_Data,22:03:13,12,604.6,83213.78,9.0,760.64,Yes,Yes,No,Not Applicable,Products always in Stock
9072fd5f3d3e8622,48,M,Town,Premium Membership,2025-04-12,No,Gift Vouchers/Coupons,Smartphone,Mobile_Data,05:46:49,18,0.0,49178.85,12.0,700.08,Yes,No,Yes,Unsolved,Too many ads
b9e1a36aa3dd607c,11,M,Village,Platinum Membership,2025-04-12,No,Gift Vouchers/Coupons,Smartphone,Wi-Fi,07:32:19,8,273.59,91367.93,17.0,766.91,Yes,Yes,Yes,Solved,User Friendly Website
a31b20a8ec0f6457,35,M,,Premium Membership,2025-04-12,Yes,Gift Vouchers/Coupons,Both,Fiber_Optic,02:02:44,17,676.97,43598.49,26.0,748.8,Yes,Yes,Yes,Solved in Follow-up,Too many ads
bdc67524a46f5bd6,31,F,Town,Platinum Membership,2025-04-12,Yes,Without Offers,Desktop,Wi-Fi,02:24:38,19,30.29,83531.91,10.0,826.87,Yes,No,Yes,No Information Available,Reasonable Price
9fbe70429979c855,62,M,Town,Silver Membership,2025-04-12,Yes,Gift Vouchers/Coupons,Desktop,Mobile_Data,18:41:12,16,80.61,63745.26,19.0,785.41,No,Yes,No,Not Applicable,Quality Customer Care
a39b991fbd5ec1a0,17,F,City,Basic Membership,2025-04-12,Yes,Gift Vouchers/Coupons,Both,Mobile_Data,02:42:21,-999,706.04,16295.84,16.0,605.14,Yes,No,No,Not Applicable,Poor Website
95288f9a267c04e8,37,M,City,Platinum Membership,2025-04-12,No,Gift Vouchers/Coupons,,Wi-Fi,23:45:09,17,44.34,38488.39,5.0,771.44,No,Yes,No,Not Applicable,Poor Customer Service
84249390e4471546,16,F,Town,Premium Membership,2025-04-12,No,Gift Vouchers/Coupons,,Mobile_Data,05:48:48,-999,40.4,27193.76,0.0,700.74,No,Yes,No,Not Applicable,Too many ads
9e7cfbfe6719e6cb,45,F,,Basic Membership,2025-04-12,Yes,Credit/Debit Card Offers,Both,Wi-Fi,02:21:42,16,1204.87,39733.73,29.0,617.4,Yes,Yes,Yes,Unsolved,No reason specified
948fb6b0066436df,34,M,Town,Basic Membership,2025-04-12,No,Gift Vouchers/Coupons,Desktop,Mobile_Data,08:56:24,8,0.0,37242.97,19.0,629.48,Yes,No,Yes,Solved in Follow-up,Too many ads
97fb9289421c245d,10,F,Town,Premium Membership,2025-04-12,No,Credit/Debit Card Offers,Desktop,Mobile_Data,20:48:16,17,33.4,30296.3,5.0,705.72,No,Yes,Yes,No Information Available,Products always in Stock
b5b12c9c043923b7,13,M,,Premium Membership,2025-04-12,No,Without Offers,Desktop,Mobile_Data,23:19:54,13,258.02,1126.56,0.0,1267.719607602233,Yes,No,No,Not Applicable,Reasonable Price
98a3e68799c75973,30,F,,Basic Membership,2025-04-12,Yes,Credit/Debit Card Offers,Desktop,Fiber_Optic,04:06:10,11,131.71,17139.84,13.0,577.23,No,Yes,Yes,No Information Available,Poor Customer Service
9966da81dea8e682,60,M,Village,Premium Membership,2025-04-12,No,Gift Vouchers/Coupons,Desktop,Wi-Fi,11:53:00,25,1401.4881489316283,13311.73,16.0,763.3,Yes,Yes,No,Not Applicable,Quality Customer Care
898bd2c38bb41839,54,F,Town,Basic Membership,2025-04-12,No,Credit/Debit Card Offers,Smartphone,Fiber_Optic,14:22:58,13,108.74,2119.23,16.0,0.0,Yes,No,No,Not Applicable,Poor Website
a8a73a24104b3ff9,30,M,Town,Basic Membership,2025-04-12,Yes,Gift Vouchers/Coupons,Desktop,Mobile_Data,00:42:50,24,79.2,20232.62,13.0,203.93802012997952,No,Yes,No,Not Applicable,Too many ads
a50eedcd819d79b3,40,F,Town,Silver Membership,2025-04-13,No,Credit/Debit Card Offers,Desktop,Mobile_Data,10:40:41,5,483.6,46723.96,13.0,705.29,Yes,Yes,Yes,Solved in Follow-up,Poor Customer Service
818662f094f609ef,22,F,City,Basic Membership,2025-04-13,No,Gift Vouchers/Coupons,Desktop,Wi-Fi,05:25:52,5,192.63,928.39,21.0,533.0,Yes,No,Yes,Unsolved,No reason specified
933adaf5c238f0ac,19,F,City,Silver Membership,2025-04-13,,Credit/Debit Card Offers,Desktop,Fiber_Optic,00:20:53,12,33.33,3395.1,22.0,736.53,Yes,No,No,Not Applicable,No reason specified
81155c5f2d153897,58,M,City,Premium Membership,2025-04-13,No,Gift Vouchers/Coupons,Smartphone,Fiber_Optic,14:37:36,9,90.5,48619.73,0.0,0.0,Yes,No,Yes,Solved,Poor Customer Service
834d989e0be1a45f,10,F,Town,Basic Membership,2025-04-13,No,Credit/Debit Card Offers,Both,Wi-Fi,17:44:17,11,283.03,48310.92,22.0,698.55,Yes,No,Yes,Unsolved,Poor Product Quality
a3d3e43d7493c194,44,F,Town,Basic Membership,2025-04-13,Yes,Gift Vouchers/Coupons,,Mobile_Data,23:45:49,14,1025.9131998701207,4578.77,0.0,663.69,No,Yes,No,Not Applicable,Poor Customer Service
9c873b73978c3242,31,M,Town,Platinum Membership,2025-04-13,Yes,Gift Vouchers/Coupons,Desktop,Wi-Fi,20:30:58,16,113.21,12700.58,14.0,748.49,No,Yes,Yes,Solved,Poor Website
9520ff4355211ac0,33,M,Town,Silver Membership,2025-04-13,No,Credit/Debit Card Offers,Desktop,Wi-Fi,10:26:07,15,52.82,11375.32,10.0,641.87,Yes,No,No,Not Applicable,Poor Product Quality
9f93ab9165cd6097,43,M,City,Silver Membership,2025-04-13,Yes,Credit/Debit Card Offers,Desktop,Mobile_Data,13:44:39,5,96.26,2014.22,12.0,668.06,Yes,No,Yes,No Information Available,Poor Customer Service
b276ac803ae9d0b8,16,F,,No Membership,2025-04-13,Yes,Credit/Debit Card Offers,Smartphone,Mobile_Data,09:42:51,13,76.34,27113.0,7.0,0.0,No,Yes,Yes,Solved,Too many ads
8992eb9043b77704,42,M,Town,No Membership,2025-04-13,No,Gift Vouchers/Coupons,Desktop,Fiber_Optic,07:35:53,7,459.56,6249.46,6.0,126.91732381090368,No,Yes,Yes,No Information Available,Poor Customer Service
933e12d1c1707531,23,F,Town,Platinum Membership,2025-04-13,Yes,Credit/Debit Card Offers,,Wi-Fi,05:29:42,10,828.22,35669.01,11.0,318.0046867690156,Yes,Yes,Yes,Solved in Follow-up,Reasonable Price
befe58d4f91319d0,48,F,,Premium Membership,2025-04-13,Yes,Without Offers,Desktop,Wi-Fi,16:37:37,8,64.0,18519.59,38.24366532285454,710.63,Yes,No,Yes,Unsolved,Products always in Stock
a3202eeab6e8f2f7,31,M,Village,Basic Membership,2025-04-13,Yes,Without Offers,,Fiber_Optic,23:19:41,21,575.08,36722.27,0.0,560.09,No,Yes,No,Not Applicable,Poor Customer Service
9964a3d2a39b6f8d,44,F,Town,No Membership,2025-04-13,No,Without Offers,Both,Mobile_Data,11:31:26,18,293.41,1514.1,10.0,524.16,Yes,No,No,Not Applicable,Too many ads
b4cddb18e56481f2,16,M,Town,Silver Membership,2025-04-13,No,Without Offers,Desktop,Fiber_Optic,08:00:12,21,135.45,19340.23,0.0,0.0,No,Yes,No,Not Applicable,Too many ads
b34041b633e9c28f,63,F,Town,Basic Membership,2025-04-13,No,Without Offers,Smartphone,Fiber_Optic,23:10:40,19,395.73,11109.42,0.0,642.33,Yes,No,No,Not Applicable,No reason specified
a93f627bbe36c0b5,58,F,,Premium Membership,2025-04-13,Yes,Credit/Debit Card Offers,Smartphone,Wi-Fi,13:02:21,7,294.33,10850.83,11.0,837.65,Yes,No,Yes,Solved in Follow-up,User Friendly Website
9e36582056ab6f46,35,F,Town,Gold Membership,2025-04-13,Yes,Credit/Debit Card Offers,Smartphone,Mobile_Data,00:24:35,22,72.66,13154.52,25.0,889.6763494060457,No,Yes,No,Not Applicable,Too many ads
8ee491cee220012d,10,M,City,Premium Membership,2025-04-13,Yes,Gift Vouchers/Coupons,Smartphone,Fiber_Optic,03:59:11,-999,218.08,43692.12,26.0,732.05,Yes,No,Yes,Unsolved,No reason specified
94f07ea1e5cd11d1,58,M,City,Gold Membership,2025-04-13,,Credit/Debit Card Offers,Desktop,Mobile_Data,20:23:47,9,102.19,36258.73,20.0,601.4283434249153,Yes,No,No,Not Applicable,Poor Customer Service
ba23c8455cc2cd3d,63,M,Village,No Membership,2025-04-13,,Without Offers,Smartphone,Fiber_Optic,06:58:36,3,0.0,20869.84,15.0,638.59,Yes,No,Yes,Unsolved,Poor Product Quality
8f96acba1dfe06cc,13,M,City,Gold Membership,2025-04-13,No,Gift Vouchers/Coupons,Smartphone,Wi-Fi,14:50:59,9,303.96,27289.55,5.0,768.09,Yes,Yes,Yes,Unsolved,Reasonable Price
bff662d6209bb510,53,F,City,Platinum Membership,2025-04-13,No,Gift Vouchers/Coupons,,Mobile_Data,19:18:09,13,329.6,85838.73,13.0,1353.6935408278384,Yes,No,No,Not Applicable,Products always in Stock
81b930c505c8be88,60,M,Town,Gold Membership,2025-04-13,Yes,,Desktop,Mobile_Data,01:18:35,18,99.92,32641.64,20.0,694.36,Yes,No,No,Not Applicable,No reason specified
86a1b09a3c626b20,48,F,Town,No Membership,2025-04-13,Yes,Credit/Debit Card Offers,Desktop,Fiber_Optic,09:23:47,10,314.08,17721.73,26.0,618.85,Yes,Yes,No,Not Applicable,Poor Product Quality
8b72aba848fcad62,32,M,Town,No Membership,2025-04-13,Yes,Gift Vouchers/Coupons,Smartphone,Fiber_Optic,07:57:38,5,34.47,4630.66,28.0,503.95,Yes,No,Yes,Unsolved,Poor Customer Service
b7a7cf790cc8ca01,15,F,Town,No Membership,2025-04-13,No,Credit/Debit Card Offers,Smartphone,Mobile_Data,17:34:01,4,425.59,26881.88,26.0,650.48,No,Yes,No,Not Applicable,Poor Website
b7219722207c46b5,31,F,Town,Silver Membership,2025-04-13,No,Credit/Debit Card Offers,Both,Wi-Fi,18:41:44,10,428.05,6325.08,28.0,80.09369312905504,No,Yes,No,Not Applicable,Poor Product Quality
ab4f3483bd7b7f4d,16,M,City,Platinum Membership,2025-04-13,No,Gift Vouchers/Coupons,Desktop,Mobile_Data,07:35:48,21,306.13,44210.16,17.0,812.08,No,Yes,No,Not Applicable,Reasonable Price
be783a53b9e39605,29,M,Village,Basic Membership,2025-04-13,Yes,Credit/Debit Card Offers,Desktop,Wi-Fi,00:39:27,18,546.57,20235.9,5.0,974.4662785290628,No,Yes,Yes,Solved in Follow-up,Poor Customer Service
a86b5ab4836211fa,31,F,City,Basic Membership,2025-04-13,Yes,Without Offers,,Wi-Fi,18:41:08,15,186.0,4154.55,13.0,586.48,Yes,No,No,Not Applicable,Too many ads
a4a19c322aa9b5a0,20,F,City,No Membership,2025-04-13,Yes,Credit/Debit Card Offers,Desktop,Mobile_Data,06:28:40,7,83.17,32822.77,10.0,660.91,Yes,No,No,Not Applicable,No reason specified
b504aa8254edd3df,60,F,Town,Gold Membership,2025-04-13,No,Credit/Debit Card Offers,Smartphone,Wi-Fi,04:27:36,12,31.89,82654.75,19.0,823.48,No,Yes,Yes,Solved in Follow-up,User Friendly Website
bc3aeaf8b82ff84a,32,M,Village,No Membership,2025-04-13,Yes,Credit/Debit Card Offers,Smartphone,Wi-Fi,07:14:22,9,1160.7669119869452,31963.42,23.0,1031.1025048870547,Yes,No,Yes,Solved,Poor Product Quality
93ffdb765981de81,37,F,Town,Gold Membership,2025-04-13,Yes,Gift Vouchers/Coupons,,Mobile_Data,10:25:37,24,89.1,28642.05,8.0,708.85,Yes,No,Yes,Solved in Follow-up,Too many ads
96be7641a70cfaf7,63,F,City,Premium Membership,2025-04-13,No,Gift Vouchers/Coupons,Smartphone,Mobile_Data,01:40:23,4,90.05,13440.27,21.0,749.87,Yes,No,Yes,Solved in Follow-up,No reason specified
b61d25bb8a1850da,28,M,Town,Basic Membership,2025-04-13,No,Without Offers,Desktop,Fiber_Optic,04:31:49,4,176.37,10808.78,38.66234411584927,580.38,Yes,No,No,Not Applicable,Poor Customer Service
912a19482c2f13c7,12,M,,Basic Membership,2025-04-13,No,Without Offers,Smartphone,Wi-Fi,19:25:01,16,1508.8646960208118,38657.11,22.0,637.49,Yes,No,No,Not Applicable,Poor Product Quality
81081bdaafecfb9b,23,F,,Silver Membership,2025-04-13,Yes,Gift Vouchers/Coupons,Smartphone,Wi-Fi,12:21:17,13,258.57,7590.97,7.0,690.21,No,Yes,No,Not Applicable,No reason specified
a3b9c7df83ccbe6d,22,F,Town,Basic Membership,2025-04-13,No,,Desktop,Wi-Fi,09:37:50,14,410.3,42886.53,7.0,608.82,Yes,No,No,Not Applicable,Too many ads
9019a9234cfdb808,33,F,Town,Silver Membership,2025-04-13,No,Gift Vouchers/Coupons,Smartphone,Mobile_Data,12:55:30,-999,349.82,4973.71,26.0,657.49,No,Yes,No,Not Applicable,No reason specified
a335d7d69e39652c,63,F,Village,Silver Membership,2025-04-13,No,Without Offers,Desktop,Fiber_Optic,18:18:00,17,206.03,8910.93,14.0,797.35,No,Yes,No,Not Applicable,Too many ads
8d603fd53cb700f5,13,M,Village,Basic Membership,2025-04-13,No,Without Offers,,Fiber_Optic,14:47:05,5,0.0,45806.37,27.0,1138.8211500705231,No,Yes,No,Not Applicable,Poor Customer Service
af56be78957c1d11,17,F,Town,Gold Membership,2025-04-13,,Gift Vouchers/Coupons,,Fiber_Optic,05:56:41,11,34.53,17708.13,9.0,798.23,No,Yes,No,Not Applicable,Reasonable Price
8d34aa7a8791c740,27,F,City,No Membership,2025-04-13,Yes,Without Offers,Desktop,Mobile_Data,06:57:13,15,87.17,23794.7,0.0,587.7,Yes,No,Yes,Unsolved,Too many ads
b07269f07ea8a1be,26,M,,Basic Membership,2025-04-13,Yes,Without Offers,Smartphone,Mobile_Data,21:37:48,21,339.5,24922.24,13.0,590.38,Yes,No,No,Not Applicable,No reason specified
911f0167fbc38042,25,M,,No Membership,2025-04-13,Yes,Gift Vouchers/Coupons,Desktop,Wi-Fi,06:04:58,12,587.19,12672.11,22.0,558.45,Yes,Yes,Yes,Solved,No reason specified
8fdd98814ee93263,52,M,Village,Platinum Membership,2025-04-13,No,Gift Vouchers/Coupons,Desktop,Wi-Fi,04:11:18,7,1067.6643586994762,99316.47,0.0,760.9,Yes,No,Yes,Solved,User Friendly Website
8eb9f063101f8833,57,F,City,Silver Membership,2025-04-13,,Credit/Debit Card Offers,Smartphone,Fiber_Optic,11:47:08,23,61.58,6524.26,19.0,704.12,Yes,No,Yes,Solved in Follow-up,Poor Product Quality
a81efda6c836c44d,16,M,Town,Premium Membership,2025-04-13,No,Credit/Debit Card Offers,Desktop,Fiber_Optic,21:31:06,15,461.08,91913.77,13.0,820.54,No,Yes,No,Not Applicable,Quality Customer Care
85c05e68c4cabd71,28,F,City,Gold Membership,2025-04-13,No,Gift Vouchers/Coupons,Both,Fiber_Optic,03:13:08,3,0.0,37488.13,12.0,723.28,Yes,No,Yes,Unsolved,Reasonable Price
ae8cab4783679fcc,23,M,Town,Silver Membership,2025-04-13,Yes,Gift Vouchers/Coupons,Both,Mobile_Data,21:24:58,5,529.39,45163.9,6.0,699.75,No,Yes,Yes,Solved in Follow-up,Poor Customer Service
912a3358f9e584ea,56,M,Town,Platinum Membership,2025-04-13,,Gift Vouchers/Coupons,Desktop,Wi-Fi,10:06:03,15,259.81,32153.81,24.0,717.77,Yes,No,No,Not Applicable,Poor Customer Service
9ad0d69805bedab6,59,F,City,No Membership,2025-04-13,Yes,Gift Vouchers/Coupons,Smartphone,Wi-Fi,01:45:43,14,233.94,21195.03,24.0,658.54,Yes,No,No,Not Applicable,Poor Website
bed3520497402347,16,F,City,Basic Membership,2025-04-13,No,Without Offers,Desktop,Mobile_Data,17:01:21,19,78.8,36702.1,21.0,626.37,Yes,No,No,Not Applicable,Too many ads
9e7e01165f4c188f,15,F,Town,No Membership,2025-04-13,Yes,Without Offers,Both,Mobile_Data,01:24:37,18,0.0,46118.77,24.0,622.5,Yes,Yes,Yes,Solved,Poor Product Quality
a701b3faee17f60c,48,M,City,Platinum Membership,2025-04-13,,Without Offers,Desktop,Fiber_Optic,06:50:56,15,94.48,18740.26,19.0,741.93,Yes,No,No,Not Applicable,Poor Product Quality
9c6582d69d0c3829,59,F,Town,Basic Membership,2025-04-13,No,Credit/Debit Card Offers,Both,Fiber_Optic,05:18:09,11,228.35,24421.7,21.0,624.88,Yes,No,No,Not Applicable,Poor Product Quality
b5b57fce769af345,51,F,City,Silver Membership,2025-04-13,No,Gift Vouchers/Coupons,Desktop,Mobile_Data,18:13:17,24,45.08,19343.57,11.0,747.9,Yes,No,Yes,Unsolved,Poor Website
9074ebfd21fb5ea5,60,F,City,No Membership,2025-04-13,No,Without Offers,Both,Mobile_Data,14:04:37,11,207.96,33123.95,21.0,598.19,Yes,No,No,Not Applicable,Poor Customer Service
8073ab20fa2888d3,37,F,,Platinum Membership,2025-04-13,No,Credit/Debit Card Offers,,Mobile_Data,19:44:16,10,31.84,5968.15,14.0,719.15,Yes,No,No,Not Applicable,Poor Website
849feff4a77ae3f5,25,M,,No Membership,2025-04-13,No,Gift Vouchers/Coupons,Smartphone,Wi-Fi,15:45:36,22,119.46,41250.74,25.0,606.42,No,Yes,Yes,Solved in Follow-up,Poor Website
bf0ed4cc18a28dba,61,M,Village,Premium Membership,2025-04-13,No,Credit/Debit Card Offers,Smartphone,Mobile_Data,19:32:29,14,141.74,45019.44,18.0,766.69,No,Yes,No,Not Applicable,Poor Website
9ff21a5c68fdb4c5,24,F,City,Silver Membership,2025-04-13,Yes,Gift Vouchers/Coupons,Desktop,Mobile_Data,23:29:38,5,53.46,2163.89,5.0,710.9,Yes,No,No,Not Applicable,No reason specified
9f6e2989f998935f,54,M,Town,Platinum Membership,2025-04-13,No,Without Offers,,Wi-Fi,22:32:26,10,220.77,14403.37,17.0,765.31,Yes,No,Yes,No Information Available,Poor Website
93f89cf75dc3a57e,64,F,City,Basic Membership,2025-04-13,No,Without Offers,Desktop,Wi-Fi,20:00:04,12,52.39,8205.68,21.0,677.96,No,Yes,Yes,Solved,Poor Customer Service
be595086eb46878f,16,M,Town,Silver Membership,2025-04-13,Yes,Gift Vouchers/Coupons,Smartphone,Fiber_Optic,05:17:03,10,1135.1054650737026,25236.12,14.0,0.0,No,Yes,No,Not Applicable,User Friendly Website
a80a244fe6517342,27,F,Town,Basic Membership,2025-04-13,Yes,Gift Vouchers/Coupons,Smartphone,Mobile_Data,11:22:12,14,1128.80940484517,6318.54,13.0,601.96,No,Yes,Yes,No Information Available,Poor Product Quality
a353b1697bf0c53b,43,M,City,Premium Membership,2025-04-13,No,Without Offers,Both,Mobile_Data,09:11:55,20,418.24,29145.56,25.0,741.59,Yes,No,Yes,Unsolved,Poor Customer Service
b406af82f7f6b1d1,12,M,Town,Platinum Membership,2025-04-13,,Without Offers,Desktop,Mobile_Data,06:07:42,10,1189.31,91069.77,2.0,757.83,Yes,Yes,No,Not Applicable,Reasonable Price
83dcc202bbd1fcb2,28,F,,Platinum Membership,2025-04-13,Yes,Credit/Debit Card Offers,Desktop,Mobile_Data,23:40:54,15,32.31,2554.78,26.0,763.72,Yes,No,No,Not Applicable,Poor Product Quality
a0ae2a32a6a0898e,20,M,City,Silver Membership,2025-04-13,No,Without Offers,Smartphone,Wi-Fi,19:21:31,18,359.94,13160.13,29.0,1132.8337856516575,No,Yes,No,Not Applicable,Too many ads
ba1d2cf1a8e689a2,41,M,City,Silver Membership,2025-04-13,No,Gift Vouchers/Coupons,Smartphone,Wi-Fi,11:24:24,7,34.6,21446.38,13.0,0.0,Yes,No,No,Not Applicable,Quality Customer Care
86afedc2e821bef8,24,F,City,Basic Membership,2025-04-13,,Gift Vouchers/Coupons,Both,Mobile_Data,19:18:03,14,339.18,10504.88,28.0,543.4,Yes,Yes,Yes,No Information Available,Poor Website
9014a3e03b11aa74,42,M,City,No Membership,2025-04-13,No,Credit/Debit Card Offers,Desktop,Wi-Fi,09:35:57,-999,30.34,2699.26,34.93278193253867,0.0,Yes,No,Yes,Solved,Too many ads
be1d19c338a45306,56,F,City,No Membership,2025-04-13,Yes,Credit/Debit Card Offers,Both,Wi-Fi,09:53:20,9,760.78,15919.87,39.14831789315426,695.85,Yes,Yes,Yes,Unsolved,Poor Product Quality
a50625968a21ec8b,11,M,,No Membership,2025-04-13,Yes,Gift Vouchers/Coupons,Desktop,Mobile_Data,12:36:43,12,42.57,43401.48,22.0,0.0,Yes,No,Yes,No Information Available,No reason specified
96b8ddf42e5e65ff,40,F,Town,Basic Membership,2025-04-13,Yes,Without Offers,Smartphone,Fiber_Optic,16:57:50,7,354.3,14222.33,20.0,676.33,Yes,No,No,Not Applicable,Too many ads
bbed520a0dd4aae9,28,M,City,No Membership,2025-04-13,Yes,Without Offers,Smartphone,Wi-Fi,06:02:40,3,97.87,43659.28,19.0,990.3581130994444,Yes,No,No,Not Applicable,Poor Customer Service
9ed1cacd0b259de5,35,M,City,No Membership,2025-04-13,Yes,Credit/Debit Card Offers,Desktop,Mobile_Data,13:52:34,-999,228.91,19736.07,20.0,1238.9131007554838,No,Yes,Yes,Solved,Poor Product Quality
9a1604d5fcd69800,56,F,City,Platinum Membership,2025-04-13,No,Gift Vouchers/Coupons,Smartphone,Wi-Fi,20:18:11,20,235.57,40835.88,16.0,1134.6521871017192,Yes,Yes,Yes,Solved in Follow-up,User Friendly Website
866abe940f948afd,52,M,Town,Platinum Membership,2025-04-14,Yes,Gift Vouchers/Coupons,Desktop,Mobile_Data,16:05:55,13,117.97,23664.71,25.0,746.97,Yes,No,No,Not Applicable,Poor Customer Service
a00b231b5bd6d559,64,F,City,No Membership,2025-04-14,No,Credit/Debit Card Offers,Desktop,Fiber_Optic,10:27:45,10,35.17,21943.11,9.0,623.22,No,Yes,No,Not Applicable,No reason specified
ba50ee0b1b0e13a7,56,M,Town,No Membership,2025-04-14,Yes,Without Offers,,Mobile_Data,22:37:19,9,64.64,42436.26,9.0,616.22,No,Yes,Yes,Unsolved,Poor Customer Service
8c2a55da6a69910a,34,M,Town,No Membership,2025-04-14,No,Credit/Debit Card Offers,Smartphone,Wi-Fi,19:55:55,7,33.97,4956.05,27.0,539.47,Yes,No,No,Not Applicable,Too many ads
b4aaccfc126fc455,50,M,City,Basic Membership,2025-04-14,,Credit/Debit Card Offers,Desktop,Wi-Fi,15:28:06,15,245.74,12139.19,25.0,966.4858860546244,Yes,Yes,No,Not Applicable,Poor Product Quality
b6de084c554ca9d3,62,F,,Premium Membership,2025-04-14,Yes,Without Offers,Desktop,Wi-Fi,15:22:04,20,140.26,37944.94,6.0,0.0,Yes,No,Yes,Solved,Too many ads
af1849f945834b72,30,M,City,Basic Membership,2025-04-14,No,Gift Vouchers/Coupons,Smartphone,Mobile_Data,13:27:04,18,33.89,7090.72,13.0,338.69507930384736,Yes,No,Yes,Solved in Follow-up,No reason specified
b1bfa04e37340deb,20,M,Town,No Membership,2025-04-14,Yes,Credit/Debit Card Offers,Both,Wi-Fi,23:44:24,14,274.71,3048.52,6.0,665.3,No,Yes,No,Not Applicable,No reason specified
98af258fd323a405,26,F,City,No Membership,2025-04-14,No,Gift Vouchers/Coupons,Smartphone,Fiber_Optic,07:46:47,16,55.87,8275.11,7.0,0.0,No,Yes,No,Not Applicable,Too many ads
8f93e7edc8c36eb2,60,M,City,Platinum Membership,2025-04-14,,Without Offers,Desktop,Fiber_Optic,20:55:54,14,68.06,7027.68,5.0,713.43,Yes,No,Yes,Solved,Poor Product Quality
8bb7bc9ac47ee431,22,M,,Premium Membership,2025-04-14,No,Gift Vouchers/Coupons,Desktop,Mobile_Data,08:42:03,17,130.5,29496.02,19.0,838.63,No,Yes,No,Not Applicable,Products always in Stock
b30dfd783521f7c5,58,M,,Basic Membership,2025-04-14,No,Without Offers,Smartphone,Wi-Fi,10:11:20,15,208.11,49169.43,7.0,629.66,No,Yes,No,Not Applicable,No reason specified
86b75b2b5db08e72,11,M,Village,Premium Membership,2025-04-14,Yes,Without Offers,Desktop,Fiber_Optic,21:33:01,11,129.56,55206.79,1.0,722.8,No,Yes,No,Not Applicable,Reasonable Price
be6ece57b76a2adb,16,M,Town,Premium Membership,2025-04-14,No,Gift Vouchers/Coupons,Desktop,Fiber_Optic,21:47:10,9,214.35,65849.21,3.0,0.0,No,Yes,Yes,Solved,Products always in Stock
b6b37d5aaa68d00b,31,M,,Basic Membership,2025-04-14,,Without Offers,Both,Wi-Fi,20:33:49,18,269.84,37649.97,18.0,546.61,No,Yes,Yes,Solved,Poor Customer Service
80504d20c0872e93,31,M,Town,Premium Membership,2025-04-14,No,Without Offers,Desktop,Fiber_Optic,22:30:03,8,390.99,49849.71,13.0,0.0,No,Yes,Yes,Solved in Follow-up,Poor Customer Service
89f6bd17aec14ab9,62,M,Village,Platinum Membership,2025-04-14,No,Credit/Debit Card Offers,Both,Wi-Fi,11:35:16,5,215.14,15515.22,19.0,755.36,Yes,Yes,No,Not Applicable,Poor Website
b86a95efaa0a18d5,54,M,Village,Gold Membership,2025-04-14,No,Gift Vouchers/Coupons,Desktop,Wi-Fi,16:28:48,14,33.32,7700.62,20.0,0.0,No,Yes,Yes,Unsolved,Too many ads
a5202093abce026d,56,M,City,Basic Membership,2025-04-14,Yes,Credit/Debit Card Offers,Smartphone,Fiber_Optic,12:59:16,19,202.12,21620.53,10.0,211.19619454928704,No,Yes,No,Not Applicable,Poor Customer Service
a853b1a5822be8ac,49,F,Town,Gold Membership,2025-04-14,Yes,Without Offers,Desktop,Mobile_Data,13:28:23,14,147.17,85520.94,7.0,754.39,No,Yes,Yes,Solved in Follow-up,Quality Customer Care
b9413340d6b9ceb5,44,M,City,Premium Membership,2025-04-14,No,Credit/Debit Card Offers,Smartphone,Mobile_Data,15:33:50,20,225.28,39334.73,29.0,774.33,No,Yes,No,Not Applicable,Poor Customer Service
b4a0b55e6a7629f7,53,M,Town,Gold Membership,2025-04-14,Yes,Credit/Debit Card Offers,Desktop,Mobile_Data,23:34:44,6,430.13,39095.68,11.0,0.0,Yes,Yes,Yes,Unsolved,Poor Website
9fa463fea1395d66,16,M,Village,Basic Membership,2025-04-14,No,Credit/Debit Card Offers,Desktop,Mobile_Data,20:30:00,23,155.81,40287.32,19.0,558.92,No,Yes,Yes,Solved,Poor Customer Service
af2d322338d7d8f6,35,F,,Gold Membership,2025-04-14,Yes,Credit/Debit Card Offers,Smartphone,Fiber_Optic,07:53:09,16,664.31,26170.56,15.0,776.16,Yes,Yes,Yes,Solved,Poor Website
a5d56497fc5190bd,39,M,Town,No Membership,2025-04-14,No,Without Offers,Desktop,Fiber_Optic,04:17:52,20,101.56,29206.39,17.0,0.0,No,Yes,No,Not Applicable,Too many ads
89a836575ee28fd7,16,F,Town,Silver Membership,2025-04-14,,Without Offers,Desktop,Wi-Fi,12:46:59,11,633.03,27443.2,45.84606909201853,713.74,No,Yes,Yes,Solved in Follow-up,Too many ads
b42a5601d4dac58f,11,F,Town,Platinum Membership,2025-04-14,Yes,Without Offers,Smartphone,Mobile_Data,18:42:59,10,185.12,24427.36,21.0,725.8,Yes,No,No,Not Applicable,Poor Website
8708cc1c06a107aa,11,F,Village,Basic Membership,2025-04-14,No,Without Offers,Both,Wi-Fi,19:04:08,9,267.86,48313.69,18.0,707.35,Yes,Yes,Yes,No Information Available,Too many ads
8aedd49265835b30,36,F,City,Platinum Membership,2025-04-14,No,Without Offers,Smartphone,Mobile_Data,01:31:27,17,31.88,43083.53,29.0,724.04,Yes,No,Yes,No Information Available,Poor Customer Service
a968d124f16b2155,62,M,,Basic Membership,2025-04-14,No,Gift Vouchers/Coupons,Smartphone,Fiber_Optic,15:38:51,12,92.79,5407.03,19.0,824.3589205731671,Yes,No,No,Not Applicable,Too many ads
a68f48511979f82e,23,F,Village,Platinum Membership,2025-04-14,No,Gift Vouchers/Coupons,Both,Wi-Fi,00:23:44,12,232.13,85916.79,19.0,310.8976582730088,Yes,No,Yes,Unsolved,Products always in Stock
aaa6341f5701d622,46,M,Town,No Membership,2025-04-14,Yes,Gift Vouchers/Coupons,Desktop,Fiber_Optic,08:45:15,26,0.0,41204.19,28.0,511.24,Yes,No,Yes,Solved in Follow-up,Poor Website
afcc364dc8f970df,31,F,Village,Premium Membership,2025-04-14,No,Credit/Debit Card Offers,Desktop,Fiber_Optic,23:26:10,26,107.62,27432.01,25.0,779.87,Yes,No,Yes,Solved,No reason specified
917d599922ee152d,22,F,Town,No Membership,2025-04-14,Yes,Gift Vouchers/Coupons,Smartphone,Mobile_Data,06:49:51,5,34.3,11216.0,21.0,1001.1619088346652,Yes,No,Yes,Unsolved,Poor Website
a1653396dd00f185,12,M,City,No Membership,2025-04-14,Yes,Credit/Debit Card Offers,Smartphone,Mobile_Data,02:21:53,25,112.68,19528.48,0.0,552.1,No,Yes,Yes,Solved,Poor Product Quality
95d468b96be603e0,54,M,City,No Membership,2025-04-14,Yes,Without Offers,,Fiber_Optic,20:24:32,16,652.06,46685.72,7.0,608.6,Yes,Yes,Yes,Solved,No reason specified
958e737fb1d77cdd,60,M,,No Membership,2025-04-14,No,,Smartphone,Wi-Fi,04:41:12,26,84.78,5267.26,18.0,600.77,No,Yes,No,Not Applicable,Poor Website
9141d4c869b40d53,64,F,City,No Membership,2025-04-14,No,Credit/Debit Card Offers,Smartphone,Wi-Fi,08:50:10,5,32.88,8060.57,8.0,521.41,Yes,No,Yes,Unsolved,Poor Product Quality
aa95259070ceb4e7,46,F,Town,Basic Membership,2025-04-14,Yes,Credit/Debit Card Offers,Smartphone,Fiber_Optic,01:18:06,13,88.61,43582.49,26.0,0.0,No,Yes,Yes,Solved in Follow-up,No reason specified
84449b5014100f9b,14,F,,Basic Membership,2025-04-14,,Gift Vouchers/Coupons,Desktop,Mobile_Data,08:24:24,17,34.37,33214.76,26.0,667.24,Yes,No,No,Not Applicable,Poor Product Quality
83be79fb9daa2407,53,M,Town,Gold Membership,2025-04-14,,Without Offers,Desktop,Mobile_Data,10:48:11,14,82.59,3254.11,24.0,0.0,Yes,No,Yes,Solved in Follow-up,No reason specified
bb9aa99de7992a3d,38,F,Town,Platinum Membership,2025-04-14,No,Gift Vouchers/Coupons,Smartphone,Wi-Fi,08:18:23,21,216.94,27644.16,13.0,753.85,No,Yes,Yes,No Information Available,No reason specified
9a2ce68603a1dc85,45,F,Town,Platinum Membership,2025-04-14,No,Gift Vouchers/Coupons,Smartphone,Mobile_Data,02:34:18,11,0.0,97560.94,4.0,408.3973773261502,Yes,No,Yes,Unsolved,Products always in Stock
880dbf04a9f8073c,26,M,Village,Gold Membership,2025-04-14,Yes,Credit/Debit Card Offers,Smartphone,Fiber_Optic,07:13:03,12,362.7,14973.55,24.0,757.26,Yes,No,Yes,Unsolved,Poor Customer Service
93de5155d0e3e0d2,49,F,City,Basic Membership,2025-04-14,No,Gift Vouchers/Coupons,Desktop,Wi-Fi,17:07:42,10,329.18,49932.2,9.0,608.03,Yes,Yes,No,Not Applicable,Poor Product Quality
9b01b4c6233aa397,48,F,City,No Membership,2025-04-14,No,Gift Vouchers/Coupons,,Wi-Fi,02:02:36,16,182.35,10887.28,20.0,630.01,Yes,No,Yes,No Information Available,Poor Website
ad5b26bd0fb5d733,20,F,Town,Silver Membership,2025-04-14,No,Without Offers,Both,Wi-Fi,19:52:14,4,488.58,38206.2,8.0,665.65,Yes,No,No,Not Applicable,Poor Product Quality
937cc6f8f3b6d5e5,64,M,City,Silver Membership,2025-04-14,Yes,Gift Vouchers/Coupons,Smartphone,Fiber_Optic,19:45:56,24,31.58,44816.82,23.0,708.4,No,Yes,No,Not Applicable,Too many ads
9be465ba61e9d445,30,F,Town,Platinum Membership,2025-04-14,Yes,Gift Vouchers/Coupons,Desktop,Wi-Fi,19:22:46,11,151.08,13166.94,0.0,744.15,Yes,No,No,Not Applicable,No reason specified
a0a0b825c978e250,22,M,City,Silver Membership,2025-04-14,Yes,Without Offers,Both,Fiber_Optic,21:32:21,6,348.09,4962.19,0.0,207.3618457692933,Yes,No,No,Not Applicable,Poor Customer Service
9a9892dc3deebe5f,59,F,Town,Gold Membership,2025-04-14,Yes,Credit/Debit Card Offers,Smartphone,Wi-Fi,23:54:12,12,360.41,13842.8,19.0,649.74,No,Yes,Yes,No Information Available,Poor Customer Service
904dec4fc2b439df,25,M,Town,Silver Membership,2025-04-14,,Without Offers,Smartphone,Wi-Fi,20:16:18,2,94.26,49019.91,6.0,1257.478527730862,No,Yes,No,Not Applicable,Poor Website
a45ffd3a6fb95d1f,16,F,Town,No Membership,2025-04-14,No,Gift Vouchers/Coupons,Both,Fiber_Optic,02:27:56,8,208.28,47169.38,15.0,604.04,No,Yes,Yes,Solved,Poor Website
a83afc9a0a495c18,40,M,City,No Membership,2025-04-14,No,Gift Vouchers/Coupons,Both,Mobile_Data,04:15:23,8,335.67,7952.3,28.0,583.39,Yes,No,Yes,Unsolved,Poor Product Quality
94ec4f540613313c,24,F,Town,Gold Membership,2025-04-14,Yes,Without Offers,Smartphone,Mobile_Data,12:06:53,11,249.26,6298.21,0.0,745.73,No,Yes,No,Not Applicable,Poor Customer Service
ba82967d0891d00a,24,F,Town,Premium Membership,2025-04-14,Yes,Without Offers,Both,Wi-Fi,18:41:21,8,360.67,33374.92,6.0,712.85,Yes,No,Yes,Solved in Follow-up,Poor Customer Service
a0b7fc43ef18ce15,36,F,Town,No Membership,2025-04-14,No,Gift Vouchers/Coupons,Smartphone,Mobile_Data,04:38:01,17,176.89,1861.63,24.0,328.64060311598206,No,Yes,No,Not Applicable,Poor Product Quality
8f4229ebff50de81,43,M,Town,Platinum Membership,2025-04-14,Yes,Gift Vouchers/Coupons,Smartphone,Wi-Fi,06:26:44,12,60.8,33620.79,7.0,791.02,Yes,No,Yes,Unsolved,Poor Website
a33b7c97bad1ba96,27,M,,Platinum Membership,2025-04-14,No,Gift Vouchers/Coupons,Desktop,Wi-Fi,08:21:48,13,485.33,48153.32,16.0,786.06,Yes,No,Yes,Solved,User Friendly Website
a1452022608178c2,36,M,Town,No Membership,2025-04-14,Yes,Gift Vouchers/Coupons,Smartphone,Fiber_Optic,20:29:54,13,256.52,2512.91,6.0,686.44,Yes,No,Yes,Unsolved,Poor Customer Service
9f3ec33b3582d323,43,F,City,Silver Membership,2025-04-14,No,Without Offers,Both,Mobile_Data,21:19:49,8,485.42,29372.75,10.0,774.7,Yes,No,No,Not Applicable,Too many ads
94053b2a34681877,43,M,Town,No Membership,2025-04-14,,Gift Vouchers/Coupons,Smartphone,Mobile_Data,13:29:13,11,72.06,34946.19,13.0,0.0,No,Yes,Yes,Solved,No reason specified
afcf49cbd62a98d5,44,F,City,Silver Membership,2025-04-14,Yes,Gift Vouchers/Coupons,Smartphone,Fiber_Optic,05:04:23,4,539.05,48506.83,2.0,900.3301561137697,No,Yes,No,Not Applicable,User Friendly Website
a378bc1cf0dbead0,33,M,City,Gold Membership,2025-04-14,No,Without Offers,,Wi-Fi,16:32:16,14,309.43,31338.88,15.0,671.11,No,Yes,No,Not Applicable,Poor Website
b6fb22908503f25c,46,F,,No Membership,2025-04-14,No,Without Offers,Smartphone,Fiber_Optic,10:40:28,9,367.25,10632.26,20.0,663.98,Yes,Yes,No,Not Applicable,Too many ads
8d3a3e35124c08ba,61,M,Town,Silver Membership,2025-04-14,No,Credit/Debit Card Offers,Desktop,Mobile_Data,16:21:51,14,38.08,28100.16,20.0,733.5,No,Yes,No,Not Applicable,Poor Website
8125c6b5427f7006,44,F,Town,Silver Membership,2025-04-14,No,Gift Vouchers/Coupons,Smartphone,Fiber_Optic,16:25:12,6,81.32,1089.86,7.0,756.91,No,Yes,No,Not Applicable,Too many ads
a729b86c7936f4fb,47,F,Village,Platinum Membership,2025-04-14,No,Gift Vouchers/Coupons,Smartphone,Wi-Fi,20:41:41,17,34.1,34973.73,14.0,750.35,Yes,No,No,Not Applicable,Poor Product Quality
928de3698ac8b75b,27,F,Town,Basic Membership,2025-04-14,No,Gift Vouchers/Coupons,Desktop,Mobile_Data,02:47:23,19,141.5,22601.62,26.0,685.6,No,Yes,Yes,Solved,Poor Customer Service
b7fb1d6f7fc357ea,50,F,Town,Premium Membership,2025-04-14,Yes,Without Offers,Smartphone,Mobile_Data,15:02:41,17,70.33,1792.48,0.0,722.35,No,Yes,Yes,Unsolved,Poor Website
85c582253bf01905,17,M,City,Silver Membership,2025-04-14,,Gift Vouchers/Coupons,Smartphone,Fiber_Optic,11:01:27,18,32.39,31819.83,17.0,703.3441312926843,No,Yes,Yes,No Information Available,Poor Customer Service
81497df78bfb6e10,20,M,Town,Gold Membership,2025-04-14,Yes,Credit/Debit Card Offers,Both,Wi-Fi,11:27:23,16,2109.2084736892925,33159.14,11.0,270.6396962277004,Yes,No,No,Not Applicable,Reasonable Price
a79a0cb68c35d753,46,M,,Gold Membership,2025-04-14,No,Without Offers,Desktop,Wi-Fi,14:43:58,11,147.08,25188.57,15.0,351.2925290167779,Yes,No,Yes,Solved,Poor Product Quality
a9f70191b7f963e2,44,M,,Silver Membership,2025-04-14,,Credit/Debit Card Offers,Desktop,Fiber_Optic,10:42:43,7,32.23,13116.88,0.0,343.78792408956184,Yes,No,No,Not Applicable,Poor Product Quality
af347e6525f14a7c,40,F,City,Basic Membership,2025-04-14,,Gift Vouchers/Coupons,Desktop,Fiber_Optic,23:45:36,13,620.19,13225.19,13.0,643.84,Yes,Yes,No,Not Applicable,Poor Website
a52e26be2e4bcebb,60,F,Village,No Membership,2025-04-14,,Without Offers,Desktop,Mobile_Data,21:19:10,9,0.0,22482.76,19.0,583.33,No,Yes,Yes,Solved in Follow-up,Poor Customer Service
920c25d69fae7d36,52,M,City,Platinum Membership,2025-04-14,No,Gift Vouchers/Coupons,Desktop,Mobile_Data,18:52:53,4,50.63,68913.92,7.0,1157.9291282390368,No,Yes,Yes,Solved,Quality Customer Care
b35c8aee987e84a3,13,F,City,Premium Membership,2025-04-14,Yes,Gift Vouchers/Coupons,Desktop,Mobile_Data,06:34:32,17,49.08,26918.55,16.0,726.23,No,Yes,Yes,No Information Available,Too many ads
81a9f88f1c444f2d,64,M,Village,Gold Membership,2025-04-14,No,Credit/Debit Card Offers,Desktop,Mobile_Data,23:08:21,10,41.09,46591.2,12.0,716.31,Yes,No,No,Not Applicable,No reason specified
a242d6bde249490d,25,F,Town,No Membership,2025-04-14,,Credit/Debit Card Offers,,Fiber_Optic,19:44:34,23,113.73,22429.98,28.0,611.41,Yes,No,No,Not Applicable,Too many ads
bc5055157a9c6b06,38,M,Town,Silver Membership,2025-04-14,,Credit/Debit Card Offers,Desktop,Mobile_Data,21:55:25,13,384.09,34215.98,22.0,1105.6799389979255,No,Yes,Yes,No Information Available,Poor Customer Service
bce00b56a646cd74,23,M,Town,No Membership,2025-04-14,No,Gift Vouchers/Coupons,Desktop,Wi-Fi,07:12:42,22,241.54,19894.24,29.0,535.38,Yes,No,No,Not Applicable,Too many ads
bfae0e3855455b34,53,M,Village,Silver Membership,2025-04-14,Yes,Credit/Debit Card Offers,Smartphone,Mobile_Data,15:57:14,-999,514.13,17493.8,0.0,618.48,No,Yes,No,Not Applicable,Poor Product Quality
ac4fedff766bf0e3,40,M,Town,Gold Membership,2025-04-14,No,Credit/Debit Card Offers,Both,Mobile_Data,16:02:43,15,307.58,4622.98,0.0,766.27,Yes,No,No,Not Applicable,No reason specified
bbfeae22c1de140b,55,M,City,Platinum Membership,2025-04-14,Yes,Credit/Debit Card Offers,Both,Mobile_Data,22:44:04,1,1316.52,2367.56,25.0,441.8365499392011,Yes,No,No,Not Applicable,No reason specified
9a7261300a757252,31,M,City,Premium Membership,2025-04-14,Yes,Without Offers,Smartphone,Fiber_Optic,07:49:41,-999,618.85,40889.54,16.0,785.49,No,Yes,Yes,Solved in Follow-up,Poor Customer Service
a2dfa44f5db744b7,60,F,Village,Basic Membership,2025-04-14,No,Credit/Debit Card Offers,Smartphone,Mobile_Data,07:26:46,13,299.29,13344.59,9.0,609.77,Yes,No,No,Not Applicable,No reason specified
94fd437406e79a74,29,F,City,Gold Membership,2025-04-14,No,Gift Vouchers/Coupons,Smartphone,Wi-Fi,02:49:32,9,499.47,40582.4,18.0,624.1,Yes,No,Yes,Solved in Follow-up,Poor Website
84317fb3a7bc8050,22,M,Town,Basic Membership,2025-04-14,No,Gift Vouchers/Coupons,Desktop,Wi-Fi,14:09:26,21,0.0,24658.95,0.0,650.69,Yes,No,Yes,Solved,Poor Product Quality
826b056e1ecff748,23,M,Town,Platinum Membership,2025-04-14,Yes,Without Offers,Smartphone,Wi-Fi,19:35:33,12,402.17,35501.24,23.0,772.25,Yes,No,Yes,Unsolved,Too many ads
83df5b657cb447c5,14,M,Town,Basic Membership,2025-04-14,No,Credit/Debit Card Offers,,Mobile_Data,18:09:50,8,209.98,45295.09,9.0,639.53,Yes,No,No,Not Applicable,Poor Website
89f7c108c18a4d94,43,F,Town,Basic Membership,2025-04-14,,Gift Vouchers/Coupons,Desktop,Wi-Fi,02:35:34,5,265.47,24280.81,12.0,126.7495282596824,Yes,No,Yes,No Information Available,Poor Product Quality
bb30e7ca367c56f5,51,M,City,No Membership,2025-04-14,Yes,Credit/Debit Card Offers,,Mobile_Data,10:10:33,19,606.12,23218.67,0.0,675.0,Yes,No,No,Not Applicable,Poor Product Quality
b113617f9e65dc18,49,F,City,Premium Membership,2025-04-14,No,Without Offers,Smartphone,Mobile_Data,17:08:13,24,0.0,10684.97,0.0,736.05,No,Yes,Yes,No Information Available,Too many ads
94893531744a2c0e,62,M,City,Basic Membership,2025-04-14,Yes,Without Offers,Smartphone,Fiber_Optic,05:21:49,12,96.23,26050.13,21.0,593.37,Yes,No,No,Not Applicable,Poor Website
b910328f9e583a86,11,M,City,Platinum Membership,2025-04-14,Yes,Without Offers,Smartphone,Mobile_Data,11:56:05,6,288.32,2067.75,6.0,765.86,No,Yes,No,Not Applicable,Poor Customer Service
9dac68ecace505fc,35,M,,Gold Membership,2025-04-14,No,Credit/Debit Card Offers,Desktop,Mobile_Data,10:09:11,21,32.36,12953.13,0.0,202.07509631276884,No,Yes,No,Not Applicable,Poor Customer Service
96f60cf055ece8ba,28,F,Town,Gold Membership,2025-04-14,No,Gift Vouchers/Coupons,Desktop,Fiber_Optic,11:32:34,16,32.34,16284.6,16.0,732.22,No,Yes,No,Not Applicable,Poor Customer Service
858f8280ce0054da,33,F,Town,Gold Membership,2025-04-14,No,Without Offers,,Mobile_Data,19:02:04,13,240.02,53355.5,14.0,757.78,Yes,No,Yes,Solved in Follow-up,Products always in Stock
abea031a7342f81a,30,M,Town,No Membership,2025-04-15,No,Without Offers,Smartphone,Mobile_Data,00:38:49,11,294.48,11683.75,11.0,696.22,Yes,Yes,No,Not Applicable,Too many ads
b4b99f45fed0d476,53,M,Town,Silver Membership,2025-04-15,Yes,Without Offers,,Mobile_Data,16:04:08,4,132.05,43500.96,15.0,678.26,No,Yes,Yes,Solved in Follow-up,Poor Website
9639128a74c2d9b1,63,M,Village,Platinum Membership,2025-04-15,,Gift Vouchers/Coupons,Desktop,Wi-Fi,16:00:58,15,1193.2324796620378,78107.8,4.0,759.35,No,Yes,No,Not Applicable,User Friendly Website
9bf60dc4d2199724,29,M,City,No Membership,2025-04-15,Yes,Gift Vouchers/Coupons,Smartphone,Wi-Fi,08:39:24,-999,631.86,26931.73,15.0,604.74,Yes,Yes,No,Not Applicable,Poor Customer Service
9b9c853c5e3efc07,41,F,Town,Silver Membership,2025-04-15,No,Credit/Debit Card Offers,,Wi-Fi,07:16:42,14,345.78,20445.71,0.0,780.96,No,Yes,Yes,No Information Available,Poor Product Quality
9291cbd7d101bce5,15,F,,Platinum Membership,2025-04-15,,Credit/Debit Card Offers,Desktop,Mobile_Data,15:38:25,12,159.33,21128.85,0.0,734.24,No,Yes,Yes,No Information Available,No reason specified
85e9e9e2a366b9d7,13,F,City,Platinum Membership,2025-04-15,Yes,Credit/Debit Card Offers,,Mobile_Data,15:45:26,24,41.1,76959.43,11.0,787.93,Yes,No,No,Not Applicable,User Friendly Website
9317c3af0d3a3af7,51,M,City,Premium Membership,2025-04-15,Yes,Credit/Debit Card Offers,Desktop,Wi-Fi,09:22:09,7,562.42,6086.75,16.0,409.1933007568029,No,Yes,No,Not Applicable,Reasonable Price
95648c3f023b3a85,45,F,Town,Platinum Membership,2025-04-15,No,Without Offers,Desktop,Mobile_Data,02:56:37,16,300.23,37387.12,25.0,724.99,Yes,No,Yes,Solved in Follow-up,No reason specified
92512c9b48e8a7bf,42,M,,Premium Membership,2025-04-15,,Without Offers,Smartphone,Wi-Fi,15:30:51,14,256.59,26917.99,25.0,0.0,Yes,No,Yes,No Information Available,Poor Product Quality
b5b5c2d9cc6540f9,19,F,Town,Platinum Membership,2025-04-15,,Without Offers,Desktop,Mobile_Data,23:01:00,18,329.21,23638.05,0.0,740.35,Yes,No,Yes,Solved,Reasonable Price
b72c098dbf7b6cc5,21,M,Town,Basic Membership,2025-04-15,Yes,Gift Vouchers/Coupons,Desktop,Mobile_Data,14:55:06,12,33.25,37623.82,11.0,0.0,Yes,No,No,Not Applicable,Poor Customer Service
aab598b347ee92f4,17,M,City,No Membership,2025-04-15,No,Gift Vouchers/Coupons,Desktop,Wi-Fi,00:58:20,13,378.64,1038.95,15.0,663.04,Yes,No,Yes,Solved in Follow-up,Poor Customer Service
bf16ea7f0bdc5056,49,M,Village,No Membership,2025-04-15,No,Credit/Debit Card Offers,Desktop,Wi-Fi,08:43:12,14,56.87,3751.51,17.0,237.29958711212743,No,Yes,Yes,Solved,Poor Customer Service
96a99b623b65141b,22,M,City,No Membership,2025-04-15,No,Credit/Debit Card Offers,Desktop,Mobile_Data,14:08:29,22,211.55,22128.86,28.0,558.41,No,Yes,Yes,Solved,Poor Product Quality
a38aee46aedb5871,41,M,Village,Silver Membership,2025-04-15,,Credit/Debit Card Offers,Smartphone,Wi-Fi,04:42:51,21,521.73,6813.78,15.0,259.05715552817355,Yes,No,No,Not Applicable,No reason specified
acf6bedc079841ad,28,F,,Silver Membership,2025-04-15,Yes,Gift Vouchers/Coupons,Desktop,Wi-Fi,08:51:10,14,201.76,39159.83,26.0,672.12,Yes,No,Yes,Unsolved,No reason specified
9bffa566287ae197,16,F,Village,Silver Membership,2025-04-15,,Without Offers,,Wi-Fi,04:34:23,9,217.3,26355.04,19.0,741.98,No,Yes,Yes,Unsolved,No reason specified
b0f94aae0239f6ea,25,M,Town,Platinum Membership,2025-04-15,Yes,Gift Vouchers/Coupons,Desktop,Mobile_Data,06:12:08,12,39.26,42451.63,7.0,747.59,Yes,No,No,Not Applicable,No reason specified
81ad917973b2513e,55,F,City,Silver Membership,2025-04-15,Yes,Credit/Debit Card Offers,Smartphone,Fiber_Optic,00:05:18,22,110.09,8011.38,6.0,714.37,No,Yes,No,Not Applicable,No reason specified
a0655bb1af20a768,15,M,Town,Gold Membership,2025-04-15,Yes,Gift Vouchers/Coupons,Smartphone,Mobile_Data,00:17:15,10,43.52,36721.91,12.0,0.0,No,Yes,No,Not Applicable,Poor Website
a1be015efacca5e8,43,M,City,No Membership,2025-04-15,Yes,Gift Vouchers/Coupons,Smartphone,Wi-Fi,08:42:21,4,519.25,2903.59,28.0,678.22,No,Yes,Yes,Unsolved,Poor Customer Service
be7e9a807808038b,34,,City,Gold Membership,2025-04-15,Yes,Credit/Debit Card Offers,Desktop,Fiber_Optic,13:52:37,17,31.1,3355.64,8.0,693.08,No,Yes,No,Not Applicable,Poor Customer Service
9ca8316af3616678,43,M,City,Gold Membership,2025-04-15,No,Gift Vouchers/Coupons,Desktop,Mobile_Data,20:50:47,8,79.6,42103.99,28.0,768.53,Yes,No,Yes,No Information Available,Too many ads
8db60b9a4f4ccb9d,50,F,Town,Basic Membership,2025-04-15,No,Without Offers,Smartphone,Wi-Fi,03:29:43,9,959.2141673319423,29802.16,27.0,685.61,No,Yes,Yes,Unsolved,Poor Product Quality
bc70852b66c99b8a,53,M,Town,Platinum Membership,2025-04-15,Yes,Without Offers,Smartphone,Mobile_Data,09:57:22,14,947.25,13057.05,12.0,770.63,Yes,Yes,No,Not Applicable,Reasonable Price
82e4630da0185b99,59,F,City,Gold Membership,2025-04-15,No,Without Offers,Desktop,Mobile_Data,09:04:43,14,183.35,96562.04,12.0,794.69,Yes,No,No,Not Applicable,Products always in Stock
a081c80715371487,55,F,Town,No Membership,2025-04-15,No,Without Offers,Smartphone,Wi-Fi,01:18:36,16,110.23,3416.28,19.0,637.67,No,Yes,No,Not Applicable,Poor Product Quality
8e41c2c5324f5578,20,M,Town,Platinum Membership,2025-04-15,No,Without Offers,,Mobile_Data,00:30:05,15,88.63,98775.47,3.0,778.18,Yes,No,No,Not Applicable,Quality Customer Care
b1adad188da925ac,15,F,Town,No Membership,2025-04-15,No,Credit/Debit Card Offers,Desktop,Mobile_Data,22:27:51,13,66.49,44991.07,24.0,681.59,No,Yes,Yes,Solved,Poor Product Quality
88b8939927f6f50b,23,F,City,Premium Membership,2025-04-15,Yes,Without Offers,Smartphone,Wi-Fi,16:30:32,16,563.07,61133.62,2.0,758.6,Yes,No,Yes,No Information Available,User Friendly Website
a3ce8f424ab54f5f,38,F,Town,Premium Membership,2025-04-15,No,Without Offers,Smartphone,Wi-Fi,04:07:14,10,161.85,94446.12,5.0,761.37,No,Yes,Yes,No Information Available,Reasonable Price
937d0b7c2c97990c,61,F,Town,Gold Membership,2025-04-15,Yes,Gift Vouchers/Coupons,Both,Wi-Fi,20:37:34,18,523.93,93083.32,18.0,730.76,Yes,Yes,Yes,Solved in Follow-up,Products always in Stock
813ab59e0a92f14c,17,M,City,Gold Membership,2025-04-15,Yes,Without Offers,Desktop,Fiber_Optic,20:09:56,6,589.13,35121.34,18.0,729.83,Yes,No,No,Not Applicable,Poor Product Quality
8645cf4494511163,17,F,Village,Gold Membership,2025-04-15,No,Without Offers,Desktop,Fiber_Optic,15:41:25,15,0.0,2666.65,1.0,826.54,Yes,No,Yes,Solved in Follow-up,Products always in Stock
9d40af7222a3be47,57,F,City,Basic Membership,2025-04-15,Yes,Without Offers,Desktop,Wi-Fi,03:33:39,10,33.13,36433.26,24.0,658.84,Yes,No,No,Not Applicable,Poor Product Quality
9cc44ef9dc179a26,10,M,Village,Basic Membership,2025-04-15,Yes,Without Offers,Smartphone,Mobile_Data,07:40:38,17,103.55,35141.37,26.0,956.8708683384308,Yes,No,Yes,Unsolved,No reason specified
80202afc42e18e63,32,M,City,Premium Membership,2025-04-15,Yes,Credit/Debit Card Offers,Smartphone,Wi-Fi,17:42:13,16,33.68,1936.57,19.0,787.33,No,Yes,Yes,Solved,Poor Product Quality
944551ff6ce2b8c6,17,M,City,Gold Membership,2025-04-15,Yes,Credit/Debit Card Offers,,Fiber_Optic,13:02:21,-999,649.75,60179.18,19.0,797.26,Yes,Yes,Yes,Unsolved,Reasonable Price
aa279627c08caaad,62,M,Village,Silver Membership,2025-04-15,,Gift Vouchers/Coupons,Desktop,Mobile_Data,17:17:41,11,65.12,12347.4,0.0,673.47,No,Yes,No,Not Applicable,Too many ads
98c42ddbcbe9a3eb,60,M,Town,Premium Membership,2025-04-15,Yes,Credit/Debit Card Offers,Desktop,Wi-Fi,22:57:43,9,91.64,32468.72,29.0,758.66,Yes,No,Yes,Solved in Follow-up,Poor Customer Service
b3baebdc18b92647,43,F,City,Silver Membership,2025-04-15,No,Without Offers,Desktop,Wi-Fi,15:26:39,6,41.99,31514.72,18.0,715.34,No,Yes,No,Not Applicable,No reason specified
99e7b420c620a3f8,64,M,Town,Premium Membership,2025-04-15,,Gift Vouchers/Coupons,Smartphone,Wi-Fi,17:58:55,12,0.0,59105.37,16.0,805.15,Yes,No,Yes,Unsolved,Quality Customer Care
93c9e32d35358569,64,F,City,Platinum Membership,2025-04-15,No,Gift Vouchers/Coupons,Smartphone,Fiber_Optic,22:10:05,14,103.98,16085.32,24.0,787.54,No,Yes,No,Not Applicable,Poor Website
a7f6b817fed274fd,16,M,,No Membership,2025-04-15,Yes,Without Offers,Smartphone,Wi-Fi,17:25:00,9,672.83,9792.67,16.0,1251.3405903442872,Yes,Yes,Yes,No Information Available,Poor Product Quality
9cc9f69e3f3d880a,18,F,Town,Basic Membership,2025-04-15,Yes,Without Offers,,Fiber_Optic,02:57:40,2,517.07,46754.75,0.0,504.1,Yes,No,Yes,Solved in Follow-up,Poor Website
a58f28a6ec2f9b0d,63,M,City,Premium Membership,2025-04-15,No,Credit/Debit Card Offers,Desktop,Mobile_Data,23:34:25,15,97.16,77266.27,0.0,753.46,Yes,No,Yes,Solved,Products always in Stock
8a8569b7c849ec2c,26,M,Town,Premium Membership,2025-04-15,Yes,Gift Vouchers/Coupons,Smartphone,Mobile_Data,10:26:15,1,1664.6649915539151,62540.92,1.0,783.42,Yes,No,No,Not Applicable,Products always in Stock
9f61912d735c0662,49,F,Town,No Membership,2025-04-15,No,Credit/Debit Card Offers,Smartphone,Fiber_Optic,17:41:24,6,155.66,28036.35,15.0,680.1,Yes,No,No,Not Applicable,Poor Product Quality
bd96b69b370375a9,32,F,City,Basic Membership,2025-04-15,,Gift Vouchers/Coupons,Smartphone,Wi-Fi,23:05:16,15,1099.78,37353.2,24.0,359.17431140585234,No,Yes,No,Not Applicable,Poor Product Quality
8e98b21fffe47189,16,M,Town,Gold Membership,2025-04-15,No,Without Offers,Smartphone,Mobile_Data,21:52:53,12,55.89,41873.05,0.0,0.0,Yes,No,Yes,No Information Available,No reason specified
b64d2c53b476e747,41,M,,Premium Membership,2025-04-15,No,Gift Vouchers/Coupons,Desktop,Fiber_Optic,13:29:44,12,165.19,40278.06,17.0,1047.4606080596184,Yes,No,No,Not Applicable,Poor Customer Service
9c7a19fc7e4aff9b,38,F,Village,Platinum Membership,2025-04-15,,Without Offers,Desktop,Fiber_Optic,12:16:46,11,34.79,2983.06,0.0,778.54,No,Yes,Yes,No Information Available,Too many ads
a4870732a1375728,29,M,City,Silver Membership,2025-04-15,No,Credit/Debit Card Offers,Smartphone,Mobile_Data,00:46:16,7,83.27,42378.06,0.0,762.75,No,Yes,No,Not Applicable,Products always in Stock
8565b166caf08936,47,M,Village,Gold Membership,2025-04-15,Yes,Gift Vouchers/Coupons,Smartphone,Fiber_Optic,19:25:14,9,101.53,15254.15,20.0,761.57,Yes,No,Yes,Unsolved,Too many ads
b5e8324e087206e0,60,M,,Premium Membership,2025-04-15,No,Without Offers,Smartphone,Mobile_Data,09:58:35,14,140.28,38154.95,24.0,724.58,No,Yes,Yes,No Information Available,Poor Customer Service
9350c3b04d5bc018,38,F,Town,No Membership,2025-04-15,No,Credit/Debit Card Offers,,Wi-Fi,01:57:48,2,53.5,45009.05,15.0,630.17,No,Yes,Yes,Solved in Follow-up,Poor Product Quality
ab09a8304f07932e,57,M,City,Basic Membership,2025-04-15,Yes,Without Offers,Smartphone,Mobile_Data,21:35:54,19,621.62,40322.35,0.0,1120.5450397433146,Yes,Yes,No,Not Applicable,Poor Product Quality
9d5ba976ddf3afe0,62,F,City,Gold Membership,2025-04-15,No,Without Offers,Desktop,Mobile_Data,18:45:19,-999,125.26,43468.25,9.0,841.54,Yes,No,Yes,No Information Available,Quality Customer Care
bcc828a736a26959,22,M,Town,Gold Membership,2025-04-15,,Gift Vouchers/Coupons,Desktop,Fiber_Optic,10:15:33,4,983.48,17508.04,5.0,754.92,Yes,Yes,No,Not Applicable,Poor Website
a199194b8ea7949a,51,F,Town,Silver Membership,2025-04-15,Yes,Gift Vouchers/Coupons,Desktop,Fiber_Optic,16:10:06,18,391.06,42848.68,5.0,720.55,Yes,Yes,No,Not Applicable,Poor Website
8ad339c807925698,33,M,City,Gold Membership,2025-04-15,Yes,Without Offers,Smartphone,Fiber_Optic,01:58:30,12,223.5,29040.92,19.0,625.41,No,Yes,Yes,No Information Available,Too many ads
8400bce45e9394b6,54,F,Village,Basic Membership,2025-04-15,No,Credit/Debit Card Offers,Desktop,Fiber_Optic,05:49:32,11,41.61,4024.82,15.0,635.64,No,Yes,No,Not Applicable,No reason specified
966c863ace84d775,34,F,Town,Basic Membership,2025-04-15,,Gift Vouchers/Coupons,Desktop,Fiber_Optic,08:05:04,6,584.3,26190.25,13.0,0.0,Yes,No,Yes,Solved in Follow-up,Too many ads
bb5859f344a52f23,59,M,City,No Membership,2025-04-15,Yes,Credit/Debit Card Offers,Smartphone,Wi-Fi,07:44:09,6,160.56,36238.87,19.0,648.73,Yes,No,No,Not Applicable,No reason specified
96482a3822ac1543,38,M,,Basic Membership,2025-04-15,,Without Offers,Smartphone,Fiber_Optic,17:03:40,-999,536.57,14232.76,0.0,600.93,Yes,No,Yes,Solved,Too many ads
9f035236475f2c30,22,F,Town,No Membership,2025-04-15,,Credit/Debit Card Offers,Desktop,Fiber_Optic,06:38:16,14,121.52,39331.17,19.0,663.54,Yes,No,Yes,Solved,Poor Customer Service
908a453be6698507,14,F,Village,Basic Membership,2025-04-15,Yes,Credit/Debit Card Offers,Smartphone,Wi-Fi,19:50:11,19,60.4,4976.69,25.0,557.85,Yes,No,Yes,No Information Available,No reason specified
a32c29612b72e6a4,55,M,City,No Membership,2025-04-15,Yes,Without Offers,Smartphone,Wi-Fi,04:44:46,12,161.41,29076.23,25.0,698.77,Yes,No,Yes,Unsolved,Poor Website
801a8598c3547176,18,M,Town,No Membership,2025-04-15,No,Gift Vouchers/Coupons,Smartphone,Fiber_Optic,22:40:43,12,197.21,3708.91,12.0,0.0,No,Yes,No,Not Applicable,No reason specified
8872ca6aafdb0536,56,M,Town,Basic Membership,2025-04-15,Yes,Without Offers,Smartphone,Fiber_Optic,23:26:43,-999,31.16,43356.04,25.0,719.22,Yes,No,No,Not Applicable,Too many ads
9d860d3913e99d2b,62,M,Village,Platinum Membership,2025-04-15,No,Gift Vouchers/Coupons,,Fiber_Optic,05:29:52,20,146.9,27812.87,0.0,737.96,No,Yes,No,Not Applicable,No reason specified
8dec7872f8d0c1e0,48,F,City,No Membership,2025-04-15,Yes,Without Offers,Desktop,Wi-Fi,22:18:47,17,258.79,19994.19,15.0,653.34,Yes,No,No,Not Applicable,No reason specified
a00a02747cfa0a0a,53,F,City,No Membership,2025-04-15,No,Gift Vouchers/Coupons,Desktop,Mobile_Data,08:14:31,13,49.4,44778.21,12.0,694.24,Yes,No,Yes,Solved in Follow-up,Poor Customer Service
8890906ab21d8b3b,60,F,City,Silver Membership,2025-04-15,Yes,Without Offers,Both,Fiber_Optic,20:14:04,4,522.61,89892.25,0.0,731.22,No,Yes,No,Not Applicable,Reasonable Price
bd4947a45b82024b,13,M,,Premium Membership,2025-04-15,Yes,Credit/Debit Card Offers,Both,Fiber_Optic,03:00:38,1,464.31,36842.38,26.0,719.32,Yes,No,No,Not Applicable,Poor Product Quality
8baee4657f3b94fc,63,M,City,Basic Membership,2025-04-15,Yes,Credit/Debit Card Offers,Smartphone,Fiber_Optic,03:48:06,10,233.98,45588.48,18.0,661.19,Yes,Yes,Yes,Solved in Follow-up,No reason specified
ac2147ace58930c3,18,F,City,No Membership,2025-04-15,No,Credit/Debit Card Offers,Smartphone,Mobile_Data,16:34:45,8,32.26,42425.44,18.0,514.89,Yes,No,No,Not Applicable,No reason specified
ba317117f28fca30,49,F,Town,Basic Membership,2025-04-15,No,Credit/Debit Card Offers,,Wi-Fi,11:42:58,13,31.21,30024.97,7.0,417.1182821568868,Yes,No,No,Not Applicable,Poor Customer Service
aa3c504125019ff9,40,M,,Gold Membership,2025-04-15,No,Credit/Debit Card Offers,Desktop,Mobile_Data,11:51:22,13,0.0,25525.3,15.0,759.85,No,Yes,Yes,Solved,Quality Customer Care
ae884d710ff9c373,58,M,Town,Silver Membership,2025-04-15,Yes,Without Offers,Desktop,Fiber_Optic,17:35:03,18,0.0,25742.45,15.0,722.3,Yes,No,No,Not Applicable,Poor Customer Service
9b6ed8dd9d9bde51,18,F,Town,No Membership,2025-04-15,Yes,Credit/Debit Card Offers,Desktop,Fiber_Optic,22:26:59,17,0.0,3969.19,19.0,625.13,Yes,No,Yes,Solved in Follow-up,No reason specified
9744edd0116c7046,55,M,,Premium Membership,2025-04-15,No,Without Offers,Smartphone,Fiber_Optic,14:06:16,14,183.28,29238.04,27.0,0.0,Yes,No,Yes,Solved in Follow-up,No reason specified
88f807f2f1de49d8,46,M,,Silver Membership,2025-04-15,No,Credit/Debit Card Offers,Both,Mobile_Data,11:28:18,3,462.79,37936.21,6.0,729.8,Yes,Yes,No,Not Applicable,Poor Website
a53f975cd448ab93,31,F,Town,Premium Membership,2025-04-15,Yes,Credit/Debit Card Offers,Smartphone,Mobile_Data,03:39:31,5,75.16,24144.99,0.0,746.09,Yes,No,No,Not Applicable,Poor Website
95735aa3cef92309,44,M,City,Gold Membership,2025-04-15,Yes,Credit/Debit Card Offers,Desktop,Fiber_Optic,18:37:38,21,878.6169435301393,878.14,20.0,658.44,No,Yes,Yes,Unsolved,Poor Website
a266fc8416d1c5ef,42,M,Town,Basic Membership,2025-04-15,Yes,Gift Vouchers/Coupons,Smartphone,Fiber_Optic,17:58:11,9,427.49,49606.14,23.0,933.3194126851636,Yes,No,Yes,Unsolved,Poor Website
9714299489eda759,20,M,,No Membership,2025-04-15,No,Without Offers,Desktop,Fiber_Optic,09:17:02,10,268.46,1521.97,21.0,650.99,Yes,No,Yes,Solved in Follow-up,Poor Customer Service
8a0a782d46975eef,17,M,Town,Premium Membership,2025-04-15,No,Credit/Debit Card Offers,Desktop,Mobile_Data,00:33:42,3,45.14,4101.19,17.0,950.7231263530005,No,Yes,Yes,Solved,Poor Product Quality
95ac22acca5bc3a3,35,M,City,Basic Membership,2025-04-15,Yes,Gift Vouchers/Coupons,Smartphone,Wi-Fi,00:50:23,11,32.62,43309.79,0.0,621.25,No,Yes,No,Not Applicable,Poor Product Quality
a671da91a61c8ed2,56,M,Village,No Membership,2025-04-15,Yes,Credit/Debit Card Offers,Desktop,Wi-Fi,12:10:51,17,130.73,32062.44,16.0,633.6,No,Yes,No,Not Applicable,No reason specified
9f288958ede757d5,22,M,City,Silver Membership,2025-04-15,Yes,Without Offers,Smartphone,Mobile_Data,19:59:53,23,67.31,48412.32,10.0,796.61,No,Yes,Yes,Unsolved,Too many ads
abbbb1f7364e5318,27,F,,Silver Membership,2025-04-15,Yes,Gift Vouchers/Coupons,,Wi-Fi,00:20:49,25,64.41,49797.16,7.0,662.3,No,Yes,No,Not Applicable,Poor Website
aca7f0a9f4fdb38a,64,F,Village,Platinum Membership,2025-04-15,No,Credit/Debit Card Offers,Desktop,Fiber_Optic,02:06:45,-999,50.97,49055.65,25.0,790.16,Yes,No,Yes,Solved in Follow-up,Poor Website
a7a3df795b8c39e2,11,M,Town,Basic Membership,2025-04-15,No,Gift Vouchers/Coupons,,Mobile_Data,23:08:43,12,34.22,1197.02,18.0,310.2916255365089,No,Yes,Yes,Solved in Follow-up,Too many ads
801213459643df03,45,M,City,Basic Membership,2025-04-15,No,Gift Vouchers/Coupons,Desktop,Fiber_Optic,15:34:15,19,201.59,19552.41,28.0,1064.8592149458573,Yes,No,No,Not Applicable,Poor Website
ba2007b31562c67f,55,M,Village,Silver Membership,2025-04-15,Yes,Without Offers,Desktop,Fiber_Optic,20:28:45,16,255.65,7263.92,8.0,331.4690123959703,Yes,Yes,Yes,Solved in Follow-up,Poor Product Quality
b266f602cd5288c4,25,M,,Silver Membership,2025-04-15,Yes,Gift Vouchers/Coupons,Both,Wi-Fi,17:15:05,12,235.91,11295.08,14.0,788.29,Yes,No,Yes,Solved,Poor Product Quality
8e5d04c1753511ae,41,M,City,Gold Membership,2025-04-15,No,Credit/Debit Card Offers,Smartphone,Mobile_Data,13:53:48,12,329.44,31164.44,21.0,1011.3267202462451,No,Yes,Yes,Solved in Follow-up,Poor Website
9089f71589081b99,10,F,Town,Platinum Membership,2025-04-16,No,Gift Vouchers/Coupons,Smartphone,Mobile_Data,03:24:20,15,73.91,95250.94,15.0,706.12,Yes,No,Yes,No Information Available,Products always in Stock
896343fff0343679,50,M,Town,Platinum Membership,2025-04-16,Yes,Without Offers,Smartphone,Mobile_Data,08:50:18,19,135.57,27940.63,13.0,786.91,No,Yes,No,Not Applicable,Poor Product Quality
b31fbdbe0c1a1ea0,49,M,Town,Silver Membership,2025-04-16,No,Credit/Debit Card Offers,Desktop,Wi-Fi,03:41:32,13,195.59,11295.17,28.0,705.71,No,Yes,Yes,Solved,No reason specified
894f6f9b7a1c8d05,35,M,Town,Gold Membership,2025-04-16,No,Without Offers,Smartphone,Mobile_Data,21:55:44,21,133.86,13347.11,0.0,687.24,No,Yes,Yes,Solved,Poor Website
abeb9bcce1c812c2,34,M,Town,Basic Membership,2025-04-16,No,Gift Vouchers/Coupons,Desktop,Wi-Fi,22:12:21,4,0.0,21995.09,26.0,636.96,No,Yes,No,Not Applicable,Poor Customer Service
8a7aae8b4be7c158,62,F,City,No Membership,2025-04-16,Yes,Gift Vouchers/Coupons,Smartphone,Wi-Fi,13:52:34,8,30.32,49110.99,13.0,605.78,No,Yes,No,Not Applicable,Poor Customer Service
b455dc17deee9662,12,M,,Platinum Membership,2025-04-16,Yes,Credit/Debit Card Offers,Smartphone,Fiber_Optic,19:34:30,5,805.25,24718.73,19.0,824.39,No,Yes,Yes,Unsolved,User Friendly Website
bbc4194f09acefd6,18,F,,Basic Membership,2025-04-16,,Without Offers,Smartphone,Fiber_Optic,06:09:55,21,171.74,32503.55,23.0,600.14,No,Yes,Yes,No Information Available,Poor Customer Service
b29209a420e05605,12,F,,Silver Membership,2025-04-16,Yes,Gift Vouchers/Coupons,Both,Mobile_Data,20:52:22,13,231.99,29521.55,26.0,749.53,Yes,Yes,Yes,No Information Available,Poor Website
a9f9ce9025cbe435,49,F,City,Gold Membership,2025-04-16,No,Credit/Debit Card Offers,Smartphone,Wi-Fi,00:38:52,11,268.88,5509.46,6.0,758.48,Yes,No,Yes,Solved,Poor Website
a2716672f415ac1a,30,F,Town,Basic Membership,2025-04-16,,Gift Vouchers/Coupons,Both,Fiber_Optic,10:10:50,12,620.52,38083.55,8.0,708.03,No,Yes,No,Not Applicable,Poor Customer Service
9508b936d4061677,26,M,City,Platinum Membership,2025-04-16,No,Credit/Debit Card Offers,Both,Mobile_Data,01:30:50,4,0.0,48598.45,13.0,0.0,Yes,Yes,No,Not Applicable,Too many ads
a354d85463d4b093,52,M,City,Silver Membership,2025-04-16,No,Without Offers,Smartphone,Wi-Fi,08:35:11,22,68.43,25141.33,27.0,1218.0962081964035,Yes,No,Yes,Unsolved,Poor Product Quality
be5e777538e2f26e,32,M,Village,Premium Membership,2025-04-16,No,Gift Vouchers/Coupons,,Wi-Fi,05:27:01,16,305.81,53190.32,4.0,710.3,Yes,No,Yes,No Information Available,User Friendly Website
b3d5490ebf6ca1b4,12,M,Town,Basic Membership,2025-04-16,No,Without Offers,Desktop,Wi-Fi,06:01:09,23,202.17,44675.05,16.0,602.72,Yes,No,No,Not Applicable,No reason specified
bf5e0d3217493005,23,M,Town,Platinum Membership,2025-04-16,Yes,Credit/Debit Card Offers,Both,Fiber_Optic,10:15:34,11,611.83,35608.59,20.0,738.05,Yes,Yes,Yes,Unsolved,Poor Product Quality
b7a17f4e35ecbb13,28,F,City,No Membership,2025-04-16,Yes,Credit/Debit Card Offers,Smartphone,Wi-Fi,04:54:57,15,64.1,34523.18,13.0,672.46,No,Yes,Yes,No Information Available,No reason specified
a054ff92fae61b35,56,M,Town,Platinum Membership,2025-04-16,Yes,Gift Vouchers/Coupons,Desktop,Fiber_Optic,23:38:28,10,92.4,29241.2,6.0,803.54,Yes,No,Yes,Solved in Follow-up,Products always in Stock
a735794f32f84b15,55,M,Village,Gold Membership,2025-04-16,No,Credit/Debit Card Offers,Desktop,Fiber_Optic,11:55:39,7,33.45,55018.62,12.0,720.93,Yes,No,No,Not Applicable,Quality Customer Care
b885cf041fe417f7,55,F,Village,No Membership,2025-04-16,Yes,Without Offers,Desktop,Fiber_Optic,01:13:01,3,139.83,21738.05,13.0,0.0,No,Yes,Yes,No Information Available,Poor Product Quality
bbe7f94afd23db59,47,M,Town,Silver Membership,2025-04-16,,Without Offers,Smartphone,Fiber_Optic,19:48:48,16,104.03,42206.55,0.0,773.84,No,Yes,No,Not Applicable,Poor Customer Service
977240b4a184c6c6,60,F,Town,No Membership,2025-04-16,Yes,Credit/Debit Card Offers,Smartphone,Mobile_Data,09:42:22,-999,212.82,32981.35,21.0,632.3,Yes,No,Yes,Unsolved,Poor Customer Service
972227608b739512,61,M,Town,Gold Membership,2025-04-16,Yes,Without Offers,Desktop,Wi-Fi,11:52:55,17,133.25,48874.78,12.0,460.64684408281465,No,Yes,No,Not Applicable,Poor Product Quality
906cc7d294490a4b,41,F,Town,Basic Membership,2025-04-16,No,Without Offers,Both,Wi-Fi,16:08:05,5,339.32,16935.43,16.0,528.25,Yes,Yes,Yes,No Information Available,Poor Customer Service
84040db03f66171f,60,F,Town,Gold Membership,2025-04-16,No,Credit/Debit Card Offers,Desktop,Mobile_Data,15:39:52,9,77.1,11855.91,0.0,733.56,No,Yes,No,Not Applicable,Reasonable Price
aebbb11ccd391699,47,F,Town,Silver Membership,2025-04-16,Yes,Gift Vouchers/Coupons,Desktop,Wi-Fi,10:11:46,12,99.2,9807.86,17.0,260.9331022572149,Yes,No,No,Not Applicable,Poor Product Quality
a01376de28c5c2a9,14,F,,Platinum Membership,2025-04-16,,Credit/Debit Card Offers,Smartphone,Mobile_Data,16:51:01,10,389.13,99162.86,6.0,1096.9320787708032,No,Yes,Yes,Solved,Reasonable Price
b9fd58c58ef2bbb3,18,M,Town,No Membership,2025-04-16,Yes,Gift Vouchers/Coupons,Both,Fiber_Optic,13:22:23,11,1067.74,48990.65,6.0,711.48,Yes,Yes,Yes,No Information Available,Poor Product Quality
8daf3caa48c11e83,55,M,City,Gold Membership,2025-04-16,,Gift Vouchers/Coupons,Smartphone,Wi-Fi,11:32:28,11,131.48,36848.16,0.0,647.16,No,Yes,No,Not Applicable,Poor Product Quality
8c1c7017ea143c3c,35,M,,Platinum Membership,2025-04-16,No,Credit/Debit Card Offers,Desktop,Mobile_Data,15:23:54,11,220.03,40235.87,26.0,727.34,Yes,No,Yes,Unsolved,No reason specified
a89fc5625f13446a,31,M,City,Gold Membership,2025-04-16,No,Credit/Debit Card Offers,Smartphone,Wi-Fi,19:23:18,23,0.0,28669.05,10.0,706.02,No,Yes,No,Not Applicable,Too many ads
86eb0e9a6920ada5,16,M,Town,Basic Membership,2025-04-16,,Credit/Debit Card Offers,Desktop,Fiber_Optic,06:55:21,11,50.83,18927.69,13.0,665.02,No,Yes,Yes,No Information Available,Too many ads
9a32b9f97bcce496,40,M,City,Platinum Membership,2025-04-16,,Without Offers,Desktop,Mobile_Data,07:52:31,11,721.02,65140.69,29.5499475203162,805.93,Yes,No,Yes,Solved,Quality Customer Care
ae39b2e09646abec,28,F,,No Membership,2025-04-16,No,Credit/Debit Card Offers,Smartphone,Fiber_Optic,19:06:00,20,218.59,33318.99,5.0,534.8,No,Yes,No,Not Applicable,Poor Customer Service
b1f8091fecf2c42f,64,M,Village,Gold Membership,2025-04-16,,Gift Vouchers/Coupons,Both,Fiber_Optic,14:49:05,4,1094.35,60192.88,19.0,429.0243689850434,No,Yes,No,Not Applicable,Quality Customer Care
91c30dd5a7969178,34,M,City,Basic Membership,2025-04-16,Yes,Gift Vouchers/Coupons,Desktop,Wi-Fi,20:51:42,9,181.12,11081.13,22.0,64.26452939546073,Yes,No,Yes,No Information Available,Too many ads
98361121bae76ba6,23,F,City,Premium Membership,2025-04-16,No,Gift Vouchers/Coupons,Desktop,Wi-Fi,14:56:47,19,30.63,9524.47,29.0,784.64,No,Yes,Yes,Solved in Follow-up,No reason specified
9d7230ce5f0c7147,41,M,Town,Basic Membership,2025-04-16,No,Without Offers,Smartphone,Wi-Fi,08:51:05,11,121.41,17757.17,7.0,242.23848778952345,No,Yes,No,Not Applicable,Poor Website
a10e1af925c1487f,15,F,City,No Membership,2025-04-16,Yes,Gift Vouchers/Coupons,Smartphone,Wi-Fi,17:06:16,19,34.71,25577.57,17.0,686.39,No,Yes,No,Not Applicable,Too many ads
a245eed333424c22,60,F,Town,Gold Membership,2025-04-16,Yes,Gift Vouchers/Coupons,Smartphone,Wi-Fi,16:48:29,8,161.03,27075.62,16.0,603.19,No,Yes,No,Not Applicable,Poor Product Quality
9f9110d35fec58fb,21,M,Town,Gold Membership,2025-04-16,,Credit/Debit Card Offers,Desktop,Fiber_Optic,19:26:34,8,554.49,49942.12,7.0,1277.130075308275,Yes,No,Yes,Unsolved,Too many ads
bdb83f84d032f5af,13,M,City,Basic Membership,2025-04-16,Yes,Without Offers,Smartphone,Wi-Fi,01:21:45,10,30.62,14285.77,14.0,602.09,Yes,No,No,Not Applicable,Poor Website
aa6d0e4647844802,26,M,Town,Platinum Membership,2025-04-16,No,Gift Vouchers/Coupons,,Mobile_Data,20:57:36,11,77.72,40063.72,18.0,1127.93202924926,No,Yes,Yes,Unsolved,Too many ads
a1922e5e7b06cff1,61,F,Town,Platinum Membership,2025-04-16,No,Without Offers,Smartphone,Fiber_Optic,22:57:16,12,30.71,43778.63,0.0,161.26450947370208,No,Yes,Yes,Solved,Poor Product Quality
b35c08ee7d1f6b8b,47,F,Town,Premium Membership,2025-04-16,No,Credit/Debit Card Offers,Smartphone,Fiber_Optic,07:37:37,3,126.59,18547.49,0.0,0.0,Yes,No,Yes,Solved in Follow-up,No reason specified
aca67725205946c3,41,F,Village,Basic Membership,2025-04-16,Yes,Without Offers,Smartphone,Fiber_Optic,07:40:21,11,39.67,34699.31,20.0,1015.5566392692424,Yes,No,No,Not Applicable,No reason specified
833124b1b7f53f62,14,M,City,Basic Membership,2025-04-16,No,Without Offers,Desktop,Fiber_Optic,21:53:43,19,56.1,40901.82,8.0,556.76,Yes,No,No,Not Applicable,Poor Customer Service
bfdaf33672b39067,37,M,City,Platinum Membership,2025-04-16,No,Without Offers,Desktop,Mobile_Data,09:04:40,9,140.8,37770.54,25.0,0.0,Yes,No,Yes,Unsolved,Too many ads
9db80c9502a58fad,57,F,City,Gold Membership,2025-04-16,Yes,Credit/Debit Card Offers,Desktop,Mobile_Data,21:21:34,20,640.52,6027.42,13.0,1066.0596236742886,No,Yes,No,Not Applicable,Poor Website
a8b0df05c2f277ec,55,M,Village,Gold Membership,2025-04-16,Yes,Without Offers,,Mobile_Data,21:46:41,14,738.41,46616.32,16.0,794.1,No,Yes,Yes,Unsolved,Too many ads
b675d83d4bbb4853,24,F,Village,Basic Membership,2025-04-16,Yes,Credit/Debit Card Offers,Desktop,Fiber_Optic,16:12:23,12,267.23,34862.84,12.0,625.84,No,Yes,Yes,Unsolved,Poor Customer Service
b48359e516033ff7,44,F,City,Platinum Membership,2025-04-16,Yes,Credit/Debit Card Offers,Desktop,Fiber_Optic,14:40:24,18,32.58,36049.6,19.0,1125.313122106248,Yes,No,No,Not Applicable,No reason specified
84874deb9a8f2885,23,F,Town,No Membership,2025-04-16,Yes,Credit/Debit Card Offers,Both,Fiber_Optic,06:28:12,7,0.0,13148.6,8.0,315.09686768516684,Yes,No,No,Not Applicable,No reason specified
a8d3c680aacf17ef,11,M,,Gold Membership,2025-04-16,Yes,Credit/Debit Card Offers,Desktop,Mobile_Data,23:23:35,-999,272.01,18002.25,13.0,769.23,Yes,No,No,Not Applicable,Poor Website
84b6ae061adea288,49,M,City,Gold Membership,2025-04-16,,Without Offers,,Mobile_Data,20:41:32,-999,91.86,49653.36,14.0,705.1,No,Yes,No,Not Applicable,Reasonable Price
9d070139c327ff3b,48,F,,Silver Membership,2025-04-16,Yes,Without Offers,Desktop,Wi-Fi,13:45:14,14,86.43,46843.22,9.0,715.93,Yes,No,Yes,No Information Available,Poor Customer Service
a6a104ca20ed92d9,61,F,Village,Premium Membership,2025-04-16,Yes,Gift Vouchers/Coupons,Both,Wi-Fi,12:52:47,9,1097.93,18297.43,24.0,734.06,No,Yes,Yes,Unsolved,Too many ads
b403faa071da1609,48,M,Town,Silver Membership,2025-04-16,Yes,Without Offers,Smartphone,Fiber_Optic,04:12:47,18,92.55,44365.62,22.0,680.36,Yes,No,Yes,Unsolved,Poor Product Quality
aa33bb2d3f2ef15a,61,F,Town,Basic Membership,2025-04-16,Yes,Without Offers,Desktop,Fiber_Optic,23:56:47,20,289.26,14937.44,10.0,545.46,Yes,Yes,Yes,Solved in Follow-up,Poor Website
b0cdccb2b853ac56,30,M,,Basic Membership,2025-04-16,No,Gift Vouchers/Coupons,Desktop,Fiber_Optic,00:50:36,15,47.23,35050.08,14.0,618.57,Yes,No,No,Not Applicable,Poor Website
9efcfe86ecc1a4fa,47,F,,Silver Membership,2025-04-16,Yes,Credit/Debit Card Offers,Desktop,Mobile_Data,12:41:11,20,99.4,25231.45,12.0,718.1,No,Yes,Yes,Solved in Follow-up,Poor Website
b0a767834addba71,51,M,,Platinum Membership,2025-04-16,No,Credit/Debit Card Offers,Desktop,Mobile_Data,12:04:36,20,95.32,12290.88,25.0,774.88,Yes,No,No,Not Applicable,Poor Website
966dbde673f9b438,18,F,Village,Gold Membership,2025-04-16,Yes,Gift Vouchers/Coupons,Smartphone,Mobile_Data,13:44:10,6,554.29,51292.72,0.0,522.178602785026,No,Yes,No,Not Applicable,Products always in Stock
9cbaa2dd828e8e5d,54,F,,No Membership,2025-04-16,No,Gift Vouchers/Coupons,Smartphone,Wi-Fi,21:20:23,5,65.93,8489.77,23.0,711.23,Yes,No,No,Not Applicable,Too many ads
9df0612acdd3f461,51,M,Village,No Membership,2025-04-16,No,Credit/Debit Card Offers,Both,Wi-Fi,22:52:18,17,478.39,35302.32,0.0,0.0,No,Yes,Yes,Solved,Poor Website
ba1ac6bedbacca23,30,F,Town,Basic Membership,2025-04-16,,Without Offers,Desktop,Mobile_Data,22:09:00,9,32.75,35860.91,13.0,330.25661894679325,No,Yes,No,Not Applicable,Poor Customer Service
a68171441feecb61,55,M,City,No Membership,2025-04-16,No,Gift Vouchers/Coupons,,Wi-Fi,01:09:28,15,33.02,37866.18,9.0,579.25,No,Yes,Yes,No Information Available,No reason specified
be83414e6e8efe26,20,M,Town,No Membership,2025-04-16,Yes,Gift Vouchers/Coupons,Smartphone,Fiber_Optic,11:11:40,20,134.62,20565.45,10.0,546.01,Yes,No,No,Not Applicable,Too many ads
8af495f294e6acd0,58,F,Village,Platinum Membership,2025-04-16,Yes,Credit/Debit Card Offers,Smartphone,Fiber_Optic,17:18:58,14,79.83,63371.27,6.0,713.77,Yes,No,Yes,Unsolved,Quality Customer Care
8e8428a71846ba73,26,F,City,Basic Membership,2025-04-16,No,Gift Vouchers/Coupons,Desktop,Wi-Fi,13:14:49,16,220.86,33749.09,15.0,521.36,Yes,No,No,Not Applicable,No reason specified
8c565a4303898458,37,M,City,Silver Membership,2025-04-16,No,Gift Vouchers/Coupons,Smartphone,Fiber_Optic,18:26:43,4,34.23,66248.84,0.0,744.36,No,Yes,Yes,Solved,Reasonable Price
abc393e14125ecbe,46,M,City,No Membership,2025-04-16,Yes,Without Offers,Desktop,Wi-Fi,23:25:43,14,33.14,39794.98,19.0,601.76,No,Yes,No,Not Applicable,Poor Product Quality
9dbd888a78c53c33,51,F,Town,Platinum Membership,2025-04-16,No,Gift Vouchers/Coupons,Smartphone,Fiber_Optic,07:46:50,4,202.48,27376.9,26.0,769.84,Yes,No,No,Not Applicable,Poor Product Quality
bfe138fc2c02935a,17,F,City,Premium Membership,2025-04-16,Yes,Without Offers,Desktop,Wi-Fi,18:12:55,11,30.94,33853.81,28.0,260.2485968036499,No,Yes,No,Not Applicable,Poor Product Quality
9583ab3ac740c04e,15,M,City,No Membership,2025-04-16,No,Without Offers,Desktop,Mobile_Data,17:26:47,15,31.84,49690.55,18.0,0.0,No,Yes,Yes,Solved,Too many ads
9aab6abdc86f8bf3,19,F,City,Platinum Membership,2025-04-16,Yes,Without Offers,,Wi-Fi,04:16:27,13,43.83,7052.06,8.0,799.24,Yes,No,Yes,Solved,No reason specified
b060906d76eb57eb,16,F,Town,Gold Membership,2025-04-16,Yes,Gift Vouchers/Coupons,,Mobile_Data,23:26:49,11,744.92,32360.46,26.0,1134.4834377880686,No,Yes,No,Not Applicable,No reason specified
80ee789922e4fe1c,24,F,Village,No Membership,2025-04-16,Yes,Credit/Debit Card Offers,Smartphone,Fiber_Optic,02:53:42,7,36.63,26075.18,10.0,653.1,Yes,No,No,Not Applicable,Too many ads
bb5cbd7b21f7fcdc,39,F,City,Gold Membership,2025-04-16,Yes,Gift Vouchers/Coupons,Desktop,Fiber_Optic,03:09:20,20,359.69,18914.87,7.0,789.63,No,Yes,No,Not Applicable,User Friendly Website
9a1369b192629f16,36,F,Town,Gold Membership,2025-04-16,Yes,Credit/Debit Card Offers,Desktop,Fiber_Optic,02:07:56,6,638.05,45153.21,24.0,770.72,Yes,No,Yes,Solved,Poor Website
826d699e151f7980,58,F,,No Membership,2025-04-16,Yes,Credit/Debit Card Offers,Smartphone,Fiber_Optic,12:03:46,12,147.61,9740.08,26.0,628.07,No,Yes,No,Not Applicable,Poor Customer Service
ad32d02c78c6be37,41,M,City,Gold Membership,2025-04-16,No,Without Offers,Desktop,Fiber_Optic,09:51:56,14,387.76,24451.62,18.0,761.1,Yes,No,Yes,Solved,Poor Website
b6423fe275884cab,29,F,Town,Silver Membership,2025-04-16,Yes,Credit/Debit Card Offers,Smartphone,Wi-Fi,00:48:28,20,191.28,27927.82,5.0,0.0,No,Yes,No,Not Applicable,Poor Product Quality
b938d0f5eedfbc72,53,F,City,Silver Membership,2025-04-16,Yes,Without Offers,Desktop,Fiber_Optic,22:07:01,10,93.98,5326.89,18.0,726.3,Yes,No,Yes,Solved,Poor Customer Service
896491cfa31d92af,13,F,Town,Silver Membership,2025-04-16,,Credit/Debit Card Offers,Desktop,Fiber_Optic,04:08:02,16,1047.4657354203846,13181.47,8.0,741.84,Yes,No,No,Not Applicable,Poor Customer Service
870163e51af13bbe,45,F,Village,No Membership,2025-04-16,No,Gift Vouchers/Coupons,Desktop,Fiber_Optic,01:26:25,12,1308.330951740528,6737.09,8.0,562.8,No,Yes,Yes,Solved,Poor Customer Service
8a74d7e3d681adc4,42,M,City,Basic Membership,2025-04-16,No,Without Offers,Smartphone,Mobile_Data,10:52:29,15,307.11,10387.72,14.0,535.12,Yes,No,No,Not Applicable,No reason specified
8737d90eda14d4f4,26,M,,Basic Membership,2025-04-16,No,Credit/Debit Card Offers,Smartphone,Fiber_Optic,10:30:45,19,455.92,7860.94,17.0,711.96,Yes,No,Yes,Solved,Poor Product Quality
b2318a6284b2ebfa,53,M,City,Premium Membership,2025-04-16,No,Credit/Debit Card Offers,Smartphone,Fiber_Optic,23:11:57,22,42.21,73467.37,7.0,826.79,No,Yes,Yes,Solved in Follow-up,Reasonable Price
9babc59f64479982,56,F,Town,Gold Membership,2025-04-16,No,Without Offers,Desktop,Wi-Fi,05:48:48,9,88.2,7231.3,0.0,652.91,Yes,No,No,Not Applicable,Poor Product Quality
87a7c5d27eff2840,58,F,Village,Gold Membership,2025-04-16,,Credit/Debit Card Offers,Desktop,Wi-Fi,05:18:11,15,102.71,42677.84,5.0,605.89,Yes,No,No,Not Applicable,Poor Website
9a41a322b03cc8f8,41,F,Village,Premium Membership,2025-04-16,No,Credit/Debit Card Offers,Smartphone,Mobile_Data,09:58:16,15,428.18,61950.11,16.0,805.76,No,Yes,No,Not Applicable,User Friendly Website
877fad034643f7cd,31,M,Town,Basic Membership,2025-04-16,No,Credit/Debit Card Offers,Desktop,Mobile_Data,12:47:44,8,397.39,22535.91,0.0,554.61,No,Yes,No,Not Applicable,Poor Product Quality
adf483a9c0daf820,50,F,Village,No Membership,2025-04-16,No,Without Offers,Desktop,Fiber_Optic,05:38:19,16,138.96,19876.43,15.0,0.0,No,Yes,Yes,Solved,Too many ads
a8ae1a830fcb49a5,10,F,City,No Membership,2025-04-16,,Without Offers,Both,Wi-Fi,10:37:48,19,375.84,24248.74,11.0,1015.4284841035492,Yes,Yes,Yes,No Information Available,Too many ads
9cf91132bfda7617,56,F,Town,Silver Membership,2025-04-16,Yes,Credit/Debit Card Offers,Smartphone,Fiber_Optic,16:18:18,13,0.0,35039.98,26.0,0.0,Yes,No,No,Not Applicable,No reason specified
8a4a6cf57f40f852,27,F,City,Silver Membership,2025-04-16,Yes,Credit/Debit Card Offers,Desktop,Fiber_Optic,21:23:56,12,252.18,97467.09,4.0,721.61,No,Yes,Yes,Solved,Reasonable Price
96e9ad33cd18897a,54,M,City,Gold Membership,2025-04-16,Yes,Without Offers,Both,Mobile_Data,01:57:48,10,612.32,7182.6,0.0,361.825612796888,Yes,Yes,Yes,Unsolved,Poor Customer Service
bb2b710315ab2c29,42,F,Town,Basic Membership,2025-04-16,,Gift Vouchers/Coupons,Desktop,Wi-Fi,20:33:00,6,111.16,17643.46,25.0,692.21,No,Yes,No,Not Applicable,Poor Product Quality
b16e701dc50b0b35,29,M,,Premium Membership,2025-04-16,,Without Offers,Desktop,Wi-Fi,00:31:06,24,103.8,19767.42,23.0,760.2,Yes,No,No,Not Applicable,Too many ads
aa9f43564f5877d5,38,M,Town,No Membership,2025-04-16,Yes,Credit/Debit Card Offers,Smartphone,Wi-Fi,18:28:53,21,58.9,23361.25,28.0,680.49,No,Yes,Yes,Unsolved,Poor Customer Service
a3c5e19334905fbb,47,M,,Basic Membership,2025-04-16,Yes,Gift Vouchers/Coupons,Smartphone,Mobile_Data,12:02:28,7,149.71,40069.93,20.0,0.0,Yes,No,Yes,Solved,Poor Customer Service
9ba054e600e80517,40,F,,Basic Membership,2025-04-16,Yes,Without Offers,Desktop,Wi-Fi,11:21:52,14,643.68,41033.87,24.0,664.05,No,Yes,No,Not Applicable,Poor Website
b4659fbe6f344fdb,15,F,City,Silver Membership,2025-04-16,No,Without Offers,,Wi-Fi,17:57:43,7,199.3,36471.66,16.0,749.44,Yes,No,No,Not Applicable,Too many ads
9c65ed5ef411051b,49,F,,Premium Membership,2025-04-16,,Without Offers,Desktop,Mobile_Data,13:42:36,4,205.45,36346.19,23.0,716.08,Yes,Yes,Yes,Unsolved,Too many ads
b68d5ec5772f481c,21,M,Village,Platinum Membership,2025-04-16,No,Without Offers,Smartphone,Wi-Fi,23:15:22,10,0.0,33215.54,13.0,702.4,No,Yes,Yes,No Information Available,Too many ads
9216ab06ed097d9c,39,F,City,No Membership,2025-04-16,No,Without Offers,Desktop,Fiber_Optic,00:24:00,9,330.45,30739.08,17.0,0.0,No,Yes,Yes,No Information Available,Poor Product Quality
8137fe9b34229b35,17,F,Town,Premium Membership,2025-04-16,Yes,Credit/Debit Card Offers,Smartphone,Wi-Fi,16:40:26,14,566.26,45026.01,12.0,798.88,No,Yes,Yes,No Information Available,Poor Product Quality
8af7dc07c09845fa,10,F,,No Membership,2025-04-16,No,Gift Vouchers/Coupons,Desktop,Wi-Fi,08:39:32,15,193.75,43935.1,14.0,0.0,No,Yes,No,Not Applicable,Poor Website
ac5a2635c201704e,14,M,City,Basic Membership,2025-04-16,No,Gift Vouchers/Coupons,Smartphone,Mobile_Data,01:24:22,11,34.53,16983.48,0.5489981370807264,661.76,Yes,No,Yes,Solved,Poor Customer Service
a183f566a569fa0c,28,M,,Gold Membership,2025-04-16,,Credit/Debit Card Offers,,Mobile_Data,03:27:44,11,425.86,23091.43,8.0,719.69,No,Yes,No,Not Applicable,Poor Product Quality
9cb2b45f7c6dfa71,19,M,City,Gold Membership,2025-04-16,Yes,Credit/Debit Card Offers,Both,Mobile_Data,14:24:53,12,1224.4539414901676,31879.91,0.0,791.9,Yes,No,No,Not Applicable,Poor Product Quality
bfe4350a0bb1bfe9,14,M,,No Membership,2025-04-17,Yes,Credit/Debit Card Offers,Smartphone,Mobile_Data,17:30:49,11,113.17,33017.0,0.0,618.33,No,Yes,Yes,No Information Available,Too many ads
854fac713b722439,17,M,Town,Silver Membership,2025-04-17,Yes,Credit/Debit Card Offers,Smartphone,Mobile_Data,21:17:33,20,835.2511556055531,9036.37,29.0,771.24,Yes,No,No,Not Applicable,Too many ads
84c1996a228266f7,24,F,Town,No Membership,2025-04-17,Yes,Without Offers,Smartphone,Wi-Fi,20:15:21,11,47.18,30624.88,29.0,706.64,Yes,No,No,Not Applicable,No reason specified
8413b52d6a7a69b9,41,M,City,Gold Membership,2025-04-17,No,Credit/Debit Card Offers,Both,Wi-Fi,08:50:25,12,319.52,91517.65,38.70904694756854,805.93,No,Yes,No,Not Applicable,Products always in Stock
9e01fe658ab5a41d,51,M,City,Gold Membership,2025-04-17,Yes,Without Offers,,Mobile_Data,09:33:04,9,94.96,7237.61,29.0,657.55,Yes,No,No,Not Applicable,Poor Website
9b0d1fc03ec900be,14,F,City,Premium Membership,2025-04-17,Yes,Credit/Debit Card Offers,Smartphone,Mobile_Data,14:54:01,25,41.45,49375.0,14.0,789.52,Yes,No,Yes,Solved,No reason specified
a414d365c9acfdcd,45,M,City,Premium Membership,2025-04-17,Yes,Gift Vouchers/Coupons,Smartphone,Wi-Fi,15:24:34,16,181.77,90755.61,1.0,710.95,Yes,No,Yes,Solved in Follow-up,User Friendly Website
9ac3abcac45914ad,22,F,City,Gold Membership,2025-04-17,No,Gift Vouchers/Coupons,Smartphone,Wi-Fi,17:10:53,16,145.02,28573.69,7.0,734.19,No,Yes,No,Not Applicable,Poor Website
ad99c0e37c60d7d9,33,F,Town,Premium Membership,2025-04-17,No,Credit/Debit Card Offers,Desktop,Wi-Fi,13:06:08,15,440.56,91480.84,0.0,776.98,Yes,No,No,Not Applicable,User Friendly Website
951082b9a4a7b067,34,F,City,Basic Membership,2025-04-17,No,Credit/Debit Card Offers,Desktop,Mobile_Data,19:24:44,19,228.96,961.88,23.0,675.18,Yes,Yes,No,Not Applicable,Too many ads
be392807f09bbbf8,21,F,Village,No Membership,2025-04-17,Yes,Gift Vouchers/Coupons,Smartphone,Mobile_Data,05:27:58,15,202.45,47889.22,0.0,632.84,Yes,No,Yes,Unsolved,No reason specified
921d11b98f73e382,42,M,City,Silver Membership,2025-04-17,,Credit/Debit Card Offers,Smartphone,Fiber_Optic,22:08:09,-999,33.94,33233.48,18.0,640.47,No,Yes,Yes,Solved in Follow-up,No reason specified
9f82506bb44f96e6,56,M,,Gold Membership,2025-04-17,No,Without Offers,,Fiber_Optic,10:11:30,20,151.94,17330.2,13.0,845.67,No,Yes,Yes,Unsolved,Reasonable Price
979c86b5d59b6768,31,F,City,Basic Membership,2025-04-17,Yes,Without Offers,Smartphone,Mobile_Data,18:21:47,12,422.44,25908.16,24.0,621.15,Yes,No,Yes,Solved in Follow-up,Poor Customer Service
82aec2e6bdc07409,57,F,Town,Gold Membership,2025-04-17,,Without Offers,Smartphone,Wi-Fi,13:01:57,11,62.0,48589.66,26.0,447.8241908529882,Yes,No,Yes,Solved in Follow-up,Too many ads
b01d01fcdd45a61f,24,M,Town,Silver Membership,2025-04-17,,Credit/Debit Card Offers,Desktop,Mobile_Data,09:11:36,12,274.83,48217.57,25.0,640.4,No,Yes,No,Not Applicable,Too many ads
b33099e8a8f30431,47,M,City,Platinum Membership,2025-04-17,,Credit/Debit Card Offers,Smartphone,Wi-Fi,10:48:58,19,65.2,43262.93,0.0,0.0,Yes,No,No,Not Applicable,Products always in Stock
b3eafb963cdd6b89,47,M,Town,No Membership,2025-04-17,Yes,Credit/Debit Card Offers,Desktop,Mobile_Data,03:46:29,8,33.64,16429.79,5.0,674.72,Yes,No,No,Not Applicable,No reason specified
a9105cab5c20b395,54,F,Town,Premium Membership,2025-04-17,No,Without Offers,Desktop,Wi-Fi,17:30:09,17,321.37,42459.31,16.0,373.8743859649493,Yes,No,Yes,Solved,Reasonable Price
9f44b6738fe823ef,29,M,Town,Gold Membership,2025-04-17,No,Gift Vouchers/Coupons,Desktop,Mobile_Data,19:35:56,8,69.93,6636.53,9.0,780.64,No,Yes,Yes,Unsolved,No reason specified
9b4b5bd6b87119b2,28,F,City,Silver Membership,2025-04-17,Yes,Credit/Debit Card Offers,Desktop,Wi-Fi,11:10:58,10,185.98,3987.71,13.0,767.02,Yes,No,No,Not Applicable,Too many ads
adedbbb63fb346e3,60,M,Village,No Membership,2025-04-17,,Credit/Debit Card Offers,,Mobile_Data,18:33:32,10,305.22,4852.17,20.0,622.54,Yes,No,No,Not Applicable,No reason specified
b4d1ef9715a70808,30,M,Town,Platinum Membership,2025-04-17,No,,Desktop,Mobile_Data,19:21:50,7,52.23,3303.25,9.0,761.84,No,Yes,Yes,Solved in Follow-up,User Friendly Website
956b378a103987f5,58,F,,No Membership,2025-04-17,Yes,Credit/Debit Card Offers,Smartphone,Mobile_Data,13:02:52,-999,131.12,38152.32,27.0,641.14,No,Yes,Yes,No Information Available,Too many ads
adf0a553652e9930,53,F,Town,Gold Membership,2025-04-17,No,Without Offers,Desktop,Wi-Fi,16:25:40,6,151.08,62302.83,10.0,0.0,No,Yes,No,Not Applicable,Reasonable Price
886aa81b2f6f163f,18,M,Village,Silver Membership,2025-04-17,Yes,Credit/Debit Card Offers,,Wi-Fi,19:25:07,3,286.03,2124.84,19.0,775.27,Yes,Yes,No,Not Applicable,Products always in Stock
9becb107a51e01c2,32,F,Town,No Membership,2025-04-17,Yes,Without Offers,,Fiber_Optic,12:11:41,13,139.9,25119.69,26.0,682.45,No,Yes,No,Not Applicable,Too many ads
8adf30fd344955b9,52,F,Town,Premium Membership,2025-04-17,,Gift Vouchers/Coupons,Smartphone,Fiber_Optic,02:21:31,2,1331.25,47842.26,21.0,756.6,Yes,Yes,No,Not Applicable,No reason specified
83c41a6be333a1e7,18,M,,Basic Membership,2025-04-17,Yes,Without Offers,Both,Mobile_Data,12:11:58,13,826.4,47947.98,6.0,0.0,Yes,No,No,Not Applicable,Too many ads
b4bbd24cd757d939,36,M,Village,No Membership,2025-04-17,Yes,Gift Vouchers/Coupons,Desktop,Wi-Fi,12:22:37,6,33.9,44997.56,13.0,683.2,No,Yes,Yes,No Information Available,Poor Product Quality
b0c0b4eaec8cbd48,33,F,City,Silver Membership,2025-04-17,No,Without Offers,Desktop,Mobile_Data,01:51:21,3,309.41,15095.13,27.0,718.14,Yes,No,No,Not Applicable,No reason specified
a39bb9eb0cda489b,61,F,Town,Silver Membership,2025-04-17,,Credit/Debit Card Offers,,Mobile_Data,02:26:36,20,167.14,43109.29,9.0,766.66,No,Yes,No,Not Applicable,Too many ads
9bafe8ff45e3cd82,52,M,City,Gold Membership,2025-04-17,Yes,Credit/Debit Card Offers,Desktop,Mobile_Data,12:11:09,10,153.35,29948.37,0.0,627.74,No,Yes,No,Not Applicable,No reason specified
9bd7819f1822d0f8,43,F,,Basic Membership,2025-04-17,Yes,Without Offers,Desktop,Fiber_Optic,19:35:27,17,188.03,34928.91,15.0,1085.6415528593318,Yes,No,Yes,Unsolved,Too many ads
b453e5e7fa5c079d,52,M,Town,No Membership,2025-04-17,Yes,Without Offers,Desktop,Fiber_Optic,05:53:53,15,601.41,38116.52,9.0,553.04,No,Yes,Yes,Solved,No reason specified
b646559659925fdc,21,F,Village,Platinum Membership,2025-04-17,,Gift Vouchers/Coupons,,Wi-Fi,02:43:09,17,159.51,1539.38,0.0,710.27,No,Yes,Yes,Unsolved,No reason specified
823806f90255c82d,22,F,,Silver Membership,2025-04-17,No,Gift Vouchers/Coupons,Smartphone,Mobile_Data,19:50:29,15,139.27,38737.47,13.0,0.0,Yes,No,Yes,Solved in Follow-up,Poor Product Quality
b66195a2713a7526,62,F,Village,Platinum Membership,2025-04-17,,Credit/Debit Card Offers,Smartphone,Wi-Fi,13:20:36,14,93.02,8543.31,19.0,790.68,Yes,No,Yes,No Information Available,No reason specified
a4889209f6cc1578,53,M,City,Premium Membership,2025-04-17,No,Without Offers,,Mobile_Data,08:30:04,9,116.83,62961.95,0.0,1305.8742853094398,Yes,No,Yes,No Information Available,User Friendly Website
8b555c9225dee59b,38,F,Town,Gold Membership,2025-04-17,No,Gift Vouchers/Coupons,Desktop,Mobile_Data,09:44:16,15,165.98,21808.56,0.0,832.28,No,Yes,Yes,No Information Available,User Friendly Website
bfce1f3c2eeb0ee6,47,M,City,Platinum Membership,2025-04-17,Yes,Gift Vouchers/Coupons,Desktop,Wi-Fi,06:22:18,9,37.58,43761.01,20.0,772.44,Yes,No,Yes,Unsolved,Poor Customer Service
a2ed24b2e72d2055,43,F,City,Basic Membership,2025-04-17,No,Without Offers,Smartphone,Wi-Fi,22:51:35,9,33.38,3011.31,29.0,655.73,Yes,No,Yes,Solved,No reason specified
bbb20f9d94253c4c,10,F,Town,Gold Membership,2025-04-17,Yes,Gift Vouchers/Coupons,Desktop,Fiber_Optic,13:40:55,7,525.22,53725.34,19.0,1121.1085560029524,No,Yes,No,Not Applicable,Products always in Stock
b2663cf25ddb9ff6,49,F,Town,No Membership,2025-04-17,No,Credit/Debit Card Offers,Both,Wi-Fi,11:53:31,15,433.53,31981.84,17.0,904.9211589572168,Yes,No,Yes,Unsolved,Poor Product Quality
92e04b9ff74d5882,48,M,Town,No Membership,2025-04-17,No,Gift Vouchers/Coupons,Smartphone,Fiber_Optic,00:05:34,13,292.31,14145.32,23.0,538.64,No,Yes,Yes,Unsolved,Too many ads
b927f385b8e25fa4,58,M,Village,Basic Membership,2025-04-17,Yes,Without Offers,Smartphone,Fiber_Optic,03:43:16,13,247.05,27888.49,28.0,614.63,Yes,No,No,Not Applicable,Poor Website
980058450e616bbf,26,F,,Gold Membership,2025-04-17,No,Credit/Debit Card Offers,Desktop,Wi-Fi,08:08:41,6,150.51,25099.14,0.0,670.14,No,Yes,Yes,Unsolved,Poor Product Quality
930fbfcdf4831eee,43,M,,Basic Membership,2025-04-17,Yes,Credit/Debit Card Offers,Both,Mobile_Data,01:53:31,13,238.26,5686.76,25.0,655.7,Yes,No,No,Not Applicable,No reason specified
96f41f800b013ec3,29,F,City,Gold Membership,2025-04-17,,Gift Vouchers/Coupons,Desktop,Wi-Fi,07:35:53,10,93.47,16612.6,24.0,711.48,No,Yes,Yes,Unsolved,Poor Product Quality
bcd2cfa4e1d11ae3,42,M,Town,Platinum Membership,2025-04-17,No,Gift Vouchers/Coupons,Smartphone,Fiber_Optic,12:53:41,5,46.86,46237.68,0.0,799.43,Yes,No,Yes,Solved,Products always in Stock
9e7c61db9c9863a6,64,M,Town,Silver Membership,2025-04-17,,Credit/Debit Card Offers,,Fiber_Optic,02:25:14,14,689.47,36340.44,17.0,641.66,Yes,Yes,No,Not Applicable,Poor Website
8f4c1bddf8009c6e,16,M,Village,Premium Membership,2025-04-17,No,Credit/Debit Card Offers,Desktop,Mobile_Data,13:53:57,8,33.5,68865.15,13.0,723.52,No,Yes,No,Not Applicable,Products always in Stock
992350f636dd01c9,45,M,Town,Gold Membership,2025-04-17,No,Credit/Debit Card Offers,Desktop,Mobile_Data,16:23:59,17,197.27,19640.76,7.0,708.18,No,Yes,Yes,Solved in Follow-up,Poor Website
8a8f35cc5b424183,58,F,Town,No Membership,2025-04-17,No,Gift Vouchers/Coupons,Smartphone,Mobile_Data,16:42:01,3,186.77,13508.99,5.0,668.92,No,Yes,Yes,Unsolved,Poor Product Quality
9d63a7a06d0f3b11,26,M,Town,Basic Membership,2025-04-17,Yes,Without Offers,Smartphone,Fiber_Optic,08:59:46,11,230.34,20606.46,23.0,644.53,Yes,No,Yes,Solved,Poor Customer Service
a287c82c1de75f03,28,M,City,No Membership,2025-04-17,Yes,Credit/Debit Card Offers,Desktop,Wi-Fi,17:19:26,11,42.03,42772.49,5.0,654.69,Yes,No,No,Not Applicable,Poor Customer Service
a8bf92b5df9c7c1e,28,M,City,Premium Membership,2025-04-17,Yes,Gift Vouchers/Coupons,Desktop,Fiber_Optic,19:23:18,16,541.85,25736.04,9.0,820.24,Yes,No,No,Not Applicable,Products always in Stock
b3e852281145c650,55,F,Town,Premium Membership,2025-04-17,Yes,Without Offers,Desktop,Mobile_Data,14:19:38,16,90.4,40650.1,26.0,789.79,No,Yes,Yes,Unsolved,Poor Customer Service
9c9fe72be76ef5bf,47,M,Village,Gold Membership,2025-04-17,No,Credit/Debit Card Offers,Smartphone,Mobile_Data,05:11:57,-999,99.09,24685.96,18.0,806.34,Yes,No,No,Not Applicable,Quality Customer Care
99c39260bb157632,53,M,Town,No Membership,2025-04-17,No,Gift Vouchers/Coupons,Desktop,Mobile_Data,10:50:51,7,214.11,25527.11,23.0,574.35,No,Yes,Yes,No Information Available,No reason specified
ac0bde00b27bf66f,30,M,City,Silver Membership,2025-04-17,,Without Offers,Smartphone,Fiber_Optic,16:25:32,7,68.76,9663.24,5.0,666.32,No,Yes,No,Not Applicable,Poor Product Quality
9e12c98376d8ff33,34,M,City,No Membership,2025-04-17,Yes,Gift Vouchers/Coupons,Desktop,Mobile_Data,08:43:48,14,94.84,37363.69,21.0,0.0,No,Yes,No,Not Applicable,No reason specified
bdebbc5cfc83e9e6,28,F,City,Gold Membership,2025-04-17,No,Gift Vouchers/Coupons,Desktop,Mobile_Data,07:04:16,5,87.51,89407.1,14.0,835.66,No,Yes,No,Not Applicable,Reasonable Price
a9a76b589d1f07b4,31,M,Town,No Membership,2025-04-17,,Without Offers,Desktop,Fiber_Optic,02:48:41,12,54.58,28642.67,15.0,621.94,No,Yes,No,Not Applicable,Poor Product Quality
afc9571e50a3d303,60,M,Town,No Membership,2025-04-17,,Credit/Debit Card Offers,Desktop,Fiber_Optic,13:46:17,6,92.63,26452.11,21.0,632.83,No,Yes,No,Not Applicable,Too many ads
b430860bb03e0dd5,15,F,City,Basic Membership,2025-04-17,Yes,Without Offers,,Fiber_Optic,23:02:29,11,142.82,37067.17,0.0,604.96,Yes,No,No,Not Applicable,No reason specified
8c6710dd73507933,20,F,City,Gold Membership,2025-04-17,Yes,Without Offers,Smartphone,Wi-Fi,16:23:27,1,31.08,37673.96,0.0,680.77,Yes,No,No,Not Applicable,Poor Product Quality
87a74f93fdb296fa,52,M,City,Platinum Membership,2025-04-17,Yes,Gift Vouchers/Coupons,Desktop,Mobile_Data,13:00:59,10,47.83,29261.56,6.0,1076.8066031520384,Yes,No,Yes,No Information Available,Poor Product Quality
88a009bf6a2a7210,36,F,Village,Platinum Membership,2025-04-17,No,Gift Vouchers/Coupons,Smartphone,Wi-Fi,22:39:37,4,1091.2472548627084,13947.7,15.0,727.62,Yes,No,No,Not Applicable,Too many ads
97264718b37d14ed,31,M,,No Membership,2025-04-17,Yes,Gift Vouchers/Coupons,Smartphone,Mobile_Data,12:32:28,23,64.95,3618.92,19.0,588.44,Yes,No,Yes,Unsolved,No reason specified
a89203da28f796aa,25,M,Village,Platinum Membership,2025-04-17,No,Credit/Debit Card Offers,Desktop,Wi-Fi,11:15:59,16,341.75,30910.86,14.0,787.1,Yes,No,No,Not Applicable,Poor Customer Service
a41f1e952078ec16,47,M,Town,No Membership,2025-04-17,Yes,Credit/Debit Card Offers,Desktop,Fiber_Optic,14:13:47,14,327.53,46593.27,6.0,239.97356439126827,No,Yes,No,Not Applicable,No reason specified
bfffd6330732b160,64,M,,Premium Membership,2025-04-17,Yes,Gift Vouchers/Coupons,Smartphone,Mobile_Data,05:52:53,18,612.7003070437495,1546.62,27.0,712.94,No,Yes,Yes,Unsolved,Poor Website
ba90df57c24ebb56,28,F,City,Basic Membership,2025-04-17,No,Gift Vouchers/Coupons,Both,Wi-Fi,03:10:07,18,482.62,5050.25,8.0,544.53,Yes,Yes,Yes,Solved,Poor Product Quality
a5e938a3e668641d,37,F,Town,No Membership,2025-04-17,No,Credit/Debit Card Offers,Desktop,Mobile_Data,17:20:13,1,188.05,8353.4,0.0,697.95,Yes,No,No,Not Applicable,Poor Website
957f9ce6b0569050,35,M,Town,Silver Membership,2025-04-17,Yes,Gift Vouchers/Coupons,Desktop,Wi-Fi,02:12:45,16,202.22,1672.38,12.0,691.26,Yes,No,No,Not Applicable,No reason specified
99352230aed272b1,36,F,City,No Membership,2025-04-17,Yes,Without Offers,Smartphone,Fiber_Optic,00:43:54,17,48.92,49771.85,25.0,605.17,No,Yes,No,Not Applicable,No reason specified
b21ba414743d491f,11,F,Town,Silver Membership,2025-04-17,Yes,Without Offers,Both,Wi-Fi,18:53:05,8,0.0,26169.66,24.0,0.0,No,Yes,Yes,No Information Available,Poor Product Quality
9aafd2d7159e8a26,56,M,Town,No Membership,2025-04-17,No,Without Offers,Desktop,Wi-Fi,08:22:36,22,134.21,16790.96,17.0,556.18,No,Yes,Yes,Unsolved,Too many ads
9228b29b28189f12,12,F,,Basic Membership,2025-04-17,No,Without Offers,Smartphone,Mobile_Data,18:12:06,-999,466.42,10644.34,21.0,690.31,Yes,No,No,Not Applicable,Poor Product Quality
abbeb50e5c0ec041,36,M,Town,Basic Membership,2025-04-17,Yes,Gift Vouchers/Coupons,Desktop,Fiber_Optic,06:28:15,14,49.69,13120.42,14.0,0.0,No,Yes,Yes,No Information Available,No reason specified
82e64b4de656ffa1,55,F,,Platinum Membership,2025-04-17,,Without Offers,Desktop,Wi-Fi,21:54:49,-999,71.23,12459.11,10.0,756.8,Yes,No,Yes,Unsolved,Poor Customer Service
b67e742d912d8f5e,35,M,City,Silver Membership,2025-04-17,,Gift Vouchers/Coupons,,Fiber_Optic,21:37:12,4,1178.7465296066391,14398.86,25.0,735.85,Yes,Yes,Yes,Unsolved,Poor Customer Service
acb443a4063aef8a,17,F,Village,Silver Membership,2025-04-17,,Credit/Debit Card Offers,Smartphone,Fiber_Optic,02:21:58,18,67.52,19534.89,14.0,612.42,Yes,No,No,Not Applicable,No reason specified
bbf056dd7b16920f,52,M,City,Premium Membership,2025-04-17,,Gift Vouchers/Coupons,Smartphone,Fiber_Optic,22:00:45,18,283.52,31471.21,13.0,725.34,Yes,No,Yes,No Information Available,Poor Website
9d5a04abf4c341f8,29,M,City,Gold Membership,2025-04-17,Yes,Credit/Debit Card Offers,Desktop,Wi-Fi,18:54:32,23,1082.154638196134,46742.29,12.0,704.28,No,Yes,No,Not Applicable,Poor Product Quality
99c570db90d20df2,30,F,City,Gold Membership,2025-04-17,No,Without Offers,Smartphone,Mobile_Data,16:10:03,15,163.52,81937.2,9.0,768.68,Yes,No,No,Not Applicable,Products always in Stock
afb5e8ea52ae1659,54,M,,No Membership,2025-04-17,No,Without Offers,Desktop,Mobile_Data,04:56:21,-999,334.05,41824.57,25.0,565.54,Yes,No,No,Not Applicable,Too many ads
a229dea96bb9085d,48,F,City,Silver Membership,2025-04-17,,Without Offers,Smartphone,Fiber_Optic,12:51:16,16,164.83,6032.39,18.0,1072.425536171135,No,Yes,Yes,Solved in Follow-up,No reason specified
adbed9c9e5d0d0a5,49,F,Town,Silver Membership,2025-04-17,No,Credit/Debit Card Offers,Desktop,Wi-Fi,10:15:31,10,303.57,43675.66,5.0,676.64,No,Yes,Yes,Solved in Follow-up,Poor Website
a3e303a2d23e46b7,53,F,Village,Basic Membership,2025-04-17,,Without Offers,Desktop,Wi-Fi,15:32:15,1,713.74,7118.91,16.0,256.7687953096491,Yes,No,Yes,Solved,No reason specified
8d6f8d95467c5b9f,19,F,City,Silver Membership,2025-04-17,Yes,Without Offers,Both,Wi-Fi,08:12:51,7,695.22,42147.89,15.0,614.64,Yes,No,Yes,Solved in Follow-up,No reason specified
b683de42af46844c,58,F,City,No Membership,2025-04-17,Yes,Without Offers,Desktop,Mobile_Data,02:41:30,16,36.66,49743.62,25.0,661.36,No,Yes,No,Not Applicable,Poor Customer Service
8f6024b7d3e06851,40,F,City,Gold Membership,2025-04-17,Yes,Without Offers,Desktop,Mobile_Data,00:44:31,11,116.23,31636.26,24.0,737.23,No,Yes,Yes,Unsolved,Too many ads
b1d637951723f1b9,50,M,Town,Silver Membership,2025-04-17,No,Without Offers,Desktop,Mobile_Data,16:26:15,9,127.87,31372.8,17.0,1307.3367790052096,Yes,No,No,Not Applicable,Poor Customer Service
abc370f57b7da4a2,40,M,City,Silver Membership,2025-04-17,Yes,Without Offers,Desktop,Fiber_Optic,19:18:41,16,31.58,12662.89,6.0,0.0,No,Yes,No,Not Applicable,Poor Website
a176446a279bc838,19,F,Village,Gold Membership,2025-04-17,Yes,Without Offers,Smartphone,Fiber_Optic,18:51:45,10,33.61,96603.41,35.30980322765876,790.25,No,Yes,No,Not Applicable,Reasonable Price
8eefa50180b03056,25,F,,Silver Membership,2025-04-17,No,Credit/Debit Card Offers,Both,Mobile_Data,15:05:02,20,379.89,49684.14,17.0,160.1373715472938,Yes,Yes,No,Not Applicable,Too many ads
bf7c48621462a70b,50,F,Town,Basic Membership,2025-04-17,No,Credit/Debit Card Offers,Smartphone,Fiber_Optic,08:29:37,13,132.1,16548.0,18.0,634.84,No,Yes,No,Not Applicable,Too many ads
a223697eae4c49f1,59,F,Town,Basic Membership,2025-04-17,Yes,Credit/Debit Card Offers,,Mobile_Data,18:50:56,10,308.48,3073.04,22.0,648.39,Yes,No,Yes,Solved,Poor Product Quality
bb42d6f57b973c9c,59,F,Town,Silver Membership,2025-04-17,No,Gift Vouchers/Coupons,Desktop,Fiber_Optic,21:03:22,9,158.55,19884.97,28.0,722.66,Yes,No,Yes,Solved,Too many ads
8dfc2643465898f2,36,M,,Silver Membership,2025-04-17,Yes,Gift Vouchers/Coupons,Smartphone,Fiber_Optic,01:06:50,19,89.51,18849.45,15.0,1189.4238251185338,No,Yes,Yes,No Information Available,Poor Product Quality
906116e386068378,36,M,City,Silver Membership,2025-04-17,Yes,Credit/Debit Card Offers,Desktop,Mobile_Data,01:20:16,-999,0.0,90412.05,18.0,764.45,Yes,No,No,Not Applicable,User Friendly Website
ac1841cb202b538c,28,M,Town,Basic Membership,2025-04-17,No,Credit/Debit Card Offers,Both,Wi-Fi,17:20:54,16,0.0,18355.79,27.0,515.96,Yes,No,Yes,Solved,Too many ads
a99c9235798bd4ac,55,M,Town,Gold Membership,2025-04-17,Yes,Without Offers,Desktop,Fiber_Optic,04:30:06,16,295.65,20776.31,19.0,684.67,No,Yes,No,Not Applicable,No reason specified
ab2205cb59a3b472,26,F,Town,Silver Membership,2025-04-17,No,Without Offers,Both,Fiber_Optic,03:21:05,4,208.26,24120.78,6.0,734.08,Yes,No,Yes,No Information Available,Poor Product Quality
8258c4c64fe7a34d,29,F,,No Membership,2025-04-18,No,Gift Vouchers/Coupons,Desktop,Fiber_Optic,18:21:28,2,203.74,5320.65,24.0,624.57,No,Yes,No,Not Applicable,No reason specified
ab4086c4b4fdaf32,42,F,,Gold Membership,2025-04-18,No,Credit/Debit Card Offers,Desktop,Mobile_Data,04:01:10,8,34.41,9945.42,19.0,702.81,Yes,No,No,Not Applicable,Poor Product Quality
974c8e39a22fd8ec,35,F,Village,Silver Membership,2025-04-18,,Credit/Debit Card Offers,Smartphone,Mobile_Data,10:05:58,9,0.0,29340.37,9.0,736.86,No,Yes,Yes,Unsolved,Quality Customer Care
bdd46309764ca9e8,31,F,Town,Basic Membership,2025-04-18,No,Gift Vouchers/Coupons,Smartphone,Wi-Fi,19:10:52,7,0.0,16425.02,0.0,518.34,No,Yes,Yes,Solved,Poor Customer Service
b7495909c517d404,54,M,City,Gold Membership,2025-04-18,,Credit/Debit Card Offers,Desktop,Mobile_Data,18:39:41,10,277.57,40630.17,9.0,787.75,No,Yes,No,Not Applicable,Too many ads
ba40d82918c39f70,23,M,City,Premium Membership,2025-04-18,No,Credit/Debit Card Offers,Desktop,Fiber_Optic,03:33:56,20,976.1010784490136,6451.02,23.0,764.44,Yes,No,No,Not Applicable,Poor Product Quality
91590561e46ac2fd,53,M,City,Silver Membership,2025-04-18,No,Credit/Debit Card Offers,,Fiber_Optic,20:07:06,4,58.39,15698.86,12.0,680.0,Yes,No,No,Not Applicable,No reason specified
868231c2cb0262ac,51,M,Village,Platinum Membership,2025-04-18,Yes,Gift Vouchers/Coupons,Smartphone,Fiber_Optic,16:23:28,8,665.39,12558.34,24.0,790.93,Yes,Yes,No,Not Applicable,Poor Product Quality
a5be07e24b6530f0,55,M,City,Silver Membership,2025-04-18,Yes,Gift Vouchers/Coupons,Desktop,Wi-Fi,10:08:30,2,241.11,31176.73,25.0,623.66,No,Yes,Yes,Solved in Follow-up,Poor Product Quality
90d497a7becd78c5,33,F,City,Silver Membership,2025-04-18,No,Without Offers,Desktop,Wi-Fi,21:56:56,7,208.14,40943.13,14.0,696.33,Yes,No,Yes,Solved in Follow-up,Poor Website
a6b174b357ad63a4,63,M,,No Membership,2025-04-18,No,Without Offers,Smartphone,Mobile_Data,16:51:45,20,376.74,44263.48,14.0,704.01,Yes,No,Yes,Solved in Follow-up,No reason specified
b63e220079a10188,28,F,,Gold Membership,2025-04-18,No,Gift Vouchers/Coupons,,Wi-Fi,08:20:46,21,341.25,35453.71,0.0,774.73,No,Yes,No,Not Applicable,Poor Website
999512f3713cb539,38,F,,Platinum Membership,2025-04-18,Yes,Gift Vouchers/Coupons,Smartphone,Fiber_Optic,23:48:24,-999,1483.46,35146.91,18.0,778.92,Yes,No,Yes,No Information Available,Products always in Stock
803623cfb4be4c8f,49,M,,Platinum Membership,2025-04-18,No,Credit/Debit Card Offers,Desktop,Fiber_Optic,19:05:37,14,0.0,94786.43,9.0,0.0,No,Yes,Yes,Solved in Follow-up,User Friendly Website
b658be15ec8129c3,23,M,,Basic Membership,2025-04-18,No,Gift Vouchers/Coupons,Smartphone,Wi-Fi,21:10:17,13,930.4149253983736,42871.94,9.0,0.0,No,Yes,No,Not Applicable,Poor Website
a4c2068881f2424a,14,F,,Gold Membership,2025-04-18,No,Credit/Debit Card Offers,,Mobile_Data,20:56:01,9,75.88,31205.37,24.0,608.29,Yes,No,No,Not Applicable,Too many ads
a0c7f66041316e6e,36,M,Town,Silver Membership,2025-04-18,No,Credit/Debit Card Offers,Smartphone,Fiber_Optic,20:14:27,12,179.84,28840.29,18.0,760.3,No,Yes,Yes,No Information Available,No reason specified
9873da0146bad9d6,21,M,Town,No Membership,2025-04-18,No,Credit/Debit Card Offers,Desktop,Wi-Fi,06:18:11,8,0.0,43206.32,5.0,716.51,Yes,No,No,Not Applicable,Poor Website
8017f576c60547b5,33,M,Village,Platinum Membership,2025-04-18,Yes,Without Offers,Smartphone,Mobile_Data,07:30:09,-999,675.98,86516.39,11.0,726.52,No,Yes,No,Not Applicable,Products always in Stock
a1373f5dacc8b5dc,54,M,Town,Basic Membership,2025-04-18,No,Gift Vouchers/Coupons,Desktop,Fiber_Optic,13:38:07,10,83.14,14207.44,7.0,525.25,No,Yes,Yes,No Information Available,Poor Customer Service
ba704261590a8630,15,F,Town,Silver Membership,2025-04-18,Yes,Without Offers,Smartphone,Wi-Fi,15:51:51,13,41.36,35318.12,25.0,686.99,Yes,No,No,Not Applicable,Poor Website
b37f107f6fb68f79,51,F,Town,No Membership,2025-04-18,Yes,Credit/Debit Card Offers,Desktop,Mobile_Data,05:46:24,14,267.73,41026.92,10.0,1039.075617819626,Yes,Yes,Yes,Unsolved,Poor Customer Service
b3f5f31980cd53cf,49,M,City,Silver Membership,2025-04-18,No,Without Offers,Desktop,Fiber_Optic,12:21:05,17,145.26,37379.58,16.0,1067.2884559585077,No,Yes,No,Not Applicable,Too many ads
9aedd791c7641664,37,M,City,Basic Membership,2025-04-18,No,Without Offers,Desktop,Mobile_Data,13:26:09,12,38.21,44655.98,24.0,0.0,Yes,No,No,Not Applicable,Poor Product Quality
b97b22e66bd2bb66,16,M,Town,No Membership,2025-04-18,Yes,Without Offers,Desktop,Fiber_Optic,21:53:11,19,175.81,39138.41,26.0,0.0,No,Yes,No,Not Applicable,Poor Website
9ba2b1d7bd14b81e,15,M,City,Basic Membership,2025-04-18,Yes,Without Offers,Desktop,Fiber_Optic,19:14:07,11,265.19,19363.48,12.0,854.0357195251011,Yes,No,No,Not Applicable,Too many ads
8a03be55a0e9ae85,57,M,City,Silver Membership,2025-04-18,No,Credit/Debit Card Offers,Smartphone,Mobile_Data,04:17:41,5,70.14,30633.96,22.0,946.6311935935698,Yes,No,Yes,No Information Available,No reason specified
a89fd868a2020439,59,F,Town,Basic Membership,2025-04-18,Yes,Credit/Debit Card Offers,,Wi-Fi,12:27:04,20,45.98,24864.11,27.0,686.6,Yes,No,Yes,No Information Available,Poor Customer Service
b4c93a0b2c1743ff,42,M,City,No Membership,2025-04-18,Yes,Without Offers,Both,Wi-Fi,21:12:57,18,326.67,44498.33,13.0,646.5,Yes,Yes,Yes,No Information Available,Poor Customer Service
93df77ce17acf1dd,42,M,Town,No Membership,2025-04-18,No,Without Offers,Smartphone,Mobile_Data,08:05:17,22,1183.6816650142655,9327.63,5.0,524.91,Yes,Yes,No,Not Applicable,Poor Product Quality
a1dc9ca88aff2594,44,M,,Silver Membership,2025-04-18,No,Credit/Debit Card Offers,Desktop,Fiber_Optic,04:15:32,11,0.0,12797.26,0.0,707.65,Yes,No,No,Not Applicable,Poor Product Quality
94fd73cdc0c9fb7e,33,F,Town,Premium Membership,2025-04-18,No,Without Offers,,Mobile_Data,21:54:18,24,50.95,50852.53,18.0,1139.6022366993147,Yes,No,No,Not Applicable,User Friendly Website
85ea2010ad4c945a,56,M,City,Gold Membership,2025-04-18,No,Credit/Debit Card Offers,Smartphone,Wi-Fi,11:59:29,8,31.61,16656.89,20.0,456.93004602531687,No,Yes,No,Not Applicable,No reason specified
a96f95a6bf1821e2,23,M,Village,No Membership,2025-04-18,No,Credit/Debit Card Offers,,Mobile_Data,15:44:21,26,59.03,45936.16,17.0,501.44,No,Yes,No,Not Applicable,Too many ads
ad370de672e242aa,31,M,Town,No Membership,2025-04-18,Yes,Gift Vouchers/Coupons,Desktop,Wi-Fi,03:26:54,15,142.49,46065.02,13.0,675.87,No,Yes,Yes,Solved,Too many ads
9ae2e1273528a3f4,31,M,Village,No Membership,2025-04-18,No,Without Offers,Both,Mobile_Data,14:35:29,5,402.07,38819.88,20.0,633.94,No,Yes,No,Not Applicable,Poor Website
81a56c04cecabff2,16,M,,Basic Membership,2025-04-18,Yes,Gift Vouchers/Coupons,Smartphone,Fiber_Optic,08:35:40,-999,59.45,11185.08,22.0,615.12,No,Yes,No,Not Applicable,Poor Customer Service
860d1537a787565a,36,M,City,No Membership,2025-04-18,No,Without Offers,Smartphone,Wi-Fi,09:31:15,4,30.19,30368.7,16.0,1120.7420593975935,Yes,No,Yes,Unsolved,No reason specified
99ea67542e446b24,42,F,City,Gold Membership,2025-04-18,No,Credit/Debit Card Offers,Both,Fiber_Optic,22:01:28,11,337.55,43656.04,14.0,768.83,Yes,Yes,No,Not Applicable,Products always in Stock
925e675f7c7c1670,64,M,Town,No Membership,2025-04-18,No,Gift Vouchers/Coupons,,Wi-Fi,19:01:11,12,318.95,8742.34,21.0,552.2,Yes,No,Yes,Solved,No reason specified
a3a04b6e93831450,55,M,,Premium Membership,2025-04-18,Yes,Gift Vouchers/Coupons,Desktop,Fiber_Optic,13:19:10,21,33.71,35244.72,29.0,745.61,No,Yes,No,Not Applicable,Too many ads
b9fecc5537e7648a,42,F,City,Basic Membership,2025-04-18,No,Without Offers,Smartphone,Fiber_Optic,03:41:39,15,182.45,20641.84,11.0,670.49,No,Yes,No,Not Applicable,Too many ads
b43adb8f373c4b1a,55,F,,Platinum Membership,2025-04-18,,Without Offers,Smartphone,Fiber_Optic,01:31:20,14,224.99,6047.85,6.0,1064.1437444781195,Yes,No,Yes,Unsolved,No reason specified
bd12fc7f79801b6a,56,F,City,No Membership,2025-04-18,No,Credit/Debit Card Offers,Smartphone,Fiber_Optic,07:44:21,22,133.48,4603.17,19.0,610.47,Yes,No,No,Not Applicable,No reason specified
9ef523d28e4227e0,56,F,,Basic Membership,2025-04-18,Yes,Gift Vouchers/Coupons,Desktop,Mobile_Data,05:09:44,5,798.01,2353.79,27.0,647.28,Yes,Yes,No,Not Applicable,Poor Product Quality
a7a51d6132762f99,48,M,Town,No Membership,2025-04-18,No,Credit/Debit Card Offers,Desktop,Mobile_Data,13:28:39,4,212.01,40451.85,29.0,607.02,No,Yes,Yes,Solved,Poor Website
be73844b7d9c6dbd,60,M,City,No Membership,2025-04-18,Yes,Gift Vouchers/Coupons,Smartphone,Wi-Fi,13:05:27,13,145.54,16836.47,28.0,0.0,No,Yes,No,Not Applicable,Poor Website
abe735cbe14c47cc,37,M,City,Gold Membership,2025-04-18,Yes,Credit/Debit Card Offers,Both,Wi-Fi,03:03:08,13,1482.8831738386332,30806.13,29.0,713.77,Yes,Yes,Yes,Solved,Poor Product Quality
b2079b7514d3115f,48,M,Town,No Membership,2025-04-18,No,Without Offers,,Mobile_Data,10:45:47,9,1248.0415494321398,27201.6,19.0,617.71,Yes,No,No,Not Applicable,Too many ads
9996889300237ff2,13,F,Village,No Membership,2025-04-18,,Credit/Debit Card Offers,Desktop,Fiber_Optic,18:17:15,12,0.0,39001.6,16.0,694.3,No,Yes,Yes,No Information Available,Poor Customer Service
b4aabfb83a6f715e,32,F,City,Basic Membership,2025-04-18,Yes,Without Offers,Desktop,Wi-Fi,07:22:59,10,34.76,19010.25,13.0,600.83,Yes,No,No,Not Applicable,No reason specified
b22279caed895130,63,M,,No Membership,2025-04-18,Yes,Credit/Debit Card Offers,Desktop,Fiber_Optic,15:35:17,5,61.55,35519.23,25.0,663.16,Yes,No,Yes,No Information Available,Too many ads
9370766ff3ccabfb,57,M,Town,Basic Membership,2025-04-18,Yes,Without Offers,Desktop,Mobile_Data,02:08:19,11,140.78,2325.68,15.0,612.13,No,Yes,No,Not Applicable,Too many ads
932c286fc7371025,25,M,City,Gold Membership,2025-04-18,No,Without Offers,Smartphone,Fiber_Optic,08:24:36,5,443.61,4832.77,15.0,964.550021541274,No,Yes,No,Not Applicable,Poor Customer Service
b4268a4d9ddf79c1,22,F,Town,Basic Membership,2025-04-18,No,Credit/Debit Card Offers,Smartphone,Fiber_Optic,06:09:45,4,377.06,2307.34,22.0,643.52,No,Yes,Yes,Solved,Too many ads
ac5a491fa5de75af,50,M,Town,Basic Membership,2025-04-18,Yes,Credit/Debit Card Offers,Smartphone,Mobile_Data,21:47:08,22,0.0,26610.83,5.0,654.25,No,Yes,No,Not Applicable,Poor Customer Service
b06f1df1c7fa14ef,25,M,City,Platinum Membership,2025-04-18,Yes,Without Offers,,Fiber_Optic,04:03:29,11,612.86,8258.36,0.0,0.0,Yes,No,Yes,No Information Available,Poor Product Quality
ba8dcbab2466e0c3,29,F,Town,Gold Membership,2025-04-18,,Gift Vouchers/Coupons,Both,Fiber_Optic,16:12:39,7,1787.9763552402833,17169.34,8.0,536.6887030065034,No,Yes,No,Not Applicable,Poor Product Quality
8ffa3b1a5ec80d85,35,M,City,Basic Membership,2025-04-18,Yes,Credit/Debit Card Offers,Desktop,Mobile_Data,19:08:47,12,253.88,37448.68,8.0,545.05,No,Yes,Yes,Unsolved,Poor Customer Service
9e1eb74b6391eb02,10,F,City,Basic Membership,2025-04-18,No,Gift Vouchers/Coupons,Desktop,Wi-Fi,16:52:26,19,199.74,3884.6,16.0,616.12,No,Yes,Yes,Solved,Poor Customer Service
adcfc6b59f33871c,42,M,City,Basic Membership,2025-04-18,,Without Offers,Both,Fiber_Optic,13:32:42,14,372.1,14712.51,44.19219262106336,605.31,Yes,No,Yes,No Information Available,Poor Website
be8d2a3839a287d9,33,M,City,No Membership,2025-04-18,Yes,Credit/Debit Card Offers,Desktop,Wi-Fi,00:38:00,11,224.6,16851.68,14.0,652.37,Yes,No,Yes,No Information Available,Poor Product Quality
a48aeb73f2ca783a,59,F,Town,Gold Membership,2025-04-18,No,Gift Vouchers/Coupons,Smartphone,Fiber_Optic,01:34:17,-999,235.5,41869.74,12.0,662.32,No,Yes,Yes,Solved in Follow-up,Poor Customer Service
a6f33ce06efeafb8,48,M,Village,Gold Membership,2025-04-18,No,Without Offers,,Wi-Fi,14:20:21,22,315.77,12046.46,20.0,788.47,Yes,Yes,No,Not Applicable,Poor Product Quality
b9136a8e9931c939,46,M,Village,No Membership,2025-04-18,No,Credit/Debit Card Offers,Desktop,Wi-Fi,00:37:23,6,109.79,849.35,28.0,688.35,No,Yes,Yes,Unsolved,No reason specified
bbfe9407493676bf,52,M,City,No Membership,2025-04-18,Yes,Gift Vouchers/Coupons,Smartphone,Wi-Fi,04:06:05,11,138.14,37169.18,25.0,654.39,No,Yes,No,Not Applicable,No reason specified
99c83b5b55580463,46,F,Town,Gold Membership,2025-04-18,No,Gift Vouchers/Coupons,Desktop,Mobile_Data,02:45:03,15,0.0,84344.91,18.0,771.75,No,Yes,Yes,No Information Available,User Friendly Website
afbe52b65cc54038,50,F,Town,Gold Membership,2025-04-18,No,Gift Vouchers/Coupons,Desktop,Fiber_Optic,02:06:33,-999,301.18,6188.2,23.0,692.76,Yes,No,No,Not Applicable,Poor Website
9a4bba3025b961b0,40,F,Village,Basic Membership,2025-04-18,No,Without Offers,,Wi-Fi,18:26:49,10,77.88,26021.49,8.0,648.47,No,Yes,No,Not Applicable,No reason specified
9423da7ef9423dde,29,M,City,Premium Membership,2025-04-18,No,Without Offers,Desktop,Wi-Fi,06:23:27,2,34.85,39440.27,12.0,762.07,Yes,No,Yes,Unsolved,No reason specified
b65bb9d0e287b9cf,12,M,City,Gold Membership,2025-04-18,Yes,Without Offers,Smartphone,Wi-Fi,19:47:11,5,679.19,24712.27,23.0,628.73,Yes,Yes,Yes,Unsolved,No reason specified
ba28781d657924ac,37,M,Village,Basic Membership,2025-04-18,Yes,Without Offers,,Wi-Fi,18:22:58,10,145.74,4395.0,18.0,601.52,No,Yes,Yes,No Information Available,Poor Product Quality
ae89602dddd466f4,13,F,Town,Silver Membership,2025-04-18,,Without Offers,Both,Fiber_Optic,03:55:17,15,597.55,80750.89,19.0,631.5172764382703,Yes,No,Yes,Unsolved,Quality Customer Care
ace6a1af9336391e,58,M,Town,No Membership,2025-04-18,Yes,Without Offers,Smartphone,Fiber_Optic,01:33:21,15,126.21,29392.7,20.0,687.01,Yes,No,No,Not Applicable,No reason specified
83b312e32cf4e98e,38,F,Village,Silver Membership,2025-04-18,No,Credit/Debit Card Offers,Smartphone,Fiber_Optic,23:34:03,20,62.31,70623.41,11.0,1133.969318558752,Yes,No,Yes,Unsolved,Quality Customer Care
aef0c33af20653b6,63,F,Town,Premium Membership,2025-04-18,,Gift Vouchers/Coupons,Smartphone,Wi-Fi,11:39:57,17,252.28,31049.72,23.0,723.4492786302814,Yes,Yes,Yes,Solved,Too many ads
88edc0f71509e0b3,61,M,Town,Premium Membership,2025-04-18,No,Credit/Debit Card Offers,Smartphone,Mobile_Data,04:11:25,23,142.78,29994.01,11.0,718.36,Yes,No,No,Not Applicable,Poor Customer Service
82b5566e3976adc7,58,F,City,No Membership,2025-04-18,No,Credit/Debit Card Offers,Desktop,Mobile_Data,10:09:45,13,83.61,13223.85,0.0,677.03,Yes,No,Yes,Solved,Poor Product Quality
bebafd18b02cab0e,32,M,City,Gold Membership,2025-04-18,Yes,Without Offers,,Wi-Fi,13:25:33,8,0.0,43427.59,47.96192901411344,629.96,No,Yes,Yes,Solved,No reason specified
874007738c7b096b,13,F,Town,Gold Membership,2025-04-18,No,Gift Vouchers/Coupons,Desktop,Fiber_Optic,23:25:59,18,93.01,12110.83,17.0,725.01,Yes,No,Yes,No Information Available,Reasonable Price
93018fe0ff287601,43,F,Town,Silver Membership,2025-04-18,No,Gift Vouchers/Coupons,Desktop,Mobile_Data,18:05:26,20,397.71,92321.91,1.0,1106.98562946319,Yes,Yes,Yes,Solved in Follow-up,User Friendly Website
b89fd11def574fda,45,M,,Basic Membership,2025-04-18,Yes,Gift Vouchers/Coupons,Smartphone,Wi-Fi,19:50:25,18,43.22,27114.64,43.20836858702293,232.4046523959887,No,Yes,Yes,Unsolved,Poor Product Quality
b1c6d8eba09934a9,54,F,Town,No Membership,2025-04-18,No,Credit/Debit Card Offers,Smartphone,Wi-Fi,06:03:13,2,356.51,23456.64,16.0,605.54,Yes,No,No,Not Applicable,Too many ads
be0f57f3c2cf7274,33,M,Town,Basic Membership,2025-04-19,Yes,Without Offers,Desktop,Wi-Fi,19:06:24,3,107.75,19207.14,17.0,518.3820763934485,No,Yes,Yes,Solved,Poor Website
a26648412f44addd,14,M,Town,No Membership,2025-04-19,No,Without Offers,Desktop,Wi-Fi,20:12:57,10,309.33,13644.99,11.0,718.16,No,Yes,No,Not Applicable,No reason specified
99abfa7eb3d906e8,51,M,,Basic Membership,2025-04-19,No,Gift Vouchers/Coupons,Smartphone,Fiber_Optic,09:57:56,17,404.2,12758.06,5.0,919.1671823457688,No,Yes,Yes,Solved in Follow-up,Too many ads
915282ec5a80fe4e,39,F,Village,Silver Membership,2025-04-19,No,Without Offers,Desktop,Fiber_Optic,18:49:17,7,34.2,44759.26,22.0,669.48,Yes,No,No,Not Applicable,Too many ads
9819f58e1e37c98d,28,F,City,Platinum Membership,2025-04-19,No,Gift Vouchers/Coupons,Desktop,Mobile_Data,17:02:33,6,343.92,30333.48,8.0,714.12,Yes,Yes,No,Not Applicable,Poor Product Quality
8001d9f835a8a253,26,F,Town,Basic Membership,2025-04-19,Yes,Gift Vouchers/Coupons,Smartphone,Mobile_Data,19:29:34,20,95.69,14552.57,29.0,624.68,Yes,No,No,Not Applicable,No reason specified
8769fd1e8ba3c64f,64,F,,Gold Membership,2025-04-19,No,Credit/Debit Card Offers,Smartphone,Fiber_Optic,11:42:44,13,292.33,98319.42,2.0,0.0,Yes,No,No,Not Applicable,Quality Customer Care
8bf76851e75c7e36,37,F,City,Basic Membership,2025-04-19,Yes,Gift Vouchers/Coupons,Desktop,Fiber_Optic,17:15:39,18,137.48,48961.89,27.0,544.16,Yes,No,Yes,Unsolved,Poor Customer Service
923c8a2e6a590501,54,M,Town,Gold Membership,2025-04-19,Yes,Gift Vouchers/Coupons,Smartphone,Mobile_Data,07:05:21,19,304.23,4266.67,10.0,743.18,Yes,Yes,Yes,Solved,No reason specified
88a921ec3da7b4f3,60,F,Village,Premium Membership,2025-04-19,Yes,Gift Vouchers/Coupons,Smartphone,Fiber_Optic,05:54:45,20,296.18,39062.65,0.0,0.0,Yes,Yes,Yes,Solved in Follow-up,Poor Product Quality
a838e5fd71b4540a,29,M,Town,No Membership,2025-04-19,No,Gift Vouchers/Coupons,Desktop,Fiber_Optic,13:23:19,11,142.35,7533.71,35.88842690530103,683.27,Yes,No,No,Not Applicable,Too many ads
974daaac465b291f,39,F,City,Premium Membership,2025-04-19,No,Gift Vouchers/Coupons,Desktop,Fiber_Optic,10:08:37,20,933.9251031753208,26568.44,24.0,759.61,Yes,No,Yes,Solved in Follow-up,Poor Website
939e86f166fad5ff,49,F,Town,Platinum Membership,2025-04-19,Yes,Credit/Debit Card Offers,Desktop,Fiber_Optic,21:03:10,25,248.19,72614.52,2.0,705.52,Yes,Yes,No,Not Applicable,Reasonable Price
a8ea0df3526eab7d,45,M,Town,No Membership,2025-04-19,Yes,Without Offers,Smartphone,Wi-Fi,14:31:00,7,922.19,36127.8,47.61306648982233,627.56,Yes,No,Yes,No Information Available,Poor Product Quality
b662a389d610f0cd,51,F,,Platinum Membership,2025-04-19,,Gift Vouchers/Coupons,Smartphone,Mobile_Data,02:14:49,6,172.55,8665.62,28.0,727.05,No,Yes,No,Not Applicable,Poor Product Quality
9b5693f8c6357a4c,36,M,City,Premium Membership,2025-04-19,Yes,Gift Vouchers/Coupons,Desktop,Fiber_Optic,18:50:49,17,833.5146509181282,32813.73,38.797121588742144,760.81,Yes,No,No,Not Applicable,No reason specified
9fd5e1ece10f773e,19,M,Town,Silver Membership,2025-04-19,Yes,Credit/Debit Card Offers,Desktop,Mobile_Data,02:06:25,11,466.0,71677.31,14.0,0.0,Yes,No,No,Not Applicable,Reasonable Price
943881c5bd8a6b74,46,F,,Basic Membership,2025-04-19,Yes,Without Offers,Both,Wi-Fi,06:49:17,6,327.71,28041.87,12.0,335.9381920458826,No,Yes,No,Not Applicable,Too many ads
b396f18b49d366a1,24,F,Town,No Membership,2025-04-19,No,Gift Vouchers/Coupons,,Wi-Fi,10:54:06,15,88.38,26504.2,0.0,871.430099078519,Yes,No,Yes,No Information Available,Poor Product Quality
a37b470cda8ef321,50,F,City,Silver Membership,2025-04-19,No,Credit/Debit Card Offers,,Wi-Fi,14:08:58,11,33.64,12297.07,13.0,653.9,No,Yes,No,Not Applicable,Poor Customer Service
be9c06cba09e697e,35,F,,Basic Membership,2025-04-19,,Gift Vouchers/Coupons,Both,Mobile_Data,21:26:19,12,551.35,4218.5,0.0,575.59,Yes,Yes,Yes,No Information Available,Poor Website
b18483c73ae92a3c,35,F,City,Premium Membership,2025-04-19,Yes,Gift Vouchers/Coupons,Smartphone,Fiber_Optic,21:30:04,6,259.29,8338.41,24.0,772.23,Yes,No,Yes,No Information Available,Too many ads
a96c517cdcec2804,29,M,City,Platinum Membership,2025-04-19,Yes,Credit/Debit Card Offers,,Fiber_Optic,00:20:02,-999,34.69,37846.43,11.0,700.24,Yes,No,Yes,Solved,Poor Product Quality
b39b1b1e03619dda,16,F,,Basic Membership,2025-04-19,No,Credit/Debit Card Offers,Smartphone,Wi-Fi,18:41:17,15,149.57,20317.21,8.0,440.9513515420319,Yes,No,No,Not Applicable,Poor Product Quality
84aa8e358e4e4b5f,36,M,Village,No Membership,2025-04-19,Yes,Gift Vouchers/Coupons,Smartphone,Fiber_Optic,06:20:31,14,193.02,17948.02,11.0,920.7231317284972,Yes,No,No,Not Applicable,Poor Product Quality
b6f343f786e98ac0,41,M,City,Basic Membership,2025-04-19,No,Gift Vouchers/Coupons,,Fiber_Optic,06:10:25,8,226.88,1115.23,42.150551393090886,516.45,No,Yes,Yes,Solved,Too many ads
90edb073b4893615,38,F,City,Gold Membership,2025-04-19,Yes,Gift Vouchers/Coupons,Both,Fiber_Optic,01:57:55,9,248.7,10082.23,20.0,0.0,No,Yes,No,Not Applicable,Poor Customer Service
b7f86cd9d2b5c934,20,F,City,Silver Membership,2025-04-19,Yes,Without Offers,Smartphone,Fiber_Optic,21:02:44,16,59.18,11097.79,7.0,774.72,No,Yes,No,Not Applicable,Poor Website
9de631fada1839d5,30,M,City,Gold Membership,2025-04-19,No,Credit/Debit Card Offers,Smartphone,Mobile_Data,17:00:37,6,93.84,71414.58,14.0,346.1440343822364,No,Yes,Yes,Unsolved,Reasonable Price
a4ace389c0b22200,53,F,Town,Silver Membership,2025-04-19,Yes,Without Offers,Desktop,Mobile_Data,12:17:29,10,252.31,4351.84,33.825547935476635,674.59,No,Yes,No,Not Applicable,No reason specified
8edb5e4b86fa3ed2,12,M,Town,No Membership,2025-04-19,No,Credit/Debit Card Offers,Desktop,Fiber_Optic,07:44:03,8,122.17,12440.72,5.0,677.35,No,Yes,Yes,No Information Available,Poor Website
83695f660363bd9a,27,M,Town,Silver Membership,2025-04-19,Yes,Without Offers,Desktop,Fiber_Optic,23:36:47,10,32.78,43094.97,9.0,710.57,No,Yes,No,Not Applicable,Too many ads
9c6d08a2b00dbc94,33,M,Town,Basic Membership,2025-04-19,No,Gift Vouchers/Coupons,,Fiber_Optic,13:20:28,18,266.19,18405.33,28.0,665.92,Yes,No,No,Not Applicable,Poor Product Quality
9c4e358fd1f63e67,15,M,,Basic Membership,2025-04-19,,Credit/Debit Card Offers,,Mobile_Data,23:21:32,-999,243.85,10803.51,16.0,641.63,No,Yes,Yes,Unsolved,Poor Customer Service
86b4755d2e5c9e4e,46,F,City,Gold Membership,2025-04-19,Yes,Without Offers,Smartphone,Fiber_Optic,23:32:01,24,94.26,43529.77,24.0,706.82,No,Yes,No,Not Applicable,Poor Website
adcfa2f4ecb75154,31,M,,Silver Membership,2025-04-19,No,Gift Vouchers/Coupons,Smartphone,Fiber_Optic,15:46:38,13,319.56,90421.41,12.0,703.45,Yes,No,No,Not Applicable,Products always in Stock
a6691526fa3b010c,52,F,Town,Platinum Membership,2025-04-19,No,Without Offers,Desktop,Mobile_Data,10:51:59,-999,252.1,5118.56,9.0,714.63,Yes,No,No,Not Applicable,Poor Customer Service
83566d0362d1df42,11,F,Town,Gold Membership,2025-04-19,No,Without Offers,Smartphone,Wi-Fi,02:58:54,10,34.78,22832.11,23.0,765.41,No,Yes,No,Not Applicable,No reason specified
a16333b19fb1afe7,28,F,City,Basic Membership,2025-04-19,Yes,Without Offers,,Mobile_Data,08:39:20,5,63.96,4978.85,24.0,684.88,Yes,No,No,Not Applicable,No reason specified
959d301a5a618c63,44,F,City,Premium Membership,2025-04-19,No,Gift Vouchers/Coupons,Smartphone,Mobile_Data,13:39:18,14,33.12,850.13,0.0,727.66,Yes,No,No,Not Applicable,Poor Website
95bd9ca63831aae8,22,M,City,Gold Membership,2025-04-19,Yes,Credit/Debit Card Offers,Desktop,Mobile_Data,07:55:59,3,167.53,99587.68,11.0,752.84,No,Yes,No,Not Applicable,Quality Customer Care
bdc0a4b91ffe65ac,12,M,City,No Membership,2025-04-19,Yes,Without Offers,Desktop,Fiber_Optic,04:00:09,10,1744.3786338463833,47328.33,21.0,563.12,No,Yes,No,Not Applicable,No reason specified
b603352f001e1d73,44,M,City,Silver Membership,2025-04-19,No,Credit/Debit Card Offers,Desktop,Fiber_Optic,19:44:06,8,336.07,30106.6,20.0,765.47,No,Yes,No,Not Applicable,Poor Website
a8628677b7034e53,23,M,City,Gold Membership,2025-04-19,No,Without Offers,,Fiber_Optic,08:56:02,1,310.36,6970.8,21.0,702.95,Yes,Yes,Yes,Solved in Follow-up,Poor Website
bbf997db764f518d,19,M,,No Membership,2025-04-19,No,Credit/Debit Card Offers,,Wi-Fi,00:45:00,13,31.1,16316.26,12.0,675.14,No,Yes,No,Not Applicable,No reason specified
81feb4e641411c2c,56,M,Town,Silver Membership,2025-04-19,Yes,Credit/Debit Card Offers,Desktop,Wi-Fi,17:14:59,14,30.0,15249.39,15.0,646.86,Yes,No,Yes,Unsolved,Poor Website
bd053f3bf569bc89,28,M,Town,No Membership,2025-04-19,,Credit/Debit Card Offers,Smartphone,Wi-Fi,12:49:57,16,160.24,25494.34,14.0,663.76,No,Yes,Yes,Solved in Follow-up,Poor Website
a07f1f5d03bcda59,15,F,Town,Silver Membership,2025-04-19,Yes,Gift Vouchers/Coupons,Desktop,Fiber_Optic,10:21:20,6,31.84,42735.47,7.0,779.92,Yes,No,Yes,No Information Available,Too many ads
9447bd101af615b9,21,M,Village,Basic Membership,2025-04-19,Yes,Credit/Debit Card Offers,Smartphone,Wi-Fi,04:44:25,17,53.38,45787.94,22.0,626.78,Yes,No,Yes,Solved in Follow-up,Poor Customer Service
b4c0f61671e8ac0c,63,F,Town,Basic Membership,2025-04-19,,Gift Vouchers/Coupons,Both,Wi-Fi,03:47:09,14,494.81,21696.63,19.0,551.6,No,Yes,Yes,No Information Available,Poor Product Quality
b409899516fab3c5,32,F,Town,Platinum Membership,2025-04-19,,Without Offers,Desktop,Mobile_Data,13:01:19,11,200.37,26305.94,5.0,189.7326200145909,Yes,No,No,Not Applicable,No reason specified
85f5ff0c3e5d2418,26,M,Village,Premium Membership,2025-04-19,No,Gift Vouchers/Coupons,Smartphone,Fiber_Optic,11:42:48,4,74.26,40015.47,0.0,724.82,No,Yes,Yes,Solved,Poor Website
98f2b2b66491c0e9,37,F,City,Basic Membership,2025-04-19,No,Without Offers,,Wi-Fi,06:46:59,16,49.32,16385.86,0.0,583.8,Yes,No,Yes,No Information Available,No reason specified
a0e806dbf8e20aaf,33,F,City,No Membership,2025-04-19,,Without Offers,Desktop,Fiber_Optic,17:01:51,16,161.62,3743.48,0.0,0.0,Yes,No,No,Not Applicable,No reason specified
943be9d037e3a2a7,31,F,Town,No Membership,2025-04-19,,Gift Vouchers/Coupons,Smartphone,Mobile_Data,21:38:56,22,54.59,16074.48,27.0,666.71,No,Yes,Yes,Unsolved,Too many ads
9e8cf951bce89caa,58,F,Village,Silver Membership,2025-04-19,,Without Offers,Desktop,Wi-Fi,05:20:34,12,192.96,2186.95,11.0,681.3,No,Yes,No,Not Applicable,Poor Customer Service
be0d2991ee84cacf,57,F,,Platinum Membership,2025-04-19,No,Gift Vouchers/Coupons,Desktop,Mobile_Data,15:03:41,5,179.8,36344.69,0.0,785.73,Yes,No,Yes,Solved in Follow-up,Poor Customer Service
948fdf3cd753df54,61,M,Town,No Membership,2025-04-19,,Gift Vouchers/Coupons,Desktop,Wi-Fi,14:37:57,17,458.95,48944.0,15.0,547.36,No,Yes,Yes,Solved in Follow-up,Too many ads
8a802d6d328bd627,20,M,,Premium Membership,2025-04-19,No,Without Offers,Smartphone,Mobile_Data,13:25:39,18,33.68,42510.1,13.0,785.36,No,Yes,Yes,No Information Available,No reason specified
ab0f539e65d07cf7,42,M,Town,Premium Membership,2025-04-19,No,Credit/Debit Card Offers,Smartphone,Wi-Fi,20:27:07,16,135.59,16867.01,19.0,749.34,Yes,No,Yes,Unsolved,Poor Product Quality
bcbff316522f1d2b,27,M,Town,Silver Membership,2025-04-19,No,Without Offers,Smartphone,Wi-Fi,17:02:12,-999,142.34,4298.01,0.0,0.0,Yes,No,Yes,Solved,Poor Customer Service
af1c3e887198ba62,43,F,Town,No Membership,2025-04-19,No,Gift Vouchers/Coupons,Both,Mobile_Data,04:53:03,1,340.06,27867.44,13.0,599.58,No,Yes,No,Not Applicable,Poor Website
b432c5d479d8b0bc,56,F,,Silver Membership,2025-04-19,,Gift Vouchers/Coupons,Desktop,Fiber_Optic,07:07:45,16,32.77,1435.84,0.0,765.41,No,Yes,No,Not Applicable,Poor Website
8807e12fbe57c6e1,62,M,City,Silver Membership,2025-04-19,Yes,Gift Vouchers/Coupons,Desktop,Wi-Fi,03:51:38,12,822.56,38412.56,13.0,314.12121385154126,Yes,No,Yes,Unsolved,Poor Customer Service
b5ebcc2ef8ae22f3,33,M,Town,Basic Membership,2025-04-19,No,Without Offers,Smartphone,Fiber_Optic,18:32:02,4,0.0,45970.52,0.0,855.3071078713133,No,Yes,No,Not Applicable,Too many ads
9f0604adb8951ffa,44,M,Village,Premium Membership,2025-04-19,No,Credit/Debit Card Offers,Both,Fiber_Optic,14:50:06,-999,444.16,58795.36,0.0,1041.4071655909402,No,Yes,Yes,No Information Available,Reasonable Price
a30fa6fe7735b6c2,14,F,,Gold Membership,2025-04-19,Yes,Gift Vouchers/Coupons,Desktop,Mobile_Data,06:24:20,16,148.08,88596.04,5.0,847.95,Yes,No,No,Not Applicable,Reasonable Price
9a7250b79b7adec4,25,M,Town,No Membership,2025-04-19,Yes,Gift Vouchers/Coupons,,Wi-Fi,06:32:15,12,226.09,29419.33,21.0,623.47,Yes,No,Yes,Unsolved,Poor Customer Service
b482c08d593f3cf8,47,M,City,Silver Membership,2025-04-19,No,Credit/Debit Card Offers,Both,Wi-Fi,00:29:16,4,459.85,19548.33,10.0,772.14,Yes,No,Yes,Solved in Follow-up,Too many ads
bb000adc1133e9ad,48,M,Town,Platinum Membership,2025-04-19,Yes,Without Offers,Desktop,Wi-Fi,07:16:54,18,187.79,22865.71,26.0,0.0,Yes,No,No,Not Applicable,Poor Product Quality
813d5c0d36426069,38,M,,Silver Membership,2025-04-19,No,Gift Vouchers/Coupons,Smartphone,Fiber_Optic,02:45:24,10,218.78,33842.58,18.0,1033.7426403663403,Yes,No,Yes,No Information Available,Poor Website
a29fca42a0396f6a,34,M,Town,Silver Membership,2025-04-19,No,Credit/Debit Card Offers,Desktop,Fiber_Optic,06:30:38,8,203.93,28329.44,6.0,752.51,Yes,No,No,Not Applicable,No reason specified
886e41a15e34d9ea,30,M,Village,Basic Membership,2025-04-19,,Without Offers,Smartphone,Wi-Fi,03:09:46,14,55.06,44362.83,10.0,675.12,Yes,No,Yes,No Information Available,Poor Customer Service
ad450435c0707b34,18,F,City,Platinum Membership,2025-04-19,Yes,Gift Vouchers/Coupons,Smartphone,Wi-Fi,02:31:11,15,142.97,75295.2,5.0,739.69,No,Yes,No,Not Applicable,Reasonable Price
85f098a99361ceb4,61,F,Town,Silver Membership,2025-04-19,Yes,Gift Vouchers/Coupons,Desktop,Mobile_Data,00:57:07,12,262.1,22912.82,14.0,720.14,No,Yes,No,Not Applicable,Products always in Stock
9f684197f34ce029,49,M,City,Silver Membership,2025-04-19,Yes,Without Offers,Desktop,Wi-Fi,23:47:20,-999,354.4,36612.55,17.0,812.4795505158546,Yes,No,Yes,Solved in Follow-up,No reason specified
aca745f31f30b8a2,26,F,Town,Silver Membership,2025-04-19,Yes,Without Offers,Smartphone,Wi-Fi,17:23:53,7,35.99,40283.23,17.0,767.77,Yes,No,No,Not Applicable,Too many ads
8932a580e75dcf93,33,M,,Platinum Membership,2025-04-19,,Gift Vouchers/Coupons,Desktop,Fiber_Optic,13:41:43,15,0.0,5973.11,0.0,752.3,Yes,No,No,Not Applicable,Poor Website
9532465183f24e94,35,F,Village,Gold Membership,2025-04-19,No,Credit/Debit Card Offers,Smartphone,Mobile_Data,07:50:14,23,44.71,24940.77,13.0,1240.3318659712347,No,Yes,Yes,No Information Available,User Friendly Website
99122f56ca9a2095,36,F,City,Gold Membership,2025-04-19,,Gift Vouchers/Coupons,Desktop,Mobile_Data,06:40:41,18,317.42,28492.66,9.0,0.0,No,Yes,Yes,No Information Available,Poor Website
b8bd4105ae3d2cbc,46,M,Town,Premium Membership,2025-04-19,,Credit/Debit Card Offers,Both,Wi-Fi,06:52:10,8,564.98,19359.53,7.0,723.44,Yes,Yes,No,Not Applicable,Poor Website
b41c029f37dfd79e,41,F,,Premium Membership,2025-04-19,Yes,Without Offers,Desktop,Wi-Fi,21:45:07,11,80.1,44538.85,25.0,706.03,No,Yes,Yes,Solved in Follow-up,Poor Website
b9e57e84175c97be,56,M,Village,Basic Membership,2025-04-19,Yes,Gift Vouchers/Coupons,Desktop,Mobile_Data,15:48:02,9,185.63,48349.93,0.0,520.18,Yes,No,No,Not Applicable,Poor Customer Service
8c9da1b48379b383,60,M,City,No Membership,2025-04-19,Yes,Gift Vouchers/Coupons,Desktop,Fiber_Optic,12:51:37,23,53.51,3145.4,8.0,0.0,Yes,No,No,Not Applicable,Poor Website
aee7ba16eb9b3ac8,16,F,City,Premium Membership,2025-04-19,,Gift Vouchers/Coupons,,Mobile_Data,02:08:26,12,251.68,32191.04,0.0,717.06,No,Yes,No,Not Applicable,Poor Product Quality
ac8fae9db34ce9a7,56,F,City,No Membership,2025-04-19,Yes,Credit/Debit Card Offers,,Wi-Fi,17:26:54,18,171.22,1508.76,14.0,661.69,No,Yes,Yes,Unsolved,No reason specified
ac7378a02482856a,41,F,Town,Basic Membership,2025-04-19,No,Credit/Debit Card Offers,,Fiber_Optic,09:33:40,10,157.37,35139.56,15.0,577.87,No,Yes,Yes,Solved in Follow-up,Too many ads
942f1db791a76934,27,M,,Basic Membership,2025-04-19,No,Without Offers,,Wi-Fi,00:56:51,18,60.75,48087.15,29.933342636395885,0.0,Yes,No,Yes,Unsolved,Poor Customer Service
b43563b031b06b7b,37,M,,Basic Membership,2025-04-19,Yes,Credit/Debit Card Offers,Smartphone,Wi-Fi,18:46:54,21,126.54,45982.45,21.0,655.0,Yes,No,Yes,Unsolved,No reason specified
ac7fed7da478bd40,57,F,Village,Silver Membership,2025-04-19,No,Without Offers,Desktop,Mobile_Data,03:48:00,16,31.03,37611.89,20.0,765.48,No,Yes,No,Not Applicable,Too many ads
9d88cc440db5989b,43,F,City,Gold Membership,2025-04-19,Yes,Without Offers,Desktop,Fiber_Optic,23:03:56,21,171.64,4571.01,27.0,794.94,Yes,No,No,Not Applicable,Poor Product Quality
a959ea4bd63478fa,54,M,Town,No Membership,2025-04-19,No,Without Offers,,Mobile_Data,04:49:16,24,163.72,42815.56,16.0,915.128691583134,No,Yes,Yes,Unsolved,Poor Website
bb9b7b015913bcc5,38,,Town,Basic Membership,2025-04-19,,Gift Vouchers/Coupons,,Mobile_Data,23:18:17,15,266.57,10281.69,19.0,675.33,Yes,No,No,Not Applicable,Poor Website
8106d78f7ad08e08,18,F,Village,No Membership,2025-04-19,Yes,Gift Vouchers/Coupons,Both,Fiber_Optic,12:37:33,-999,252.46,19974.05,8.0,631.69,Yes,No,Yes,Unsolved,Poor Customer Service
b37e5764237964f6,62,F,Village,Silver Membership,2025-04-20,No,Without Offers,Smartphone,Wi-Fi,13:47:53,12,67.84,43836.91,28.0,765.04,Yes,No,Yes,No Information Available,No reason specified
ade3fad3b4aeed4e,32,F,City,No Membership,2025-04-20,Yes,Credit/Debit Card Offers,,Wi-Fi,13:58:25,13,1181.43,27518.78,7.0,841.4354167002211,Yes,Yes,Yes,Unsolved,Too many ads
98bd77435357944a,42,M,Village,No Membership,2025-04-20,Yes,Gift Vouchers/Coupons,Smartphone,Fiber_Optic,21:03:07,18,283.84,20199.02,14.0,514.48,Yes,Yes,No,Not Applicable,Poor Customer Service
83ce0b2e704ee806,34,F,Town,Basic Membership,2025-04-20,No,Without Offers,Smartphone,Fiber_Optic,11:42:10,10,95.88,41460.73,5.0,601.57,No,Yes,Yes,No Information Available,Poor Customer Service
8a451075feff0d2b,53,F,City,Basic Membership,2025-04-20,Yes,Without Offers,Desktop,Mobile_Data,23:18:25,8,310.57,46029.06,6.0,559.71,Yes,No,Yes,No Information Available,Poor Website
83f7dd56ba3a0464,52,F,,Basic Membership,2025-04-20,Yes,,Smartphone,Wi-Fi,23:32:55,-999,68.82,28467.12,0.0,0.0,Yes,No,No,Not Applicable,Poor Customer Service
8d9008f2f6fb61ab,10,M,Village,Basic Membership,2025-04-20,Yes,Credit/Debit Card Offers,Desktop,Mobile_Data,15:42:59,11,184.46,44232.25,0.0,0.0,Yes,No,Yes,No Information Available,Too many ads
9143dfd20437ac7b,26,F,Town,Platinum Membership,2025-04-20,Yes,Gift Vouchers/Coupons,Desktop,Fiber_Optic,14:52:39,5,124.12,1574.82,5.0,1254.3304323603334,No,Yes,No,Not Applicable,No reason specified
a73355397f765d75,64,M,City,Platinum Membership,2025-04-20,Yes,Without Offers,Both,Mobile_Data,15:25:01,-999,536.94,27241.0,12.0,710.05,Yes,No,No,Not Applicable,Too many ads
873ceeebef783ac0,13,M,Town,No Membership,2025-04-20,Yes,Credit/Debit Card Offers,,Mobile_Data,14:42:16,23,167.63,39565.11,15.0,1131.167926932337,No,Yes,Yes,Solved,Poor Product Quality
bf6cdc507e8b06ef,43,F,City,Basic Membership,2025-04-20,No,Gift Vouchers/Coupons,Smartphone,Fiber_Optic,16:06:14,2,311.37,29664.34,15.0,702.84,Yes,No,No,Not Applicable,No reason specified
a028cb2ce967b892,26,F,City,Gold Membership,2025-04-20,Yes,Without Offers,Both,Wi-Fi,04:10:11,14,548.14,41726.88,0.0,757.89,Yes,Yes,Yes,Solved,No reason specified
8544833a593585aa,47,M,Village,Premium Membership,2025-04-20,,,Smartphone,Mobile_Data,00:44:10,17,135.21,5032.83,7.0,742.63,No,Yes,Yes,No Information Available,Poor Website
a159641a5f8deac9,47,,Town,Silver Membership,2025-04-20,Yes,Gift Vouchers/Coupons,Desktop,Wi-Fi,02:55:43,13,262.65,35934.73,19.0,784.3,Yes,Yes,Yes,Solved,Poor Website
a1bec5c3fc9f32a7,23,F,City,Gold Membership,2025-04-20,No,Credit/Debit Card Offers,Smartphone,Mobile_Data,10:06:33,22,91.65,2455.97,9.0,0.0,Yes,No,No,Not Applicable,Poor Product Quality
8bb663ea1158d3fc,59,M,Village,Premium Membership,2025-04-20,Yes,Without Offers,,Wi-Fi,09:01:32,16,94.32,31988.64,9.0,714.05,Yes,No,No,Not Applicable,Poor Website
b966fd6ce598fe3c,41,F,Town,Silver Membership,2025-04-20,Yes,Gift Vouchers/Coupons,Smartphone,Mobile_Data,08:37:44,16,37.29,25573.53,0.0,760.19,No,Yes,No,Not Applicable,Poor Website
8f13edcccf43010a,34,M,Town,Gold Membership,2025-04-20,Yes,Without Offers,Desktop,Wi-Fi,03:45:23,12,168.04,33334.62,27.0,718.27,No,Yes,No,Not Applicable,Poor Customer Service
aea3b39f2f790b75,28,F,Town,Gold Membership,2025-04-20,No,Without Offers,Both,Mobile_Data,06:12:48,10,479.86,45618.39,29.0,645.84,Yes,No,No,Not Applicable,Poor Customer Service
934125e6b67d3a13,48,M,Town,Gold Membership,2025-04-20,No,Credit/Debit Card Offers,Desktop,Fiber_Optic,18:03:00,4,32.75,29865.92,26.0,784.5,No,Yes,Yes,No Information Available,Poor Customer Service
a6d7905192cf6601,21,M,,Basic Membership,2025-04-20,Yes,Gift Vouchers/Coupons,Desktop,Mobile_Data,21:12:12,-999,335.77,25203.97,0.0,566.66,No,Yes,Yes,Unsolved,Too many ads
a121fe1247bf3d61,39,F,City,Gold Membership,2025-04-20,No,Without Offers,Both,Mobile_Data,20:59:59,22,271.46,18719.1,23.0,779.78,Yes,No,No,Not Applicable,Poor Product Quality
997eb37cd6b06e3b,54,M,Town,Silver Membership,2025-04-20,,Gift Vouchers/Coupons,Desktop,Mobile_Data,10:04:00,8,276.71,34449.98,17.0,677.59,Yes,No,No,Not Applicable,Poor Website
92cb4dd8ec77f83f,60,F,,Gold Membership,2025-04-20,Yes,Without Offers,,Mobile_Data,16:12:06,13,662.32,37797.51,16.0,0.0,Yes,No,Yes,Solved in Follow-up,No reason specified
9a6d4b0cb562d6ef,22,M,Village,Gold Membership,2025-04-20,No,Without Offers,Desktop,Fiber_Optic,22:47:55,4,33.54,5659.95,52.72486203561419,766.28,Yes,No,No,Not Applicable,Poor Website
b5cc077fa1870cb6,30,F,City,Gold Membership,2025-04-20,Yes,Credit/Debit Card Offers,Smartphone,Mobile_Data,03:49:36,9,852.88,4413.77,21.0,429.3992588198575,Yes,Yes,No,Not Applicable,No reason specified
8b6c22dc83fca276,63,M,Town,Platinum Membership,2025-04-20,No,Credit/Debit Card Offers,Smartphone,Wi-Fi,19:29:21,4,482.11,11722.1,6.0,765.93,No,Yes,Yes,Solved in Follow-up,Too many ads
861fa2e1f9e43866,46,M,City,Premium Membership,2025-04-20,,Credit/Debit Card Offers,Smartphone,Fiber_Optic,10:51:56,21,71.17,26567.93,0.0,762.01,No,Yes,No,Not Applicable,Too many ads
b59efc917e4a995f,35,M,City,Platinum Membership,2025-04-20,,Credit/Debit Card Offers,Smartphone,Mobile_Data,21:54:01,-999,31.8,38340.43,6.0,737.6,No,Yes,Yes,Unsolved,Poor Customer Service
8557eae4993b0ab7,64,M,Village,Platinum Membership,2025-04-20,No,Credit/Debit Card Offers,Smartphone,Wi-Fi,11:08:10,16,187.61,9338.19,19.0,804.69,Yes,No,No,Not Applicable,Products always in Stock
80ed80bd953348ec,31,M,City,No Membership,2025-04-20,,Credit/Debit Card Offers,Desktop,Fiber_Optic,12:43:15,20,137.57,7503.97,9.0,362.2344618502835,Yes,No,Yes,No Information Available,Too many ads
8ded071abc404d59,40,F,Village,Silver Membership,2025-04-20,No,Credit/Debit Card Offers,Smartphone,Wi-Fi,19:26:57,13,105.06,17542.87,16.0,1152.1947357126835,Yes,No,Yes,No Information Available,No reason specified
a7d6bc7de7805071,60,F,Town,Silver Membership,2025-04-20,Yes,Without Offers,Smartphone,Fiber_Optic,19:00:58,15,87.51,48401.05,20.0,743.8,No,Yes,No,Not Applicable,Poor Product Quality
a0bf6782a2f15f2f,42,M,City,Premium Membership,2025-04-20,Yes,Gift Vouchers/Coupons,Smartphone,Mobile_Data,22:35:10,14,612.06,14647.58,4.0,763.57,Yes,Yes,Yes,Solved,Quality Customer Care
945eaaf21187ccfd,20,M,Town,Gold Membership,2025-04-20,No,Credit/Debit Card Offers,Desktop,Wi-Fi,08:27:52,14,33.18,25460.24,0.0,794.85,Yes,No,Yes,Solved in Follow-up,Poor Website
922f31bdb8ab5933,38,F,Village,Gold Membership,2025-04-20,Yes,Credit/Debit Card Offers,,Mobile_Data,10:32:33,11,1296.25,2937.69,24.0,0.0,Yes,Yes,Yes,No Information Available,Poor Product Quality
abcd933700fd1923,48,M,Town,Silver Membership,2025-04-20,Yes,Without Offers,Smartphone,Fiber_Optic,13:03:31,12,37.92,3081.24,17.0,1163.616718076192,No,Yes,Yes,Solved,Too many ads
b6913c89a82835bb,13,M,Town,Silver Membership,2025-04-20,No,Gift Vouchers/Coupons,Smartphone,Fiber_Optic,19:58:38,11,80.0,48213.92,6.0,768.93,Yes,No,Yes,Solved,Poor Customer Service
b0540a7eed8f77ef,29,F,,Premium Membership,2025-04-20,No,Gift Vouchers/Coupons,Smartphone,Mobile_Data,18:53:00,20,0.0,11768.31,0.0,765.08,No,Yes,Yes,Solved in Follow-up,No reason specified
8382fc6f296a1d49,52,M,Town,Gold Membership,2025-04-20,Yes,Credit/Debit Card Offers,Smartphone,Fiber_Optic,08:19:43,18,131.65,12106.56,23.0,768.79,Yes,No,Yes,Unsolved,No reason specified
ba73734ad8dc61f4,11,M,Village,Silver Membership,2025-04-20,No,Without Offers,Desktop,Fiber_Optic,19:37:24,-999,93.95,47436.21,18.0,0.0,Yes,No,No,Not Applicable,Too many ads
9cb6e00f64bec841,31,F,City,Silver Membership,2025-04-20,Yes,Without Offers,Smartphone,Wi-Fi,10:24:44,24,33.91,23226.43,7.0,762.48,No,Yes,Yes,Solved,Poor Customer Service
ab79d67d77388e8d,36,F,Town,No Membership,2025-04-20,Yes,Gift Vouchers/Coupons,Smartphone,Wi-Fi,23:51:08,6,126.86,13120.01,23.0,1082.9618198084,Yes,No,Yes,Unsolved,Poor Website
b3e74aa896bb2107,17,F,City,Silver Membership,2025-04-20,Yes,Gift Vouchers/Coupons,Desktop,Fiber_Optic,11:01:46,22,56.17,31823.76,12.0,1069.614669217273,No,Yes,Yes,Solved,Poor Website
8a71e51c5af747ef,43,F,City,Basic Membership,2025-04-20,No,Without Offers,Smartphone,Fiber_Optic,09:01:53,22,194.99,20209.71,28.0,657.43,No,Yes,No,Not Applicable,Poor Website
b0df171f2533fc5e,44,M,,Platinum Membership,2025-04-20,,Credit/Debit Card Offers,Both,Wi-Fi,02:38:24,10,434.55,26052.51,0.0,734.85,Yes,Yes,Yes,Solved,Reasonable Price
85d842e265d33d9d,32,F,City,Silver Membership,2025-04-20,No,Without Offers,Desktop,Mobile_Data,06:22:03,2,447.46,26687.09,26.0,0.0,No,Yes,Yes,No Information Available,Too many ads
9415418017cab7f6,19,F,,Gold Membership,2025-04-20,No,Gift Vouchers/Coupons,,Mobile_Data,14:15:03,6,0.0,11703.18,28.0,765.16,No,Yes,No,Not Applicable,Poor Website
a6fda82dad3eb4f7,40,M,Town,No Membership,2025-04-20,No,Without Offers,,Fiber_Optic,13:50:51,17,48.92,42897.84,11.0,634.47,Yes,No,Yes,Solved in Follow-up,Poor Product Quality
8e15cdcfe6b10aa7,40,F,City,Basic Membership,2025-04-20,No,Without Offers,Smartphone,Wi-Fi,14:59:20,6,149.23,45880.96,16.0,672.74,No,Yes,Yes,Solved,No reason specified
b23413b51a7447c5,18,F,City,Basic Membership,2025-04-20,No,Without Offers,Smartphone,Mobile_Data,03:55:49,18,76.36,44300.91,0.0,685.41,Yes,No,No,Not Applicable,Poor Customer Service
9403953b8d753d5a,17,M,Town,Gold Membership,2025-04-20,,Credit/Debit Card Offers,Smartphone,Wi-Fi,08:35:22,15,51.08,27455.08,16.0,0.0,No,Yes,No,Not Applicable,Poor Product Quality
933bbced0bb34348,32,M,Village,Platinum Membership,2025-04-20,Yes,Gift Vouchers/Coupons,Desktop,Wi-Fi,22:57:26,16,167.22,77905.9,11.0,805.72,Yes,No,No,Not Applicable,Products always in Stock
978fa2431a57882c,35,F,Town,Gold Membership,2025-04-20,No,Credit/Debit Card Offers,Desktop,Wi-Fi,01:49:56,18,33.32,48830.47,19.0,717.28,No,Yes,Yes,No Information Available,Poor Website
b61fe33912c0c61b,15,F,Village,Premium Membership,2025-04-20,,Without Offers,,Mobile_Data,21:29:28,24,444.2,10245.55,17.0,796.7,Yes,Yes,Yes,Solved in Follow-up,Poor Product Quality
95d88cf450360829,51,F,City,No Membership,2025-04-20,Yes,Gift Vouchers/Coupons,Smartphone,Fiber_Optic,09:04:59,7,129.58,4175.5,14.0,597.48,No,Yes,No,Not Applicable,Poor Website
a7efdb12b17eb316,33,F,City,Platinum Membership,2025-04-20,Yes,Credit/Debit Card Offers,Smartphone,Mobile_Data,23:21:15,17,89.21,23306.53,16.0,735.33,Yes,No,No,Not Applicable,Poor Product Quality
b4a0f89b33238b63,17,F,City,No Membership,2025-04-20,No,Without Offers,Desktop,Fiber_Optic,03:48:26,12,33.57,9924.36,12.0,619.04,No,Yes,Yes,Solved,Poor Customer Service
b41bf84bb94d8fc8,15,M,Town,Silver Membership,2025-04-20,Yes,Gift Vouchers/Coupons,Smartphone,Mobile_Data,08:48:39,14,766.04,44858.07,18.0,689.99,Yes,Yes,No,Not Applicable,Poor Customer Service
8d2dca39a6400b0c,52,M,City,Silver Membership,2025-04-20,Yes,Without Offers,Both,Fiber_Optic,18:01:24,16,456.12,38954.81,22.0,788.3,No,Yes,No,Not Applicable,Poor Product Quality
9d4b1f1c9dff8698,14,M,Town,Silver Membership,2025-04-20,No,Without Offers,Smartphone,Mobile_Data,00:38:30,16,34.44,43062.02,17.0,1169.2295666064863,Yes,No,No,Not Applicable,Poor Product Quality
b9d4fcdb01ba9b3d,35,F,Town,Silver Membership,2025-04-20,Yes,Gift Vouchers/Coupons,Smartphone,Wi-Fi,16:14:54,22,56.3,31368.67,9.0,732.4,Yes,No,Yes,Solved in Follow-up,Too many ads
9bed112dc8988171,36,F,City,Silver Membership,2025-04-20,Yes,Gift Vouchers/Coupons,Desktop,Fiber_Optic,22:29:52,17,33.24,8830.3,19.0,177.1264294065611,Yes,No,No,Not Applicable,Poor Customer Service
8b27805579061877,18,F,Village,Gold Membership,2025-04-20,,Gift Vouchers/Coupons,Desktop,Fiber_Optic,13:05:39,10,117.45,28240.88,0.0,759.91,No,Yes,No,Not Applicable,Poor Customer Service
b99273032475543a,48,M,,No Membership,2025-04-20,Yes,Without Offers,Smartphone,Wi-Fi,02:24:44,14,150.09,48187.61,25.0,619.12,Yes,No,Yes,Solved,Poor Website
bf40f3b9e1305cce,30,F,City,No Membership,2025-04-20,No,Gift Vouchers/Coupons,Smartphone,Fiber_Optic,23:48:55,3,471.98,19906.0,10.0,833.3849666181334,Yes,No,No,Not Applicable,Too many ads
ad7e810af9d0e655,29,M,Town,Basic Membership,2025-04-20,No,Without Offers,Desktop,Mobile_Data,21:37:06,22,92.92,38408.48,13.0,515.75,No,Yes,Yes,Solved,Poor Customer Service
9681da222af50d44,10,M,Town,Platinum Membership,2025-04-20,No,Gift Vouchers/Coupons,Smartphone,Wi-Fi,02:33:45,20,170.8,47595.8,7.0,814.01,No,Yes,No,Not Applicable,Products always in Stock
9e4411866b8d5032,51,F,Town,Basic Membership,2025-04-20,Yes,Without Offers,Both,Fiber_Optic,23:26:24,12,526.86,1193.66,12.0,700.44,Yes,Yes,Yes,No Information Available,Poor Website
9b23d32b4d58a4c5,24,M,Town,Gold Membership,2025-04-20,Yes,Without Offers,Smartphone,Wi-Fi,18:22:53,12,79.79,2328.28,28.0,743.72,No,Yes,No,Not Applicable,Poor Website
bdb13d286e037689,16,M,Town,Basic Membership,2025-04-20,,Without Offers,Smartphone,Wi-Fi,16:03:25,3,305.14,47542.15,18.0,618.04,Yes,No,No,Not Applicable,Poor Website
9e413b2ba9774f15,51,M,Village,Gold Membership,2025-04-20,Yes,Credit/Debit Card Offers,Smartphone,Fiber_Optic,14:29:01,1,702.13,18899.25,26.0,604.57,Yes,No,Yes,No Information Available,Poor Website
b79540d4a199f5d4,23,F,Village,No Membership,2025-04-20,Yes,Gift Vouchers/Coupons,Smartphone,Wi-Fi,05:35:45,14,33.69,15651.77,9.0,1173.1103324771166,No,Yes,No,Not Applicable,Poor Website
831189b05ef3f668,31,F,City,Basic Membership,2025-04-20,Yes,Gift Vouchers/Coupons,Both,Wi-Fi,14:57:49,12,466.73,8965.71,8.0,704.59,Yes,Yes,No,Not Applicable,Poor Website
8e6805aa2d3e32ae,36,F,Village,Silver Membership,2025-04-20,Yes,Credit/Debit Card Offers,Desktop,Wi-Fi,07:47:14,6,149.65,29242.76,25.0,0.0,No,Yes,No,Not Applicable,Poor Product Quality
8842e68e08121aa5,58,F,,Silver Membership,2025-04-20,Yes,Gift Vouchers/Coupons,Desktop,Mobile_Data,05:13:53,17,215.94,22620.54,13.0,772.43,No,Yes,Yes,Unsolved,No reason specified
975f7d2e9a1efe27,41,F,,No Membership,2025-04-20,No,Credit/Debit Card Offers,,Mobile_Data,10:45:38,17,0.0,15759.58,22.0,0.0,No,Yes,No,Not Applicable,Too many ads
a491250d47369b61,11,,Town,No Membership,2025-04-20,Yes,Without Offers,Desktop,Mobile_Data,05:26:32,9,57.54,7710.83,7.0,0.0,No,Yes,No,Not Applicable,No reason specified
afc591856b486db8,51,F,,No Membership,2025-04-20,Yes,Without Offers,,Mobile_Data,14:16:44,5,145.16,16459.67,7.187935287324031,1049.6267695872452,Yes,No,Yes,Solved,Poor Customer Service
920285752bc67eb6,55,M,Village,Gold Membership,2025-04-20,No,Credit/Debit Card Offers,,Mobile_Data,07:46:57,8,404.52,14140.69,25.0,716.88,Yes,No,No,Not Applicable,No reason specified
b8d923bc91dc8106,40,F,City,Gold Membership,2025-04-20,No,Without Offers,Desktop,Wi-Fi,11:20:51,-999,50.74,38028.9,28.0,1258.0919243161236,Yes,No,No,Not Applicable,Poor Customer Service
9a038162374559f0,63,F,,Gold Membership,2025-04-20,Yes,Gift Vouchers/Coupons,Desktop,Mobile_Data,14:32:20,1,94.15,87442.93,5.0,765.18,No,Yes,No,Not Applicable,User Friendly Website
a8c6e240087e09d4,15,F,City,Premium Membership,2025-04-20,,Credit/Debit Card Offers,Desktop,Wi-Fi,12:41:41,11,34.9,82848.75,10.0,792.5,Yes,No,Yes,Solved in Follow-up,Products always in Stock
9a5d011d47c79bed,12,M,Town,No Membership,2025-04-20,,Without Offers,Both,Mobile_Data,08:54:45,15,714.45,43288.11,0.0,291.6192363651029,Yes,No,No,Not Applicable,Poor Product Quality
ae10e85052c94708,44,F,Town,Premium Membership,2025-04-20,,Gift Vouchers/Coupons,Smartphone,Fiber_Optic,15:42:30,8,567.61,40417.08,5.0,0.0,Yes,No,No,Not Applicable,Quality Customer Care
bc6a0ed482bad299,38,F,Town,Premium Membership,2025-04-20,Yes,Without Offers,Desktop,Fiber_Optic,21:35:12,9,554.58,36205.03,13.0,0.0,Yes,No,Yes,Solved,Poor Product Quality
a4c18d6a727895f8,24,M,Village,Premium Membership,2025-04-20,Yes,Without Offers,Smartphone,Mobile_Data,14:30:34,20,157.37,24410.79,0.0,747.53,Yes,No,Yes,Solved in Follow-up,Poor Website
91222f7edf3bb9c9,33,F,City,Silver Membership,2025-04-21,Yes,Credit/Debit Card Offers,Both,Mobile_Data,03:42:03,16,909.47,44103.9,10.0,750.99,Yes,Yes,No,Not Applicable,Poor Customer Service
95613f4de8d287b1,34,F,Town,Basic Membership,2025-04-21,No,Without Offers,Desktop,Fiber_Optic,17:09:35,22,107.85,34107.78,9.0,703.89,No,Yes,No,Not Applicable,Poor Website
b1cde5f9231f5082,34,F,City,Platinum Membership,2025-04-21,Yes,Gift Vouchers/Coupons,Smartphone,Fiber_Optic,20:23:08,5,536.38,14476.35,24.0,216.4574545105041,Yes,No,No,Not Applicable,Too many ads
8c63f69651bb7293,13,F,City,No Membership,2025-04-21,No,Gift Vouchers/Coupons,Both,Wi-Fi,19:59:44,21,237.87,24178.44,25.0,0.0,Yes,No,Yes,Solved in Follow-up,Poor Customer Service
91eefe106a56ea08,42,M,City,Basic Membership,2025-04-21,,Gift Vouchers/Coupons,Desktop,Fiber_Optic,21:32:21,19,142.0,46430.5,24.0,662.13,No,Yes,Yes,Solved in Follow-up,Poor Customer Service
8922a8ec05054eba,59,F,Village,Platinum Membership,2025-04-21,No,Gift Vouchers/Coupons,Desktop,Wi-Fi,04:34:39,17,123.22,65033.56,12.0,782.82,No,Yes,Yes,No Information Available,Quality Customer Care
ab6d5ffdb8a82f5a,56,M,,Basic Membership,2025-04-21,No,Gift Vouchers/Coupons,,Fiber_Optic,04:32:28,8,411.64,34669.02,15.0,658.32,No,Yes,Yes,Unsolved,Too many ads
ac1b7b939642be29,22,F,Town,Basic Membership,2025-04-21,No,Without Offers,,Wi-Fi,06:18:41,20,305.87,14574.04,11.0,671.17,No,Yes,No,Not Applicable,Too many ads
a7f86a735a3bac00,56,F,Town,No Membership,2025-04-21,No,Credit/Debit Card Offers,Smartphone,Fiber_Optic,12:49:56,7,134.14,33357.04,16.0,574.57,Yes,Yes,Yes,Unsolved,Poor Website
a184938b60f96edc,26,M,Town,Basic Membership,2025-04-21,Yes,Without Offers,Desktop,Fiber_Optic,16:12:02,11,255.69,25785.52,29.0,0.0,Yes,Yes,Yes,Solved in Follow-up,No reason specified
8628f029b4a18776,10,M,Town,No Membership,2025-04-21,Yes,Without Offers,Desktop,Mobile_Data,07:56:41,7,152.5,41057.56,0.0,664.9,No,Yes,Yes,Solved in Follow-up,Too many ads
a44809a5faa27834,21,F,,Platinum Membership,2025-04-21,No,Without Offers,,Wi-Fi,16:35:02,7,189.68,21019.11,20.0,1011.2992649711432,Yes,No,Yes,Solved in Follow-up,Poor Product Quality
bed08e7e3b48e7e1,38,F,City,Platinum Membership,2025-04-21,Yes,Gift Vouchers/Coupons,,Mobile_Data,16:20:15,11,932.2690742198828,43205.47,9.0,0.0,No,Yes,No,Not Applicable,Products always in Stock
84d400384632d00b,21,F,Town,Premium Membership,2025-04-21,Yes,Without Offers,Desktop,Mobile_Data,02:36:22,-999,296.38,94764.52,34.32765302785937,799.05,Yes,Yes,Yes,Solved in Follow-up,Quality Customer Care
bcc01be9cee3c9e3,54,F,Village,Premium Membership,2025-04-21,,Credit/Debit Card Offers,,Fiber_Optic,09:04:14,14,75.4,27282.28,15.0,753.66,Yes,No,Yes,Unsolved,Products always in Stock
ac6bceb1450abf97,13,M,City,Basic Membership,2025-04-21,Yes,Without Offers,Desktop,Wi-Fi,19:22:07,5,0.0,16617.63,27.0,606.64,No,Yes,Yes,Unsolved,Poor Customer Service
90d6aae534eccec5,64,M,Village,Basic Membership,2025-04-21,,Without Offers,Desktop,Mobile_Data,06:21:14,18,157.38,28395.21,24.0,643.42,No,Yes,Yes,Unsolved,Poor Product Quality
8649fff1bbb8a257,57,F,Town,Gold Membership,2025-04-21,Yes,Gift Vouchers/Coupons,Desktop,Fiber_Optic,17:03:00,4,232.53,95751.29,12.0,0.0,Yes,Yes,No,Not Applicable,Quality Customer Care
af0c4db50346eab3,38,F,City,Gold Membership,2025-04-21,No,Without Offers,Both,Mobile_Data,04:45:54,-999,209.17,3632.57,25.0,719.16,Yes,Yes,Yes,Unsolved,Too many ads
88fadb6cf128f631,38,M,,Silver Membership,2025-04-21,,Without Offers,Both,Wi-Fi,04:14:30,4,218.97,71002.06,14.0,750.03,Yes,No,Yes,Solved in Follow-up,Products always in Stock
8e1ca070e0910f7a,34,F,Town,Platinum Membership,2025-04-21,Yes,Without Offers,Smartphone,Wi-Fi,20:56:47,17,519.11,39958.06,13.0,844.37,Yes,Yes,Yes,No Information Available,Quality Customer Care
ab974c35a00d7171,28,F,Village,Premium Membership,2025-04-21,No,Credit/Debit Card Offers,Both,Wi-Fi,05:29:57,21,397.5,47444.5,30.0,755.18,Yes,No,Yes,Solved,Too many ads
a0e03e6bb7407002,34,M,Town,Gold Membership,2025-04-21,Yes,Gift Vouchers/Coupons,Smartphone,Mobile_Data,10:46:36,15,1076.9289923631884,17840.96,15.0,0.0,No,Yes,No,Not Applicable,Poor Product Quality
a6e98b0caaf62a84,28,M,Town,Silver Membership,2025-04-21,Yes,Gift Vouchers/Coupons,Desktop,Wi-Fi,05:29:34,11,318.53,6012.27,20.0,718.22,Yes,No,Yes,Solved in Follow-up,Poor Customer Service
b0f53ddb149f9bda,32,M,Town,No Membership,2025-04-21,No,Gift Vouchers/Coupons,Smartphone,Wi-Fi,08:54:49,9,0.0,9170.06,22.0,523.29,No,Yes,No,Not Applicable,Poor Product Quality
8cc419ff1a7b7247,51,M,Town,No Membership,2025-04-21,,Credit/Debit Card Offers,,Mobile_Data,10:11:45,19,118.88,44883.96,21.0,661.91,Yes,No,No,Not Applicable,Poor Website
a933e02678c1a975,64,F,,Premium Membership,2025-04-21,No,Without Offers,Smartphone,Wi-Fi,06:20:11,17,343.75,12731.68,17.0,772.49,No,Yes,Yes,Solved,Poor Customer Service
aeb52c90216c4f5a,37,F,City,Gold Membership,2025-04-21,Yes,Without Offers,Both,Fiber_Optic,08:31:22,15,611.64,28603.63,26.0,690.63,No,Yes,Yes,Solved in Follow-up,No reason specified
b3c811917096dc19,26,M,Town,Silver Membership,2025-04-21,No,Credit/Debit Card Offers,Desktop,Mobile_Data,02:24:55,16,45.55,19357.34,27.0,772.12,Yes,No,Yes,No Information Available,Poor Customer Service
bf5a6dd66e20603f,37,M,City,Silver Membership,2025-04-21,No,Without Offers,Smartphone,Fiber_Optic,11:52:07,5,34.77,34109.57,7.0,753.73,Yes,No,No,Not Applicable,No reason specified
b7582a06c26d3b3d,12,M,City,No Membership,2025-04-21,No,Without Offers,,Mobile_Data,00:20:24,13,212.21,22791.32,16.0,528.17,Yes,No,Yes,Solved in Follow-up,Too many ads
8c403f45a78cdac7,13,M,City,Gold Membership,2025-04-21,,Credit/Debit Card Offers,Smartphone,Fiber_Optic,05:42:25,12,0.0,24086.26,15.0,674.78,Yes,Yes,No,Not Applicable,Too many ads
8b7087f083c1e93f,47,F,,Silver Membership,2025-04-21,,Credit/Debit Card Offers,Smartphone,Fiber_Optic,09:50:31,18,130.4,27986.38,23.0,703.22,No,Yes,No,Not Applicable,Poor Website
835032394e1b9f9d,41,M,,Basic Membership,2025-04-21,No,Without Offers,Both,Fiber_Optic,02:50:45,17,223.95,29421.52,7.0,652.13,Yes,No,No,Not Applicable,Poor Product Quality
b60c61f31e4f2c1b,22,F,City,Basic Membership,2025-04-21,No,Gift Vouchers/Coupons,Desktop,Fiber_Optic,21:01:14,11,189.89,32394.21,17.0,665.65,No,Yes,No,Not Applicable,Poor Website
ac94d00f3e63844c,41,F,Village,Basic Membership,2025-04-21,Yes,Credit/Debit Card Offers,Smartphone,Mobile_Data,08:18:26,14,282.04,48141.8,0.0,701.96,No,Yes,No,Not Applicable,No reason specified
bc20f1ddd82cf14d,11,M,Town,Platinum Membership,2025-04-21,No,Credit/Debit Card Offers,Desktop,Fiber_Optic,19:36:27,15,32.96,46456.05,9.0,840.6,Yes,No,Yes,Solved in Follow-up,Quality Customer Care
9e5f71ded0afc849,48,M,City,Platinum Membership,2025-04-21,Yes,Credit/Debit Card Offers,,Fiber_Optic,20:15:39,10,33.15,21486.77,26.0,210.91631180792373,Yes,No,No,Not Applicable,Poor Website
9ee0b44c89f3307a,51,F,Town,Silver Membership,2025-04-21,Yes,Without Offers,Smartphone,Wi-Fi,21:15:34,18,34.47,15581.6,0.0,786.08,Yes,No,Yes,Solved in Follow-up,No reason specified
b798384042a8a623,12,M,Town,Gold Membership,2025-04-21,No,Credit/Debit Card Offers,Smartphone,Wi-Fi,19:19:39,18,108.22,10261.77,13.0,659.25,No,Yes,Yes,No Information Available,Poor Website
8e7f4aef7ab3a45a,48,M,Town,Gold Membership,2025-04-21,Yes,Without Offers,Desktop,Mobile_Data,23:46:06,12,32.41,44710.99,6.0,365.4298768718248,No,Yes,Yes,Unsolved,Poor Website
9ded5e01d63fa3ab,22,M,Town,No Membership,2025-04-21,No,Gift Vouchers/Coupons,,Fiber_Optic,03:53:47,17,52.81,5123.15,0.0,699.45,Yes,No,Yes,Solved,Poor Website
a1d52f57ec8961a6,13,M,City,No Membership,2025-04-21,Yes,Gift Vouchers/Coupons,Both,Fiber_Optic,19:11:00,14,1428.96,30908.96,5.0,566.33,Yes,Yes,Yes,Unsolved,No reason specified
9f9d78f7e3eb86f2,56,F,Town,No Membership,2025-04-21,No,Credit/Debit Card Offers,Smartphone,Mobile_Data,14:08:04,10,110.01,37701.72,6.0,602.23,No,Yes,No,Not Applicable,Poor Website
ab01cc9754d08172,30,M,City,Silver Membership,2025-04-21,Yes,Gift Vouchers/Coupons,Smartphone,Fiber_Optic,17:37:33,16,70.14,43991.75,0.0,634.75,No,Yes,No,Not Applicable,Poor Product Quality
bc643d6fe0dfd218,59,M,Town,No Membership,2025-04-21,,Without Offers,Both,Fiber_Optic,04:26:06,15,510.73,20038.13,7.0,622.29,Yes,Yes,No,Not Applicable,Poor Customer Service
86dcb32faa234273,46,M,Village,Silver Membership,2025-04-21,No,Gift Vouchers/Coupons,Desktop,Mobile_Data,10:21:46,10,254.36,6032.49,7.0,645.63,Yes,No,No,Not Applicable,Poor Product Quality
8c35e1df2d55e441,21,M,City,No Membership,2025-04-21,Yes,Without Offers,Desktop,Fiber_Optic,13:54:48,-999,212.87,38533.84,25.0,580.03,No,Yes,Yes,Unsolved,Poor Website
814efa8bcaa86609,12,M,,Gold Membership,2025-04-21,No,Gift Vouchers/Coupons,Desktop,Mobile_Data,02:52:52,8,254.9,33875.23,0.0,781.43,Yes,No,Yes,Unsolved,Poor Website
8ca15b4653746597,42,F,,Premium Membership,2025-04-21,No,Credit/Debit Card Offers,,Fiber_Optic,06:16:55,20,33.13,41989.07,7.0,1264.0625759069476,No,Yes,Yes,Solved,Quality Customer Care
b878b60b4a22e1ba,41,F,City,No Membership,2025-04-21,Yes,Credit/Debit Card Offers,Both,Wi-Fi,16:22:33,5,223.79,14427.28,22.0,537.94,No,Yes,No,Not Applicable,No reason specified
927f483007d238ce,49,M,Town,Gold Membership,2025-04-21,No,Credit/Debit Card Offers,Desktop,Fiber_Optic,05:55:41,14,297.2,40452.01,1.0,417.4571995043318,Yes,No,No,Not Applicable,Reasonable Price
914679cb506da6c8,30,F,City,Gold Membership,2025-04-21,,Credit/Debit Card Offers,Desktop,Mobile_Data,09:52:06,8,521.24,1416.98,53.32412157644433,719.45,No,Yes,Yes,Solved,Poor Website
bde7f03780bd5fc1,39,F,City,Silver Membership,2025-04-21,No,Credit/Debit Card Offers,Smartphone,Mobile_Data,16:43:29,13,956.5329524081692,46818.97,13.0,676.2,Yes,No,Yes,Unsolved,No reason specified
a234b713fc2c8498,54,M,Town,No Membership,2025-04-21,Yes,Without Offers,,Fiber_Optic,01:07:01,10,188.25,49351.41,24.0,605.33,No,Yes,No,Not Applicable,Poor Customer Service
94f6baf69920acb3,31,M,City,No Membership,2025-04-21,,Credit/Debit Card Offers,,Wi-Fi,07:14:54,21,172.76,42905.49,26.0,0.0,No,Yes,No,Not Applicable,Poor Website
b3244086035bf23d,58,M,Town,Silver Membership,2025-04-21,No,Without Offers,Desktop,Fiber_Optic,12:30:26,18,112.17,39147.22,25.0,0.0,Yes,No,No,Not Applicable,No reason specified
9e477c2e9f0131e8,35,F,,Basic Membership,2025-04-21,Yes,Gift Vouchers/Coupons,Smartphone,Fiber_Optic,13:59:08,15,511.99,20480.91,10.0,624.25,Yes,Yes,No,Not Applicable,Poor Product Quality
b7d3c16a0a448cc7,11,F,Town,Premium Membership,2025-04-21,No,Without Offers,Both,Mobile_Data,20:12:47,14,282.16,6731.12,26.0,1203.9161534942934,Yes,No,Yes,Solved,Poor Product Quality
86cdb11102228b2c,46,F,,Basic Membership,2025-04-21,,Gift Vouchers/Coupons,Desktop,Fiber_Optic,01:33:21,12,74.69,13660.67,6.0,353.2904885636035,Yes,No,No,Not Applicable,Poor Product Quality
b3146ac3eee3e0fa,32,M,,Premium Membership,2025-04-21,No,Gift Vouchers/Coupons,Smartphone,Wi-Fi,15:58:17,17,128.95,8634.81,0.0,747.23,No,Yes,Yes,No Information Available,Poor Product Quality
874b9c264cdf5773,14,M,,Basic Membership,2025-04-21,,Credit/Debit Card Offers,Smartphone,Wi-Fi,10:19:20,24,174.11,28753.51,17.0,574.36,No,Yes,No,Not Applicable,No reason specified
b5062443f647c53b,43,M,,Gold Membership,2025-04-21,Yes,Without Offers,Desktop,Wi-Fi,18:34:46,11,0.0,45366.71,21.0,765.68,No,Yes,No,Not Applicable,Too many ads
bbe14be284bab2aa,39,M,Village,No Membership,2025-04-21,No,Credit/Debit Card Offers,Smartphone,Wi-Fi,15:06:20,7,205.08,48502.29,26.0,574.88,No,Yes,No,Not Applicable,No reason specified
9b1033740831e0f7,20,M,City,No Membership,2025-04-21,Yes,Gift Vouchers/Coupons,Desktop,Mobile_Data,05:44:32,16,192.88,16418.81,20.0,536.59,Yes,No,No,Not Applicable,Poor Customer Service
802d3b646b18c723,45,M,Town,Silver Membership,2025-04-21,Yes,Without Offers,Smartphone,Mobile_Data,13:32:24,2,199.38,27280.54,19.0,719.52,No,Yes,No,Not Applicable,Poor Website
91b1bea0c5304da2,51,F,Town,No Membership,2025-04-21,Yes,Gift Vouchers/Coupons,Desktop,Mobile_Data,11:22:10,13,126.27,38769.53,18.0,263.7132946482226,Yes,No,Yes,Solved in Follow-up,No reason specified
a7b90cb68ef36358,40,F,Town,Basic Membership,2025-04-21,No,Without Offers,,Wi-Fi,07:57:40,2,356.65,32288.85,0.0,590.77,No,Yes,Yes,Unsolved,Too many ads
885b4aa425c9a80f,32,F,City,Silver Membership,2025-04-21,No,Credit/Debit Card Offers,Desktop,Fiber_Optic,02:03:36,14,163.12,7817.55,6.0,729.56,Yes,No,No,Not Applicable,Too many ads
a0af381c74ec3159,63,F,Town,Silver Membership,2025-04-21,,Credit/Debit Card Offers,Smartphone,Wi-Fi,22:05:19,21,457.02,1923.33,18.0,700.92,Yes,No,No,Not Applicable,User Friendly Website
ad42f7b5d16773e0,22,M,City,No Membership,2025-04-21,Yes,Gift Vouchers/Coupons,Smartphone,Fiber_Optic,07:00:04,14,39.3,28472.59,19.0,585.95,No,Yes,No,Not Applicable,Poor Customer Service
91fd66c67a1d6c7e,61,M,City,Silver Membership,2025-04-21,No,,Smartphone,Wi-Fi,10:27:10,16,74.37,19100.67,47.86504766209523,760.9,Yes,No,Yes,No Information Available,Poor Website
95cd38a8e1b4245b,51,M,City,Gold Membership,2025-04-21,Yes,Credit/Debit Card Offers,Smartphone,Fiber_Optic,22:49:37,20,33.79,26971.49,27.0,0.0,Yes,No,No,Not Applicable,Poor Customer Service
9916e2fd3fd44828,18,M,Town,Basic Membership,2025-04-21,No,Without Offers,Smartphone,Fiber_Optic,15:13:10,16,228.45,24972.67,22.0,603.05,Yes,No,Yes,No Information Available,Poor Customer Service
b2e381b5c39da24a,23,F,,Silver Membership,2025-04-21,No,Without Offers,Desktop,Wi-Fi,17:15:06,14,256.03,32965.8,12.0,606.35,Yes,No,Yes,Unsolved,Poor Customer Service
82a53674fc3897b0,32,F,,Basic Membership,2025-04-21,No,Without Offers,Smartphone,Wi-Fi,01:03:18,21,34.0,8469.43,9.0,667.29,Yes,No,Yes,Solved,Too many ads
9c819d638ec86350,13,F,City,Basic Membership,2025-04-21,Yes,Credit/Debit Card Offers,Both,Wi-Fi,10:40:57,6,684.08,30115.27,29.0,656.41,Yes,Yes,Yes,No Information Available,Poor Product Quality
8f3dde4f7696d7da,22,M,Village,Gold Membership,2025-04-21,Yes,Credit/Debit Card Offers,Desktop,Wi-Fi,08:03:45,4,68.68,55619.26,9.0,1139.2883710597805,No,Yes,No,Not Applicable,Products always in Stock
a41103f81ad11f0e,15,M,,Basic Membership,2025-04-21,Yes,Gift Vouchers/Coupons,Desktop,Fiber_Optic,16:49:10,14,281.36,35441.0,17.73176489975007,671.78,Yes,No,No,Not Applicable,No reason specified
b4eb819c8b708a7a,49,M,City,Silver Membership,2025-04-21,,Credit/Debit Card Offers,Smartphone,Wi-Fi,14:34:32,11,752.57,41196.81,0.0,783.75,Yes,Yes,No,Not Applicable,Reasonable Price
b9d79604322fed5c,42,F,Village,Platinum Membership,2025-04-21,No,Gift Vouchers/Coupons,Smartphone,Fiber_Optic,16:07:01,16,90.03,70675.88,11.0,752.05,No,Yes,No,Not Applicable,User Friendly Website
a3f9011b1103ec72,48,M,City,Gold Membership,2025-04-21,,Without Offers,Desktop,Wi-Fi,14:03:40,16,60.15,24409.15,7.0,822.47,Yes,No,No,Not Applicable,Quality Customer Care
9224bc3fba4dbdfa,53,F,,No Membership,2025-04-21,No,Credit/Debit Card Offers,Both,Fiber_Optic,04:05:38,14,1330.6185160685236,16073.44,27.0,661.61,No,Yes,No,Not Applicable,Too many ads
a6c4ad4b3e6de889,40,M,City,No Membership,2025-04-21,Yes,Without Offers,Desktop,Mobile_Data,02:22:43,14,0.0,5948.22,12.0,575.48,Yes,No,No,Not Applicable,Poor Customer Service
963e49f93ad5eff4,57,F,Village,Gold Membership,2025-04-21,Yes,Without Offers,Smartphone,Wi-Fi,06:45:15,17,888.46,31441.86,22.0,0.0,Yes,Yes,Yes,Unsolved,Poor Website
b2414bd3ae99f273,34,F,Town,Silver Membership,2025-04-21,,Gift Vouchers/Coupons,Desktop,Wi-Fi,14:35:09,18,0.0,19415.09,5.0,474.72194527644217,Yes,No,No,Not Applicable,Too many ads
b317e6f18a98d7ef,16,F,City,No Membership,2025-04-21,No,Without Offers,Smartphone,Wi-Fi,10:17:25,8,1640.4680348207607,3687.68,13.0,654.57,No,Yes,No,Not Applicable,Too many ads
8a2b1f342f2d5a67,17,M,City,Platinum Membership,2025-04-21,Yes,Credit/Debit Card Offers,Smartphone,Fiber_Optic,22:29:26,9,198.73,48574.31,1.946183913286916,778.42,No,Yes,Yes,No Information Available,Poor Customer Service
a805979868c33935,44,M,Town,No Membership,2025-04-21,No,Credit/Debit Card Offers,Smartphone,Wi-Fi,19:57:13,15,70.54,39128.64,10.0,650.9,No,Yes,Yes,Solved in Follow-up,Poor Website
a96033658dc2bbfa,10,M,Town,Basic Membership,2025-04-21,No,Gift Vouchers/Coupons,Desktop,Wi-Fi,12:53:00,18,1591.2519395893396,25404.54,29.0,714.88,No,Yes,No,Not Applicable,Poor Website
81320ee38056fbd7,17,M,City,Premium Membership,2025-04-21,No,Without Offers,Desktop,Wi-Fi,15:07:58,14,388.08,98247.86,17.0,779.67,Yes,Yes,Yes,Unsolved,Products always in Stock
a604a65ea77c2515,26,M,,No Membership,2025-04-21,,Without Offers,Desktop,Fiber_Optic,18:02:16,8,92.39,5419.87,14.0,632.75,Yes,No,No,Not Applicable,Poor Customer Service
b9bcd686cfa1706d,12,M,City,Basic Membership,2025-04-21,Yes,Without Offers,Smartphone,Wi-Fi,13:56:42,17,65.63,44038.21,11.0,687.15,Yes,No,No,Not Applicable,No reason specified
8b658716c59c27bf,34,M,Town,Platinum Membership,2025-04-21,No,Gift Vouchers/Coupons,Desktop,Mobile_Data,02:31:22,23,193.08,16462.5,40.70053302197731,771.99,No,Yes,Yes,Solved,Poor Product Quality
ab1dee582de4ab41,53,M,Town,No Membership,2025-04-21,,Gift Vouchers/Coupons,Desktop,Mobile_Data,11:32:34,4,219.0,48520.22,22.0,699.34,Yes,No,Yes,No Information Available,Too many ads
b8926f90ee497078,19,M,City,Silver Membership,2025-04-21,Yes,Without Offers,Smartphone,Wi-Fi,16:18:46,11,1151.9500754242015,36454.92,27.0,716.9,No,Yes,Yes,Solved in Follow-up,Too many ads
bc3b8846fc5bd1b6,12,F,,Basic Membership,2025-04-21,Yes,Credit/Debit Card Offers,Smartphone,Mobile_Data,20:39:42,21,979.23,48534.77,22.0,573.83,Yes,Yes,Yes,Unsolved,Poor Customer Service
bbee26d1934e9cca,57,F,Village,Silver Membership,2025-04-21,,Without Offers,,Mobile_Data,09:40:58,16,56.56,1152.36,0.0,766.8,No,Yes,No,Not Applicable,Poor Customer Service
9d4f8236fca82cc5,19,M,City,Basic Membership,2025-04-21,No,Without Offers,,Fiber_Optic,05:52:11,24,45.67,32483.09,48.84894664487981,503.83,Yes,No,No,Not Applicable,Poor Customer Service
91abf19ec6b227d8,45,F,Town,No Membership,2025-04-21,,Credit/Debit Card Offers,Desktop,Fiber_Optic,00:56:32,23,32.89,2006.21,12.0,624.59,No,Yes,Yes,Unsolved,Poor Website
a1541ec7265bee5f,51,F,Village,Basic Membership,2025-04-21,No,Credit/Debit Card Offers,Desktop,Mobile_Data,07:56:42,10,51.72,6681.93,11.0,605.67,No,Yes,Yes,Solved,No reason specified
9ba219eedd06151f,27,F,,Basic Membership,2025-04-21,No,Without Offers,Desktop,Fiber_Optic,11:37:43,10,44.1,28360.22,28.0,685.94,No,Yes,No,Not Applicable,Too many ads
bd01926cf64e8836,32,F,City,Silver Membership,2025-04-21,No,Gift Vouchers/Coupons,Desktop,Wi-Fi,00:32:06,15,488.97,13015.04,0.0,745.84,No,Yes,No,Not Applicable,Poor Website
8be5b04574b11403,53,F,Town,Gold Membership,2025-04-22,Yes,Without Offers,Smartphone,Fiber_Optic,08:03:54,15,1220.42,28492.9,18.0,671.45,Yes,Yes,Yes,No Information Available,Too many ads
83bd6802a924128e,26,F,Town,Premium Membership,2025-04-22,No,Without Offers,Both,Wi-Fi,15:56:50,13,459.87,32898.53,15.0,734.02,No,Yes,Yes,Solved in Follow-up,Too many ads
a94a7e1293c4ebc0,39,F,Town,Basic Membership,2025-04-22,No,Credit/Debit Card Offers,Smartphone,Mobile_Data,01:51:14,21,186.03,2353.19,22.0,675.41,Yes,No,No,Not Applicable,No reason specified
bebef4c3d9919748,22,M,Town,Basic Membership,2025-04-22,,Without Offers,Desktop,Fiber_Optic,01:19:18,13,79.64,18100.45,6.0,0.0,No,Yes,Yes,No Information Available,Poor Website
afe8408a617b1b71,62,F,City,No Membership,2025-04-22,No,Without Offers,Smartphone,Fiber_Optic,13:22:39,17,60.19,2853.73,29.0,622.49,Yes,No,No,Not Applicable,Poor Customer Service
841b903956437c6e,23,F,Town,Gold Membership,2025-04-22,No,Gift Vouchers/Coupons,,Wi-Fi,19:54:30,19,132.42,16690.76,19.0,614.87,Yes,No,No,Not Applicable,Too many ads
8c9dc23226fc642e,21,F,City,No Membership,2025-04-22,,Gift Vouchers/Coupons,Both,Mobile_Data,00:51:11,15,646.59,20745.19,28.0,582.0,Yes,Yes,Yes,No Information Available,No reason specified
8ef7a598f9b39516,10,M,,Silver Membership,2025-04-22,Yes,Gift Vouchers/Coupons,Desktop,Fiber_Optic,02:44:48,7,135.88,36488.45,6.0,1009.5506449630092,No,Yes,No,Not Applicable,No reason specified
aeea11090d5f2bd2,54,M,City,Platinum Membership,2025-04-22,No,Without Offers,Smartphone,Wi-Fi,22:39:55,24,34.68,21647.66,12.0,774.36,Yes,No,Yes,Solved in Follow-up,Too many ads
8555b7faf2cd5a8f,22,M,City,No Membership,2025-04-22,Yes,Without Offers,Both,Mobile_Data,20:32:07,6,848.62,44654.97,5.716129485353264,0.0,No,Yes,Yes,Unsolved,Poor Customer Service
83f80fd82fd5aec7,28,F,City,Gold Membership,2025-04-22,Yes,Without Offers,,Wi-Fi,20:11:51,13,677.57,5873.15,27.0,708.83,Yes,Yes,Yes,Solved in Follow-up,Poor Website
98e7ca9a5a937764,59,F,Town,Platinum Membership,2025-04-22,,Without Offers,Desktop,Fiber_Optic,00:27:26,2,259.37,21858.45,10.0,724.75,Yes,Yes,Yes,Unsolved,Poor Website
bf648307e30e6da8,54,F,Town,Platinum Membership,2025-04-22,No,Gift Vouchers/Coupons,Desktop,Mobile_Data,04:13:16,13,95.31,16119.42,12.0,711.15,Yes,No,Yes,No Information Available,Too many ads
9e6a903600570307,12,F,Town,Premium Membership,2025-04-22,No,Gift Vouchers/Coupons,Desktop,Wi-Fi,21:03:43,16,311.34,45334.11,25.0,742.45,Yes,Yes,Yes,Solved,Too many ads
b7cccf8c20f227ad,17,M,Town,No Membership,2025-04-22,Yes,Credit/Debit Card Offers,Both,Mobile_Data,18:43:49,-999,828.94,3817.5,43.8670993823439,580.35,No,Yes,Yes,Solved in Follow-up,Too many ads
815637f942c526ee,23,F,Village,Silver Membership,2025-04-22,No,Gift Vouchers/Coupons,Desktop,Mobile_Data,09:13:38,-999,0.0,3663.47,12.0,0.0,No,Yes,No,Not Applicable,Poor Customer Service
86bde440c565c633,38,F,Town,Silver Membership,2025-04-22,No,Gift Vouchers/Coupons,Desktop,Wi-Fi,15:32:27,15,47.74,5950.33,28.0,723.38,No,Yes,Yes,Solved,No reason specified
b9ec47ba0be7192d,37,F,,Basic Membership,2025-04-22,Yes,Credit/Debit Card Offers,Desktop,Fiber_Optic,09:30:42,15,328.37,4481.13,21.0,619.44,No,Yes,Yes,No Information Available,Poor Customer Service
a899d68da299ba9c,11,F,Town,No Membership,2025-04-22,No,Gift Vouchers/Coupons,Smartphone,Fiber_Optic,08:05:31,17,979.8213952243304,29074.76,0.0,540.85,No,Yes,No,Not Applicable,No reason specified
8be920729e2ce8d9,57,F,City,Silver Membership,2025-04-22,No,Gift Vouchers/Coupons,Smartphone,Fiber_Optic,01:26:28,17,68.53,31609.24,0.0,785.98,No,Yes,Yes,Solved,User Friendly Website
b0835eaed4aa2602,35,F,,Gold Membership,2025-04-22,No,Gift Vouchers/Coupons,,Mobile_Data,00:52:01,13,267.5,40934.07,16.0,689.62,No,Yes,No,Not Applicable,Poor Website
9f5c74449078f006,52,M,City,Silver Membership,2025-04-22,Yes,Credit/Debit Card Offers,Desktop,Fiber_Optic,03:36:30,15,128.19,25516.75,12.0,699.02,No,Yes,Yes,Solved,Poor Website
bd9694f337aaafd2,45,F,Village,Basic Membership,2025-04-22,No,Credit/Debit Card Offers,Desktop,Mobile_Data,23:44:14,17,101.0,32835.95,17.0,611.34,Yes,No,Yes,Solved,Poor Product Quality
8ee4016d82c59307,49,M,Town,Gold Membership,2025-04-22,Yes,Without Offers,,Wi-Fi,19:25:28,14,1188.3074069918214,11933.08,20.0,718.31,Yes,No,No,Not Applicable,Poor Product Quality
9fa95e41d37dcb6e,31,M,City,Basic Membership,2025-04-22,No,Without Offers,Smartphone,Wi-Fi,07:26:21,4,392.86,47460.8,14.0,680.63,Yes,No,Yes,Unsolved,Poor Customer Service
b56eb0e869b4a690,54,M,City,Gold Membership,2025-04-22,No,Without Offers,Desktop,Mobile_Data,12:53:43,16,130.4,20063.8,18.0,793.44,No,Yes,Yes,Unsolved,Products always in Stock
b8846c80fe5510b4,64,F,Village,Basic Membership,2025-04-22,,Credit/Debit Card Offers,Both,Mobile_Data,15:19:58,16,870.53,12512.91,13.0,1474.941244444596,Yes,No,Yes,Solved in Follow-up,Too many ads
8ad716f74dc91f39,29,M,Town,Gold Membership,2025-04-22,Yes,Credit/Debit Card Offers,Desktop,Fiber_Optic,20:16:44,16,32.99,4181.3,13.0,777.1,No,Yes,Yes,Solved,Poor Customer Service
9356a01c80239802,18,F,,Basic Membership,2025-04-22,Yes,Gift Vouchers/Coupons,,Mobile_Data,08:17:32,7,43.79,14608.85,0.0,636.57,Yes,No,No,Not Applicable,Poor Product Quality
8f5e616ac89191fe,18,F,City,Basic Membership,2025-04-22,,Gift Vouchers/Coupons,Smartphone,Wi-Fi,03:28:24,13,88.25,20452.55,6.0,1188.0005718807995,Yes,No,Yes,No Information Available,Poor Customer Service
a3d0d109aaf4b8fe,62,M,,Gold Membership,2025-04-22,Yes,Without Offers,Both,Mobile_Data,19:45:13,3,0.0,22497.4,11.0,757.45,Yes,No,Yes,No Information Available,No reason specified
afaab8fe4903dccc,58,M,City,No Membership,2025-04-22,Yes,Without Offers,Desktop,Wi-Fi,02:24:55,20,34.55,6496.19,26.0,227.5332564365824,No,Yes,Yes,Solved in Follow-up,No reason specified
b7067bfbfd5e858f,61,F,Town,Platinum Membership,2025-04-22,No,Credit/Debit Card Offers,,Fiber_Optic,01:45:37,13,311.98,83809.74,13.0,1119.343567287999,No,Yes,Yes,Solved,Products always in Stock
af46ff083cc6116c,22,F,Village,Premium Membership,2025-04-22,Yes,Credit/Debit Card Offers,Both,Fiber_Optic,20:34:40,8,750.28,34603.87,9.0,1206.2087281556826,Yes,Yes,No,Not Applicable,No reason specified
bebae5e83beaf537,64,F,Village,Gold Membership,2025-04-22,No,Gift Vouchers/Coupons,Desktop,Wi-Fi,10:10:01,11,30.56,20650.42,13.0,750.31,No,Yes,No,Not Applicable,Poor Product Quality
8d9728fc9acc2cad,24,M,,Premium Membership,2025-04-22,Yes,Gift Vouchers/Coupons,,Fiber_Optic,08:50:57,7,0.0,8766.28,12.0,728.93,Yes,No,No,Not Applicable,No reason specified
83cf923b21fc406e,34,M,Town,Basic Membership,2025-04-22,Yes,Without Offers,Desktop,Mobile_Data,03:10:14,23,74.75,43659.33,7.0,616.57,Yes,No,Yes,Solved,Poor Website
b2ca04903d6c4503,37,M,City,Basic Membership,2025-04-22,No,Credit/Debit Card Offers,Desktop,Wi-Fi,22:35:17,11,413.86,26191.13,18.0,623.79,Yes,No,No,Not Applicable,No reason specified
8053589dcc825e34,59,F,Village,Gold Membership,2025-04-22,No,Credit/Debit Card Offers,Desktop,Fiber_Optic,14:46:24,20,33.04,6788.61,11.0,1403.1659129697475,No,Yes,No,Not Applicable,Poor Customer Service
af6dcf82358f5dc0,62,M,City,Premium Membership,2025-04-22,No,Credit/Debit Card Offers,Desktop,Fiber_Optic,04:57:47,10,193.76,4243.85,8.0,436.2178613270089,Yes,No,Yes,Solved in Follow-up,Too many ads
9f0f3cec98118b09,64,F,Town,No Membership,2025-04-22,Yes,Gift Vouchers/Coupons,Both,Fiber_Optic,07:36:39,16,528.7,29894.84,0.0,629.56,No,Yes,Yes,Solved in Follow-up,Poor Website
aeee018d61818b79,30,F,City,Platinum Membership,2025-04-22,No,Without Offers,Desktop,Fiber_Optic,06:12:46,15,189.12,35301.61,25.0,766.21,No,Yes,No,Not Applicable,Poor Website
b0fb574b4c5b9efa,19,M,City,Premium Membership,2025-04-22,No,Credit/Debit Card Offers,Smartphone,Wi-Fi,21:59:11,8,382.23,36318.45,13.0,719.69,Yes,No,Yes,Solved in Follow-up,Poor Customer Service
acf4007c2ad17fb4,12,F,Village,Premium Membership,2025-04-22,,Gift Vouchers/Coupons,Smartphone,Wi-Fi,19:28:24,20,30.98,26618.79,27.0,779.79,No,Yes,Yes,Solved,Too many ads
a2eb6aadbc49f672,40,F,,Basic Membership,2025-04-22,Yes,Gift Vouchers/Coupons,Desktop,Fiber_Optic,07:18:51,7,584.11,5358.42,5.0,706.21,Yes,No,Yes,Solved,Too many ads
a85c46e177427889,42,M,Town,Gold Membership,2025-04-22,No,Credit/Debit Card Offers,Desktop,Wi-Fi,17:24:29,18,356.22,19329.74,19.0,0.0,No,Yes,Yes,Solved,Poor Customer Service
800c1491eedfdede,15,F,Town,Silver Membership,2025-04-22,Yes,Credit/Debit Card Offers,Smartphone,Fiber_Optic,03:46:17,5,34.91,13105.84,14.0,601.01,No,Yes,No,Not Applicable,Too many ads
bef08984cdfe2673,20,F,City,Silver Membership,2025-04-22,Yes,Credit/Debit Card Offers,Smartphone,Mobile_Data,06:38:28,13,0.0,16855.54,10.0,693.5631360264931,No,Yes,No,Not Applicable,Poor Customer Service
bd3ac2f4a43fe96f,40,M,City,Basic Membership,2025-04-22,Yes,Credit/Debit Card Offers,,Wi-Fi,15:01:18,9,743.66,4197.26,0.0,795.4264664359434,Yes,Yes,Yes,Unsolved,Poor Customer Service
99e0c1507af03840,24,F,City,Premium Membership,2025-04-22,No,Gift Vouchers/Coupons,Smartphone,Mobile_Data,11:10:00,17,101.5,32593.2,15.0,801.18,Yes,No,No,Not Applicable,Products always in Stock
9448a6a36740d00f,40,F,Town,Gold Membership,2025-04-22,,Credit/Debit Card Offers,Smartphone,Wi-Fi,10:38:07,8,63.57,20295.34,19.0,999.6764458289344,No,Yes,No,Not Applicable,Too many ads
ac197cccdf4543a7,45,F,Town,Premium Membership,2025-04-22,Yes,Without Offers,Smartphone,Wi-Fi,14:58:49,17,691.88,2304.96,15.0,702.87,No,Yes,Yes,Solved in Follow-up,Poor Customer Service
b5068939c17c5849,55,M,Town,Platinum Membership,2025-04-22,No,Without Offers,Desktop,Fiber_Optic,11:36:41,21,82.11,12805.75,25.0,0.0,No,Yes,Yes,No Information Available,Poor Customer Service
a9af4dcdb419d71a,56,M,Town,Gold Membership,2025-04-22,,Gift Vouchers/Coupons,,Fiber_Optic,00:25:40,-999,296.14,28906.35,19.0,609.09,No,Yes,Yes,Solved,No reason specified
870efcd9538c6ef6,35,F,Town,Basic Membership,2025-04-22,No,Without Offers,Desktop,Wi-Fi,20:58:35,13,115.53,29505.26,25.0,504.21,No,Yes,No,Not Applicable,Poor Website
a8cbb4b544c9ee8a,38,M,Village,Premium Membership,2025-04-22,No,Without Offers,Desktop,Wi-Fi,07:04:50,5,91.65,22112.05,5.0,1379.6677530126403,Yes,No,Yes,Solved in Follow-up,Reasonable Price
a923e5ca987a958a,43,F,,Premium Membership,2025-04-22,No,Credit/Debit Card Offers,Desktop,Mobile_Data,22:19:24,10,31.85,15240.06,36.42957899489876,0.0,Yes,No,No,Not Applicable,User Friendly Website
b11c252ff22f7575,24,F,City,No Membership,2025-04-22,No,Gift Vouchers/Coupons,Smartphone,Mobile_Data,20:03:07,6,111.72,34202.43,28.0,324.8835798949064,Yes,No,No,Not Applicable,Too many ads
a2f554704ffe415d,32,M,City,Premium Membership,2025-04-22,No,Gift Vouchers/Coupons,Both,Fiber_Optic,06:45:55,14,460.17,41168.19,24.0,713.95,No,Yes,No,Not Applicable,No reason specified
aa7bb247e9384aca,23,M,Town,Basic Membership,2025-04-22,No,Without Offers,Desktop,Wi-Fi,02:27:48,23,153.0,11441.12,8.0,609.63,Yes,No,No,Not Applicable,Too many ads
a210889d881bcec9,54,F,Town,No Membership,2025-04-22,Yes,Without Offers,Desktop,Wi-Fi,00:16:11,18,82.9,47239.44,12.0,613.07,Yes,No,Yes,Solved in Follow-up,Too many ads
8fa98516994ea7ca,59,M,Town,Platinum Membership,2025-04-22,No,Credit/Debit Card Offers,Smartphone,Wi-Fi,02:22:20,15,259.34,19036.86,11.0,314.84363586342687,Yes,Yes,No,Not Applicable,Poor Product Quality
8fbc64b5f2576882,37,F,Town,Platinum Membership,2025-04-22,Yes,Gift Vouchers/Coupons,Smartphone,Fiber_Optic,23:15:34,11,1208.04,3065.71,5.0,0.0,Yes,Yes,Yes,Solved,Poor Customer Service
a2308bf7209a01ee,60,F,City,Basic Membership,2025-04-22,No,Gift Vouchers/Coupons,Desktop,Wi-Fi,01:10:44,11,296.75,29589.33,26.0,526.83,Yes,No,No,Not Applicable,Poor Customer Service
a540b84a6ba28699,10,M,Town,No Membership,2025-04-22,No,Gift Vouchers/Coupons,Smartphone,Wi-Fi,20:39:35,-999,33.47,49996.51,15.0,596.0,No,Yes,Yes,Solved,Poor Product Quality
82900f394f5343af,25,M,,Basic Membership,2025-04-22,Yes,Credit/Debit Card Offers,Smartphone,Wi-Fi,06:53:56,7,838.51,5788.13,15.0,622.56,Yes,No,No,Not Applicable,Poor Product Quality
b947f120777ae49e,11,F,City,Gold Membership,2025-04-22,No,Gift Vouchers/Coupons,,Wi-Fi,04:18:45,15,420.17,45252.38,17.0,645.36,Yes,Yes,No,Not Applicable,Too many ads
8e9c90fdc5408b92,17,F,,No Membership,2025-04-22,No,Without Offers,Smartphone,Fiber_Optic,08:05:35,19,105.66,44955.83,29.0,614.23,Yes,No,Yes,No Information Available,Poor Customer Service
973d63da45e782b5,59,F,,Basic Membership,2025-04-22,Yes,Credit/Debit Card Offers,Both,Wi-Fi,15:44:24,13,622.17,3963.26,18.0,0.0,No,Yes,Yes,Unsolved,No reason specified
a9abb219d4b86e4f,24,M,Town,Platinum Membership,2025-04-22,,Credit/Debit Card Offers,Smartphone,Wi-Fi,14:59:50,15,1210.3964035163567,15420.65,11.0,732.56,Yes,No,No,Not Applicable,Quality Customer Care
914c1167a6b8d6e1,11,F,Village,Gold Membership,2025-04-22,No,Gift Vouchers/Coupons,Desktop,Fiber_Optic,19:02:44,9,80.62,12112.35,0.0,706.94,Yes,No,No,Not Applicable,Poor Product Quality
bdc9e3aa2e0919d1,32,F,City,Silver Membership,2025-04-22,Yes,Credit/Debit Card Offers,Smartphone,Wi-Fi,02:41:03,11,294.82,30036.84,5.0,788.99,Yes,No,Yes,Unsolved,Poor Website
ae125515b4970948,63,M,City,Gold Membership,2025-04-22,Yes,Gift Vouchers/Coupons,Smartphone,Mobile_Data,00:03:54,-999,1251.25,22822.75,6.0,720.42,No,Yes,Yes,No Information Available,Poor Product Quality
a8a0f04f3244a449,28,F,City,No Membership,2025-04-22,No,Without Offers,Smartphone,Wi-Fi,06:47:06,7,221.07,39035.33,5.0,0.0,Yes,Yes,No,Not Applicable,No reason specified
80df25de89ff053b,37,F,City,Basic Membership,2025-04-22,No,Without Offers,Smartphone,Wi-Fi,08:46:55,12,33.46,17430.74,14.0,668.61,Yes,No,Yes,Solved in Follow-up,No reason specified
99b69e6c337ca571,10,M,Town,No Membership,2025-04-22,Yes,Gift Vouchers/Coupons,Desktop,Mobile_Data,01:23:19,12,1157.6924406431606,48585.51,8.0,605.97,No,Yes,No,Not Applicable,Poor Customer Service
8c2c44d408bf37d9,50,M,Town,Silver Membership,2025-04-22,,Gift Vouchers/Coupons,Desktop,Mobile_Data,02:18:57,14,95.41,15578.61,14.0,685.84,Yes,No,Yes,No Information Available,Poor Website
aa667ddc28feb406,18,F,City,Silver Membership,2025-04-22,No,Credit/Debit Card Offers,Desktop,Fiber_Optic,01:41:51,11,212.27,40533.09,26.0,633.47,Yes,Yes,No,Not Applicable,Poor Customer Service
a155203a92e1ce69,23,M,City,Platinum Membership,2025-04-22,No,Credit/Debit Card Offers,,Mobile_Data,00:35:49,7,335.55,11014.53,7.0,0.0,Yes,Yes,Yes,Solved,Poor Product Quality
aacea6614c5d73ce,31,F,Town,Silver Membership,2025-04-22,Yes,Without Offers,Desktop,Mobile_Data,11:39:29,12,664.83,14694.4,25.0,701.56,Yes,No,No,Not Applicable,Too many ads
8636afb1243597e6,32,F,Town,Platinum Membership,2025-04-22,Yes,Gift Vouchers/Coupons,Desktop,Mobile_Data,23:40:47,2,31.12,41122.8,8.0,725.6,No,Yes,No,Not Applicable,Quality Customer Care
9f59ac6cf56271cc,27,F,Town,Platinum Membership,2025-04-22,No,Credit/Debit Card Offers,Desktop,Wi-Fi,03:35:39,19,52.54,13416.25,8.0,773.49,No,Yes,No,Not Applicable,Products always in Stock
90c425d073c9d42f,43,F,City,Basic Membership,2025-04-22,No,Credit/Debit Card Offers,Smartphone,Fiber_Optic,06:09:32,11,163.14,26170.55,16.0,650.48,No,Yes,Yes,Solved in Follow-up,Too many ads
959dfce06c679104,37,M,,Basic Membership,2025-04-22,Yes,Gift Vouchers/Coupons,Both,Fiber_Optic,21:26:34,1,645.52,14360.85,7.0,0.0,Yes,No,Yes,Unsolved,No reason specified
b1f3cd1a0bc1420e,50,M,Town,Silver Membership,2025-04-22,Yes,Credit/Debit Card Offers,,Fiber_Optic,19:15:41,16,45.26,12786.57,5.0,632.0,No,Yes,No,Not Applicable,Poor Customer Service
88639e2102abd5fc,36,F,,Basic Membership,2025-04-22,No,Credit/Debit Card Offers,Desktop,Wi-Fi,17:12:49,4,33.7,47072.27,19.0,702.96,No,Yes,Yes,No Information Available,Poor Website
8b096829ed12800a,43,F,Town,Gold Membership,2025-04-22,Yes,Without Offers,,Mobile_Data,09:03:36,17,0.0,20439.87,27.0,777.7,Yes,No,Yes,Solved,Poor Customer Service
a692ec863bdbd242,13,F,Village,Silver Membership,2025-04-22,Yes,Without Offers,Smartphone,Mobile_Data,20:00:03,22,1048.797465076302,29619.71,12.0,646.87,Yes,No,No,Not Applicable,Too many ads
a4da824cd3377412,37,M,Town,No Membership,2025-04-22,Yes,Without Offers,Desktop,Mobile_Data,19:12:56,12,65.02,25373.52,5.0,696.8,No,Yes,No,Not Applicable,No reason specified
857fc00f78a038d3,21,M,,Gold Membership,2025-04-22,Yes,Gift Vouchers/Coupons,Both,Fiber_Optic,21:58:54,9,643.0,34021.55,5.0,727.27,Yes,No,No,Not Applicable,Poor Customer Service
88e8320a951d303e,53,M,City,Silver Membership,2025-04-22,Yes,Without Offers,Smartphone,Fiber_Optic,15:44:06,1,119.97,93267.14,28.353742782200527,790.48,Yes,No,No,Not Applicable,Products always in Stock
b2ec1355fb43b043,11,M,Town,Basic Membership,2025-04-22,No,Gift Vouchers/Coupons,Smartphone,Mobile_Data,17:22:08,5,453.14,29588.98,14.0,635.58,Yes,No,Yes,No Information Available,Too many ads
9d93867f7539d047,29,F,City,Gold Membership,2025-04-22,Yes,Gift Vouchers/Coupons,Both,Mobile_Data,11:01:53,14,893.47,20040.53,17.0,0.0,Yes,No,Yes,Unsolved,Poor Product Quality
bd73e10d7b212ff4,19,M,City,No Membership,2025-04-22,Yes,Without Offers,Desktop,Fiber_Optic,19:50:26,9,437.94,21188.94,18.0,684.48,No,Yes,No,Not Applicable,Poor Website
813c4d17f12fdce1,19,F,Town,Gold Membership,2025-04-22,Yes,Gift Vouchers/Coupons,,Mobile_Data,15:05:30,13,1118.1555448121744,1425.85,8.0,738.09,No,Yes,No,Not Applicable,Poor Product Quality
bd322ba8bb199107,24,F,Town,No Membership,2025-04-22,Yes,,Desktop,Wi-Fi,11:26:55,16,103.17,8719.64,23.0,1199.6734802805029,No,Yes,No,Not Applicable,Too many ads
ba9914cebc17b863,63,F,City,Basic Membership,2025-04-22,Yes,Without Offers,Both,Fiber_Optic,17:28:38,11,599.52,10338.65,22.0,552.67,No,Yes,No,Not Applicable,Too many ads
a12cae3b9701f4c7,49,M,Town,Silver Membership,2025-04-22,No,Without Offers,Smartphone,Mobile_Data,11:12:24,22,1297.8490097138665,15538.21,23.0,660.48,No,Yes,Yes,Solved in Follow-up,Poor Customer Service
9ebc740f78e74e3e,34,M,,Silver Membership,2025-04-22,No,Without Offers,Desktop,Fiber_Optic,20:57:36,7,176.9,26058.27,28.0,673.8,No,Yes,Yes,Unsolved,Poor Product Quality
94c6ae956c878f21,26,M,City,Platinum Membership,2025-04-22,No,Gift Vouchers/Coupons,Smartphone,Wi-Fi,02:28:11,9,224.24,49270.57,1.0,760.54,No,Yes,Yes,Solved,Quality Customer Care
b941ecd4c2cca384,19,F,City,Silver Membership,2025-04-22,No,Gift Vouchers/Coupons,Desktop,Wi-Fi,15:45:26,11,348.8,14922.73,7.0,0.0,Yes,No,Yes,Unsolved,Too many ads
b13b1d8b6ca7f4ce,40,F,Town,No Membership,2025-04-22,No,Credit/Debit Card Offers,Desktop,Wi-Fi,01:40:40,3,1199.1817305732843,17055.21,14.0,283.1086746542734,No,Yes,No,Not Applicable,Too many ads
a855f6018258a186,24,M,Village,No Membership,2025-04-22,Yes,Credit/Debit Card Offers,Desktop,Fiber_Optic,04:58:07,6,30.95,13901.69,0.0,566.6,No,Yes,No,Not Applicable,Too many ads
b24d263318478920,49,M,Village,Premium Membership,2025-04-22,No,Without Offers,Smartphone,Wi-Fi,20:17:55,14,155.89,96208.17,37.22794614301992,832.69,No,Yes,Yes,No Information Available,Quality Customer Care
83ab19d11ca307b7,58,F,City,Basic Membership,2025-04-22,Yes,Gift Vouchers/Coupons,Desktop,Wi-Fi,17:56:55,8,137.79,2578.09,0.0,515.33,Yes,No,Yes,Solved,Poor Website
b0bc5f654769d877,38,M,Town,Platinum Membership,2025-04-22,,Without Offers,Smartphone,Wi-Fi,06:17:54,16,31.36,42182.95,0.0,788.07,Yes,No,No,Not Applicable,Poor Customer Service
be7ac6c999c0c250,49,M,,Silver Membership,2025-04-22,Yes,Gift Vouchers/Coupons,Smartphone,Fiber_Optic,12:32:11,18,51.1,45503.86,25.0,701.7,No,Yes,Yes,No Information Available,No reason specified
b850b888bfb51c40,41,M,Village,Basic Membership,2025-04-22,,Gift Vouchers/Coupons,Desktop,Wi-Fi,22:31:16,21,33.07,10665.89,12.0,501.01,Yes,No,Yes,Solved,Too many ads
9c336792125ca4b1,15,M,Village,Gold Membership,2025-04-22,Yes,Gift Vouchers/Coupons,Desktop,Fiber_Optic,10:19:26,5,0.0,19097.12,28.0,749.42,No,Yes,No,Not Applicable,Poor Website
bfa3776cbd819b89,20,M,Town,No Membership,2025-04-22,No,Gift Vouchers/Coupons,,Fiber_Optic,13:33:20,14,32.15,22400.82,0.0,0.0,No,Yes,No,Not Applicable,Poor Product Quality
9b763db8e7784fe2,16,M,City,Premium Membership,2025-04-22,No,Without Offers,Smartphone,Wi-Fi,06:55:44,14,283.72,29016.66,9.0,780.43,Yes,Yes,Yes,Unsolved,Too many ads
a45cc9e609bfe267,28,F,Town,Silver Membership,2025-04-22,No,Without Offers,Both,Wi-Fi,14:25:53,-999,486.32,61550.42,5.0,1142.821840283395,Yes,Yes,Yes,No Information Available,Products always in Stock
a6c983be817647cc,12,F,Town,Platinum Membership,2025-04-23,Yes,Credit/Debit Card Offers,Desktop,Fiber_Optic,16:30:45,15,230.01,31737.22,18.0,948.7586102811993,Yes,No,No,Not Applicable,Poor Website
a356061dcecbcc87,17,F,,Gold Membership,2025-04-23,,Gift Vouchers/Coupons,Desktop,Fiber_Optic,09:08:45,14,112.81,55360.78,5.0,714.14,Yes,No,Yes,Solved in Follow-up,User Friendly Website
a0b65232552ad4bb,25,M,City,Silver Membership,2025-04-23,No,Credit/Debit Card Offers,Smartphone,Mobile_Data,02:44:48,17,43.44,24544.59,10.0,0.0,Yes,No,No,Not Applicable,Poor Customer Service
8ab547656d874baa,44,M,Town,Platinum Membership,2025-04-23,No,Gift Vouchers/Coupons,Desktop,Fiber_Optic,04:29:27,12,221.67,32309.26,21.0,0.0,Yes,Yes,Yes,Unsolved,No reason specified
a9bf9216f673cee6,11,F,Town,Platinum Membership,2025-04-23,Yes,Without Offers,Desktop,Mobile_Data,16:23:20,13,169.14,46397.59,10.0,788.55,Yes,No,Yes,Solved in Follow-up,No reason specified
b21375c9c72f863f,44,F,Town,Premium Membership,2025-04-23,Yes,Credit/Debit Card Offers,Smartphone,Wi-Fi,12:05:06,12,887.31,70703.52,12.0,848.3,Yes,Yes,No,Not Applicable,Quality Customer Care
8f15912a2e0cf128,56,F,,No Membership,2025-04-23,No,Gift Vouchers/Coupons,Smartphone,Wi-Fi,10:55:11,6,145.43,44312.58,0.0,0.0,No,Yes,No,Not Applicable,No reason specified
b6d6cf8208b5b079,51,M,Village,Premium Membership,2025-04-23,Yes,Gift Vouchers/Coupons,Both,Mobile_Data,05:42:41,6,568.86,16883.47,10.0,834.26,Yes,No,Yes,Solved in Follow-up,Quality Customer Care
a4c7eb6081b4ae17,39,M,Town,Premium Membership,2025-04-23,,Credit/Debit Card Offers,Desktop,Fiber_Optic,07:00:49,15,246.54,83081.53,0.0,835.37,Yes,Yes,No,Not Applicable,Products always in Stock
a4b51fbd1e787237,43,F,Town,No Membership,2025-04-23,No,Without Offers,Desktop,Mobile_Data,13:15:13,23,257.43,24629.75,14.0,69.43979671336047,Yes,No,No,Not Applicable,Poor Product Quality
84f352f7c8dd3fae,28,M,,No Membership,2025-04-23,Yes,Without Offers,Smartphone,Mobile_Data,19:46:07,18,158.43,13378.78,17.0,557.61,Yes,No,Yes,Unsolved,Poor Product Quality
9ba165d2844affa4,24,F,Village,Premium Membership,2025-04-23,Yes,Credit/Debit Card Offers,Desktop,Mobile_Data,20:44:57,15,170.2,35270.54,11.0,788.3,No,Yes,No,Not Applicable,Poor Customer Service
a42577564ece8d5a,37,M,Town,Premium Membership,2025-04-23,Yes,Credit/Debit Card Offers,Smartphone,Wi-Fi,15:10:05,20,197.55,62612.82,9.0,37.903701829558095,No,Yes,No,Not Applicable,Products always in Stock
b250f8c672ada62b,46,M,Town,Gold Membership,2025-04-23,Yes,Without Offers,Desktop,Fiber_Optic,21:00:25,8,69.82,24955.14,10.0,777.78,Yes,No,No,Not Applicable,User Friendly Website
b6a69c8572515283,21,F,City,Silver Membership,2025-04-23,Yes,Credit/Debit Card Offers,Smartphone,Wi-Fi,04:55:34,4,60.89,5471.13,0.0,1136.575440411731,No,Yes,Yes,Solved in Follow-up,Poor Product Quality
b11782536d1fb26e,61,M,Town,Basic Membership,2025-04-23,Yes,Credit/Debit Card Offers,Desktop,Wi-Fi,18:06:59,24,91.19,11350.92,8.0,691.42,Yes,No,No,Not Applicable,Poor Customer Service
b0c1652a3c608898,16,F,City,No Membership,2025-04-23,Yes,Credit/Debit Card Offers,Both,Wi-Fi,08:53:27,21,255.56,5280.83,24.0,679.15,Yes,Yes,No,Not Applicable,Poor Customer Service
9b8a88c6e817609a,16,F,City,Gold Membership,2025-04-23,Yes,Credit/Debit Card Offers,,Wi-Fi,08:01:02,18,315.82,65936.36,10.0,0.0,Yes,No,Yes,Solved,Reasonable Price
9ed8be52b358fcb9,17,M,Town,Basic Membership,2025-04-23,Yes,Gift Vouchers/Coupons,Desktop,Wi-Fi,08:03:01,10,0.0,34782.88,11.0,0.0,No,Yes,No,Not Applicable,Poor Customer Service
b8cf2706589ae150,13,F,City,Silver Membership,2025-04-23,No,Without Offers,Both,Wi-Fi,20:47:53,-999,0.0,12393.44,8.0,754.27,No,Yes,Yes,No Information Available,Reasonable Price
bdf7bb1babc15395,12,M,City,Basic Membership,2025-04-23,Yes,Without Offers,Smartphone,Fiber_Optic,21:38:27,11,33.77,40234.15,11.0,630.84,No,Yes,No,Not Applicable,Poor Website
8fb9f440c3b1d63f,24,M,Town,Basic Membership,2025-04-23,No,Without Offers,Smartphone,Fiber_Optic,03:31:21,18,178.36,32925.58,21.0,620.86,Yes,No,No,Not Applicable,Too many ads
8e269aa5b1bb0169,51,M,Village,Basic Membership,2025-04-23,Yes,Credit/Debit Card Offers,,Wi-Fi,17:17:00,12,131.14,8207.61,28.0,565.27,No,Yes,Yes,No Information Available,Poor Product Quality
af39e93b4391ad55,16,M,Town,Gold Membership,2025-04-23,Yes,Gift Vouchers/Coupons,Both,Fiber_Optic,20:34:09,11,710.19,4990.66,24.0,670.02,Yes,No,No,Not Applicable,Poor Product Quality
bdb28845e34f2569,61,F,,Basic Membership,2025-04-23,Yes,Without Offers,Desktop,Fiber_Optic,09:44:24,20,133.69,40876.0,22.0,613.23,Yes,No,No,Not Applicable,No reason specified
ad4e1c928d7952dd,26,M,City,Silver Membership,2025-04-23,Yes,Gift Vouchers/Coupons,Desktop,Wi-Fi,07:38:08,-999,317.75,28447.57,7.0,710.18,Yes,No,No,Not Applicable,Too many ads
9354ec00a5de9689,55,M,City,Basic Membership,2025-04-23,No,Gift Vouchers/Coupons,Smartphone,Fiber_Optic,20:16:29,14,114.6,30875.28,25.0,686.11,No,Yes,Yes,Solved in Follow-up,Poor Website
ba51138fec1db05d,55,F,,No Membership,2025-04-23,Yes,Gift Vouchers/Coupons,Desktop,Wi-Fi,10:07:54,12,195.45,17068.0,6.0,1089.6796710582432,Yes,No,Yes,Solved,Poor Website
b10bf2cd4032f1e0,13,M,City,Silver Membership,2025-04-23,Yes,Gift Vouchers/Coupons,Smartphone,Fiber_Optic,17:53:20,8,34.28,16234.44,25.0,637.6,Yes,No,Yes,Solved in Follow-up,Poor Website
95dd4f56deae306b,27,F,City,Gold Membership,2025-04-23,No,Gift Vouchers/Coupons,Smartphone,Mobile_Data,01:30:21,14,31.34,32766.83,28.0,645.77,No,Yes,Yes,Solved,Poor Product Quality
a20dc5d6e59cf95b,49,M,Village,Silver Membership,2025-04-23,No,Credit/Debit Card Offers,Desktop,Wi-Fi,10:35:39,14,98.25,10672.23,7.0,715.14,Yes,No,No,Not Applicable,Poor Customer Service
8d0e38c78e24a44d,61,F,Town,Basic Membership,2025-04-23,,Credit/Debit Card Offers,,Wi-Fi,11:27:14,5,55.87,45096.7,5.0,657.88,No,Yes,No,Not Applicable,Poor Product Quality
a1065cbebc78e115,26,M,Town,Gold Membership,2025-04-23,Yes,Without Offers,,Fiber_Optic,05:38:38,9,34.12,27245.28,12.0,211.8468955849781,No,Yes,No,Not Applicable,Poor Customer Service
b27ce87cfdde8a12,15,M,Town,No Membership,2025-04-23,No,Without Offers,Desktop,Wi-Fi,18:40:02,14,145.41,35634.14,5.0,605.08,Yes,No,Yes,Unsolved,No reason specified
b834b3586b5969c3,12,F,,Premium Membership,2025-04-23,No,Without Offers,Smartphone,Mobile_Data,07:03:31,-999,308.16,49306.26,28.0,749.08,Yes,No,No,Not Applicable,Too many ads
88dc1e90fab9593c,11,M,Town,Premium Membership,2025-04-23,Yes,Gift Vouchers/Coupons,Both,Mobile_Data,14:01:27,-999,628.79,33199.52,22.0,777.94,Yes,No,Yes,No Information Available,Poor Customer Service
834dbd3e68119457,50,F,City,Basic Membership,2025-04-23,No,Credit/Debit Card Offers,Desktop,Mobile_Data,21:19:42,9,1152.8266721517336,27733.58,23.0,696.05,No,Yes,Yes,Solved,No reason specified
96d22711cce100a1,52,M,City,Silver Membership,2025-04-23,No,Gift Vouchers/Coupons,Desktop,Mobile_Data,19:45:39,6,30.89,24401.77,17.0,0.0,No,Yes,No,Not Applicable,Poor Product Quality
9fa4380f969b8a3e,64,M,Town,No Membership,2025-04-23,Yes,Credit/Debit Card Offers,Desktop,Fiber_Optic,18:04:39,15,32.21,29032.51,22.0,0.0,No,Yes,Yes,Unsolved,Poor Customer Service
afde65fc9612fa88,12,M,Town,Silver Membership,2025-04-23,Yes,Credit/Debit Card Offers,Smartphone,Wi-Fi,05:27:10,2,226.47,27477.44,16.0,748.61,Yes,No,No,Not Applicable,Poor Customer Service
8b171a302e68b612,21,F,City,Gold Membership,2025-04-23,No,Gift Vouchers/Coupons,Smartphone,Fiber_Optic,15:10:50,13,135.58,5443.81,12.0,630.48,No,Yes,Yes,Solved in Follow-up,No reason specified
9629ad83c4612e4f,12,M,Town,Gold Membership,2025-04-23,,Without Offers,Desktop,Mobile_Data,02:15:51,18,65.76,11881.21,18.0,519.2318123238762,Yes,No,No,Not Applicable,Poor Product Quality
91cf5871d399b472,39,F,City,No Membership,2025-04-23,Yes,Gift Vouchers/Coupons,Desktop,Mobile_Data,08:54:12,11,374.12,2275.06,0.0,674.67,No,Yes,No,Not Applicable,Poor Product Quality
b5195ba7a55898fb,57,M,City,No Membership,2025-04-23,No,Gift Vouchers/Coupons,,Mobile_Data,05:48:54,19,40.39,7779.57,16.0,696.41,Yes,No,No,Not Applicable,No reason specified
b6beefebc1cf9b9f,18,M,Village,Basic Membership,2025-04-23,Yes,Gift Vouchers/Coupons,Both,Wi-Fi,10:17:42,17,937.3,39353.48,6.0,568.9,Yes,Yes,Yes,No Information Available,Too many ads
9e438b0be8d4cbd4,56,F,,Silver Membership,2025-04-23,No,Gift Vouchers/Coupons,Desktop,Mobile_Data,02:40:45,15,268.98,20763.7,28.0,778.48,Yes,No,No,Not Applicable,Poor Website
a1c9dad66e0c20d0,21,F,Town,Silver Membership,2025-04-23,No,Gift Vouchers/Coupons,Smartphone,Wi-Fi,03:46:14,14,86.03,35840.78,5.0,636.43,No,Yes,No,Not Applicable,Poor Customer Service
ad017ece41e53dbf,30,M,City,Gold Membership,2025-04-23,Yes,Credit/Debit Card Offers,Both,Wi-Fi,07:34:17,15,653.35,58292.17,4.0,816.08,Yes,Yes,Yes,No Information Available,Reasonable Price
9e8f3e3ddc18f5d5,17,M,Town,No Membership,2025-04-23,No,Gift Vouchers/Coupons,Desktop,Mobile_Data,18:44:30,11,47.42,13685.52,6.0,529.55,No,Yes,Yes,Solved in Follow-up,Too many ads
ba6567d9ebdefc06,16,M,City,Premium Membership,2025-04-23,Yes,Gift Vouchers/Coupons,,Fiber_Optic,22:24:18,-999,147.44,70572.0,8.0,531.2626799411361,Yes,No,No,Not Applicable,Quality Customer Care
a7517d9f125c82ac,30,F,Town,Gold Membership,2025-04-23,No,Credit/Debit Card Offers,Desktop,Mobile_Data,02:15:30,1,0.0,63257.34,11.0,0.0,Yes,No,No,Not Applicable,Reasonable Price
b283f9a225438ec9,50,F,City,No Membership,2025-04-23,No,Credit/Debit Card Offers,Smartphone,Fiber_Optic,20:05:45,10,167.54,37785.3,21.0,1187.9229241881794,No,Yes,No,Not Applicable,Poor Product Quality
8b3adb2775c5e3a8,62,M,Town,Silver Membership,2025-04-23,Yes,Credit/Debit Card Offers,Both,Wi-Fi,11:12:58,-999,734.35,31531.19,23.0,1186.6738342204374,Yes,Yes,Yes,Unsolved,Poor Product Quality
9412c310c24feb3a,11,M,City,Platinum Membership,2025-04-23,Yes,Gift Vouchers/Coupons,Desktop,Fiber_Optic,07:04:23,16,33.7,44507.06,13.0,774.18,Yes,No,Yes,No Information Available,No reason specified
bc30d7bb84e46726,51,M,City,Silver Membership,2025-04-23,No,Gift Vouchers/Coupons,Desktop,Mobile_Data,07:39:21,12,30.0,73125.88,17.0,0.0,Yes,No,Yes,Solved,User Friendly Website
84d3e66d8604a62b,48,M,Town,Silver Membership,2025-04-23,Yes,Credit/Debit Card Offers,Smartphone,Wi-Fi,21:24:05,17,182.84,27995.7,22.0,398.9781703577714,Yes,No,No,Not Applicable,Poor Website
adf4802a0132cf89,61,F,,Basic Membership,2025-04-23,Yes,Gift Vouchers/Coupons,Desktop,Mobile_Data,17:25:53,17,100.86,33609.49,0.0,555.89,No,Yes,No,Not Applicable,Poor Customer Service
9d832e7a60f01c3b,41,F,Town,Gold Membership,2025-04-23,No,Gift Vouchers/Coupons,,Wi-Fi,12:11:32,12,175.95,35618.83,13.0,748.87,Yes,No,No,Not Applicable,Poor Website
b88c1e6a4abfc0e0,18,M,Town,Basic Membership,2025-04-23,Yes,Gift Vouchers/Coupons,Smartphone,Fiber_Optic,08:55:05,18,44.8,2213.63,18.0,610.79,No,Yes,Yes,No Information Available,Poor Customer Service
8ab90c6921db81ae,53,F,City,Gold Membership,2025-04-23,No,Gift Vouchers/Coupons,Desktop,Wi-Fi,03:03:56,20,253.75,13134.94,17.0,715.66,Yes,No,No,Not Applicable,Poor Website
9c2c1a32e6060d7d,45,F,Town,Basic Membership,2025-04-23,Yes,Credit/Debit Card Offers,Desktop,Mobile_Data,16:07:30,17,32.7,20426.19,19.0,665.61,No,Yes,No,Not Applicable,No reason specified
897c5c6ee0d0a39e,31,F,Town,Premium Membership,2025-04-23,Yes,Without Offers,Smartphone,Wi-Fi,05:42:34,15,1376.89,20739.57,14.0,727.46,Yes,No,Yes,Solved,Poor Website
8a504343192bac70,27,F,Village,Premium Membership,2025-04-23,Yes,Credit/Debit Card Offers,Both,Wi-Fi,08:06:56,8,682.52,59000.87,12.0,739.8,Yes,Yes,No,Not Applicable,Quality Customer Care
928cb8ae5d31bb3c,13,M,City,No Membership,2025-04-23,Yes,Gift Vouchers/Coupons,Smartphone,Wi-Fi,12:40:15,1,313.16,34655.25,6.0,517.33,Yes,No,No,Not Applicable,Poor Website
bb72501800b541ac,37,F,,Gold Membership,2025-04-23,,Gift Vouchers/Coupons,Smartphone,Mobile_Data,20:32:02,6,30.75,10154.25,16.0,746.8,Yes,No,No,Not Applicable,Poor Website
853efb7915d4025e,46,M,City,Silver Membership,2025-04-23,No,Gift Vouchers/Coupons,Both,Mobile_Data,08:23:56,-999,568.175656767166,38797.01,15.0,1046.0804083622927,Yes,No,Yes,Solved,No reason specified
892d88884f1e9a87,30,M,Town,Basic Membership,2025-04-23,,Without Offers,,Fiber_Optic,00:32:42,3,120.28,40643.28,43.90774162420797,671.65,Yes,No,No,Not Applicable,No reason specified
9eb04c29460f542e,54,F,City,Silver Membership,2025-04-23,No,Gift Vouchers/Coupons,Smartphone,Fiber_Optic,05:57:35,8,54.54,41965.21,52.04800247829822,736.08,Yes,No,Yes,Solved,Poor Product Quality
88ce1094f8642ede,36,M,,Gold Membership,2025-04-23,Yes,Credit/Debit Card Offers,Desktop,Wi-Fi,13:02:37,10,126.26,2084.41,24.0,768.39,No,Yes,No,Not Applicable,Poor Customer Service
9c9711691a7ae7db,18,M,Town,Gold Membership,2025-04-23,Yes,Without Offers,,Fiber_Optic,13:15:08,15,412.52,15300.95,14.0,330.79813985367787,No,Yes,Yes,Solved in Follow-up,Poor Website
bede4dedebea958a,30,M,City,Basic Membership,2025-04-23,No,Gift Vouchers/Coupons,Smartphone,Fiber_Optic,01:41:08,20,34.9,26678.19,23.0,695.49,No,Yes,Yes,No Information Available,Too many ads
8aec64f5179ff092,50,M,City,Basic Membership,2025-04-23,Yes,Gift Vouchers/Coupons,,Wi-Fi,17:23:52,14,32.41,13782.14,28.0,555.4,Yes,No,No,Not Applicable,No reason specified
95751ec8f29ddab6,56,F,Town,No Membership,2025-04-23,Yes,Gift Vouchers/Coupons,Smartphone,Wi-Fi,03:28:10,17,0.0,9994.2,11.0,546.12,Yes,No,No,Not Applicable,Poor Product Quality
be0f9c3841b5edf6,21,F,City,Basic Membership,2025-04-23,Yes,Credit/Debit Card Offers,Smartphone,Wi-Fi,01:05:47,4,185.08,40096.11,9.0,684.86,Yes,No,No,Not Applicable,Poor Website
959599a0de1a5abd,32,M,City,No Membership,2025-04-23,No,Credit/Debit Card Offers,Desktop,Wi-Fi,16:49:07,13,173.92,32400.24,0.0,653.28,No,Yes,Yes,No Information Available,No reason specified
9fe486208b6ce3f7,36,M,City,Premium Membership,2025-04-23,No,Gift Vouchers/Coupons,Smartphone,Mobile_Data,01:38:00,16,39.57,45767.5,19.0,727.2,Yes,No,No,Not Applicable,Poor Product Quality
af7b681910e40763,62,F,City,No Membership,2025-04-23,No,Without Offers,Both,Wi-Fi,20:41:16,6,230.2,15797.46,24.0,0.0,Yes,Yes,Yes,Unsolved,Poor Customer Service
a4daf3900a0dad5d,45,M,Town,Basic Membership,2025-04-23,,Without Offers,Desktop,Wi-Fi,04:25:49,15,286.14,43147.7,20.0,523.27,Yes,No,No,Not Applicable,Poor Customer Service
b54831eb3102ac68,31,F,Town,No Membership,2025-04-23,Yes,Without Offers,Smartphone,Fiber_Optic,07:20:21,18,470.37,2146.71,21.0,932.5187292870183,Yes,No,No,Not Applicable,No reason specified
84282f98f47a85bb,11,F,,Basic Membership,2025-04-23,Yes,Without Offers,Smartphone,Mobile_Data,02:37:43,18,30.91,11270.54,21.0,681.51,Yes,No,No,Not Applicable,Poor Customer Service
a2e712882ded27b0,54,M,Town,No Membership,2025-04-23,No,Credit/Debit Card Offers,Smartphone,Mobile_Data,10:27:00,11,44.54,4881.5,15.0,618.87,No,Yes,Yes,No Information Available,Poor Customer Service
9779349b6f7c9da8,46,M,Village,Premium Membership,2025-04-23,,Gift Vouchers/Coupons,Desktop,Wi-Fi,18:16:26,14,64.4,24606.22,10.0,771.4,No,Yes,No,Not Applicable,Poor Customer Service
92068bb657064c65,51,F,Town,Basic Membership,2025-04-23,No,Without Offers,Desktop,Fiber_Optic,22:33:25,17,277.09,42823.83,0.0,702.47,No,Yes,No,Not Applicable,Poor Customer Service
93cf449004edcbad,58,F,Town,Premium Membership,2025-04-23,Yes,Gift Vouchers/Coupons,Smartphone,Mobile_Data,21:25:50,15,190.28,39046.77,25.0,700.27,No,Yes,No,Not Applicable,Poor Website
9f1ac352d4e5b21e,52,M,Town,Silver Membership,2025-04-23,Yes,Gift Vouchers/Coupons,Smartphone,Wi-Fi,14:46:13,4,0.0,48384.62,20.0,758.71,No,Yes,No,Not Applicable,Poor Customer Service
93c6b40baf36bdcf,16,F,Town,Premium Membership,2025-04-23,Yes,Without Offers,Smartphone,Mobile_Data,10:19:34,8,52.92,1076.12,8.0,728.25,No,Yes,No,Not Applicable,Poor Customer Service
8b54f2eb50dff664,44,F,,No Membership,2025-04-23,Yes,Without Offers,Smartphone,Fiber_Optic,19:49:09,15,86.12,20240.33,9.0,516.62,No,Yes,Yes,No Information Available,Too many ads
86ed8796ce73f580,50,M,Town,No Membership,2025-04-23,No,Without Offers,Smartphone,Mobile_Data,02:20:30,18,398.27,1268.64,6.0,543.24,No,Yes,No,Not Applicable,Poor Website
b25e3d2a71ad869e,40,M,City,No Membership,2025-04-23,Yes,Gift Vouchers/Coupons,Smartphone,Fiber_Optic,21:14:57,8,774.16,9644.67,5.0,805.2213192435097,Yes,No,Yes,Unsolved,Poor Product Quality
8939df9d2cb4e2ff,39,M,City,Basic Membership,2025-04-23,Yes,Gift Vouchers/Coupons,Smartphone,Mobile_Data,07:54:58,4,70.82,32196.11,9.0,942.63528361618,Yes,No,No,Not Applicable,Poor Product Quality
861dd7e926c2899b,51,F,Town,Basic Membership,2025-04-23,No,Without Offers,Desktop,Wi-Fi,00:41:37,-999,50.64,11927.65,7.0,635.47,No,Yes,No,Not Applicable,Too many ads
b7e6ce3ca465014a,53,F,Village,Silver Membership,2025-04-23,Yes,Gift Vouchers/Coupons,Both,Fiber_Optic,18:26:08,21,234.41,97451.31,8.0,742.61,Yes,Yes,Yes,No Information Available,Products always in Stock
86190b80decc28fb,49,M,City,No Membership,2025-04-23,Yes,Credit/Debit Card Offers,Desktop,Fiber_Optic,08:05:15,7,30.22,42493.17,28.0,578.76,Yes,No,Yes,Unsolved,Poor Website
b9c76ab96c777374,23,M,Town,Platinum Membership,2025-04-23,No,Credit/Debit Card Offers,Desktop,Mobile_Data,18:37:44,12,127.33,67676.43,26.986627299628385,816.44,No,Yes,No,Not Applicable,User Friendly Website
a074cf7c00a789d6,41,M,Town,Gold Membership,2025-04-23,No,Credit/Debit Card Offers,Smartphone,Wi-Fi,20:03:30,19,366.79,16264.22,16.0,392.8459320309156,Yes,No,Yes,No Information Available,Poor Product Quality
99f63053c6fc288c,52,M,City,Platinum Membership,2025-04-23,Yes,Credit/Debit Card Offers,Both,Fiber_Optic,22:38:55,14,637.78,39101.53,0.0,780.82,No,Yes,No,Not Applicable,Poor Product Quality
89c8770304e755f6,36,F,City,No Membership,2025-04-23,Yes,Without Offers,,Mobile_Data,15:50:24,5,334.63,40236.66,18.0,675.88,Yes,Yes,Yes,Unsolved,Poor Customer Service
8aeb96605db6cb37,47,M,,Basic Membership,2025-04-23,Yes,Credit/Debit Card Offers,Both,Mobile_Data,18:27:52,22,285.83,9158.49,0.0,634.03,Yes,No,No,Not Applicable,Too many ads
ac63ac0a6e9ecd11,35,F,Town,Platinum Membership,2025-04-23,,Gift Vouchers/Coupons,,Wi-Fi,22:12:25,16,191.53,56618.57,0.0,747.18,No,Yes,No,Not Applicable,Reasonable Price
a39db6d0cb6021e1,24,F,Town,No Membership,2025-04-23,No,Without Offers,Smartphone,Wi-Fi,19:53:05,8,34.0,12709.11,23.0,653.44,Yes,No,Yes,Solved in Follow-up,Poor Customer Service
85730dd4da906f79,17,F,Town,Silver Membership,2025-04-23,Yes,Credit/Debit Card Offers,Both,Fiber_Optic,21:24:05,5,937.84,12012.76,9.0,701.68,Yes,Yes,No,Not Applicable,Poor Product Quality
ba5ea03249c877ef,32,M,Town,Silver Membership,2025-04-23,No,Credit/Debit Card Offers,,Fiber_Optic,08:31:05,7,168.58,4182.71,0.0,731.66,No,Yes,No,Not Applicable,Poor Website
b85f0a466f98ff87,16,M,City,Basic Membership,2025-04-23,Yes,Gift Vouchers/Coupons,Smartphone,Wi-Fi,13:48:54,7,810.6,13051.86,5.0,653.81,No,Yes,No,Not Applicable,Poor Customer Service
901febfc174d3a31,20,M,City,Silver Membership,2025-04-23,Yes,Credit/Debit Card Offers,,Wi-Fi,03:37:37,5,31.27,17714.62,26.0,668.41,No,Yes,Yes,No Information Available,Poor Product Quality
bb84237bb7d610c4,36,M,Town,No Membership,2025-04-23,Yes,Credit/Debit Card Offers,Smartphone,Fiber_Optic,20:44:58,11,34.14,36249.42,44.82688768184498,607.26,No,Yes,Yes,No Information Available,Poor Customer Service
b2efa55dd1f60222,31,M,,No Membership,2025-04-23,Yes,Without Offers,Desktop,Wi-Fi,18:47:45,15,725.64,6938.71,9.0,654.64,No,Yes,Yes,No Information Available,Too many ads
9f289501b6a3f271,61,M,City,Gold Membership,2025-04-23,No,Credit/Debit Card Offers,Desktop,Wi-Fi,13:56:54,4,185.1,30685.4,16.0,725.56,Yes,No,Yes,Unsolved,Poor Website
aac8b84dd222d76c,55,M,Town,Platinum Membership,2025-04-23,No,Gift Vouchers/Coupons,Desktop,Fiber_Optic,00:01:22,18,66.0,40917.35,13.0,406.4869336857857,Yes,No,Yes,Unsolved,User Friendly Website
8887e9c0b222fecb,39,F,Town,No Membership,2025-04-23,No,Credit/Debit Card Offers,Smartphone,Fiber_Optic,10:31:38,11,46.63,16024.68,25.0,670.3,Yes,No,Yes,No Information Available,Poor Website
b5176fb21e307d19,48,M,Village,Silver Membership,2025-04-23,Yes,Without Offers,Desktop,Mobile_Data,02:06:12,14,1335.14,1171.62,0.0,653.31,No,Yes,Yes,Solved,Poor Customer Service
9d066c902e187a86,10,M,City,Platinum Membership,2025-04-24,No,Without Offers,,Mobile_Data,20:32:21,-999,34.63,38578.25,22.0,754.91,Yes,No,Yes,Solved in Follow-up,Poor Product Quality
805e9c155afab63b,61,M,Town,No Membership,2025-04-24,No,Gift Vouchers/Coupons,Smartphone,Mobile_Data,16:13:15,7,491.45,19786.21,9.0,637.22,Yes,No,Yes,Unsolved,Poor Website
bebec09dc0b7de66,55,F,Town,Premium Membership,2025-04-24,No,Credit/Debit Card Offers,Desktop,Wi-Fi,17:23:09,7,33.95,37688.72,13.0,768.57,Yes,No,No,Not Applicable,Poor Customer Service
a7abe7e37c447fb5,28,M,Town,Premium Membership,2025-04-24,No,Gift Vouchers/Coupons,Both,Wi-Fi,08:03:07,10,445.47,83828.98,10.0,790.51,Yes,Yes,Yes,Solved,Quality Customer Care
91e3f364b6ab94be,25,F,City,Basic Membership,2025-04-24,No,Gift Vouchers/Coupons,Smartphone,Mobile_Data,21:10:05,18,33.37,13152.69,24.0,0.0,Yes,No,No,Not Applicable,Poor Website
84aab20336cff602,56,M,City,Gold Membership,2025-04-24,No,Without Offers,Desktop,Fiber_Optic,02:55:41,21,1386.2328573111793,9454.17,19.0,778.27,Yes,No,No,Not Applicable,Too many ads
9d0cfdbf16afcf2d,58,M,Town,Platinum Membership,2025-04-24,Yes,Credit/Debit Card Offers,Smartphone,Mobile_Data,21:57:40,8,69.39,48833.68,19.0,778.35,Yes,No,Yes,No Information Available,No reason specified
bc463f219e7b2fa1,19,F,City,Gold Membership,2025-04-24,No,Gift Vouchers/Coupons,Smartphone,Wi-Fi,16:31:56,-999,177.01,20149.4,7.0,781.29,Yes,No,No,Not Applicable,No reason specified
a60211cd2ecd8776,52,F,,No Membership,2025-04-24,Yes,Credit/Debit Card Offers,Desktop,Wi-Fi,11:02:17,15,260.13,40125.29,0.4499519307951729,568.27,Yes,No,No,Not Applicable,Poor Product Quality
8b839a9cb702a791,19,M,City,No Membership,2025-04-24,No,Without Offers,Desktop,Mobile_Data,12:34:37,14,205.82,7600.53,13.0,690.27,No,Yes,Yes,Solved,Too many ads
a0bd46192d671f77,35,M,Town,Platinum Membership,2025-04-24,No,Gift Vouchers/Coupons,Smartphone,Mobile_Data,07:35:30,23,80.94,38913.46,25.0,153.38010967469612,Yes,No,Yes,No Information Available,Too many ads
9dc88964934b5c6a,41,M,Town,Gold Membership,2025-04-24,,Gift Vouchers/Coupons,Both,Mobile_Data,05:05:13,14,653.55,46111.63,18.0,838.07,No,Yes,Yes,Unsolved,User Friendly Website
accab7258535dcaa,61,M,Town,Basic Membership,2025-04-24,Yes,Gift Vouchers/Coupons,Smartphone,Mobile_Data,03:41:07,23,234.83,15756.31,29.0,0.0,Yes,No,Yes,Unsolved,Poor Customer Service
a3a07e9f2dbc6b9a,16,F,,Gold Membership,2025-04-24,Yes,Gift Vouchers/Coupons,Smartphone,Mobile_Data,19:20:28,11,991.2173418348068,2349.12,12.0,0.0,Yes,No,Yes,Solved,Poor Product Quality
a4c1aa5d3e92deee,52,F,City,Basic Membership,2025-04-24,No,Without Offers,,Mobile_Data,20:20:30,12,55.19,47714.26,6.0,709.47,Yes,No,No,Not Applicable,Poor Customer Service
8b94ab7ad4e2c7d9,25,M,Town,Premium Membership,2025-04-24,No,Gift Vouchers/Coupons,Both,Mobile_Data,11:18:38,17,214.1,97418.32,14.0,844.98,Yes,Yes,Yes,Unsolved,User Friendly Website
a003e1a010142c11,31,M,Town,Silver Membership,2025-04-24,Yes,Gift Vouchers/Coupons,Desktop,Fiber_Optic,10:43:49,1,243.38,39323.16,0.0,662.46,Yes,No,No,Not Applicable,Poor Product Quality
afcd07a35a5f1a08,25,M,City,No Membership,2025-04-24,Yes,Gift Vouchers/Coupons,Desktop,Wi-Fi,13:58:44,21,150.21,19771.15,9.0,629.21,No,Yes,Yes,Solved in Follow-up,Poor Product Quality
a02676e88b04915f,12,M,Town,Premium Membership,2025-04-24,Yes,Credit/Debit Card Offers,,Fiber_Optic,22:23:52,7,0.0,79516.55,19.0,714.89,Yes,Yes,No,Not Applicable,Quality Customer Care
b3014df28a77e752,63,M,,No Membership,2025-04-24,Yes,Credit/Debit Card Offers,Both,Fiber_Optic,13:57:46,17,694.38,20963.49,13.0,623.88,No,Yes,Yes,Unsolved,Too many ads
97641ba95283739b,46,F,Town,No Membership,2025-04-24,,Without Offers,Both,Mobile_Data,19:32:55,14,564.93,22121.36,9.0,893.9231432312082,Yes,Yes,No,Not Applicable,Too many ads
b19ee062de1220bf,64,F,,Premium Membership,2025-04-24,No,Gift Vouchers/Coupons,Smartphone,Wi-Fi,21:06:29,16,304.76,8785.69,6.0,708.69,No,Yes,No,Not Applicable,Reasonable Price
8069ec4eb570c4de,63,M,Town,Basic Membership,2025-04-24,Yes,Credit/Debit Card Offers,Desktop,Wi-Fi,22:17:20,24,192.09,28677.03,8.0,674.46,Yes,No,No,Not Applicable,Poor Product Quality
a89bef4ef48824b7,18,F,Town,Basic Membership,2025-04-24,Yes,Without Offers,Desktop,Fiber_Optic,04:31:09,18,34.33,35500.47,22.0,604.86,Yes,No,Yes,No Information Available,Poor Product Quality
a8b7528a6a7c7027,39,M,Village,Platinum Membership,2025-04-24,,Gift Vouchers/Coupons,,Fiber_Optic,21:27:29,20,30.84,88650.44,10.0,768.47,Yes,No,No,Not Applicable,Products always in Stock
8028a44052378a87,55,M,City,No Membership,2025-04-24,Yes,Credit/Debit Card Offers,Desktop,Wi-Fi,08:15:45,19,107.87,2278.4,9.0,651.83,No,Yes,No,Not Applicable,Poor Product Quality
880dabf06738122a,17,M,City,Basic Membership,2025-04-24,Yes,Credit/Debit Card Offers,,Mobile_Data,12:53:31,14,179.87,47867.75,6.0,654.78,No,Yes,No,Not Applicable,No reason specified
a6d180a6b7832c22,53,M,,No Membership,2025-04-24,Yes,Credit/Debit Card Offers,Desktop,Fiber_Optic,20:59:05,18,34.25,5792.34,18.0,589.67,Yes,No,Yes,Solved in Follow-up,No reason specified
a2325e0f8893af18,52,F,Town,Platinum Membership,2025-04-24,Yes,Credit/Debit Card Offers,Smartphone,Wi-Fi,00:52:35,17,150.45,6870.41,0.0,807.05,No,Yes,No,Not Applicable,Products always in Stock
b70a53f14ddef6f6,52,M,City,Silver Membership,2025-04-24,,Without Offers,Smartphone,Wi-Fi,21:03:41,26,143.84,47519.38,14.0,437.2427288564666,No,Yes,No,Not Applicable,No reason specified
a4a88a4a5abc39e6,15,M,Village,Basic Membership,2025-04-24,Yes,Credit/Debit Card Offers,,Mobile_Data,10:21:47,7,463.49,36963.7,0.0,629.25,Yes,No,No,Not Applicable,No reason specified
b703e767df55a683,14,M,Village,Basic Membership,2025-04-24,No,Without Offers,Smartphone,Mobile_Data,19:34:06,17,48.35,15410.27,22.0,1108.1837343893917,Yes,No,Yes,Solved,No reason specified
aff6a657212ef7cc,45,F,City,Premium Membership,2025-04-24,Yes,Credit/Debit Card Offers,Smartphone,Mobile_Data,10:09:44,16,528.66,22724.11,6.0,791.26,No,Yes,No,Not Applicable,Quality Customer Care
895feb7ae8d35a2e,41,F,Town,Gold Membership,2025-04-24,Yes,Without Offers,Smartphone,Wi-Fi,09:40:28,18,273.63,20826.55,22.0,775.39,No,Yes,Yes,Solved,Poor Website
974485c17e30d31b,41,M,Town,Premium Membership,2025-04-24,No,Gift Vouchers/Coupons,Desktop,Wi-Fi,16:05:03,-999,365.84,24890.49,19.0,0.0,No,Yes,Yes,Solved,Poor Product Quality
930755375fb8e3cd,29,F,Town,No Membership,2025-04-24,Yes,Without Offers,Smartphone,Mobile_Data,01:42:23,10,231.49,19972.29,28.0,586.7,Yes,Yes,Yes,Solved in Follow-up,Poor Website
ab570aed84144935,64,M,Town,No Membership,2025-04-24,No,Without Offers,Desktop,Wi-Fi,16:44:10,24,323.55,37184.35,10.0,690.47,Yes,No,No,Not Applicable,Poor Product Quality
9831dfa1f705a3f7,37,F,Village,No Membership,2025-04-24,Yes,Gift Vouchers/Coupons,Desktop,Mobile_Data,14:55:40,10,169.74,45726.87,0.0,940.6889735262424,No,Yes,Yes,Unsolved,Poor Website
b49fc6fba0801ccd,54,M,Town,Gold Membership,2025-04-24,Yes,Without Offers,,Fiber_Optic,07:17:13,22,205.75,18706.7,39.82329100544746,690.4,Yes,No,Yes,Solved,No reason specified
b902aeee1ab5c62f,12,F,Town,Platinum Membership,2025-04-24,,Gift Vouchers/Coupons,Desktop,Wi-Fi,20:17:05,-999,124.12,1512.05,22.0,761.95,Yes,No,Yes,Solved,Poor Customer Service
9a637060cff1235d,16,F,City,Basic Membership,2025-04-24,Yes,Without Offers,Desktop,Fiber_Optic,21:16:12,12,202.56,16618.44,14.0,0.0,Yes,No,Yes,Unsolved,Poor Website
9e295245d82d6548,33,F,Town,Basic Membership,2025-04-24,Yes,Without Offers,Both,Fiber_Optic,17:57:13,7,232.1,42832.15,28.0,672.36,Yes,No,Yes,Solved,Poor Customer Service
971fd9266ddee9b1,11,M,Town,Premium Membership,2025-04-24,Yes,Without Offers,,Mobile_Data,23:05:12,16,33.88,48142.76,15.0,754.72,Yes,No,No,Not Applicable,Poor Customer Service
8f91a5f5f6d96345,40,F,City,Basic Membership,2025-04-24,Yes,Credit/Debit Card Offers,Desktop,Wi-Fi,18:28:19,1,651.67,24755.8,19.0,709.23,Yes,Yes,Yes,Solved in Follow-up,Poor Website
85c7996b17862e57,49,M,Town,Platinum Membership,2025-04-24,Yes,Without Offers,,Fiber_Optic,18:26:30,3,650.12,81628.48,11.0,0.0,Yes,Yes,No,Not Applicable,Products always in Stock
aad7891e94f60f1f,45,M,Village,No Membership,2025-04-24,Yes,Credit/Debit Card Offers,Desktop,Fiber_Optic,11:30:16,17,99.32,14978.47,5.0,595.92,No,Yes,Yes,No Information Available,Too many ads
a9523b230fa8cf3b,17,M,City,Silver Membership,2025-04-24,Yes,Without Offers,Smartphone,Mobile_Data,09:18:58,14,230.54,9065.97,8.0,696.44,Yes,No,Yes,Solved,Poor Product Quality
8255b109b4daa612,61,M,Town,Gold Membership,2025-04-24,No,Without Offers,Smartphone,Fiber_Optic,11:48:13,8,52.23,17519.83,25.0,717.63,No,Yes,Yes,Solved,Poor Customer Service
880d0a657b83c02d,31,F,City,Silver Membership,2025-04-24,Yes,Credit/Debit Card Offers,Both,Fiber_Optic,08:02:32,15,592.4,22997.97,12.0,698.94,No,Yes,Yes,Solved in Follow-up,Poor Website
a44fb105f2aa4ad5,51,M,Town,Basic Membership,2025-04-24,Yes,Credit/Debit Card Offers,Smartphone,Fiber_Optic,05:31:19,24,271.43,22708.17,11.0,614.59,No,Yes,Yes,Solved in Follow-up,No reason specified
a08c995514558b28,16,F,,Premium Membership,2025-04-24,Yes,Without Offers,Smartphone,Fiber_Optic,11:56:43,21,602.65,12707.47,29.0,795.17,Yes,Yes,No,Not Applicable,Poor Website
b5e7d5e7ab42e827,47,F,City,No Membership,2025-04-24,,Without Offers,Desktop,Mobile_Data,04:36:47,24,402.13,7921.8,25.0,610.34,No,Yes,Yes,Unsolved,Poor Customer Service
873d5861636f86d7,61,F,Village,No Membership,2025-04-24,No,Gift Vouchers/Coupons,Smartphone,Mobile_Data,10:06:48,-999,320.55,26696.8,16.0,1032.590575029066,Yes,No,No,Not Applicable,Too many ads
9ee4c62710a2ef2b,37,F,,Gold Membership,2025-04-24,,Gift Vouchers/Coupons,Smartphone,Fiber_Optic,15:57:39,10,505.95,42550.43,0.0,322.9986910054272,No,Yes,Yes,Unsolved,Poor Customer Service
8e9ab4da37556c82,30,F,City,Silver Membership,2025-04-24,No,Without Offers,Smartphone,Fiber_Optic,22:24:31,11,61.56,43724.84,7.0,710.77,No,Yes,Yes,Solved in Follow-up,No reason specified
9b0738d8e1062091,26,F,,Platinum Membership,2025-04-24,No,Without Offers,Desktop,Mobile_Data,20:28:42,2,502.97,15030.5,15.0,759.76,Yes,Yes,Yes,Solved,Reasonable Price
aca8a3ff64148317,19,M,,Silver Membership,2025-04-24,Yes,Without Offers,Desktop,Wi-Fi,14:18:57,22,192.87,26558.95,7.0,745.51,No,Yes,No,Not Applicable,Poor Website
a6ea80be29cb153d,21,F,,Platinum Membership,2025-04-24,No,Gift Vouchers/Coupons,Desktop,Fiber_Optic,06:23:33,-999,0.0,92431.62,4.0,834.2,No,Yes,No,Not Applicable,User Friendly Website
9d42555064129acd,58,M,Town,Platinum Membership,2025-04-24,No,Without Offers,Desktop,Wi-Fi,11:10:41,-999,36.71,40532.43,21.0,791.14,No,Yes,No,Not Applicable,Poor Website
81771c699fdbfbce,25,M,Town,Gold Membership,2025-04-24,Yes,Credit/Debit Card Offers,Both,Fiber_Optic,07:32:56,7,876.43,28496.78,11.0,754.88,Yes,Yes,Yes,Unsolved,No reason specified
b3a70fcd658a6ef4,22,F,Town,Premium Membership,2025-04-24,No,Without Offers,,Wi-Fi,00:21:24,5,293.7,1868.81,26.0,784.89,Yes,No,No,Not Applicable,Poor Website
aeee4b0912b42fde,49,M,Town,No Membership,2025-04-24,No,Credit/Debit Card Offers,Both,Mobile_Data,13:34:19,9,318.37,7359.47,5.0,678.3630214548771,No,Yes,Yes,No Information Available,Poor Website
9985fb1e0653ca44,58,F,Town,No Membership,2025-04-24,,Gift Vouchers/Coupons,Desktop,Mobile_Data,06:48:36,19,34.87,34077.05,0.0,916.4119444158226,No,Yes,No,Not Applicable,Poor Website
818b0db080bb14cd,15,M,Town,Gold Membership,2025-04-24,,Gift Vouchers/Coupons,Both,Mobile_Data,19:58:46,14,528.11,42763.69,0.0,216.18990582546687,Yes,No,Yes,Solved in Follow-up,Poor Customer Service
bfab0674e1b1987b,19,F,,Silver Membership,2025-04-24,,Credit/Debit Card Offers,Desktop,Fiber_Optic,20:38:52,16,365.54,22574.96,8.0,311.7873808762858,Yes,No,Yes,No Information Available,Reasonable Price
aafc9e6c7ba5143a,21,F,City,Basic Membership,2025-04-24,No,Without Offers,Both,Fiber_Optic,04:22:30,12,320.41,21568.07,11.0,713.28,No,Yes,Yes,Solved,Poor Customer Service
8b3d49079a90e762,57,F,,Silver Membership,2025-04-24,Yes,Gift Vouchers/Coupons,Smartphone,Wi-Fi,06:02:13,20,36.16,41362.75,24.0,719.43,Yes,No,No,Not Applicable,Poor Product Quality
9cd9701203b266be,11,M,City,Basic Membership,2025-04-24,No,Without Offers,,Mobile_Data,20:53:34,-999,422.02,11564.86,5.0,690.58,No,Yes,Yes,Unsolved,No reason specified
967c9aa0baa5eada,26,F,,Silver Membership,2025-04-24,Yes,Gift Vouchers/Coupons,Desktop,Wi-Fi,08:30:30,15,660.84,38687.75,8.0,718.08,Yes,Yes,No,Not Applicable,Poor Website
a5afb2810dfcf210,13,M,Town,Silver Membership,2025-04-24,No,Without Offers,Smartphone,Fiber_Optic,03:45:20,13,65.02,32143.9,18.0,774.46,No,Yes,Yes,Solved,No reason specified
8fbbea0bffdc4f19,25,F,Town,Silver Membership,2025-04-24,No,Gift Vouchers/Coupons,Smartphone,Fiber_Optic,12:48:50,2,234.2,15668.02,0.0,776.91,No,Yes,Yes,Solved in Follow-up,Poor Customer Service
9edb9f14ccebdfd9,55,F,Town,Platinum Membership,2025-04-24,No,Credit/Debit Card Offers,Smartphone,Mobile_Data,17:16:26,1,364.34,11775.45,7.0,737.01,Yes,No,No,Not Applicable,Too many ads
95b25997f4c7542f,41,M,City,Silver Membership,2025-04-24,No,Gift Vouchers/Coupons,Desktop,Fiber_Optic,11:43:37,14,61.27,44529.84,24.0,729.71,No,Yes,Yes,Unsolved,Too many ads
b216f4278d36895f,23,F,Town,No Membership,2025-04-24,No,Gift Vouchers/Coupons,Smartphone,Mobile_Data,17:34:09,13,1101.5435286749394,38962.14,11.0,285.9849439814976,Yes,No,Yes,Solved,Poor Website
8e5219e03fe2b527,52,M,Village,Gold Membership,2025-04-24,,Gift Vouchers/Coupons,Desktop,Mobile_Data,06:54:04,13,536.34,71830.45,2.0,756.5,Yes,No,No,Not Applicable,Quality Customer Care
9f9a12ac8724d958,41,F,,Platinum Membership,2025-04-24,,Gift Vouchers/Coupons,Desktop,Fiber_Optic,19:18:11,9,31.91,35234.57,5.0,486.2621302895475,Yes,No,Yes,Solved,Poor Website
a7b035d2b1d5cb7f,21,F,City,Gold Membership,2025-04-24,No,Without Offers,Desktop,Fiber_Optic,21:21:15,20,271.57,36618.59,10.0,696.72,Yes,No,Yes,Solved,No reason specified
b617d15f653dc1e2,30,F,,No Membership,2025-04-24,Yes,Gift Vouchers/Coupons,Smartphone,Mobile_Data,22:51:43,3,108.34,37994.53,0.0,693.35,Yes,No,No,Not Applicable,Poor Website
a07a1cd29464d45e,18,F,,Silver Membership,2025-04-24,Yes,Credit/Debit Card Offers,Desktop,Fiber_Optic,17:08:54,21,258.03,21784.27,22.0,665.76,No,Yes,Yes,No Information Available,Poor Customer Service
894dd7467beb08cb,41,F,Town,Silver Membership,2025-04-24,Yes,Gift Vouchers/Coupons,Smartphone,Mobile_Data,07:36:30,11,257.22,19274.72,15.0,1056.69189150315,Yes,Yes,No,Not Applicable,Products always in Stock
a72207f732e673d1,64,F,Town,Premium Membership,2025-04-24,No,Gift Vouchers/Coupons,Desktop,Mobile_Data,01:18:07,10,0.0,32432.74,28.0,723.07,Yes,No,No,Not Applicable,Poor Customer Service
8a34c598d4edf5c5,54,F,Village,Silver Membership,2025-04-24,,Without Offers,,Fiber_Optic,20:51:23,15,46.24,42877.06,8.0,666.4,No,Yes,Yes,Solved,Poor Customer Service
bf75b3d7bc4c0e61,33,F,Village,Silver Membership,2025-04-24,Yes,Gift Vouchers/Coupons,,Fiber_Optic,17:06:26,17,85.76,12972.34,11.0,778.47,Yes,No,No,Not Applicable,Poor Customer Service
b841d07ba96f4ee2,11,F,City,Gold Membership,2025-04-24,Yes,Credit/Debit Card Offers,,Mobile_Data,05:58:29,4,255.6,72526.38,11.0,834.14,Yes,Yes,Yes,No Information Available,User Friendly Website
82a0b429cb90fd38,14,F,Town,Gold Membership,2025-04-24,Yes,Credit/Debit Card Offers,Smartphone,Mobile_Data,03:35:10,11,65.64,31440.28,9.0,1113.159862666566,No,Yes,No,Not Applicable,Too many ads
b89cf6f377bcfb03,48,M,City,Basic Membership,2025-04-24,No,Without Offers,Smartphone,Fiber_Optic,12:15:01,14,230.04,19070.42,14.0,893.0418458529048,Yes,No,No,Not Applicable,Too many ads
b1c0d1306a8c7b91,25,M,City,Silver Membership,2025-04-24,No,Without Offers,Smartphone,Fiber_Optic,17:04:37,16,138.54,12055.19,26.0,729.94,Yes,No,Yes,Solved,Too many ads
b3ec2d2c51c3e797,58,M,Town,Basic Membership,2025-04-24,,Gift Vouchers/Coupons,Desktop,Fiber_Optic,14:07:27,15,32.11,31853.14,17.0,508.84,Yes,No,No,Not Applicable,Poor Customer Service
81da0f86700fcc53,58,F,City,Basic Membership,2025-04-24,,Gift Vouchers/Coupons,Desktop,Mobile_Data,08:56:06,16,57.57,27586.79,13.0,654.15,No,Yes,Yes,Solved,Poor Customer Service
a827a72334c37fa1,60,M,Town,Basic Membership,2025-04-24,Yes,Credit/Debit Card Offers,Desktop,Fiber_Optic,10:02:09,8,31.28,31281.7,5.0,568.32,Yes,No,Yes,Unsolved,No reason specified
84952cc979fb3b2d,13,M,,Gold Membership,2025-04-24,Yes,Credit/Debit Card Offers,Desktop,Fiber_Optic,09:17:41,9,454.37,85438.24,5.0,753.34,Yes,Yes,No,Not Applicable,Products always in Stock
b57f9afa7c553c09,55,M,City,Basic Membership,2025-04-24,No,Without Offers,Desktop,Wi-Fi,05:41:47,17,30.23,38655.06,14.0,672.33,No,Yes,No,Not Applicable,Poor Product Quality
bb173fc5d0cd0d99,18,M,Town,Premium Membership,2025-04-24,No,Credit/Debit Card Offers,Desktop,Wi-Fi,05:28:17,11,89.53,90651.76,4.0,1085.140433255871,No,Yes,No,Not Applicable,Reasonable Price
9e784dd67d88ef10,46,F,Village,Premium Membership,2025-04-24,No,Without Offers,,Wi-Fi,13:55:51,2,284.82,41362.42,22.0,747.23,No,Yes,No,Not Applicable,Poor Product Quality
9e7a25a6e3ad9745,47,M,Town,Silver Membership,2025-04-24,Yes,Without Offers,Both,Fiber_Optic,19:02:27,17,633.39,85683.63,0.0,762.28,Yes,No,No,Not Applicable,User Friendly Website
a00100aa51b7336b,21,M,Village,Premium Membership,2025-04-24,No,Without Offers,Both,Fiber_Optic,04:45:59,-999,488.4,23350.05,0.0,785.03,Yes,No,No,Not Applicable,Quality Customer Care
8f76f859e8f276ab,35,F,Town,Basic Membership,2025-04-24,No,Credit/Debit Card Offers,Desktop,Fiber_Optic,21:49:03,13,984.5146485150448,23115.2,23.0,609.41,Yes,No,No,Not Applicable,Poor Website
8871bef32eeaef4f,37,F,Village,Silver Membership,2025-04-24,No,Gift Vouchers/Coupons,Smartphone,Fiber_Optic,22:30:58,17,490.55,27301.12,0.0,435.10125732861314,Yes,No,Yes,Solved in Follow-up,User Friendly Website
9a745456785bced6,46,F,Town,No Membership,2025-04-24,No,Without Offers,Desktop,Mobile_Data,14:06:54,11,316.38,44233.14,13.0,622.02,No,Yes,Yes,Unsolved,Too many ads
b44c662db5dfb5ef,39,M,Town,No Membership,2025-04-24,Yes,Credit/Debit Card Offers,Smartphone,Fiber_Optic,11:24:04,19,58.77,26070.77,24.0,0.0,Yes,No,Yes,Solved,Poor Website
aecc8782786e85f3,30,F,,Basic Membership,2025-04-24,No,Without Offers,Both,Fiber_Optic,13:22:25,6,291.41,22268.9,6.0,514.95,No,Yes,Yes,Solved,No reason specified
98b495649cfd78c3,63,M,City,No Membership,2025-04-24,No,Credit/Debit Card Offers,Desktop,Wi-Fi,22:05:56,-999,94.74,6179.73,7.0,608.14,No,Yes,Yes,No Information Available,Poor Product Quality
b0c070f86ef99eeb,24,M,Town,No Membership,2025-04-24,No,Gift Vouchers/Coupons,Smartphone,Fiber_Optic,08:38:08,17,401.99,4181.11,6.0,624.39,Yes,No,No,Not Applicable,Too many ads
b8e4888c08a2414e,34,M,City,Basic Membership,2025-04-24,Yes,Gift Vouchers/Coupons,Smartphone,Fiber_Optic,09:24:44,12,0.0,5978.32,24.0,551.72,No,Yes,No,Not Applicable,Too many ads
b57d86b9ee2c60e9,10,F,Town,Gold Membership,2025-04-24,Yes,Gift Vouchers/Coupons,,Wi-Fi,12:06:28,16,200.47,40695.69,0.0,722.28,No,Yes,No,Not Applicable,Poor Product Quality
9bcade0a65576d28,53,F,Town,Silver Membership,2025-04-25,Yes,Without Offers,Smartphone,Wi-Fi,17:46:31,7,517.06,39266.25,18.0,753.66,No,Yes,No,Not Applicable,No reason specified
b56de4c5e810ac25,36,F,Village,Gold Membership,2025-04-25,Yes,Without Offers,Smartphone,Mobile_Data,07:41:49,21,31.52,28147.66,6.0,704.5,No,Yes,Yes,No Information Available,Poor Product Quality
bd1fde2877d990ca,27,F,Village,Gold Membership,2025-04-25,No,Without Offers,Smartphone,Wi-Fi,16:43:30,16,148.09,37995.81,14.0,153.26949582928538,Yes,No,No,Not Applicable,Poor Website
861e193cec15ca1a,64,F,,No Membership,2025-04-25,Yes,Without Offers,Smartphone,Wi-Fi,09:59:03,11,88.59,5578.01,20.0,573.02,No,Yes,Yes,No Information Available,Poor Customer Service
84fecfce37129775,36,M,Town,Silver Membership,2025-04-25,,Credit/Debit Card Offers,Desktop,Fiber_Optic,11:18:51,16,1560.6484168481015,36495.93,20.0,1207.9152536071272,No,Yes,No,Not Applicable,Poor Product Quality
a4f225e1f124c024,11,F,,Premium Membership,2025-04-25,Yes,Without Offers,,Mobile_Data,19:15:43,9,722.74,12831.87,17.0,758.03,No,Yes,No,Not Applicable,No reason specified
be31f19ad6b05a8d,19,F,City,Gold Membership,2025-04-25,No,Without Offers,Smartphone,Mobile_Data,14:45:18,16,90.64,51713.12,1.0,758.7,Yes,No,Yes,Solved,Reasonable Price
862d4c4f7a9415bf,15,F,Town,Gold Membership,2025-04-25,Yes,Gift Vouchers/Coupons,Smartphone,Wi-Fi,20:11:54,-999,32.58,11412.7,18.0,796.17,No,Yes,No,Not Applicable,Poor Product Quality
b5d9fbdba32897d6,13,M,Village,Premium Membership,2025-04-25,Yes,Gift Vouchers/Coupons,Desktop,Fiber_Optic,22:06:18,8,271.94,24363.04,14.0,810.71,Yes,Yes,No,Not Applicable,Products always in Stock
a6eae23f3028d15a,52,F,City,Gold Membership,2025-04-25,Yes,Without Offers,Smartphone,Fiber_Optic,19:17:01,9,0.0,40372.73,34.79245568233237,625.81,No,Yes,Yes,Solved,No reason specified
a3267902c3b24e77,39,M,City,Silver Membership,2025-04-25,No,Gift Vouchers/Coupons,,Mobile_Data,02:03:31,10,125.26,8631.53,22.0,719.71,No,Yes,No,Not Applicable,Poor Customer Service
8e3f9f7febe70a88,52,F,,Gold Membership,2025-04-25,Yes,Gift Vouchers/Coupons,Smartphone,Mobile_Data,19:07:04,4,118.05,20186.05,13.0,628.88,No,Yes,No,Not Applicable,Poor Website
9966067b437d57b6,31,F,,Basic Membership,2025-04-25,No,,Smartphone,Wi-Fi,18:03:52,12,365.86,2768.95,8.0,995.9899384249904,No,Yes,No,Not Applicable,Too many ads
b230076a402d4f2c,58,F,City,Premium Membership,2025-04-25,,Gift Vouchers/Coupons,,Wi-Fi,04:50:30,22,35.51,33273.36,17.0,793.27,Yes,No,No,Not Applicable,Poor Product Quality
b5ff62d42896b885,57,F,Village,No Membership,2025-04-25,Yes,Without Offers,Smartphone,Mobile_Data,21:35:33,11,143.97,36609.17,13.0,648.0,No,Yes,Yes,No Information Available,No reason specified
b51e99716b8b5ddb,26,M,City,Gold Membership,2025-04-25,Yes,Gift Vouchers/Coupons,Both,Wi-Fi,22:05:33,18,986.32,18308.76,0.0,608.83,Yes,Yes,Yes,Solved,Poor Website
9803987cf03b21e8,16,F,Town,Premium Membership,2025-04-25,Yes,Credit/Debit Card Offers,Both,Fiber_Optic,11:46:24,15,0.0,96499.01,19.0,848.79,Yes,Yes,Yes,No Information Available,Products always in Stock
93b4fb398d1a23dc,47,F,City,Gold Membership,2025-04-25,Yes,Credit/Debit Card Offers,,Wi-Fi,11:18:05,14,626.3,50678.06,10.0,368.9123826806865,Yes,Yes,Yes,No Information Available,Quality Customer Care
84e60dd414d04a54,63,F,City,Premium Membership,2025-04-25,Yes,Without Offers,Smartphone,Wi-Fi,07:45:49,3,30.44,24818.89,11.0,1105.9494129371203,Yes,No,Yes,Solved in Follow-up,Poor Website
9198b29ac0ad715e,15,F,Village,Silver Membership,2025-04-25,,Credit/Debit Card Offers,Smartphone,Fiber_Optic,00:20:02,8,209.34,98015.26,13.0,750.29,Yes,No,Yes,Solved in Follow-up,Reasonable Price
a1be182d36da4f67,59,F,City,No Membership,2025-04-25,,Gift Vouchers/Coupons,Both,Fiber_Optic,07:58:12,5,208.6,9895.07,15.0,515.44,No,Yes,Yes,Unsolved,No reason specified
bce693953bbb4590,30,M,Town,Basic Membership,2025-04-25,,Without Offers,,Fiber_Optic,19:42:29,12,359.29,14543.39,8.0,669.87,No,Yes,No,Not Applicable,Poor Website
b6b8fd101895a113,55,M,Town,Silver Membership,2025-04-25,Yes,Gift Vouchers/Coupons,Desktop,Mobile_Data,06:26:52,14,185.81,23491.2,0.0,701.45,No,Yes,Yes,Unsolved,No reason specified
a3352f5730ac2519,37,M,Town,Platinum Membership,2025-04-25,No,Gift Vouchers/Coupons,,Mobile_Data,06:08:56,17,31.26,28480.77,9.0,0.0,Yes,No,Yes,Solved,No reason specified
8fce227f7dbe9fce,56,M,City,Gold Membership,2025-04-25,Yes,Gift Vouchers/Coupons,Desktop,Fiber_Optic,11:39:18,21,95.92,31867.57,24.0,0.0,No,Yes,No,Not Applicable,No reason specified
b30f5bab93a4d5d5,64,M,Town,Gold Membership,2025-04-25,Yes,Gift Vouchers/Coupons,Smartphone,Mobile_Data,09:08:27,20,250.98,27374.05,8.0,0.0,No,Yes,Yes,No Information Available,Poor Website
83c51c3efa7f7318,29,F,City,Gold Membership,2025-04-25,,Gift Vouchers/Coupons,Smartphone,Mobile_Data,04:41:20,23,144.25,6851.01,26.0,0.0,No,Yes,No,Not Applicable,No reason specified
b16d31144c760d91,37,F,Village,Premium Membership,2025-04-25,No,Gift Vouchers/Coupons,Smartphone,Fiber_Optic,17:30:39,11,191.79,82682.7,13.0,491.9937133944501,No,Yes,Yes,No Information Available,Reasonable Price
a23aab35343312ae,63,F,Town,Premium Membership,2025-04-25,No,Gift Vouchers/Coupons,Smartphone,Wi-Fi,13:00:29,13,34.22,48110.13,18.0,776.93,Yes,No,No,Not Applicable,No reason specified
a3ffc258441666a8,23,M,,No Membership,2025-04-25,Yes,Gift Vouchers/Coupons,,Fiber_Optic,21:35:02,9,1210.54,28222.55,7.0,643.99,Yes,Yes,Yes,No Information Available,No reason specified
be5e0f0f029671d9,17,M,,Platinum Membership,2025-04-25,No,Credit/Debit Card Offers,,Mobile_Data,00:16:02,22,209.1,12282.17,6.0,0.0,Yes,Yes,Yes,No Information Available,Products always in Stock
a7a5922644460541,62,F,Town,Premium Membership,2025-04-25,No,Gift Vouchers/Coupons,Desktop,Wi-Fi,05:47:12,13,69.33,845.14,15.0,790.37,Yes,No,No,Not Applicable,Too many ads
a632c91556cb4327,31,F,,No Membership,2025-04-25,,Without Offers,Smartphone,Fiber_Optic,14:20:55,20,311.78,21678.04,25.0,589.14,Yes,No,Yes,Unsolved,Poor Customer Service
9ea4c5eb550e4d12,14,F,Town,Basic Membership,2025-04-25,,Gift Vouchers/Coupons,Smartphone,Fiber_Optic,03:11:13,5,106.73,19907.4,13.0,199.59167386679007,Yes,No,No,Not Applicable,Too many ads
80f060297f0ec17e,27,F,City,Basic Membership,2025-04-25,,Gift Vouchers/Coupons,Smartphone,Fiber_Optic,18:44:23,15,320.95,34808.39,12.0,702.16,No,Yes,Yes,Unsolved,Too many ads
bb2226318ca018d4,19,M,Town,Gold Membership,2025-04-25,Yes,Gift Vouchers/Coupons,Both,Wi-Fi,22:39:21,21,106.42,32128.95,19.0,704.51,Yes,Yes,Yes,Solved in Follow-up,Poor Website
996e858dcf33f33a,62,M,City,Premium Membership,2025-04-25,Yes,Without Offers,Both,Wi-Fi,06:48:55,5,657.75,24163.72,27.0,509.2569000243557,Yes,Yes,No,Not Applicable,Too many ads
84b0714a267a18f4,16,F,City,Silver Membership,2025-04-25,No,Without Offers,,Wi-Fi,18:52:06,10,30.98,8388.46,7.0,781.3,No,Yes,No,Not Applicable,Poor Product Quality
a11f8118b9df3383,40,M,Town,Basic Membership,2025-04-25,No,Without Offers,Desktop,Mobile_Data,21:55:36,10,314.6,39819.35,16.0,662.98,No,Yes,No,Not Applicable,No reason specified
9af2f1b46fb20141,11,F,City,Gold Membership,2025-04-25,Yes,Credit/Debit Card Offers,Desktop,Fiber_Optic,11:18:27,3,238.02,29842.22,39.40515161186973,708.59,No,Yes,No,Not Applicable,Poor Website
93e496fd7449718a,12,F,Village,Gold Membership,2025-04-25,Yes,Credit/Debit Card Offers,Desktop,Mobile_Data,10:36:32,13,190.58,20500.61,18.0,209.05772746396804,No,Yes,Yes,Unsolved,User Friendly Website
98a6d64f14359f91,41,F,Village,No Membership,2025-04-25,No,Gift Vouchers/Coupons,,Wi-Fi,21:59:37,8,390.79,26835.27,28.0,1638.7498865915709,Yes,No,No,Not Applicable,Too many ads
a9017aa8737c8b05,27,F,Village,Silver Membership,2025-04-25,Yes,Credit/Debit Card Offers,Desktop,Fiber_Optic,17:33:16,13,184.0,4873.35,17.0,611.11,No,Yes,Yes,Solved in Follow-up,Poor Product Quality
84777e66135aeac5,18,M,City,No Membership,2025-04-25,No,Credit/Debit Card Offers,Smartphone,Wi-Fi,01:08:19,25,311.72,23609.92,5.0,601.41,Yes,No,Yes,Unsolved,Poor Product Quality
aec45eedaa0514b3,56,F,Village,Gold Membership,2025-04-25,Yes,Credit/Debit Card Offers,,Wi-Fi,11:34:09,11,35.63,14475.34,15.0,793.06,Yes,No,No,Not Applicable,Poor Product Quality
89bf315e7b0d54d8,19,M,,Platinum Membership,2025-04-25,,Without Offers,Smartphone,Fiber_Optic,02:20:00,11,266.01,94945.37,4.0,764.38,Yes,No,Yes,Solved in Follow-up,User Friendly Website
80f0241076d1f43d,41,F,Town,Gold Membership,2025-04-25,Yes,,Desktop,Mobile_Data,02:06:40,16,328.22,18493.49,0.0,648.38,No,Yes,No,Not Applicable,Poor Website
9c056d0310d3a6e9,10,M,,Silver Membership,2025-04-25,No,Without Offers,Both,Fiber_Optic,11:04:17,5,394.81,35849.8,12.0,774.94,Yes,No,No,Not Applicable,Poor Customer Service
8c987655f5cfc3c4,58,F,City,Basic Membership,2025-04-25,Yes,Without Offers,Smartphone,Wi-Fi,08:09:29,11,329.1,6964.04,29.0,0.0,No,Yes,No,Not Applicable,Poor Customer Service
8cd8c57add962c24,54,F,Town,Basic Membership,2025-04-25,Yes,Gift Vouchers/Coupons,Smartphone,Fiber_Optic,04:11:39,8,452.18,32830.12,14.0,0.0,No,Yes,Yes,Unsolved,Poor Website
aa4b694863645780,20,M,Town,Basic Membership,2025-04-25,No,Without Offers,Desktop,Fiber_Optic,03:34:39,9,183.65,39875.41,17.0,646.18,No,Yes,No,Not Applicable,Poor Website
a2ceee73cec13449,33,M,,Basic Membership,2025-04-25,No,Without Offers,Smartphone,Wi-Fi,20:19:34,19,35.35,3916.86,16.0,678.09,No,Yes,Yes,Solved,Poor Website
9498973e2edf026d,42,M,Town,Basic Membership,2025-04-25,,Credit/Debit Card Offers,Desktop,Wi-Fi,11:59:05,13,1061.25,36565.59,5.0,646.53,Yes,No,No,Not Applicable,Too many ads
bb904bf4a7a078df,35,F,Village,Premium Membership,2025-04-25,,Credit/Debit Card Offers,Smartphone,Fiber_Optic,14:50:49,16,167.84,42914.91,38.62354281351143,66.36078265660365,Yes,No,Yes,Unsolved,User Friendly Website
a58732fcb0f0602e,20,F,City,Silver Membership,2025-04-25,,Credit/Debit Card Offers,Desktop,Fiber_Optic,22:07:37,-999,160.87,6761.61,3.0,754.11,Yes,No,No,Not Applicable,Products always in Stock
85231db413c54e0d,51,M,,Basic Membership,2025-04-25,Yes,Gift Vouchers/Coupons,,Wi-Fi,07:39:57,7,1154.99,10416.73,29.0,699.12,No,Yes,Yes,Solved in Follow-up,Poor Customer Service
9924f8fd6e8769cd,14,M,Town,Gold Membership,2025-04-25,No,Credit/Debit Card Offers,Desktop,Fiber_Optic,23:05:51,19,31.89,49038.13,14.0,628.02,Yes,No,No,Not Applicable,No reason specified
9203c833e7f064dc,55,F,Town,Premium Membership,2025-04-25,No,Gift Vouchers/Coupons,Both,Wi-Fi,23:06:35,12,337.97,32544.46,20.0,414.30556148510215,Yes,Yes,Yes,No Information Available,Poor Customer Service
b87269e8f7b7a8e7,25,F,Town,No Membership,2025-04-25,Yes,Credit/Debit Card Offers,Smartphone,Wi-Fi,11:48:35,9,108.5,9514.51,15.0,618.84,Yes,No,No,Not Applicable,Too many ads
ba2afc907a7a1f15,26,F,City,Gold Membership,2025-04-25,Yes,Without Offers,Desktop,Fiber_Optic,06:14:59,14,181.54,2690.05,17.0,730.16,Yes,No,No,Not Applicable,Poor Customer Service
8a74ca713609284b,62,F,Town,Gold Membership,2025-04-25,Yes,Without Offers,Desktop,Fiber_Optic,12:20:07,-999,516.52,27522.51,28.0,0.0,No,Yes,Yes,Solved,Poor Product Quality
9da7b4538dd2b6cd,53,M,Village,Premium Membership,2025-04-25,,Without Offers,Smartphone,Fiber_Optic,21:24:51,16,77.63,9271.74,8.0,717.42,No,Yes,Yes,Solved in Follow-up,Poor Product Quality
9e65b1f78ec58749,35,F,Town,Platinum Membership,2025-04-25,No,Without Offers,,Wi-Fi,19:04:33,14,66.9,3771.89,25.0,811.5310607910435,No,Yes,No,Not Applicable,Poor Customer Service
a0e8c93530f853f2,10,M,Town,Platinum Membership,2025-04-25,Yes,Gift Vouchers/Coupons,Desktop,Mobile_Data,17:38:37,20,177.44,40993.46,5.0,735.69,No,Yes,Yes,No Information Available,Poor Website
ab47a4183b242b3e,61,F,Town,No Membership,2025-04-25,Yes,Credit/Debit Card Offers,Desktop,Wi-Fi,17:08:20,6,171.71,43287.89,0.0,925.2874691840916,No,Yes,Yes,Solved,Poor Website
adb53d7f19d61e6b,60,F,Town,Basic Membership,2025-04-25,,Without Offers,Both,Wi-Fi,22:43:00,23,444.88,6413.04,20.0,637.71,Yes,No,No,Not Applicable,No reason specified
8f09a1324e80a179,38,F,City,Gold Membership,2025-04-25,No,Gift Vouchers/Coupons,Both,Wi-Fi,11:31:33,16,249.63,38844.39,12.0,600.47,No,Yes,No,Not Applicable,Too many ads
ae5451bd51a0b42b,11,F,,Silver Membership,2025-04-25,No,Credit/Debit Card Offers,Smartphone,Mobile_Data,00:07:58,7,54.47,19932.32,9.0,745.11,No,Yes,Yes,Unsolved,Poor Website
9d25e17454c8aaf8,46,F,City,Basic Membership,2025-04-25,,Without Offers,Both,Wi-Fi,01:48:43,7,448.26,15324.92,21.0,653.45,No,Yes,Yes,Unsolved,Poor Customer Service
8036e43dcdcb3ee4,16,M,City,No Membership,2025-04-25,,Without Offers,,Fiber_Optic,08:11:59,15,1015.17,48175.9,0.0,666.57,No,Yes,No,Not Applicable,Too many ads
a7a2076710c3a72a,47,M,Town,Platinum Membership,2025-04-25,,Credit/Debit Card Offers,Smartphone,Fiber_Optic,06:44:50,15,78.46,18939.61,16.0,701.07,No,Yes,Yes,No Information Available,Poor Customer Service
b27385bf29534a87,15,M,City,No Membership,2025-04-25,Yes,Without Offers,Desktop,Mobile_Data,07:09:16,23,65.3,33431.09,26.0,659.56,No,Yes,Yes,Unsolved,Poor Customer Service
a8ed9844b179ca12,43,M,Town,No Membership,2025-04-25,No,Credit/Debit Card Offers,Smartphone,Mobile_Data,12:16:39,19,31.55,48778.74,0.0,623.07,Yes,No,No,Not Applicable,Poor Product Quality
8d22b1b53bc6a12e,51,F,City,Silver Membership,2025-04-25,No,Without Offers,Desktop,Mobile_Data,16:43:17,3,491.15,33634.17,21.0,753.62,Yes,Yes,No,Not Applicable,Too many ads
968332e6eba65809,48,M,Town,Silver Membership,2025-04-25,No,Without Offers,Smartphone,Fiber_Optic,21:10:06,8,158.12,7177.96,22.0,735.34,No,Yes,No,Not Applicable,Poor Customer Service
99b2e683f711da38,19,F,City,Gold Membership,2025-04-25,No,Credit/Debit Card Offers,Smartphone,Mobile_Data,21:46:43,20,107.59,21304.11,9.0,727.58,No,Yes,Yes,No Information Available,No reason specified
801f3034a0d87d9b,20,M,Village,No Membership,2025-04-25,Yes,Credit/Debit Card Offers,Smartphone,Mobile_Data,11:05:22,11,37.61,41624.0,27.0,592.330359860652,No,Yes,Yes,No Information Available,No reason specified
866bce49c2191b9a,56,M,,Gold Membership,2025-04-25,No,Without Offers,Smartphone,Fiber_Optic,00:09:27,4,51.55,48384.04,25.0,397.83512682635046,Yes,No,No,Not Applicable,Poor Website
8db47352688a8c84,58,F,City,No Membership,2025-04-25,Yes,Gift Vouchers/Coupons,Desktop,Mobile_Data,08:19:07,13,73.45,17238.0,16.0,119.37028464095285,No,Yes,No,Not Applicable,Poor Customer Service
a4c5c6dab759ada2,62,M,Town,Premium Membership,2025-04-25,,Credit/Debit Card Offers,Smartphone,Fiber_Optic,05:09:42,13,56.09,45914.05,2.0,759.22,Yes,No,Yes,Unsolved,Quality Customer Care
b35a889cccf59d26,64,M,Town,Gold Membership,2025-04-25,Yes,Without Offers,Desktop,Mobile_Data,22:19:52,9,32.23,29127.95,29.0,727.13,Yes,No,No,Not Applicable,Poor Customer Service
8a9a795ac9ffdde0,14,F,,Platinum Membership,2025-04-25,No,Gift Vouchers/Coupons,Both,Mobile_Data,05:05:48,12,393.8,30268.08,16.0,781.09,Yes,Yes,No,Not Applicable,Poor Customer Service
b81d96b26a31ac11,30,F,City,No Membership,2025-04-25,Yes,Gift Vouchers/Coupons,Desktop,Fiber_Optic,20:42:16,20,112.86,33716.37,18.0,694.85,No,Yes,Yes,Unsolved,No reason specified
b3509279fee3b1b6,33,M,City,Gold Membership,2025-04-25,No,Without Offers,Both,Fiber_Optic,20:59:43,-999,355.26,4623.88,14.0,241.7453014173445,No,Yes,Yes,Solved,Poor Customer Service
a9d279f76790a5c5,50,M,,Platinum Membership,2025-04-25,No,Credit/Debit Card Offers,,Mobile_Data,08:05:24,13,0.0,9027.65,19.0,710.28,No,Yes,Yes,Unsolved,Poor Product Quality
9608155c69aef8b4,45,M,Town,No Membership,2025-04-25,No,Credit/Debit Card Offers,Desktop,Mobile_Data,16:55:09,14,345.8,32442.38,28.0,531.51,Yes,Yes,No,Not Applicable,No reason specified
9f6b274540393dda,49,F,,Gold Membership,2025-04-25,No,Gift Vouchers/Coupons,Desktop,Mobile_Data,07:31:34,13,221.49,17520.96,17.0,371.95300670460176,Yes,Yes,Yes,No Information Available,Reasonable Price
a9ade802a661f653,25,M,Village,Basic Membership,2025-04-25,No,Without Offers,Smartphone,Fiber_Optic,09:22:02,4,110.81,38995.87,5.0,561.57,No,Yes,Yes,Solved,Poor Product Quality
b751415cced2e178,35,M,City,Platinum Membership,2025-04-25,Yes,Gift Vouchers/Coupons,,Mobile_Data,05:35:12,11,1020.75,45146.28,0.0,729.36,No,Yes,No,Not Applicable,Too many ads
81753b04f2ac49ab,53,F,Town,No Membership,2025-04-25,Yes,Gift Vouchers/Coupons,Desktop,Wi-Fi,08:33:07,20,1221.3294491171046,21753.63,8.0,648.17,No,Yes,Yes,Solved,No reason specified
9f845d594ce336a4,61,M,Town,Platinum Membership,2025-04-25,Yes,Gift Vouchers/Coupons,,Mobile_Data,22:52:59,17,47.11,31326.41,11.0,300.33268394386903,Yes,No,Yes,No Information Available,No reason specified
825c60fe18247802,45,M,Town,Silver Membership,2025-04-25,No,Without Offers,Smartphone,Wi-Fi,10:32:19,14,291.7,18911.05,18.0,700.09,No,Yes,No,Not Applicable,Poor Customer Service
a24086475c2ef7cc,33,F,Town,Silver Membership,2025-04-25,,Without Offers,Desktop,Wi-Fi,00:32:07,14,120.98,12215.47,9.0,764.3,Yes,No,Yes,Unsolved,Poor Product Quality
b943d1674201744b,45,M,City,No Membership,2025-04-25,No,Gift Vouchers/Coupons,Desktop,Wi-Fi,03:10:48,13,48.99,22418.47,20.0,1118.6365815481304,Yes,No,No,Not Applicable,Poor Product Quality
a62a85c3e90b5252,56,F,,Basic Membership,2025-04-25,No,Gift Vouchers/Coupons,Desktop,Fiber_Optic,05:08:12,20,52.5,6130.44,27.0,708.71,No,Yes,No,Not Applicable,Poor Product Quality
b102b154cc93646b,53,M,Village,Silver Membership,2025-04-25,No,Gift Vouchers/Coupons,,Mobile_Data,01:38:13,20,272.5,45136.94,0.0,793.15,Yes,No,No,Not Applicable,Poor Website
8799dbda31d512ba,29,F,Town,Premium Membership,2025-04-25,No,Credit/Debit Card Offers,Smartphone,Fiber_Optic,14:25:24,6,201.06,8436.67,6.0,1071.2433224905444,Yes,No,Yes,Solved,Products always in Stock
8e645406d50f2bfe,57,F,City,No Membership,2025-04-25,No,Credit/Debit Card Offers,Smartphone,Wi-Fi,00:53:06,19,181.51,35611.92,13.0,539.46,Yes,No,Yes,Solved,No reason specified
bd771d11c2a1b767,54,F,Village,Silver Membership,2025-04-25,Yes,Credit/Debit Card Offers,Desktop,Wi-Fi,15:09:17,13,842.12,52300.85,12.0,742.69,No,Yes,Yes,Solved in Follow-up,Products always in Stock
b9cec59bc0feff3b,40,M,Town,Platinum Membership,2025-04-25,No,Gift Vouchers/Coupons,,Mobile_Data,10:30:13,16,323.44,24380.69,14.0,744.86,No,Yes,Yes,No Information Available,Poor Customer Service
aee5cdaabf43b546,53,M,Village,Platinum Membership,2025-04-25,No,,Smartphone,Fiber_Optic,02:13:54,12,31.07,84125.56,15.0,768.93,No,Yes,No,Not Applicable,Products always in Stock
88e06a51e0a836d4,50,F,Town,Basic Membership,2025-04-25,No,Gift Vouchers/Coupons,,Mobile_Data,01:11:05,14,0.0,43790.13,0.0,677.05,No,Yes,Yes,No Information Available,No reason specified
83c5c3c7fefa4ac8,53,M,Village,No Membership,2025-04-25,Yes,Without Offers,,Wi-Fi,21:40:15,13,1561.4901973817011,23493.79,9.0,692.15,Yes,Yes,No,Not Applicable,Poor Product Quality
893b829027b971d8,39,F,,Basic Membership,2025-04-25,,Gift Vouchers/Coupons,Desktop,Mobile_Data,20:00:02,2,90.99,9507.63,24.0,670.87,No,Yes,Yes,Unsolved,Poor Website
81246e5a28ba436a,18,M,,Gold Membership,2025-04-25,No,Without Offers,Desktop,Fiber_Optic,03:28:20,22,30.17,28287.9,28.0,723.23,No,Yes,No,Not Applicable,Poor Product Quality
bf6db035fcdc731d,23,F,Town,Silver Membership,2025-04-26,No,Credit/Debit Card Offers,Smartphone,Mobile_Data,09:43:41,21,30.38,43025.66,36.40081388056095,671.41,Yes,No,Yes,No Information Available,Poor Product Quality
9d0b0d54128b8c06,27,F,City,Basic Membership,2025-04-26,No,Gift Vouchers/Coupons,Desktop,Wi-Fi,13:37:10,11,66.11,23104.83,18.0,0.0,No,Yes,Yes,Unsolved,Poor Website
b94f68ccffc8fc5c,52,M,Town,No Membership,2025-04-26,,Without Offers,Desktop,Mobile_Data,23:26:45,22,131.57,42678.4,28.0,695.83,No,Yes,Yes,Solved in Follow-up,Poor Product Quality
bc966cd3e99a0268,47,M,City,Premium Membership,2025-04-26,No,Gift Vouchers/Coupons,Smartphone,Mobile_Data,15:39:01,16,180.98,13882.7,21.0,766.05,No,Yes,No,Not Applicable,Poor Product Quality
ae7b5c252d180a96,11,M,City,Basic Membership,2025-04-26,No,Credit/Debit Card Offers,Smartphone,Wi-Fi,08:38:40,16,31.4,43021.4,20.0,711.35,Yes,No,No,Not Applicable,No reason specified
a165c44dc39034e9,59,M,City,Gold Membership,2025-04-26,Yes,Gift Vouchers/Coupons,Desktop,Wi-Fi,19:49:23,9,33.05,7347.9,5.0,768.15,Yes,No,No,Not Applicable,Poor Website
a4a7d7b855f9cf02,39,F,Town,Basic Membership,2025-04-26,,Gift Vouchers/Coupons,Desktop,Fiber_Optic,19:01:48,12,48.44,34947.98,9.0,694.64,Yes,No,Yes,Solved in Follow-up,Poor Customer Service
a25defbd67cf1df1,29,F,City,Basic Membership,2025-04-26,No,Without Offers,Smartphone,Fiber_Optic,09:16:42,12,38.3,19360.97,25.0,940.144517039101,No,Yes,Yes,No Information Available,Poor Website
bc56480a33a3ad37,63,M,Town,Silver Membership,2025-04-26,,Without Offers,Desktop,Mobile_Data,22:35:49,21,196.28,30793.4,17.0,794.78,Yes,No,Yes,Unsolved,Too many ads
9ae64017cbd362bb,44,F,,No Membership,2025-04-26,Yes,Credit/Debit Card Offers,Desktop,Fiber_Optic,14:49:07,19,124.45,27017.88,27.0,551.13,Yes,No,Yes,Solved,Poor Customer Service
a82963ed969d24c3,11,F,,Gold Membership,2025-04-26,,Gift Vouchers/Coupons,Smartphone,Fiber_Optic,15:11:04,11,136.59,49979.84,0.0,611.03,Yes,No,No,Not Applicable,Poor Website
bd1916d956f58008,36,M,City,Premium Membership,2025-04-26,,Gift Vouchers/Coupons,Desktop,Mobile_Data,02:11:36,16,209.74,35563.22,7.0,719.85,Yes,Yes,No,Not Applicable,Poor Customer Service
a982a43a64308308,30,M,Town,Silver Membership,2025-04-26,No,Credit/Debit Card Offers,Desktop,Fiber_Optic,05:03:45,19,1077.5490700683365,14046.42,0.0,713.25,No,Yes,No,Not Applicable,Poor Website
af9906ebc82932ce,53,M,,Basic Membership,2025-04-26,No,Credit/Debit Card Offers,Smartphone,Wi-Fi,18:40:53,12,0.0,40992.98,24.0,897.9471028444624,Yes,No,Yes,Solved,Poor Website
8fd6270d185a3b8f,57,M,City,No Membership,2025-04-26,No,Credit/Debit Card Offers,,Wi-Fi,00:15:06,12,106.45,8606.84,11.0,572.89,Yes,No,Yes,Solved,Poor Customer Service
a2c9f1d6aa219f25,11,M,City,Gold Membership,2025-04-26,Yes,Credit/Debit Card Offers,,Fiber_Optic,18:03:38,4,633.58,44588.47,0.0,646.46,Yes,Yes,No,Not Applicable,Poor Customer Service
85ea43b6e59247b3,54,F,Town,No Membership,2025-04-26,,Credit/Debit Card Offers,Desktop,Fiber_Optic,21:21:44,21,86.72,8123.91,9.0,901.8090992002776,No,Yes,Yes,Solved in Follow-up,Poor Website
9378c7ff51d98851,26,F,,No Membership,2025-04-26,Yes,Credit/Debit Card Offers,Smartphone,Wi-Fi,18:58:12,11,0.0,16323.34,7.0,551.29,Yes,No,No,Not Applicable,Poor Product Quality
9dd2cb925db1df71,62,M,Town,Gold Membership,2025-04-26,No,Without Offers,Desktop,Mobile_Data,22:10:06,20,240.27,19184.64,23.0,976.5514419427392,Yes,No,Yes,No Information Available,Poor Product Quality
8962dc5e18c43182,43,M,,Basic Membership,2025-04-26,Yes,Credit/Debit Card Offers,Smartphone,Mobile_Data,21:41:00,13,55.56,23155.21,6.0,653.92,Yes,No,Yes,Unsolved,Poor Product Quality
bf6bccff8c52a1cf,64,F,Town,Platinum Membership,2025-04-26,No,Credit/Debit Card Offers,Desktop,Fiber_Optic,21:13:46,21,34.15,25141.4,0.0,789.8,No,Yes,No,Not Applicable,Too many ads
8b835076df5183bc,29,F,City,Platinum Membership,2025-04-26,No,Gift Vouchers/Coupons,Desktop,Mobile_Data,00:17:18,-999,30.45,42305.27,20.0,711.47,No,Yes,No,Not Applicable,Too many ads
bf7303b12d2704d4,41,M,City,Basic Membership,2025-04-26,No,Gift Vouchers/Coupons,Desktop,Mobile_Data,06:31:00,16,191.03,41020.36,10.0,578.76,No,Yes,Yes,No Information Available,Too many ads
b24972724b36a3e7,38,F,City,Premium Membership,2025-04-26,Yes,Gift Vouchers/Coupons,Desktop,Wi-Fi,17:03:17,16,289.84,20298.67,11.0,763.08,Yes,No,No,Not Applicable,User Friendly Website
a0ce97a7164f8e26,46,F,City,Basic Membership,2025-04-26,Yes,Credit/Debit Card Offers,Smartphone,Wi-Fi,16:42:16,10,76.31,19261.24,8.0,636.29,No,Yes,Yes,Solved,Poor Product Quality
88d4164250a51099,17,M,Town,No Membership,2025-04-26,No,Without Offers,Desktop,Fiber_Optic,00:40:55,10,73.11,7855.39,17.0,660.48,Yes,No,Yes,Solved in Follow-up,Poor Customer Service
9d3df9311dacfb2b,57,M,Town,Basic Membership,2025-04-26,No,Without Offers,,Fiber_Optic,02:22:26,1,32.49,6727.58,5.0,678.16,No,Yes,Yes,Unsolved,Too many ads
b70ac7f6c822017b,60,F,,Silver Membership,2025-04-26,Yes,Credit/Debit Card Offers,Smartphone,Fiber_Optic,16:37:49,23,155.11,41584.64,21.0,679.02,Yes,No,No,Not Applicable,No reason specified
9471434c70c975b8,29,M,City,Basic Membership,2025-04-26,Yes,Without Offers,Smartphone,Fiber_Optic,05:41:56,8,528.63,42653.47,8.0,602.75,Yes,No,Yes,Solved,No reason specified
8216a9ed70c15a37,39,F,City,Silver Membership,2025-04-26,Yes,Credit/Debit Card Offers,Desktop,Wi-Fi,03:12:57,15,217.21,16056.94,9.0,717.99,No,Yes,Yes,No Information Available,No reason specified
a47cfd9d3fb5ba80,41,M,Town,No Membership,2025-04-26,,Credit/Debit Card Offers,Desktop,Wi-Fi,15:06:00,17,222.61,39500.96,6.0,691.12,No,Yes,Yes,Solved,Too many ads
a72ef4a8242e08aa,15,F,Town,Platinum Membership,2025-04-26,Yes,Gift Vouchers/Coupons,Desktop,Fiber_Optic,09:33:03,-999,683.64,12374.28,0.0,751.98,Yes,Yes,Yes,Solved,Poor Product Quality
b7ff502edf10b31a,58,M,Town,Premium Membership,2025-04-26,No,Credit/Debit Card Offers,Smartphone,Mobile_Data,19:30:15,12,431.08,73765.44,4.0,803.62,Yes,No,No,Not Applicable,Products always in Stock
b9f8b167784ad0f3,14,M,City,Silver Membership,2025-04-26,,Credit/Debit Card Offers,Smartphone,Fiber_Optic,08:12:30,10,251.79,12083.07,7.0,960.150542112665,No,Yes,Yes,Solved in Follow-up,Too many ads
b5aea9a0a06a6c85,46,F,City,No Membership,2025-04-26,No,Gift Vouchers/Coupons,Desktop,Wi-Fi,02:01:33,11,129.12,19504.17,6.0,905.6004539971784,No,Yes,No,Not Applicable,Poor Website
8e1d6d02cffc88e2,18,F,City,Platinum Membership,2025-04-26,Yes,Gift Vouchers/Coupons,Desktop,Wi-Fi,02:15:42,9,1338.8,21782.74,12.0,739.11,Yes,No,Yes,Solved in Follow-up,No reason specified
95e5468d0a2df00f,58,F,,No Membership,2025-04-26,Yes,Credit/Debit Card Offers,Smartphone,Mobile_Data,01:49:00,25,34.78,4940.56,19.0,0.0,No,Yes,No,Not Applicable,Poor Website
a0474e25cb96b617,11,F,Town,Premium Membership,2025-04-26,,Credit/Debit Card Offers,Desktop,Fiber_Optic,03:02:39,9,702.56,20428.51,50.45317039966413,759.18,Yes,No,No,Not Applicable,No reason specified
983dcef35029cccd,26,F,,Basic Membership,2025-04-26,Yes,Gift Vouchers/Coupons,Both,Fiber_Optic,00:49:26,18,644.4,25239.79,8.0,990.676604219734,Yes,Yes,No,Not Applicable,Poor Customer Service
ab3a59c88578e0f4,41,M,City,Silver Membership,2025-04-26,No,Credit/Debit Card Offers,Desktop,Mobile_Data,09:57:05,17,323.95,18410.17,22.0,774.09,No,Yes,No,Not Applicable,No reason specified
aadc4db983ad4693,11,F,City,Gold Membership,2025-04-26,No,Without Offers,Desktop,Fiber_Optic,13:57:39,-999,383.25,2891.07,22.0,0.0,Yes,Yes,Yes,Solved,Poor Product Quality
85ee3078bcd59959,45,F,Town,Platinum Membership,2025-04-26,No,Credit/Debit Card Offers,Both,Fiber_Optic,04:38:12,25,451.28,87953.83,1.0,786.91,Yes,No,Yes,No Information Available,User Friendly Website
a8e5278657f58c5c,55,M,City,Gold Membership,2025-04-26,No,Without Offers,Smartphone,Wi-Fi,23:27:47,12,0.0,57833.9,6.0,849.56,Yes,Yes,Yes,Solved,Reasonable Price
ac69f6f7931048eb,57,F,Town,Basic Membership,2025-04-26,No,Gift Vouchers/Coupons,Desktop,Mobile_Data,23:09:12,12,51.59,46002.23,0.0,565.46,Yes,No,Yes,Solved,No reason specified
b541290459448039,54,M,City,Platinum Membership,2025-04-26,Yes,Credit/Debit Card Offers,Smartphone,Fiber_Optic,12:18:09,14,1080.0670365789952,19776.19,23.0,753.16,Yes,No,Yes,Solved,Poor Website
9f2a29e633ecc970,28,M,City,Gold Membership,2025-04-26,,Without Offers,Both,Wi-Fi,09:38:36,9,482.13,15062.54,29.0,1050.910396611554,No,Yes,Yes,Solved,Poor Product Quality
86ba384aa129109c,39,F,Village,Gold Membership,2025-04-26,No,Credit/Debit Card Offers,,Fiber_Optic,18:01:46,17,1076.231546770075,18538.49,18.0,792.37,No,Yes,No,Not Applicable,User Friendly Website
9fc011bb616c6121,36,F,City,Gold Membership,2025-04-26,,Credit/Debit Card Offers,Desktop,Mobile_Data,05:47:01,-999,172.41,46207.09,12.0,738.45,Yes,No,Yes,Solved in Follow-up,Poor Website
b6c2146740e27c34,28,M,Village,Platinum Membership,2025-04-26,,Credit/Debit Card Offers,Desktop,Mobile_Data,12:45:06,16,60.81,32870.85,8.0,713.56,No,Yes,No,Not Applicable,Poor Product Quality
a303db505996caa0,38,M,Village,Silver Membership,2025-04-26,No,Credit/Debit Card Offers,Smartphone,Fiber_Optic,23:59:11,-999,33.06,24796.69,5.0,663.66,No,Yes,No,Not Applicable,Too many ads
b737e0dbd84c2175,41,F,City,No Membership,2025-04-26,No,Credit/Debit Card Offers,Smartphone,Fiber_Optic,22:07:05,9,150.69,36265.63,24.0,657.31,Yes,No,Yes,Unsolved,Poor Customer Service
b31452eea97514df,59,M,,Platinum Membership,2025-04-26,,Without Offers,Smartphone,Wi-Fi,15:26:55,-999,126.4,19200.77,5.0,733.4,No,Yes,No,Not Applicable,Poor Product Quality
b37ad517e38f7a4f,31,M,City,Basic Membership,2025-04-26,No,Credit/Debit Card Offers,Smartphone,Wi-Fi,09:13:33,8,297.9,32774.3,0.0,574.96,No,Yes,Yes,No Information Available,No reason specified
b9798f3fc9c8cd11,49,M,,Premium Membership,2025-04-26,No,Credit/Debit Card Offers,Desktop,Mobile_Data,20:03:16,18,1239.962891349188,21302.25,22.0,723.32,Yes,No,Yes,Unsolved,No reason specified
806a7fd509aad6b7,46,F,Town,Basic Membership,2025-04-26,No,Without Offers,Smartphone,Fiber_Optic,15:27:44,21,343.84,20705.98,14.0,608.87,No,Yes,No,Not Applicable,Poor Customer Service
95f060d366a09377,26,M,,Silver Membership,2025-04-26,Yes,Credit/Debit Card Offers,Both,Mobile_Data,12:53:27,5,0.0,8068.97,19.0,609.79,Yes,No,Yes,Unsolved,Too many ads
833e88f980c10852,58,M,Town,Premium Membership,2025-04-26,No,Without Offers,Smartphone,Fiber_Optic,00:53:26,24,323.21,26806.73,21.0,736.31,Yes,No,No,Not Applicable,Poor Product Quality
9b3e457886bbeaaf,28,F,City,No Membership,2025-04-26,No,Gift Vouchers/Coupons,Smartphone,Wi-Fi,21:42:14,17,0.0,45610.09,24.0,657.85,Yes,No,Yes,No Information Available,Too many ads
87ccc7f45bfb20c9,24,M,Town,Gold Membership,2025-04-26,No,Gift Vouchers/Coupons,Smartphone,Fiber_Optic,21:18:07,8,176.61,35689.68,9.0,686.29,No,Yes,Yes,Solved,Poor Product Quality
b0e774a6d198d40d,29,F,Town,Silver Membership,2025-04-26,No,Gift Vouchers/Coupons,Desktop,Wi-Fi,12:12:54,11,174.78,13467.08,22.0,603.19,No,Yes,No,Not Applicable,Too many ads
ace5cb8436b33867,59,M,Town,No Membership,2025-04-26,Yes,Gift Vouchers/Coupons,,Mobile_Data,04:23:39,10,68.98,41763.54,0.0,257.76225164743903,Yes,No,Yes,Unsolved,Too many ads
ad1f0eae1a132aa2,36,F,,No Membership,2025-04-26,Yes,Credit/Debit Card Offers,Desktop,Wi-Fi,21:00:35,20,77.09,7754.79,33.03327650508446,672.48,Yes,No,No,Not Applicable,Too many ads
812560a17198d12e,62,M,City,Basic Membership,2025-04-26,Yes,Gift Vouchers/Coupons,Smartphone,Fiber_Optic,18:45:42,21,74.98,7476.38,23.0,650.97,No,Yes,Yes,Solved in Follow-up,Too many ads
bb7ba74fd9102a78,27,F,,Basic Membership,2025-04-26,Yes,Without Offers,Smartphone,Wi-Fi,02:56:52,6,667.88,24904.81,14.0,589.88,Yes,Yes,Yes,Solved,Poor Customer Service
b1a213c9b7947e6d,64,F,City,Gold Membership,2025-04-26,Yes,Gift Vouchers/Coupons,Smartphone,Wi-Fi,23:36:27,8,111.58,44576.82,0.0,732.66,No,Yes,No,Not Applicable,Poor Website
870f936e1ed48cb9,18,M,City,Platinum Membership,2025-04-26,Yes,Gift Vouchers/Coupons,Desktop,Fiber_Optic,12:21:28,22,84.8,44306.73,6.0,714.02,Yes,No,Yes,Solved,No reason specified
bdc4fe841f049abd,10,F,,Basic Membership,2025-04-26,Yes,Credit/Debit Card Offers,Smartphone,Wi-Fi,02:18:14,13,49.27,42407.79,28.0,1098.755517777348,No,Yes,Yes,Solved,Poor Product Quality
a73352c63b21f13a,39,F,Town,Silver Membership,2025-04-26,Yes,Without Offers,Smartphone,Mobile_Data,18:08:37,5,0.0,3456.26,7.0,651.78,Yes,No,No,Not Applicable,No reason specified
a65dbbb0ea78b834,61,M,Town,Silver Membership,2025-04-26,Yes,Credit/Debit Card Offers,,Wi-Fi,02:46:06,11,322.91,6128.3,3.0,765.16,No,Yes,No,Not Applicable,Quality Customer Care
af4e36784892afe1,42,M,Town,Gold Membership,2025-04-26,No,Credit/Debit Card Offers,,Fiber_Optic,06:09:36,14,32.35,1349.16,10.0,751.62,Yes,No,No,Not Applicable,Poor Product Quality
af16d412ecea746a,53,M,City,No Membership,2025-04-26,Yes,Without Offers,Smartphone,Mobile_Data,13:23:52,15,216.27,17362.06,14.0,973.4070152436992,No,Yes,Yes,Solved in Follow-up,Too many ads
889647b2f7b718f8,43,M,Town,Premium Membership,2025-04-26,Yes,Without Offers,Both,Wi-Fi,03:32:50,16,773.83,9091.94,20.0,700.4,No,Yes,No,Not Applicable,Poor Product Quality
9790b35a465fbf41,34,M,Town,Basic Membership,2025-04-26,No,Credit/Debit Card Offers,Smartphone,Mobile_Data,17:08:33,12,30.61,9626.83,5.0,626.58,Yes,No,No,Not Applicable,Poor Website
aa572e82748ed178,33,F,Town,No Membership,2025-04-26,,Without Offers,Smartphone,Mobile_Data,21:14:26,5,0.0,28008.59,0.0,670.94,No,Yes,No,Not Applicable,Poor Website
948bc635949a8b8e,62,F,City,No Membership,2025-04-26,Yes,Without Offers,,Mobile_Data,01:59:57,18,34.49,45772.12,11.0,548.22,No,Yes,Yes,Solved,Poor Product Quality
a59a15d3f017c583,37,F,City,Premium Membership,2025-04-26,No,Credit/Debit Card Offers,Smartphone,Fiber_Optic,08:00:32,11,268.07,83895.39,5.0,779.61,Yes,No,No,Not Applicable,Products always in Stock
83f0d53306deff2e,44,F,Town,Premium Membership,2025-04-26,No,Gift Vouchers/Coupons,Both,Fiber_Optic,09:46:58,2,1326.83890894634,12440.06,20.0,718.39,Yes,No,Yes,No Information Available,No reason specified
921ce28443740dd8,21,F,City,No Membership,2025-04-26,Yes,Credit/Debit Card Offers,Smartphone,Wi-Fi,14:07:22,11,1385.43,43242.03,12.0,662.77,No,Yes,Yes,Solved in Follow-up,Too many ads
b43d06dcb389f916,57,F,Town,Basic Membership,2025-04-26,No,Gift Vouchers/Coupons,Desktop,Mobile_Data,02:35:33,15,75.69,24655.99,16.0,677.78,No,Yes,No,Not Applicable,Poor Customer Service
b7d75abc8c199802,58,F,,No Membership,2025-04-26,Yes,Without Offers,Desktop,Fiber_Optic,06:30:30,11,31.66,8127.45,0.0,799.6531298501694,No,Yes,Yes,Solved in Follow-up,Poor Product Quality
bfbc40680816ca4a,37,F,City,Basic Membership,2025-04-26,Yes,Credit/Debit Card Offers,Smartphone,Wi-Fi,07:22:08,8,256.69,21202.36,11.0,636.72,No,Yes,No,Not Applicable,No reason specified
9e15a984da5f748a,28,M,,Basic Membership,2025-04-26,No,Credit/Debit Card Offers,Smartphone,Wi-Fi,03:23:40,-999,90.0,15042.59,12.0,1053.081282247232,Yes,No,No,Not Applicable,Poor Customer Service
b00f26c0d73124b8,33,F,Town,Gold Membership,2025-04-26,No,Without Offers,Smartphone,Fiber_Optic,16:31:00,-999,41.08,14416.87,0.0,735.59,Yes,No,No,Not Applicable,Poor Customer Service
ae051d75b0d53e82,61,F,Village,Basic Membership,2025-04-26,No,Credit/Debit Card Offers,,Fiber_Optic,01:07:25,20,310.01,39541.74,18.0,663.89,No,Yes,Yes,Unsolved,No reason specified
b0f8cfeb98a008fc,18,M,City,Basic Membership,2025-04-26,No,Credit/Debit Card Offers,Desktop,Fiber_Optic,23:11:59,13,432.91,27479.68,20.0,596.06,Yes,Yes,Yes,Unsolved,Too many ads
b52b046b90ccc435,53,F,City,Premium Membership,2025-04-26,,Credit/Debit Card Offers,Smartphone,Wi-Fi,03:29:24,5,899.47,2296.47,28.0,1014.2174268842692,Yes,Yes,Yes,Solved,Poor Product Quality
ab06a30cb68208db,39,F,Town,Basic Membership,2025-04-26,Yes,Without Offers,Desktop,Wi-Fi,12:49:53,6,69.62,43738.47,24.0,654.14,Yes,No,Yes,Solved in Follow-up,Poor Product Quality
95c23942059183a8,54,M,City,Silver Membership,2025-04-26,,Without Offers,Smartphone,Wi-Fi,02:55:43,6,227.2,6267.53,9.0,743.25,Yes,Yes,Yes,Unsolved,Poor Customer Service
ab5d17b96e24367e,35,M,Village,Basic Membership,2025-04-26,No,Without Offers,Desktop,Wi-Fi,01:56:39,-999,443.4,39072.75,0.0,604.91,No,Yes,Yes,Solved,Poor Product Quality
96df546d0501155e,39,M,Town,Platinum Membership,2025-04-26,Yes,Credit/Debit Card Offers,Smartphone,Fiber_Optic,16:26:44,9,0.0,48770.07,20.0,746.49,No,Yes,Yes,Unsolved,Poor Customer Service
88b91d48ff74103e,25,M,Town,Silver Membership,2025-04-26,No,Gift Vouchers/Coupons,Desktop,Wi-Fi,14:36:07,16,334.07,36997.03,13.0,760.23,Yes,No,Yes,Unsolved,Poor Product Quality
9ca5efb457126159,53,F,Town,Premium Membership,2025-04-26,Yes,Gift Vouchers/Coupons,Smartphone,Wi-Fi,15:32:13,15,30.08,18926.44,5.0,768.2,Yes,No,No,Not Applicable,Too many ads
90ebfb86aeaff9bb,43,F,City,No Membership,2025-04-26,Yes,Without Offers,,Wi-Fi,21:25:51,11,634.76,17273.97,5.0,569.39,No,Yes,Yes,Solved,No reason specified
a435b9d88516d356,42,F,City,No Membership,2025-04-26,Yes,Without Offers,Desktop,Mobile_Data,01:01:46,3,158.53,17310.19,25.0,686.58,No,Yes,Yes,Solved,Poor Customer Service
92148ebc4013fff1,25,M,Village,Basic Membership,2025-04-26,Yes,Credit/Debit Card Offers,Smartphone,Mobile_Data,19:38:15,-999,235.45,19088.61,0.0,283.25608723215686,Yes,No,No,Not Applicable,Poor Product Quality
a3e720dcebcdd16d,47,M,City,Gold Membership,2025-04-26,No,Gift Vouchers/Coupons,,Fiber_Optic,10:03:14,-999,93.56,11814.84,24.0,0.0,No,Yes,Yes,Solved in Follow-up,No reason specified
885b29e6fe44ea6d,23,F,Village,Gold Membership,2025-04-26,No,Without Offers,,Mobile_Data,01:51:46,-999,34.87,26765.87,15.0,1054.9608600179608,No,Yes,No,Not Applicable,Poor Website
935c2b64b7bf1139,62,F,,Premium Membership,2025-04-26,Yes,Without Offers,Smartphone,Fiber_Optic,09:26:46,10,117.02,4024.05,9.0,780.98,Yes,No,No,Not Applicable,Too many ads
9c5a78e7750b8a28,49,M,City,Platinum Membership,2025-04-26,Yes,Credit/Debit Card Offers,Desktop,Mobile_Data,21:44:08,21,716.62,10942.74,6.0,725.7,No,Yes,Yes,Solved,Poor Website
b4390c814aa1d38c,42,M,City,No Membership,2025-04-26,,Without Offers,Desktop,Wi-Fi,21:35:07,22,48.29,43868.67,27.0,510.47,No,Yes,No,Not Applicable,Poor Website
bde3f75d62ce5564,63,M,City,Gold Membership,2025-04-26,Yes,Credit/Debit Card Offers,Smartphone,Mobile_Data,03:24:01,10,30.03,36618.77,0.0,804.97,Yes,No,No,Not Applicable,Reasonable Price
8b9b9102fae0ec1c,42,F,Village,Silver Membership,2025-04-26,No,Credit/Debit Card Offers,Smartphone,Fiber_Optic,01:24:01,23,215.96,29382.16,11.0,178.70324305098708,No,Yes,Yes,Solved in Follow-up,Poor Website
af897d4ce727961d,36,F,Town,No Membership,2025-04-26,Yes,Without Offers,Desktop,Mobile_Data,09:18:55,13,51.26,41785.5,39.93003267940159,661.22,No,Yes,No,Not Applicable,No reason specified
ac2bf2435401c58b,18,F,City,Premium Membership,2025-04-26,Yes,Gift Vouchers/Coupons,Smartphone,Mobile_Data,10:10:00,11,181.88,44232.19,18.0,812.34,Yes,No,No,Not Applicable,Reasonable Price
89133011fa7b8d41,52,M,Town,No Membership,2025-04-26,,Credit/Debit Card Offers,Desktop,Wi-Fi,01:38:28,22,31.04,40309.73,6.0,637.27,Yes,No,Yes,Unsolved,Poor Product Quality
900509e22cffaa2b,50,M,,Silver Membership,2025-04-26,Yes,Without Offers,Smartphone,Wi-Fi,10:56:08,20,39.27,28058.13,12.0,1053.2232825414071,Yes,No,Yes,Solved in Follow-up,Poor Website
88011f3d47456225,36,M,City,Gold Membership,2025-04-26,No,Gift Vouchers/Coupons,Desktop,Mobile_Data,16:54:20,5,261.9,41808.02,16.0,0.0,Yes,No,Yes,Solved,Poor Customer Service
a18d06d822cda0f4,58,F,City,Gold Membership,2025-04-26,Yes,Without Offers,Smartphone,Mobile_Data,06:56:48,11,161.95,21004.91,16.0,0.0,No,Yes,No,Not Applicable,Poor Product Quality
bbb200f148a9662e,59,M,City,Silver Membership,2025-04-26,No,Credit/Debit Card Offers,,Fiber_Optic,12:31:28,9,128.0,36478.1,0.0,676.98,No,Yes,No,Not Applicable,Poor Customer Service
a31a14faebecdaae,21,M,City,Gold Membership,2025-04-26,No,Credit/Debit Card Offers,Smartphone,Mobile_Data,03:01:33,13,210.76,25628.32,16.0,717.3,No,Yes,No,Not Applicable,Poor Product Quality
a98ef22c2b767679,12,F,City,Gold Membership,2025-04-26,No,Gift Vouchers/Coupons,Desktop,Mobile_Data,23:35:15,14,81.28,73285.12,10.0,766.09,Yes,No,No,Not Applicable,Reasonable Price
aff3e5f769cf24fa,19,M,Town,Silver Membership,2025-04-26,Yes,Credit/Debit Card Offers,Both,Fiber_Optic,17:57:42,11,508.99,23783.92,28.0,786.29,Yes,No,Yes,Solved in Follow-up,Poor Customer Service
bf3e3471eeae7005,20,F,Town,Basic Membership,2025-04-26,No,Credit/Debit Card Offers,Smartphone,Wi-Fi,10:46:42,14,129.72,26938.36,20.0,454.91382884395233,No,Yes,No,Not Applicable,Poor Website
b46ab2b7b73e078c,17,F,Village,Gold Membership,2025-04-26,Yes,Gift Vouchers/Coupons,Desktop,Fiber_Optic,06:47:48,15,137.08,20875.18,26.0,694.16,No,Yes,No,Not Applicable,Poor Product Quality
8039212568f47bea,46,M,City,Platinum Membership,2025-04-26,Yes,Credit/Debit Card Offers,Smartphone,Mobile_Data,03:20:39,9,585.99,10665.86,15.0,735.64,Yes,No,Yes,Solved in Follow-up,Too many ads
b823905cdbad22e4,23,M,City,No Membership,2025-04-27,No,Without Offers,Smartphone,Wi-Fi,14:04:05,10,173.64,30890.23,23.0,654.95,Yes,No,No,Not Applicable,Poor Website
95324fa46c216e70,13,M,,Premium Membership,2025-04-27,Yes,Without Offers,Desktop,Mobile_Data,19:01:45,16,34.8,32885.46,22.0,788.41,Yes,No,No,Not Applicable,Too many ads
87e1f7154b4880f6,58,F,Village,Gold Membership,2025-04-27,No,Gift Vouchers/Coupons,Smartphone,Mobile_Data,09:56:27,21,250.18,35109.91,24.0,747.01,Yes,No,No,Not Applicable,Poor Website
abbb3d2399dbf107,51,F,,Basic Membership,2025-04-27,Yes,Credit/Debit Card Offers,Smartphone,Wi-Fi,14:46:06,4,0.0,28044.85,7.0,654.52,No,Yes,No,Not Applicable,Poor Website
b2a2aac42a048066,53,F,Town,Silver Membership,2025-04-27,No,Without Offers,Smartphone,Mobile_Data,16:31:58,1,122.68,48377.84,2.0,706.25,No,Yes,Yes,Solved in Follow-up,Products always in Stock
95b3061c6c23bdce,30,F,Town,Basic Membership,2025-04-27,No,Credit/Debit Card Offers,,Wi-Fi,05:20:26,16,469.33,4385.53,15.0,506.6,No,Yes,No,Not Applicable,Poor Customer Service
bd213306b2360e5b,21,F,City,No Membership,2025-04-27,Yes,Credit/Debit Card Offers,Both,Wi-Fi,07:40:08,-999,782.27,28705.67,27.0,653.81,No,Yes,Yes,Solved,Too many ads
ace733e281dbdde2,12,M,Town,Gold Membership,2025-04-27,No,Without Offers,Smartphone,Mobile_Data,23:09:52,13,119.87,5219.97,20.0,763.38,No,Yes,No,Not Applicable,Poor Website
afa33b8397aff1bd,46,F,City,Gold Membership,2025-04-27,Yes,Credit/Debit Card Offers,Desktop,Fiber_Optic,14:54:42,10,77.73,24490.66,10.0,757.8,No,Yes,No,Not Applicable,Poor Product Quality
a1da034b41b76ef8,34,F,Village,Basic Membership,2025-04-27,No,Without Offers,Smartphone,Mobile_Data,04:46:29,14,380.27,35432.75,10.0,611.77,Yes,Yes,No,Not Applicable,Poor Customer Service
85938c619bccff30,58,F,Town,Gold Membership,2025-04-27,No,Credit/Debit Card Offers,Both,Fiber_Optic,02:33:47,13,302.99,20743.44,0.0,697.62,No,Yes,No,Not Applicable,No reason specified
be1e1322e8502925,39,F,City,No Membership,2025-04-27,Yes,Gift Vouchers/Coupons,Smartphone,Fiber_Optic,21:09:34,11,47.07,15979.29,9.0,915.5328005003556,Yes,No,No,Not Applicable,Poor Customer Service
a1888fbd817d4afd,23,M,City,Basic Membership,2025-04-27,Yes,Gift Vouchers/Coupons,Smartphone,Fiber_Optic,07:29:01,21,31.96,29096.72,13.0,545.99,Yes,No,Yes,Solved in Follow-up,Poor Website
aab57c3188bdb4e6,39,F,Town,Basic Membership,2025-04-27,Yes,Without Offers,Both,Mobile_Data,04:54:27,3,719.68,5282.33,12.0,685.21,Yes,Yes,Yes,No Information Available,Poor Customer Service
8d6180efc5058e93,14,M,Village,Basic Membership,2025-04-27,No,Without Offers,Desktop,Mobile_Data,01:32:10,12,227.57,27875.28,28.0,540.47,Yes,No,No,Not Applicable,No reason specified
8b2868445669bcbb,18,F,Town,Silver Membership,2025-04-27,Yes,Gift Vouchers/Coupons,Desktop,Wi-Fi,20:37:55,13,71.82,47175.92,10.0,778.83,No,Yes,No,Not Applicable,Too many ads
a3857718ef2c4a14,24,M,City,Basic Membership,2025-04-27,No,Without Offers,Desktop,Fiber_Optic,08:43:17,17,0.0,44255.63,5.0,677.54,Yes,No,No,Not Applicable,No reason specified
95fc97f24501809d,64,F,,Silver Membership,2025-04-27,No,Without Offers,Smartphone,Mobile_Data,13:53:27,13,202.92,31295.34,16.0,1048.1218584338244,No,Yes,Yes,No Information Available,Poor Website
a6e12967d584ddc8,44,F,,Premium Membership,2025-04-27,Yes,Credit/Debit Card Offers,Desktop,Mobile_Data,09:40:24,20,45.75,12199.73,19.0,766.38,No,Yes,Yes,Solved in Follow-up,User Friendly Website
ad0ffe97b8396805,39,F,Village,No Membership,2025-04-27,,Gift Vouchers/Coupons,Smartphone,Fiber_Optic,18:42:31,24,159.84,12717.12,24.0,666.21,Yes,No,Yes,No Information Available,Poor Customer Service
a823a0f056c740ad,38,M,Town,Silver Membership,2025-04-27,Yes,,Smartphone,Mobile_Data,19:28:58,9,0.0,5202.22,40.07090160125551,702.62,No,Yes,No,Not Applicable,No reason specified
96a4ccb042bfdbc4,24,M,,Basic Membership,2025-04-27,No,Without Offers,Smartphone,Mobile_Data,14:23:34,14,1062.1528766226634,40994.13,26.0,0.0,Yes,No,No,Not Applicable,Poor Customer Service
bc754f500be2a544,54,M,City,Platinum Membership,2025-04-27,No,Gift Vouchers/Coupons,Desktop,Fiber_Optic,03:02:39,-999,34.03,18945.67,14.0,847.03,No,Yes,No,Not Applicable,Quality Customer Care
a7cff2a7b3bf9aa6,26,F,City,Gold Membership,2025-04-27,,Credit/Debit Card Offers,Smartphone,Wi-Fi,11:21:59,13,345.77,12621.19,0.0,624.66,Yes,No,Yes,Unsolved,No reason specified
a781efe67a898253,32,F,,No Membership,2025-04-27,Yes,Credit/Debit Card Offers,Desktop,Wi-Fi,20:31:58,6,0.0,10168.01,6.0,559.03,Yes,No,No,Not Applicable,Poor Customer Service
bd1e06d9b94570bb,57,M,City,Gold Membership,2025-04-27,No,Gift Vouchers/Coupons,Desktop,Wi-Fi,07:30:16,19,269.56,33578.75,4.0,1272.2134133505888,No,Yes,No,Not Applicable,User Friendly Website
a12f1a55786644c0,30,F,Town,No Membership,2025-04-27,Yes,Gift Vouchers/Coupons,Both,Mobile_Data,01:18:40,10,354.91,38774.55,29.0,681.45,Yes,No,No,Not Applicable,Too many ads
aeac948fb4b992b4,63,M,Town,Gold Membership,2025-04-27,,Without Offers,Both,Mobile_Data,04:53:55,9,434.79,15610.91,37.12161688856845,765.23,No,Yes,No,Not Applicable,Poor Customer Service
b91242a237c542c6,44,M,City,Platinum Membership,2025-04-27,Yes,Credit/Debit Card Offers,Desktop,Mobile_Data,08:20:51,20,609.79,14082.95,14.0,1171.628337920668,Yes,No,Yes,Solved in Follow-up,Poor Website
8dce415a9fd7a55a,20,F,Town,Platinum Membership,2025-04-27,Yes,Credit/Debit Card Offers,,Fiber_Optic,21:01:12,1,1254.21,89110.66,0.0,818.3,Yes,Yes,Yes,Solved,Reasonable Price
83e0419ec19d7e0c,28,M,Village,Gold Membership,2025-04-27,Yes,Credit/Debit Card Offers,Smartphone,Mobile_Data,05:23:04,7,60.8,23008.07,29.0,619.61,No,Yes,No,Not Applicable,Poor Website
838e04673d661248,57,F,,Platinum Membership,2025-04-27,Yes,Credit/Debit Card Offers,Desktop,Mobile_Data,05:17:52,5,544.55,47909.25,16.0,771.73,Yes,Yes,No,Not Applicable,Too many ads
a1553c05e4f5c5b1,35,M,City,No Membership,2025-04-27,,Credit/Debit Card Offers,Smartphone,Fiber_Optic,20:52:04,12,160.49,4104.05,9.0,585.61,Yes,No,No,Not Applicable,No reason specified
9ca6a737b35f1a85,61,F,,Premium Membership,2025-04-27,Yes,Credit/Debit Card Offers,,Mobile_Data,11:29:05,15,834.89,28764.0,11.0,723.91,Yes,Yes,Yes,Unsolved,Products always in Stock
83cffee04087e8f0,53,F,Town,No Membership,2025-04-27,Yes,Without Offers,,Mobile_Data,02:01:47,11,97.75,27894.04,0.0,0.0,No,Yes,No,Not Applicable,Poor Website
8ab2700fc176708f,33,F,Town,No Membership,2025-04-27,Yes,Without Offers,,Fiber_Optic,22:24:45,11,466.06,9336.53,21.0,621.58,Yes,No,Yes,Solved in Follow-up,Poor Customer Service
b569f6dc3da44d44,22,M,City,Basic Membership,2025-04-27,No,Gift Vouchers/Coupons,Desktop,Wi-Fi,13:47:15,10,90.74,44162.63,0.0,718.25,Yes,No,No,Not Applicable,Poor Customer Service
878988c84ac59558,29,M,Town,No Membership,2025-04-27,,Without Offers,,Mobile_Data,01:13:10,13,119.3,39623.1,25.0,581.26,No,Yes,No,Not Applicable,Too many ads
81ce8a458417bd63,45,F,Town,No Membership,2025-04-27,No,Credit/Debit Card Offers,Smartphone,Wi-Fi,20:51:59,8,0.0,8014.49,13.0,519.76,Yes,No,No,Not Applicable,Poor Website
8794c43d40c24381,54,M,Town,Basic Membership,2025-04-27,No,Credit/Debit Card Offers,Both,Wi-Fi,02:45:53,6,501.64,21098.22,19.0,0.0,No,Yes,Yes,No Information Available,No reason specified
89d3c07671ce6189,11,M,,No Membership,2025-04-27,Yes,Credit/Debit Card Offers,Desktop,Mobile_Data,11:59:33,16,108.09,10801.46,0.0,677.38,No,Yes,Yes,No Information Available,Poor Website
8e38ec761d926f89,19,M,City,Platinum Membership,2025-04-27,Yes,Credit/Debit Card Offers,Smartphone,Mobile_Data,21:06:01,8,84.29,12966.94,29.0,718.18,No,Yes,Yes,Unsolved,Poor Website
82dc2f342a542c60,51,M,,No Membership,2025-04-27,,Credit/Debit Card Offers,Desktop,Wi-Fi,09:23:16,15,131.66,4283.42,5.0,505.01,Yes,No,No,Not Applicable,No reason specified
91ba2bb7f66b8909,25,F,,Platinum Membership,2025-04-27,No,Gift Vouchers/Coupons,Desktop,Mobile_Data,03:07:52,-999,280.03,14237.76,15.0,980.3545998897096,Yes,No,No,Not Applicable,Too many ads
99d66cfca5bf14d6,28,F,,Basic Membership,2025-04-27,Yes,Credit/Debit Card Offers,Desktop,Mobile_Data,17:01:20,25,1096.235946626069,29418.74,23.0,579.85,No,Yes,No,Not Applicable,Poor Product Quality
ab5cbd9421b3c8ba,43,M,City,Premium Membership,2025-04-27,Yes,Gift Vouchers/Coupons,Desktop,Mobile_Data,12:17:50,8,99.71,21963.34,6.0,720.37,Yes,No,Yes,Solved,Poor Customer Service
b6d950c75584b21a,10,M,Town,Premium Membership,2025-04-27,Yes,Credit/Debit Card Offers,Smartphone,Wi-Fi,03:35:15,19,85.37,11161.94,29.0,389.3678366514154,No,Yes,No,Not Applicable,Poor Customer Service
81c28a28cde128b8,59,F,City,Platinum Membership,2025-04-27,No,Credit/Debit Card Offers,Both,Mobile_Data,15:42:04,8,484.86,5257.4,18.0,717.17,Yes,No,No,Not Applicable,No reason specified
a7038ae738867a9b,28,F,Town,Silver Membership,2025-04-27,No,Without Offers,Smartphone,Fiber_Optic,02:15:14,-999,91.79,36297.43,38.27589012976073,721.45,No,Yes,Yes,No Information Available,Poor Website
be42bdfc378a1854,57,M,City,Premium Membership,2025-04-27,Yes,Credit/Debit Card Offers,Smartphone,Wi-Fi,13:16:25,2,586.5,18880.37,0.0,0.0,Yes,No,No,Not Applicable,Poor Website
8011649c3f1b6bcb,46,F,Town,Premium Membership,2025-04-27,Yes,Without Offers,Desktop,Mobile_Data,17:08:16,19,178.11,11231.91,10.0,710.86,No,Yes,Yes,Solved in Follow-up,Poor Customer Service
ba51a007a4a0b6c0,18,M,Town,Basic Membership,2025-04-27,No,Without Offers,,Fiber_Optic,04:03:52,20,112.24,34205.37,23.0,690.4,No,Yes,No,Not Applicable,Poor Customer Service
a0de3aa0e165fc62,48,F,City,Basic Membership,2025-04-27,Yes,Without Offers,Smartphone,Mobile_Data,18:26:17,22,270.91,25288.13,0.0,500.04,No,Yes,Yes,No Information Available,Too many ads
b862f95c7ef4ca6f,30,F,Town,No Membership,2025-04-27,No,Gift Vouchers/Coupons,Desktop,Mobile_Data,12:42:09,1,32.09,29148.91,11.0,637.69,No,Yes,No,Not Applicable,No reason specified
a272b8bbd98d35e6,10,F,Town,Gold Membership,2025-04-27,No,Credit/Debit Card Offers,Desktop,Mobile_Data,01:24:31,22,103.21,58819.02,19.0,837.45,No,Yes,Yes,Solved in Follow-up,Quality Customer Care
9698c86955335db4,38,M,Town,Silver Membership,2025-04-27,No,Without Offers,Desktop,Wi-Fi,04:11:56,12,71.61,19519.61,9.0,783.64,No,Yes,Yes,Solved,Poor Customer Service
9477c23e86937fb8,32,F,Town,Gold Membership,2025-04-27,Yes,Credit/Debit Card Offers,Smartphone,Fiber_Optic,22:00:31,18,1010.9793926366244,26035.34,54.67774554030688,660.68,Yes,No,Yes,No Information Available,Poor Product Quality
beb19b039b05cda7,54,F,Town,Basic Membership,2025-04-27,Yes,Gift Vouchers/Coupons,Both,Fiber_Optic,20:24:47,-999,327.39,43826.18,23.0,648.08,Yes,No,Yes,Solved in Follow-up,Poor Website
b9e432f545dfe713,56,F,City,Silver Membership,2025-04-27,No,Gift Vouchers/Coupons,Desktop,Fiber_Optic,00:01:00,17,30.34,42404.09,12.0,745.32,Yes,No,No,Not Applicable,Too many ads
99c004aadf701514,42,F,Town,No Membership,2025-04-27,Yes,Credit/Debit Card Offers,Both,Fiber_Optic,13:21:43,21,420.74,25516.59,20.0,0.0,Yes,No,Yes,Solved in Follow-up,Poor Product Quality
bb44517592775dac,14,M,Town,Silver Membership,2025-04-27,Yes,Credit/Debit Card Offers,,Wi-Fi,13:29:42,2,76.36,37064.14,10.0,1025.574622948162,No,Yes,No,Not Applicable,Reasonable Price
96270a23e2f2d5c4,29,F,City,Silver Membership,2025-04-27,Yes,Credit/Debit Card Offers,Smartphone,Fiber_Optic,17:32:14,10,76.05,9901.02,0.0,678.34,Yes,No,No,Not Applicable,No reason specified
87171a5f8443699b,63,M,Town,Premium Membership,2025-04-27,No,Gift Vouchers/Coupons,Desktop,Wi-Fi,01:29:08,1,356.06,88592.23,12.0,0.0,No,Yes,No,Not Applicable,Quality Customer Care
9473fbab016afc64,47,M,Town,No Membership,2025-04-27,Yes,Gift Vouchers/Coupons,,Mobile_Data,23:14:36,5,157.52,12790.42,26.0,645.89,Yes,No,No,Not Applicable,Poor Website
b61038e3d9d1831e,40,F,City,Platinum Membership,2025-04-27,No,Gift Vouchers/Coupons,Both,Fiber_Optic,07:05:16,19,279.29,11500.17,0.0,0.0,Yes,No,Yes,Solved in Follow-up,Too many ads
923002ea75ed31ef,50,M,,Premium Membership,2025-04-27,,Gift Vouchers/Coupons,Desktop,Mobile_Data,09:53:36,19,32.16,7342.4,1.0,793.42,Yes,No,Yes,No Information Available,Reasonable Price
861a8b5c9f1b6e9e,33,F,Town,Platinum Membership,2025-04-27,Yes,Without Offers,Smartphone,Fiber_Optic,02:07:19,17,30.31,20332.53,17.0,722.25,No,Yes,Yes,No Information Available,Poor Website
b02eaca51dd538a7,43,M,Town,Premium Membership,2025-04-27,No,Without Offers,Smartphone,Mobile_Data,14:12:33,16,32.11,39429.55,17.0,713.61,No,Yes,No,Not Applicable,No reason specified
ad4cd59593e06c99,20,F,Town,Silver Membership,2025-04-27,Yes,Gift Vouchers/Coupons,Smartphone,Fiber_Optic,23:33:03,9,81.81,18922.33,20.0,667.9,No,Yes,Yes,Unsolved,Poor Website
81e9c931f4e7221c,28,M,City,No Membership,2025-04-27,Yes,Credit/Debit Card Offers,Smartphone,Mobile_Data,16:38:49,8,79.18,10139.86,14.0,582.1,No,Yes,No,Not Applicable,Too many ads
974b29f3f6496fa2,18,F,Town,No Membership,2025-04-27,Yes,Credit/Debit Card Offers,Both,Wi-Fi,17:39:17,22,0.0,9254.43,25.0,681.1,Yes,Yes,No,Not Applicable,Too many ads
82f52a628a5e2d1f,49,M,City,Basic Membership,2025-04-27,Yes,,Both,Wi-Fi,09:20:29,13,1415.89,41776.06,13.0,0.0,Yes,Yes,Yes,Solved,Poor Website
83a5d03fd34abcab,52,M,Town,Silver Membership,2025-04-27,Yes,Gift Vouchers/Coupons,Desktop,Mobile_Data,04:00:13,18,297.53,24795.12,1.7975078359808272,660.46,No,Yes,Yes,Unsolved,Too many ads
a06019b713de4fb2,35,M,,Silver Membership,2025-04-27,,Gift Vouchers/Coupons,Smartphone,Wi-Fi,22:26:32,8,62.47,42396.95,11.0,727.93,No,Yes,No,Not Applicable,Poor Customer Service
9f3864e42359dceb,59,M,,No Membership,2025-04-27,Yes,Gift Vouchers/Coupons,Desktop,Mobile_Data,17:49:39,14,46.09,4383.9,12.0,350.35748501126085,No,Yes,Yes,Unsolved,Poor Website
827e1ac2649f3f41,40,M,Town,Basic Membership,2025-04-27,No,Gift Vouchers/Coupons,Desktop,Wi-Fi,17:59:08,13,55.67,46412.45,7.0,665.28,Yes,No,Yes,Solved in Follow-up,Too many ads
aa70082c35eed82c,28,M,,Silver Membership,2025-04-27,Yes,Gift Vouchers/Coupons,Both,Wi-Fi,15:43:51,19,224.94,14355.87,16.0,709.62,No,Yes,No,Not Applicable,Too many ads
8812e608429aaf24,10,F,City,Premium Membership,2025-04-27,No,Credit/Debit Card Offers,Desktop,Fiber_Optic,09:56:55,10,73.23,7565.44,10.0,0.0,Yes,No,No,Not Applicable,Too many ads
9b74e404d6d4aff5,12,F,Town,Silver Membership,2025-04-27,Yes,Without Offers,Desktop,Wi-Fi,19:23:17,11,109.27,26477.36,11.0,364.05026935383177,Yes,No,Yes,Solved in Follow-up,Poor Product Quality
84bcb4b7cd1a5fcf,40,M,,Silver Membership,2025-04-27,Yes,Credit/Debit Card Offers,,Fiber_Optic,14:05:45,17,337.04,34558.0,26.0,712.64,No,Yes,No,Not Applicable,Poor Customer Service
97924355b046dca3,34,F,City,Silver Membership,2025-04-27,Yes,,,Fiber_Optic,23:45:25,18,374.36,26614.35,26.0,662.76,Yes,Yes,No,Not Applicable,Poor Website
92e1fad2f9b2dba0,32,M,,Basic Membership,2025-04-27,No,Credit/Debit Card Offers,Smartphone,Wi-Fi,05:17:38,10,496.9,18273.76,15.0,10.213509322490154,Yes,No,Yes,Solved in Follow-up,Poor Website
a715bc0f4c1969a7,33,M,Village,No Membership,2025-04-27,Yes,Credit/Debit Card Offers,Both,Mobile_Data,17:45:55,4,312.5,49199.29,8.0,533.21,No,Yes,Yes,Solved in Follow-up,Too many ads
ad6f8f8495f7897a,27,M,City,Platinum Membership,2025-04-27,No,Credit/Debit Card Offers,Desktop,Wi-Fi,14:04:47,10,206.96,44254.12,12.0,0.0,Yes,Yes,No,Not Applicable,Products always in Stock
b66f5cebfb96b6c6,23,M,Town,No Membership,2025-04-27,,Credit/Debit Card Offers,Smartphone,Wi-Fi,14:34:03,11,480.55,37511.11,17.0,623.98,No,Yes,Yes,No Information Available,Poor Customer Service
a385aa90826e4fc2,34,F,Village,Basic Membership,2025-04-27,No,Gift Vouchers/Coupons,Desktop,Mobile_Data,22:01:12,21,62.16,24260.31,23.0,590.4,Yes,No,Yes,Unsolved,Poor Customer Service
9248ed7d83443780,31,M,Town,Basic Membership,2025-04-27,,Credit/Debit Card Offers,Smartphone,Wi-Fi,16:51:35,11,231.84,23649.33,0.0,218.500798942122,No,Yes,Yes,Solved in Follow-up,Poor Customer Service
be846c5f8bebcd3f,28,F,Town,No Membership,2025-04-27,Yes,Without Offers,Desktop,Mobile_Data,11:36:52,18,63.59,22748.41,7.0,699.56,Yes,No,Yes,No Information Available,No reason specified
a7807e54ce247155,14,M,City,Basic Membership,2025-04-27,,Credit/Debit Card Offers,Smartphone,Mobile_Data,21:19:36,9,182.5,12656.64,8.0,550.95,Yes,No,No,Not Applicable,Poor Customer Service
b4bd52106c405c6f,58,M,Village,Silver Membership,2025-04-27,Yes,Credit/Debit Card Offers,Desktop,Fiber_Optic,06:17:37,8,137.59,94392.42,16.0,739.59,Yes,No,No,Not Applicable,Quality Customer Care
9af6fdbc96c85026,31,M,Town,No Membership,2025-04-27,,Credit/Debit Card Offers,Smartphone,Mobile_Data,21:08:35,13,330.63,10510.08,26.0,648.39,Yes,No,No,Not Applicable,Poor Customer Service
838fe930f94a6a61,43,M,,Basic Membership,2025-04-27,,Credit/Debit Card Offers,Desktop,Mobile_Data,18:35:32,14,192.23,18398.8,6.0,518.81,No,Yes,No,Not Applicable,No reason specified
a88830ae226fa04f,26,F,City,No Membership,2025-04-27,Yes,Credit/Debit Card Offers,Smartphone,Mobile_Data,11:36:50,15,33.64,23704.4,28.0,678.85,Yes,No,No,Not Applicable,No reason specified
987581e2031e3af4,10,F,Town,Silver Membership,2025-04-27,,Without Offers,Smartphone,Fiber_Optic,01:50:30,13,0.0,39232.78,16.0,751.45,No,Yes,Yes,Solved,Poor Product Quality
ba4410d7ba9aaabf,29,F,City,No Membership,2025-04-27,No,Credit/Debit Card Offers,Desktop,Wi-Fi,09:40:37,18,74.05,21984.51,29.0,666.36,No,Yes,No,Not Applicable,No reason specified
bb8f87a84ee9ba65,48,F,,Premium Membership,2025-04-27,No,Gift Vouchers/Coupons,Desktop,Fiber_Optic,12:28:33,8,188.57,19878.39,11.0,725.86,No,Yes,Yes,Solved in Follow-up,No reason specified
91cbd3371bb416a9,34,F,Town,No Membership,2025-04-27,,Without Offers,Smartphone,Wi-Fi,12:53:18,22,116.67,46784.41,0.0,213.6887224944969,No,Yes,Yes,Solved,Poor Website
a699b1ff73a6ae12,41,F,Village,Basic Membership,2025-04-27,Yes,Gift Vouchers/Coupons,Smartphone,Fiber_Optic,05:33:50,12,752.17,31467.26,0.0,588.87,No,Yes,Yes,Unsolved,Poor Website
81265e45a8f1947b,64,,City,Basic Membership,2025-04-27,,Credit/Debit Card Offers,Desktop,Fiber_Optic,08:08:28,21,562.19,47935.09,0.0,653.81,No,Yes,Yes,Solved,Poor Product Quality
95370a174d7e9e1c,63,M,Village,No Membership,2025-04-27,Yes,Without Offers,Desktop,Wi-Fi,00:51:02,12,0.0,7780.83,18.0,687.84,Yes,No,No,Not Applicable,Poor Website
ba8c97f7146649fe,14,M,City,Silver Membership,2025-04-27,Yes,Without Offers,Smartphone,Fiber_Optic,20:26:57,12,78.7,14360.86,14.0,1064.531940857488,Yes,No,Yes,No Information Available,No reason specified
96263ed8c39be860,52,F,Village,Platinum Membership,2025-04-27,Yes,Without Offers,Smartphone,Fiber_Optic,13:59:20,14,105.03,36091.97,23.0,749.6,Yes,No,Yes,Solved,Poor Customer Service
90f7600222b0089c,46,F,Town,Basic Membership,2025-04-27,No,Credit/Debit Card Offers,Desktop,Fiber_Optic,16:29:21,10,1383.552373756839,29766.22,0.0,618.97,Yes,No,No,Not Applicable,No reason specified
bf60b73184de1c89,55,M,,Gold Membership,2025-04-27,,Credit/Debit Card Offers,Desktop,Fiber_Optic,01:07:34,14,90.04,42451.61,21.0,758.1,Yes,No,Yes,No Information Available,No reason specified
a9b2e3fd67bbeac5,46,F,City,No Membership,2025-04-27,No,Credit/Debit Card Offers,Desktop,Mobile_Data,20:11:21,23,80.33,48786.28,9.0,604.0,No,Yes,Yes,No Information Available,Poor Customer Service
a5c8e8f81c92f7b6,27,M,City,Platinum Membership,2025-04-27,Yes,Gift Vouchers/Coupons,Smartphone,Fiber_Optic,12:00:56,14,185.82,38948.63,23.0,0.0,No,Yes,No,Not Applicable,Poor Website
aaddc78ff2666d47,64,F,City,Basic Membership,2025-04-28,No,Without Offers,,Wi-Fi,16:28:47,14,467.74,19245.1,21.0,0.0,Yes,Yes,No,Not Applicable,Poor Customer Service
ab2771da7a0828f6,61,F,Town,Silver Membership,2025-04-28,No,Gift Vouchers/Coupons,Desktop,Fiber_Optic,18:23:58,15,85.06,2946.92,17.0,986.0984112195296,No,Yes,Yes,Solved in Follow-up,Poor Product Quality
b4579a51933ed454,50,F,City,Premium Membership,2025-04-28,Yes,Gift Vouchers/Coupons,Smartphone,Mobile_Data,16:17:27,3,145.59,35801.59,12.0,773.05,No,Yes,No,Not Applicable,Reasonable Price
a5d0f880d7bfbc78,50,F,City,Basic Membership,2025-04-28,Yes,Gift Vouchers/Coupons,Smartphone,Wi-Fi,13:25:36,19,102.8,2669.0,26.0,0.0,No,Yes,Yes,No Information Available,Poor Website
bc3c5538bcff073f,45,M,City,Basic Membership,2025-04-28,No,Credit/Debit Card Offers,Smartphone,Mobile_Data,15:07:43,16,135.67,5545.47,26.0,646.26,No,Yes,Yes,Solved,Poor Product Quality
bbc2543f2f0ac273,42,M,Town,Gold Membership,2025-04-28,No,Credit/Debit Card Offers,,Wi-Fi,21:17:16,7,139.78,20581.49,14.0,791.12,No,Yes,No,Not Applicable,Poor Customer Service
956f869389342860,43,M,City,Platinum Membership,2025-04-28,No,Without Offers,Desktop,Mobile_Data,10:35:35,13,152.54,41558.99,11.0,827.15,No,Yes,Yes,Unsolved,User Friendly Website
a1f88d83ebfe8355,56,M,Town,No Membership,2025-04-28,No,Gift Vouchers/Coupons,Desktop,Fiber_Optic,14:06:57,14,31.67,47907.94,20.0,901.9511986356885,Yes,No,Yes,Solved,Poor Website
adb833b136d1f686,47,M,City,Basic Membership,2025-04-28,Yes,Credit/Debit Card Offers,Desktop,Wi-Fi,09:28:32,7,260.42,21686.97,23.0,606.95,No,Yes,Yes,Solved in Follow-up,No reason specified
a17fe40a98e6f11a,56,F,Town,No Membership,2025-04-28,No,Gift Vouchers/Coupons,Desktop,Mobile_Data,06:26:33,13,483.91,38417.89,7.0,688.6,No,Yes,Yes,Solved,Poor Customer Service
a1b9ced28a33cf30,55,F,City,Gold Membership,2025-04-28,No,Gift Vouchers/Coupons,Desktop,Fiber_Optic,12:11:20,18,89.21,37986.4,12.0,1136.6926067972124,No,Yes,No,Not Applicable,No reason specified
b8610a915085fde5,20,F,City,Basic Membership,2025-04-28,No,Without Offers,,Mobile_Data,03:06:57,11,470.56,47238.65,9.0,1086.345731311268,Yes,No,No,Not Applicable,Poor Website
83cc6abd5a6e9b15,38,F,,Basic Membership,2025-04-28,No,Without Offers,,Mobile_Data,13:41:17,-999,449.9,35557.85,24.0,636.23,Yes,Yes,No,Not Applicable,No reason specified
8b509a6ea2b64e86,39,M,Town,No Membership,2025-04-28,Yes,Without Offers,Desktop,Wi-Fi,15:53:46,24,991.0109023587268,43504.74,0.0,504.45,Yes,No,Yes,Unsolved,No reason specified
adce9e89aaab0156,42,F,Town,No Membership,2025-04-28,,Without Offers,Desktop,Fiber_Optic,04:07:55,19,162.87,14223.23,25.0,524.91,Yes,No,Yes,Unsolved,Poor Website
86001a80dbd8e780,38,M,Town,Gold Membership,2025-04-28,Yes,Without Offers,Desktop,Wi-Fi,18:23:03,6,87.57,5324.75,9.0,784.98,Yes,No,Yes,Unsolved,No reason specified
a8c2a4dd43fa52c6,30,M,Town,No Membership,2025-04-28,Yes,Gift Vouchers/Coupons,Both,Wi-Fi,03:28:07,12,612.95,44338.16,25.0,662.13,Yes,No,No,Not Applicable,Poor Website
aac99aef5b9f085c,63,F,City,Premium Membership,2025-04-28,No,Without Offers,Smartphone,Fiber_Optic,16:30:14,12,155.47,31277.37,19.0,717.55,No,Yes,No,Not Applicable,Poor Customer Service
983063e0b54aefb1,18,F,City,No Membership,2025-04-28,Yes,Gift Vouchers/Coupons,Smartphone,Mobile_Data,15:10:08,13,345.33,7624.28,18.0,546.57,Yes,No,Yes,Solved in Follow-up,Poor Website
98f1d888852c9d0c,30,M,Town,No Membership,2025-04-28,No,Without Offers,Desktop,Fiber_Optic,01:15:19,19,211.19,2554.48,10.0,622.45,Yes,Yes,Yes,Solved,Poor Website
a9335d0b3acb1a9f,47,M,Town,Silver Membership,2025-04-28,No,Gift Vouchers/Coupons,Desktop,Wi-Fi,22:57:20,7,232.27,21742.08,15.0,717.77,No,Yes,No,Not Applicable,Too many ads
b9dc46d90ef33417,39,F,Town,No Membership,2025-04-28,No,Without Offers,Desktop,Mobile_Data,04:39:54,12,52.92,26888.15,50.23826212562437,621.46,Yes,No,Yes,No Information Available,Too many ads
937095479e377c35,10,M,Town,Silver Membership,2025-04-28,No,Credit/Debit Card Offers,Smartphone,Fiber_Optic,21:51:45,23,167.69,49498.65,9.0,767.3,Yes,No,Yes,Unsolved,Poor Product Quality
bc3d29eeabecab01,17,F,Town,Gold Membership,2025-04-28,Yes,Without Offers,,Fiber_Optic,19:43:32,15,76.15,12941.94,15.0,0.0,No,Yes,Yes,Unsolved,Poor Product Quality
911b676eb1f45698,40,F,Town,Basic Membership,2025-04-28,No,Credit/Debit Card Offers,,Fiber_Optic,13:09:06,13,31.62,43284.21,5.0,612.76,No,Yes,No,Not Applicable,Poor Website
aaceeed4857117cd,44,F,Town,Platinum Membership,2025-04-28,Yes,Gift Vouchers/Coupons,Smartphone,Wi-Fi,19:31:11,20,202.17,83172.98,1.0,825.13,No,Yes,Yes,Solved in Follow-up,User Friendly Website
8291a004d3c60614,42,M,Town,No Membership,2025-04-28,Yes,Credit/Debit Card Offers,Smartphone,Fiber_Optic,21:00:45,12,39.49,49881.91,8.0,698.13,Yes,No,No,Not Applicable,Poor Website
925ec30b9e5b05c6,16,F,City,Platinum Membership,2025-04-28,No,Credit/Debit Card Offers,Smartphone,Fiber_Optic,01:42:59,13,51.41,31988.56,25.0,764.47,Yes,No,Yes,No Information Available,Poor Product Quality
89ba4552a40df845,52,M,City,Silver Membership,2025-04-28,No,Credit/Debit Card Offers,Desktop,Wi-Fi,09:47:27,7,243.43,5481.6,14.0,669.45,Yes,Yes,Yes,Unsolved,No reason specified
9f784f28800684cb,51,M,Town,Premium Membership,2025-04-28,,Without Offers,Smartphone,Fiber_Optic,02:02:17,20,46.3,5249.38,26.0,704.52,No,Yes,No,Not Applicable,No reason specified
828b2084f57d802b,24,F,Village,Basic Membership,2025-04-28,,Credit/Debit Card Offers,,Mobile_Data,05:20:47,17,239.98,20145.99,0.0,1104.4412025387674,Yes,No,Yes,Solved in Follow-up,No reason specified
8ce0ca07c338b7bc,43,M,Village,No Membership,2025-04-28,No,Gift Vouchers/Coupons,Smartphone,Wi-Fi,19:17:17,3,32.49,19917.28,5.0,0.0,No,Yes,Yes,Unsolved,No reason specified
b1a82f6e158b6208,46,F,Village,Premium Membership,2025-04-28,No,Gift Vouchers/Coupons,Desktop,Mobile_Data,02:28:44,16,267.67,92782.34,12.0,801.73,Yes,No,No,Not Applicable,User Friendly Website
85426222ffc5c512,17,M,City,No Membership,2025-04-28,No,Credit/Debit Card Offers,Desktop,Mobile_Data,13:30:06,14,30.97,13926.88,7.0,603.05,Yes,No,No,Not Applicable,Poor Website
ac26d57151b4081c,63,F,City,Basic Membership,2025-04-28,,Without Offers,Desktop,Mobile_Data,04:33:04,15,0.0,33308.8,8.0,509.75,No,Yes,No,Not Applicable,Poor Product Quality
a94dfcfce087fe14,53,F,Village,No Membership,2025-04-28,Yes,Without Offers,Smartphone,Mobile_Data,03:55:38,6,95.06,36344.66,15.0,1054.5902652545708,Yes,No,Yes,Solved,Poor Customer Service
b21fd38e3bc6abee,62,F,City,Silver Membership,2025-04-28,No,Credit/Debit Card Offers,Desktop,Wi-Fi,03:57:18,23,78.95,21858.99,7.0,961.9513124547452,Yes,No,Yes,Solved,No reason specified
bb058f89605e2d82,59,F,Town,Platinum Membership,2025-04-28,Yes,Without Offers,,Wi-Fi,08:32:43,19,87.4,35829.36,13.0,792.62,Yes,No,No,Not Applicable,Products always in Stock
984eb2a0cf6ace98,40,F,City,Basic Membership,2025-04-28,No,Without Offers,,Fiber_Optic,05:51:51,16,60.77,42565.84,8.0,668.67,Yes,No,Yes,Unsolved,Poor Product Quality
8191b3d17d136b38,23,F,Town,Premium Membership,2025-04-28,,Gift Vouchers/Coupons,Smartphone,Fiber_Optic,03:19:35,-999,1447.24,5916.62,17.0,742.33,No,Yes,No,Not Applicable,Too many ads
b3d334d79012bd76,44,M,Town,No Membership,2025-04-28,Yes,Gift Vouchers/Coupons,Desktop,Fiber_Optic,11:24:04,3,0.0,22891.2,9.0,699.27,No,Yes,No,Not Applicable,No reason specified
8e7568f198f1df08,21,M,City,Gold Membership,2025-04-28,,Without Offers,Desktop,Wi-Fi,18:48:13,14,139.16,46406.68,22.0,737.48,Yes,No,No,Not Applicable,Poor Website
84b8a9727e487840,62,F,City,Basic Membership,2025-04-28,No,Gift Vouchers/Coupons,Both,Wi-Fi,10:08:04,7,356.24,13028.43,22.0,658.83,No,Yes,No,Not Applicable,Poor Customer Service
9ca84a031a157607,39,F,City,Silver Membership,2025-04-28,No,Gift Vouchers/Coupons,Both,Mobile_Data,02:26:05,13,407.15,24001.29,29.0,711.34,Yes,Yes,No,Not Applicable,Poor Customer Service
bfb1589812ad4d30,54,M,Town,Platinum Membership,2025-04-28,Yes,Credit/Debit Card Offers,Both,Wi-Fi,04:10:06,16,1436.1503989197367,92440.81,12.0,791.22,Yes,Yes,Yes,Solved,Quality Customer Care
a43052d72518ce9b,54,M,Village,Premium Membership,2025-04-28,No,Credit/Debit Card Offers,Desktop,Mobile_Data,01:34:25,12,132.18,34106.19,13.0,772.81,No,Yes,Yes,Unsolved,Poor Website
813f20e8a8824061,23,M,City,No Membership,2025-04-28,,,Smartphone,Fiber_Optic,11:03:51,23,32.23,37790.39,13.0,624.15,Yes,No,No,Not Applicable,Poor Product Quality
87ad960e557033b2,13,F,City,No Membership,2025-04-28,Yes,Credit/Debit Card Offers,Both,Mobile_Data,04:13:56,10,715.28,20515.7,16.0,527.06,Yes,Yes,Yes,No Information Available,Poor Product Quality
ae5ccbc94cd9423c,21,F,City,No Membership,2025-04-28,No,Without Offers,Smartphone,Mobile_Data,04:21:36,14,206.79,6723.67,12.0,0.0,Yes,No,No,Not Applicable,Poor Customer Service
ab3bc0ab34b185d9,55,M,Village,Gold Membership,2025-04-28,Yes,Gift Vouchers/Coupons,,Fiber_Optic,00:18:59,13,30.39,4276.08,9.0,692.96,Yes,No,Yes,Unsolved,Too many ads
b16235e54a1fe61e,23,F,City,Basic Membership,2025-04-28,Yes,Credit/Debit Card Offers,Desktop,Wi-Fi,02:56:02,9,204.13,24666.46,0.0,661.11,No,Yes,No,Not Applicable,Poor Website
a047a26266ebee66,24,F,Town,Premium Membership,2025-04-28,No,Gift Vouchers/Coupons,Smartphone,Fiber_Optic,13:09:01,14,160.55,43945.14,4.0,745.02,Yes,No,Yes,No Information Available,Quality Customer Care
bea32f368b0cacde,51,F,City,Premium Membership,2025-04-28,No,Without Offers,Desktop,Wi-Fi,13:36:26,1,31.3,18480.68,27.0,797.15,Yes,No,No,Not Applicable,Poor Product Quality
a5d9c9a62abbcb89,46,M,Town,Gold Membership,2025-04-28,,Gift Vouchers/Coupons,Desktop,Mobile_Data,22:08:14,15,30.75,13652.24,0.0,700.74,No,Yes,No,Not Applicable,Poor Customer Service
871015cbde065659,45,M,Town,No Membership,2025-04-28,Yes,Without Offers,,Mobile_Data,20:43:16,10,30.93,47259.82,17.0,621.77,Yes,No,Yes,Unsolved,Too many ads
9597204f6ff0cd99,57,M,City,No Membership,2025-04-28,Yes,Without Offers,Smartphone,Fiber_Optic,04:12:25,10,88.42,20763.56,16.0,1009.433480543158,Yes,No,No,Not Applicable,Too many ads
afa71198d9c01576,45,F,Town,Platinum Membership,2025-04-28,Yes,Without Offers,Desktop,Fiber_Optic,22:52:56,6,181.32,15575.59,0.0,0.0,Yes,No,Yes,No Information Available,Poor Customer Service
8229afdfe78cbd17,13,M,Village,Gold Membership,2025-04-28,No,Without Offers,,Wi-Fi,23:39:27,13,0.0,88877.12,0.0,805.25,Yes,No,No,Not Applicable,Reasonable Price
ac64d87ba4525310,52,M,Town,Gold Membership,2025-04-28,No,Without Offers,Both,Wi-Fi,05:41:16,5,257.83,44478.32,21.0,733.67,No,Yes,Yes,Solved,Poor Customer Service
bc24d434f19e5e3c,33,M,Town,Gold Membership,2025-04-28,Yes,Without Offers,Smartphone,Mobile_Data,00:41:55,16,160.47,33049.69,9.0,710.18,Yes,No,No,Not Applicable,Poor Product Quality
b864f2fddf2f09bf,25,M,City,Gold Membership,2025-04-28,Yes,Gift Vouchers/Coupons,,Wi-Fi,05:41:49,13,0.0,1485.85,24.0,989.5856065681952,Yes,Yes,No,Not Applicable,Poor Customer Service
bee0f6a4756c90f9,57,F,City,Silver Membership,2025-04-28,,Without Offers,Desktop,Mobile_Data,16:09:32,11,630.09,31122.64,11.0,1189.0682376553627,Yes,No,Yes,Solved in Follow-up,No reason specified
b94a1f7ff1627a91,14,M,Town,Premium Membership,2025-04-28,No,Without Offers,Both,Wi-Fi,07:39:03,17,66.04,42559.33,7.0,715.25,Yes,Yes,Yes,Solved in Follow-up,User Friendly Website
864bd8a547a08baf,15,M,Town,Silver Membership,2025-04-28,Yes,Gift Vouchers/Coupons,Desktop,Wi-Fi,06:41:05,20,34.63,20564.58,13.0,694.31,Yes,No,No,Not Applicable,Poor Customer Service
8e533ea652d5e5ef,11,F,Town,No Membership,2025-04-28,Yes,Without Offers,Smartphone,Mobile_Data,20:59:32,12,97.25,6787.25,15.0,534.48,No,Yes,No,Not Applicable,Poor Product Quality
965da9b0f3143849,45,M,Town,No Membership,2025-04-28,Yes,Credit/Debit Card Offers,Both,Wi-Fi,12:07:59,-999,603.15,28942.25,47.19238609349119,653.73,No,Yes,No,Not Applicable,Poor Customer Service
8115555ee0f6dd82,17,F,Town,Premium Membership,2025-04-28,No,Gift Vouchers/Coupons,Desktop,Mobile_Data,00:37:41,19,41.93,32084.79,13.0,804.25,Yes,No,No,Not Applicable,User Friendly Website
810244ed7323f3f4,38,M,Town,Platinum Membership,2025-04-28,No,Gift Vouchers/Coupons,Smartphone,Wi-Fi,18:08:20,8,1538.4745143197265,28217.15,24.0,0.0,Yes,No,No,Not Applicable,Poor Website
91e8fe1fb16d704e,54,M,Town,Silver Membership,2025-04-28,No,Gift Vouchers/Coupons,Desktop,Mobile_Data,00:47:55,17,394.39,30014.56,7.0,728.84,Yes,Yes,No,Not Applicable,Too many ads
84c711868c0d64f0,30,F,City,No Membership,2025-04-28,No,Credit/Debit Card Offers,Desktop,Mobile_Data,15:10:53,-999,51.72,35219.09,15.0,554.0,Yes,No,No,Not Applicable,Poor Product Quality
95ea0034513c07ae,20,M,Village,Gold Membership,2025-04-28,Yes,Credit/Debit Card Offers,Smartphone,Wi-Fi,22:53:57,3,322.71,47245.01,17.0,360.2650487056665,No,Yes,No,Not Applicable,Too many ads
8af77d336a20fddd,63,M,City,Platinum Membership,2025-04-28,No,Credit/Debit Card Offers,Desktop,Wi-Fi,17:13:26,22,31.88,46784.1,23.0,1023.1556029630068,Yes,No,No,Not Applicable,No reason specified
89d236acbc06cc59,16,M,Town,Premium Membership,2025-04-28,No,Credit/Debit Card Offers,Smartphone,Mobile_Data,10:03:31,17,105.06,26665.16,29.0,268.90769046787625,Yes,No,Yes,Unsolved,No reason specified
a88e076bb3d510b4,13,F,City,Basic Membership,2025-04-28,Yes,Without Offers,,Wi-Fi,11:43:26,22,44.82,38728.9,21.0,608.66,No,Yes,No,Not Applicable,Poor Customer Service
856b4bec838e2108,35,F,City,No Membership,2025-04-28,,Gift Vouchers/Coupons,Smartphone,Mobile_Data,23:47:28,13,49.28,22425.42,18.0,672.08,Yes,No,Yes,No Information Available,Too many ads
8986c735822e52f8,25,M,Town,Gold Membership,2025-04-28,No,Gift Vouchers/Coupons,Smartphone,Mobile_Data,02:03:12,20,102.99,56662.15,0.0,768.29,Yes,No,Yes,No Information Available,Products always in Stock
8bef73d07e213ae1,43,F,Town,No Membership,2025-04-28,Yes,Gift Vouchers/Coupons,,Fiber_Optic,08:47:47,15,1287.1781985110715,21926.75,23.0,544.25,No,Yes,Yes,No Information Available,Poor Customer Service
b18c30daff32238b,55,F,City,Basic Membership,2025-04-28,Yes,Gift Vouchers/Coupons,Both,Wi-Fi,05:51:55,16,406.52,1775.41,51.769911897564896,1198.4697080490232,Yes,No,No,Not Applicable,Poor Customer Service
b29804ea2d725b0d,15,F,Village,No Membership,2025-04-28,No,Gift Vouchers/Coupons,Smartphone,Fiber_Optic,04:36:11,9,49.74,40043.18,20.0,513.89,No,Yes,No,Not Applicable,Poor Product Quality
96faae0635fe8f21,64,M,City,Silver Membership,2025-04-28,Yes,Without Offers,Smartphone,Fiber_Optic,10:59:38,8,619.43,17213.85,24.0,664.39,Yes,Yes,Yes,Solved,Poor Website
bfff5e0f28cb3b37,32,M,,Gold Membership,2025-04-28,No,Without Offers,Smartphone,Mobile_Data,07:48:43,17,37.21,17321.03,20.0,786.08,No,Yes,No,Not Applicable,Poor Customer Service
a0412d5764be384f,11,F,Town,Silver Membership,2025-04-28,Yes,Gift Vouchers/Coupons,Desktop,Mobile_Data,20:25:39,19,42.39,9373.82,23.0,730.85,Yes,No,No,Not Applicable,No reason specified
8d6fe7be0c187a08,42,F,Village,No Membership,2025-04-28,,Credit/Debit Card Offers,Desktop,Fiber_Optic,01:07:13,21,31.78,17897.42,21.0,505.85,Yes,No,Yes,Solved in Follow-up,No reason specified
be0a22fbdea21638,20,M,City,Gold Membership,2025-04-28,No,Gift Vouchers/Coupons,,Fiber_Optic,02:03:13,16,46.6,17398.79,6.0,787.38,Yes,No,Yes,Solved in Follow-up,Products always in Stock
89ea1a43e3765f7f,41,M,,Premium Membership,2025-04-28,No,Gift Vouchers/Coupons,Smartphone,Fiber_Optic,18:24:07,15,0.0,84022.92,7.0,811.86,No,Yes,Yes,Solved,Quality Customer Care
9146f8d56e4c94d2,59,M,City,Platinum Membership,2025-04-28,No,Gift Vouchers/Coupons,Desktop,Wi-Fi,18:48:09,13,233.93,34691.04,13.0,738.31,Yes,Yes,No,Not Applicable,Poor Customer Service
a369a54cc9f55ef0,48,F,,Basic Membership,2025-04-28,Yes,Credit/Debit Card Offers,Both,Mobile_Data,05:11:49,8,365.28,3156.52,11.0,502.21,Yes,No,No,Not Applicable,No reason specified
8a3eebcf94eb7918,41,F,Village,Basic Membership,2025-04-28,No,Credit/Debit Card Offers,Desktop,Mobile_Data,10:20:59,19,80.78,24135.08,7.0,627.76,No,Yes,No,Not Applicable,Too many ads
a46774766801bb13,15,F,City,Basic Membership,2025-04-28,Yes,Gift Vouchers/Coupons,Desktop,Wi-Fi,01:46:46,-999,46.46,12679.6,12.0,596.21,No,Yes,Yes,Solved in Follow-up,Poor Product Quality
848e0bdade889ca2,18,F,City,Silver Membership,2025-04-28,Yes,Without Offers,Desktop,Wi-Fi,08:42:58,4,104.66,19112.32,7.0,662.74,No,Yes,Yes,Unsolved,Poor Website
b024ecb7aadaa68a,51,F,Town,Premium Membership,2025-04-28,No,Credit/Debit Card Offers,Desktop,Fiber_Optic,19:08:50,7,168.86,8484.69,2.0,815.69,No,Yes,No,Not Applicable,Quality Customer Care
aa3a25d4ef7ffb74,57,M,City,Gold Membership,2025-04-28,Yes,Credit/Debit Card Offers,Desktop,Mobile_Data,02:19:09,16,65.6,40151.96,19.0,673.26,No,Yes,No,Not Applicable,No reason specified
a52bdc8ab02a8c79,12,M,Village,Premium Membership,2025-04-28,No,Without Offers,,Fiber_Optic,19:16:50,16,84.75,31058.19,11.0,777.43,Yes,No,No,Not Applicable,No reason specified
bc4d6d4aff270a95,27,M,Town,Silver Membership,2025-04-28,,Gift Vouchers/Coupons,Desktop,Fiber_Optic,08:00:45,10,31.84,24724.65,10.0,1055.9103707699644,Yes,No,No,Not Applicable,Poor Website
a3d6db1db48f9d96,13,F,City,Gold Membership,2025-04-28,No,Credit/Debit Card Offers,Desktop,Fiber_Optic,01:24:01,3,70.13,41282.72,5.0,705.13,No,Yes,No,Not Applicable,Poor Product Quality
9ea7c9ad71a693a8,37,M,Town,Silver Membership,2025-04-28,,Without Offers,Smartphone,Fiber_Optic,03:46:39,7,34.27,22352.45,0.0,611.56,No,Yes,No,Not Applicable,Poor Customer Service
874f3705e89c4695,42,F,Town,No Membership,2025-04-28,Yes,Without Offers,,Mobile_Data,20:01:07,20,238.95,39794.02,12.0,538.21,No,Yes,No,Not Applicable,No reason specified
973609399aeab84d,50,M,Town,Silver Membership,2025-04-28,Yes,Credit/Debit Card Offers,,Fiber_Optic,16:54:33,16,1085.58,35948.75,52.923673890008175,684.83,Yes,No,No,Not Applicable,Too many ads
b0de948f64a993d6,32,M,Village,Basic Membership,2025-04-28,Yes,Credit/Debit Card Offers,Desktop,Wi-Fi,08:49:14,16,1096.01,8510.07,17.0,684.45,Yes,Yes,Yes,Solved,Poor Product Quality
9f04c9c287905267,34,M,City,Gold Membership,2025-04-28,Yes,Without Offers,,Wi-Fi,16:31:38,9,31.77,4737.1,10.0,0.0,No,Yes,Yes,Solved,Poor Website
8e945c7e2fc29afb,23,F,Town,Premium Membership,2025-04-28,No,Credit/Debit Card Offers,Smartphone,Fiber_Optic,20:34:07,16,1036.5606023103744,50871.73,19.0,829.248304174314,No,Yes,Yes,Unsolved,Reasonable Price
898ea9e58514b5a0,64,F,Town,Gold Membership,2025-04-28,Yes,Without Offers,,Wi-Fi,05:22:50,14,30.89,9238.61,8.0,736.73,No,Yes,No,Not Applicable,No reason specified
a9f79f4d7165a5e7,10,M,Town,Basic Membership,2025-04-28,Yes,Without Offers,Desktop,Mobile_Data,17:10:44,23,221.18,14886.71,23.0,694.28,No,Yes,No,Not Applicable,No reason specified
a11c28e6b0a0c3f7,37,M,City,Basic Membership,2025-04-28,No,Credit/Debit Card Offers,Smartphone,Fiber_Optic,16:28:33,7,467.46,5763.19,17.0,1031.4714502692043,Yes,No,No,Not Applicable,Poor Customer Service
961cf1290084c03f,23,M,Town,Gold Membership,2025-04-28,Yes,Credit/Debit Card Offers,Both,Wi-Fi,00:00:46,16,265.22,26616.27,10.0,659.7,No,Yes,No,Not Applicable,Poor Customer Service
b901d121b14aa1bb,45,F,Village,No Membership,2025-04-29,Yes,Credit/Debit Card Offers,Desktop,Fiber_Optic,03:21:08,17,34.5,43105.52,29.0,627.13,No,Yes,No,Not Applicable,Poor Product Quality
92a9061da8b18213,44,F,Town,Platinum Membership,2025-04-29,,Gift Vouchers/Coupons,Smartphone,Mobile_Data,01:22:16,8,365.1,45572.07,0.0,715.87,Yes,Yes,Yes,Unsolved,Too many ads
bca58bc931cf07ef,14,F,Town,No Membership,2025-04-29,Yes,Gift Vouchers/Coupons,Smartphone,Wi-Fi,17:02:06,23,70.48,22069.72,29.0,0.0,No,Yes,Yes,Unsolved,Too many ads
bb6864dc6e85ae50,22,F,,Gold Membership,2025-04-29,,Credit/Debit Card Offers,Smartphone,Wi-Fi,00:29:19,12,49.59,34334.0,28.0,429.3937429744892,No,Yes,No,Not Applicable,No reason specified
9a7881c5a1a47bc6,47,M,City,Platinum Membership,2025-04-29,No,Gift Vouchers/Coupons,Smartphone,Wi-Fi,14:27:17,14,454.66,40727.62,9.0,0.0,Yes,No,Yes,No Information Available,Poor Website
b9a7ad4ce533ff0b,45,M,,Platinum Membership,2025-04-29,Yes,Credit/Debit Card Offers,Both,Mobile_Data,19:49:02,9,802.26,13882.49,17.0,789.76,No,Yes,No,Not Applicable,Poor Product Quality
923f71a350881c78,38,M,City,Premium Membership,2025-04-29,No,Credit/Debit Card Offers,Smartphone,Mobile_Data,15:14:39,12,74.53,46842.21,8.0,742.44,No,Yes,No,Not Applicable,Products always in Stock
baf6debbba072f93,44,F,City,Silver Membership,2025-04-29,Yes,Gift Vouchers/Coupons,Smartphone,Fiber_Optic,14:35:37,18,159.9,30997.98,23.0,715.81,No,Yes,Yes,Solved,Poor Website
af1865ac4cdecefe,42,F,City,No Membership,2025-04-29,,Without Offers,Desktop,Mobile_Data,18:38:49,12,133.52,7427.17,25.0,649.06,No,Yes,No,Not Applicable,No reason specified
a838e8253a27c188,10,M,City,Basic Membership,2025-04-29,No,Gift Vouchers/Coupons,Smartphone,Mobile_Data,05:48:59,11,31.27,14164.53,19.0,505.94,No,Yes,Yes,Unsolved,Poor Product Quality
876ece5ec7b15be6,46,F,City,Gold Membership,2025-04-29,No,Credit/Debit Card Offers,Both,Mobile_Data,10:50:09,5,453.36,87236.15,12.0,526.0577253698918,Yes,Yes,Yes,Solved,Products always in Stock
b10c32a29abe7bac,54,M,City,Premium Membership,2025-04-29,Yes,Credit/Debit Card Offers,Smartphone,Wi-Fi,08:03:09,4,1077.2628927354458,7760.82,26.0,587.9310802193078,Yes,No,No,Not Applicable,Poor Product Quality
b292b30293d74c3b,58,M,City,Gold Membership,2025-04-29,Yes,Without Offers,Smartphone,Wi-Fi,07:25:43,11,113.07,44300.16,12.0,718.34,Yes,No,Yes,Unsolved,Poor Customer Service
b544f797e26d4a84,46,M,City,Premium Membership,2025-04-29,Yes,Credit/Debit Card Offers,Desktop,Fiber_Optic,02:57:51,21,93.33,26085.73,28.0,0.0,No,Yes,No,Not Applicable,Poor Product Quality
bfa9bfbfc426bef8,19,M,Village,Silver Membership,2025-04-29,,Credit/Debit Card Offers,Desktop,Wi-Fi,19:15:42,13,259.33,59008.76,3.0,799.67,Yes,Yes,No,Not Applicable,Quality Customer Care
98f7266b7320db6f,25,F,Town,Platinum Membership,2025-04-29,No,Credit/Debit Card Offers,Desktop,Mobile_Data,07:56:12,16,30.62,6344.69,14.0,750.07,Yes,No,No,Not Applicable,Poor Product Quality
92cfd54c7b31965a,47,F,,No Membership,2025-04-29,No,Without Offers,Smartphone,Fiber_Optic,07:49:23,17,170.56,20364.6,26.0,673.76,No,Yes,Yes,Unsolved,Too many ads
b7bd25f84d458b33,26,F,City,Premium Membership,2025-04-29,Yes,Credit/Debit Card Offers,Desktop,Mobile_Data,18:33:54,2,202.22,46211.5,16.0,715.01,Yes,No,Yes,Unsolved,Products always in Stock
ba61030e0108b96b,62,F,Town,Silver Membership,2025-04-29,Yes,Gift Vouchers/Coupons,Smartphone,Fiber_Optic,23:55:18,12,42.5,21990.47,7.0,0.0,Yes,No,No,Not Applicable,No reason specified
978642dafa8ffda0,34,F,,Basic Membership,2025-04-29,Yes,Without Offers,,Fiber_Optic,14:24:19,10,604.43,4403.7,5.0,641.5,Yes,Yes,Yes,Solved,No reason specified
98d8f2ba84873745,14,M,Town,Gold Membership,2025-04-29,Yes,Credit/Debit Card Offers,Smartphone,Wi-Fi,13:52:10,11,427.38,2857.68,21.0,708.82,No,Yes,No,Not Applicable,Too many ads
9d1b27a108586cfe,52,M,City,Gold Membership,2025-04-29,No,Credit/Debit Card Offers,Desktop,Mobile_Data,11:48:39,4,465.1,62019.95,0.0,712.65,No,Yes,Yes,Unsolved,Products always in Stock
995fe8bb87cff0a2,49,F,Town,Premium Membership,2025-04-29,,Without Offers,,Fiber_Optic,04:22:30,24,45.09,40055.22,29.0,0.0,No,Yes,No,Not Applicable,Poor Product Quality
a6ae0b53f99ecb2c,26,M,City,Gold Membership,2025-04-29,No,Without Offers,Desktop,Fiber_Optic,16:31:27,22,31.76,48906.02,25.0,0.0,No,Yes,No,Not Applicable,Poor Customer Service
b694fb1181a0cee8,27,M,Town,Basic Membership,2025-04-29,Yes,Gift Vouchers/Coupons,Desktop,Wi-Fi,22:51:20,18,266.64,48850.51,10.0,672.83,Yes,Yes,No,Not Applicable,No reason specified
9b36d56a8fd0528f,61,M,City,Platinum Membership,2025-04-29,No,Credit/Debit Card Offers,,Fiber_Optic,07:39:51,14,370.78,39060.19,10.0,836.6,No,Yes,No,Not Applicable,Quality Customer Care
9176ce32ee812307,35,F,Village,Premium Membership,2025-04-29,Yes,Credit/Debit Card Offers,Desktop,Wi-Fi,20:41:15,19,454.3,33304.36,16.0,774.67,No,Yes,Yes,Unsolved,Poor Website
be493432911a9e86,52,F,Village,Premium Membership,2025-04-29,Yes,Without Offers,Desktop,Fiber_Optic,14:05:32,8,382.26,45454.22,14.0,712.02,Yes,No,No,Not Applicable,Poor Website
b0085188377cf797,57,M,City,Gold Membership,2025-04-29,Yes,Credit/Debit Card Offers,Smartphone,Fiber_Optic,19:42:15,-999,293.2,47833.28,19.0,650.7,Yes,No,No,Not Applicable,Poor Website
af4936b8ce7e08b3,39,M,City,No Membership,2025-04-29,,Gift Vouchers/Coupons,,Fiber_Optic,16:14:40,14,157.91,49466.33,24.0,650.28,Yes,No,No,Not Applicable,Poor Product Quality
9e56c93ffc9e0d25,52,F,City,Gold Membership,2025-04-29,No,Gift Vouchers/Coupons,Desktop,Wi-Fi,10:41:26,13,202.61,18481.66,17.0,736.89,No,Yes,Yes,Solved,Poor Product Quality
a5792acac4ace028,34,F,Town,Basic Membership,2025-04-29,Yes,Gift Vouchers/Coupons,Desktop,Fiber_Optic,01:03:01,4,145.03,24330.83,28.0,592.0,No,Yes,Yes,Unsolved,Poor Customer Service
ad3ece0541c053d2,42,F,Town,Premium Membership,2025-04-29,Yes,Gift Vouchers/Coupons,Desktop,Fiber_Optic,07:56:01,19,184.29,22476.51,3.0,741.74,No,Yes,No,Not Applicable,Products always in Stock
80d71fa5745dc00d,31,F,Town,No Membership,2025-04-29,Yes,,Smartphone,Fiber_Optic,22:56:42,11,1010.7445894491052,13515.86,27.0,613.21,Yes,No,Yes,Unsolved,No reason specified
bfc4131cacbe1199,44,M,City,Silver Membership,2025-04-29,No,Credit/Debit Card Offers,Smartphone,Mobile_Data,00:02:29,6,288.4,15800.24,12.0,966.5564156021338,No,Yes,Yes,Unsolved,Too many ads
98e98e91d5dd1361,17,M,Village,Premium Membership,2025-04-29,Yes,Without Offers,Desktop,Mobile_Data,17:46:48,15,537.79,59702.69,14.0,830.63,No,Yes,Yes,Unsolved,Quality Customer Care
884c08580d03114d,48,F,Town,Basic Membership,2025-04-29,Yes,Credit/Debit Card Offers,Desktop,Wi-Fi,09:29:45,13,1032.08,47676.09,54.753746494326485,648.71,No,Yes,Yes,Solved,Poor Customer Service
a77d70e6a454d176,22,M,Village,No Membership,2025-04-29,Yes,Gift Vouchers/Coupons,Desktop,Fiber_Optic,06:53:17,4,182.38,17286.85,16.0,930.6317960657058,Yes,No,Yes,Unsolved,No reason specified
8aafeab579b7597c,46,M,City,Gold Membership,2025-04-29,No,Without Offers,Smartphone,Mobile_Data,10:49:48,4,324.56,38460.0,28.0,701.22,No,Yes,Yes,Solved in Follow-up,Poor Product Quality
b2ae46f674356522,64,F,Village,Premium Membership,2025-04-29,Yes,Without Offers,Desktop,Mobile_Data,02:29:07,14,227.41,35920.64,14.0,701.22,No,Yes,Yes,No Information Available,Poor Customer Service
8b0da7471d55770c,33,F,Town,No Membership,2025-04-29,Yes,Gift Vouchers/Coupons,Smartphone,Wi-Fi,04:45:47,8,118.73,34322.26,5.0,697.42,Yes,No,No,Not Applicable,Poor Product Quality
af36cb1bb87e490a,39,F,City,Silver Membership,2025-04-29,Yes,Without Offers,Both,Mobile_Data,22:12:55,8,1468.83,15434.98,27.0,772.54,Yes,No,Yes,Unsolved,Too many ads
addac5079c23cad2,38,F,Town,Platinum Membership,2025-04-29,No,Credit/Debit Card Offers,,Fiber_Optic,00:34:59,22,0.0,99353.37,2.0,0.0,Yes,No,Yes,No Information Available,Products always in Stock
a425e4d8179cdbef,53,F,Town,Gold Membership,2025-04-29,Yes,Gift Vouchers/Coupons,Smartphone,Wi-Fi,22:22:06,17,565.18,18250.75,13.0,737.0,Yes,No,Yes,No Information Available,No reason specified
875375544fab4eaf,48,F,Town,Gold Membership,2025-04-29,No,Without Offers,Desktop,Fiber_Optic,00:23:33,-999,212.22,14518.1,18.0,717.46,Yes,No,No,Not Applicable,Poor Customer Service
86a86e8933de0d48,34,F,Town,Silver Membership,2025-04-29,,Gift Vouchers/Coupons,Both,Mobile_Data,22:37:39,7,484.27,20292.18,0.0,0.0,No,Yes,Yes,Solved,Poor Product Quality
98c836da7bac14bb,24,F,,Premium Membership,2025-04-29,No,Gift Vouchers/Coupons,Both,Wi-Fi,07:14:55,1,491.28,33921.06,26.0,745.17,No,Yes,No,Not Applicable,No reason specified
9f83ab8a3a0272e7,12,F,,Platinum Membership,2025-04-29,Yes,Credit/Debit Card Offers,Smartphone,Wi-Fi,18:26:40,15,55.1,42306.42,17.0,1112.7428057732775,No,Yes,No,Not Applicable,No reason specified
98dabb556a1e625f,17,F,Village,No Membership,2025-04-29,No,Gift Vouchers/Coupons,Smartphone,Fiber_Optic,09:03:45,22,155.22,32237.44,15.0,0.0,No,Yes,Yes,Unsolved,Poor Website
bd5a28d1b8460e87,20,M,Town,Gold Membership,2025-04-29,No,Gift Vouchers/Coupons,Smartphone,Mobile_Data,15:16:10,14,311.01,8189.03,18.0,714.02,No,Yes,No,Not Applicable,Poor Product Quality
8b22657026b569e7,28,F,Town,Platinum Membership,2025-04-29,,Gift Vouchers/Coupons,Smartphone,Wi-Fi,21:05:37,21,47.88,13938.29,5.0,744.75,No,Yes,No,Not Applicable,Poor Website
989de9f72eb13191,15,F,Town,Gold Membership,2025-04-29,No,Without Offers,,Wi-Fi,09:53:34,20,179.01,42151.27,26.0,715.81,No,Yes,No,Not Applicable,Too many ads
adf0535aff105639,50,M,City,Premium Membership,2025-04-29,No,Credit/Debit Card Offers,Desktop,Fiber_Optic,05:26:59,6,314.23,66844.81,10.0,436.267844784056,No,Yes,No,Not Applicable,Quality Customer Care
8d21a417dcf77368,22,M,City,Gold Membership,2025-04-29,No,Gift Vouchers/Coupons,Both,Wi-Fi,00:02:14,1,263.25,28279.36,19.0,745.83,Yes,No,Yes,No Information Available,Products always in Stock
81305070c0e25f14,32,F,Town,Silver Membership,2025-04-29,,Credit/Debit Card Offers,Smartphone,Mobile_Data,11:07:36,6,105.0,6938.54,22.0,624.68,Yes,No,No,Not Applicable,Poor Customer Service
b24456ca9940f3f5,59,F,City,Silver Membership,2025-04-29,Yes,Without Offers,Smartphone,Wi-Fi,06:59:47,3,34.19,10206.22,28.0,699.39,Yes,No,Yes,Solved in Follow-up,Too many ads
b1fa3e331d218f2d,19,F,City,No Membership,2025-04-29,No,Without Offers,Desktop,Mobile_Data,22:55:21,-999,49.22,41161.98,0.0,578.03,No,Yes,Yes,No Information Available,No reason specified
806cd192f43cc99d,23,F,City,Basic Membership,2025-04-29,No,Without Offers,Smartphone,Fiber_Optic,13:28:49,21,53.32,872.81,15.0,616.74,Yes,No,Yes,Unsolved,Too many ads
b44e411e52881301,46,F,Town,No Membership,2025-04-29,No,Gift Vouchers/Coupons,Desktop,Fiber_Optic,11:56:00,12,42.47,43489.33,27.0,613.52,No,Yes,Yes,Unsolved,Poor Customer Service
9214dbca7f892a64,52,F,Town,No Membership,2025-04-29,No,Gift Vouchers/Coupons,,Mobile_Data,12:40:17,20,103.82,26644.72,0.0,607.05,No,Yes,No,Not Applicable,Poor Customer Service
b9cf76bc356a0f0f,46,M,Village,Premium Membership,2025-04-29,No,Credit/Debit Card Offers,Desktop,Wi-Fi,03:28:42,14,483.92,66413.63,15.0,733.64,Yes,Yes,No,Not Applicable,Quality Customer Care
a0abbd7b7596f416,44,F,City,No Membership,2025-04-29,No,Gift Vouchers/Coupons,Smartphone,Fiber_Optic,04:21:10,8,32.32,19978.9,0.0,630.87,No,Yes,No,Not Applicable,No reason specified
8df9b29da766275a,59,F,City,No Membership,2025-04-29,No,Gift Vouchers/Coupons,Desktop,Wi-Fi,07:55:29,9,33.93,36543.99,0.0,257.9178250572102,Yes,No,No,Not Applicable,Too many ads
a7d89587b76bcc7a,39,M,Town,Platinum Membership,2025-04-29,No,Without Offers,Smartphone,Mobile_Data,08:47:36,12,198.82,20543.2,8.0,786.26,Yes,No,Yes,No Information Available,No reason specified
910bfa78ef8cc429,32,M,Village,Premium Membership,2025-04-29,Yes,Without Offers,Both,Wi-Fi,09:29:55,5,698.69,13482.33,8.0,0.0,Yes,Yes,No,Not Applicable,Poor Website
9b207a188bde8a90,33,M,Village,Silver Membership,2025-04-29,Yes,Credit/Debit Card Offers,Desktop,Mobile_Data,10:57:11,14,43.97,19740.37,0.0,711.75,Yes,No,No,Not Applicable,Poor Customer Service
a8acda0d22e91c2c,38,M,Town,Gold Membership,2025-04-29,No,Gift Vouchers/Coupons,Smartphone,Mobile_Data,02:12:28,16,33.21,14832.78,12.0,0.0,No,Yes,No,Not Applicable,Poor Product Quality
8d95188c544f173c,47,F,Village,Basic Membership,2025-04-29,No,Credit/Debit Card Offers,Smartphone,Mobile_Data,13:56:52,22,72.55,37657.66,40.47299251188281,687.39,Yes,No,Yes,No Information Available,Too many ads
9cbc487e5be5273a,12,F,Town,Basic Membership,2025-04-29,Yes,Gift Vouchers/Coupons,Both,Wi-Fi,02:21:05,10,1425.21,41769.52,21.0,683.83,Yes,Yes,Yes,Unsolved,Too many ads
8fcda6f1700791d1,49,M,Town,Platinum Membership,2025-04-29,,Credit/Debit Card Offers,Desktop,Mobile_Data,11:29:21,25,385.73,11193.22,7.0,786.11,No,Yes,Yes,No Information Available,Reasonable Price
9a847876987aceb3,52,F,Town,No Membership,2025-04-29,No,Credit/Debit Card Offers,Desktop,Mobile_Data,07:49:30,9,50.63,28562.69,16.0,542.23,No,Yes,Yes,Unsolved,Poor Customer Service
82dc6a09a8b8e936,13,M,Village,Silver Membership,2025-04-29,No,Without Offers,,Wi-Fi,08:13:19,7,150.23,46890.08,15.0,0.0,Yes,No,No,Not Applicable,Too many ads
8e264d9d69f7cad1,31,F,City,Premium Membership,2025-04-29,No,Without Offers,Desktop,Mobile_Data,11:53:08,19,31.4,8872.0,10.0,783.08,No,Yes,Yes,Unsolved,Products always in Stock
a9a8524072d9a5ab,51,M,,Gold Membership,2025-04-29,No,Credit/Debit Card Offers,Desktop,Fiber_Optic,13:02:14,5,0.0,29760.38,13.0,0.0,Yes,No,Yes,Unsolved,User Friendly Website
a617d73d477a463d,31,F,Village,Gold Membership,2025-04-29,No,Credit/Debit Card Offers,Desktop,Wi-Fi,16:35:41,17,169.94,43478.02,10.0,1116.4993780768305,No,Yes,Yes,Solved,Too many ads
91c17ec00a8961f8,35,M,City,Silver Membership,2025-04-29,Yes,Without Offers,Smartphone,Wi-Fi,04:51:12,23,168.5,12663.79,14.0,395.5000667977079,Yes,No,No,Not Applicable,Poor Website
9fec0b264a436edd,17,M,Village,Premium Membership,2025-04-29,Yes,Credit/Debit Card Offers,Desktop,Fiber_Optic,00:52:10,23,32.12,40638.89,12.0,709.08,No,Yes,No,Not Applicable,Poor Website
adedf1be93d1b59b,59,F,Town,Silver Membership,2025-04-29,No,Credit/Debit Card Offers,,Wi-Fi,10:06:56,3,124.95,37405.68,9.0,708.13,No,Yes,No,Not Applicable,Poor Customer Service
abf143c4591d0f8d,50,M,,Basic Membership,2025-04-29,,Credit/Debit Card Offers,Smartphone,Mobile_Data,09:31:42,18,974.2354035505344,31568.84,16.0,1040.7703308877722,No,Yes,No,Not Applicable,Poor Product Quality
b640f6e39b77f21b,60,F,City,Premium Membership,2025-04-29,No,Without Offers,Desktop,Wi-Fi,19:17:20,10,0.0,14891.73,23.0,758.86,Yes,No,No,Not Applicable,Too many ads
a7d8f5743e140b0a,45,M,,Platinum Membership,2025-04-29,No,Gift Vouchers/Coupons,Desktop,Fiber_Optic,00:15:19,18,921.307200951438,86742.41,4.0,753.34,No,Yes,Yes,Solved in Follow-up,Products always in Stock
8dc0069e2ed3b51a,38,F,Village,Basic Membership,2025-04-29,,Without Offers,,Fiber_Optic,18:59:43,11,214.8,44993.65,17.0,1057.6690311243262,Yes,No,Yes,No Information Available,No reason specified
904807ca1e04520e,35,M,City,Silver Membership,2025-04-29,No,Gift Vouchers/Coupons,,Wi-Fi,12:28:29,12,34.76,31964.2,6.0,700.55,No,Yes,Yes,Solved in Follow-up,No reason specified
93982f356cd32011,22,M,,Gold Membership,2025-04-29,Yes,Credit/Debit Card Offers,Smartphone,Wi-Fi,20:35:49,16,224.54,35406.07,13.0,764.78,Yes,Yes,No,Not Applicable,Poor Website
a01f9247926d0986,51,M,Town,Silver Membership,2025-04-29,No,Without Offers,,Fiber_Optic,10:02:04,-999,425.67,12837.47,20.0,1087.9760266579424,Yes,Yes,No,Not Applicable,No reason specified
aee51bbb1ea68f12,23,M,Village,Gold Membership,2025-04-29,No,Gift Vouchers/Coupons,,Fiber_Optic,20:27:32,18,365.02,7886.79,9.0,651.58,No,Yes,Yes,Solved,Poor Product Quality
879e9ef5af0342cc,11,M,City,Gold Membership,2025-04-29,Yes,Gift Vouchers/Coupons,Both,Fiber_Optic,12:17:53,13,225.94,40243.85,8.0,894.5129880555091,Yes,No,No,Not Applicable,Poor Customer Service
b3b9f90d6997a9d7,18,M,Village,Silver Membership,2025-04-29,Yes,Gift Vouchers/Coupons,Desktop,Mobile_Data,08:37:54,23,91.15,5691.3,25.0,677.49,No,Yes,Yes,Solved in Follow-up,Poor Customer Service
86e385456f3ecc0b,51,F,City,No Membership,2025-04-29,No,Gift Vouchers/Coupons,Desktop,Wi-Fi,21:26:49,6,70.13,30491.62,7.0,567.06,Yes,No,No,Not Applicable,Poor Customer Service
9adac825b21912f8,21,M,Village,Silver Membership,2025-04-29,No,Without Offers,Both,Mobile_Data,04:52:38,11,475.03,30372.24,28.0,710.46,Yes,No,Yes,No Information Available,Poor Customer Service
b5a4c865cf1370ad,31,M,,No Membership,2025-04-29,,Credit/Debit Card Offers,Smartphone,Fiber_Optic,12:47:58,9,183.76,22369.85,0.0,657.89,Yes,No,No,Not Applicable,Poor Website
8e8f23a2e54c7852,58,M,,Platinum Membership,2025-04-29,No,Without Offers,,Wi-Fi,06:31:10,13,324.56,36772.85,16.0,0.0,No,Yes,Yes,No Information Available,Poor Customer Service
a59e44f361a022ba,63,M,,Basic Membership,2025-04-29,Yes,Gift Vouchers/Coupons,Smartphone,Mobile_Data,06:29:20,24,31.26,14096.63,8.0,563.58,No,Yes,Yes,Solved in Follow-up,Poor Product Quality
bc9aafa783cc63b0,12,F,,Platinum Membership,2025-04-29,No,Without Offers,Smartphone,Fiber_Optic,15:30:56,17,187.25,43111.44,26.0,0.0,Yes,No,Yes,Unsolved,Too many ads
9dccbcf107252649,36,F,City,No Membership,2025-04-29,,Without Offers,Desktop,Mobile_Data,07:46:28,-999,77.03,39328.91,17.0,625.32,Yes,No,No,Not Applicable,Poor Customer Service
aa52d1ef87824aeb,29,F,City,Gold Membership,2025-04-29,No,Without Offers,Desktop,Mobile_Data,03:29:18,13,30.04,2442.28,10.0,749.99,Yes,No,Yes,Solved in Follow-up,Poor Website
ab26a90d169b0cfa,13,F,,Platinum Membership,2025-04-29,Yes,Gift Vouchers/Coupons,Desktop,Wi-Fi,14:59:12,12,0.0,13535.96,27.0,215.61311423550296,No,Yes,Yes,Solved in Follow-up,No reason specified
9c63a21a79341cd4,52,M,,Basic Membership,2025-04-30,No,Gift Vouchers/Coupons,,Wi-Fi,11:52:39,23,74.74,24564.22,7.0,434.32430908419127,No,Yes,Yes,Solved in Follow-up,No reason specified
8f3e043fd083a60f,17,F,Town,No Membership,2025-04-30,No,Without Offers,Both,Mobile_Data,02:40:31,21,413.47,20167.5,5.0,505.5,Yes,No,Yes,No Information Available,Poor Customer Service
bba5f1a2c83231d8,34,M,City,Platinum Membership,2025-04-30,Yes,Without Offers,Desktop,Mobile_Data,06:40:29,13,110.85,38879.77,19.0,708.96,Yes,No,Yes,Unsolved,Too many ads
abec1c7c853056f7,60,M,Town,Basic Membership,2025-04-30,Yes,Without Offers,Smartphone,Fiber_Optic,00:19:21,19,31.17,6361.51,10.0,557.68,Yes,No,No,Not Applicable,Too many ads
9d9d8c506d3b60a4,32,F,Town,Premium Membership,2025-04-30,Yes,Gift Vouchers/Coupons,Desktop,Wi-Fi,08:21:20,8,95.38,29681.02,20.0,727.52,Yes,No,No,Not Applicable,No reason specified
baaa992ac35c3fa7,58,M,,No Membership,2025-04-30,No,Credit/Debit Card Offers,Desktop,Mobile_Data,00:07:07,5,0.0,17434.51,17.0,627.26,Yes,No,Yes,No Information Available,Too many ads
bed59fac52eea36d,39,M,Town,Silver Membership,2025-04-30,,Credit/Debit Card Offers,Desktop,Fiber_Optic,17:35:54,20,141.68,5761.66,12.0,772.64,No,Yes,Yes,No Information Available,Poor Product Quality
be580a31d4f4f504,61,M,,No Membership,2025-04-30,Yes,Gift Vouchers/Coupons,Smartphone,Mobile_Data,10:43:31,11,141.19,12085.59,17.0,708.32,No,Yes,No,Not Applicable,Poor Product Quality
b4eed8f8a28d0b9f,19,F,City,Silver Membership,2025-04-30,Yes,Credit/Debit Card Offers,Smartphone,Fiber_Optic,21:24:23,-999,235.88,49724.93,40.045593604537466,777.77,Yes,Yes,Yes,Unsolved,Poor Customer Service
9d9eef3119894425,27,M,,Premium Membership,2025-04-30,Yes,Gift Vouchers/Coupons,,Mobile_Data,09:12:37,20,78.63,31774.0,11.0,706.42,Yes,No,Yes,Solved,Poor Website
8958e6f893dd2cff,22,F,,Platinum Membership,2025-04-30,No,Without Offers,Smartphone,Wi-Fi,00:48:57,14,216.48,15653.36,14.0,729.61,No,Yes,Yes,Solved,Too many ads
a4861d3fe84265d3,15,M,City,Platinum Membership,2025-04-30,No,Without Offers,Smartphone,Mobile_Data,23:37:02,7,68.08,37932.28,7.0,1073.608423284148,No,Yes,Yes,Solved,Poor Customer Service
bec722cf1a9c4016,19,F,Village,No Membership,2025-04-30,Yes,Gift Vouchers/Coupons,Desktop,Wi-Fi,02:50:54,9,216.58,36830.82,13.0,708.59,No,Yes,No,Not Applicable,Poor Product Quality
b1c8f025a8a805aa,36,M,Town,Basic Membership,2025-04-30,Yes,Credit/Debit Card Offers,Smartphone,Wi-Fi,02:28:20,10,195.06,40800.04,6.0,713.54,Yes,No,Yes,Solved,Too many ads
ad1f1dd8a9030258,44,F,City,Platinum Membership,2025-04-30,,Credit/Debit Card Offers,Smartphone,Fiber_Optic,17:49:38,8,67.6,12155.6,18.0,782.46,Yes,No,Yes,Solved in Follow-up,Products always in Stock
b5ec6d95134a0025,18,M,Town,Premium Membership,2025-04-30,No,Gift Vouchers/Coupons,Desktop,Mobile_Data,10:40:12,14,130.26,35285.73,12.0,809.19,No,Yes,No,Not Applicable,User Friendly Website
90119f14b94b802c,26,F,Town,Silver Membership,2025-04-30,,Gift Vouchers/Coupons,Desktop,Wi-Fi,07:30:56,11,0.0,37981.67,28.0,0.0,No,Yes,No,Not Applicable,No reason specified
8997631eade03e61,36,F,Town,Gold Membership,2025-04-30,Yes,Credit/Debit Card Offers,Desktop,Mobile_Data,06:38:34,17,31.39,34145.8,7.0,512.8188245291836,Yes,No,Yes,Solved in Follow-up,Poor Customer Service
95b15b8d6e82a96f,42,M,,Basic Membership,2025-04-30,No,Gift Vouchers/Coupons,,Fiber_Optic,21:17:11,24,31.93,45804.0,28.0,500.55,No,Yes,Yes,Solved,Poor Product Quality
bedf43fd82061f0c,61,F,Town,Basic Membership,2025-04-30,Yes,Without Offers,Desktop,Fiber_Optic,19:05:47,-999,607.01,6065.19,17.0,1085.5681144702962,No,Yes,Yes,Solved in Follow-up,Poor Website
9f4f9ee1ef2a065a,16,F,Town,Platinum Membership,2025-04-30,Yes,Gift Vouchers/Coupons,Smartphone,Fiber_Optic,10:30:24,6,221.35,44206.89,20.0,769.97,Yes,No,No,Not Applicable,Poor Product Quality
9dc2789e2aed6266,20,M,City,Gold Membership,2025-04-30,No,Without Offers,Smartphone,Mobile_Data,17:38:13,1,48.47,30211.58,13.0,718.66,No,Yes,Yes,Unsolved,Poor Customer Service
b714c7efca619d49,21,M,City,Gold Membership,2025-04-30,Yes,Credit/Debit Card Offers,Desktop,Mobile_Data,13:00:30,4,2101.622393395206,15043.92,21.0,715.59,Yes,No,No,Not Applicable,Too many ads
b0345604ca9e93d3,16,M,Town,Gold Membership,2025-04-30,Yes,Credit/Debit Card Offers,Smartphone,Fiber_Optic,02:08:59,13,1043.6808602479111,29152.79,27.0,318.04578501735284,No,Yes,Yes,Solved in Follow-up,Poor Customer Service
8ed6c80d0af725cd,61,F,Town,Silver Membership,2025-04-30,,Without Offers,Desktop,Fiber_Optic,05:53:37,10,1641.2753161880894,49574.43,10.0,601.71,No,Yes,Yes,Solved,Too many ads
9c78fa016c072643,14,M,City,Basic Membership,2025-04-30,Yes,Without Offers,Smartphone,Fiber_Optic,15:52:31,12,55.08,27729.64,14.0,676.6,No,Yes,Yes,No Information Available,Too many ads
84e70f1f449c24c1,31,F,City,No Membership,2025-04-30,Yes,Without Offers,Desktop,Fiber_Optic,22:53:31,11,33.21,37978.13,26.0,618.06,Yes,No,No,Not Applicable,Poor Product Quality
a38803edcf6d95ec,12,M,Town,Premium Membership,2025-04-30,No,Without Offers,Desktop,Fiber_Optic,03:30:14,6,30.53,6220.95,16.0,753.25,Yes,No,No,Not Applicable,Reasonable Price
bd8c29329a04ecf7,52,M,Town,Silver Membership,2025-04-30,No,Credit/Debit Card Offers,Smartphone,Fiber_Optic,01:57:00,22,178.3,27434.04,0.0,621.42,Yes,No,Yes,Solved in Follow-up,Too many ads
a77714b51b15316b,39,M,Village,Gold Membership,2025-04-30,No,Without Offers,Desktop,Mobile_Data,02:02:33,12,311.07,73493.61,5.0,766.98,Yes,Yes,No,Not Applicable,User Friendly Website
918b4fdf8831b2f4,10,M,Town,Gold Membership,2025-04-30,Yes,Without Offers,Smartphone,Fiber_Optic,08:11:19,17,831.74,26761.75,0.0,1164.8547301805886,Yes,No,No,Not Applicable,Poor Customer Service
a752e144d2913bf4,12,F,Village,No Membership,2025-04-30,Yes,Gift Vouchers/Coupons,Desktop,Mobile_Data,06:36:56,16,194.34,36333.77,17.0,1092.800905817527,Yes,No,No,Not Applicable,Too many ads
a99aa25fa5ff300b,15,M,Town,Gold Membership,2025-04-30,Yes,Credit/Debit Card Offers,Desktop,Wi-Fi,02:00:23,12,134.86,10628.42,14.0,736.71,Yes,No,Yes,Solved in Follow-up,Poor Customer Service
86b874b6b7eefa01,35,M,City,Platinum Membership,2025-04-30,No,Without Offers,Smartphone,Wi-Fi,09:04:36,20,98.36,42658.79,0.0,770.67,No,Yes,No,Not Applicable,Poor Product Quality
82bef62e03a41488,24,M,Town,No Membership,2025-04-30,No,Credit/Debit Card Offers,Smartphone,Fiber_Optic,13:40:02,9,123.84,4486.95,28.0,631.57,No,Yes,Yes,Solved,Poor Product Quality
b9d642a393898c20,38,M,City,Premium Membership,2025-04-30,Yes,Without Offers,,Fiber_Optic,15:21:07,6,660.41,23437.91,29.0,766.2,Yes,Yes,Yes,Solved,Poor Product Quality
89e215483d83c4e6,10,F,City,No Membership,2025-04-30,Yes,Without Offers,Desktop,Fiber_Optic,04:58:14,16,102.65,42606.44,16.0,633.1,Yes,No,Yes,Solved,Poor Product Quality
9b8a56e6b61ba25d,46,F,Town,No Membership,2025-04-30,No,Credit/Debit Card Offers,Smartphone,Wi-Fi,09:52:27,17,33.95,29385.18,18.0,0.0,No,Yes,No,Not Applicable,Too many ads
9980993a82cf6b38,58,M,City,Silver Membership,2025-04-30,No,Without Offers,Smartphone,Mobile_Data,15:29:40,17,141.53,29343.11,23.0,709.77,Yes,No,No,Not Applicable,Poor Website
b7b62ee95b314cfb,50,M,City,Silver Membership,2025-04-30,Yes,Without Offers,Smartphone,Wi-Fi,14:49:50,18,33.87,47268.13,29.0,633.17,Yes,No,No,Not Applicable,Too many ads
b30982d6a682a5cf,54,F,City,Premium Membership,2025-04-30,No,Credit/Debit Card Offers,Smartphone,Wi-Fi,07:50:20,11,34.1,23699.77,10.0,0.0,No,Yes,No,Not Applicable,Poor Website
8167abaf2aa186e9,63,F,Town,Basic Membership,2025-04-30,Yes,Gift Vouchers/Coupons,Smartphone,Wi-Fi,06:32:30,15,786.33,41992.01,21.0,201.5099224153318,Yes,No,Yes,No Information Available,No reason specified
b12fd4325b495fcd,27,F,,No Membership,2025-04-30,Yes,Gift Vouchers/Coupons,Smartphone,Mobile_Data,00:58:29,19,178.79,33330.83,19.0,540.88,No,Yes,No,Not Applicable,Poor Customer Service
979ca13052cc1bbf,40,M,City,Gold Membership,2025-04-30,Yes,Gift Vouchers/Coupons,Smartphone,Wi-Fi,06:23:38,10,247.45,80308.95,1.0,708.99,Yes,Yes,No,Not Applicable,Reasonable Price
918c33c196cde19c,40,F,Village,Platinum Membership,2025-04-30,Yes,Gift Vouchers/Coupons,Desktop,Mobile_Data,21:38:53,14,51.56,30596.16,12.0,753.6,No,Yes,Yes,Solved in Follow-up,Quality Customer Care
aa3d21331576ea72,57,F,City,Gold Membership,2025-04-30,,Without Offers,Smartphone,Mobile_Data,15:48:27,2,270.35,36061.62,18.0,606.56,Yes,No,Yes,Solved,Poor Customer Service
b6c02ccc66ee121a,52,F,City,Gold Membership,2025-04-30,No,Gift Vouchers/Coupons,Smartphone,Mobile_Data,13:24:47,13,149.56,11215.96,0.0,945.750064032512,No,Yes,Yes,No Information Available,Poor Website
a616208def54f9f9,52,F,City,Premium Membership,2025-04-30,No,Credit/Debit Card Offers,Smartphone,Wi-Fi,15:19:49,19,150.73,40063.81,29.0,750.2,No,Yes,No,Not Applicable,Poor Customer Service
bc25cc1655a63edf,47,F,City,Silver Membership,2025-04-30,No,Without Offers,Desktop,Mobile_Data,05:51:32,13,32.64,12323.63,13.0,707.52,Yes,No,No,Not Applicable,Poor Website
8aff41e0c18f2672,59,M,,Basic Membership,2025-04-30,Yes,Gift Vouchers/Coupons,Desktop,Mobile_Data,07:13:56,18,32.91,22215.56,18.0,0.0,Yes,No,No,Not Applicable,Poor Website
8d9a9cc6e18ccb21,15,F,Town,Platinum Membership,2025-04-30,No,Gift Vouchers/Coupons,Smartphone,Wi-Fi,05:36:15,6,1153.9823568161455,49052.21,5.0,337.95280455903537,Yes,No,No,Not Applicable,Poor Customer Service
a7d1e9f74f3bcf0a,15,M,Town,Basic Membership,2025-04-30,Yes,Without Offers,Both,Wi-Fi,08:26:11,9,259.89,7129.06,10.0,640.4,No,Yes,Yes,No Information Available,Too many ads
929708866ad274bb,64,F,Town,Platinum Membership,2025-04-30,,Credit/Debit Card Offers,Desktop,Fiber_Optic,20:21:50,17,31.11,27541.31,9.0,700.23,No,Yes,Yes,Unsolved,Poor Customer Service
803eccc2d642e8d6,28,F,City,Basic Membership,2025-04-30,,Credit/Debit Card Offers,Smartphone,Wi-Fi,12:52:37,20,99.12,36466.55,26.0,0.0,No,Yes,Yes,Solved in Follow-up,Poor Product Quality
8d2312543505bc49,17,F,,Basic Membership,2025-04-30,Yes,Credit/Debit Card Offers,Smartphone,Fiber_Optic,04:37:12,15,563.93,8422.67,20.0,682.73,Yes,No,No,Not Applicable,Poor Customer Service
8ee11b140033d799,22,F,City,Platinum Membership,2025-04-30,Yes,Credit/Debit Card Offers,Smartphone,Fiber_Optic,18:05:25,4,119.32,30341.03,29.0,780.61,Yes,No,Yes,Solved,Poor Website
8a0631515af48a09,39,F,,Basic Membership,2025-04-30,No,Without Offers,Desktop,Mobile_Data,23:41:16,20,42.09,29227.14,18.0,691.94,No,Yes,Yes,Solved,Poor Customer Service
be9a0959ada80534,50,M,Village,Basic Membership,2025-04-30,No,Credit/Debit Card Offers,Desktop,Mobile_Data,06:52:04,2,401.49,6572.63,23.0,0.0,Yes,No,Yes,Unsolved,No reason specified
a6d71d394fb8b151,55,M,Village,Gold Membership,2025-04-30,No,Without Offers,Desktop,Wi-Fi,13:27:32,13,47.46,49294.87,27.0,663.83,Yes,No,Yes,Unsolved,Poor Customer Service
9f5bb1935a71e12d,40,F,Town,No Membership,2025-04-30,Yes,Credit/Debit Card Offers,,Mobile_Data,09:20:20,12,90.97,3973.76,7.0,0.0,Yes,No,Yes,Solved in Follow-up,No reason specified
a8ad3a8d80d83994,25,F,City,No Membership,2025-04-30,No,Without Offers,Desktop,Fiber_Optic,23:18:47,20,176.21,3884.14,0.0,217.9551780086369,No,Yes,Yes,Solved,Too many ads
b8ec240a4c669c47,51,M,Village,Platinum Membership,2025-04-30,Yes,Gift Vouchers/Coupons,Smartphone,Wi-Fi,19:55:17,8,141.03,3369.91,19.0,794.96,Yes,No,Yes,No Information Available,Reasonable Price
b33a29daa825ea3a,24,M,,Basic Membership,2025-04-30,Yes,Without Offers,Desktop,Mobile_Data,10:36:38,10,73.88,6525.45,18.0,1145.1429717378,No,Yes,No,Not Applicable,Poor Product Quality
b259e2439a6ea36c,31,F,Village,No Membership,2025-04-30,No,Credit/Debit Card Offers,Smartphone,Mobile_Data,17:32:44,4,34.16,23646.56,28.0,641.95,No,Yes,No,Not Applicable,Poor Product Quality
9a0b58f921f2aa3d,61,F,City,No Membership,2025-04-30,Yes,Credit/Debit Card Offers,Smartphone,Mobile_Data,17:46:16,16,0.0,2886.27,18.0,73.77232965713392,No,Yes,Yes,Solved in Follow-up,No reason specified
98795d64dbd2d7e3,49,M,City,Gold Membership,2025-04-30,No,Credit/Debit Card Offers,Smartphone,Fiber_Optic,14:16:39,12,34.0,42551.18,7.0,0.0,Yes,No,Yes,No Information Available,No reason specified
94ba16205d2414d9,14,F,City,Gold Membership,2025-04-30,No,Without Offers,Desktop,Fiber_Optic,01:59:53,16,223.96,48721.72,28.0,645.61,Yes,Yes,Yes,Solved,Poor Website
be93dd18206a3e4c,43,M,,No Membership,2025-04-30,Yes,Without Offers,,Wi-Fi,02:38:19,4,352.04,23206.53,15.0,948.4926391560488,Yes,No,No,Not Applicable,Poor Customer Service
a0847726edc9284f,26,F,Town,Basic Membership,2025-04-30,Yes,Without Offers,Smartphone,Mobile_Data,15:01:00,15,81.69,33181.09,0.0,506.75,Yes,No,No,Not Applicable,Poor Product Quality
9881cd6972472b35,25,M,City,Gold Membership,2025-04-30,No,Gift Vouchers/Coupons,Desktop,Fiber_Optic,23:28:25,24,370.95,33470.9,6.0,687.14,Yes,No,No,Not Applicable,No reason specified
b92ac02968781205,42,F,,Platinum Membership,2025-04-30,No,Without Offers,Both,Fiber_Optic,00:09:09,11,356.92,25555.86,21.0,768.79,Yes,No,No,Not Applicable,Too many ads
9a1953a7e11f187c,44,F,,Silver Membership,2025-04-30,Yes,Gift Vouchers/Coupons,Desktop,Wi-Fi,12:24:48,22,150.18,16189.46,6.0,0.0,Yes,No,Yes,Solved in Follow-up,Poor Customer Service
866a362e69f838be,34,M,,Premium Membership,2025-04-30,No,Credit/Debit Card Offers,Smartphone,Wi-Fi,10:47:41,-999,210.19,11035.19,27.0,0.0,Yes,No,No,Not Applicable,Poor Customer Service
8a5799cd8ec44e08,50,M,,Premium Membership,2025-04-30,No,Gift Vouchers/Coupons,Smartphone,Wi-Fi,10:34:43,13,1231.8628378748806,42226.3,4.0,343.2327987491631,Yes,No,Yes,Solved,Reasonable Price
bc5063a5d1dd37cf,58,F,Village,No Membership,2025-04-30,No,Gift Vouchers/Coupons,Smartphone,Mobile_Data,03:56:16,23,33.63,17577.98,5.0,0.0,Yes,No,Yes,Solved,Poor Customer Service
8a1bed5c1bca7e91,16,F,City,Gold Membership,2025-04-30,No,Gift Vouchers/Coupons,,Wi-Fi,22:54:48,8,133.36,21896.63,13.0,644.25,Yes,No,No,Not Applicable,No reason specified
904715eac3698b6e,21,F,City,Platinum Membership,2025-04-30,No,Without Offers,Desktop,Fiber_Optic,13:45:01,7,1118.3815714092614,94394.7,18.0,357.07622192449134,No,Yes,No,Not Applicable,Quality Customer Care
97b56aa47edbf1b9,43,F,,No Membership,2025-04-30,Yes,Credit/Debit Card Offers,Smartphone,Fiber_Optic,19:58:12,16,102.42,32841.53,24.0,639.62,Yes,No,Yes,Unsolved,Too many ads
80ef4e822cdc21f5,27,F,City,Silver Membership,2025-04-30,,Gift Vouchers/Coupons,Desktop,Mobile_Data,20:49:56,11,30.02,6148.71,16.0,710.72,Yes,No,No,Not Applicable,Poor Website
928a504b1ad19889,64,M,City,No Membership,2025-04-30,No,Credit/Debit Card Offers,Both,Wi-Fi,07:17:45,17,366.2,2509.45,5.0,308.29644977050594,No,Yes,No,Not Applicable,No reason specified
a44596226b50cc27,13,M,Town,Basic Membership,2025-04-30,No,Credit/Debit Card Offers,Smartphone,Wi-Fi,23:21:44,22,115.76,2775.62,24.0,537.24,No,Yes,Yes,Unsolved,Too many ads
81c5a28a73837e55,58,M,Village,Silver Membership,2025-04-30,No,Gift Vouchers/Coupons,Desktop,Fiber_Optic,21:37:11,3,40.58,38159.09,6.0,645.2,Yes,No,No,Not Applicable,Too many ads
ad7f69a5449277e7,25,M,Town,Premium Membership,2025-04-30,No,Credit/Debit Card Offers,Desktop,Fiber_Optic,21:58:28,13,468.56,88417.92,17.0,378.2030490548783,Yes,Yes,No,Not Applicable,User Friendly Website
82639ebf26d5a539,63,F,City,Gold Membership,2025-04-30,No,Gift Vouchers/Coupons,Smartphone,Mobile_Data,21:55:43,14,93.14,11218.61,26.0,762.01,Yes,No,No,Not Applicable,Poor Product Quality
acb6bb08c2ddbe59,63,F,Town,No Membership,2025-04-30,,Credit/Debit Card Offers,,Wi-Fi,23:14:09,-999,112.79,31730.92,5.0,678.26,No,Yes,No,Not Applicable,No reason specified
ab92ab9ea666c696,15,M,Village,Basic Membership,2025-04-30,No,Without Offers,Desktop,Fiber_Optic,11:38:27,21,36.56,45383.31,17.0,668.65,Yes,No,No,Not Applicable,Too many ads
8742ddc754b4d7f6,15,F,Town,No Membership,2025-04-30,Yes,Without Offers,Desktop,Fiber_Optic,00:20:22,2,164.08,7874.78,15.0,0.0,No,Yes,No,Not Applicable,Too many ads
a54b2e77bfc13556,26,M,City,Basic Membership,2025-04-30,Yes,Gift Vouchers/Coupons,Smartphone,Mobile_Data,07:26:42,21,34.41,9116.83,22.0,701.86,No,Yes,No,Not Applicable,Poor Product Quality
b55425a6bf4eb6e8,27,M,Town,Gold Membership,2025-04-30,No,Without Offers,Smartphone,Mobile_Data,09:41:19,5,105.31,10192.82,5.0,771.01,Yes,No,Yes,Unsolved,Poor Website
8f6b15affc8d42c7,15,F,Town,Basic Membership,2025-04-30,,Gift Vouchers/Coupons,Desktop,Fiber_Optic,21:27:15,8,408.35,33386.35,26.0,628.93,Yes,No,Yes,Unsolved,Poor Website
8ae52719150bb84c,23,M,Town,No Membership,2025-04-30,No,Gift Vouchers/Coupons,Smartphone,Wi-Fi,05:54:20,22,153.8,2062.76,0.0,663.05,Yes,No,Yes,Unsolved,Poor Website
ac2ede0cf9e3b87e,20,F,Town,Platinum Membership,2025-04-30,No,Without Offers,Smartphone,Mobile_Data,06:12:59,21,0.0,47923.26,28.0,952.1618044792508,Yes,No,Yes,Solved,Poor Product Quality
b9baf7febd2d2ee0,36,M,Town,No Membership,2025-04-30,Yes,Credit/Debit Card Offers,Smartphone,Fiber_Optic,21:25:02,24,160.56,45307.55,12.0,644.57,No,Yes,Yes,Unsolved,Poor Customer Service
aed4b0dc0f7d22e0,49,M,Town,Basic Membership,2025-04-30,No,Gift Vouchers/Coupons,Smartphone,Mobile_Data,01:13:28,5,195.79,26702.98,27.0,657.91,No,Yes,No,Not Applicable,Poor Website
a463d7ff9384020b,46,M,Village,Gold Membership,2025-04-30,,Credit/Debit Card Offers,Smartphone,Fiber_Optic,05:13:27,15,135.87,18820.01,10.0,220.0084234306297,No,Yes,Yes,Solved,Poor Website
b242b93e311f0e57,58,F,Town,No Membership,2025-04-30,No,Without Offers,Both,Wi-Fi,17:19:02,10,452.12,15825.83,7.0,647.31,No,Yes,Yes,Solved in Follow-up,Poor Product Quality
b88aec0807f89261,14,F,Village,Gold Membership,2025-04-30,,Credit/Debit Card Offers,,Fiber_Optic,00:55:06,19,185.65,31230.92,15.0,0.0,No,Yes,No,Not Applicable,Too many ads
