age,gender,region_category,membership_category,joining_date,joined_through_referral,preferred_offer_types,medium_of_operation,internet_option,recency,avg_time_spent,monetary,frequency,points_in_wallet,used_special_discount,offer_application_preference,past_complaint,complaint_status,feedback,tenure_months,visit_hour,login_spend_ratio,login_transaction_ratio,user_id,churn_risk_score
30.0,M,Town,Platinum Membership,2025-04-01,No,Without Offers,Desktop,Mobile_Data,22.0,78.44,32884.42,0.0,509.8132468073549,No,Yes,No,Not Applicable,Poor Customer Service,-11,12,0.0,0.0,8956766f385e2ac1,
27.0,F,Town,Basic Membership,2025-04-01,Yes,Gift Vouchers/Coupons,Desktop,Fiber_Optic,15.0,277.58,48599.35,16.0,655.24,No,Yes,No,Not Applicable,Poor Website,-11,21,17.34875,0.00032922251017760524,88f0d57d62d2bfe1,
35.0,F,City,Silver Membership,2025-04-01,No,Credit/Debit Card Offers,Desktop,Wi-Fi,23.0,290.44,50492.72,9.0,740.43,Yes,Yes,Yes,No Information Available,Quality Customer Care,-11,22,32.27111111111111,0.00017824351708523525,8e6ad754abe36339,
60.0,F,Town,Basic Membership,2025-04-01,Yes,Credit/Debit Card Offers,Smartphone,Mobile_Data,9.0,52.93000000000001,33975.93,25.0,696.44,No,Yes,No,Not Applicable,Poor Website,-11,10,2.1172000000000004,0.0007358150314060571,873291626d308f97,
27.0,F,City,Premium Membership,2025-04-01,No,Gift Vouchers/Coupons,Smartphone,Wi-Fi,14.0,33.31999999999999,3758.579999999998,17.0,0.0,No,Yes,No,Not Applicable,Poor Website,-11,13,1.9599999999999995,0.004522984744238518,80a5321f0c946f95,
20.0,F,City,Gold Membership,2025-04-01,No,Credit/Debit Card Offers,Desktop,Fiber_Optic,13.0,85.01,22072.08,16.0,1100.8215731028636,No,Yes,Yes,Unsolved,Poor Customer Service,-11,1,5.313125,0.0007248976988122551,9d739894210a7a30,
53.0,M,City,Platinum Membership,2025-04-01,No,Credit/Debit Card Offers,Smartphone,Fiber_Optic,11.0,215.35,38094.27,17.0,753.38,No,Yes,No,Not Applicable,User Friendly Website,-11,3,12.66764705882353,0.00044626134061631845,be3eaa63146e6eb5,
59.0,M,Town,Basic Membership,2025-04-01,No,Without Offers,Desktop,Mobile_Data,7.0,328.11,22603.99,5.517470005708095,563.14,No,Yes,Yes,Solved,Poor Website,-11,11,59.46747325505241,0.0002440927467101204,94348b926925fb67,
51.0,M,Town,Platinum Membership,2025-04-01,Yes,Gift Vouchers/Coupons,Desktop,Fiber_Optic,10.0,150.77,5247.039999999997,11.0,710.35,Yes,No,No,Not Applicable,No reason specified,-11,11,13.706363636363637,0.0020964200768433263,93a7eaa0246a32a5,
23.0,M,City,No Membership,2025-04-01,No,Without Offers,Desktop,Wi-Fi,11.0,320.59,22112.71,0.0,613.08,No,Yes,No,Not Applicable,No reason specified,-11,3,0.0,0.0,8e44378944cb5238,
38.0,F,Village,Basic Membership,2025-04-01,Yes,Gift Vouchers/Coupons,Smartphone,Mobile_Data,7.0,193.33,45097.34,20.0,670.43,No,Yes,Yes,No Information Available,Poor Product Quality,-11,18,9.666500000000001,0.00044348513681738216,8c4029738c825c86,
48.0,M,City,Premium Membership,2025-04-01,No,Gift Vouchers/Coupons,Smartphone,Fiber_Optic,24.0,0.0,36916.84,0.0,798.88,Yes,No,Yes,No Information Available,No reason specified,-11,22,0.0,0.0,a888a74ad243df2a,
19.0,F,Town,Silver Membership,2025-04-01,Yes,Gift Vouchers/Coupons,Desktop,Mobile_Data,-999.0,490.92999999999995,44981.05,19.0,726.4,No,Yes,No,Not Applicable,Reasonable Price,-11,4,25.838421052631578,0.00042240009959749715,9c9bf0d7f90b621e,
36.0,M,City,Basic Membership,2025-04-01,Yes,Gift Vouchers/Coupons,Smartphone,Mobile_Data,-999.0,102.34,2280.079999999998,26.0,0.0,Yes,No,Yes,Solved,Too many ads,-11,17,3.936153846153846,0.011403108662853944,86fa42bc251ca8d8,
18.0,M,Town,Premium Membership,2025-04-01,No,Gift Vouchers/Coupons,Smartphone,Mobile_Data,12.0,31.120000000000005,27798.14,26.0,0.0,Yes,No,Yes,No Information Available,Poor Product Quality,-11,0,1.1969230769230772,0.0009353143771489747,92c727bb39f94d98,
21.0,M,Town,Gold Membership,2025-04-01,Yes,Credit/Debit Card Offers,Desktop,Fiber_Optic,14.0,128.6,48923.42,8.0,743.49,No,Yes,No,Not Applicable,Poor Website,-11,1,16.075,0.000163520865875689,992d3e93f6737649,
58.0,F,Town,No Membership,2025-04-01,Yes,Credit/Debit Card Offers,Desktop,Wi-Fi,2.0,531.14,4839.439999999999,29.0,690.56,No,Yes,No,Not Applicable,Too many ads,-11,23,18.315172413793103,0.0059924288760683075,be46b6e99b9e1b59,
21.0,F,Town,Gold Membership,2025-04-01,Yes,Credit/Debit Card Offers,Both,Mobile_Data,14.0,539.29,10658.57,29.0,739.55,No,Yes,No,Not Applicable,No reason specified,-11,7,18.596206896551724,0.0027208152688400038,bc4ae05566c5237b,
10.0,M,City,Basic Membership,2025-04-01,No,Without Offers,Both,Wi-Fi,9.0,280.64,12650.34,26.0,616.64,No,Yes,No,Not Applicable,Poor Website,-11,22,10.793846153846154,0.002055280727632617,984ce7515b2546df,
58.0,F,City,Platinum Membership,2025-04-01,Yes,Gift Vouchers/Coupons,Desktop,Fiber_Optic,6.0,40.359999999999985,48521.6,29.0,351.48910981382306,No,Yes,No,Not Applicable,Poor Website,-11,7,1.3917241379310339,0.0005976719646507947,9ad0b597a3b2bf2d,
56.0,F,Town,No Membership,2025-04-01,Yes,Credit/Debit Card Offers,Smartphone,Mobile_Data,9.0,184.31,44615.42,7.0,87.16561857109343,Yes,No,No,Not Applicable,Too many ads,-11,18,26.330000000000002,0.00015689642728904042,be9a1866d2dba682,
15.0,M,City,Gold Membership,2025-04-01,No,Without Offers,Desktop,Mobile_Data,13.0,32.359999999999985,8346.98,16.0,721.74,Yes,No,No,Not Applicable,Poor Customer Service,-11,18,2.022499999999999,0.001916860948510719,85b174d4a4c522af,
46.0,M,City,Gold Membership,2025-04-01,No,Without Offers,Desktop,Mobile_Data,19.000000000000014,30.840000000000003,31397.39,22.0,787.41,No,Yes,Yes,Unsolved,Too many ads,-11,13,1.401818181818182,0.0007006951851730351,80d9154f7c759c32,
36.0,F,City,No Membership,2025-04-01,Yes,Credit/Debit Card Offers,Desktop,Fiber_Optic,9.0,60.77000000000001,34085.4,20.0,638.35,Yes,No,Yes,Solved,Poor Customer Service,-11,22,3.0385000000000004,0.0005867614873230181,83c048041534ec25,
16.0,M,City,Premium Membership,2025-04-01,No,Gift Vouchers/Coupons,Smartphone,Fiber_Optic,11.0,133.67,40054.53,14.0,762.25,Yes,No,Yes,Solved in Follow-up,Poor Customer Service,-11,14,9.547857142857142,0.0003495235120721676,a5f6704b528ee362,
23.0,M,Village,No Membership,2025-04-01,Yes,Credit/Debit Card Offers,Both,Mobile_Data,-999.0,303.01,9478.259999999998,29.0,682.06,No,Yes,Yes,No Information Available,Poor Product Quality,-11,5,10.448620689655172,0.00305963330822324,b4d51e7a01787ffc,
63.0,F,Village,Premium Membership,2025-04-01,No,Without Offers,Smartphone,Wi-Fi,8.000000000000014,336.95,3480.599999999995,18.0,738.48,Yes,No,Yes,Unsolved,No reason specified,-11,13,18.719444444444445,0.005171522151353223,aaa8b3942c220cbe,
39.0,F,City,Basic Membership,2025-04-01,Yes,Gift Vouchers/Coupons,Smartphone,Wi-Fi,-999.0,271.69,36480.35,28.0,542.33,Yes,No,No,Not Applicable,Too many ads,-11,1,9.703214285714285,0.0007675364956750689,b1a96975fa60fa67,
44.0,M,Town,No Membership,2025-04-01,Yes,Credit/Debit Card Offers,Smartphone,Wi-Fi,-999.0,166.42,24867.06,18.0,511.56,No,Yes,No,Not Applicable,No reason specified,-11,8,9.245555555555555,0.000723849140187863,87de1db617b51845,
11.0,F,City,Gold Membership,2025-04-01,Yes,Credit/Debit Card Offers,Desktop,Wi-Fi,14.0,31.03,39142.96,23.0,0.0,Yes,No,Yes,Solved in Follow-up,Poor Website,-11,21,1.3491304347826087,0.0005875896968445922,87c24adc681b56d4,
21.0,F,City,Gold Membership,2025-04-01,No,Without Offers,Desktop,Wi-Fi,22.0,158.44,22197.25,22.0,714.65,No,Yes,Yes,No Information Available,Poor Customer Service,-11,12,7.201818181818182,0.0009911137640923988,80440ea39d9a7910,
29.0,M,City,Gold Membership,2025-04-01,No,Credit/Debit Card Offers,Both,Wi-Fi,5.0,469.41999999999996,9845.95,0.0,1186.6849724789886,No,Yes,Yes,Unsolved,Products always in Stock,-11,8,0.0,0.0,a37a90cc223aa38e,
16.0,M,City,No Membership,2025-04-01,Yes,Credit/Debit Card Offers,Desktop,Mobile_Data,9.0,422.18,29752.62,19.0,674.5,No,Yes,Yes,No Information Available,No reason specified,-11,12,22.22,0.0006385992225222518,a85c4d132f43192c,
31.0,F,Village,No Membership,2025-04-01,Yes,Gift Vouchers/Coupons,Desktop,Mobile_Data,21.0,176.58,43484.41,18.0,563.29,No,Yes,Yes,Solved in Follow-up,No reason specified,-11,14,9.81,0.00041394145625984113,861f2f1151388f74,
53.0,F,City,Platinum Membership,2025-04-01,No,Without Offers,Smartphone,Fiber_Optic,20.0,257.86,19231.65,6.0,297.78376401370264,No,Yes,No,Not Applicable,No reason specified,-11,13,42.97666666666667,0.0003119857110544337,994ae07f8d0bf14a,
63.0,M,Village,No Membership,2025-04-01,No,Without Offers,Smartphone,Fiber_Optic,18.0,33.49000000000001,4177.139999999999,41.18518620779164,634.22,No,Yes,Yes,Unsolved,Too many ads,-11,8,0.8131564546298977,0.00985966144486219,9c12652c5b268528,
37.0,M,Village,Gold Membership,2025-04-01,No,Without Offers,Desktop,Fiber_Optic,2.0,0.0,9144.309999999998,11.0,783.49,No,Yes,No,Not Applicable,Quality Customer Care,-11,16,0.0,0.0012029338462934878,bf6458f5d6d6601a,
36.0,M,City,Platinum Membership,2025-04-01,Yes,Credit/Debit Card Offers,Desktop,Mobile_Data,17.0,89.92,1023.380000000001,14.0,758.4,No,Yes,Yes,Solved,User Friendly Website,-11,13,6.422857142857143,0.013680157908108411,a1aaf0dcf03fe99a,
35.0,F,City,Silver Membership,2025-04-01,No,Without Offers,Desktop,Fiber_Optic,17.0,281.91,3630.170000000002,24.0,786.03,Yes,Yes,No,Not Applicable,Poor Product Quality,-11,12,11.746250000000002,0.006611260629667478,a22822781ed85719,
15.0,F,Town,Platinum Membership,2025-04-01,Yes,Without Offers,Smartphone,Mobile_Data,11.0,237.94,35855.42,12.0,0.0,Yes,No,Yes,Solved,Poor Customer Service,-11,12,19.828333333333333,0.0003346774350990729,b768c81f1d317e64,
24.0,F,Village,Silver Membership,2025-04-01,No,Credit/Debit Card Offers,Smartphone,Mobile_Data,16.0,1155.3878352761217,20181.05,16.0,647.04,Yes,No,Yes,Unsolved,Poor Customer Service,-11,11,72.2117397047576,0.0007928229700635002,b7ca97c840128740,
34.0,M,Village,Premium Membership,2025-04-01,No,Gift Vouchers/Coupons,Desktop,Mobile_Data,13.0,33.120000000000005,67700.94,12.0,0.0,Yes,No,Yes,No Information Available,Reasonable Price,-11,6,2.7600000000000002,0.00017725012385352403,b6356476a24eead5,
33.0,M,Town,Gold Membership,2025-04-01,Yes,Credit/Debit Card Offers,Desktop,Wi-Fi,4.0,69.48999999999998,34298.43,25.0,612.05,Yes,No,No,Not Applicable,Too many ads,-11,11,2.7795999999999994,0.0007288963372375937,9b8da34700cca6db,
27.0,F,Town,No Membership,2025-04-01,No,Without Offers,Desktop,Wi-Fi,5.0,31.75,4237.41,22.0,0.0,Yes,No,No,Not Applicable,Poor Product Quality,-11,18,1.4431818181818181,0.005191850682374375,87557402f48315a4,
17.0,M,Town,Silver Membership,2025-04-01,Yes,Without Offers,Desktop,Wi-Fi,5.0,33.43000000000001,21898.71,27.0,621.76,Yes,No,No,Not Applicable,Poor Website,-11,9,1.2381481481481484,0.001232949338111697,b3560c3e69c1e793,
16.0,F,City,Basic Membership,2025-04-01,No,Credit/Debit Card Offers,Desktop,Mobile_Data,16.0,95.39,39943.83,16.0,536.21,No,Yes,Yes,Solved in Follow-up,Poor Website,-11,15,5.961875,0.00040056248987640895,879e8ab7809e5305,
58.0,F,Town,No Membership,2025-04-01,No,Without Offers,Desktop,Mobile_Data,3.0,64.85999999999999,7332.380000000001,16.0,0.0,Yes,No,No,Not Applicable,Poor Product Quality,-11,4,4.053749999999999,0.0021821018550593394,a5109d91d09f3f45,
21.0,F,Town,No Membership,2025-04-01,No,Credit/Debit Card Offers,Desktop,Wi-Fi,7.0,66.69,3017.1800000000003,8.0,698.62,No,Yes,No,Not Applicable,No reason specified,-11,11,8.33625,0.002651482510158492,a1feda60cfffe9fb,
26.0,F,Village,Platinum Membership,2025-04-01,No,Gift Vouchers/Coupons,Smartphone,Mobile_Data,11.0,178.64,68448.53,31.15237422179625,1385.7669867827676,Yes,No,No,Not Applicable,Reasonable Price,-11,10,5.7343943908779735,0.00045512115777791357,bece5418d2347bb6,
28.0,M,City,Platinum Membership,2025-04-01,No,Without Offers,Desktop,Mobile_Data,16.0,343.89,45754.57,53.08580673721301,771.0,No,Yes,Yes,No Information Available,Too many ads,-11,23,6.4780027117669094,0.001160229606293164,a6a9aeb175de2ad9,
15.0,F,City,Silver Membership,2025-04-01,No,Credit/Debit Card Offers,Smartphone,Fiber_Optic,21.0,54.18000000000001,10433.55,9.0,1170.2459253822076,Yes,No,Yes,No Information Available,Poor Product Quality,-11,23,6.0200000000000005,0.0008626018948488291,b59ca023191f0023,
60.0,F,City,No Membership,2025-04-01,Yes,Without Offers,Smartphone,Fiber_Optic,-999.0,34.19,27732.01,20.0,603.39,No,Yes,Yes,No Information Available,Poor Website,-11,9,1.7094999999999998,0.0007211882586224367,8290be7b933597b0,
16.0,F,Village,No Membership,2025-04-01,No,Gift Vouchers/Coupons,Desktop,Mobile_Data,17.0,37.390000000000015,3286.4799999999996,28.0,571.46,Yes,No,No,Not Applicable,Poor Customer Service,-11,2,1.3353571428571434,0.008519753657408535,b066ba501b99a5f2,
33.0,F,Town,Silver Membership,2025-04-01,No,Without Offers,Desktop,Mobile_Data,6.0,107.79,37443.51,13.0,762.94,No,Yes,Yes,Unsolved,Poor Customer Service,-11,14,8.291538461538462,0.00034718967319036063,a34098642bdd56f6,
43.0,F,Town,Premium Membership,2025-04-01,Yes,Gift Vouchers/Coupons,Desktop,Fiber_Optic,16.0,73.1,35896.43,12.0,783.58,Yes,No,No,Not Applicable,User Friendly Website,-11,19,6.091666666666666,0.00033429508171146824,94343321cdfba398,
16.0,M,City,Premium Membership,2025-04-01,Yes,Without Offers,Desktop,Mobile_Data,21.0,30.159999999999997,24504.25,9.0,707.65,No,Yes,Yes,Unsolved,Poor Website,-11,14,3.351111111111111,0.00036728322637909753,b065646d9c856277,
61.0,F,Town,No Membership,2025-04-01,Yes,Credit/Debit Card Offers,Desktop,Fiber_Optic,-999.0,65.68,37358.04,14.0,560.92,Yes,No,No,Not Applicable,Poor Customer Service,-11,18,4.691428571428572,0.00037475199448365064,8bc765fa1281e010,
10.0,M,Town,Gold Membership,2025-04-01,No,Gift Vouchers/Coupons,Desktop,Mobile_Data,12.0,139.94,14577.72,5.0,1019.6341509395488,No,Yes,Yes,Unsolved,No reason specified,-11,5,27.988,0.0003429891642863219,91045bcb83fe51b8,
33.0,M,Town,Basic Membership,2025-04-01,Yes,Without Offers,Both,Fiber_Optic,10.0,595.14,11790.57,26.0,624.8,Yes,No,Yes,Solved,No reason specified,-11,11,22.89,0.0022051520834022445,826a35c00c55a3fb,
44.0,F,Town,Premium Membership,2025-04-01,Yes,Gift Vouchers/Coupons,Desktop,Fiber_Optic,17.0,31.319999999999993,25992.1,6.0,797.52,Yes,No,Yes,Unsolved,Poor Product Quality,-11,4,5.219999999999999,0.0002308393704240904,b7560277fb9cf320,
58.0,F,City,Gold Membership,2025-04-01,No,Without Offers,Desktop,Wi-Fi,-999.0,155.61,21994.44,37.68112236711109,741.04,No,Yes,Yes,No Information Available,Poor Website,-11,18,4.129654060830732,0.0017132112646246547,b8aae09ccce7721a,
64.0,M,Town,Platinum Membership,2025-04-01,Yes,Credit/Debit Card Offers,Desktop,Wi-Fi,1.0,584.53,91096.02000000002,12.0,753.5,Yes,Yes,No,Not Applicable,Reasonable Price,-11,17,48.71083333333333,0.00013172913591614647,91faabf06ebc260e,
25.0,M,Town,Gold Membership,2025-04-01,No,Credit/Debit Card Offers,Desktop,Fiber_Optic,7.0,351.52,44656.2,7.0,0.0,Yes,No,No,Not Applicable,Reasonable Price,-11,15,50.21714285714285,0.000156753149618642,86ca613947e25195,
32.0,F,City,Basic Membership,2025-04-01,Yes,Credit/Debit Card Offers,Smartphone,Fiber_Optic,24.0,1306.2617685131806,31828.89,10.0,0.0,Yes,No,Yes,Unsolved,No reason specified,-11,10,130.62617685131806,0.0003141799792578378,9fdd3943ad58470e,
37.0,F,Town,Premium Membership,2025-04-01,Yes,Gift Vouchers/Coupons,Desktop,Mobile_Data,4.0,129.21,73308.73,15.0,773.91,Yes,No,No,Not Applicable,Reasonable Price,-11,11,8.614,0.0002046141025768691,99a4a8ab33fa269d,
28.0,M,Town,Basic Membership,2025-04-01,Yes,Without Offers,Smartphone,Mobile_Data,5.0,859.76,47622.59,18.0,541.33,No,Yes,Yes,Unsolved,Too many ads,-11,10,47.76444444444444,0.00037797188267164807,95328fda70624458,
51.0,F,Town,Platinum Membership,2025-04-01,No,Gift Vouchers/Coupons,Both,Mobile_Data,10.0,371.88,30158.99,11.0,0.0,No,Yes,No,Not Applicable,Reasonable Price,-11,14,33.807272727272725,0.0003647336996364931,888232c469b61cea,
38.0,F,City,Silver Membership,2025-04-01,No,Without Offers,Smartphone,Mobile_Data,20.0,137.84,27971.52,19.0,212.5628205750064,No,Yes,No,Not Applicable,Poor Customer Service,-11,12,7.254736842105263,0.0006792623354040109,827ec3ce4589ddf4,
42.0,M,City,Premium Membership,2025-04-01,No,Gift Vouchers/Coupons,Smartphone,Wi-Fi,6.0,103.75,35914.16,11.0,810.32,No,Yes,No,Not Applicable,Reasonable Price,-11,15,9.431818181818182,0.00030628587721388996,ab6943458230e8fe,
15.0,F,Town,Platinum Membership,2025-04-01,Yes,Gift Vouchers/Coupons,Smartphone,Mobile_Data,4.0,33.79999999999998,46618.39,29.0,752.66,Yes,No,Yes,No Information Available,No reason specified,-11,4,1.1655172413793098,0.0006220721050212159,bb8ce9994f473b94,
39.0,M,City,No Membership,2025-04-01,Yes,Gift Vouchers/Coupons,Smartphone,Wi-Fi,10.0,734.25,19722.67,19.0,515.32,Yes,Yes,No,Not Applicable,Poor Product Quality,-11,14,38.64473684210526,0.0009633584093837194,8429dec823daebac,
60.0,F,Town,Platinum Membership,2025-04-01,Yes,Gift Vouchers/Coupons,Desktop,Fiber_Optic,22.0,53.77000000000001,65171.649999999994,17.0,764.31,No,Yes,No,Not Applicable,Quality Customer Care,-11,20,3.162941176470589,0.00026084961789367005,ba19d2a33eb08a21,
44.0,M,Town,Basic Membership,2025-04-01,No,Gift Vouchers/Coupons,Smartphone,Fiber_Optic,22.0,0.0,49456.07,0.0,565.84,No,Yes,No,Not Applicable,Poor Website,-11,15,0.0,0.0,89c99fbc3be156a6,
42.0,F,City,Basic Membership,2025-04-01,No,Credit/Debit Card Offers,Smartphone,Wi-Fi,16.0,31.49000000000001,22956.56,8.0,504.89,Yes,No,Yes,No Information Available,No reason specified,-11,11,3.936250000000001,0.00034848426767773564,9f7afda9767bdad9,
21.0,M,City,Gold Membership,2025-04-01,Yes,Credit/Debit Card Offers,Desktop,Fiber_Optic,16.0,33.79999999999998,30950.48,13.0,699.11,Yes,No,No,Not Applicable,No reason specified,-11,21,2.5999999999999988,0.0004200257960458125,a42ca2588cfaa1c7,
30.0,M,City,No Membership,2025-04-01,Yes,Without Offers,Desktop,Fiber_Optic,15.0,349.02,20103.58,6.0,651.18,Yes,No,No,Not Applicable,Poor Product Quality,-11,10,58.169999999999995,0.00029845430515360944,b944277ccf58f3a3,
58.0,M,City,Basic Membership,2025-04-01,Yes,Credit/Debit Card Offers,Desktop,Wi-Fi,19.000000000000014,0.0,7614.880000000001,29.0,202.31792577918804,Yes,No,No,Not Applicable,Poor Customer Service,-11,5,0.0,0.0038083331582375556,a594feaffc78b36b,
59.0,F,Town,Silver Membership,2025-04-01,Yes,Without Offers,Desktop,Wi-Fi,12.0,62.91,17743.730000000003,5.0,715.84,Yes,No,Yes,No Information Available,Poor Product Quality,-11,4,12.581999999999999,0.0002817896800729046,a1a7c5ca940f8ce0,
21.0,F,Village,Platinum Membership,2025-04-01,No,Gift Vouchers/Coupons,Desktop,Mobile_Data,22.0,33.91,74321.1,18.0,751.58,Yes,No,No,Not Applicable,Products always in Stock,-11,20,1.8838888888888887,0.0002421923249252231,a19d80ff9a7491ba,
59.0,M,City,No Membership,2025-04-01,Yes,Credit/Debit Card Offers,Desktop,Fiber_Optic,9.0,41.16999999999999,7884.240000000002,26.0,0.0,No,Yes,Yes,Unsolved,Poor Website,-11,4,1.583461538461538,0.003297717979158422,bfa6bd111bd5f765,
35.0,F,Town,No Membership,2025-04-01,Yes,Credit/Debit Card Offers,Smartphone,Mobile_Data,12.0,43.629999999999995,45358.08,23.0,598.59,No,Yes,No,Not Applicable,No reason specified,-11,18,1.8969565217391302,0.0005070761372615419,9901b51883da7d24,
31.0,F,Village,Premium Membership,2025-04-01,No,Without Offers,Desktop,Mobile_Data,8.000000000000014,186.68,6720.970000000001,10.0,722.44,Yes,No,Yes,Solved,Poor Website,-11,2,18.668,0.0014878804696345912,a966f78d4543446f,
49.0,M,City,Silver Membership,2025-04-01,No,Credit/Debit Card Offers,Smartphone,Fiber_Optic,16.0,243.58,42784.18,20.0,675.24,Yes,No,No,Not Applicable,No reason specified,-11,19,12.179,0.0004674625060010499,9b742fc8da67bc4b,
15.0,M,Town,Silver Membership,2025-04-01,Yes,Without Offers,Smartphone,Wi-Fi,14.0,143.88,26396.9,23.0,770.28,Yes,No,No,Not Applicable,Too many ads,-11,17,6.2556521739130435,0.0008713144346495232,9687c75fef1adc2c,
29.0,M,Town,Premium Membership,2025-04-01,Yes,Without Offers,Both,Wi-Fi,9.0,222.9,3444.3499999999985,22.0,702.84,No,Yes,No,Not Applicable,No reason specified,-11,8,10.131818181818183,0.0063872719090684775,8c8d2d1b2bf89516,
42.0,F,City,Silver Membership,2025-04-01,Yes,Without Offers,Desktop,Fiber_Optic,10.0,171.83,99455.79,17.0,759.55,No,Yes,Yes,No Information Available,User Friendly Website,-11,5,10.107647058823531,0.00017093021934670672,8af6bb04368eee5a,
64.0,F,City,Gold Membership,2025-04-01,No,Without Offers,Smartphone,Fiber_Optic,22.0,168.76,22163.6,5.0,731.54,No,Yes,Yes,Solved,Products always in Stock,-11,20,33.751999999999995,0.00022559511992636578,98dcb02548793ef2,
52.0,M,City,Gold Membership,2025-04-01,Yes,Gift Vouchers/Coupons,Smartphone,Wi-Fi,18.0,34.849999999999994,25748.05,16.0,0.0,No,Yes,Yes,Solved in Follow-up,No reason specified,-11,10,2.1781249999999996,0.0006214062812523667,a4ee271f43686d0e,
51.0,M,Village,Gold Membership,2025-04-01,Yes,Gift Vouchers/Coupons,Desktop,Fiber_Optic,7.0,115.56,24767.14,14.0,756.12,Yes,No,No,Not Applicable,Poor Website,-11,1,8.254285714285714,0.0005652651052967763,a85511b417927b63,
45.0,M,City,Gold Membership,2025-04-01,No,Without Offers,Smartphone,Mobile_Data,20.0,38.68000000000001,38584.55,3.0000000000000018,806.81,Yes,No,Yes,No Information Available,Quality Customer Care,-11,23,12.893333333333327,7.775132792788828e-05,92e364a21edec883,
62.0,M,City,Silver Membership,2025-04-01,Yes,Without Offers,Desktop,Wi-Fi,11.0,150.77,46973.57,29.0,763.25,No,Yes,No,Not Applicable,Too many ads,-11,9,5.19896551724138,0.0006173684478314082,be4e792b4d4d7fd8,
22.0,M,Town,No Membership,2025-04-01,Yes,Credit/Debit Card Offers,Smartphone,Fiber_Optic,18.0,36.52000000000001,41719.64,27.0,676.75,Yes,No,Yes,Unsolved,Poor Product Quality,-11,2,1.352592592592593,0.0006471772047889195,841d2fa7a29fc44f,
31.0,F,City,Platinum Membership,2025-04-01,No,Credit/Debit Card Offers,Desktop,Fiber_Optic,4.0,1406.77,21986.89,14.0,760.58,Yes,No,Yes,Unsolved,Poor Customer Service,-11,11,100.48357142857142,0.0006367430773520039,89cad17187598b1b,
60.0,F,City,Basic Membership,2025-04-01,No,Credit/Debit Card Offers,Desktop,Fiber_Optic,5.0,182.33,13149.630000000001,18.0,179.80609257683108,No,Yes,No,Not Applicable,Poor Customer Service,-11,10,10.129444444444445,0.0013688598082227407,b881df9ae17966ca,
23.0,M,City,Silver Membership,2025-04-01,No,Without Offers,Desktop,Wi-Fi,25.0,83.14,48979.72,8.0,739.53,No,Yes,No,Not Applicable,Poor Customer Service,-11,8,10.3925,0.00016333290594556276,aaab7d7246bbba6c,
61.0,M,Town,Premium Membership,2025-04-01,No,Gift Vouchers/Coupons,Desktop,Fiber_Optic,20.0,33.629999999999995,16374.149999999998,0.0,759.14,Yes,No,Yes,No Information Available,Poor Website,-11,21,0.0,0.0,9965f2d539033a19,
57.0,F,Town,Platinum Membership,2025-04-01,Yes,Gift Vouchers/Coupons,Desktop,Wi-Fi,10.0,113.78,41352.5,11.0,740.85,No,Yes,Yes,Unsolved,Poor Customer Service,-11,22,10.343636363636364,0.00026600568284867906,83bf9873a841b9af,
28.0,M,City,No Membership,2025-04-01,Yes,Without Offers,Desktop,Mobile_Data,23.0,32.66,42666.23,26.0,567.24,No,Yes,No,Not Applicable,Too many ads,-11,9,1.256153846153846,0.0006093812366360936,93d0d550e45931cb,
59.0,M,Village,Gold Membership,2025-04-02,No,Gift Vouchers/Coupons,Desktop,Mobile_Data,5.0,1428.6383487535693,87961.45,0.0,219.52119100448795,Yes,Yes,Yes,Unsolved,Products always in Stock,-11,14,0.0,0.0,b8b332d81c029053,
35.0,M,City,Basic Membership,2025-04-02,Yes,Credit/Debit Card Offers,Desktop,Wi-Fi,13.0,1047.6963557304111,19529.71,9.0,709.71,Yes,No,Yes,Unsolved,Poor Customer Service,-11,22,116.41070619226791,0.0004608363360234228,a081c20a4640fdc3,
14.0,F,Town,Premium Membership,2025-04-02,No,Gift Vouchers/Coupons,Both,Fiber_Optic,5.0,406.14,81072.20999999999,17.0,846.58,Yes,Yes,Yes,Solved in Follow-up,Products always in Stock,-11,5,23.890588235294118,0.00020968960880676625,9f323e557738cc27,
49.0,F,Town,Platinum Membership,2025-04-02,No,Without Offers,Smartphone,Mobile_Data,14.0,110.39000000000001,35786.66,13.0,788.96,Yes,No,Yes,No Information Available,Too many ads,-11,7,8.491538461538463,0.00036326385306703667,8de94e3b07bdf084,
23.0,M,Town,Gold Membership,2025-04-02,No,Gift Vouchers/Coupons,Smartphone,Fiber_Optic,20.0,62.130000000000024,23404.51,15.0,611.72,Yes,No,No,Not Applicable,No reason specified,-11,9,4.142000000000001,0.0006409021167287844,87b69be686d08219,
45.0,F,Town,Basic Membership,2025-04-02,Yes,Credit/Debit Card Offers,Smartphone,Fiber_Optic,8.0,1675.34,40126.57,0.0,655.41,Yes,No,No,Not Applicable,Poor Product Quality,-11,1,0.0,0.0,91596601266a39bc,
55.0,F,Town,No Membership,2025-04-02,Yes,Gift Vouchers/Coupons,Desktop,Fiber_Optic,20.0,48.21999999999997,27331.14,0.0,519.57,No,Yes,No,Not Applicable,Poor Product Quality,-11,9,0.0,0.0,b9167afa07550cc3,
10.0,F,Village,Premium Membership,2025-04-02,No,Without Offers,Desktop,Wi-Fi,8.0,114.94999999999999,88054.16,10.0,357.63290500031235,Yes,No,No,Not Applicable,Quality Customer Care,-11,21,11.495,0.00011356646863702975,94597783543433ba,
60.0,F,City,Gold Membership,2025-04-02,No,Gift Vouchers/Coupons,Desktop,Wi-Fi,16.0,83.07999999999998,20658.87,17.0,712.32,No,Yes,No,Not Applicable,Poor Customer Service,-11,16,4.887058823529411,0.0008228910874602532,87bb6477d2ee090f,
40.0,F,City,No Membership,2025-04-02,Yes,Gift Vouchers/Coupons,Smartphone,Fiber_Optic,10.0,685.34,45850.85,19.0,581.4677191613781,No,Yes,Yes,Unsolved,No reason specified,-11,18,36.07052631578947,0.00041438708333651396,94684153fb0a5fdc,
11.0,M,Town,Gold Membership,2025-04-02,Yes,Gift Vouchers/Coupons,Desktop,Wi-Fi,-999.0,126.30000000000004,11211.420000000002,21.0,795.59,Yes,No,Yes,Solved in Follow-up,Poor Product Quality,-11,10,6.014285714285716,0.0018730901170413736,aabd0063baec107a,
14.0,F,Village,Silver Membership,2025-04-02,No,Gift Vouchers/Coupons,Smartphone,Fiber_Optic,-999.0,58.170000000000016,42861.47,6.0,693.03,Yes,No,Yes,No Information Available,Poor Customer Service,-11,7,9.695000000000002,0.00013998586609372007,a9be40449654643f,
10.0,M,Town,Premium Membership,2025-04-02,No,Without Offers,Smartphone,Fiber_Optic,14.0,122.56,28671.29,36.978170089547746,718.18,No,Yes,Yes,Solved in Follow-up,Too many ads,-11,19,3.314387913279755,0.001289728159756598,840a6e8ecb54ab78,
18.0,F,Village,No Membership,2025-04-02,No,Credit/Debit Card Offers,Desktop,Mobile_Data,20.0,69.74000000000001,11662.380000000001,15.0,603.98,Yes,No,Yes,Solved in Follow-up,Too many ads,-11,20,4.649333333333334,0.0012861868675176078,980affd509076313,
10.0,M,City,No Membership,2025-04-02,Yes,Credit/Debit Card Offers,Desktop,Wi-Fi,21.999999999999993,31.230000000000018,4597.48,13.0,0.0,No,Yes,Yes,Solved,Too many ads,-11,8,2.402307692307694,0.0028276360092920473,83caeba58ae765df,
37.0,F,Village,Silver Membership,2025-04-02,Yes,Gift Vouchers/Coupons,Desktop,Mobile_Data,16.0,589.78,15372.61,25.0,761.99,No,Yes,No,Not Applicable,Poor Website,-11,6,23.5912,0.0016262690590602377,b07c4fce720eb745,
33.0,F,City,Platinum Membership,2025-04-02,Yes,Credit/Debit Card Offers,Desktop,Mobile_Data,8.0,307.04,12323.61,0.0,734.28,No,Yes,Yes,Solved,Too many ads,-11,3,0.0,0.0,ada43af60db61dbf,
18.0,M,Town,Platinum Membership,2025-04-02,Yes,Credit/Debit Card Offers,Desktop,Mobile_Data,7.0,644.68,44819.67,5.000000000000001,727.62,No,Yes,Yes,No Information Available,Poor Website,-11,15,128.93599999999998,0.00011155816185170487,97589b07774d5da7,
46.0,M,City,Premium Membership,2025-04-02,Yes,Gift Vouchers/Coupons,Smartphone,Mobile_Data,17.0,58.39999999999998,7599.670000000002,0.0,1131.5636878363257,Yes,No,No,Not Applicable,Poor Website,-11,20,0.0,0.0,a0d7225825900930,
42.0,M,Town,Silver Membership,2025-04-02,No,Credit/Debit Card Offers,Smartphone,Wi-Fi,7.0,31.120000000000005,13906.13,13.0,618.22,Yes,No,Yes,No Information Available,Poor Customer Service,-11,0,2.3938461538461544,0.0009348395276040136,90771f3299aef796,
13.0,F,Town,Premium Membership,2025-04-02,Yes,Without Offers,Smartphone,Fiber_Optic,8.0,63.77000000000001,26452.01,28.0,377.0341154916396,No,Yes,Yes,Unsolved,Poor Website,-11,15,2.2775000000000003,0.001058520694646645,b6c0d987ed463df3,
33.0,M,Town,Silver Membership,2025-04-02,No,Gift Vouchers/Coupons,Smartphone,Mobile_Data,14.0,236.68,36547.06,6.0,675.12,Yes,No,Yes,Solved in Follow-up,No reason specified,-11,10,39.446666666666665,0.00016417189234920677,8f1c1b19ea7245a0,
46.0,F,City,No Membership,2025-04-02,Yes,Credit/Debit Card Offers,Desktop,Mobile_Data,6.0,883.6400000000001,35069.02,15.0,615.43,Yes,No,Yes,Solved in Follow-up,No reason specified,-11,1,58.90933333333334,0.0004277279490558904,8e5e748368d73d97,
53.0,M,City,Basic Membership,2025-04-02,Yes,Credit/Debit Card Offers,Desktop,Wi-Fi,15.0,390.96,39568.09,12.0,661.95,Yes,No,Yes,Solved in Follow-up,Too many ads,-11,11,32.58,0.0003032746842215533,bf8be08f4091b8c2,
33.0,F,Town,Silver Membership,2025-04-02,Yes,Credit/Debit Card Offers,Desktop,Fiber_Optic,12.0,1363.055390063853,33225.07,5.000000000000001,624.46,Yes,No,No,Not Applicable,Poor Product Quality,-11,6,272.6110780127706,0.0001504887724841513,a5e5fd80d7b39a2b,
60.0,F,City,Basic Membership,2025-04-02,No,Gift Vouchers/Coupons,Smartphone,Fiber_Optic,8.0,221.82,5154.639999999999,6.0,580.87,Yes,No,Yes,Unsolved,Poor Product Quality,-11,6,36.97,0.0011639998137600298,936ee2ed6ff2da65,
38.0,F,Town,Silver Membership,2025-04-02,No,Without Offers,Desktop,Fiber_Optic,16.0,936.125161328928,39972.67,21.0,766.01,No,Yes,No,Not Applicable,Poor Website,-11,16,44.57738863471086,0.0005253589515036149,86b3d0b018dc7923,
15.0,M,City,Silver Membership,2025-04-02,No,Credit/Debit Card Offers,Smartphone,Fiber_Optic,8.0,35.89999999999998,24840.58,0.0,700.26,Yes,No,Yes,Solved in Follow-up,User Friendly Website,-11,14,0.0,0.0,acb937133b03a94b,
44.0,F,Town,No Membership,2025-04-02,Yes,Without Offers,Both,Fiber_Optic,21.0,553.11,21688.06,15.0,708.55,No,Yes,Yes,Solved,Poor Customer Service,-11,11,36.874,0.000691624792627833,93893802ea4634cd,
22.0,F,City,Premium Membership,2025-04-02,Yes,Gift Vouchers/Coupons,Desktop,Fiber_Optic,16.0,49.110000000000014,14274.28,17.0,0.0,Yes,No,Yes,Solved in Follow-up,Reasonable Price,-11,15,2.8888235294117655,0.0011909532389724736,b3f43d989d5be8ff,
15.0,F,City,Gold Membership,2025-04-02,Yes,Credit/Debit Card Offers,Both,Fiber_Optic,6.0,291.84,31726.13,1.01534857628004,604.01,Yes,Yes,Yes,No Information Available,Too many ads,-11,11,287.428383530336,3.200354333415516e-05,b5ebbb7c786493cf,
53.0,F,City,Premium Membership,2025-04-02,No,Gift Vouchers/Coupons,Desktop,Wi-Fi,18.0,172.99,9044.149999999998,8.0,763.14,Yes,No,Yes,Solved in Follow-up,Products always in Stock,-11,21,21.62375,0.0008845496812856932,b3d6debe51e8daef,
37.0,M,City,No Membership,2025-04-02,No,Without Offers,Desktop,Fiber_Optic,23.0,311.26,1439.829999999998,0.0,0.0,Yes,No,Yes,Solved,Poor Product Quality,-11,2,0.0,0.0,b6a2e952bf777cc3,
46.0,F,Town,Premium Membership,2025-04-02,Yes,Gift Vouchers/Coupons,Smartphone,Fiber_Optic,14.0,80.10000000000002,35914.04,13.0,1123.6029889387771,Yes,No,No,Not Applicable,No reason specified,-11,11,6.161538461538464,0.0003619754279941772,9a54f27ab8da42d5,
30.0,F,City,Basic Membership,2025-04-02,Yes,Without Offers,Desktop,Fiber_Optic,21.999999999999993,896.9200000000001,19135.87,23.0,609.7,Yes,Yes,Yes,No Information Available,Poor Customer Service,-11,1,38.996521739130436,0.0012019312422168421,9196b199a68dc48e,
38.0,F,City,No Membership,2025-04-02,No,Gift Vouchers/Coupons,Desktop,Fiber_Optic,6.0,32.74000000000001,44063.91,6.0,659.68,No,Yes,Yes,Solved,Poor Customer Service,-11,2,5.456666666666668,0.00013616585545858276,83a39014f5111185,
11.0,F,Village,Basic Membership,2025-04-02,Yes,Credit/Debit Card Offers,Desktop,Wi-Fi,11.0,163.7,37806.2,25.0,672.56,No,Yes,No,Not Applicable,Poor Website,-11,3,6.547999999999999,0.0006612671995598606,aca20cb9ef68d428,
17.0,M,Town,Platinum Membership,2025-04-02,Yes,Credit/Debit Card Offers,Smartphone,Fiber_Optic,13.0,32.81999999999999,44541.94,13.0,729.53,Yes,No,Yes,No Information Available,Too many ads,-11,5,2.5246153846153843,0.000291859761833454,a50e0f9d90d5ece9,
41.0,F,Town,Gold Membership,2025-04-02,No,Without Offers,Desktop,Mobile_Data,13.0,144.09,5521.170000000002,24.0,626.71,Yes,No,No,Not Applicable,Poor Product Quality,-11,16,6.00375,0.004346904732149163,b37392e851e3bcef,
33.0,M,Town,Basic Membership,2025-04-02,Yes,Without Offers,Desktop,Wi-Fi,8.0,735.51,19532.68,5.000000000000001,683.91,Yes,Yes,No,Not Applicable,No reason specified,-11,22,147.10199999999998,0.00025598125807620875,b357dcdc665c9b7a,
17.0,M,Town,No Membership,2025-04-02,Yes,Credit/Debit Card Offers,Smartphone,Fiber_Optic,-999.0,232.24,1872.5899999999965,13.0,377.4664121266218,No,Yes,No,Not Applicable,No reason specified,-11,14,17.864615384615384,0.006942256446953164,8cc52ef5470524b3,
22.0,F,Town,Basic Membership,2025-04-02,No,Credit/Debit Card Offers,Desktop,Mobile_Data,4.0,372.01,14435.1,10.0,687.79,Yes,No,Yes,Solved,Too many ads,-11,15,37.201,0.0006927558520550602,804c2ba65fa98255,
14.0,M,Town,Basic Membership,2025-04-02,Yes,Gift Vouchers/Coupons,Both,Wi-Fi,8.0,1079.68,29599.46,0.0,0.0,No,Yes,No,Not Applicable,Too many ads,-11,19,0.0,0.0,9e1365dfef2d419a,
16.0,F,Town,Silver Membership,2025-04-02,No,Gift Vouchers/Coupons,Desktop,Mobile_Data,17.0,85.37,36034.86,24.0,624.91,No,Yes,Yes,Solved,Poor Website,-11,21,3.5570833333333334,0.000666021735619342,ab3285576e367414,
52.0,F,City,Premium Membership,2025-04-02,Yes,Without Offers,Desktop,Mobile_Data,11.0,43.20999999999998,46106.44,10.0,727.14,No,Yes,No,Not Applicable,No reason specified,-11,2,4.320999999999998,0.00021688944104120812,8e27160a5d2e07f5,
55.0,F,City,Silver Membership,2025-04-02,No,Without Offers,Smartphone,Wi-Fi,3.0,926.9501749589272,30036.46,25.0,0.0,Yes,No,No,Not Applicable,Poor Website,-11,4,37.07800699835709,0.0008323217849240557,94a1cc4a4e4c8978,
48.0,M,City,No Membership,2025-04-02,Yes,Credit/Debit Card Offers,Smartphone,Wi-Fi,18.999999999999993,144.23,49930.68,23.0,653.21,No,Yes,Yes,Solved in Follow-up,Poor Website,-11,13,6.2708695652173905,0.0004606386293957943,92c6e485749e51d0,
27.0,F,Village,Silver Membership,2025-04-02,No,Gift Vouchers/Coupons,Desktop,Mobile_Data,9.0,56.04000000000002,42309.95,5.000000000000001,396.87168329063866,No,Yes,No,Not Applicable,Quality Customer Care,-11,17,11.208000000000002,0.00011817551190677374,b60ef689be1a8408,
30.0,M,Town,No Membership,2025-04-02,Yes,Without Offers,Desktop,Mobile_Data,10.0,0.0,32057.77,21.0,672.66,Yes,No,No,Not Applicable,No reason specified,-11,0,0.0,0.0006550673986368983,bad82c659c5c4d25,
40.0,M,Town,Silver Membership,2025-04-02,No,Credit/Debit Card Offers,Desktop,Fiber_Optic,4.0,142.45,10950.48,17.0,703.9,No,Yes,No,Not Applicable,Too many ads,-11,20,8.379411764705882,0.001552443363213302,8be0463a1872f37e,
31.0,M,City,Platinum Membership,2025-04-02,No,Credit/Debit Card Offers,Desktop,Wi-Fi,21.0,395.94,78980.02,2.0,775.36,Yes,Yes,No,Not Applicable,Products always in Stock,-11,3,197.97,2.532286013601921e-05,8c5f5a84453c7c51,
36.0,F,City,Platinum Membership,2025-04-02,Yes,Credit/Debit Card Offers,Desktop,Mobile_Data,12.0,186.47,25766.42,25.0,0.0,Yes,No,No,Not Applicable,Poor Customer Service,-11,14,7.4588,0.0009702550839425889,b5215c8d41632750,
16.0,F,Town,Silver Membership,2025-04-02,No,Without Offers,Desktop,Mobile_Data,7.0,131.17,16773.64,10.0,726.97,Yes,No,No,Not Applicable,Poor Customer Service,-11,20,13.116999999999999,0.0005961735198800022,90f262964428f2c0,
55.0,F,City,No Membership,2025-04-02,No,Without Offers,Smartphone,Mobile_Data,4.0,55.329999999999984,18386.79,24.0,594.41,No,Yes,No,Not Applicable,Poor Website,-11,4,2.305416666666666,0.0013052849355433983,ac0a63f8d5081efb,
43.0,M,City,Silver Membership,2025-04-02,No,Gift Vouchers/Coupons,Desktop,Mobile_Data,10.0,89.63,38721.84,7.0,723.99,Yes,No,Yes,Solved in Follow-up,No reason specified,-11,22,12.804285714285713,0.00018077653334655586,9b1434b8fa5c9681,
20.0,M,City,Silver Membership,2025-04-02,No,Credit/Debit Card Offers,Both,Wi-Fi,9.0,390.27,90613.45,1.0,739.83,No,Yes,No,Not Applicable,Products always in Stock,-11,23,390.27,1.103588926367995e-05,95855d5faaec5716,
15.0,F,Village,Basic Membership,2025-04-02,No,Gift Vouchers/Coupons,Smartphone,Mobile_Data,7.0,320.01,16687.61,0.0,339.7624735895068,Yes,No,Yes,Unsolved,Poor Website,-11,2,0.0,0.0,8e18ce4b64c55025,
58.0,M,Town,Platinum Membership,2025-04-02,No,Gift Vouchers/Coupons,Desktop,Fiber_Optic,-999.0,0.0,17288.47,5.000000000000001,774.17,No,Yes,Yes,Solved in Follow-up,Too many ads,-11,19,0.0,0.0002892100920440039,a30d74e0bd40da5b,
38.0,M,Village,Platinum Membership,2025-04-02,Yes,Credit/Debit Card Offers,Both,Fiber_Optic,17.0,1541.426079908812,34856.5,2.0,503.9573528989724,No,Yes,No,Not Applicable,Products always in Stock,-11,2,770.713039954406,5.737810738312797e-05,987691d4c0918642,
62.0,M,City,Premium Membership,2025-04-02,No,Without Offers,Desktop,Fiber_Optic,17.0,279.6,25784.81,9.0,751.26,Yes,No,Yes,No Information Available,Poor Customer Service,-11,4,31.06666666666667,0.0003490427115809657,b8a766ef79371f7f,
52.0,M,City,Basic Membership,2025-04-02,No,Credit/Debit Card Offers,Desktop,Mobile_Data,21.999999999999993,0.0,13497.829999999998,0.0,670.08,Yes,No,No,Not Applicable,Poor Website,-11,21,0.0,0.0,ba450f7dc63da5ea,
25.0,F,City,Gold Membership,2025-04-02,Yes,Gift Vouchers/Coupons,Smartphone,Mobile_Data,18.999999999999993,44.55000000000001,17098.07,6.0,754.92,Yes,No,Yes,Solved,Too many ads,-11,22,7.425000000000002,0.0003509167993814507,af43a03bcd70a57c,
64.0,M,City,Basic Membership,2025-04-02,No,Gift Vouchers/Coupons,Desktop,Mobile_Data,16.0,298.96,39306.47,9.0,709.24,No,Yes,No,Not Applicable,Poor Website,-11,8,33.217777777777776,0.00022896993802801421,8af031b224cc10e6,
11.0,F,Village,Gold Membership,2025-04-02,No,Credit/Debit Card Offers,Desktop,Wi-Fi,10.0,274.08,25305.84,18.0,1034.2269286370151,Yes,Yes,Yes,Solved in Follow-up,Poor Website,-11,18,15.226666666666667,0.0007112982615870486,8dbfec3b0884f811,
20.0,M,Town,Silver Membership,2025-04-02,Yes,Gift Vouchers/Coupons,Smartphone,Wi-Fi,23.0,33.68000000000001,2170.7299999999996,19.0,749.31,No,Yes,Yes,Solved,No reason specified,-11,1,1.7726315789473688,0.00875281587300125,94efcfbb021f9086,
32.0,F,Town,Premium Membership,2025-04-02,No,Without Offers,Desktop,Wi-Fi,7.0,130.82,38744.18,19.0,742.79,No,Yes,Yes,Solved in Follow-up,Poor Product Quality,-11,22,6.8852631578947365,0.0004903962349958109,b86f58a9dff8d3d2,
36.0,F,City,Basic Membership,2025-04-02,No,Without Offers,Smartphone,Fiber_Optic,13.0,58.76999999999998,28257.55,19.0,609.25,Yes,No,No,Not Applicable,Poor Customer Service,-11,20,3.093157894736841,0.0006723866718806124,bcff5d767600e338,
56.0,F,Town,Premium Membership,2025-04-02,No,Gift Vouchers/Coupons,Both,Wi-Fi,11.0,1126.44,45504.53,8.0,742.43,No,Yes,No,Not Applicable,Products always in Stock,-11,8,140.805,0.00017580667243459057,96cda355abe01f62,
44.0,M,City,Premium Membership,2025-04-02,No,Credit/Debit Card Offers,Desktop,Wi-Fi,14.0,313.57,17823.47,12.0,0.0,Yes,No,Yes,Solved,Poor Customer Service,-11,9,26.13083333333333,0.0006732695709645764,86a68b121834c8fa,
10.0,M,City,Gold Membership,2025-04-02,Yes,Credit/Debit Card Offers,Smartphone,Wi-Fi,17.0,276.63,67699.68,38.1641498810461,714.27,Yes,Yes,No,Not Applicable,User Friendly Website,-11,12,7.248425573797097,0.0005637271827731845,9bdcde5ed99b9190,
14.0,M,Town,No Membership,2025-04-02,No,Without Offers,Smartphone,Mobile_Data,5.0,335.11,34844.14,22.0,0.0,Yes,No,Yes,No Information Available,No reason specified,-11,6,15.232272727272727,0.000631383067568894,bce035af5d7e1306,
38.0,M,City,Basic Membership,2025-04-02,Yes,Credit/Debit Card Offers,Smartphone,Mobile_Data,14.0,768.1699999999998,49180.95999999999,49.460681626892466,691.09,No,Yes,Yes,Solved in Follow-up,Too many ads,-11,9,15.530922234244645,0.0010056875999755286,a4f0d7eed6aefd70,
28.0,M,City,No Membership,2025-04-02,No,Credit/Debit Card Offers,Smartphone,Fiber_Optic,15.0,47.05000000000001,12363.990000000002,23.0,580.38,Yes,No,Yes,No Information Available,No reason specified,-11,10,2.045652173913044,0.0018602409092857563,bfa23b75a21f1e34,
56.0,M,City,No Membership,2025-04-02,No,Credit/Debit Card Offers,Desktop,Mobile_Data,17.0,182.26,24873.64,23.0,614.19,No,Yes,Yes,Solved,Poor Website,-11,22,7.924347826086956,0.0009246736706006841,8f2cedc30b993ba0,
51.0,F,Village,Premium Membership,2025-04-02,Yes,Gift Vouchers/Coupons,Both,Wi-Fi,10.0,298.48,22477.57,16.0,775.19,Yes,Yes,Yes,No Information Available,Products always in Stock,-11,2,18.655,0.0007118207172750436,97bf7c7b0528cef6,
56.0,M,Town,No Membership,2025-04-02,No,Without Offers,Smartphone,Wi-Fi,16.0,495.29,30275.99,0.0,690.33,Yes,No,No,Not Applicable,Poor Customer Service,-11,19,0.0,0.0,b42e2dce434932f8,
27.0,F,Town,Gold Membership,2025-04-02,Yes,Gift Vouchers/Coupons,Desktop,Mobile_Data,5.0,290.5,44429.79,12.0,710.77,No,Yes,Yes,Solved,Poor Website,-11,1,24.208333333333332,0.00027008905511369735,b762810741627a14,
61.0,F,Village,Basic Membership,2025-04-02,Yes,Credit/Debit Card Offers,Desktop,Mobile_Data,2.0,100.68999999999997,48929.68,0.0,559.54,No,Yes,Yes,Unsolved,Too many ads,-11,20,0.0,0.0,bddc60e2dbb46e3a,
14.0,M,Town,No Membership,2025-04-02,No,Gift Vouchers/Coupons,Desktop,Wi-Fi,15.0,307.37,41719.14,0.0,698.24,No,Yes,Yes,No Information Available,Poor Product Quality,-11,16,0.0,0.0,b183b834f3ac8f59,
13.0,M,Town,Silver Membership,2025-04-02,No,Without Offers,Smartphone,Wi-Fi,15.0,34.45999999999998,35096.12,13.0,1005.9080089268176,No,Yes,Yes,Solved,Poor Website,-11,6,2.650769230769229,0.0003704113161226939,8993b22e438201e2,
62.0,M,Town,Gold Membership,2025-04-02,Yes,Gift Vouchers/Coupons,Smartphone,Fiber_Optic,18.999999999999993,111.19999999999999,47165.29,6.0,786.09,Yes,No,No,Not Applicable,No reason specified,-11,16,18.53333333333333,0.0001272121935431755,b82129284010ba27,
58.0,F,City,Silver Membership,2025-04-02,No,Credit/Debit Card Offers,Desktop,Fiber_Optic,24.0,1036.0182538678066,21399.05,17.0,614.91,No,Yes,Yes,Solved,No reason specified,-11,17,60.94225022751804,0.0007944277900187158,9108eed90c32bdf7,
30.0,F,Town,Basic Membership,2025-04-02,No,Credit/Debit Card Offers,Smartphone,Wi-Fi,16.0,32.31,46963.13,14.0,0.0,Yes,No,Yes,No Information Available,Poor Website,-11,20,2.307857142857143,0.0002981061952216558,ad2497b58458ce05,
38.0,F,City,Premium Membership,2025-04-02,No,Without Offers,Both,Wi-Fi,12.0,745.9100000000001,35543.52,3.0,792.76,Yes,Yes,No,Not Applicable,Products always in Stock,-11,20,248.63666666666668,8.440357060865104e-05,be0244012222ab3a,
29.0,M,Town,Gold Membership,2025-04-02,Yes,Without Offers,Desktop,Wi-Fi,11.0,631.07,24828.53,18.0,0.0,No,Yes,Yes,Solved in Follow-up,Poor Product Quality,-11,17,35.059444444444445,0.0007249724409781812,8c89997a0fb3f211,
62.0,F,Village,Gold Membership,2025-04-02,No,Gift Vouchers/Coupons,Desktop,Wi-Fi,18.0,34.05000000000001,40297.28,6.0,674.32,No,Yes,Yes,Solved,No reason specified,-11,10,5.675000000000002,0.0001488934240722947,8f9b39d2ae15f00d,
38.0,F,Town,No Membership,2025-04-02,No,Without Offers,Desktop,Mobile_Data,4.0,33.39999999999998,29151.06,8.0,572.17,Yes,No,No,Not Applicable,Poor Website,-11,8,4.174999999999997,0.0002744325592276919,b90add02555e362b,
53.0,M,Town,Basic Membership,2025-04-02,Yes,Without Offers,Desktop,Fiber_Optic,15.0,1294.62,45881.59,12.213099180585456,664.91,Yes,Yes,Yes,Solved,No reason specified,-11,22,106.0025781218572,0.0002661873570768898,9c0c0da55e2cf7f1,
50.0,M,City,Silver Membership,2025-04-02,Yes,Gift Vouchers/Coupons,Smartphone,Wi-Fi,7.0,130.69,2075.7400000000016,19.0,633.14,No,Yes,No,Not Applicable,Too many ads,-11,6,6.8784210526315785,0.009153362174453441,8d005a19246d8ce8,
36.0,F,Town,Silver Membership,2025-04-02,No,Without Offers,Desktop,Fiber_Optic,9.0,0.0,10459.969999999998,29.0,697.68,Yes,No,Yes,No Information Available,Poor Customer Service,-11,19,0.0,0.0027724744908446206,814a1e3177b81e1f,
46.0,F,City,Premium Membership,2025-04-02,Yes,Credit/Debit Card Offers,Smartphone,Mobile_Data,16.0,174.66,31500.43,16.0,1257.3367386193231,No,Yes,Yes,No Information Available,Reasonable Price,-11,19,10.91625,0.0005079295742947001,9aac8d5be6658d03,
10.0,F,Town,No Membership,2025-04-02,Yes,Gift Vouchers/Coupons,Smartphone,Mobile_Data,6.0,117.04999999999998,27193.48,0.0,686.35,Yes,No,Yes,Solved in Follow-up,Too many ads,-11,22,0.0,0.0,b3e102c5d4cfdf39,
29.0,F,Town,No Membership,2025-04-02,No,Credit/Debit Card Offers,Desktop,Fiber_Optic,18.0,33.339999999999975,32717.97,28.0,598.52,No,Yes,Yes,Solved in Follow-up,No reason specified,-11,12,1.1907142857142847,0.0008557988163691084,9e236e5623e588f2,
43.0,M,City,Gold Membership,2025-04-02,Yes,Credit/Debit Card Offers,Desktop,Wi-Fi,6.0,331.95,1342.9599999999991,5.000000000000001,313.22537847342494,Yes,Yes,No,Not Applicable,Poor Customer Service,-11,15,66.38999999999999,0.0037231190802406657,81b451b700a9b6a5,
39.0,M,City,Gold Membership,2025-04-02,No,Gift Vouchers/Coupons,Desktop,Mobile_Data,15.0,118.65,15820.18,0.0,662.69,Yes,No,No,Not Applicable,Poor Customer Service,-11,5,0.0,0.0,a451f934552e0da0,
42.0,M,Town,Premium Membership,2025-04-02,No,Gift Vouchers/Coupons,Smartphone,Wi-Fi,10.0,209.01,22699.06,0.0,774.71,No,Yes,No,Not Applicable,Too many ads,-11,13,0.0,0.0,947f739c8719ae75,
24.0,M,Town,Premium Membership,2025-04-02,Yes,Gift Vouchers/Coupons,Desktop,Mobile_Data,16.0,42.420000000000016,34818.27,20.0,788.01,Yes,No,Yes,No Information Available,Poor Customer Service,-11,17,2.121000000000001,0.0005744110778622833,b88b2ec729557b61,
11.0,M,Town,Platinum Membership,2025-04-02,No,Without Offers,Desktop,Wi-Fi,8.0,250.37,63378.21000000001,7.0,788.05,Yes,No,No,Not Applicable,User Friendly Website,-11,10,35.76714285714286,0.00011044805462318988,a6d77061b330071a,
12.0,M,City,Basic Membership,2025-04-02,No,Without Offers,Smartphone,Wi-Fi,17.0,220.79,46865.43,5.000000000000001,664.21,Yes,Yes,No,Not Applicable,No reason specified,-11,11,44.15799999999999,0.00010668844818024717,97e8524dae565eea,
49.0,M,City,Premium Membership,2025-04-02,No,Without Offers,Desktop,Mobile_Data,12.0,0.0,32389.15,13.0,337.9500598508351,Yes,No,No,Not Applicable,User Friendly Website,-11,5,0.0,0.00040136897695678954,bdd1c7f6ea1be62f,
14.0,M,City,No Membership,2025-04-02,No,Credit/Debit Card Offers,Desktop,Fiber_Optic,14.0,194.07,23322.09,8.0,536.43,No,Yes,No,Not Applicable,Poor Product Quality,-11,16,24.25875,0.00034302243066551926,a92f1596d11ddcaa,
21.0,F,Town,Gold Membership,2025-04-02,Yes,Gift Vouchers/Coupons,Desktop,Wi-Fi,15.0,82.66,2285.7599999999984,26.0,741.66,Yes,No,No,Not Applicable,Poor Website,-11,13,3.1792307692307693,0.011374772504549917,9fc8bd4d1a9ab79e,
18.0,F,City,Gold Membership,2025-04-02,No,Without Offers,Both,Mobile_Data,21.0,466.01,21754.99,28.0,603.85,No,Yes,Yes,No Information Available,Too many ads,-11,3,16.643214285714286,0.001287061037490709,a5e3446981911b99,
32.0,M,City,No Membership,2025-04-02,Yes,Without Offers,Smartphone,Fiber_Optic,-999.0,31.350000000000023,9724.929999999997,0.0,647.96,No,Yes,Yes,Solved in Follow-up,Poor Customer Service,-11,22,0.0,0.0,9e1a469da512da26,
34.0,F,Town,No Membership,2025-04-02,Yes,Credit/Debit Card Offers,Desktop,Wi-Fi,14.0,134.97,1401.229999999996,22.0,220.6729494346955,No,Yes,No,Not Applicable,Poor Customer Service,-11,2,6.135,0.01570049171085408,be716b73bae504a2,
30.0,M,Town,Premium Membership,2025-04-02,No,Without Offers,Smartphone,Mobile_Data,12.0,0.0,41016.66,15.0,720.58,No,Yes,No,Not Applicable,Poor Website,-11,21,0.0,0.0003657050574083799,9161db09f56fee3c,
54.0,F,City,Premium Membership,2025-04-03,Yes,Credit/Debit Card Offers,Both,Mobile_Data,12.0,572.74,63738.23000000001,10.0,759.25,Yes,Yes,Yes,Solved,User Friendly Website,-11,23,57.274,0.0001568917116148346,96e6d80d14669cf9,
32.0,M,Town,No Membership,2025-04-03,Yes,Credit/Debit Card Offers,Smartphone,Wi-Fi,11.0,31.060000000000002,4803.350000000002,21.0,615.61,Yes,No,Yes,Solved,Poor Website,-11,13,1.4790476190476192,0.004371948744105674,8c0231fe299e631c,
52.0,F,Town,Platinum Membership,2025-04-03,No,Credit/Debit Card Offers,Desktop,Fiber_Optic,22.0,35.99999999999997,29221.25,28.0,757.9,No,Yes,Yes,Solved in Follow-up,Poor Website,-11,0,1.2857142857142847,0.0009582067844462505,8729b0e0f045eeac,
24.0,F,Town,Silver Membership,2025-04-03,No,Without Offers,Desktop,Wi-Fi,10.000000000000014,232.26,6179.920000000002,5.0,345.4267445552957,Yes,No,No,Not Applicable,No reason specified,-11,14,46.452,0.0008090719620965965,b6826739cb226259,
19.0,F,Town,No Membership,2025-04-03,Yes,Without Offers,Desktop,Mobile_Data,-999.0,31.75999999999999,44069.41,15.0,626.87,Yes,No,Yes,Solved in Follow-up,Poor Product Quality,-11,21,2.117333333333333,0.00034037215383641396,bed9f07f08e4f6cd,
30.0,F,Village,Gold Membership,2025-04-03,No,Gift Vouchers/Coupons,Desktop,Mobile_Data,16.0,647.83,45811.04,13.0,672.11,No,Yes,Yes,No Information Available,Poor Product Quality,-11,14,49.83307692307692,0.00028377439150038944,b03d3e80aca00061,
59.0,M,City,Premium Membership,2025-04-03,No,Credit/Debit Card Offers,Smartphone,Wi-Fi,11.0,483.05,3932.260000000002,16.0,745.73,No,Yes,No,Not Applicable,Poor Product Quality,-11,4,30.190625,0.004068906939012169,aad1b24f18369ec6,
16.0,F,Town,Silver Membership,2025-04-03,No,Without Offers,Both,Mobile_Data,9.0,417.23,10936.23,15.0,687.77,Yes,No,Yes,Solved,No reason specified,-11,2,27.815333333333335,0.0013715878323700215,9ad1deb911da6660,
60.0,F,Town,Basic Membership,2025-04-03,Yes,Credit/Debit Card Offers,Desktop,Mobile_Data,16.0,33.829999999999984,16863.84,8.0,378.22919364527513,Yes,No,Yes,Solved in Follow-up,Too many ads,-11,18,4.228749999999998,0.00047438780254082107,bb9c8f17ffb3c852,
28.0,F,Town,Premium Membership,2025-04-03,Yes,Credit/Debit Card Offers,Smartphone,Mobile_Data,23.0,0.0,27913.3,7.0,739.6,No,Yes,No,Not Applicable,No reason specified,-11,23,0.0,0.00025077651155542343,803282dd97e93c0c,
26.0,M,Town,Gold Membership,2025-04-03,No,Gift Vouchers/Coupons,Desktop,Wi-Fi,10.000000000000014,400.68,1781.7500000000036,29.0,638.71,No,Yes,No,Not Applicable,Poor Customer Service,-11,13,13.81655172413793,0.01627613301529392,a444e3658fce4231,
16.0,M,City,Premium Membership,2025-04-03,No,Credit/Debit Card Offers,Both,Fiber_Optic,19.0,271.58,40457.66,0.0,786.2,Yes,Yes,No,Not Applicable,Poor Website,-11,13,0.0,0.0,bcc3dbeb24bcfd16,
54.0,F,City,Gold Membership,2025-04-03,Yes,Gift Vouchers/Coupons,Desktop,Wi-Fi,-999.0,157.72,42816.56,46.46931571773204,665.32,Yes,No,Yes,Solved,Poor Product Quality,-11,10,3.394067624279999,0.0010853117512881006,81d526788e4317ab,
29.0,M,Village,Platinum Membership,2025-04-03,Yes,Without Offers,Smartphone,Mobile_Data,11.0,233.1,14103.08,15.0,0.0,No,Yes,Yes,No Information Available,Poor Website,-11,3,15.54,0.001063597455307635,8640bcc6e528b005,
29.0,M,Town,Gold Membership,2025-04-03,Yes,Gift Vouchers/Coupons,Smartphone,Mobile_Data,-999.0,0.0,49580.09,25.0,781.81,Yes,No,Yes,Solved,No reason specified,-11,13,0.0,0.0005042346635514378,bf7c8e1f77443360,
40.0,F,City,Gold Membership,2025-04-03,No,Gift Vouchers/Coupons,Desktop,Fiber_Optic,3.0,342.49,11224.189999999999,21.0,661.53,Yes,No,Yes,No Information Available,Poor Product Quality,-11,7,16.309047619047618,0.0018709590625247794,a7638378a9ff88a1,
51.0,M,City,No Membership,2025-04-03,Yes,Gift Vouchers/Coupons,Smartphone,Mobile_Data,-999.0,562.21,36891.43,22.0,508.85,Yes,Yes,No,Not Applicable,Poor Product Quality,-11,3,25.555000000000003,0.0005963444626570452,85cf9cd7bfbf51a2,
32.0,M,Town,Gold Membership,2025-04-03,Yes,Credit/Debit Card Offers,Desktop,Wi-Fi,14.0,159.59000000000003,28656.78,27.0,675.04,No,Yes,Yes,No Information Available,No reason specified,-11,12,5.910740740740742,0.0009421854095261227,95ac684afa1ed63e,
14.0,M,City,No Membership,2025-04-03,Yes,Credit/Debit Card Offers,Both,Wi-Fi,16.0,2567.8256467449755,42933.16,20.0,238.651040773592,Yes,Yes,Yes,Solved,No reason specified,-11,17,128.39128233724878,0.00046584039003884174,8b2147004ca7ed6c,
32.0,M,City,Gold Membership,2025-04-03,Yes,Without Offers,Desktop,Mobile_Data,12.0,185.02999999999997,35617.45,14.0,658.08,Yes,No,Yes,Solved in Follow-up,No reason specified,-11,5,13.216428571428569,0.0003930657584975904,a7260e55b07a0e0b,
39.0,M,Town,Gold Membership,2025-04-03,No,Credit/Debit Card Offers,Smartphone,Fiber_Optic,8.0,30.829999999999984,23219.9,27.0,763.33,Yes,No,Yes,Solved,No reason specified,-11,18,1.1418518518518512,0.0011627957054078614,ba51ff713dd8bf97,
36.0,F,Town,Platinum Membership,2025-04-03,No,Credit/Debit Card Offers,Desktop,Fiber_Optic,8.0,50.80000000000001,4574.990000000002,28.0,757.37,No,Yes,No,Not Applicable,Poor Customer Service,-11,9,1.8142857142857147,0.0061202319567911605,b26b30c475744345,
47.0,M,Town,Gold Membership,2025-04-03,Yes,Credit/Debit Card Offers,Desktop,Fiber_Optic,16.0,74.1,22604.06,6.0,269.9981942731068,No,Yes,Yes,Solved in Follow-up,Quality Customer Care,-11,9,12.35,0.00026543904059713163,b04cffd71c82b051,
17.0,F,City,Silver Membership,2025-04-03,No,Gift Vouchers/Coupons,Desktop,Wi-Fi,6.0,41.84,47966.97,17.0,710.42,Yes,No,No,Not Applicable,Poor Website,-11,21,2.4611764705882355,0.000354410545423236,a85e7777462e721e,
34.0,F,Village,No Membership,2025-04-03,Yes,Without Offers,Desktop,Mobile_Data,13.0,155.44,15951.12,24.0,655.41,No,Yes,No,Not Applicable,Poor Product Quality,-11,19,6.476666666666667,0.0015045965424371453,8a514cb1a3164b77,
16.0,M,Town,Basic Membership,2025-04-03,Yes,Without Offers,Desktop,Mobile_Data,2.0,129.86,27016.05,14.0,68.5541746000041,No,Yes,Yes,Unsolved,Poor Website,-11,17,9.275714285714287,0.0005182104711828709,92e0a03b29e892fb,
35.0,M,Town,Basic Membership,2025-04-03,Yes,Gift Vouchers/Coupons,Smartphone,Mobile_Data,3.0,556.14,38297.66,26.0,667.8,No,Yes,Yes,Unsolved,Poor Product Quality,-11,20,21.39,0.0006788926529714869,a69b09af012b7ec4,
30.0,M,Village,No Membership,2025-04-03,Yes,Credit/Debit Card Offers,Desktop,Fiber_Optic,-999.0,548.3,19289.54,21.0,582.02,Yes,Yes,Yes,Unsolved,Poor Product Quality,-11,0,26.109523809523807,0.0010886729284368627,87796ad13e237e14,
64.0,F,Town,Basic Membership,2025-04-03,No,Credit/Debit Card Offers,Desktop,Fiber_Optic,9.0,175.28,38305.19,35.804853646722826,542.2,No,Yes,No,Not Applicable,Poor Product Quality,-11,15,4.895425679698126,0.0009347259117295286,866871ddb837df35,
39.0,M,City,Silver Membership,2025-04-03,No,Gift Vouchers/Coupons,Desktop,Wi-Fi,19.999999999999986,110.74000000000004,45903.08,18.0,191.6962094034211,No,Yes,No,Not Applicable,Poor Website,-11,8,6.152222222222225,0.00039213054984545695,91af530d03b6c2a3,
20.0,F,City,Platinum Membership,2025-04-03,Yes,Gift Vouchers/Coupons,Desktop,Fiber_Optic,11.0,98.26999999999998,33116.66,26.0,0.0,Yes,No,No,Not Applicable,Poor Customer Service,-11,17,3.7796153846153837,0.0007851033286569358,bfdfa58e51faac48,
30.0,M,Town,Basic Membership,2025-04-03,Yes,Credit/Debit Card Offers,Smartphone,Mobile_Data,14.0,584.72,32658.55,0.0,516.8,Yes,No,Yes,Unsolved,Poor Customer Service,-11,1,0.0,0.0,9bc05b133bbf78c3,
44.0,M,Town,Premium Membership,2025-04-03,No,Without Offers,Desktop,Fiber_Optic,11.0,35.72,15606.27,18.0,454.54604242880015,No,Yes,Yes,Solved in Follow-up,Too many ads,-11,11,1.9844444444444445,0.0011533825827696176,8965459f90a2c529,
45.0,M,Village,No Membership,2025-04-03,No,Credit/Debit Card Offers,Desktop,Wi-Fi,14.0,192.12,25524.89,27.0,629.6,Yes,No,Yes,Unsolved,No reason specified,-11,21,7.115555555555556,0.0010577910423903885,81c777370481e81a,
12.0,F,City,Premium Membership,2025-04-03,Yes,Credit/Debit Card Offers,Smartphone,Wi-Fi,11.0,50.140000000000015,1926.3199999999997,25.0,1208.7497045333057,No,Yes,No,Not Applicable,Poor Product Quality,-11,0,2.0056000000000007,0.012978113709041075,806c4b1fd2f6f709,
29.0,F,Town,Gold Membership,2025-04-03,No,Credit/Debit Card Offers,Desktop,Wi-Fi,17.0,463.19000000000005,26162.53,24.0,735.03,No,Yes,No,Not Applicable,Poor Product Quality,-11,7,19.299583333333334,0.0009173424741414534,b06ab9c8764f66be,
55.0,M,City,Basic Membership,2025-04-03,Yes,Gift Vouchers/Coupons,Smartphone,Mobile_Data,12.0,159.54,38571.09,13.0,621.55,No,Yes,Yes,Solved in Follow-up,No reason specified,-11,4,12.272307692307692,0.00033703999549921976,a0986076c7c33d82,
31.0,F,City,Premium Membership,2025-04-03,No,Without Offers,Desktop,Mobile_Data,10.000000000000014,236.52,57114.17,15.0,754.07,No,Yes,No,Not Applicable,Quality Customer Care,-11,8,15.768,0.0002626318477533684,97e758cd1d2e7f84,
11.0,M,Town,Basic Membership,2025-04-03,No,Gift Vouchers/Coupons,Desktop,Mobile_Data,-999.0,166.17,32373.37,13.0,652.58,No,Yes,Yes,No Information Available,Poor Customer Service,-11,20,12.782307692307691,0.00040156461931519644,88b39cc3899b7306,
49.0,F,City,Silver Membership,2025-04-03,No,Credit/Debit Card Offers,Desktop,Mobile_Data,3.999999999999986,225.86,46220.87,16.0,729.86,Yes,Yes,No,Not Applicable,Quality Customer Care,-11,20,14.11625,0.0003461639731143096,b9c423fddbc07912,
11.0,M,City,Basic Membership,2025-04-03,No,Without Offers,Desktop,Fiber_Optic,23.0,80.73000000000002,2453.079999999998,14.0,697.06,Yes,No,Yes,Unsolved,Poor Website,-11,6,5.766428571428572,0.005707111060381239,ae6638ab8102982b,
50.0,F,City,Gold Membership,2025-04-03,No,Without Offers,Smartphone,Wi-Fi,-999.0,63.56000000000003,41908.28,9.0,771.7,Yes,No,No,Not Applicable,Poor Product Quality,-11,8,7.062222222222226,0.0002147546976397027,ac70fc9fe215e6e0,
36.0,F,City,Platinum Membership,2025-04-03,No,Without Offers,Smartphone,Mobile_Data,-999.0,192.89999999999998,32689.1,0.9999999999999982,704.27,No,Yes,Yes,Unsolved,Reasonable Price,-11,11,192.90000000000032,3.0591236834296395e-05,ad91d80c5da4c8f2,
18.0,F,Town,Silver Membership,2025-04-03,No,Credit/Debit Card Offers,Desktop,Fiber_Optic,8.0,117.88999999999999,31104.7,5.0,680.76,Yes,No,No,Not Applicable,Poor Customer Service,-11,15,23.577999999999996,0.00016074741116294322,b72946ea4321c27b,
43.0,M,City,Gold Membership,2025-04-03,No,Credit/Debit Card Offers,Desktop,Wi-Fi,17.0,0.0,40287.63,14.0,758.22,No,Yes,No,Not Applicable,Products always in Stock,-11,20,0.0,0.00034750120570507624,8894280be6044ee9,
50.0,M,City,Platinum Membership,2025-04-03,No,Gift Vouchers/Coupons,Desktop,Fiber_Optic,6.0,36.599999999999994,11448.880000000001,0.0,762.7,Yes,No,No,Not Applicable,No reason specified,-11,21,0.0,0.0,bc29fde71b5832bd,
24.0,F,City,Platinum Membership,2025-04-03,No,Gift Vouchers/Coupons,Desktop,Fiber_Optic,8.0,969.6441419592738,44715.96,0.0,405.85478461711614,No,Yes,Yes,Unsolved,Poor Website,-11,2,0.0,0.0,8ad06d022e429a07,
46.0,F,City,Gold Membership,2025-04-03,No,Credit/Debit Card Offers,Desktop,Mobile_Data,19.0,75.88999999999999,78457.03,16.0,701.53,No,Yes,Yes,Solved,User Friendly Website,-11,14,4.743124999999999,0.00020393328679405785,9ac3595d2157b9d7,
50.0,F,City,Gold Membership,2025-04-03,Yes,Credit/Debit Card Offers,Smartphone,Fiber_Optic,14.0,100.30000000000001,72941.93,19.0,808.45,No,Yes,No,Not Applicable,Products always in Stock,-11,22,5.278947368421053,0.0002604811800290999,ae97e44cdc92cbdb,
10.0,F,City,Silver Membership,2025-04-03,No,Without Offers,Desktop,Wi-Fi,22.0,76.89999999999998,8312.170000000002,23.0,716.87,No,Yes,Yes,Solved in Follow-up,Poor Website,-11,20,3.3434782608695643,0.002767027142130153,b421fc80187af87a,
22.0,M,Town,Basic Membership,2025-04-03,No,Without Offers,Desktop,Mobile_Data,25.0,32.370000000000005,23409.29,16.0,0.0,Yes,No,No,Not Applicable,No reason specified,-11,14,2.0231250000000003,0.000683489332653831,af51e517f3c25aaf,
14.0,M,Town,Gold Membership,2025-04-03,Yes,Without Offers,Smartphone,Mobile_Data,8.0,669.29,5730.889999999999,10.0,705.92,Yes,No,Yes,Solved in Follow-up,Poor Customer Service,-11,9,66.929,0.0017449296706096263,b62b2f933e5c383e,
48.0,F,Town,Gold Membership,2025-04-03,Yes,Without Offers,Smartphone,Fiber_Optic,5.0,515.08,20090.55,8.0,783.44,No,Yes,Yes,No Information Available,Too many ads,-11,23,64.385,0.0003981971623474718,924f264015505b46,
23.0,F,Village,Gold Membership,2025-04-03,No,Without Offers,Desktop,Mobile_Data,14.0,85.01999999999998,20830.75,22.0,221.90841708230596,Yes,No,No,Not Applicable,No reason specified,-11,21,3.864545454545454,0.0010561309602390696,a66cd3bee9777e4c,
11.0,M,Town,Platinum Membership,2025-04-03,No,Without Offers,Desktop,Mobile_Data,15.000000000000014,109.28,38756.43,10.0,704.78,No,Yes,No,Not Applicable,No reason specified,-11,19,10.928,0.00025802170117319886,b9b5853115440882,
51.0,M,Town,Silver Membership,2025-04-03,No,Credit/Debit Card Offers,Desktop,Fiber_Optic,23.0,138.16,70905.79,0.0,236.1946966179989,Yes,No,Yes,No Information Available,User Friendly Website,-11,14,0.0,0.0,9b39799e9f71e5d8,
50.0,F,Town,No Membership,2025-04-03,No,Gift Vouchers/Coupons,Both,Wi-Fi,18.0,303.67,28182.36,20.0,606.83,No,Yes,No,Not Applicable,Poor Product Quality,-11,18,15.1835,0.0007096637754964453,b0e15fee45564a78,
28.0,F,Village,Premium Membership,2025-04-03,Yes,Gift Vouchers/Coupons,Desktop,Wi-Fi,11.0,79.76999999999998,6244.610000000001,22.0,742.26,No,Yes,Yes,No Information Available,Poor Product Quality,-11,6,3.62590909090909,0.0035230382682024976,99d4dfd996fc9cb2,
36.0,F,City,Gold Membership,2025-04-03,Yes,Credit/Debit Card Offers,Desktop,Wi-Fi,12.0,34.66,18954.9,17.0,882.6608084906841,No,Yes,Yes,Unsolved,No reason specified,-11,0,2.0388235294117645,0.0008968657180992777,b553e71372853f65,
49.0,F,Village,Silver Membership,2025-04-03,Yes,Gift Vouchers/Coupons,Desktop,Wi-Fi,14.0,517.52,37643.99,20.0,735.12,Yes,No,Yes,No Information Available,Too many ads,-11,9,25.875999999999998,0.0005312933087061175,b78510e05ec8552e,
14.0,M,Town,Premium Membership,2025-04-03,No,Credit/Debit Card Offers,Desktop,Wi-Fi,16.0,103.15,8542.07,25.0,364.6888362306446,No,Yes,No,Not Applicable,Too many ads,-11,9,4.126,0.002926691071367947,b8b0689aca8f0467,
49.0,M,City,Premium Membership,2025-04-03,Yes,Without Offers,Desktop,Mobile_Data,11.0,768.72,19176.06,28.0,726.0,Yes,No,No,Not Applicable,No reason specified,-11,19,27.454285714285714,0.0014601539628057065,abac9601ae4f68f0,
27.0,F,City,Premium Membership,2025-04-03,Yes,Gift Vouchers/Coupons,Smartphone,Mobile_Data,19.0,577.03,6728.829999999998,15.0,721.66,Yes,Yes,Yes,Solved,Poor Website,-11,23,38.468666666666664,0.002229213696883411,986d4fb6d1b9fbbb,
50.0,M,Town,Premium Membership,2025-04-03,No,Gift Vouchers/Coupons,Desktop,Wi-Fi,-999.0,80.57999999999998,18559.31,22.0,717.71,Yes,No,No,Not Applicable,Poor Product Quality,-11,17,3.662727272727272,0.0011853888964622067,810bb48e0f1b66f6,
42.0,F,City,No Membership,2025-04-03,No,Without Offers,Smartphone,Mobile_Data,15.000000000000014,366.6,6339.240000000002,14.0,299.50398817037063,Yes,Yes,Yes,Solved in Follow-up,Poor Customer Service,-11,21,26.185714285714287,0.002208466630069219,8a53d5296855a98b,
13.0,M,City,Platinum Membership,2025-04-03,Yes,Without Offers,Desktop,Wi-Fi,15.000000000000014,1364.479788772256,30459.83,9.0,741.54,No,Yes,Yes,Solved in Follow-up,Too many ads,-11,12,151.60886541913953,0.00029547111720584123,a64afa3a9c8692d8,
48.0,M,City,Premium Membership,2025-04-03,No,Without Offers,Desktop,Wi-Fi,16.0,0.0,18586.7,5.0,838.98,Yes,Yes,No,Not Applicable,Products always in Stock,-11,15,0.0,0.00026900956059978373,b60c7d81b359886e,
29.0,F,Town,Silver Membership,2025-04-03,Yes,Without Offers,Smartphone,Fiber_Optic,17.0,132.8,45565.74,25.0,739.4,Yes,No,Yes,No Information Available,Poor Customer Service,-11,17,5.312,0.0005486578293252782,89bd0bd1dea89ba0,
43.0,M,City,Gold Membership,2025-04-03,Yes,Gift Vouchers/Coupons,Desktop,Mobile_Data,7.0,725.58,27022.0,10.0,714.45,Yes,Yes,Yes,Solved,Products always in Stock,-11,18,72.558,0.00037006883280290133,8016edc63ddba4b9,
23.0,F,Town,No Membership,2025-04-03,No,Gift Vouchers/Coupons,Both,Fiber_Optic,8.0,278.07,38204.59,13.0,685.03,No,Yes,No,Not Applicable,Too many ads,-11,6,21.39,0.00034027324988960753,9850c8af13c9ec0a,
25.0,F,Town,Silver Membership,2025-04-03,No,Without Offers,Smartphone,Fiber_Optic,-999.0,34.400000000000006,22891.72,0.0,794.29,Yes,No,Yes,No Information Available,Too many ads,-11,10,0.0,0.0,a70f04babaabea62,
51.0,F,Town,Gold Membership,2025-04-03,No,Without Offers,Desktop,Mobile_Data,12.0,0.0,42937.53,8.0,0.0,No,Yes,Yes,No Information Available,Products always in Stock,-11,6,0.0,0.00018631719151055034,8b4f187eddc48522,
33.0,M,City,Gold Membership,2025-04-03,No,Without Offers,Desktop,Mobile_Data,-999.0,347.75,40365.52,6.0,783.94,Yes,No,Yes,Unsolved,User Friendly Website,-11,6,57.958333333333336,0.00014864171203542035,9245fdca2fc61db6,
50.0,F,Town,Silver Membership,2025-04-03,Yes,Gift Vouchers/Coupons,Smartphone,Mobile_Data,10.000000000000014,321.22,44254.07,29.0,614.83,No,Yes,No,Not Applicable,Poor Website,-11,3,11.076551724137932,0.0006553069582074598,897b4bf89f4ce348,
25.0,F,Town,Basic Membership,2025-04-03,No,Without Offers,Desktop,Wi-Fi,12.0,31.77000000000001,16806.62,5.0,0.0,Yes,No,No,Not Applicable,Poor Customer Service,-11,15,6.354000000000002,0.0002975018177361064,ba107b89cb210a1f,
21.0,M,City,No Membership,2025-04-03,Yes,Credit/Debit Card Offers,Smartphone,Fiber_Optic,17.0,70.46000000000001,15194.41,27.0,1163.6711720670835,Yes,No,No,Not Applicable,Poor Customer Service,-11,19,2.6096296296296297,0.0017769692933124748,8515c39f31cab897,
25.0,F,Town,Gold Membership,2025-04-03,No,Gift Vouchers/Coupons,Desktop,Wi-Fi,13.0,120.73000000000002,42364.7,5.0,763.77,No,Yes,No,Not Applicable,Poor Website,-11,9,24.146000000000004,0.00011802278783987613,b576956de89d525f,
17.0,F,Village,Basic Membership,2025-04-03,Yes,Without Offers,Desktop,Wi-Fi,10.000000000000014,77.49000000000001,42871.85,0.0,590.72,Yes,No,No,Not Applicable,Poor Customer Service,-11,1,0.0,0.0,aed71775048c3433,
53.0,M,City,Basic Membership,2025-04-03,Yes,Without Offers,Desktop,Mobile_Data,14.0,488.8299999999999,15711.42,11.0,0.0,No,Yes,No,Not Applicable,No reason specified,-11,6,44.4390909090909,0.0007001276778292477,a8c1b8a003ccbc9a,
32.0,F,Town,Basic Membership,2025-04-03,Yes,Credit/Debit Card Offers,Desktop,Fiber_Optic,23.0,245.0,10507.82,6.0,664.24,No,Yes,Yes,Solved in Follow-up,Poor Website,-11,2,40.833333333333336,0.0005710033099158531,adda1a8726d8777e,
54.0,F,Village,Gold Membership,2025-04-03,No,Credit/Debit Card Offers,Desktop,Wi-Fi,8.0,102.82000000000002,6160.68,12.0,634.86,No,Yes,No,Not Applicable,No reason specified,-11,12,8.568333333333335,0.0019478369270924637,9563f3e7b0ed3cd7,
50.0,M,Town,Basic Membership,2025-04-03,No,Gift Vouchers/Coupons,Smartphone,Mobile_Data,18.0,263.02,21809.38,0.0,630.27,Yes,Yes,Yes,No Information Available,Poor Website,-11,12,0.0,0.0,acdad9d2591556c9,
47.0,M,Town,Basic Membership,2025-04-03,No,Gift Vouchers/Coupons,Smartphone,Mobile_Data,14.0,458.14,38276.38,21.0,706.28,Yes,No,No,Not Applicable,Poor Website,-11,21,21.816190476190474,0.0005486412246926173,b4a34ea9140dee55,
58.0,M,Village,Gold Membership,2025-04-03,Yes,Without Offers,Desktop,Mobile_Data,10.000000000000014,31.060000000000002,12642.94,0.0,793.04,No,Yes,Yes,Solved,Poor Product Quality,-11,7,0.0,0.0,a7ab58aa82228aff,
15.0,F,Village,Silver Membership,2025-04-03,No,Without Offers,Smartphone,Mobile_Data,14.0,31.53,47615.78,7.0,358.3895725132154,No,Yes,No,Not Applicable,Poor Customer Service,-11,23,4.5042857142857144,0.00014701008783222705,a9743bcdc7644860,
58.0,M,Town,No Membership,2025-04-03,Yes,Credit/Debit Card Offers,Smartphone,Mobile_Data,15.000000000000014,31.159999999999997,15517.44,9.0,520.75,Yes,No,Yes,Unsolved,No reason specified,-11,1,3.4622222222222216,0.0005799925760950259,925c6e5cdd657072,
15.0,M,City,Silver Membership,2025-04-03,Yes,Gift Vouchers/Coupons,Smartphone,Wi-Fi,8.0,46.81,31287.24,13.0,779.67,Yes,No,No,Not Applicable,Quality Customer Care,-11,3,3.600769230769231,0.00041550485117894707,aef6ab4229844336,
34.0,F,Village,No Membership,2025-04-03,No,Credit/Debit Card Offers,Both,Wi-Fi,-999.0,214.84,17600.71,6.0,570.88,Yes,No,Yes,No Information Available,No reason specified,-11,5,35.806666666666665,0.0003408953388812156,bcb3292fa9e81bce,
61.0,M,City,Gold Membership,2025-04-03,Yes,Credit/Debit Card Offers,Smartphone,Fiber_Optic,5.0,713.5,84548.31,15.0,945.7686611199944,Yes,No,No,Not Applicable,Reasonable Price,-11,20,47.56666666666667,0.00017741336284545487,b50f6e0fa26d8348,
11.0,F,Town,No Membership,2025-04-03,Yes,Gift Vouchers/Coupons,Smartphone,Fiber_Optic,16.0,532.8,26154.78,16.0,655.96,No,Yes,Yes,Solved in Follow-up,Poor Product Quality,-11,7,33.3,0.0006117428630636542,b7aabbc3c7ba84e9,
45.0,M,Village,Platinum Membership,2025-04-03,Yes,Credit/Debit Card Offers,Desktop,Wi-Fi,13.0,714.76,8854.810000000001,9.0,0.0,Yes,Yes,No,Not Applicable,Quality Customer Care,-11,17,79.41777777777777,0.0010163967380440685,8afab85252e6720b,
10.0,M,City,No Membership,2025-04-03,Yes,Credit/Debit Card Offers,Smartphone,Wi-Fi,23.0,184.51,49004.39,9.0,651.73,Yes,No,No,Not Applicable,Poor Customer Service,-11,17,20.50111111111111,0.00018365701521843246,a5de432d8fe36d1f,
48.0,F,City,Basic Membership,2025-04-03,Yes,Gift Vouchers/Coupons,Both,Mobile_Data,14.0,661.31,45539.96,17.0,611.6,No,Yes,Yes,No Information Available,Too many ads,-11,16,38.900588235294116,0.0003732985272714337,9c7c77312cc9325d,
57.0,M,Town,Premium Membership,2025-04-03,No,Gift Vouchers/Coupons,Smartphone,Fiber_Optic,12.0,33.99000000000001,62516.020000000004,8.0,765.02,No,Yes,No,Not Applicable,User Friendly Website,-11,13,4.248750000000001,0.0001279671994474376,a1ef32e8a15f8b0f,
34.0,F,Town,Platinum Membership,2025-04-03,No,Without Offers,Desktop,Wi-Fi,22.0,110.13,6615.079999999998,11.0,789.35,Yes,No,No,Not Applicable,Poor Website,-11,18,10.011818181818182,0.0016628672669113606,b9779b893802a480,
61.0,M,Village,Silver Membership,2025-04-03,Yes,Credit/Debit Card Offers,Both,Wi-Fi,-999.0,221.51,29923.45,29.0,675.07,No,Yes,Yes,No Information Available,No reason specified,-11,3,7.638275862068965,0.0009691395878483263,b022412dd16dfa2c,
25.0,M,City,Basic Membership,2025-04-03,No,Without Offers,Desktop,Mobile_Data,17.0,181.77,40594.61,10.0,561.27,Yes,No,No,Not Applicable,No reason specified,-11,16,18.177,0.00024633812222854215,90b6dfb4cb8eef91,
31.0,M,Village,Gold Membership,2025-04-03,No,Gift Vouchers/Coupons,Desktop,Wi-Fi,18.0,33.25,11330.2,16.0,640.13,No,Yes,Yes,Unsolved,Too many ads,-11,11,2.078125,0.0014121551252405076,a60ef5b6efeb89cd,
48.0,M,City,Silver Membership,2025-04-03,Yes,Credit/Debit Card Offers,Desktop,Mobile_Data,17.0,42.03,37311.05,24.0,615.98,No,Yes,Yes,Solved,Poor Product Quality,-11,8,1.75125,0.0006432410773752011,b0d04fdc0a4256c2,
40.0,M,City,Gold Membership,2025-04-03,No,Gift Vouchers/Coupons,Desktop,Fiber_Optic,24.0,345.2,39295.84,9.0,765.23,No,Yes,Yes,Unsolved,No reason specified,-11,10,38.355555555555554,0.00022903187716562365,a9b95027395a3f57,
41.0,F,City,Platinum Membership,2025-04-03,Yes,Credit/Debit Card Offers,Desktop,Wi-Fi,9.0,131.35,30990.76,25.0,734.58,Yes,No,Yes,Solved in Follow-up,Poor Website,-11,3,5.254,0.000806692059181511,bdc4daf9df65bc7f,
37.0,M,Town,Silver Membership,2025-04-03,No,Gift Vouchers/Coupons,Desktop,Fiber_Optic,8.0,387.43,47495.73,22.0,744.25,Yes,No,No,Not Applicable,Too many ads,-11,20,17.610454545454544,0.00046319953393705074,b0b1dd7e439dd3cb,
20.0,F,City,Premium Membership,2025-04-03,Yes,Without Offers,Smartphone,Wi-Fi,19.999999999999986,170.88,10549.07,19.0,745.48,No,Yes,No,Not Applicable,Poor Product Quality,-11,15,8.993684210526316,0.001801106637836321,9d3b7f3677063421,
52.0,M,Town,Basic Membership,2025-04-03,Yes,Credit/Debit Card Offers,Both,Wi-Fi,6.0,700.86,30824.02,19.0,629.63,Yes,No,Yes,Solved in Follow-up,Poor Product Quality,-11,17,36.887368421052635,0.0006164024030609895,ad7e560117f7ee4f,
61.0,F,Town,Silver Membership,2025-04-03,Yes,Gift Vouchers/Coupons,Both,Wi-Fi,12.0,229.08,16656.13,19.0,761.39,Yes,No,No,Not Applicable,Poor Product Quality,-11,0,12.056842105263158,0.00114072116391983,be24cbe344ce496c,
15.0,F,Village,Platinum Membership,2025-04-03,No,Gift Vouchers/Coupons,Smartphone,Fiber_Optic,11.0,32.190000000000026,40050.19,56.04658611173029,370.70809362842056,No,Yes,Yes,Unsolved,Products always in Stock,-11,16,0.5743436350579577,0.0013994087446708814,ac0c080ddd668ce6,
35.0,F,Town,Basic Membership,2025-04-03,Yes,Credit/Debit Card Offers,Desktop,Fiber_Optic,14.0,58.839999999999975,7677.689999999999,8.0,554.79,Yes,No,Yes,No Information Available,Poor Website,-11,22,7.354999999999997,0.001041980074736021,a91eb329f55dc3dd,
31.0,M,City,Gold Membership,2025-04-03,No,Without Offers,Smartphone,Wi-Fi,3.999999999999986,943.0799999999999,27905.33,26.0,781.57,No,Yes,No,Not Applicable,Poor Customer Service,-11,0,36.27230769230769,0.0009317216460081281,8b24a9050be755e6,
38.0,M,Town,No Membership,2025-04-03,No,Credit/Debit Card Offers,Smartphone,Wi-Fi,11.0,318.92,25755.05,8.0,665.2,Yes,Yes,Yes,No Information Available,Too many ads,-11,22,39.865,0.00031061869419783694,9d4648f5d4d4d4ca,
44.0,F,City,Premium Membership,2025-04-03,No,Credit/Debit Card Offers,Desktop,Wi-Fi,11.0,318.78,17931.47,13.0,766.61,Yes,No,Yes,No Information Available,Poor Product Quality,-11,13,24.52153846153846,0.000724982391293073,a4d8c516e812819f,
16.0,M,City,Premium Membership,2025-04-03,No,Gift Vouchers/Coupons,Desktop,Mobile_Data,22.0,220.35,42230.83,21.0,700.79,Yes,No,Yes,Solved in Follow-up,No reason specified,-11,7,10.492857142857142,0.0004972670440055286,9fd5735ff8438782,
36.0,F,Town,No Membership,2025-04-03,No,Gift Vouchers/Coupons,Both,Fiber_Optic,11.0,225.08,11801.41,20.0,521.78,No,Yes,Yes,No Information Available,Poor Customer Service,-11,2,11.254000000000001,0.0016947127504255849,bfb62d2a48c21617,
22.0,M,City,Silver Membership,2025-04-03,Yes,Without Offers,Desktop,Mobile_Data,12.0,280.98,4744.709999999999,11.0,638.29,No,Yes,No,Not Applicable,Poor Product Quality,-11,16,25.543636363636367,0.002318371407314673,ab83755d0bcd76ed,
46.0,F,City,Silver Membership,2025-04-03,Yes,Credit/Debit Card Offers,Desktop,Mobile_Data,5.0,1221.32,48579.82,24.0,605.22,Yes,Yes,Yes,Unsolved,No reason specified,-11,4,50.88833333333333,0.000494032295714558,8fad618fe991e594,
33.0,M,City,Platinum Membership,2025-04-03,Yes,Gift Vouchers/Coupons,Smartphone,Mobile_Data,9.0,275.69,61924.020000000004,16.0,778.79,No,Yes,Yes,Solved in Follow-up,Quality Customer Care,-11,8,17.230625,0.00025838115807081,8fd05ca2dbafbca6,
45.0,M,Town,Platinum Membership,2025-04-03,Yes,Gift Vouchers/Coupons,Desktop,Mobile_Data,18.0,1285.9110994731234,21075.43,17.0,783.89,No,Yes,No,Not Applicable,User Friendly Website,-11,6,75.64182938077197,0.0008066264840147983,ab4de964d09225ec,
13.0,M,City,Silver Membership,2025-04-03,No,Without Offers,Desktop,Fiber_Optic,23.0,33.22999999999999,16309.72,0.0,722.91,No,Yes,No,Not Applicable,Too many ads,-11,9,0.0,0.0,ac07df4a32f737f6,
57.0,F,City,Silver Membership,2025-04-04,Yes,Without Offers,Smartphone,Fiber_Optic,7.9999999999999964,191.37,12779.14,6.0,622.67,Yes,No,Yes,No Information Available,Poor Customer Service,-11,11,31.895,0.00046951516299218886,a0ca1b942b246334,
30.0,F,City,Silver Membership,2025-04-04,Yes,Credit/Debit Card Offers,Smartphone,Mobile_Data,9.999999999999996,788.01,70019.45,1.0000000000000018,745.14,No,Yes,Yes,Solved in Follow-up,Products always in Stock,-11,6,788.0099999999986,1.4281746000575581e-05,8ca4f79a505d3a2b,
58.0,M,City,Basic Membership,2025-04-04,No,Gift Vouchers/Coupons,Desktop,Fiber_Optic,10.999999999999996,178.42,24038.23,26.0,533.75,No,Yes,No,Not Applicable,Poor Website,-11,5,6.8623076923076916,0.001081610418071547,9b2bf7efdc6ef0af,
26.0,F,City,Basic Membership,2025-04-04,No,Without Offers,Desktop,Wi-Fi,-999.0,219.53,20636.54,22.0,695.0,No,Yes,No,Not Applicable,Too many ads,-11,23,9.978636363636364,0.0010660701842460025,b6e134968284c42b,
54.0,F,Town,Gold Membership,2025-04-04,Yes,Gift Vouchers/Coupons,Smartphone,Wi-Fi,17.999999999999996,72.55000000000001,12723.17,6.0,797.0,Yes,Yes,No,Not Applicable,Too many ads,-11,6,12.091666666666669,0.0004715805887998038,ab7c6012823d12d1,
28.0,F,Village,Basic Membership,2025-04-04,No,Credit/Debit Card Offers,Desktop,Mobile_Data,15.999999999999996,32.53,44836.22,28.0,570.97,Yes,No,No,Not Applicable,Poor Customer Service,-11,22,1.1617857142857144,0.0006244951068578038,a51c9f3e76c2f29e,
64.0,M,City,Platinum Membership,2025-04-04,Yes,Without Offers,Both,Wi-Fi,13.999999999999996,609.36,33277.06,-1.7763568394002505e-15,727.13,Yes,Yes,No,Not Applicable,Reasonable Price,-11,14,-3.430391836168107e+17,-5.338082268686749e-20,8fbb331bf9dba58e,
57.0,F,Town,Gold Membership,2025-04-04,Yes,Without Offers,Smartphone,Wi-Fi,12.999999999999996,49.629999999999995,23991.39,51.81443777477409,696.77,No,Yes,No,Not Applicable,Poor Customer Service,-11,19,0.9578411371697332,0.0021597097031382548,8eeacace47312ffe,
17.0,F,City,No Membership,2025-04-04,Yes,Gift Vouchers/Coupons,Both,Wi-Fi,2.9999999999999964,1145.87,28324.94,9.0,672.56,No,Yes,No,Not Applicable,Poor Customer Service,-11,4,127.31888888888888,0.00031774118497691434,8ee0992d9200861d,
34.0,M,Village,Premium Membership,2025-04-04,No,Without Offers,Smartphone,Wi-Fi,16.999999999999996,115.92000000000002,44251.63,13.0,1.1368683772161603e-13,Yes,No,No,Not Applicable,User Friendly Website,-11,17,8.916923076923078,0.0002937744892109059,a7b22608b23f12cb,
47.0,M,City,Platinum Membership,2025-04-04,No,Gift Vouchers/Coupons,Desktop,Mobile_Data,19.999999999999996,78.04000000000002,12952.97,13.0,793.47,Yes,No,Yes,Unsolved,Poor Website,-11,20,6.003076923076924,0.0010036308275244983,983badd350f4514f,
63.0,F,Town,Premium Membership,2025-04-04,Yes,Gift Vouchers/Coupons,Smartphone,Fiber_Optic,20.999999999999996,532.44,7149.579999999998,20.0,725.34,Yes,No,Yes,No Information Available,Poor Website,-11,0,26.622000000000003,0.0027973671180684745,9c433c8945dc8d06,
24.0,F,Town,Gold Membership,2025-04-04,No,Without Offers,Desktop,Fiber_Optic,7.9999999999999964,268.64,48090.77,23.0,755.52,No,Yes,Yes,Solved in Follow-up,Poor Customer Service,-11,22,11.68,0.0004782622528189921,8cf0d6cb735ad264,
42.0,M,City,No Membership,2025-04-04,No,Credit/Debit Card Offers,Desktop,Wi-Fi,3.9999999999999964,453.0899999999999,3635.5600000000013,-1.7763568394002505e-15,643.35,Yes,Yes,Yes,No Information Available,Poor Product Quality,-11,19,-2.550669943956622e+17,-4.886061127859944e-19,85dc7da891a393e7,
35.0,M,Town,Gold Membership,2025-04-04,Yes,Gift Vouchers/Coupons,Smartphone,Wi-Fi,10.999999999999996,388.04,17370.05,-1.7763568394002505e-15,421.13456539817736,Yes,No,Yes,Unsolved,User Friendly Website,-11,14,-2.1844709992560592e+17,-1.022654994890775e-19,a6731efb7244d75d,
53.0,F,Town,Gold Membership,2025-04-04,No,Credit/Debit Card Offers,Both,Wi-Fi,18.999999999999996,411.77,48360.14,9.0,782.94,Yes,No,No,Not Applicable,Products always in Stock,-11,2,45.75222222222222,0.00018610367960059668,882ac4c79603ecb3,
62.0,M,City,No Membership,2025-04-04,Yes,Without Offers,Desktop,Fiber_Optic,2.9999999999999964,153.74,10722.43,-1.7763568394002505e-15,526.19,Yes,No,Yes,Unsolved,Too many ads,-11,13,-8.654792583899251e+16,-1.6566737571616232e-19,a3524fa5033f586d,
16.0,M,City,Silver Membership,2025-04-04,No,Gift Vouchers/Coupons,Desktop,Wi-Fi,4.9999999999999964,889.7391961319231,47525.09,31.24158144568613,704.75,Yes,No,Yes,Solved,Too many ads,-11,21,28.479326428425065,0.0006573702742211773,a55161c937c37888,
63.0,M,City,Gold Membership,2025-04-04,No,Gift Vouchers/Coupons,Desktop,Wi-Fi,12.999999999999996,136.77,34340.23,17.0,1006.6693479718602,No,Yes,Yes,Unsolved,Too many ads,-11,17,8.04529411764706,0.0004950461892654766,988cf4480b2848ca,
51.0,M,Town,Basic Membership,2025-04-04,No,Gift Vouchers/Coupons,Smartphone,Mobile_Data,22.000000000000004,44.77000000000001,49443.13,-1.7763568394002505e-15,688.97,No,Yes,Yes,Unsolved,Too many ads,-11,3,-2.5203269414672144e+16,-3.5927273200548805e-20,b57f45f17cefdad0,
32.0,F,Town,Basic Membership,2025-04-04,No,Credit/Debit Card Offers,Smartphone,Mobile_Data,22.000000000000004,179.39,8500.200000000004,7.999999999999999,1184.6097315239942,No,Yes,Yes,Solved,Poor Customer Service,-11,18,22.423750000000002,0.0009411543257805693,8cffc28b97d92c0c,
21.0,M,Town,No Membership,2025-04-04,Yes,Credit/Debit Card Offers,Desktop,Fiber_Optic,11.999999999999996,137.64,17384.54,16.0,586.56,No,Yes,Yes,Unsolved,Too many ads,-11,9,8.6025,0.0009203579732336892,98f5ec393c4bf093,
26.0,M,Town,Premium Membership,2025-04-04,No,Without Offers,Desktop,Mobile_Data,17.999999999999996,2.842170943040401e-14,93355.56,-1.7763568394002505e-15,833.2,Yes,No,No,Not Applicable,Reasonable Price,-11,16,-16.0,-1.90278633581144e-20,87de95a9c5410b58,
42.0,F,Village,No Membership,2025-04-04,Yes,Gift Vouchers/Coupons,Desktop,Mobile_Data,8.999999999999996,35.78,29932.5,19.0,602.68,No,Yes,Yes,No Information Available,Too many ads,-11,0,1.8831578947368421,0.0006347615468136641,935eaf87370f5336,
13.0,F,Town,No Membership,2025-04-04,Yes,Without Offers,Both,Wi-Fi,9.999999999999996,577.33,11753.43,27.0,609.75,No,Yes,No,Not Applicable,Poor Customer Service,-11,5,21.382592592592594,0.0022972017530201823,8e850663a9925806,
51.0,M,Village,No Membership,2025-04-04,No,Without Offers,Both,Fiber_Optic,5.9999999999999964,318.78,40600.16,27.0,598.64,Yes,Yes,Yes,Solved in Follow-up,Too many ads,-11,23,11.806666666666665,0.0006650220097654787,971691b271152b5c,
22.0,M,City,Silver Membership,2025-04-04,No,Gift Vouchers/Coupons,Desktop,Fiber_Optic,10.999999999999996,31.360000000000014,8488.32,28.0,1.1368683772161603e-13,Yes,No,No,Not Applicable,Poor Customer Service,-11,15,1.1200000000000006,0.0032986503807585013,af29400132b5a191,
32.0,M,City,Platinum Membership,2025-04-04,Yes,Credit/Debit Card Offers,Smartphone,Fiber_Optic,19.999999999999996,31.539999999999992,70339.95999999999,3.0,744.02,No,Yes,Yes,Unsolved,Quality Customer Care,-11,22,10.51333333333333,4.265001003696903e-05,916fcc35647b07b1,
30.0,M,City,Basic Membership,2025-04-04,Yes,Without Offers,Desktop,Mobile_Data,15.999999999999996,2.842170943040401e-14,1564.119999999999,11.0,548.62,Yes,No,Yes,Solved,Too many ads,-11,7,2.5837917664003644e-15,0.007032708487839812,89e2ca92d671e422,
48.0,F,City,Platinum Membership,2025-04-04,No,Without Offers,Both,Wi-Fi,11.999999999999996,310.82,21817.52,16.0,1.1368683772161603e-13,No,Yes,No,Not Applicable,User Friendly Website,-11,2,19.42625,0.0007333555784525464,8b0dfa97d0f00b4f,
48.0,F,Village,Silver Membership,2025-04-04,No,Credit/Debit Card Offers,Desktop,Fiber_Optic,15.999999999999996,306.44,20278.1,20.0,762.8,No,Yes,Yes,Solved,No reason specified,-11,9,15.322,0.0009862856973779596,a6f4ca4d252741f1,
14.0,F,City,No Membership,2025-04-04,No,Gift Vouchers/Coupons,Desktop,Mobile_Data,14.999999999999996,57.620000000000005,24480.99,14.0,657.5,Yes,No,No,Not Applicable,Too many ads,-11,9,4.115714285714286,0.0005718722976480934,b587135873dd6597,
53.0,F,City,Premium Membership,2025-04-04,No,Without Offers,Both,Fiber_Optic,8.999999999999996,364.26,41670.51,25.0,755.18,Yes,Yes,Yes,Solved,Poor Website,-11,21,14.5704,0.0005999446611044597,940e5d1a831323ca,
34.0,F,Village,Basic Membership,2025-04-04,Yes,Credit/Debit Card Offers,Desktop,Wi-Fi,13.999999999999996,49.400000000000006,46548.2,20.0,640.24,No,Yes,No,Not Applicable,Too many ads,-11,8,2.47,0.0004296621566462291,b76b6f94782a6749,
43.0,M,Town,Platinum Membership,2025-04-04,Yes,Credit/Debit Card Offers,Smartphone,Fiber_Optic,1.0000000000000036,2.842170943040401e-14,52048.26000000001,9.0,774.33,No,Yes,No,Not Applicable,User Friendly Website,-11,10,3.157967714489334e-15,0.0001729164433162607,97f72aca710a6781,
23.0,M,Town,Basic Membership,2025-04-04,No,Gift Vouchers/Coupons,Smartphone,Wi-Fi,4.9999999999999964,52.74000000000001,14616.88,32.46373266670723,510.8,Yes,No,Yes,Solved,Too many ads,-11,0,1.6245821311264939,0.0022209755205424985,ae74ee1734d88f33,
62.0,M,City,Basic Membership,2025-04-04,No,Credit/Debit Card Offers,Smartphone,Fiber_Optic,8.999999999999996,202.58,11220.509999999998,24.0,535.5,Yes,No,No,Not Applicable,Poor Website,-11,14,8.440833333333334,0.0021389402086001443,9ac66859f12a2983,
41.0,M,City,Silver Membership,2025-04-04,No,Without Offers,Smartphone,Mobile_Data,-999.0,478.31,45489.5,5.0,714.5,No,Yes,No,Not Applicable,No reason specified,-11,10,95.662,0.00010991547499972522,99e0ae28b1e26c27,
16.0,F,Town,Platinum Membership,2025-04-04,Yes,Gift Vouchers/Coupons,Desktop,Wi-Fi,13.999999999999996,88.88999999999999,44035.86,25.0,1192.3128521129297,No,Yes,Yes,Unsolved,Poor Customer Service,-11,2,3.5555999999999996,0.0005677191270932371,ae16640c8f69425c,
38.0,M,City,Basic Membership,2025-04-04,No,Gift Vouchers/Coupons,Smartphone,Wi-Fi,1.9999999999999964,392.09,13706.85,7.0,1176.2004216422267,Yes,No,No,Not Applicable,Poor Customer Service,-11,21,56.012857142857136,0.0005106935583303239,8fdf4fc42821dc0d,
36.0,F,City,Basic Membership,2025-04-04,Yes,Without Offers,Desktop,Wi-Fi,11.999999999999996,31.610000000000014,24325.1,-1.7763568394002505e-15,929.4883111227776,Yes,No,No,Not Applicable,Poor Website,-11,14,-1.779484802764768e+16,-7.302567468993963e-20,86987c5397260be6,
64.0,M,City,No Membership,2025-04-04,No,Gift Vouchers/Coupons,Desktop,Wi-Fi,11.999999999999996,61.44999999999999,31966.89,19.0,146.79713358794504,Yes,No,No,Not Applicable,Poor Product Quality,-11,13,3.2342105263157888,0.0005943649820173311,935b64b73f04cb88,
25.0,F,City,Silver Membership,2025-04-04,No,Gift Vouchers/Coupons,Smartphone,Fiber_Optic,6.9999999999999964,370.42,18576.21,16.0,759.24,Yes,No,Yes,No Information Available,Too many ads,-11,1,23.15125,0.0008613167056143315,adf7e096b974dc6f,
55.0,M,Town,Gold Membership,2025-04-04,No,Credit/Debit Card Offers,Smartphone,Mobile_Data,22.999999999999996,122.35,8333.880000000001,19.0,1.1368683772161603e-13,No,Yes,Yes,No Information Available,No reason specified,-11,23,6.439473684210526,0.002279850441811017,8d188666e17335d1,
36.0,M,Town,Silver Membership,2025-04-04,No,Gift Vouchers/Coupons,Smartphone,Fiber_Optic,23.999999999999996,96.35,28250.36,17.0,784.38,Yes,No,Yes,Solved,Poor Customer Service,-11,16,5.667647058823529,0.0006017622430298233,ad92c1225bf446b8,
49.0,M,Town,No Membership,2025-04-04,Yes,Gift Vouchers/Coupons,Smartphone,Wi-Fi,5.9999999999999964,32.24000000000001,3358.5600000000013,-1.7763568394002505e-15,602.59,Yes,No,Yes,Unsolved,Too many ads,-11,19,-1.8149506498303104e+16,-5.289043040470469e-19,9865871881dcdec1,
54.0,M,Village,No Membership,2025-04-04,Yes,Gift Vouchers/Coupons,Desktop,Mobile_Data,-999.0,56.670000000000016,47511.03999999999,6.0,540.65,No,Yes,No,Not Applicable,Poor Customer Service,-11,2,9.445000000000002,0.00012628643784686676,b4d50cd00da09edf,
33.0,M,City,No Membership,2025-04-04,No,Gift Vouchers/Coupons,Desktop,Mobile_Data,17.999999999999996,195.99,1228.0699999999997,23.0,703.79,No,Yes,No,Not Applicable,No reason specified,-11,1,8.521304347826087,0.01872857410408202,94de9aa2de5259fd,
41.0,F,Village,Silver Membership,2025-04-04,No,Without Offers,Both,Fiber_Optic,19.999999999999996,353.06,4565.100000000002,23.0,717.62,No,Yes,Yes,Solved,Too many ads,-11,1,15.350434782608696,0.005038224792447041,bfc49de13dba102f,
59.0,M,City,No Membership,2025-04-04,No,Without Offers,Desktop,Mobile_Data,10.999999999999996,303.12,33995.76,22.0,682.03,Yes,No,Yes,Solved,Poor Customer Service,-11,20,13.77818181818182,0.0006471395256349615,9ef642cd674553aa,
60.0,M,Village,Basic Membership,2025-04-04,Yes,Credit/Debit Card Offers,Desktop,Fiber_Optic,14.999999999999996,299.19,41877.48,11.0,627.24,No,Yes,Yes,No Information Available,Poor Customer Service,-11,16,27.19909090909091,0.0002626710107676011,b4e5cd9e71e94be1,
23.0,F,Village,Silver Membership,2025-04-04,No,Without Offers,Smartphone,Wi-Fi,7.9999999999999964,379.28,43561.95,29.0,773.84,Yes,Yes,Yes,Solved in Follow-up,Poor Customer Service,-11,10,13.078620689655171,0.0006657185915690184,945b0383e6b38820,
25.0,M,City,Basic Membership,2025-04-04,Yes,Without Offers,Desktop,Fiber_Optic,4.9999999999999964,262.27,34319.4,-1.7763568394002505e-15,697.14,Yes,No,No,Not Applicable,Too many ads,-11,13,-1.476448842838075e+17,-5.1759554053982596e-20,8ebf4558b24f22d4,
56.0,M,City,Gold Membership,2025-04-04,Yes,Credit/Debit Card Offers,Desktop,Wi-Fi,18.999999999999996,162.87,11798.240000000002,51.25619589617701,787.38,No,Yes,No,Not Applicable,Poor Product Quality,-11,21,3.17756706584126,0.004344393392249776,80f6a7fd1b86f5d7,
59.0,M,Town,Gold Membership,2025-04-04,No,Without Offers,Both,Mobile_Data,14.999999999999996,308.94,11326.079999999998,23.0,635.78,No,Yes,No,Not Applicable,Poor Product Quality,-11,20,13.432173913043478,0.002030711420014692,8c1522b18373faf4,
22.0,M,City,Premium Membership,2025-04-04,No,Without Offers,Smartphone,Mobile_Data,4.9999999999999964,34.50999999999999,13268.15,23.0,1.1368683772161603e-13,Yes,No,No,Not Applicable,Poor Website,-11,5,1.5004347826086952,0.0017334745235771378,8bfe1134d7d82e77,
62.0,M,City,No Membership,2025-04-04,No,Credit/Debit Card Offers,Desktop,Fiber_Optic,11.999999999999996,174.27,23201.43,16.0,633.88,No,Yes,No,Not Applicable,Poor Customer Service,-11,7,10.891875,0.0006896126661158385,9ff64ba24c601333,
61.0,M,Town,No Membership,2025-04-04,Yes,Credit/Debit Card Offers,Smartphone,Wi-Fi,14.999999999999996,65.03,39981.66,15.0,1088.5192347233517,No,Yes,Yes,Solved in Follow-up,No reason specified,-11,4,4.335333333333334,0.00037517201636950537,859faca0bc6d28f3,
29.0,M,City,Platinum Membership,2025-04-04,No,Without Offers,Desktop,Wi-Fi,20.999999999999996,334.57,3286.709999999999,22.0,781.3,Yes,Yes,Yes,Solved in Follow-up,Too many ads,-11,1,15.207727272727272,0.006693623714900313,845d38f5cb9f0cb3,
12.0,M,Town,Basic Membership,2025-04-04,No,Gift Vouchers/Coupons,Desktop,Mobile_Data,11.999999999999996,32.31,43058.01,6.0,526.08,Yes,No,No,Not Applicable,Poor Customer Service,-11,15,5.385000000000001,0.00013934689503764804,ac233577cf279a34,
30.0,M,Town,Basic Membership,2025-04-04,No,Credit/Debit Card Offers,Smartphone,Wi-Fi,7.9999999999999964,287.49,39913.32,13.0,691.65,No,Yes,No,Not Applicable,Poor Product Quality,-11,7,22.114615384615384,0.0003257058044783045,b05878bf14b1a970,
61.0,F,Town,Gold Membership,2025-04-04,No,Without Offers,Desktop,Wi-Fi,11.999999999999996,315.79,28599.92,21.0,167.41954583419482,No,Yes,Yes,No Information Available,Poor Product Quality,-11,2,15.03761904761905,0.0007342677881616453,a7dfa77ae1e3b329,
62.0,M,City,Basic Membership,2025-04-04,No,Credit/Debit Card Offers,Desktop,Mobile_Data,7.9999999999999964,33.22999999999999,22043.57,-1.7763568394002505e-15,633.24,Yes,No,Yes,No Information Available,Poor Product Quality,-11,3,-1.870682695219019e+16,-8.058389994906681e-20,9b64872fea03a469,
53.0,M,Village,Premium Membership,2025-04-04,No,Credit/Debit Card Offers,Smartphone,Mobile_Data,1.0000000000000036,31.55000000000001,60670.84,1.0000000000000018,777.34,No,Yes,No,Not Applicable,Products always in Stock,-11,21,31.549999999999955,1.6482382640490916e-05,899ba675cc3faa74,
54.0,M,City,Basic Membership,2025-04-04,No,Gift Vouchers/Coupons,Smartphone,Mobile_Data,18.999999999999996,33.94999999999999,22060.19,24.0,109.125055118781,No,Yes,No,Not Applicable,Poor Product Quality,-11,22,1.4145833333333329,0.0010879326062014879,aeccccc2abd883b3,
48.0,F,Town,Gold Membership,2025-04-04,Yes,Without Offers,Smartphone,Wi-Fi,10.999999999999996,604.19,46519.67,7.0,643.66,No,Yes,No,Not Applicable,Poor Product Quality,-11,6,86.31285714285715,0.0001504739822960911,826016c41afe518d,
55.0,F,Town,Premium Membership,2025-04-04,Yes,Without Offers,Smartphone,Wi-Fi,18.999999999999996,71.26999999999998,14897.639999999998,18.0,752.64,Yes,No,No,Not Applicable,No reason specified,-11,9,3.9594444444444434,0.0012082450643189125,929b6ba89e56a555,
26.0,M,Town,No Membership,2025-04-04,Yes,Without Offers,Desktop,Wi-Fi,6.9999999999999964,31.99000000000001,47576.77,12.0,885.1745339898982,No,Yes,No,Not Applicable,Too many ads,-11,20,2.665833333333334,0.00025222393197352406,be54cc44c19bff76,
43.0,M,City,Premium Membership,2025-04-04,No,Gift Vouchers/Coupons,Desktop,Mobile_Data,22.999999999999996,359.7,19316.29,7.999999999999999,735.83,Yes,No,Yes,Unsolved,Poor Customer Service,-11,14,44.962500000000006,0.0004141582053282488,8ab153535fbcd600,
15.0,F,City,No Membership,2025-04-04,No,Credit/Debit Card Offers,Smartphone,Fiber_Optic,14.999999999999996,55.28999999999999,36716.39,19.0,671.47,No,Yes,Yes,Solved in Follow-up,Poor Website,-11,7,2.9099999999999997,0.0005174800681657429,93dabe30ce5dfe8f,
61.0,F,City,No Membership,2025-04-04,Yes,Without Offers,Desktop,Fiber_Optic,22.000000000000004,33.59,27301.48,29.0,1.1368683772161603e-13,No,Yes,Yes,Solved,Too many ads,-11,12,1.1582758620689657,0.0010622134770715728,b7446fa4d7e5b78d,
63.0,F,Town,Silver Membership,2025-04-04,No,Credit/Debit Card Offers,Smartphone,Wi-Fi,15.999999999999996,231.23,17844.159999999996,18.0,743.07,Yes,No,Yes,No Information Available,Poor Product Quality,-11,14,12.84611111111111,0.0010087333895235195,82b3b989dd9879d7,
45.0,M,Town,Premium Membership,2025-04-04,Yes,Credit/Debit Card Offers,Smartphone,Mobile_Data,13.999999999999996,38.650000000000006,1225.1399999999994,9.0,700.07,Yes,No,Yes,Unsolved,Too many ads,-11,17,4.294444444444445,0.007346099221313486,88ed79f4e5b67175,
10.0,M,City,Silver Membership,2025-04-04,Yes,Gift Vouchers/Coupons,Smartphone,Fiber_Optic,5.9999999999999964,177.53,7606.0,2.4989181798003415,613.76,No,Yes,No,Not Applicable,No reason specified,-11,19,71.04274218941586,0.00032854564551674224,a4434c0d016f859c,
14.0,F,City,Basic Membership,2025-04-04,No,Credit/Debit Card Offers,Smartphone,Mobile_Data,23.999999999999996,145.25,12848.83,27.0,671.25,No,Yes,No,Not Applicable,Poor Product Quality,-11,22,5.37962962962963,0.0021013586451062083,aafd38505dcd9082,
31.0,F,Town,Gold Membership,2025-04-04,Yes,Credit/Debit Card Offers,Smartphone,Mobile_Data,17.999999999999996,30.25,36595.76,17.0,697.45,No,Yes,Yes,Unsolved,Too many ads,-11,5,1.7794117647058822,0.00046453468926454866,903a6e78d75292fd,
37.0,F,City,No Membership,2025-04-04,Yes,Without Offers,Desktop,Wi-Fi,4.9999999999999964,32.19,45059.75,-1.7763568394002505e-15,616.08,Yes,No,No,Not Applicable,Poor Product Quality,-11,9,-1.812135900063203e+16,-3.94222524403764e-20,9580dbd91c010510,
23.0,F,Town,Silver Membership,2025-04-04,Yes,Gift Vouchers/Coupons,Desktop,Fiber_Optic,10.999999999999996,79.35,37752.38,18.0,712.34,Yes,No,No,Not Applicable,Poor Customer Service,-11,1,4.408333333333333,0.00047679113210875716,b9108901b6a319ef,
61.0,F,Village,Platinum Membership,2025-04-04,No,Without Offers,Smartphone,Fiber_Optic,6.9999999999999964,353.38,38978.17,7.999999999999999,1268.004164560635,Yes,Yes,Yes,Unsolved,Too many ads,-11,10,44.17250000000001,0.0002052430886314057,a30752102d9ee983,
60.0,M,Town,Premium Membership,2025-04-04,No,Gift Vouchers/Coupons,Smartphone,Mobile_Data,18.999999999999996,95.19999999999999,48856.35,13.0,801.65,Yes,No,Yes,Solved,Quality Customer Care,-11,5,7.323076923076922,0.0002660861894103837,923be29b566e47a6,
25.0,M,City,Basic Membership,2025-04-04,No,Gift Vouchers/Coupons,Desktop,Wi-Fi,13.999999999999996,333.55,13324.67,6.0,598.29,Yes,No,Yes,Solved in Follow-up,Poor Product Quality,-11,19,55.59166666666667,0.0004502925776022971,a01f42800ac4dea1,
11.0,F,Town,Silver Membership,2025-04-04,Yes,Gift Vouchers/Coupons,Smartphone,Mobile_Data,11.999999999999996,685.36,17980.41,14.0,659.87,Yes,No,No,Not Applicable,No reason specified,-11,1,48.95428571428572,0.0007786251815169955,9aacc93ca1ca2611,
38.0,F,Town,No Membership,2025-04-04,No,Credit/Debit Card Offers,Both,Wi-Fi,7.9999999999999964,280.54,18534.38,12.0,645.51,No,Yes,Yes,Unsolved,No reason specified,-11,18,23.378333333333334,0.0006474454500231461,9835ee0881dcd3ff,
46.0,F,City,No Membership,2025-04-04,No,Gift Vouchers/Coupons,Desktop,Wi-Fi,2.9999999999999964,584.73,33064.92,14.0,547.08,No,Yes,No,Not Applicable,Poor Product Quality,-11,11,41.76642857142857,0.0004234094623546647,aeb9ed0a21e8babd,
52.0,M,City,Basic Membership,2025-04-04,Yes,Without Offers,Smartphone,Fiber_Optic,11.999999999999996,192.46,5778.540000000001,24.0,1044.6725643118325,No,Yes,Yes,Unsolved,Poor Customer Service,-11,19,8.019166666666667,0.004153298237963222,91bc9870753dd9b4,
24.0,F,City,Gold Membership,2025-04-04,Yes,Gift Vouchers/Coupons,Both,Wi-Fi,-999.0,765.91,24667.02,5.0,783.19,Yes,No,Yes,Solved in Follow-up,Quality Customer Care,-11,17,153.182,0.00020269979916503897,b762bd49f0743560,
44.0,F,Village,Basic Membership,2025-04-04,No,Without Offers,Smartphone,Wi-Fi,15.999999999999996,379.38,49085.63,24.0,1524.3475306826983,No,Yes,Yes,Solved in Follow-up,Too many ads,-11,22,15.8075,0.0004889414682056642,8de73019c1f268b6,
11.0,M,City,Gold Membership,2025-04-04,No,Without Offers,Both,Wi-Fi,3.9999999999999964,286.07,39729.75,16.0,753.38,No,Yes,Yes,Unsolved,No reason specified,-11,13,17.879375,0.0004027208829655359,883f130411db9b0e,
63.0,M,City,Premium Membership,2025-04-04,Yes,Without Offers,Desktop,Wi-Fi,6.9999999999999964,55.0,29838.65,17.0,345.9909911579742,Yes,No,No,Not Applicable,Poor Customer Service,-11,9,3.235294117647059,0.0005697308691914681,a55ec65db86138b6,
36.0,F,Village,Premium Membership,2025-04-04,Yes,Without Offers,Desktop,Fiber_Optic,18.999999999999996,187.49,89268.91,19.0,485.3369138518617,Yes,No,Yes,Solved,Quality Customer Care,-11,2,9.867894736842105,0.000212840058201674,94a7b1bd0e077bd2,
46.0,M,Town,No Membership,2025-04-04,Yes,Credit/Debit Card Offers,Desktop,Wi-Fi,1.0000000000000036,262.3,20570.98,-1.7763568394002505e-15,679.86,No,Yes,No,Not Applicable,No reason specified,-11,20,-1.4766177278241014e+17,-8.635256265867015e-20,9f352c3d93e62a36,
34.0,M,Town,Basic Membership,2025-04-04,No,Gift Vouchers/Coupons,Both,Mobile_Data,16.999999999999996,389.35,30072.18,28.0,175.08281230269654,Yes,No,Yes,No Information Available,No reason specified,-11,21,13.905357142857143,0.0009310931232787247,804db6e6c1b17089,
64.0,M,Town,Silver Membership,2025-04-04,No,Credit/Debit Card Offers,Desktop,Mobile_Data,4.9999999999999964,42.31999999999999,823.6800000000003,5.0,1204.406754138101,Yes,No,No,Not Applicable,No reason specified,-11,18,8.463999999999999,0.006070318570318568,9510b8afba04ab30,
39.0,F,Village,No Membership,2025-04-04,No,Without Offers,Smartphone,Mobile_Data,14.999999999999996,112.50000000000001,16761.52,6.0,518.49,No,Yes,No,Not Applicable,Too many ads,-11,14,18.750000000000004,0.0003579627623270443,b7f3a692d4bfc47c,
13.0,M,Town,Premium Membership,2025-04-05,Yes,Gift Vouchers/Coupons,Smartphone,Mobile_Data,18.0,271.48,89982.1,6.0,799.03,Yes,Yes,No,Not Applicable,Reasonable Price,-11,12,45.24666666666667,6.667992856356986e-05,b3fcd7f51a85419b,
18.0,F,Town,Gold Membership,2025-04-05,Yes,Gift Vouchers/Coupons,Both,Mobile_Data,4.0,1569.0712851686308,15955.32,0.0,705.43,No,Yes,No,Not Applicable,Poor Product Quality,-11,7,0.0,0.0,9bcd90912a7f886d,
25.0,M,Village,Gold Membership,2025-04-05,No,Credit/Debit Card Offers,Desktop,Mobile_Data,15.0,47.02000000000001,47829.73,27.0,621.76,No,Yes,No,Not Applicable,Poor Website,-11,9,1.7414814814814819,0.0005645024548539162,9db0f33fa554e753,
39.0,F,City,Gold Membership,2025-04-05,No,Credit/Debit Card Offers,Desktop,Mobile_Data,13.0,82.12,46955.02,9.0,724.3,Yes,No,No,Not Applicable,User Friendly Website,-11,17,9.124444444444444,0.00019167279664666315,8fc6a27c9df886c3,
43.0,F,City,Silver Membership,2025-04-05,Yes,Gift Vouchers/Coupons,Desktop,Mobile_Data,12.0,107.30000000000001,39990.89,11.0,728.45,Yes,No,Yes,Unsolved,Too many ads,-11,0,9.754545454545456,0.0002750626455175166,b363b839cb2c6ffa,
56.0,M,Town,Platinum Membership,2025-04-05,No,Gift Vouchers/Coupons,Desktop,Mobile_Data,5.0,489.61,27191.18,13.0,718.14,Yes,No,Yes,Solved,Too many ads,-11,12,37.66230769230769,0.00047809620619627393,a94ecd2338db8148,
30.0,M,Town,Silver Membership,2025-04-05,No,Credit/Debit Card Offers,Both,Wi-Fi,11.0,121.25,45583.71,6.0,757.11,Yes,No,Yes,Solved in Follow-up,No reason specified,-11,23,20.208333333333332,0.00013162596901393063,be520e522aa1e694,
47.0,F,City,Basic Membership,2025-04-05,Yes,Gift Vouchers/Coupons,Smartphone,Wi-Fi,16.0,695.78,44475.03,20.0,600.53,Yes,Yes,No,Not Applicable,Poor Website,-11,6,34.789,0.0004496905342166155,a51191fb74d265f9,
30.0,M,City,Gold Membership,2025-04-05,No,Credit/Debit Card Offers,Desktop,Fiber_Optic,19.0,30.400000000000006,28441.73,13.0,760.03,No,Yes,No,Not Applicable,Poor Product Quality,-11,11,2.338461538461539,0.0004570748685118662,a4123058717693e8,
54.0,F,Town,Gold Membership,2025-04-05,Yes,Gift Vouchers/Coupons,Smartphone,Fiber_Optic,2.0,32.849999999999994,22732.5,29.0,339.4709008645242,No,Yes,Yes,Solved in Follow-up,No reason specified,-11,5,1.132758620689655,0.0012757065874848784,887bf9ddef19392e,
21.0,F,Town,No Membership,2025-04-05,Yes,Credit/Debit Card Offers,Desktop,Mobile_Data,11.0,203.82,32067.58,0.0,503.62,Yes,No,Yes,No Information Available,Poor Product Quality,-11,16,0.0,0.0,ba85d99a9f789f40,
24.0,F,City,Gold Membership,2025-04-05,Yes,Gift Vouchers/Coupons,Both,Fiber_Optic,2.0,657.68,25385.8,14.0,611.79,Yes,Yes,Yes,No Information Available,Too many ads,-11,14,46.97714285714285,0.0005514894153424355,9a795f4a629c6a76,
60.0,F,Town,Gold Membership,2025-04-05,Yes,Without Offers,Smartphone,Fiber_Optic,14.0,302.96,6634.360000000004,21.0,694.23,No,Yes,No,Not Applicable,Poor Customer Service,-11,14,14.426666666666666,0.0031653392339276113,9f11a207f3fe29bd,
55.0,F,Village,Basic Membership,2025-04-05,No,Credit/Debit Card Offers,Smartphone,Wi-Fi,19.0,33.370000000000005,29196.95,9.0,0.0,Yes,No,No,Not Applicable,Poor Website,-11,10,3.7077777777777783,0.00030825137557176347,a3e3c4f1561aba8f,
46.0,F,Village,No Membership,2025-04-05,Yes,Credit/Debit Card Offers,Smartphone,Fiber_Optic,20.0,75.29000000000002,37705.64,22.0,609.88,Yes,No,Yes,Unsolved,Poor Customer Service,-11,19,3.4222727272727282,0.0005834670887432225,94629f4d523babf3,
61.0,M,City,Platinum Membership,2025-04-05,Yes,Without Offers,Smartphone,Wi-Fi,12.0,686.85,27398.67,15.0,745.79,Yes,No,Yes,Solved,Poor Product Quality,-11,20,45.79,0.0005474718298369958,8f87133a948fb3b4,
24.0,F,City,Silver Membership,2025-04-05,No,Gift Vouchers/Coupons,Desktop,Mobile_Data,13.0,78.83000000000001,10923.0,11.0,737.69,Yes,No,Yes,Unsolved,Quality Customer Care,-11,6,7.166363636363638,0.0010070493454179255,82b327a3cd342965,
14.0,F,Town,Platinum Membership,2025-04-05,No,Credit/Debit Card Offers,Desktop,Fiber_Optic,13.0,0.0,90277.5,11.0,796.35,No,Yes,No,Not Applicable,Quality Customer Care,-11,19,0.0,0.00012184652875855003,b883d20147f789a0,
38.0,M,City,No Membership,2025-04-05,No,Gift Vouchers/Coupons,Smartphone,Fiber_Optic,11.0,0.0,29156.54,21.0,542.4,Yes,No,Yes,Unsolved,Poor Product Quality,-11,0,0.0,0.0007202500708245903,9a896dc933ef709b,
54.0,M,City,Premium Membership,2025-04-05,Yes,Gift Vouchers/Coupons,Both,Fiber_Optic,5.0,584.62,62950.74,12.0,780.4,No,Yes,No,Not Applicable,Reasonable Price,-11,20,48.718333333333334,0.000190625241260071,b87d88c1c2f111de,
20.0,F,Town,Platinum Membership,2025-04-05,No,Credit/Debit Card Offers,Both,Mobile_Data,21.0,261.46,34600.3,23.0,783.09,Yes,Yes,Yes,Solved in Follow-up,Poor Product Quality,-11,10,11.367826086956521,0.0006647341208024207,a2a2b866e77908ab,
30.0,M,Town,Silver Membership,2025-04-05,No,Credit/Debit Card Offers,Smartphone,Wi-Fi,22.0,113.69,6761.139999999999,3.0,480.04189452430114,No,Yes,No,Not Applicable,Quality Customer Care,-11,7,37.89666666666667,0.0004437121550507755,93a2fdecf20cbbcb,
12.0,M,City,Gold Membership,2025-04-05,No,Gift Vouchers/Coupons,Smartphone,Fiber_Optic,21.0,0.0,95915.45,16.0,789.58,Yes,No,Yes,Unsolved,Reasonable Price,-11,4,0.0,0.0001668135842557169,b96cd732bda23828,
44.0,M,Town,No Membership,2025-04-05,Yes,Without Offers,Desktop,Fiber_Optic,14.0,112.69999999999999,26127.16,10.0,693.8,No,Yes,No,Not Applicable,Poor Customer Service,-11,13,11.27,0.00038274347460650146,b929d2c3e97420f2,
50.0,F,Town,Premium Membership,2025-04-05,No,Credit/Debit Card Offers,Desktop,Mobile_Data,11.0,124.18,9547.5,19.0,790.16,Yes,No,Yes,Solved,Poor Website,-11,17,6.535789473684211,0.001990049751243781,bba653b8c4b410eb,
40.0,F,Town,Platinum Membership,2025-04-05,No,Credit/Debit Card Offers,Desktop,Mobile_Data,5.0,36.860000000000014,33870.34,13.0,785.88,No,Yes,No,Not Applicable,Poor Product Quality,-11,17,2.8353846153846165,0.0003838166372112002,98f665fe0999c2f3,
33.0,F,City,Silver Membership,2025-04-05,Yes,Gift Vouchers/Coupons,Desktop,Fiber_Optic,-999.0,43.789999999999964,4726.439999999999,9.0,626.98,Yes,No,Yes,No Information Available,Poor Customer Service,-11,4,4.865555555555551,0.0019041815827557321,b83ba12714e655ea,
29.0,F,City,No Membership,2025-04-05,Yes,Without Offers,Desktop,Wi-Fi,4.0,1184.4899999999998,38604.69,10.0,627.48,Yes,Yes,Yes,No Information Available,Poor Website,-11,22,118.44899999999998,0.0002590358839819721,9f420209e7d129f3,
36.0,M,Town,No Membership,2025-04-05,Yes,Without Offers,Desktop,Fiber_Optic,14.0,286.44,17507.85,11.0,542.26,No,Yes,No,Not Applicable,Too many ads,-11,20,26.04,0.0006282895958098796,8796104594e05250,
33.0,F,Town,Basic Membership,2025-04-05,Yes,Without Offers,Both,Wi-Fi,-999.0,627.78,37097.36,29.0,653.92,Yes,No,No,Not Applicable,No reason specified,-11,5,21.647586206896552,0.0007817267859491888,a0c5a01467cbcf89,
15.0,M,City,Gold Membership,2025-04-05,No,Credit/Debit Card Offers,Desktop,Wi-Fi,-999.0,33.58000000000001,45141.32,16.0,797.98,Yes,No,No,Not Applicable,Poor Website,-11,1,2.098750000000001,0.0003544424487365456,b8bb62859961a546,
48.0,M,City,Basic Membership,2025-04-05,Yes,Without Offers,Smartphone,Mobile_Data,16.0,206.37,34036.64,18.0,650.84,Yes,No,No,Not Applicable,Poor Customer Service,-11,13,11.465,0.0005288418598310527,98c4ceae25f8f63e,
14.0,F,Town,Basic Membership,2025-04-05,Yes,Credit/Debit Card Offers,Both,Fiber_Optic,20.0,251.32,41507.11,0.0,1074.4197958801994,No,Yes,Yes,Unsolved,No reason specified,-11,9,0.0,0.0,81f3c041b1ec6ba8,
30.0,F,City,No Membership,2025-04-05,No,Without Offers,Smartphone,Fiber_Optic,15.0,376.74,29975.12,29.0,580.24,Yes,No,Yes,No Information Available,Too many ads,-11,17,12.991034482758621,0.0009674690209747285,bcae6f5ac9407d04,
30.0,F,City,Premium Membership,2025-04-05,No,Credit/Debit Card Offers,Desktop,Fiber_Optic,15.0,425.46,23544.09,3.0,787.48,Yes,No,No,Not Applicable,Reasonable Price,-11,1,141.82,0.0001274205118991645,8111a2e1a36b0d80,
48.0,M,Town,Silver Membership,2025-04-05,No,Credit/Debit Card Offers,Desktop,Fiber_Optic,15.0,135.48,50635.73,0.0,1081.59764363291,No,Yes,No,Not Applicable,Quality Customer Care,-11,21,0.0,0.0,83af834783999b8e,
39.0,F,City,Gold Membership,2025-04-05,Yes,Gift Vouchers/Coupons,Desktop,Fiber_Optic,4.0,481.35,2115.7299999999996,19.0,0.0,No,Yes,No,Not Applicable,Too many ads,-11,9,25.33421052631579,0.008980351935265843,a6278ce870302705,
60.0,F,Town,Gold Membership,2025-04-05,No,Gift Vouchers/Coupons,Desktop,Mobile_Data,8.0,91.36000000000001,82256.29,14.0,742.7,Yes,No,No,Not Applicable,User Friendly Website,-11,17,6.525714285714287,0.00017019975007382415,8d2b4b2224533a72,
36.0,M,Village,Premium Membership,2025-04-05,Yes,Without Offers,Smartphone,Mobile_Data,8.0,59.81999999999999,67334.7,15.0,841.5,No,Yes,Yes,No Information Available,User Friendly Website,-11,16,3.9879999999999995,0.0002227677557039684,a0cacf00d26c6dad,
15.0,F,City,Basic Membership,2025-04-05,No,Without Offers,Desktop,Fiber_Optic,14.0,465.48,36183.89,32.32674455763207,603.73,No,Yes,Yes,Unsolved,Poor Customer Service,-11,9,14.399222884016144,0.0008934015816882062,be4a7ef0a2588922,
35.0,F,Village,Gold Membership,2025-04-05,No,Credit/Debit Card Offers,Smartphone,Mobile_Data,15.0,1194.3845791145532,27022.45,6.0,748.42,No,Yes,Yes,Unsolved,No reason specified,-11,20,199.0640965190922,0.0002220376020679102,ba31c6d6c7cf138b,
40.0,F,City,Premium Membership,2025-04-05,Yes,Credit/Debit Card Offers,Smartphone,Mobile_Data,9.0,73.73000000000002,24481.62,11.0,795.54,Yes,No,Yes,Solved,Poor Customer Service,-11,6,6.702727272727274,0.00044931667103729247,afc797789c5aa5a1,
39.0,M,City,No Membership,2025-04-05,No,Gift Vouchers/Coupons,Smartphone,Mobile_Data,15.0,65.26999999999998,48945.81,9.0,646.3,Yes,No,No,Not Applicable,No reason specified,-11,19,7.25222222222222,0.0001838768221426921,b11fd5991821bcf4,
33.0,M,City,Basic Membership,2025-04-05,Yes,Without Offers,Smartphone,Mobile_Data,9.0,145.15,3977.8499999999985,29.0,615.31,No,Yes,Yes,Unsolved,No reason specified,-11,15,5.005172413793104,0.007290370426235281,9adff450a04064ad,
57.0,F,Village,Premium Membership,2025-04-05,Yes,Without Offers,Smartphone,Wi-Fi,12.0,1185.2063501448336,35227.14,16.0,774.04,No,Yes,Yes,No Information Available,No reason specified,-11,10,74.0753968840521,0.00045419525967762355,87ba7ddec79b6083,
64.0,M,City,Gold Membership,2025-04-05,No,Gift Vouchers/Coupons,Smartphone,Wi-Fi,16.0,0.0,24441.0,17.0,791.57,Yes,No,No,Not Applicable,Poor Product Quality,-11,11,0.0,0.0006955525551327687,a75f9fa6343fcb48,
40.0,M,Town,Premium Membership,2025-04-05,No,Gift Vouchers/Coupons,Smartphone,Mobile_Data,14.0,327.3,10916.240000000002,26.0,709.23,Yes,Yes,Yes,Unsolved,Poor Product Quality,-11,5,12.588461538461539,0.0023817724784357982,aa42e8eab6a3383b,
45.0,F,City,Basic Membership,2025-04-05,No,Gift Vouchers/Coupons,Desktop,Mobile_Data,16.999999999999986,34.06,43630.48,14.0,1031.0252345917618,No,Yes,Yes,Solved in Follow-up,Too many ads,-11,1,2.432857142857143,0.00032087659819465657,8ed694f75b471332,
26.0,F,Town,Gold Membership,2025-04-05,Yes,Gift Vouchers/Coupons,Both,Wi-Fi,12.0,308.83,37831.57,22.0,214.20424299287043,Yes,No,No,Not Applicable,No reason specified,-11,8,14.037727272727272,0.0005815249010284268,b26a40713eee0c49,
19.0,M,Town,Platinum Membership,2025-04-05,Yes,Without Offers,Smartphone,Fiber_Optic,21.0,114.49000000000001,48946.15,0.0,1256.8563474990194,No,Yes,No,Not Applicable,No reason specified,-11,2,0.0,0.0,a2dd9a1b61c82e32,
36.0,M,City,Platinum Membership,2025-04-05,Yes,Credit/Debit Card Offers,Desktop,Wi-Fi,21.0,120.62,49330.19,25.0,732.82,Yes,No,Yes,Unsolved,Poor Product Quality,-11,6,4.8248,0.0005067890474372793,9656ff41789633c8,
15.0,F,Village,Premium Membership,2025-04-05,No,Without Offers,Smartphone,Mobile_Data,3.0,297.29,16412.06,8.0,800.31,Yes,No,No,Not Applicable,Products always in Stock,-11,21,37.16125,0.0004874464265911774,9f8ceddfdc7d4f24,
61.0,F,Village,No Membership,2025-04-05,No,Gift Vouchers/Coupons,Desktop,Wi-Fi,15.0,163.8,9647.77,17.0,410.8862790866464,Yes,No,No,Not Applicable,No reason specified,-11,18,9.63529411764706,0.001762065223362497,86ccc888d4d7b7b8,
29.0,F,City,Basic Membership,2025-04-05,No,Without Offers,Smartphone,Wi-Fi,15.0,98.76999999999998,45965.52,19.0,693.54,No,Yes,No,Not Applicable,Poor Product Quality,-11,23,5.198421052631578,0.000413353313527183,a658ea43dd06023d,
58.0,F,Town,No Membership,2025-04-05,Yes,Credit/Debit Card Offers,Smartphone,Fiber_Optic,13.0,140.96,30108.98,0.0,665.86,Yes,No,No,Not Applicable,Poor Product Quality,-11,23,0.0,0.0,a0b8189c5ab6db9a,
39.0,F,Town,Gold Membership,2025-04-05,No,Gift Vouchers/Coupons,Desktop,Fiber_Optic,14.0,163.55,36389.24,28.0,386.7205619723616,Yes,No,Yes,Solved in Follow-up,No reason specified,-11,7,5.841071428571429,0.0007694582244641548,84ec50f1b3c76139,
29.0,M,Town,No Membership,2025-04-05,No,Credit/Debit Card Offers,Desktop,Fiber_Optic,3.0,31.319999999999965,7387.930000000004,19.0,677.15,No,Yes,Yes,Unsolved,Poor Website,-11,22,1.648421052631577,0.0025717623204334623,b1b61b87f0898114,
43.0,M,Town,Gold Membership,2025-04-05,Yes,Credit/Debit Card Offers,Desktop,Mobile_Data,10.0,670.67,20365.85,6.0,0.0,Yes,Yes,No,Not Applicable,Poor Customer Service,-11,6,111.77833333333332,0.00029461083136721525,abddd9cd3579a460,
46.0,M,Town,No Membership,2025-04-05,No,Credit/Debit Card Offers,Both,Fiber_Optic,3.0,499.0,28329.56,24.0,256.1664290596059,Yes,No,Yes,Solved,No reason specified,-11,0,20.791666666666668,0.0008471716468593229,93bd908090ecdcb7,
19.0,M,City,Basic Membership,2025-04-05,No,Gift Vouchers/Coupons,Desktop,Mobile_Data,8.0,56.81999999999999,7342.75,20.0,692.02,No,Yes,Yes,No Information Available,Poor Product Quality,-11,22,2.8409999999999997,0.0027237751523611726,a3c028326e7cbd39,
13.0,M,City,Premium Membership,2025-04-05,No,Credit/Debit Card Offers,Both,Wi-Fi,21.0,210.46,29027.8,25.0,724.45,Yes,No,Yes,Solved in Follow-up,Poor Customer Service,-11,7,8.4184,0.0008612433598136959,abcc9f81b20cf7df,
61.0,F,Town,Platinum Membership,2025-04-05,Yes,Credit/Debit Card Offers,Smartphone,Fiber_Optic,25.0,128.62,27987.0,19.0,739.48,Yes,No,No,Not Applicable,Too many ads,-11,5,6.769473684210527,0.0006788866259334691,a69c80b81462b035,
45.0,M,Town,Silver Membership,2025-04-05,No,Gift Vouchers/Coupons,Desktop,Wi-Fi,21.0,107.80000000000001,19452.97,11.0,335.0543631226418,Yes,No,No,Not Applicable,Poor Website,-11,14,9.8,0.0005654663529527881,8249f06736ee4e31,
38.0,M,Town,Basic Membership,2025-04-05,No,Credit/Debit Card Offers,Both,Wi-Fi,-999.0,340.47,44705.59,0.0,19.89709222648048,Yes,No,Yes,Solved,Poor Customer Service,-11,11,0.0,0.0,9c0fdc9d249065cd,
29.0,M,City,No Membership,2025-04-05,No,Credit/Debit Card Offers,Smartphone,Mobile_Data,2.0,208.27,9080.509999999998,19.0,612.17,Yes,Yes,No,Not Applicable,Poor Website,-11,21,10.961578947368421,0.0020923934889119666,8a39bc193ea990c3,
21.0,M,City,Gold Membership,2025-04-05,No,Gift Vouchers/Coupons,Desktop,Wi-Fi,15.0,362.55,32517.48,13.0,793.8,No,Yes,No,Not Applicable,Too many ads,-11,6,27.888461538461538,0.0003997849771876542,ba2fcdee29040e9b,
40.0,F,Town,Platinum Membership,2025-04-05,No,Gift Vouchers/Coupons,Smartphone,Mobile_Data,16.999999999999986,1180.0519077687377,54814.0,11.0,0.0,Yes,No,Yes,Solved in Follow-up,Reasonable Price,-11,22,107.27744616079434,0.00020067865873681906,b77f0d47de362c4e,
60.0,F,City,Basic Membership,2025-04-05,Yes,Gift Vouchers/Coupons,Both,Wi-Fi,7.0,630.4,35082.57,0.0,666.83,No,Yes,Yes,Unsolved,Poor Product Quality,-11,17,0.0,0.0,b3dc5e255e93187c,
40.0,M,Town,Basic Membership,2025-04-05,Yes,Gift Vouchers/Coupons,Smartphone,Mobile_Data,9.0,30.24000000000001,3706.6500000000015,11.0,535.61,No,Yes,No,Not Applicable,Too many ads,-11,13,2.74909090909091,0.0029676392429822066,89ce547ab8198c7f,
27.0,F,City,Platinum Membership,2025-04-05,No,Without Offers,Smartphone,Mobile_Data,-999.0,374.59,29414.03,10.0,724.26,Yes,Yes,Yes,Solved,Too many ads,-11,0,37.458999999999996,0.000339973815216752,8aafad1c3d8d0709,
18.0,M,Town,No Membership,2025-04-05,No,Credit/Debit Card Offers,Both,Mobile_Data,-999.0,1013.6025857305262,25084.22,6.0,0.0,No,Yes,Yes,Solved,No reason specified,-11,5,168.93376428842103,0.00023919420257038088,853f6cc9bf3d82c0,
53.0,M,City,Platinum Membership,2025-04-05,Yes,Credit/Debit Card Offers,Smartphone,Wi-Fi,9.0,95.27000000000001,43402.89,3.0,848.7,Yes,No,No,Not Applicable,Reasonable Price,-11,6,31.75666666666667,6.91198212837901e-05,bd1473214afedcbe,
55.0,F,Town,Silver Membership,2025-04-05,Yes,Without Offers,Desktop,Mobile_Data,18.0,47.75,840.130000000001,0.0,641.96,Yes,No,No,Not Applicable,No reason specified,-11,18,0.0,0.0,96ee4fe95107fe2b,
41.0,M,City,Premium Membership,2025-04-05,No,Gift Vouchers/Coupons,Smartphone,Wi-Fi,19.0,32.96000000000001,83234.13,8.0,846.9,Yes,No,No,Not Applicable,Reasonable Price,-11,21,4.120000000000001,9.611441844829759e-05,be36bd1f19edd82e,
11.0,F,Town,No Membership,2025-04-05,Yes,Without Offers,Smartphone,Fiber_Optic,12.0,663.88,33238.59,0.0,557.62,Yes,Yes,Yes,Solved in Follow-up,Poor Product Quality,-11,4,0.0,0.0,af31db192430db80,
63.0,M,City,Platinum Membership,2025-04-05,No,Gift Vouchers/Coupons,Desktop,Wi-Fi,4.0,212.61,76845.67,8.0,0.0,Yes,Yes,No,Not Applicable,Reasonable Price,-11,9,26.57625,0.00010410475957851627,9c55422ce1adb5f1,
48.0,M,City,Basic Membership,2025-04-05,No,Without Offers,Desktop,Wi-Fi,3.0,56.420000000000016,28205.97,6.0,0.0,Yes,No,No,Not Applicable,No reason specified,-11,20,9.403333333333336,0.00021272092397460536,8dba170056a12058,
15.0,F,Town,Basic Membership,2025-04-05,No,Credit/Debit Card Offers,Desktop,Mobile_Data,-999.0,155.08,20198.67,6.0,718.72,No,Yes,No,Not Applicable,Poor Website,-11,6,25.846666666666668,0.0002970492611642252,a891b15a19a661f4,
56.0,M,City,No Membership,2025-04-05,Yes,Credit/Debit Card Offers,Desktop,Wi-Fi,15.0,0.0,37928.51,5.0,659.76,Yes,Yes,Yes,No Information Available,Too many ads,-11,21,0.0,0.00013182695550128384,9782b83ba9ad8bca,
11.0,F,City,No Membership,2025-04-05,No,Gift Vouchers/Coupons,Desktop,Fiber_Optic,12.0,535.66,48034.55,24.0,673.27,No,Yes,No,Not Applicable,Poor Customer Service,-11,15,22.319166666666664,0.0004996403630303604,a8297c78c66a4c16,
38.0,F,Town,Basic Membership,2025-04-05,Yes,Credit/Debit Card Offers,Smartphone,Wi-Fi,15.0,243.17,12903.05,17.0,575.46,No,Yes,No,Not Applicable,Too many ads,-11,6,14.304117647058822,0.001317517951182085,9389bbb64417edc0,
31.0,M,Village,Premium Membership,2025-04-05,No,Gift Vouchers/Coupons,Smartphone,Fiber_Optic,10.0,1047.266414300112,5411.27,9.0,1536.5091880662872,Yes,No,Yes,Solved,Too many ads,-11,1,116.36293492223467,0.0016631955160248887,83e3a1e15505519a,
41.0,F,City,Gold Membership,2025-04-05,No,Without Offers,Desktop,Wi-Fi,-999.0,382.69,41727.41,14.0,748.12,No,Yes,Yes,Solved in Follow-up,Poor Customer Service,-11,3,27.335,0.0003355108788204204,9c19e0b1a22659a4,
19.0,M,Town,Silver Membership,2025-04-05,Yes,Without Offers,Smartphone,Mobile_Data,12.0,32.59,24670.61,12.0,690.63,Yes,No,Yes,Solved in Follow-up,Poor Customer Service,-11,19,2.7158333333333338,0.00048640872682110414,873591bb581f2166,
52.0,F,City,No Membership,2025-04-05,No,Credit/Debit Card Offers,Desktop,Wi-Fi,20.0,77.41,43470.78,27.0,528.61,Yes,No,No,Not Applicable,No reason specified,-11,5,2.867037037037037,0.0006211068676476475,84481fd3444f33bb,
42.0,F,Village,Gold Membership,2025-04-05,No,Gift Vouchers/Coupons,Desktop,Fiber_Optic,16.0,43.49000000000001,36163.4,19.0,695.05,Yes,No,No,Not Applicable,Poor Website,-11,2,2.288947368421053,0.0005253930769783814,8526f47108420767,
49.0,M,City,Gold Membership,2025-04-05,No,Without Offers,Smartphone,Mobile_Data,8.0,413.94,45379.79,7.000000000000001,0.0,Yes,No,No,Not Applicable,Poor Customer Service,-11,7,59.13428571428571,0.0001542536887015123,af2f215bcb0bcb7a,
27.0,F,Town,Platinum Membership,2025-04-05,No,Credit/Debit Card Offers,Both,Mobile_Data,14.0,291.26,29789.92,9.0,727.46,Yes,No,No,Not Applicable,Poor Website,-11,19,32.36222222222222,0.0003021156149462637,8a4c29ca41143935,
12.0,M,City,Premium Membership,2025-04-05,Yes,Gift Vouchers/Coupons,Both,Fiber_Optic,22.0,118.59,49445.65,27.0,701.08,Yes,No,No,Not Applicable,Poor Customer Service,-11,17,4.392222222222222,0.0005460541018269554,ac322abfe27da4e5,
62.0,F,City,Gold Membership,2025-04-05,No,Without Offers,Smartphone,Wi-Fi,19.0,96.23000000000002,16535.52,0.0,781.44,No,Yes,Yes,No Information Available,No reason specified,-11,1,0.0,0.0,924b8bd5dd008024,
62.0,M,Village,No Membership,2025-04-05,Yes,Credit/Debit Card Offers,Desktop,Mobile_Data,25.0,112.87,10441.18,24.0,648.36,Yes,No,No,Not Applicable,Poor Website,-11,16,4.702916666666667,0.0022985907723073445,96a7b9b60556a50c,
45.0,F,Town,No Membership,2025-04-05,Yes,Without Offers,Desktop,Fiber_Optic,21.0,174.73,28985.79,25.0,556.65,Yes,No,No,Not Applicable,Poor Website,-11,1,6.989199999999999,0.0008624915863945747,8c371b66172c5a86,
20.0,F,Village,Silver Membership,2025-04-05,Yes,Credit/Debit Card Offers,Desktop,Mobile_Data,11.0,0.0,19965.2,24.0,756.99,Yes,Yes,No,Not Applicable,Poor Customer Service,-11,3,0.0,0.0012020916394526475,858a1aac7ed80fd5,
50.0,M,City,No Membership,2025-04-05,No,Without Offers,Smartphone,Wi-Fi,10.0,210.82,46240.62,0.0,623.6,Yes,No,Yes,Solved,Poor Website,-11,5,0.0,0.0,90a6c7f67ff83813,
62.0,M,Town,Platinum Membership,2025-04-05,No,Gift Vouchers/Coupons,Desktop,Wi-Fi,24.0,108.92000000000002,39943.55,3.0,488.3680664834972,Yes,No,Yes,Solved,Products always in Stock,-11,22,36.30666666666667,7.510599333309133e-05,ae51c4ccc3b60eed,
35.0,M,Village,Silver Membership,2025-04-05,No,Without Offers,Desktop,Fiber_Optic,7.0,203.28,5151.0,24.0,774.12,Yes,Yes,No,Not Applicable,Too many ads,-11,16,8.47,0.004659289458357601,b0ab3ceeb00a3dbe,
64.0,F,Town,No Membership,2025-04-05,No,Credit/Debit Card Offers,Desktop,Mobile_Data,20.0,173.97,10552.899999999998,8.0,634.17,No,Yes,Yes,Solved in Follow-up,Poor Product Quality,-11,4,21.74625,0.0007580854551829356,b1bde2a3edb97b61,
24.0,F,Village,Silver Membership,2025-04-05,No,Without Offers,Smartphone,Mobile_Data,14.0,160.27,49607.97,20.0,0.0,No,Yes,Yes,Solved,Too many ads,-11,10,8.0135,0.00040316102432734095,8578cd74b0eb2c83,
25.0,M,City,Basic Membership,2025-04-05,Yes,Credit/Debit Card Offers,Both,Fiber_Optic,1.0,750.31,42740.93,26.0,570.6,Yes,Yes,Yes,Solved,No reason specified,-11,1,28.858076923076922,0.000608316197144049,87ad2efb531125fa,
45.0,M,Town,Premium Membership,2025-04-05,Yes,Without Offers,Smartphone,Wi-Fi,19.0,30.909999999999997,49469.65,17.0,1134.5837633534902,Yes,No,Yes,Solved in Follow-up,Poor Customer Service,-11,18,1.818235294117647,0.00034364504297079116,9e1ab6fbe2d47294,
40.0,M,Village,Basic Membership,2025-04-05,No,Gift Vouchers/Coupons,Smartphone,Fiber_Optic,19.0,38.56999999999999,15108.420000000002,18.0,640.66,Yes,No,Yes,No Information Available,Poor Website,-11,8,2.1427777777777774,0.0011913886428891968,924ae7a6e79aaa93,
44.0,M,Town,No Membership,2025-04-05,No,Credit/Debit Card Offers,Desktop,Fiber_Optic,11.0,276.53,17665.03,11.0,547.84,Yes,No,Yes,Unsolved,Poor Product Quality,-11,20,25.139090909090907,0.0006226991972275168,a0cbbbb60b4bb25d,
10.0,F,City,Basic Membership,2025-04-05,No,Without Offers,Desktop,Fiber_Optic,16.0,446.66,48777.59,27.0,690.94,Yes,No,Yes,Solved,Too many ads,-11,19,16.542962962962964,0.0005535328826208921,b7ad89e43b5bc6b9,
37.0,F,Town,Gold Membership,2025-04-05,Yes,Credit/Debit Card Offers,Smartphone,Fiber_Optic,10.0,96.44,41250.24,9.0,750.14,No,Yes,No,Not Applicable,Products always in Stock,-11,15,10.715555555555556,0.00021818054876771627,b1ce91e92cff0f62,
46.0,F,City,Basic Membership,2025-04-05,Yes,Gift Vouchers/Coupons,Desktop,Fiber_Optic,-999.0,107.97999999999999,21475.769999999997,20.0,578.87,Yes,No,Yes,Solved in Follow-up,Too many ads,-11,2,5.398999999999999,0.0009312820913988184,b0e7acccd0039f29,
40.0,F,Town,No Membership,2025-04-05,No,Gift Vouchers/Coupons,Smartphone,Fiber_Optic,6.0,34.56,8118.079999999998,24.0,626.28,No,Yes,Yes,Solved in Follow-up,No reason specified,-11,3,1.4400000000000002,0.0029563640663802285,9a2879a2fa96241e,
28.0,F,City,Gold Membership,2025-04-05,No,Gift Vouchers/Coupons,Smartphone,Mobile_Data,15.0,196.71,14691.100000000002,5.0,819.45,No,Yes,Yes,Solved,Products always in Stock,-11,14,39.342,0.00034034211189087264,adea6ff93b8aede0,
24.0,F,City,Basic Membership,2025-04-05,Yes,Without Offers,Desktop,Fiber_Optic,24.0,33.00999999999999,15000.369999999999,12.0,586.2,No,Yes,Yes,Unsolved,Poor Product Quality,-11,11,2.7508333333333326,0.0007999802671534102,997c632a52d5d835,
51.0,F,Town,Platinum Membership,2025-04-05,No,Without Offers,Smartphone,Mobile_Data,24.0,131.81,5671.329999999998,26.0,0.0,No,Yes,No,Not Applicable,Poor Product Quality,-11,21,5.069615384615385,0.004584462551112351,92f773cbf7640ee1,
12.0,F,City,Silver Membership,2025-04-05,No,Gift Vouchers/Coupons,Desktop,Mobile_Data,7.0,243.26,51939.12,5.0,0.0,Yes,No,No,Not Applicable,User Friendly Website,-11,18,48.652,9.626655207096307e-05,b0e7522cf201fd5f,
51.0,M,Village,Platinum Membership,2025-04-05,No,Without Offers,Desktop,Wi-Fi,10.0,59.0,31309.05,19.0,833.44,No,Yes,No,Not Applicable,Products always in Stock,-11,21,3.1052631578947367,0.0006068532900231722,9d587ad309daf548,
11.0,F,City,Gold Membership,2025-04-05,Yes,Gift Vouchers/Coupons,Desktop,Wi-Fi,22.0,236.48,41250.09,25.0,661.53,Yes,No,No,Not Applicable,Poor Customer Service,-11,9,9.4592,0.0006060592837494415,84487f24b6b5e600,
34.0,M,Town,Gold Membership,2025-04-05,Yes,Without Offers,Desktop,Fiber_Optic,8.0,62.05000000000001,37634.39,27.0,354.9057153041084,Yes,No,Yes,Solved,Too many ads,-11,4,2.2981481481481487,0.0007174289260434406,bce832a020e0c728,
49.0,F,Village,Platinum Membership,2025-04-05,Yes,Gift Vouchers/Coupons,Desktop,Fiber_Optic,10.0,40.43000000000001,6576.02,0.0,767.2,Yes,No,Yes,Unsolved,User Friendly Website,-11,0,0.0,0.0,bc3134fc8f751ca8,
21.0,F,Town,Silver Membership,2025-04-05,No,Gift Vouchers/Coupons,Smartphone,Wi-Fi,18.0,285.59,28517.01,24.0,712.27,Yes,No,Yes,Solved,Poor Website,-11,3,11.899583333333332,0.0008416029590760042,af7f2ea9c95d2d4b,
24.0,M,Town,Basic Membership,2025-04-05,Yes,Without Offers,Smartphone,Mobile_Data,23.0,111.53,9404.43,23.0,634.96,Yes,No,No,Not Applicable,Too many ads,-11,15,4.849130434782609,0.0024456559302371327,968aecc539496d40,
10.0,F,Town,No Membership,2025-04-06,Yes,Credit/Debit Card Offers,Smartphone,Fiber_Optic,19.0,164.17,2464.6199999999953,11.0,694.18,No,Yes,No,Not Applicable,Poor Customer Service,-11,10,14.924545454545454,0.004463162678222209,9009ef8067c8f6af,
34.0,F,Town,Basic Membership,2025-04-06,Yes,Gift Vouchers/Coupons,Smartphone,Wi-Fi,21.0,0.0,21671.07,6.0,634.42,No,Yes,Yes,Solved in Follow-up,Poor Product Quality,-11,20,0.0,0.0002768668090684955,9cd08e2372d6a0ec,
62.0,M,City,Silver Membership,2025-04-06,No,Credit/Debit Card Offers,Desktop,Wi-Fi,21.0,1190.9280825643232,22375.43,16.0,786.9,Yes,No,Yes,Unsolved,Poor Product Quality,-11,10,74.4330051602702,0.0007150700567542166,9967893766880aae,
30.0,F,Town,Gold Membership,2025-04-06,Yes,Gift Vouchers/Coupons,Both,Mobile_Data,9.000000000000002,1989.348333931625,18998.02,12.0,779.87,Yes,No,No,Not Applicable,Poor Product Quality,-11,8,165.77902782763542,0.0006316447714024935,88d73597a1eb3543,
43.0,F,City,Gold Membership,2025-04-06,No,Gift Vouchers/Coupons,Both,Fiber_Optic,12.000000000000002,201.46,30250.71,28.0,639.48,Yes,No,No,Not Applicable,Poor Product Quality,-11,12,7.195,0.0009255981099286595,a315e4a6a5390cc2,
20.0,M,City,Gold Membership,2025-04-06,No,Gift Vouchers/Coupons,Both,Wi-Fi,4.000000000000002,827.29,1221.7900000000009,15.0,798.28,Yes,Yes,Yes,No Information Available,Poor Customer Service,-11,14,55.15266666666666,0.012277068890725893,a9190643c6a39fce,
60.0,M,Village,Gold Membership,2025-04-06,No,Without Offers,Both,Mobile_Data,15.000000000000005,472.33,10792.940000000002,20.0,608.98,Yes,No,Yes,No Information Available,Poor Website,-11,13,23.6165,0.0018530632061328975,b1f1967732c2f622,
28.0,F,Village,No Membership,2025-04-06,No,Without Offers,Desktop,Mobile_Data,20.0,85.62,6576.959999999999,26.0,510.28,No,Yes,No,Not Applicable,Poor Website,-11,20,3.2930769230769235,0.003953194180898166,87361119dbd851fa,
43.0,M,Town,Gold Membership,2025-04-06,No,Credit/Debit Card Offers,Smartphone,Wi-Fi,14.000000000000002,34.69,12421.9,14.0,650.84,No,Yes,No,Not Applicable,Poor Customer Service,-11,10,2.4778571428571428,0.001127041756897093,a4229ba1f67110ed,
57.0,F,Town,Basic Membership,2025-04-06,Yes,Credit/Debit Card Offers,Smartphone,Fiber_Optic,14.000000000000002,34.69999999999999,17984.29,24.0,693.96,Yes,No,No,Not Applicable,Poor Website,-11,15,1.4458333333333329,0.0013344980535789847,b4f370025035c93a,
17.0,F,City,Platinum Membership,2025-04-06,Yes,Gift Vouchers/Coupons,Smartphone,Fiber_Optic,24.0,244.17,31400.8,22.0,709.01,Yes,No,Yes,No Information Available,Poor Product Quality,-11,1,11.098636363636363,0.0007006190925071973,82df92705fd226bd,
61.0,M,Town,Platinum Membership,2025-04-06,Yes,Gift Vouchers/Coupons,Desktop,Mobile_Data,7.000000000000002,861.33,94860.46,4.0,762.67,No,Yes,Yes,Unsolved,Reasonable Price,-11,10,215.3325,4.2167200116887475e-05,96542010ca47bbdc,
44.0,M,Town,Premium Membership,2025-04-06,Yes,Credit/Debit Card Offers,Desktop,Fiber_Optic,4.000000000000002,302.44,52331.78,10.0,791.92,No,Yes,No,Not Applicable,Products always in Stock,-11,22,30.244,0.00019108847434579906,991f227764e971b7,
56.0,M,City,Basic Membership,2025-04-06,No,Credit/Debit Card Offers,Smartphone,Wi-Fi,23.0,122.25,3075.459999999999,7.0,651.35,No,Yes,No,Not Applicable,No reason specified,-11,21,17.464285714285715,0.0022760822771227727,bc603a5933a3aae2,
52.0,M,City,Premium Membership,2025-04-06,No,Without Offers,Smartphone,Wi-Fi,13.000000000000002,348.08,14931.359999999999,23.0,715.7,No,Yes,No,Not Applicable,No reason specified,-11,20,15.13391304347826,0.0015403821219232543,9bc404aa4b8cf529,
26.0,M,Town,No Membership,2025-04-06,No,Without Offers,Desktop,Fiber_Optic,10.000000000000002,133.33,21730.31,10.0,107.77531768801293,Yes,No,Yes,No Information Available,Too many ads,-11,16,13.333000000000002,0.000460186716158214,b3c326421666a319,
56.0,F,City,Basic Membership,2025-04-06,No,Credit/Debit Card Offers,Smartphone,Wi-Fi,3.0000000000000018,119.9,27693.66,7.0,616.944074568296,Yes,No,No,Not Applicable,Too many ads,-11,9,17.12857142857143,0.00025276543439906464,b5839380189e0dc6,
38.0,F,Village,Gold Membership,2025-04-06,Yes,Without Offers,Smartphone,Mobile_Data,6.000000000000002,280.21,35034.82,13.0,779.4,Yes,No,No,Not Applicable,Too many ads,-11,2,21.55461538461538,0.00037105942031384777,9660ab7cde0785e8,
48.0,M,Town,No Membership,2025-04-06,Yes,Without Offers,Smartphone,Fiber_Optic,22.0,140.42,37915.84,26.0,681.39,No,Yes,Yes,Solved,Poor Product Quality,-11,4,5.40076923076923,0.0006857292361187304,ae69fb236e1be72a,
61.0,F,City,Platinum Membership,2025-04-06,No,Credit/Debit Card Offers,Smartphone,Mobile_Data,6.000000000000002,128.53,99054.71,0.0,524.9039266865531,No,Yes,Yes,Solved,Products always in Stock,-11,15,0.0,0.0,8fdd91bc61736af6,
15.0,F,Town,No Membership,2025-04-06,Yes,Gift Vouchers/Coupons,Smartphone,Mobile_Data,17.0,33.94,1017.7099999999991,28.0,662.64,No,Yes,No,Not Applicable,No reason specified,-11,23,1.212142857142857,0.02751274921146498,9c0895008595766c,
32.0,F,City,Premium Membership,2025-04-06,No,Without Offers,Smartphone,Mobile_Data,13.000000000000002,64.88,8610.379999999997,0.0,714.02,No,Yes,No,Not Applicable,Poor Website,-11,9,0.0,0.0,82371d86e2c7c187,
40.0,M,Town,Gold Membership,2025-04-06,Yes,Credit/Debit Card Offers,Smartphone,Fiber_Optic,12.000000000000002,75.84000000000003,40326.29,25.0,710.05,No,Yes,No,Not Applicable,Poor Website,-11,22,3.033600000000001,0.0006199429702062847,8659a598669ee41d,
33.0,F,City,Platinum Membership,2025-04-06,Yes,Gift Vouchers/Coupons,Desktop,Fiber_Optic,12.000000000000002,337.45,9812.440000000002,20.0,769.56,No,Yes,Yes,Solved in Follow-up,Too many ads,-11,13,16.8725,0.0020382290235660037,9b23fc4fc221c8d1,
30.0,F,City,Silver Membership,2025-04-06,Yes,Gift Vouchers/Coupons,Smartphone,Wi-Fi,4.000000000000002,48.18000000000001,77871.04,9.94749312443848,757.98,Yes,No,No,Not Applicable,Reasonable Price,-11,12,4.843431344690644,0.00012774316516690263,abb597f086aa9e9d,
43.0,M,Town,No Membership,2025-04-06,No,Credit/Debit Card Offers,Smartphone,Mobile_Data,10.999999999999998,227.23000000000002,29602.15,24.0,663.63,No,Yes,Yes,Unsolved,Poor Product Quality,-11,13,9.467916666666667,0.0008107519217354144,bace0f4622210af5,
64.0,F,City,Silver Membership,2025-04-06,No,Without Offers,Smartphone,Wi-Fi,23.0,1718.524085529231,8471.46,16.0,335.40198013589264,No,Yes,Yes,Solved,Poor Website,-11,5,107.40775534557693,0.0018886945107454915,9dd2c63833ef631a,
62.0,F,City,No Membership,2025-04-06,Yes,Credit/Debit Card Offers,Desktop,Mobile_Data,5.000000000000002,510.36,21192.35,16.0,661.91,Yes,Yes,No,Not Applicable,Poor Customer Service,-11,23,31.8975,0.0007549894183514334,8cf203e7e7a785cb,
62.0,F,Town,Platinum Membership,2025-04-06,Yes,Without Offers,Smartphone,Wi-Fi,15.000000000000005,558.8,13183.190000000002,20.0,728.46,No,Yes,Yes,No Information Available,Too many ads,-11,4,27.939999999999998,0.0015170834980001045,a9209b729ee4d0c9,
63.0,F,City,Premium Membership,2025-04-06,Yes,Gift Vouchers/Coupons,Desktop,Wi-Fi,22.0,294.43,69832.61,17.0,721.65,No,Yes,Yes,Solved in Follow-up,User Friendly Website,-11,12,17.319411764705883,0.00024343927571946687,b38bfcc320473a1c,
61.0,M,City,No Membership,2025-04-06,Yes,Credit/Debit Card Offers,Smartphone,Mobile_Data,10.000000000000002,69.81,37730.62,0.0,604.41,No,Yes,Yes,Solved in Follow-up,Poor Customer Service,-11,20,0.0,0.0,a25bcef10922641c,
58.0,M,Town,Platinum Membership,2025-04-06,No,Credit/Debit Card Offers,Smartphone,Wi-Fi,15.000000000000005,34.02999999999997,4340.950000000001,18.0,0.0,Yes,No,Yes,Solved in Follow-up,No reason specified,-11,23,1.890555555555554,0.004146557781130857,94c31d3ad85352c7,
64.0,M,City,Gold Membership,2025-04-06,No,Credit/Debit Card Offers,Desktop,Wi-Fi,9.000000000000002,470.29,7067.040000000001,0.0,719.22,Yes,No,No,Not Applicable,Poor Product Quality,-11,23,0.0,0.0,8ed8d3966bb0258e,
42.0,M,City,Basic Membership,2025-04-06,No,Credit/Debit Card Offers,Smartphone,Wi-Fi,12.000000000000002,105.26999999999998,26640.42,29.0,552.49,Yes,No,Yes,Solved in Follow-up,Poor Customer Service,-11,8,3.6299999999999994,0.0010885714264264603,b7cac4a78b0837fc,
44.0,F,Town,No Membership,2025-04-06,No,Gift Vouchers/Coupons,Desktop,Wi-Fi,16.0,423.23,12152.35,23.0,0.0,No,Yes,Yes,No Information Available,Poor Customer Service,-11,6,18.401304347826088,0.0018926380494307684,b3353b9d521d4a15,
14.0,F,Town,Premium Membership,2025-04-06,No,Credit/Debit Card Offers,Desktop,Wi-Fi,17.0,33.56,8190.130000000001,15.0,792.98,No,Yes,No,Not Applicable,Too many ads,-11,0,2.2373333333333334,0.0018314727605056329,8202e3aecb298453,
30.0,M,Town,Silver Membership,2025-04-06,Yes,Without Offers,Smartphone,Fiber_Optic,16.0,46.19,32638.84,16.0,645.59,No,Yes,No,Not Applicable,Too many ads,-11,19,2.886875,0.0004902135002346897,8424a5d3cc1c0769,
19.0,M,Town,Gold Membership,2025-04-06,Yes,Credit/Debit Card Offers,Smartphone,Mobile_Data,23.0,33.920000000000016,11300.77,21.0,722.41,No,Yes,No,Not Applicable,Poor Website,-11,0,1.615238095238096,0.0018582804534558264,aa049844d67800a2,
26.0,M,Town,Platinum Membership,2025-04-06,No,Without Offers,Desktop,Mobile_Data,14.000000000000002,207.13,95646.6,2.0,763.91,No,Yes,Yes,Solved,Products always in Stock,-11,10,103.565,2.0910309409848337e-05,92747fc3bdcd1f64,
17.0,F,Town,Premium Membership,2025-04-06,Yes,Without Offers,Both,Wi-Fi,14.000000000000002,690.9,39735.39,7.999999999999999,726.1,Yes,No,No,Not Applicable,User Friendly Website,-11,10,86.36250000000001,0.00020133186059077308,8c2b47db5e185e44,
64.0,M,City,Gold Membership,2025-04-06,Yes,Without Offers,Desktop,Fiber_Optic,10.000000000000002,103.33000000000001,45550.7,0.0,786.7468573962624,No,Yes,No,Not Applicable,Too many ads,-11,9,0.0,0.0,9c44fc5c56a30905,
55.0,M,City,Basic Membership,2025-04-06,Yes,Credit/Debit Card Offers,Desktop,Fiber_Optic,20.0,419.96,8658.07,25.0,563.99,No,Yes,No,Not Applicable,Poor Product Quality,-11,2,16.7984,0.0028874795422074435,b529b3ce138b5283,
61.0,F,City,Platinum Membership,2025-04-06,No,Without Offers,Desktop,Mobile_Data,5.000000000000002,0.0,2908.779999999999,5.0,832.7,Yes,No,No,Not Applicable,Quality Customer Care,-11,9,0.0,0.001718933711040368,9257e0160c5a7292,
53.0,M,City,No Membership,2025-04-06,No,Credit/Debit Card Offers,Desktop,Wi-Fi,-999.0,253.96,19233.1,25.0,1032.199126230719,Yes,No,Yes,Solved,Poor Website,-11,6,10.1584,0.001299842459093958,9666a5008e88c210,
20.0,F,Town,Gold Membership,2025-04-06,No,Gift Vouchers/Coupons,Smartphone,Fiber_Optic,10.999999999999998,49.02999999999997,17022.13,21.0,621.73,No,Yes,Yes,Unsolved,Poor Customer Service,-11,0,2.3347619047619035,0.0012336881459605819,9c1993a029119eab,
14.0,M,Town,Platinum Membership,2025-04-06,Yes,Without Offers,Smartphone,Fiber_Optic,4.000000000000002,315.28,38195.89,17.0,760.74,Yes,Yes,Yes,Unsolved,Poor Website,-11,18,18.545882352941174,0.00044507406425141555,8b0744092077f415,
23.0,F,City,Basic Membership,2025-04-06,No,Without Offers,Smartphone,Wi-Fi,14.000000000000002,232.93,13540.47,17.0,632.42,Yes,Yes,No,Not Applicable,Poor Website,-11,2,13.701764705882354,0.0012554955625617133,804bd19daa2c1018,
25.0,F,City,Silver Membership,2025-04-06,No,Gift Vouchers/Coupons,Smartphone,Fiber_Optic,3.0000000000000018,714.02,10414.629999999997,9.0,649.04,Yes,No,Yes,Solved,No reason specified,-11,22,79.33555555555556,0.0008641689623155121,ad45c1d5ff524adf,
19.0,F,Town,No Membership,2025-04-06,No,Without Offers,Smartphone,Wi-Fi,7.000000000000002,139.15,29136.83,5.0,707.15,Yes,No,Yes,Solved in Follow-up,Poor Website,-11,6,27.830000000000002,0.00017160411753783784,9d34d5158716195c,
50.0,M,Village,Platinum Membership,2025-04-06,No,Credit/Debit Card Offers,Desktop,Wi-Fi,13.000000000000002,263.22,22493.23,20.0,791.87,No,Yes,No,Not Applicable,Too many ads,-11,17,13.161000000000001,0.00088915642617801,b349ce3c67bfd85b,
38.0,M,City,Silver Membership,2025-04-06,No,Gift Vouchers/Coupons,Desktop,Fiber_Optic,17.0,385.82,46693.44,16.0,734.79,No,Yes,Yes,Solved in Follow-up,Products always in Stock,-11,19,24.11375,0.0003426605536023904,83afe805e0569f33,
36.0,F,City,Silver Membership,2025-04-06,No,Credit/Debit Card Offers,Smartphone,Mobile_Data,21.0,217.41,83493.53,14.0,1297.5021863921202,No,Yes,No,Not Applicable,Reasonable Price,-11,0,15.529285714285715,0.00016767766316743346,ad003d729d6584fb,
13.0,F,City,Basic Membership,2025-04-06,No,Without Offers,Smartphone,Mobile_Data,19.0,107.24000000000004,20946.04,24.0,707.78,No,Yes,No,Not Applicable,No reason specified,-11,12,4.468333333333335,0.0011458013065954232,8656d61129490fea,
64.0,M,City,Gold Membership,2025-04-06,No,Without Offers,Smartphone,Fiber_Optic,16.0,166.78,6336.18,19.0,1091.3719444153598,Yes,No,Yes,Solved in Follow-up,Poor Customer Service,-11,15,8.777894736842105,0.002998652184754852,bacefdc3951ea408,
59.0,F,City,Basic Membership,2025-04-06,Yes,Gift Vouchers/Coupons,Desktop,Wi-Fi,13.000000000000002,1228.3711864839197,45828.09,0.0,510.37,No,Yes,No,Not Applicable,Poor Product Quality,-11,1,0.0,0.0,b02fb4b6653cd901,
30.0,M,Town,Gold Membership,2025-04-06,No,Without Offers,Smartphone,Wi-Fi,10.999999999999998,279.3,6019.419999999998,12.0,814.74,Yes,No,No,Not Applicable,User Friendly Website,-11,20,23.275000000000002,0.001993547551092963,babd0300c38355a7,
20.0,F,Town,Premium Membership,2025-04-06,Yes,Credit/Debit Card Offers,Smartphone,Fiber_Optic,12.000000000000002,585.7,65860.46,15.0,0.0,Yes,Yes,No,Not Applicable,Quality Customer Care,-11,22,39.04666666666667,0.0002277542549809096,9fe0a5fedca11c4d,
21.0,F,City,Platinum Membership,2025-04-06,Yes,Credit/Debit Card Offers,Desktop,Wi-Fi,18.0,59.379999999999995,97302.2,19.0,700.03,No,Yes,No,Not Applicable,Quality Customer Care,-11,14,3.1252631578947367,0.000195267938443324,86717d95b936a2a9,
59.0,M,Town,Basic Membership,2025-04-06,No,Gift Vouchers/Coupons,Smartphone,Fiber_Optic,20.0,364.69,18205.47,7.0,401.36595274917664,Yes,Yes,Yes,Unsolved,Poor Customer Service,-11,20,52.098571428571425,0.0003844998234047239,9fdfaf7a0658629a,
45.0,F,City,Platinum Membership,2025-04-06,No,Gift Vouchers/Coupons,Smartphone,Mobile_Data,12.000000000000002,490.56,18063.14,16.0,798.83,No,Yes,No,Not Applicable,Poor Customer Service,-11,2,30.66,0.0008857817633036117,b8de29e28a27b10b,
18.0,F,Town,Gold Membership,2025-04-06,Yes,Gift Vouchers/Coupons,Both,Wi-Fi,15.000000000000005,0.0,23342.9,15.0,667.12,No,Yes,No,Not Applicable,No reason specified,-11,9,0.0,0.0006425936794485689,bc28b66646e36cba,
22.0,F,Town,Silver Membership,2025-04-06,No,Without Offers,Smartphone,Fiber_Optic,12.000000000000002,445.79,8864.900000000001,22.0,795.19,No,Yes,No,Not Applicable,Poor Product Quality,-11,1,20.26318181818182,0.0024816974810770564,ab7ee435b9b09802,
22.0,M,City,Platinum Membership,2025-04-06,No,Credit/Debit Card Offers,Desktop,Fiber_Optic,9.000000000000002,0.0,49805.81,6.0,784.61,Yes,No,Yes,Solved,No reason specified,-11,20,0.0,0.00012046787312564539,94f3979a31d946d4,
48.0,M,City,Premium Membership,2025-04-06,No,Gift Vouchers/Coupons,Smartphone,Fiber_Optic,8.000000000000005,30.670000000000016,38795.56,12.0,792.42,No,Yes,Yes,No Information Available,No reason specified,-11,8,2.5558333333333345,0.0003093137462121954,a8fabcf24437191c,
17.0,M,City,Silver Membership,2025-04-06,Yes,Credit/Debit Card Offers,Desktop,Fiber_Optic,14.000000000000002,69.31,42177.53,15.0,751.23,No,Yes,Yes,Unsolved,Too many ads,-11,5,4.620666666666667,0.000355639602413892,89156b53af15cc7e,
61.0,F,City,No Membership,2025-04-06,Yes,Gift Vouchers/Coupons,Desktop,Wi-Fi,9.000000000000002,30.970000000000027,38364.97,7.0,566.35,No,Yes,Yes,Solved in Follow-up,Poor Product Quality,-11,16,4.424285714285718,0.00018245811217889652,84a444ac0438a377,
14.0,F,Town,Silver Membership,2025-04-06,No,Credit/Debit Card Offers,Smartphone,Wi-Fi,12.000000000000002,31.120000000000005,16276.47,24.0,971.1355092932388,Yes,No,Yes,Unsolved,Poor Website,-11,15,1.2966666666666669,0.001474521195320607,9975635d9ab67e7a,
54.0,M,City,Premium Membership,2025-04-06,Yes,Credit/Debit Card Offers,Desktop,Fiber_Optic,6.000000000000002,1002.2962205683322,36741.06,28.0,797.6,Yes,No,No,Not Applicable,Poor Website,-11,5,35.79629359172615,0.0007620901519988808,b153e86d3dc9894c,
48.0,M,City,Premium Membership,2025-04-06,Yes,Gift Vouchers/Coupons,Both,Fiber_Optic,12.000000000000002,1825.4234843102722,59384.67,5.0,462.8746004409159,Yes,No,No,Not Applicable,User Friendly Website,-11,16,365.08469686205444,8.419681375681637e-05,b19c8b0023e678be,
41.0,F,City,No Membership,2025-04-06,Yes,Gift Vouchers/Coupons,Desktop,Wi-Fi,5.000000000000002,1595.5500000000002,6326.5,11.0,650.62,Yes,Yes,Yes,No Information Available,Poor Customer Service,-11,19,145.05,0.001738718090571406,ae82808e4e6997d5,
11.0,M,City,Platinum Membership,2025-04-06,Yes,Without Offers,Smartphone,Wi-Fi,22.0,30.189999999999998,5410.830000000002,0.0,736.41,No,Yes,No,Not Applicable,Poor Product Quality,-11,12,0.0,0.0,a849c23ec5f49bdb,
52.0,M,City,No Membership,2025-04-06,Yes,Gift Vouchers/Coupons,Desktop,Fiber_Optic,15.000000000000005,155.53,22847.68,25.0,541.19,Yes,No,No,Not Applicable,Poor Product Quality,-11,9,6.2212,0.0010942030000420174,be2ef2dba56669c5,
47.0,F,City,Basic Membership,2025-04-06,No,Without Offers,Desktop,Mobile_Data,10.000000000000002,31.879999999999995,2966.1199999999953,7.0,643.26,Yes,No,No,Not Applicable,Poor Product Quality,-11,21,4.554285714285713,0.0023599854355184587,bafa174d78da87b5,
55.0,M,City,Platinum Membership,2025-04-06,No,Gift Vouchers/Coupons,Both,Mobile_Data,15.000000000000005,255.96,23514.94,11.0,479.5261417295684,Yes,Yes,No,Not Applicable,Poor Customer Service,-11,2,23.26909090909091,0.00046778771283277783,b2467c5f8673cb3f,
50.0,M,Town,No Membership,2025-04-06,No,Without Offers,Desktop,Fiber_Optic,7.000000000000002,33.5,35800.89,28.0,670.3,No,Yes,Yes,Solved in Follow-up,Poor Product Quality,-11,4,1.1964285714285714,0.0007821034616737182,b570b57b7148ca88,
59.0,F,City,Gold Membership,2025-04-06,No,Without Offers,Smartphone,Fiber_Optic,7.000000000000002,397.84,9826.379999999997,0.0,631.77,No,Yes,No,Not Applicable,No reason specified,-11,4,0.0,0.0,957f2b8c68f906ef,
56.0,M,Town,Silver Membership,2025-04-06,No,Gift Vouchers/Coupons,Smartphone,Mobile_Data,13.000000000000002,263.41,46513.77,25.0,705.44,No,Yes,No,Not Applicable,Poor Customer Service,-11,18,10.5364,0.0005374752465775189,be6054fca6606267,
19.0,F,City,Basic Membership,2025-04-06,Yes,Credit/Debit Card Offers,Smartphone,Wi-Fi,9.000000000000002,64.00999999999999,43350.81,0.0,254.6775582104147,Yes,No,No,Not Applicable,Poor Website,-11,2,0.0,0.0,b0c46f33257ef321,
40.0,F,Town,Silver Membership,2025-04-06,Yes,Without Offers,Desktop,Wi-Fi,10.999999999999998,472.25,39052.32,24.0,761.69,Yes,No,No,Not Applicable,Poor Website,-11,9,19.677083333333332,0.0006145601592939932,a005af733047478f,
28.0,F,City,Premium Membership,2025-04-06,No,Gift Vouchers/Coupons,Smartphone,Wi-Fi,10.999999999999998,76.40999999999997,37802.31,14.0,760.54,Yes,No,No,Not Applicable,Poor Customer Service,-11,12,5.457857142857141,0.0003703477380086032,9e80277c3c2e7f28,
29.0,M,Village,Basic Membership,2025-04-06,Yes,Credit/Debit Card Offers,Both,Wi-Fi,5.000000000000002,659.53,12511.72,17.0,544.28,Yes,No,Yes,Unsolved,Poor Product Quality,-11,8,38.79588235294118,0.0013587260584475996,988a1ae6867fe90a,
31.0,F,City,Platinum Membership,2025-04-06,No,Gift Vouchers/Coupons,Smartphone,Wi-Fi,12.000000000000002,0.0,81009.58,13.0,1163.6643913728587,Yes,No,Yes,Unsolved,User Friendly Website,-11,8,0.0,0.0001604748475427227,b404df89717df927,
41.0,F,Town,Gold Membership,2025-04-06,Yes,Credit/Debit Card Offers,Smartphone,Fiber_Optic,-999.0,1157.4496795477548,28549.34,9.0,735.15,Yes,No,No,Not Applicable,No reason specified,-11,15,128.60551994975054,0.00031524371491600155,a299a7b36701389e,
49.0,F,City,Silver Membership,2025-04-06,Yes,Gift Vouchers/Coupons,Smartphone,Fiber_Optic,16.0,51.389999999999986,30420.46,29.0,631.72,Yes,No,No,Not Applicable,No reason specified,-11,0,1.7720689655172408,0.0009533057685518234,b5b82588d4bee5b3,
60.0,M,Village,Gold Membership,2025-04-06,No,Without Offers,Smartphone,Wi-Fi,12.000000000000002,141.12,1358.920000000002,28.0,704.0,Yes,No,No,Not Applicable,Poor Product Quality,-11,4,5.04,0.020604597768816384,bfe5d7af1c64fec6,
63.0,M,City,Basic Membership,2025-04-06,Yes,Without Offers,Desktop,Fiber_Optic,24.0,47.90999999999997,5519.3499999999985,17.0,673.06,Yes,No,Yes,Solved,Too many ads,-11,18,2.8182352941176454,0.003080072834663503,95948bfebbf0bfca,
16.0,M,Town,Platinum Membership,2025-04-06,No,Without Offers,Desktop,Wi-Fi,15.000000000000005,94.19999999999999,851.8300000000017,15.0,706.39,No,Yes,Yes,Unsolved,Too many ads,-11,18,6.279999999999999,0.017609147365084548,84d872d5cfc314ad,
44.0,F,Village,Gold Membership,2025-04-06,No,Without Offers,Desktop,Fiber_Optic,5.000000000000002,1268.4476792485182,40555.28,26.0,638.21,Yes,No,No,Not Applicable,Poor Product Quality,-11,18,48.786449201866084,0.0006411002463797562,ab56348e8abcb73b,
55.0,M,Town,No Membership,2025-04-06,No,Without Offers,Smartphone,Wi-Fi,6.000000000000002,89.91,20357.35,45.92999946802401,625.72,No,Yes,No,Not Applicable,Too many ads,-11,11,1.9575441115037333,0.0022561875424858347,907474f02a0c91ae,
30.0,M,City,No Membership,2025-04-06,Yes,Without Offers,Desktop,Wi-Fi,10.999999999999998,99.41,10962.419999999998,13.0,662.26,No,Yes,No,Not Applicable,Too many ads,-11,0,7.646923076923077,0.0011858695434037378,8108c3bbbab89dfb,
13.0,F,City,Basic Membership,2025-04-06,No,Gift Vouchers/Coupons,Smartphone,Fiber_Optic,8.000000000000005,302.24,12979.540000000003,28.0,0.0,Yes,No,No,Not Applicable,Too many ads,-11,13,10.794285714285715,0.002157241319800239,87d847293c473692,
56.0,M,City,Gold Membership,2025-04-06,Yes,Credit/Debit Card Offers,Smartphone,Fiber_Optic,18.0,1278.747861187138,49991.54,23.0,748.15,No,Yes,Yes,Solved in Follow-up,Too many ads,-11,1,55.597733095092956,0.000460077845171403,86ebe08b574114e2,
43.0,F,Town,Silver Membership,2025-04-06,Yes,Without Offers,Desktop,Mobile_Data,7.000000000000002,518.36,4955.549999999999,26.0,601.36,Yes,No,Yes,No Information Available,Poor Website,-11,23,19.936923076923076,0.005246642653186832,a07bef80ac58c86a,
28.0,F,City,Gold Membership,2025-04-06,Yes,Gift Vouchers/Coupons,Smartphone,Wi-Fi,10.000000000000002,88.4,46881.69,7.0,690.12,Yes,No,No,Not Applicable,No reason specified,-11,17,12.62857142857143,0.00014931202352133635,898c2e5cc9183c83,
37.0,F,City,No Membership,2025-04-06,No,Without Offers,Smartphone,Mobile_Data,-999.0,31.100000000000023,18786.01,5.0,500.38,No,Yes,No,Not Applicable,No reason specified,-11,9,6.220000000000004,0.0002661555061452645,91b53ec0361dcf5b,
54.0,F,Town,Gold Membership,2025-04-06,Yes,Credit/Debit Card Offers,Smartphone,Fiber_Optic,9.000000000000002,143.89,88595.35,5.0,731.76,Yes,No,No,Not Applicable,Reasonable Price,-11,14,28.778,5.6436370531861995e-05,881a3e38a9d9cb15,
59.0,F,City,Gold Membership,2025-04-06,Yes,Credit/Debit Card Offers,Desktop,Mobile_Data,10.000000000000002,145.85,5470.540000000001,9.0,691.68,Yes,No,Yes,Solved,Poor Customer Service,-11,19,16.205555555555556,0.0016451757961736865,a98d9df4d46e2935,
39.0,F,Town,Platinum Membership,2025-04-06,Yes,Without Offers,Smartphone,Fiber_Optic,15.000000000000005,205.37,21791.2,11.0,711.81,Yes,No,No,Not Applicable,Poor Website,-11,12,18.67,0.0005047909247769742,8ae1627d04cde964,
30.0,M,City,No Membership,2025-04-06,Yes,Gift Vouchers/Coupons,Smartphone,Wi-Fi,7.000000000000002,128.31,32680.42,28.0,536.1,Yes,No,Yes,Unsolved,Poor Product Quality,-11,0,4.5825000000000005,0.000856782134378934,a100a10562424ad4,
62.0,M,City,Silver Membership,2025-04-06,Yes,Gift Vouchers/Coupons,Smartphone,Wi-Fi,2.0000000000000018,1329.2396206662606,921.9099999999999,12.0,957.4608785195576,No,Yes,No,Not Applicable,Poor Customer Service,-11,15,110.76996838885505,0.013016454968489334,8500a343f493d99c,
60.0,F,Town,Basic Membership,2025-04-06,Yes,Gift Vouchers/Coupons,Both,Mobile_Data,10.999999999999998,657.32,49804.47,0.0,651.92,No,Yes,Yes,Unsolved,Poor Product Quality,-11,7,0.0,0.0,8e0e569adb832ec2,
34.0,F,Town,Basic Membership,2025-04-06,Yes,Credit/Debit Card Offers,Smartphone,Wi-Fi,12.000000000000002,831.76,7578.739999999998,23.0,551.37,No,Yes,No,Not Applicable,Poor Product Quality,-11,3,36.16347826086957,0.003034805257866084,abdca0b4c4749d88,
31.0,F,Town,Gold Membership,2025-04-06,Yes,Without Offers,Desktop,Fiber_Optic,2.0000000000000018,83.86000000000004,1573.0800000000017,5.0,1213.4631634590214,Yes,No,Yes,Unsolved,Poor Website,-11,17,16.77200000000001,0.00317847789050779,b41d29e53a4c1d4b,
27.0,F,City,Basic Membership,2025-04-06,No,Without Offers,Smartphone,Fiber_Optic,2.0000000000000018,414.49,4353.439999999999,0.0,601.32,Yes,No,Yes,Solved,Poor Website,-11,7,0.0,0.0,a248ba663051aeb5,
24.0,F,City,Gold Membership,2025-04-06,No,Gift Vouchers/Coupons,Both,Mobile_Data,9.000000000000002,234.63,6036.07,20.0,793.55,Yes,Yes,Yes,Unsolved,Poor Customer Service,-11,13,11.7315,0.0033134141916843244,ab069b2a025c2820,
13.0,M,City,No Membership,2025-04-06,Yes,Without Offers,Desktop,Fiber_Optic,10.999999999999998,0.0,46427.3,7.0,614.71,Yes,No,Yes,Solved in Follow-up,Poor Website,-11,12,0.0,0.00015077335963969475,893819b1a5f479e7,
63.0,M,City,Silver Membership,2025-04-06,Yes,Gift Vouchers/Coupons,Desktop,Wi-Fi,8.000000000000005,33.43000000000001,51088.94,1.0,1198.7237103407049,No,Yes,No,Not Applicable,User Friendly Website,-11,7,33.43000000000001,1.9573708125476863e-05,898ad6309f8fbb86,
15.0,M,City,Basic Membership,2025-04-06,Yes,Credit/Debit Card Offers,Both,Fiber_Optic,10.000000000000002,303.36,42906.25,24.0,610.41,Yes,No,No,Not Applicable,Poor Website,-11,9,12.64,0.0005593590677348871,9fa9897d2cad5ec2,
50.0,M,City,Gold Membership,2025-04-06,No,Credit/Debit Card Offers,Desktop,Wi-Fi,18.0,34.49000000000001,5561.18,12.0,0.0,No,Yes,No,Not Applicable,Quality Customer Care,-11,1,2.8741666666666674,0.002157815427661036,a90b32a6e159a3d1,
10.0,M,Town,No Membership,2025-04-06,No,Credit/Debit Card Offers,Smartphone,Fiber_Optic,16.0,85.81,8632.18,6.0,622.71,Yes,No,No,Not Applicable,Poor Customer Service,-11,20,14.301666666666668,0.0006950735503661879,a4971cce5cbf50fd,
62.0,F,Town,Silver Membership,2025-04-07,Yes,Credit/Debit Card Offers,Smartphone,Mobile_Data,6.0,294.69,43803.68,19.0,0.0,Yes,Yes,Yes,Solved in Follow-up,Poor Customer Service,-11,12,15.51,0.00043375351112052686,bc99375bb47dbb1f,
18.0,M,Town,Silver Membership,2025-04-07,No,Gift Vouchers/Coupons,Desktop,Fiber_Optic,19.0,98.56,36102.57,7.000000000000001,0.0,No,Yes,No,Not Applicable,Reasonable Price,-11,3,14.079999999999998,0.00019389201378184438,ab4867ec687362b0,
27.0,F,Town,Silver Membership,2025-04-07,No,Gift Vouchers/Coupons,Desktop,Mobile_Data,12.0,107.78999999999999,21703.2,5.0,1172.0148825312767,No,Yes,No,Not Applicable,Poor Website,-11,0,21.558,0.00023038077334217995,969f4ea11d9d3833,
49.0,F,Town,Silver Membership,2025-04-07,Yes,Gift Vouchers/Coupons,Desktop,Wi-Fi,1.0,153.21,36905.38,29.0,0.0,No,Yes,No,Not Applicable,No reason specified,-11,17,5.283103448275862,0.0007857932908426902,a56138907843a4fe,
46.0,M,Town,Basic Membership,2025-04-07,No,Gift Vouchers/Coupons,Desktop,Mobile_Data,21.0,465.88,18624.48,12.0,524.01,No,Yes,Yes,No Information Available,Poor Product Quality,-11,23,38.82333333333333,0.0006443132908945646,9f3c642ddb0f1dfc,
47.0,F,City,Gold Membership,2025-04-07,Yes,Without Offers,Smartphone,Fiber_Optic,16.999999999999996,106.08000000000001,42482.76,25.0,955.1175720672891,No,Yes,Yes,Solved in Follow-up,Poor Customer Service,-11,2,4.243200000000001,0.000588474006867727,96bb5b72545ddeab,
50.0,F,City,Gold Membership,2025-04-07,No,Gift Vouchers/Coupons,Desktop,Mobile_Data,9.999999999999998,172.22,22718.69,11.0,716.44,Yes,No,No,Not Applicable,Poor Customer Service,-11,23,15.656363636363636,0.00048418284681026947,afbef321219d719c,
40.0,M,City,Premium Membership,2025-04-07,Yes,Credit/Debit Card Offers,Both,Mobile_Data,14.0,332.06,37335.47,19.0,749.14,Yes,No,No,Not Applicable,Poor Website,-11,9,17.47684210526316,0.0005088994460227767,ab4a36a6b822094f,
20.0,F,Town,Gold Membership,2025-04-07,No,Credit/Debit Card Offers,Smartphone,Fiber_Optic,9.0,126.82,1732.4500000000007,7.999999999999999,758.87,No,Yes,No,Not Applicable,No reason specified,-11,15,15.852500000000001,0.004617737885653263,b4b7cb89e25ae7c8,
12.0,M,Town,Platinum Membership,2025-04-07,No,Gift Vouchers/Coupons,Both,Mobile_Data,8.0,1415.155826671671,76199.12,14.0,1035.1986686688874,Yes,Yes,No,Not Applicable,Reasonable Price,-11,17,101.0825590479765,0.00018372915592726005,8a1f2c4a6426a345,
51.0,F,Village,No Membership,2025-04-07,No,Credit/Debit Card Offers,Smartphone,Wi-Fi,5.0,204.01,11395.95,0.0,671.14,No,Yes,Yes,Solved,No reason specified,-11,11,0.0,0.0,80f4c2c2c5c19864,
21.0,M,Town,Basic Membership,2025-04-07,No,Gift Vouchers/Coupons,Both,Mobile_Data,12.0,93.64000000000001,24577.49,29.0,681.9,Yes,No,No,Not Applicable,No reason specified,-11,3,3.22896551724138,0.0011799414830399686,a830f5defcbd08ca,
37.0,M,Town,Gold Membership,2025-04-07,No,Gift Vouchers/Coupons,Desktop,Fiber_Optic,9.0,106.22,36994.39,0.0,97.7535686312388,Yes,No,Yes,Solved,Reasonable Price,-11,21,0.0,0.0,acd23ea203f4d2fe,
54.0,M,Town,Platinum Membership,2025-04-07,No,Without Offers,Desktop,Mobile_Data,9.999999999999998,102.45000000000002,30580.79,27.0,773.61,Yes,No,No,Not Applicable,Poor Product Quality,-11,17,3.794444444444445,0.0008829072107031898,ba777733b9dc7eea,
56.0,F,City,Gold Membership,2025-04-07,No,Gift Vouchers/Coupons,Desktop,Fiber_Optic,6.0,64.53999999999999,10421.510000000002,19.0,1203.6014405035264,Yes,No,Yes,Solved,Too many ads,-11,10,3.3968421052631577,0.001823152307103289,abb6eec7a03c8c90,
47.0,F,Town,Premium Membership,2025-04-07,No,Without Offers,Smartphone,Fiber_Optic,16.0,100.83000000000001,14297.65,12.0,791.79,Yes,No,Yes,Unsolved,Poor Product Quality,-11,18,8.402500000000002,0.0008392987658811064,868334758c848066,
10.0,F,Town,Platinum Membership,2025-04-07,No,Without Offers,Smartphone,Wi-Fi,6.0,369.65,4010.6100000000006,26.0,261.96725584777784,Yes,Yes,No,Not Applicable,Poor Website,-11,17,14.217307692307692,0.006482804361431302,a7341f48361ab906,
47.0,F,City,No Membership,2025-04-07,No,Gift Vouchers/Coupons,Desktop,Mobile_Data,8.0,346.02,21943.66,26.0,837.8774714827696,No,Yes,Yes,Unsolved,No reason specified,-11,10,13.308461538461538,0.001184852481308952,b49fce81d4036ade,
27.0,F,Town,Silver Membership,2025-04-07,No,Credit/Debit Card Offers,Smartphone,Fiber_Optic,14.0,36.46999999999997,40894.81,28.0,670.01,Yes,No,No,Not Applicable,Poor Customer Service,-11,18,1.3024999999999989,0.0006846834598326781,9e032c24d0e6fc24,
51.0,M,Town,No Membership,2025-04-07,Yes,Credit/Debit Card Offers,Smartphone,Fiber_Optic,7.0,31.55000000000001,48426.03,6.0,558.24,No,Yes,No,Not Applicable,Too many ads,-11,23,5.2583333333333355,0.00012390030733471234,bfcca854eb79496f,
41.0,M,Town,Premium Membership,2025-04-07,No,Credit/Debit Card Offers,Both,Fiber_Optic,9.999999999999998,764.99,23781.92,6.0,0.0,No,Yes,Yes,Solved in Follow-up,Poor Product Quality,-11,11,127.49833333333333,0.0002522924978302845,803a31173212311a,
42.0,F,Town,No Membership,2025-04-07,No,Credit/Debit Card Offers,Smartphone,Mobile_Data,16.999999999999996,202.89,42399.92,7.000000000000001,644.05,Yes,No,Yes,Unsolved,Poor Product Quality,-11,21,28.984285714285708,0.00016509465112198328,88e2e950bb387676,
59.0,F,City,Platinum Membership,2025-04-07,No,Credit/Debit Card Offers,Both,Wi-Fi,14.0,461.67,24445.63,14.0,746.74,Yes,No,Yes,Unsolved,Poor Website,-11,9,32.97642857142857,0.0005726994968016778,b656dc40af8b8c33,
46.0,M,City,Basic Membership,2025-04-07,Yes,Without Offers,Smartphone,Wi-Fi,12.0,862.01,4548.100000000002,11.0,521.97,Yes,Yes,Yes,No Information Available,Poor Website,-11,1,78.36454545454545,0.002418592379235284,b625af429edf3c70,
26.0,M,Village,Silver Membership,2025-04-07,Yes,Gift Vouchers/Coupons,Smartphone,Mobile_Data,23.0,142.85000000000002,13224.149999999998,29.0,744.29,No,Yes,Yes,No Information Available,Poor Website,-11,16,4.925862068965518,0.0021929575813946457,89a636ae8e900aaa,
50.0,M,Village,Premium Membership,2025-04-07,Yes,Gift Vouchers/Coupons,Smartphone,Fiber_Optic,8.0,49.78,42936.4,14.0,0.0,No,Yes,Yes,Solved,Too many ads,-11,1,3.5557142857142856,0.00032606366625986344,9cd821134e3f0f11,
21.0,M,Town,Gold Membership,2025-04-07,Yes,Without Offers,Desktop,Mobile_Data,5.0,34.589999999999975,5850.550000000003,18.0,637.05,No,Yes,Yes,Solved,No reason specified,-11,21,1.9216666666666653,0.0030766338207518936,b88fa935923dd3d3,
14.0,M,Town,Gold Membership,2025-04-07,Yes,Gift Vouchers/Coupons,Smartphone,Wi-Fi,19.0,61.72999999999996,20433.8,17.0,725.54,No,Yes,No,Not Applicable,No reason specified,-11,20,3.6311764705882332,0.0008319548982568098,a5b84ae77fa432a9,
54.0,M,Town,Silver Membership,2025-04-07,No,Credit/Debit Card Offers,Smartphone,Fiber_Optic,7.0,31.099999999999966,23395.0,19.0,608.28,Yes,No,No,Not Applicable,No reason specified,-11,5,1.636842105263156,0.0008121393460141056,967bdf58017e11c0,
42.0,M,Village,Silver Membership,2025-04-07,Yes,Credit/Debit Card Offers,Desktop,Fiber_Optic,8.0,294.4,55351.33,19.0,1254.2481431515366,Yes,Yes,No,Not Applicable,Reasonable Price,-11,17,15.494736842105262,0.00034326185116057733,a8fe9503362012a1,
25.0,M,City,Premium Membership,2025-04-07,Yes,Without Offers,Smartphone,Mobile_Data,22.0,194.97,26403.68,7.999999999999999,1031.5563237933188,No,Yes,Yes,Unsolved,Poor Product Quality,-11,19,24.371250000000003,0.0003029880683298691,841832829d8fe974,
13.0,F,Town,Silver Membership,2025-04-07,No,Gift Vouchers/Coupons,Desktop,Wi-Fi,23.0,94.38,17272.99,28.0,0.0,No,Yes,No,Not Applicable,Poor Product Quality,-11,12,3.3707142857142856,0.0016210279748902765,9b7e18ed629308e8,
48.0,F,City,Silver Membership,2025-04-07,No,Without Offers,Desktop,Fiber_Optic,12.0,354.49,11016.900000000001,20.0,619.8,Yes,No,Yes,No Information Available,No reason specified,-11,4,17.7245,0.0018153927148290352,bc651a6e5bc2d1b3,
59.0,F,City,Platinum Membership,2025-04-07,No,Gift Vouchers/Coupons,Desktop,Wi-Fi,11.0,1220.8132304512378,47990.19,26.0,749.62,No,Yes,No,Not Applicable,Poor Website,-11,20,46.9543550173553,0.0005417773924212428,9adce1e56447d550,
38.0,F,City,Basic Membership,2025-04-07,Yes,Without Offers,Desktop,Fiber_Optic,6.0,687.93,3762.290000000001,22.0,666.85,Yes,No,No,Not Applicable,Poor Product Quality,-11,23,31.26954545454545,0.005847502451964095,843c179862345f79,
45.0,M,Town,Silver Membership,2025-04-07,No,Gift Vouchers/Coupons,Desktop,Fiber_Optic,6.0,1191.829059101316,8113.869999999999,0.0,720.96,No,Yes,Yes,No Information Available,Too many ads,-11,5,0.0,0.0,9136f7b4229acb1c,
20.0,M,Town,Platinum Membership,2025-04-07,No,Credit/Debit Card Offers,Smartphone,Mobile_Data,19.0,64.29999999999998,49812.55,11.0,719.44,No,Yes,Yes,Solved in Follow-up,User Friendly Website,-11,11,5.845454545454544,0.00022082788373612672,be93af62cf8e5ea0,
45.0,F,City,Basic Membership,2025-04-07,Yes,Gift Vouchers/Coupons,Both,Fiber_Optic,8.0,0.0,11197.809999999998,20.0,517.68,No,Yes,Yes,Unsolved,Poor Product Quality,-11,12,0.0,0.0017860635249213914,944f2afb350d02f4,
47.0,M,Town,Premium Membership,2025-04-07,No,Gift Vouchers/Coupons,Desktop,Mobile_Data,13.0,102.75,97654.93,7.999999999999999,721.92,No,Yes,Yes,No Information Available,Products always in Stock,-11,16,12.843750000000002,8.19211073112233e-05,ae9026aa3aaee43b,
31.0,F,Town,No Membership,2025-04-07,Yes,Gift Vouchers/Coupons,Desktop,Mobile_Data,12.0,0.0,37310.44,29.0,656.28,No,Yes,No,Not Applicable,Poor Customer Service,-11,17,0.0,0.0007772623426579798,b4f6d7c2317dae28,
10.0,F,City,Silver Membership,2025-04-07,Yes,Without Offers,Smartphone,Wi-Fi,9.0,32.129999999999995,20956.15,52.834061928481376,772.91,No,Yes,Yes,Solved,No reason specified,-11,22,0.6081304148731295,0.002521172158458561,a62cfb1f632b404e,
29.0,M,City,No Membership,2025-04-07,Yes,Credit/Debit Card Offers,Desktop,Wi-Fi,7.0,185.36,33082.42,0.0,0.0,No,Yes,Yes,Solved in Follow-up,Poor Customer Service,-11,1,0.0,0.0,9b4f1c8a1da11d36,
57.0,M,City,Basic Membership,2025-04-07,No,Gift Vouchers/Coupons,Desktop,Wi-Fi,19.0,129.44,31899.86,5.0,245.58607279912962,No,Yes,No,Not Applicable,No reason specified,-11,23,25.887999999999998,0.00015674049980156653,8cfbc642a889e0f3,
36.0,F,Town,Gold Membership,2025-04-07,No,Credit/Debit Card Offers,Smartphone,Fiber_Optic,11.0,186.99,83740.72,4.0,309.83830119638617,No,Yes,Yes,No Information Available,Reasonable Price,-11,9,46.7475,4.776648684176587e-05,9666be2c74eed4b3,
16.0,M,City,Gold Membership,2025-04-07,No,Credit/Debit Card Offers,Desktop,Wi-Fi,18.0,31.119999999999976,8462.739999999998,21.0,665.31,Yes,No,No,Not Applicable,Too many ads,-11,16,1.4819047619047607,0.002481465813672641,9093e34d9f3a31d6,
21.0,F,City,Basic Membership,2025-04-07,No,Credit/Debit Card Offers,Desktop,Mobile_Data,9.0,54.71999999999997,4892.060000000001,22.0,0.0,Yes,No,No,Not Applicable,Poor Product Quality,-11,10,2.487272727272726,0.004497083028417476,be09167c33a73d89,
30.0,M,Town,Platinum Membership,2025-04-07,No,Credit/Debit Card Offers,Desktop,Wi-Fi,3.0,1418.5440936396667,68887.08,7.000000000000001,431.0462050490913,No,Yes,Yes,No Information Available,Reasonable Price,-11,22,202.64915623423806,0.00010161557145403754,a65a62e53ed2339e,
42.0,M,Town,Premium Membership,2025-04-07,No,Gift Vouchers/Coupons,Desktop,Wi-Fi,19.0,33.89999999999998,22230.29,0.0,781.24,Yes,No,No,Not Applicable,Poor Product Quality,-11,13,0.0,0.0,96e81f23bc5900d7,
26.0,M,City,No Membership,2025-04-07,No,Gift Vouchers/Coupons,Smartphone,Mobile_Data,16.0,41.69,32803.22,24.0,0.0,Yes,No,Yes,Solved,Poor Website,-11,5,1.7370833333333333,0.0007316354918815896,aa4ea26bf273baa4,
50.0,M,Village,Premium Membership,2025-04-07,Yes,Without Offers,Both,Fiber_Optic,7.0,195.51,5504.439999999999,7.000000000000001,250.61310696350756,Yes,No,No,Not Applicable,Products always in Stock,-11,10,27.929999999999996,0.0012717006634644038,82ea624dcfe7a953,
41.0,M,Town,Gold Membership,2025-04-07,Yes,Gift Vouchers/Coupons,Desktop,Mobile_Data,12.0,0.0,10666.900000000001,22.0,765.65,Yes,No,No,Not Applicable,No reason specified,-11,14,0.0,0.0020624548837994165,88e571fe16d765d1,
25.0,M,City,No Membership,2025-04-07,No,Credit/Debit Card Offers,Desktop,Wi-Fi,-999.0,31.370000000000005,49179.84,28.0,679.74,Yes,No,Yes,No Information Available,Poor Customer Service,-11,18,1.120357142857143,0.0005693389811760267,bcfb11fab55c625f,
57.0,M,Village,Silver Membership,2025-04-07,Yes,Gift Vouchers/Coupons,Both,Wi-Fi,20.0,0.0,86358.56,18.0,779.08,Yes,No,No,Not Applicable,User Friendly Website,-11,10,0.0,0.00020843330412179174,b9f08699756a8144,
44.0,M,Town,Basic Membership,2025-04-07,No,Gift Vouchers/Coupons,Smartphone,Wi-Fi,18.0,32.96000000000001,1254.9599999999991,18.0,665.25,No,Yes,Yes,Solved,Poor Customer Service,-11,11,1.8311111111111116,0.01434308663224327,821d2f745e448bb4,
41.0,F,City,No Membership,2025-04-07,No,Credit/Debit Card Offers,Smartphone,Wi-Fi,16.0,0.0,42247.98,16.0,0.0,No,Yes,No,Not Applicable,Too many ads,-11,11,0.0,0.00037871633152638303,81905100904f039d,
36.0,M,City,Premium Membership,2025-04-07,No,Credit/Debit Card Offers,Smartphone,Fiber_Optic,24.0,155.84,46065.83,9.0,0.0,No,Yes,Yes,Solved in Follow-up,Poor Product Quality,-11,11,17.315555555555555,0.00019537257876391242,81a90cf6d40c4359,
20.0,F,Town,Gold Membership,2025-04-07,No,Without Offers,Smartphone,Mobile_Data,16.999999999999996,153.56,6694.16,21.0,0.0,Yes,No,Yes,No Information Available,Too many ads,-11,12,7.312380952380953,0.0031370627532057794,9e298c850748f290,
61.0,M,Town,Platinum Membership,2025-04-07,No,Credit/Debit Card Offers,Desktop,Mobile_Data,15.0,151.12,11762.87,3.0,835.02,No,Yes,No,Not Applicable,User Friendly Website,-11,22,50.373333333333335,0.0002550397989606278,bff70f62c7163bdc,
20.0,M,City,Platinum Membership,2025-04-07,Yes,Without Offers,Desktop,Mobile_Data,22.0,30.77000000000001,18503.62,6.0,0.0,Yes,No,Yes,Unsolved,User Friendly Website,-11,16,5.128333333333335,0.00032426087435863903,813bd77a21c3934b,
50.0,M,Town,Basic Membership,2025-04-07,Yes,Without Offers,Desktop,Fiber_Optic,11.0,30.599999999999966,13389.87,0.0,687.33,Yes,No,No,Not Applicable,Poor Website,-11,15,0.0,0.0,ae901d081729f9be,
27.0,M,Town,Basic Membership,2025-04-07,No,Gift Vouchers/Coupons,Desktop,Mobile_Data,12.0,0.0,10214.34,15.0,710.48,No,Yes,No,Not Applicable,Too many ads,-11,11,0.0,0.0014685236637903183,8a3c2fda5c5a3641,
33.0,M,City,Gold Membership,2025-04-07,No,Credit/Debit Card Offers,Desktop,Fiber_Optic,9.999999999999998,59.96999999999997,43581.43,7.000000000000001,777.37,No,Yes,Yes,Solved in Follow-up,Poor Website,-11,12,8.567142857142851,0.00016061886909172097,94d48a18ff552200,
29.0,M,City,Platinum Membership,2025-04-07,No,Gift Vouchers/Coupons,Desktop,Fiber_Optic,1.9999999999999998,52.16999999999999,90045.70999999999,1.0000000000000018,750.59,Yes,No,Yes,Solved,Products always in Stock,-11,17,52.169999999999895,1.110547076590325e-05,8a917aee7af9ac64,
11.0,M,Town,Gold Membership,2025-04-07,Yes,Credit/Debit Card Offers,Both,Fiber_Optic,13.0,590.4,15188.52,0.0,628.57,Yes,No,No,Not Applicable,Poor Website,-11,6,0.0,0.0,a5f8b7a008f91ceb,
48.0,F,Town,Premium Membership,2025-04-07,No,Credit/Debit Card Offers,Desktop,Mobile_Data,9.999999999999998,343.55,19042.73,16.0,785.02,Yes,No,Yes,Unsolved,Too many ads,-11,22,21.471875,0.000840215662355135,b9db3a54147bf7fe,
49.0,M,Town,Gold Membership,2025-04-07,No,Gift Vouchers/Coupons,Desktop,Fiber_Optic,15.0,178.62,24954.99,11.0,242.99850009115357,No,Yes,Yes,Solved,Poor Website,-11,9,16.23818181818182,0.0004407936048060929,a8874ca820f5bcfe,
11.0,F,Town,Basic Membership,2025-04-07,No,Credit/Debit Card Offers,Smartphone,Mobile_Data,23.0,165.0,42720.98,25.0,600.59,Yes,No,No,Not Applicable,Too many ads,-11,11,6.6,0.0005851925681480153,aa894cdac1332b6b,
39.0,M,Town,Gold Membership,2025-04-07,No,Gift Vouchers/Coupons,Desktop,Wi-Fi,11.0,74.17999999999998,5803.43,20.0,793.0,Yes,No,No,Not Applicable,No reason specified,-11,6,3.7089999999999987,0.00344623782831877,974831a69e80d841,
19.0,M,City,Platinum Membership,2025-04-07,Yes,Gift Vouchers/Coupons,Both,Wi-Fi,8.0,657.65,51773.73,9.0,761.18,Yes,Yes,No,Not Applicable,Reasonable Price,-11,14,73.07222222222222,0.00017383333207787036,9f578d066d915e47,
45.0,M,Town,Gold Membership,2025-04-07,Yes,Without Offers,Smartphone,Fiber_Optic,4.0,257.94,47772.77,13.0,756.42,Yes,Yes,Yes,No Information Available,Quality Customer Care,-11,3,19.841538461538462,0.00027212154539081574,81e99a9efd752f19,
54.0,F,Town,No Membership,2025-04-07,No,Gift Vouchers/Coupons,Desktop,Wi-Fi,16.999999999999996,411.47,31060.17,13.0,639.38,No,Yes,Yes,Solved,Poor Website,-11,14,31.651538461538465,0.00041854246129367615,85a467cddef9dd2d,
23.0,F,City,Platinum Membership,2025-04-07,No,Without Offers,Both,Wi-Fi,13.0,1386.970422568975,73874.38,14.0,720.5,Yes,No,No,Not Applicable,Reasonable Price,-11,3,99.06931589778392,0.00018951089674119768,842e9418b24d3ff7,
11.0,F,Town,Basic Membership,2025-04-07,Yes,Gift Vouchers/Coupons,Desktop,Wi-Fi,9.0,51.5,17277.94,10.0,805.6387094056798,No,Yes,No,Not Applicable,No reason specified,-11,23,5.15,0.0005787727009122616,87f7813c49d44d84,
37.0,M,City,Gold Membership,2025-04-07,Yes,Credit/Debit Card Offers,Desktop,Fiber_Optic,1.9999999999999998,69.03,32510.32,16.0,724.95,Yes,No,Yes,Unsolved,Poor Customer Service,-11,16,4.314375,0.0004921514153044326,b358f5f2748367f2,
13.0,M,City,Silver Membership,2025-04-07,Yes,Gift Vouchers/Coupons,Desktop,Mobile_Data,11.0,135.88,6253.510000000002,16.0,444.7131507823226,Yes,No,No,Not Applicable,Poor Website,-11,17,8.4925,0.002558563110956886,bb930045dc7e9b9d,
28.0,F,Town,Silver Membership,2025-04-07,Yes,Credit/Debit Card Offers,Desktop,Mobile_Data,9.999999999999998,33.66999999999999,8750.55,24.0,0.0,No,Yes,Yes,Unsolved,Too many ads,-11,2,1.4029166666666661,0.002742684745530281,b0d46b60a3db4368,
16.0,M,City,Basic Membership,2025-04-07,Yes,Credit/Debit Card Offers,Desktop,Wi-Fi,21.0,30.860000000000014,8115.299999999999,0.0,248.27570164805172,Yes,No,Yes,Solved in Follow-up,Poor Website,-11,6,0.0,0.0,a2be946ae5fe0fb5,
37.0,M,City,Platinum Membership,2025-04-07,Yes,Without Offers,Desktop,Fiber_Optic,18.0,208.01,12439.51,11.0,776.2,No,Yes,No,Not Applicable,Poor Product Quality,-11,12,18.91,0.0008842792039236272,885c37b70e435ca7,
17.0,M,Town,Basic Membership,2025-04-07,Yes,Without Offers,Desktop,Wi-Fi,15.0,259.61,11664.52,0.0,625.08,No,Yes,No,Not Applicable,Poor Product Quality,-11,15,0.0,0.0,b761dc55b7ecf273,
15.0,F,Town,Silver Membership,2025-04-07,No,Credit/Debit Card Offers,Desktop,Wi-Fi,13.0,34.01999999999998,25053.16,18.0,783.42,Yes,No,Yes,Solved,Too many ads,-11,13,1.889999999999999,0.0007184722406275297,b8699a09edd87ac0,
60.0,F,Village,Platinum Membership,2025-04-07,No,Gift Vouchers/Coupons,Smartphone,Fiber_Optic,24.0,160.05,24433.75,7.999999999999999,0.0,Yes,No,No,Not Applicable,Poor Customer Service,-11,13,20.006250000000005,0.0003274159717603724,b950745fe4798c8a,
10.0,M,City,Platinum Membership,2025-04-07,Yes,Without Offers,Desktop,Wi-Fi,20.0,363.16,47714.7,6.0,381.7104175221926,No,Yes,Yes,Solved,Too many ads,-11,0,60.52666666666667,0.00012574741117517244,93fcb30472b4298f,
58.0,M,Town,No Membership,2025-04-07,Yes,Without Offers,Desktop,Wi-Fi,18.0,34.18000000000001,22571.15,9.0,1027.807976565646,Yes,No,No,Not Applicable,No reason specified,-11,6,3.7977777777777786,0.0003987390983622899,9363a59fd262c182,
37.0,M,City,Silver Membership,2025-04-07,Yes,Without Offers,Desktop,Fiber_Optic,19.0,535.05,14370.540000000003,22.0,738.42,Yes,Yes,Yes,No Information Available,Poor Website,-11,8,24.32045454545454,0.001530909764003301,b987965b8db13930,
57.0,F,Village,Basic Membership,2025-04-07,No,Gift Vouchers/Coupons,Desktop,Wi-Fi,24.0,50.41999999999996,1814.2599999999984,21.0,685.76,No,Yes,No,Not Applicable,Poor Product Quality,-11,1,2.400952380952379,0.011574967204259597,97daaac4921f1042,
35.0,M,Town,No Membership,2025-04-07,No,Gift Vouchers/Coupons,Both,Fiber_Optic,5.0,241.74,32781.78,24.0,684.56,Yes,No,No,Not Applicable,No reason specified,-11,7,10.0725,0.0007321139974705462,bebc4739b9d1b371,
45.0,M,Town,Gold Membership,2025-04-07,Yes,Without Offers,Desktop,Mobile_Data,11.0,57.91999999999999,8183.169999999998,16.0,673.59,No,Yes,No,Not Applicable,Poor Customer Service,-11,10,3.619999999999999,0.001955232507695673,9c8c2433afdcbba8,
20.0,M,City,No Membership,2025-04-07,No,Credit/Debit Card Offers,Desktop,Wi-Fi,14.0,104.43,1909.9500000000007,15.0,500.15,Yes,No,Yes,Unsolved,Poor Website,-11,11,6.962000000000001,0.007853608733212909,b300ee6754524583,
16.0,M,Town,Silver Membership,2025-04-07,No,Credit/Debit Card Offers,Desktop,Fiber_Optic,7.0,89.46000000000001,15678.25,11.0,140.86700162454633,No,Yes,No,Not Applicable,Too many ads,-11,18,8.132727272727273,0.0007016089168115064,87fd0e6ae580e96f,
12.0,M,City,Silver Membership,2025-04-07,No,Credit/Debit Card Offers,Desktop,Mobile_Data,23.0,0.0,9369.260000000002,0.0,788.53,No,Yes,No,Not Applicable,Poor Website,-11,15,0.0,0.0,b1f5ae09aae89650,
62.0,F,Town,Silver Membership,2025-04-07,Yes,Without Offers,Desktop,Mobile_Data,21.0,52.21000000000001,30309.86,0.0,774.6,No,Yes,Yes,Solved in Follow-up,Poor Customer Service,-11,4,0.0,0.0,b03cd6d1966e6e66,
63.0,M,Town,No Membership,2025-04-07,No,Credit/Debit Card Offers,Desktop,Mobile_Data,5.0,169.78,35075.17,0.0,504.23,Yes,No,Yes,No Information Available,Poor Customer Service,-11,15,0.0,0.0,b7a27e50f5c2eb87,
32.0,F,City,Gold Membership,2025-04-07,No,Credit/Debit Card Offers,Smartphone,Fiber_Optic,16.999999999999996,221.92,38887.67,0.0,980.3535312491672,Yes,Yes,Yes,Solved in Follow-up,Poor Product Quality,-11,7,0.0,0.0,b4c87a95108a770c,
53.0,M,Village,No Membership,2025-04-07,Yes,Without Offers,Desktop,Fiber_Optic,7.0,553.94,31420.83,15.0,759.7399940285209,Yes,No,Yes,Solved,Poor Customer Service,-11,7,36.92933333333334,0.0004773903171876745,9395cdce96164e4b,
42.0,M,City,Basic Membership,2025-04-07,Yes,Gift Vouchers/Coupons,Desktop,Wi-Fi,16.0,373.18,7962.029999999999,7.000000000000001,508.46,Yes,Yes,Yes,No Information Available,Poor Website,-11,19,53.311428571428564,0.0008791727737775419,991218bbcb6de7a5,
62.0,F,Town,Silver Membership,2025-04-07,No,Gift Vouchers/Coupons,Desktop,Wi-Fi,16.0,244.35,34513.03,7.999999999999999,631.04,No,Yes,Yes,Unsolved,Poor Customer Service,-11,7,30.543750000000003,0.00023179651279531236,af62f790f7f08ed5,
18.0,M,Village,Platinum Membership,2025-04-07,Yes,Without Offers,Both,Mobile_Data,13.0,1204.42,15722.71,0.0,710.85,Yes,Yes,Yes,Unsolved,Poor Product Quality,-11,18,0.0,0.0,864db3547d8e0ae7,
50.0,M,Town,Premium Membership,2025-04-07,No,Gift Vouchers/Coupons,Desktop,Mobile_Data,20.0,0.0,884.1500000000015,16.0,1214.6331715774627,Yes,No,Yes,Solved in Follow-up,Poor Product Quality,-11,6,0.0,0.018096476842164762,bf25c3bc1ea6bd69,
39.0,F,City,Basic Membership,2025-04-07,No,Credit/Debit Card Offers,Smartphone,Mobile_Data,16.999999999999996,177.84,39982.24,17.0,503.4,No,Yes,Yes,Solved,Poor Product Quality,-11,6,10.461176470588235,0.0004251887838200161,825fd031f15a7212,
23.0,M,Town,Silver Membership,2025-04-07,Yes,Credit/Debit Card Offers,Both,Fiber_Optic,16.999999999999996,1206.31,8465.879999999997,16.0,755.81,No,Yes,Yes,Solved in Follow-up,Quality Customer Care,-11,1,75.394375,0.001889939380194381,85d21d1691a452d8,
26.0,F,Town,Basic Membership,2025-04-07,No,Gift Vouchers/Coupons,Smartphone,Wi-Fi,12.0,41.58000000000001,3569.9300000000003,25.0,622.58,No,Yes,Yes,No Information Available,Poor Customer Service,-11,6,1.6632000000000005,0.007002938432966472,98da768eef6ba6d6,
46.0,M,Town,No Membership,2025-04-07,Yes,Gift Vouchers/Coupons,Desktop,Wi-Fi,19.0,269.48,9867.82,24.0,630.11,No,Yes,No,Not Applicable,Poor Website,-11,5,11.228333333333333,0.002432148134035684,a31d7039b4b90410,
18.0,F,City,Gold Membership,2025-04-07,No,Without Offers,Desktop,Fiber_Optic,11.0,98.39000000000001,91848.73,10.0,0.0,Yes,No,Yes,Unsolved,Products always in Stock,-11,1,9.839000000000002,0.00010887466816362077,85a37333ff560c34,
24.0,M,Town,No Membership,2025-04-07,No,Without Offers,Desktop,Wi-Fi,13.0,87.09,30816.99,21.0,655.29,Yes,No,No,Not Applicable,No reason specified,-11,17,4.147142857142858,0.0006814422823254315,9ecd096abc77ff97,
41.0,M,City,Basic Membership,2025-04-07,No,Gift Vouchers/Coupons,Both,Wi-Fi,16.0,212.49,30013.95,7.999999999999999,0.0,No,Yes,No,Not Applicable,Poor Product Quality,-11,18,26.561250000000005,0.0002665427242998672,a8c9203f45544502,
20.0,M,Town,Basic Membership,2025-04-07,Yes,Gift Vouchers/Coupons,Desktop,Mobile_Data,19.0,52.49000000000001,46215.9,18.0,631.99,No,Yes,Yes,Unsolved,Too many ads,-11,23,2.9161111111111118,0.000389476349048704,a128fb80c4aa55c0,
47.0,M,Town,Silver Membership,2025-04-08,Yes,Gift Vouchers/Coupons,Smartphone,Wi-Fi,13.0,65.88999999999999,42054.69,26.0,653.46,No,Yes,Yes,Solved in Follow-up,Poor Customer Service,-11,2,2.534230769230769,0.0006182425788895364,a5d7547ef37bc134,
52.0,M,Town,Platinum Membership,2025-04-08,No,Gift Vouchers/Coupons,Smartphone,Wi-Fi,20.999999999999986,176.58,30126.02,13.411503799853168,785.21,Yes,No,No,Not Applicable,Poor Customer Service,-11,18,13.1663087626261,0.00044518007356607905,ab39a4876ea3568c,
26.0,M,Village,Basic Membership,2025-04-08,No,Without Offers,Desktop,Fiber_Optic,12.0,227.04,2628.9300000000003,17.0,507.74,No,Yes,Yes,Solved,Poor Customer Service,-11,22,13.355294117647059,0.00646650918814879,93d60864e3d6eca1,
32.0,F,City,No Membership,2025-04-08,No,Without Offers,Smartphone,Wi-Fi,16.0,576.88,6757.91,-1.7763568394002505e-15,585.48,No,Yes,Yes,No Information Available,No reason specified,-11,13,-3.2475456912968646e+17,-2.6285594797803616e-19,b535404ab4ead86b,
28.0,M,Town,Silver Membership,2025-04-08,Yes,Credit/Debit Card Offers,Both,Wi-Fi,17.0,873.55,23699.26,14.0,746.72,No,Yes,No,Not Applicable,Poor Website,-11,7,62.396428571428565,0.0005907357444916002,9a414656eed994ef,
32.0,M,Town,Gold Membership,2025-04-08,Yes,Credit/Debit Card Offers,Desktop,Mobile_Data,2.0,32.68000000000001,39271.98,10.0,718.42,No,Yes,Yes,Solved,Poor Customer Service,-11,5,3.2680000000000007,0.00025463447475782984,818fd05f8cdd1744,
56.0,F,City,Basic Membership,2025-04-08,No,Credit/Debit Card Offers,Desktop,Wi-Fi,22.0,341.41,8218.670000000002,27.0,626.5,Yes,Yes,No,Not Applicable,Poor Product Quality,-11,19,12.644814814814815,0.0032852030803037467,9b498510ab052842,
49.0,M,Village,Gold Membership,2025-04-08,No,Without Offers,Desktop,Wi-Fi,9.0,34.170000000000016,32326.08,9.0,653.7,No,Yes,Yes,Unsolved,Too many ads,-11,18,3.7966666666666686,0.0002784129718171829,b926067738226853,
28.0,M,Town,Gold Membership,2025-04-08,Yes,Without Offers,Desktop,Mobile_Data,13.999999999999986,122.18,21367.6,23.0,268.68336707793065,Yes,No,Yes,No Information Available,Poor Website,-11,23,5.312173913043479,0.001076396038862577,8c13160a4f2a9e77,
25.0,M,City,Premium Membership,2025-04-08,No,Without Offers,Smartphone,Fiber_Optic,6.999999999999986,120.48000000000002,37367.33,21.0,313.42299719516467,Yes,No,Yes,Solved,Poor Website,-11,10,5.737142857142858,0.0005619882394594422,bcf2eb2ddb948184,
30.0,F,City,Gold Membership,2025-04-08,No,Without Offers,Smartphone,Fiber_Optic,5.0,1203.7423033042382,1520.119999999999,27.0,720.79,No,Yes,Yes,No Information Available,Too many ads,-11,3,44.58304827052734,0.01776175565086968,822d4c80b0276b10,
25.0,M,Town,Basic Membership,2025-04-08,No,Gift Vouchers/Coupons,Smartphone,Fiber_Optic,6.999999999999986,71.14000000000001,28501.03,-1.7763568394002505e-15,657.8,Yes,No,No,Not Applicable,No reason specified,-11,19,-4.004825968639214e+16,-6.232605766880181e-20,a1b7828bf0788ef6,
30.0,F,Town,Basic Membership,2025-04-08,Yes,Credit/Debit Card Offers,Smartphone,Mobile_Data,16.0,376.8,34634.31,27.0,502.85,Yes,No,No,Not Applicable,No reason specified,-11,4,13.955555555555556,0.0007795737810281192,8e82820cd09a5a64,
45.0,F,City,Gold Membership,2025-04-08,No,Credit/Debit Card Offers,Smartphone,Mobile_Data,19.0,126.34,3099.290000000001,25.0,797.19,No,Yes,No,Not Applicable,Too many ads,-11,19,5.0536,0.00806636358649884,b3e28e631ea1d827,
43.0,F,City,No Membership,2025-04-08,No,Without Offers,Smartphone,Mobile_Data,11.0,181.66,15563.9,26.0,0.0,No,Yes,Yes,Unsolved,Poor Website,-11,13,6.986923076923077,0.0016705324500928432,bf5b0ebcecf97c46,
13.0,M,Town,No Membership,2025-04-08,Yes,Credit/Debit Card Offers,Both,Mobile_Data,15.0,31.410000000000025,24481.31,19.0,655.31,Yes,No,No,Not Applicable,Poor Product Quality,-11,18,1.6531578947368435,0.0007761022592336766,8e1ddf941d45c3ee,
34.0,F,Village,Platinum Membership,2025-04-08,No,Credit/Debit Card Offers,Smartphone,Fiber_Optic,6.999999999999986,126.94999999999999,33449.32,25.0,547.6718554403681,No,Yes,Yes,No Information Available,Poor Website,-11,0,5.077999999999999,0.0007473993492244387,99b2dc03e8b2349b,
57.0,F,Town,Basic Membership,2025-04-08,No,Without Offers,Smartphone,Wi-Fi,16.0,1293.1879140446108,30465.84,7.0,511.62,Yes,No,Yes,Solved,Too many ads,-11,20,184.74113057780156,0.00022976553411952535,bbce31620ab199ae,
61.0,M,City,Premium Membership,2025-04-08,No,Credit/Debit Card Offers,Smartphone,Mobile_Data,11.0,172.25,72053.89,6.0,0.0,Yes,No,Yes,Solved in Follow-up,User Friendly Website,-11,0,28.708333333333332,8.327100729745472e-05,a17b5f5b2719295d,
45.0,M,Town,No Membership,2025-04-08,Yes,Without Offers,Desktop,Wi-Fi,9.0,58.21999999999997,15214.43,7.0,0.0,Yes,No,No,Not Applicable,Poor Product Quality,-11,16,8.317142857142853,0.00046008953342320416,b93ead8805a47f7d,
17.0,M,City,Basic Membership,2025-04-08,No,Gift Vouchers/Coupons,Desktop,Fiber_Optic,22.0,311.55,9935.18,23.0,637.65,Yes,Yes,No,Not Applicable,Poor Product Quality,-11,20,13.545652173913044,0.0023150058680366133,98ccd511ddeb4586,
53.0,F,Town,Basic Membership,2025-04-08,No,Credit/Debit Card Offers,Smartphone,Fiber_Optic,23.0,33.839999999999975,25600.49,12.0,587.77,No,Yes,Yes,Solved in Follow-up,Poor Website,-11,16,2.819999999999998,0.0004687410280037608,80e73f2197da175d,
13.0,F,City,No Membership,2025-04-08,No,Credit/Debit Card Offers,Desktop,Fiber_Optic,11.0,352.53,15136.24,-1.7763568394002505e-15,0.0,Yes,No,No,Not Applicable,Poor Product Quality,-11,17,-1.984567470796151e+17,-1.1735786690751803e-19,aace369febf9299a,
25.0,F,City,Gold Membership,2025-04-08,No,Credit/Debit Card Offers,Desktop,Fiber_Optic,11.0,425.6,4500.389999999999,4.0,719.62,Yes,No,Yes,No Information Available,Quality Customer Care,-11,10,106.4,0.0008888118585278166,ba0a4b34cce27995,
15.0,F,Village,Premium Membership,2025-04-08,Yes,Without Offers,Desktop,Fiber_Optic,20.999999999999986,178.14,75958.0,18.0,842.07,No,Yes,No,Not Applicable,Reasonable Price,-11,3,9.896666666666667,0.00023697306406171833,8c55e0be8c540942,
46.0,M,Town,Basic Membership,2025-04-08,Yes,Without Offers,Smartphone,Mobile_Data,5.0,60.64999999999998,30200.61,-1.7763568394002505e-15,626.47,No,Yes,Yes,Unsolved,Poor Product Quality,-11,22,-3.414291467500256e+16,-5.881857483674172e-20,926517dee7214be9,
44.0,F,City,Gold Membership,2025-04-08,Yes,Credit/Debit Card Offers,Smartphone,Fiber_Optic,13.999999999999986,31.49000000000001,6370.970000000001,6.0,644.5,No,Yes,No,Not Applicable,No reason specified,-11,18,5.248333333333335,0.0009417718181061909,a19a58ee16840592,
64.0,F,City,Premium Membership,2025-04-08,Yes,Credit/Debit Card Offers,Desktop,Mobile_Data,13.0,32.96999999999997,14723.26,19.0,288.39335017676444,Yes,No,No,Not Applicable,Reasonable Price,-11,13,1.7352631578947353,0.0012904750714176072,82a5ab9bb33cc9f6,
14.0,F,Town,Basic Membership,2025-04-08,No,Credit/Debit Card Offers,Desktop,Fiber_Optic,16.0,418.77,29340.23,14.0,542.53,Yes,Yes,No,Not Applicable,Poor Customer Service,-11,13,29.912142857142857,0.0004771605403229627,b8fe9538fc232fc8,
56.0,F,Village,No Membership,2025-04-08,No,Credit/Debit Card Offers,Desktop,Fiber_Optic,10.0,176.04,16155.35,9.0,518.63,Yes,No,Yes,No Information Available,Poor Product Quality,-11,21,19.56,0.0005570909946240719,824f17d86d3a88be,
60.0,F,City,Gold Membership,2025-04-08,Yes,Without Offers,Smartphone,Mobile_Data,24.0,229.66,34823.98,10.0,694.29,No,Yes,No,Not Applicable,Too many ads,-11,1,22.966,0.00028715844656469476,93ee5e0eb2a91f36,
32.0,F,City,Basic Membership,2025-04-08,Yes,Without Offers,Desktop,Fiber_Optic,12.0,245.72,28447.64,29.0,612.34,Yes,No,No,Not Applicable,No reason specified,-11,6,8.473103448275863,0.0010194167249023118,b2441c47a3227c08,
32.0,F,City,Basic Membership,2025-04-08,No,Without Offers,Desktop,Fiber_Optic,18.0,67.71999999999997,17410.63,27.0,621.07,Yes,No,Yes,No Information Available,Too many ads,-11,17,2.508148148148147,0.0015507767381191834,94cf39fad631af44,
34.0,M,City,Premium Membership,2025-04-08,Yes,Without Offers,Both,Fiber_Optic,9.0,1238.64,18315.51,26.0,724.68,Yes,Yes,No,Not Applicable,Poor Website,-11,6,47.64,0.0014195618904414894,aaed5d47e927de46,
20.0,M,Town,Silver Membership,2025-04-08,No,Credit/Debit Card Offers,Desktop,Fiber_Optic,8.0,1189.920798328247,44725.17,25.0,215.6091651735356,Yes,No,Yes,Unsolved,Poor Website,-11,18,47.59683193312988,0.0005589693678078809,819f5cf25c7239b8,
59.0,F,City,Silver Membership,2025-04-08,No,Without Offers,Smartphone,Fiber_Optic,11.0,31.410000000000025,11267.36,21.0,731.74,Yes,No,No,Not Applicable,No reason specified,-11,4,1.4957142857142869,0.0018637906306357478,b4b79e2f26ea57c7,
47.0,M,Town,No Membership,2025-04-08,No,Credit/Debit Card Offers,Desktop,Fiber_Optic,18.0,472.59,42427.07,-1.7763568394002505e-15,680.52,Yes,No,Yes,Unsolved,Poor Website,-11,16,-2.6604451848737782e+17,-4.18684778232447e-20,85ce2d105776fb8a,
11.0,F,City,Basic Membership,2025-04-08,Yes,Credit/Debit Card Offers,Desktop,Mobile_Data,5.0,82.31,29041.17,25.0,687.52,Yes,No,Yes,Solved in Follow-up,Too many ads,-11,2,3.2924,0.0008608468598200417,8a1d62ae268af5fc,
38.0,M,City,No Membership,2025-04-08,Yes,Credit/Debit Card Offers,Smartphone,Wi-Fi,20.999999999999986,838.8800000000001,48943.76,-1.7763568394002505e-15,876.8004341589633,Yes,No,Yes,Unsolved,Poor Customer Service,-11,2,-4.722474569260703e+17,-3.629383683232041e-20,9a6fc6962a269a25,
62.0,M,City,Silver Membership,2025-04-08,Yes,Credit/Debit Card Offers,Desktop,Fiber_Optic,6.999999999999986,197.74,29695.64,22.0,622.94,No,Yes,No,Not Applicable,No reason specified,-11,23,8.988181818181818,0.0007408494984448896,b61af65eeb65a602,
27.0,F,City,Gold Membership,2025-04-08,Yes,Credit/Debit Card Offers,Desktop,Fiber_Optic,3.0,899.5012597729199,5617.779999999999,15.0,701.36,Yes,No,No,Not Applicable,Poor Product Quality,-11,13,59.96675065152799,0.002670093880500839,b49403dd2aa2d79d,
49.0,F,City,No Membership,2025-04-08,No,Without Offers,Smartphone,Fiber_Optic,11.0,125.03,24517.09,24.0,329.9523918055039,Yes,No,No,Not Applicable,No reason specified,-11,2,5.209583333333334,0.0009789089977644166,9f1ba57a28f0395f,
10.0,M,City,Platinum Membership,2025-04-08,No,Without Offers,Desktop,Fiber_Optic,6.999999999999986,31.269999999999982,6656.100000000002,14.0,747.46,Yes,No,Yes,No Information Available,User Friendly Website,-11,17,2.233571428571427,0.002103333784047715,970b157daf92f4e8,
10.0,F,Town,Gold Membership,2025-04-08,Yes,Without Offers,Both,Wi-Fi,-999.0,511.76,19369.82,18.0,469.6647879919937,Yes,No,Yes,Solved in Follow-up,Too many ads,-11,22,28.43111111111111,0.00092928070575772,b55fd6ac4c161362,
35.0,M,City,Silver Membership,2025-04-08,No,Without Offers,Smartphone,Mobile_Data,25.0,0.0,47391.5,29.0,604.13,No,Yes,Yes,No Information Available,Too many ads,-11,14,0.0,0.000611924079212517,9275b5f2858ce0a9,
20.0,M,City,Premium Membership,2025-04-08,Yes,Gift Vouchers/Coupons,Desktop,Mobile_Data,16.0,308.33,5059.279999999999,1.0,847.65,Yes,No,No,Not Applicable,Quality Customer Care,-11,13,308.33,0.00019765658354548477,b9127a3b788af29d,
30.0,F,Town,Gold Membership,2025-04-08,No,Gift Vouchers/Coupons,Smartphone,Fiber_Optic,17.0,39.74000000000001,33509.83,18.0,613.7,Yes,No,Yes,Unsolved,Too many ads,-11,19,2.2077777777777783,0.0005371558136821345,91d3fe2a85ec92cb,
41.0,M,Town,Gold Membership,2025-04-08,Yes,Credit/Debit Card Offers,Desktop,Fiber_Optic,2.0,132.26,20795.97,17.0,654.48,Yes,No,Yes,No Information Available,Poor Product Quality,-11,17,7.779999999999999,0.000817466076359987,8413b64fc9a1cccf,
13.0,F,City,Gold Membership,2025-04-08,No,Gift Vouchers/Coupons,Both,Fiber_Optic,9.0,74.60999999999999,8629.73,18.0,653.44,Yes,No,Yes,Unsolved,No reason specified,-11,16,4.145,0.002085812649990208,a96d3a3b60123c33,
41.0,F,Town,Premium Membership,2025-04-08,No,Credit/Debit Card Offers,Desktop,Mobile_Data,10.0,242.72,42601.29,26.0,0.0,Yes,No,No,Not Applicable,Poor Customer Service,-11,9,9.335384615384616,0.0006103101572745802,b3960c722ed8907d,
14.0,F,City,Gold Membership,2025-04-08,No,Gift Vouchers/Coupons,Both,Mobile_Data,9.0,2112.1140090142817,29770.87,19.0,941.4116260127786,Yes,Yes,No,Not Applicable,Poor Website,-11,19,111.16389521127799,0.0006382077514026295,a5e9f31455fcb7eb,
39.0,F,City,Gold Membership,2025-04-08,Yes,Credit/Debit Card Offers,Desktop,Mobile_Data,4.0,109.34,28532.51,25.0,723.42,Yes,No,No,Not Applicable,Too many ads,-11,22,4.3736,0.0008761935069855404,b05498a954a6340f,
21.0,M,Town,Gold Membership,2025-04-08,Yes,Gift Vouchers/Coupons,Smartphone,Mobile_Data,11.0,70.31,13114.89,11.0,795.13,Yes,No,Yes,No Information Available,Poor Product Quality,-11,12,6.391818181818182,0.0008387413085431903,bd12e8dfa7e78201,
10.0,F,City,Premium Membership,2025-04-08,No,Without Offers,Desktop,Wi-Fi,-999.0,0.0,46612.57,11.0,744.65,No,Yes,Yes,Solved in Follow-up,Too many ads,-11,2,0.0,0.00023598784619685204,b84016fda771fb8e,
12.0,M,City,Gold Membership,2025-04-08,No,Credit/Debit Card Offers,Smartphone,Fiber_Optic,8.0,204.08,48149.2,15.0,764.6,No,Yes,Yes,Solved,Too many ads,-11,21,13.605333333333334,0.00031153165576998165,98da7463b8fd5de4,
62.0,F,Town,Silver Membership,2025-04-08,No,Credit/Debit Card Offers,Desktop,Fiber_Optic,6.999999999999986,1188.6075437078073,24274.08,-1.7763568394002505e-15,693.91,No,Yes,Yes,Solved in Follow-up,No reason specified,-11,17,-6.691265613665302e+17,-7.317916227516142e-20,9ed3b1d5db23e2ad,
50.0,M,City,No Membership,2025-04-08,Yes,Without Offers,Smartphone,Mobile_Data,8.0,67.29000000000002,27492.78,24.0,628.71,No,Yes,No,Not Applicable,No reason specified,-11,9,2.803750000000001,0.0008729564634787751,ad195e1adc864ba5,
49.0,F,City,Basic Membership,2025-04-08,No,Gift Vouchers/Coupons,Both,Wi-Fi,23.0,224.19,46739.6,9.0,632.39,Yes,No,No,Not Applicable,Poor Customer Service,-11,14,24.91,0.000192556205016731,bd59bc3bb57e4e8d,
41.0,F,Village,Silver Membership,2025-04-08,No,Credit/Debit Card Offers,Smartphone,Wi-Fi,12.0,32.370000000000005,13905.53,15.0,0.0,Yes,No,No,Not Applicable,Poor Product Quality,-11,1,2.1580000000000004,0.0010787075357789311,80ff39a2afe5ee08,
22.0,F,Town,No Membership,2025-04-08,Yes,Without Offers,Smartphone,Mobile_Data,13.999999999999986,30.44999999999999,28732.55,6.0,656.15,No,Yes,Yes,Solved,No reason specified,-11,14,5.074999999999998,0.00020882239829044064,be2217574764e3cb,
50.0,M,City,No Membership,2025-04-08,No,Credit/Debit Card Offers,Smartphone,Fiber_Optic,19.0,111.84,15205.8,-1.7763568394002505e-15,586.25,No,Yes,Yes,Solved in Follow-up,Poor Product Quality,-11,17,-6.296032279063954e+16,-1.1682100510333233e-19,9074dda98eabc0fa,
24.0,F,Town,Premium Membership,2025-04-08,No,Gift Vouchers/Coupons,Desktop,Fiber_Optic,17.0,173.91,43569.53,-1.7763568394002505e-15,203.53911902558764,No,Yes,Yes,Solved in Follow-up,Poor Customer Service,-11,5,-9.790262639950037e+16,-4.0770622024158866e-20,a37f4ed3622013ed,
17.0,M,City,Platinum Membership,2025-04-08,No,Gift Vouchers/Coupons,Smartphone,Fiber_Optic,5.0,31.75999999999999,36735.83,25.0,701.47,Yes,No,No,Not Applicable,Poor Website,-11,10,1.2703999999999995,0.0006805345081355178,96b3f5888c25bde2,
63.0,M,Village,Gold Membership,2025-04-08,Yes,Gift Vouchers/Coupons,Desktop,Fiber_Optic,18.0,69.63999999999999,45473.38,6.0,664.06,Yes,No,No,Not Applicable,Poor Customer Service,-11,13,11.606666666666664,0.00013194532713424866,8da2c684cdfa7315,
49.0,M,City,Silver Membership,2025-04-08,No,Gift Vouchers/Coupons,Smartphone,Wi-Fi,15.0,359.1,52731.8,-1.7763568394002505e-15,749.69,No,Yes,No,Not Applicable,User Friendly Website,-11,20,-2.0215532827359315e+17,-3.368663386040777e-20,b06f83c744ca4358,
60.0,M,City,Premium Membership,2025-04-08,Yes,Without Offers,Smartphone,Fiber_Optic,16.0,1061.7641387607227,40812.09,24.0,722.59,No,Yes,No,Not Applicable,Poor Customer Service,-11,14,44.240172448363445,0.000588061037795418,b12145a291a7cec5,
32.0,F,City,No Membership,2025-04-08,Yes,Credit/Debit Card Offers,Desktop,Fiber_Optic,20.0,32.829999999999984,49307.59,11.0,633.59,No,Yes,Yes,Solved,Poor Customer Service,-11,7,2.984545454545453,0.00022308938644131665,aff59a2697bf452f,
26.0,M,Village,Silver Membership,2025-04-08,No,Without Offers,Smartphone,Wi-Fi,24.0,574.87,37326.67,15.0,644.2,No,Yes,Yes,Solved,Too many ads,-11,3,38.324666666666666,0.0004018574386624899,a4f5b153dff6a000,
24.0,F,City,Premium Membership,2025-04-08,No,Gift Vouchers/Coupons,Both,Wi-Fi,13.0,458.43,51387.07,4.0,799.07,Yes,Yes,Yes,Solved in Follow-up,Products always in Stock,-11,5,114.6075,7.784059297406915e-05,a5987f20c30bd342,
35.0,F,City,Platinum Membership,2025-04-08,Yes,Without Offers,Both,Wi-Fi,-999.0,995.8600000000001,49436.93,9.0,740.69,Yes,Yes,Yes,Solved,Poor Customer Service,-11,5,110.65111111111112,0.00018205013944029292,99bf0c951c59c29e,
16.0,M,Town,Gold Membership,2025-04-08,Yes,Without Offers,Desktop,Wi-Fi,13.999999999999986,394.91,6537.84,26.0,0.0,Yes,No,No,Not Applicable,Poor Customer Service,-11,4,15.188846153846155,0.003976848622786731,b3070e1a052ec9b9,
13.0,F,City,Premium Membership,2025-04-08,No,Gift Vouchers/Coupons,Desktop,Fiber_Optic,18.0,100.17999999999998,18903.4,3.0,803.85,Yes,No,No,Not Applicable,Reasonable Price,-11,15,33.393333333333324,0.00015870160923431761,aaa5decf6b98cb72,
21.0,M,Town,No Membership,2025-04-08,No,Without Offers,Smartphone,Fiber_Optic,16.0,110.22999999999999,21761.64,11.0,576.91,Yes,No,No,Not Applicable,Too many ads,-11,5,10.02090909090909,0.0005054766092996667,b87f1b744f2b3219,
39.0,F,City,No Membership,2025-04-08,Yes,Credit/Debit Card Offers,Desktop,Mobile_Data,9.0,955.9000000000001,44190.76,29.0,641.26,Yes,Yes,Yes,Solved in Follow-up,Poor Website,-11,7,32.96206896551725,0.0006562457853180166,b052e71794544aec,
56.0,F,City,Basic Membership,2025-04-08,No,Gift Vouchers/Coupons,Desktop,Mobile_Data,-999.0,275.44,25774.32,16.0,1118.3490325345692,Yes,Yes,No,Not Applicable,Poor Website,-11,9,17.215,0.0006207729243681308,ad25887d5732af8b,
59.0,F,Village,No Membership,2025-04-08,Yes,Without Offers,Both,Mobile_Data,15.0,206.63,19758.12,6.0,518.75,No,Yes,Yes,Solved in Follow-up,Poor Product Quality,-11,19,34.43833333333333,0.0003036726166254684,8de78f69ee0f7baf,
48.0,M,Village,Silver Membership,2025-04-08,Yes,Credit/Debit Card Offers,Desktop,Fiber_Optic,10.0,51.410000000000025,23913.45,16.0,726.35,Yes,No,Yes,Unsolved,Poor Product Quality,-11,4,3.2131250000000016,0.0006690795347388185,b94f56fea705d924,
42.0,F,Town,Premium Membership,2025-04-08,Yes,Without Offers,Both,Wi-Fi,8.0,698.66,16472.39,22.0,795.02,Yes,No,No,Not Applicable,Poor Product Quality,-11,20,31.757272727272724,0.0013355681840947185,9cdb1adf5a7acb89,
15.0,M,City,No Membership,2025-04-08,No,Without Offers,Desktop,Wi-Fi,10.0,707.65,47742.48,10.0,643.48,No,Yes,Yes,No Information Available,Too many ads,-11,3,70.765,0.00020945707051665517,8521d236fe9f5cd6,
31.0,M,Village,Gold Membership,2025-04-08,Yes,Without Offers,Desktop,Fiber_Optic,5.0,31.629999999999995,32618.66,19.0,801.91,Yes,No,No,Not Applicable,Reasonable Price,-11,23,1.6647368421052628,0.0005824886736610272,a0899aeb2c18ffe7,
13.0,M,Town,Gold Membership,2025-04-08,Yes,Gift Vouchers/Coupons,Desktop,Fiber_Optic,6.999999999999986,213.67,31465.38,18.0,680.95,Yes,No,No,Not Applicable,Poor Website,-11,18,11.870555555555555,0.0005720572896306988,9b960eb062a805a3,
42.0,F,City,Gold Membership,2025-04-08,Yes,Without Offers,Desktop,Fiber_Optic,22.0,33.639999999999986,10347.600000000002,23.0,970.9009716988415,No,Yes,No,Not Applicable,No reason specified,-11,3,1.4626086956521733,0.0022227376396459077,84baeaaaf45e69d0,
43.0,M,Town,Silver Membership,2025-04-08,No,Gift Vouchers/Coupons,Smartphone,Fiber_Optic,16.0,301.44,18067.58,11.0,711.52,No,Yes,Yes,No Information Available,Poor Website,-11,5,27.403636363636362,0.0006088253103071911,bf818c8d306ec3fd,
35.0,F,City,Basic Membership,2025-04-08,No,Without Offers,Desktop,Mobile_Data,-999.0,1175.9561092849008,4248.84,16.0,515.15,No,Yes,Yes,Unsolved,No reason specified,-11,12,73.4972568303063,0.00376573370614097,a764e472c48df0dc,
33.0,M,City,No Membership,2025-04-08,No,Gift Vouchers/Coupons,Smartphone,Wi-Fi,13.999999999999986,201.68,19365.98,12.0,607.53,No,Yes,Yes,No Information Available,Poor Customer Service,-11,19,16.80666666666667,0.000619643312654459,ab404a237d1b9ea4,
38.0,F,City,Premium Membership,2025-04-08,Yes,Without Offers,Desktop,Wi-Fi,13.0,555.66,41091.64,5.0,770.6,Yes,Yes,No,Not Applicable,Poor Customer Service,-11,15,111.13199999999999,0.00012167925154605657,808d027e7225703a,
32.0,F,City,No Membership,2025-04-08,Yes,Credit/Debit Card Offers,Desktop,Wi-Fi,16.0,106.20999999999998,20749.32,9.0,637.78,No,Yes,No,Not Applicable,Poor Website,-11,14,11.801111111111108,0.00043374915418914933,b4c014a1162610a4,
42.0,M,City,No Membership,2025-04-08,No,Without Offers,Smartphone,Fiber_Optic,-999.0,226.37,31959.63,21.0,671.85,Yes,No,Yes,Solved in Follow-up,Too many ads,-11,21,10.779523809523809,0.0006570789461580125,80cb39ac48b74ead,
41.0,F,City,Silver Membership,2025-04-08,No,Gift Vouchers/Coupons,Smartphone,Fiber_Optic,10.0,0.0,48773.76,15.0,650.5,No,Yes,No,Not Applicable,Too many ads,-11,15,0.0,0.0003075424162500492,a8661f732ee96738,
50.0,F,Town,Silver Membership,2025-04-08,Yes,Gift Vouchers/Coupons,Both,Wi-Fi,11.0,1401.57,27638.86,15.0,751.89,Yes,Yes,Yes,No Information Available,Products always in Stock,-11,16,93.438,0.0005427141350981914,b10bf0c18a4a4721,
50.0,F,City,Basic Membership,2025-04-08,No,Credit/Debit Card Offers,Smartphone,Mobile_Data,16.0,134.88,17425.25,28.0,556.74,Yes,No,Yes,Solved in Follow-up,Poor Customer Service,-11,21,4.817142857142857,0.00160686360310469,99ea11f0a02a3a14,
46.0,F,City,No Membership,2025-04-08,Yes,Gift Vouchers/Coupons,Desktop,Mobile_Data,10.0,296.69,35899.42,-1.7763568394002505e-15,661.57,Yes,No,Yes,Solved in Follow-up,Too many ads,-11,9,-1.6702162168056906e+17,-4.948149132772202e-20,952b71354005c214,
22.0,F,Town,Gold Membership,2025-04-08,No,Gift Vouchers/Coupons,Desktop,Wi-Fi,11.0,224.67,18333.15,12.0,637.31,Yes,No,No,Not Applicable,No reason specified,-11,1,18.7225,0.0006545520000654551,8fe5cd9cbb17c3a7,
58.0,F,Town,Premium Membership,2025-04-08,Yes,Without Offers,Desktop,Mobile_Data,12.0,159.24,12574.649999999998,28.0,1240.9991451835735,No,Yes,No,Not Applicable,Poor Customer Service,-11,14,5.687142857142858,0.002226702134850672,9fa990f086219637,
17.0,M,City,Platinum Membership,2025-04-08,No,Gift Vouchers/Coupons,Smartphone,Fiber_Optic,-999.0,60.5,91097.36,15.0,724.17,No,Yes,Yes,Unsolved,Quality Customer Care,-11,1,4.033333333333333,0.00016465899780191215,8043083202360ed2,
12.0,M,City,Gold Membership,2025-04-08,Yes,Credit/Debit Card Offers,Desktop,Wi-Fi,13.999999999999986,1736.99,26746.5,12.0,700.4,No,Yes,Yes,Solved,Reasonable Price,-11,13,144.74916666666667,0.00044865683360439685,84efc92542edc064,
33.0,F,City,Premium Membership,2025-04-08,Yes,Without Offers,Both,Fiber_Optic,3.0,498.25,27124.75,17.0,767.13,No,Yes,Yes,Solved,Poor Product Quality,-11,9,29.308823529411764,0.0006267338869482668,8794b6b4c322398d,
42.0,M,Town,Basic Membership,2025-04-08,Yes,Gift Vouchers/Coupons,Smartphone,Wi-Fi,6.0,38.43000000000001,47427.39,14.0,0.0,No,Yes,Yes,No Information Available,No reason specified,-11,14,2.7450000000000006,0.00029518807591984294,a4e2548843e86d51,
58.0,F,Town,Gold Membership,2025-04-08,Yes,Gift Vouchers/Coupons,Desktop,Wi-Fi,12.0,119.72,44470.55,12.0,926.6578900896068,No,Yes,Yes,Solved in Follow-up,No reason specified,-11,0,9.976666666666667,0.0002698415018478521,8eb4cf62ea48c515,
59.0,M,Town,Silver Membership,2025-04-08,Yes,Without Offers,Desktop,Fiber_Optic,9.0,495.27,42545.37,-1.7763568394002505e-15,768.55,No,Yes,No,Not Applicable,Poor Product Quality,-11,14,-2.788122234309732e+17,-4.1752059963287434e-20,9d103ca52a81dbdb,
14.0,F,Town,Silver Membership,2025-04-08,No,Without Offers,Smartphone,Mobile_Data,17.0,45.74000000000001,44489.26,11.0,703.41,Yes,No,Yes,Solved in Follow-up,Poor Website,-11,13,4.158181818181819,0.0002472506847720101,870ebdae5b542eef,
37.0,M,City,Gold Membership,2025-04-08,No,Without Offers,Desktop,Fiber_Optic,13.999999999999986,32.910000000000025,37587.14,15.0,642.71,Yes,No,Yes,No Information Available,No reason specified,-11,6,2.1940000000000017,0.0003990726615539251,87501735c00b8aac,
64.0,M,Town,Silver Membership,2025-04-08,No,Credit/Debit Card Offers,Desktop,Wi-Fi,-999.0,35.120000000000005,37435.4,22.0,635.13,No,Yes,Yes,Solved in Follow-up,No reason specified,-11,0,1.5963636363636367,0.0005876790417626097,965bdf63b98b972f,
11.0,F,City,Gold Membership,2025-04-08,Yes,Gift Vouchers/Coupons,Smartphone,Mobile_Data,11.0,73.87,44520.75,18.0,0.0,Yes,No,Yes,Unsolved,Poor Customer Service,-11,22,4.103888888888889,0.0004043058573811088,ac40fd6796002881,
34.0,M,Town,Platinum Membership,2025-04-08,Yes,Gift Vouchers/Coupons,Smartphone,Fiber_Optic,-999.0,234.76,34478.66,27.0,773.25,Yes,Yes,No,Not Applicable,Poor Website,-11,2,8.694814814814814,0.0007830930784433037,8b8f4cb26864152a,
29.0,M,City,No Membership,2025-04-08,No,Without Offers,Desktop,Fiber_Optic,8.0,43.46999999999997,48631.38,8.0,635.11,No,Yes,No,Not Applicable,Too many ads,-11,22,5.433749999999996,0.0001645028374683178,9c78d94d3862b4dd,
61.0,F,Village,Silver Membership,2025-04-08,No,Gift Vouchers/Coupons,Smartphone,Fiber_Optic,18.0,131.39,14976.22,-1.7763568394002505e-15,718.74,No,Yes,Yes,No Information Available,Poor Product Quality,-11,7,-7.396599438002618e+16,-1.1861182857892382e-19,afd7525d11fdd691,
61.0,F,City,Silver Membership,2025-04-08,No,Credit/Debit Card Offers,Smartphone,Wi-Fi,11.0,31.21999999999997,44240.71,29.0,758.07,No,Yes,No,Not Applicable,No reason specified,-11,17,1.07655172413793,0.0006555048506228765,8c89693f393060a7,
22.0,M,Village,No Membership,2025-04-08,No,Without Offers,Desktop,Fiber_Optic,2.0,111.94999999999999,29179.97,21.0,679.18,Yes,No,Yes,Solved in Follow-up,Poor Website,-11,23,5.330952380952381,0.0007196717474349699,af80b3419b04e78e,
55.0,M,City,Gold Membership,2025-04-09,No,Gift Vouchers/Coupons,Both,Wi-Fi,15.0,160.72,33175.5,9.0,782.09,Yes,No,No,Not Applicable,Quality Customer Care,-11,18,17.857777777777777,0.0002712845322602523,a44897091906e8dd,
21.0,F,Village,Premium Membership,2025-04-09,Yes,Gift Vouchers/Coupons,Desktop,Mobile_Data,21.0,33.71000000000001,34067.56,12.0,710.39,No,Yes,Yes,Solved,No reason specified,-11,3,2.8091666666666675,0.0003522412523820315,a2d3e0f669069353,
23.0,M,Town,Premium Membership,2025-04-09,No,Gift Vouchers/Coupons,Desktop,Mobile_Data,15.0,238.37,25697.92,0.0,1294.6648514166504,Yes,No,No,Not Applicable,Poor Customer Service,-11,14,0.0,0.0,a9ad8b135e20a273,
42.0,F,Town,Basic Membership,2025-04-09,No,Credit/Debit Card Offers,Desktop,Wi-Fi,15.0,54.44,43740.09,8.0,707.39,No,Yes,Yes,Solved,Too many ads,-11,2,6.805,0.00018289857199653683,834b040e849d94b8,
14.0,M,Village,Premium Membership,2025-04-09,Yes,Gift Vouchers/Coupons,Desktop,Mobile_Data,12.0,125.77,37271.41,10.0,1050.7162209915437,No,Yes,Yes,Solved,Products always in Stock,-11,17,12.577,0.00026830216511798184,b7a714d3fc3e099c,
59.0,M,City,Gold Membership,2025-04-09,No,Without Offers,Desktop,Mobile_Data,14.0,37.28999999999999,30411.08,26.0,689.74,No,Yes,No,Not Applicable,Too many ads,-11,21,1.434230769230769,0.0008549515505532851,83a323c885099539,
59.0,F,Village,No Membership,2025-04-09,Yes,Gift Vouchers/Coupons,Both,Wi-Fi,4.0,2.842170943040401e-14,15355.99,11.0,689.68,Yes,Yes,Yes,Unsolved,Poor Website,-11,17,2.5837917664003644e-15,0.000716332844707505,9a92a6bfe7aa486a,
44.0,F,City,Premium Membership,2025-04-09,No,Credit/Debit Card Offers,Desktop,Wi-Fi,3.0,81.8,95287.83,16.0,497.9385234538408,Yes,No,No,Not Applicable,Products always in Stock,-11,11,5.1125,0.00016791231367111622,908fa66be83ce5b5,
35.0,F,Village,Premium Membership,2025-04-09,Yes,Credit/Debit Card Offers,Smartphone,Fiber_Optic,18.0,2.842170943040401e-14,67885.94,19.0,770.63,No,Yes,Yes,Unsolved,Quality Customer Care,-11,11,1.495879443705474e-15,0.0002798812243006431,91679cd788971cea,
51.0,F,Town,No Membership,2025-04-09,Yes,Credit/Debit Card Offers,Desktop,Fiber_Optic,4.0,82.64,20679.49,47.98132301856969,991.6098704046796,Yes,No,No,Not Applicable,Poor Customer Service,-11,23,1.7223368344390324,0.0023202372504626412,b0676c89219b53f3,
32.0,F,Town,No Membership,2025-04-09,Yes,Gift Vouchers/Coupons,Desktop,Mobile_Data,18.0,262.03,1484.5600000000013,26.0,618.53,Yes,No,Yes,Solved,Too many ads,-11,20,10.078076923076923,0.017513606725224968,9d6bc3be2df393cf,
12.0,F,City,Platinum Membership,2025-04-09,No,Credit/Debit Card Offers,Smartphone,Fiber_Optic,11.0,349.34,6515.949999999997,18.0,331.1121542896421,Yes,No,Yes,Unsolved,No reason specified,-11,1,19.407777777777778,0.002762452136679994,a03b355ba45938ab,
52.0,F,City,Gold Membership,2025-04-09,No,Credit/Debit Card Offers,Desktop,Fiber_Optic,19.0,166.23,47933.43,0.0,710.69,Yes,No,No,Not Applicable,Poor Product Quality,-11,8,0.0,0.0,bea47f548d6877fb,
19.0,M,Town,Basic Membership,2025-04-09,Yes,Credit/Debit Card Offers,Desktop,Mobile_Data,21.0,159.09,29522.94,11.0,176.06570900863187,No,Yes,Yes,Solved in Follow-up,Too many ads,-11,2,14.462727272727273,0.0003725916185854119,9e407e692299fef2,
62.0,F,Town,Basic Membership,2025-04-09,Yes,Gift Vouchers/Coupons,Smartphone,Mobile_Data,7.0,892.28,39351.91,10.0,689.47,No,Yes,Yes,Solved in Follow-up,Too many ads,-11,2,89.228,0.0002541172715631846,b87b1d88bb8670ea,
33.0,F,City,Platinum Membership,2025-04-09,No,Without Offers,Smartphone,Fiber_Optic,12.0,270.85,92837.51,0.0,785.25,Yes,Yes,No,Not Applicable,User Friendly Website,-11,13,0.0,0.0,8a5f28bbe9e82214,
51.0,M,City,Basic Membership,2025-04-09,No,Credit/Debit Card Offers,Desktop,Fiber_Optic,7.0,133.23,30716.27,24.0,606.65,No,Yes,No,Not Applicable,Poor Product Quality,-11,4,5.55125,0.0007813448703244242,9c79cc27fedee5a8,
49.0,F,Town,Basic Membership,2025-04-09,No,Credit/Debit Card Offers,Both,Mobile_Data,17.0,213.6,47489.16,29.0,698.31,Yes,No,No,Not Applicable,Poor Product Quality,-11,23,7.36551724137931,0.0006106656761248251,86dde88f1b96d58b,
10.0,F,Town,No Membership,2025-04-09,No,Gift Vouchers/Coupons,Smartphone,Wi-Fi,13.000000000000007,34.03,40940.17,24.0,599.67,Yes,No,No,Not Applicable,Poor Customer Service,-11,15,1.4179166666666667,0.0005862213078255416,a3e63c498e9a052b,
51.0,F,Town,Silver Membership,2025-04-09,No,Without Offers,Smartphone,Fiber_Optic,3.0,377.42,8303.219999999998,13.0,729.56,Yes,No,Yes,Solved,Poor Website,-11,3,29.032307692307693,0.001565657660522063,ad5d580d18cfd258,
51.0,M,Town,Platinum Membership,2025-04-09,Yes,Without Offers,Desktop,Fiber_Optic,8.0,545.06,8124.549999999996,25.0,764.19,No,Yes,Yes,No Information Available,No reason specified,-11,2,21.8024,0.0030770935005631096,960a1f6e036dec6b,
41.0,F,Town,No Membership,2025-04-09,No,Without Offers,Desktop,Wi-Fi,14.0,300.13,26025.12,22.0,678.67,No,Yes,No,Not Applicable,Too many ads,-11,19,13.642272727272728,0.000845337120443633,a2e76b7097f5ce38,
51.0,F,City,No Membership,2025-04-09,No,Credit/Debit Card Offers,Desktop,Wi-Fi,11.0,177.34,28478.54,21.0,719.51,Yes,No,No,Not Applicable,Poor Customer Service,-11,0,8.444761904761904,0.0007373973525328194,a91496d2025f54d6,
43.0,F,Town,Silver Membership,2025-04-09,No,Gift Vouchers/Coupons,Smartphone,Mobile_Data,25.0,50.650000000000006,6122.5,11.0,792.11,No,Yes,Yes,Solved,Poor Website,-11,4,4.604545454545455,0.0017966516945692118,a47dba1bf393121d,
47.0,F,City,Platinum Membership,2025-04-09,Yes,Gift Vouchers/Coupons,Desktop,Mobile_Data,25.0,103.24000000000001,43445.71,0.0,721.37,Yes,No,Yes,No Information Available,Poor Customer Service,-11,4,0.0,0.0,bc89181274447b1e,
12.0,F,City,Silver Membership,2025-04-09,No,Credit/Debit Card Offers,Smartphone,Fiber_Optic,14.0,43.28999999999999,11165.619999999999,24.0,697.79,Yes,No,No,Not Applicable,Poor Product Quality,-11,8,1.8037499999999997,0.0021494552026667577,818a96de75b7f4cb,
44.0,M,Town,Premium Membership,2025-04-09,Yes,Credit/Debit Card Offers,Desktop,Fiber_Optic,19.0,2.842170943040401e-14,98467.69,9.0,0.0,No,Yes,Yes,Unsolved,Quality Customer Care,-11,19,3.157967714489334e-15,9.140053960847462e-05,b15620ff1b7f4585,
61.0,F,Town,Platinum Membership,2025-04-09,No,Credit/Debit Card Offers,Smartphone,Wi-Fi,10.0,32.78999999999999,8940.57,27.0,741.62,No,Yes,No,Not Applicable,Too many ads,-11,11,1.2144444444444442,0.0030199416815706384,93b6f109e072d6d3,
59.0,F,Town,Silver Membership,2025-04-09,No,Gift Vouchers/Coupons,Desktop,Wi-Fi,20.0,180.69,36809.08,27.0,732.98,No,Yes,No,Not Applicable,Poor Product Quality,-11,12,6.692222222222222,0.0007335146654032103,8a37541a274342da,
48.0,F,Village,Platinum Membership,2025-04-09,Yes,Gift Vouchers/Coupons,Desktop,Mobile_Data,2.0,33.18000000000001,24394.24,16.0,1042.0870641604756,No,Yes,Yes,No Information Available,Poor Product Quality,-11,19,2.0737500000000004,0.0006558925385664813,8a9be326c01734d5,
12.0,F,Town,No Membership,2025-04-09,No,Without Offers,Smartphone,Mobile_Data,18.0,33.879999999999995,19100.65,26.0,624.95,No,Yes,Yes,Unsolved,Poor Product Quality,-11,16,1.3030769230769228,0.001361210220594587,8ccc193110b8fbd4,
46.0,M,Town,Gold Membership,2025-04-09,No,Without Offers,Smartphone,Fiber_Optic,16.0,121.51,34687.6,23.0,779.37,No,Yes,Yes,No Information Available,No reason specified,-11,15,5.28304347826087,0.000663061151535419,8ee68faf8259af2c,
31.0,M,Town,Silver Membership,2025-04-09,Yes,Credit/Debit Card Offers,Desktop,Wi-Fi,14.0,214.79,24636.35,11.0,0.0,Yes,Yes,Yes,Solved,Too many ads,-11,15,19.526363636363637,0.000446494712081944,ad0126efbc306e71,
10.0,M,Town,Platinum Membership,2025-04-09,Yes,Credit/Debit Card Offers,Both,Wi-Fi,18.0,576.29,16385.229999999996,26.0,0.0,Yes,No,No,Not Applicable,Poor Customer Service,-11,3,22.165,0.0015867949366594187,a95ca649ff802145,
22.0,M,Town,Basic Membership,2025-04-09,No,Credit/Debit Card Offers,Desktop,Wi-Fi,14.0,123.0,27454.5,25.0,310.86524285534784,No,Yes,Yes,Unsolved,Too many ads,-11,19,4.92,0.0009105975341018776,b670cbc5dfb0e046,
39.0,M,Town,Platinum Membership,2025-04-09,No,Gift Vouchers/Coupons,Desktop,Wi-Fi,-999.0,32.56,46536.33,29.0,556.2662290419677,No,Yes,No,Not Applicable,Poor Product Quality,-11,19,1.1227586206896552,0.0006231690380397423,8794604d8bffac4a,
41.0,M,City,Silver Membership,2025-04-09,No,Gift Vouchers/Coupons,Desktop,Mobile_Data,9.0,90.52000000000001,4542.689999999999,11.0,309.49341247048505,Yes,No,No,Not Applicable,Too many ads,-11,14,8.22909090909091,0.0024214727397202985,8f2b270cfa693881,
33.0,F,Town,No Membership,2025-04-09,No,Without Offers,Smartphone,Fiber_Optic,14.0,169.91,47566.01,21.0,581.71,Yes,No,No,Not Applicable,Poor Customer Service,-11,2,8.09095238095238,0.0004414917290729241,93fa9d90604c1f9f,
54.0,M,City,Gold Membership,2025-04-09,No,Without Offers,Both,Wi-Fi,6.0,94.98,29217.32,13.0,702.21,No,Yes,Yes,No Information Available,Poor Customer Service,-11,19,7.306153846153847,0.00044494156205976453,974be5f1c671e0d1,
26.0,F,City,Basic Membership,2025-04-09,No,Without Offers,Desktop,Mobile_Data,-999.0,372.22,17643.89,8.0,562.19,No,Yes,Yes,Solved,Poor Customer Service,-11,22,46.5275,0.0004534147515088793,b8ce609e1eeaca97,
39.0,M,Town,Platinum Membership,2025-04-09,No,Gift Vouchers/Coupons,Desktop,Wi-Fi,20.0,233.88,11053.350000000002,24.0,180.18995921110093,Yes,No,No,Not Applicable,Poor Product Quality,-11,6,9.745,0.0021712874377451175,98cd49b947293a9c,
52.0,F,Town,No Membership,2025-04-09,No,Credit/Debit Card Offers,Desktop,Mobile_Data,14.0,371.37,19636.96,27.0,505.64,Yes,Yes,No,Not Applicable,Poor Website,-11,18,13.754444444444445,0.0013749582420089464,99834a3422e36c34,
16.0,F,City,Platinum Membership,2025-04-09,Yes,Without Offers,Desktop,Mobile_Data,1.0,157.15,10625.130000000001,0.0,767.47,No,Yes,No,Not Applicable,Products always in Stock,-11,10,0.0,0.0,974355cff137f7b4,
15.0,M,Town,No Membership,2025-04-09,No,Credit/Debit Card Offers,Desktop,Fiber_Optic,13.000000000000007,33.879999999999995,48657.08,7.0,588.73,Yes,No,No,Not Applicable,Poor Website,-11,21,4.839999999999999,0.00014386395566688343,a8255a1570f0408a,
27.0,F,City,Basic Membership,2025-04-09,No,Credit/Debit Card Offers,Smartphone,Wi-Fi,20.0,33.46000000000001,1446.3600000000006,21.0,565.44,No,Yes,No,Not Applicable,Poor Product Quality,-11,5,1.5933333333333337,0.014519206836472242,ac77490d57b9538c,
25.0,F,Town,Silver Membership,2025-04-09,Yes,Credit/Debit Card Offers,Desktop,Mobile_Data,21.0,71.20000000000002,43542.43,6.0,729.14,No,Yes,No,Not Applicable,Poor Customer Service,-11,13,11.866666666666669,0.00013779662733568154,b3cb6d236c6b8373,
33.0,F,Village,No Membership,2025-04-09,No,Credit/Debit Card Offers,Desktop,Mobile_Data,5.0,89.11,31134.15,19.108486075910143,578.85,Yes,No,No,Not Applicable,Poor Product Quality,-11,2,4.663373102714819,0.0006137468367021468,84ba98ae1c0c1cf9,
12.0,M,Village,Basic Membership,2025-04-09,No,Without Offers,Desktop,Mobile_Data,7.0,33.900000000000006,46848.94,27.0,685.55,Yes,No,No,Not Applicable,No reason specified,-11,11,1.2555555555555558,0.0005763204034072061,b8289fe3fa270fdb,
29.0,F,City,Premium Membership,2025-04-09,No,Without Offers,Desktop,Wi-Fi,7.0,217.76,34483.92,15.0,736.92,No,Yes,No,Not Applicable,User Friendly Website,-11,13,14.517333333333333,0.00043498534969342237,bbc0f1132dbba60b,
16.0,F,City,Gold Membership,2025-04-09,Yes,Without Offers,Desktop,Mobile_Data,19.0,438.5,45685.63,15.0,797.13,No,Yes,No,Not Applicable,Poor Website,-11,8,29.233333333333334,0.00032833081211750833,bdccdcd74274e517,
39.0,M,City,No Membership,2025-04-09,No,Without Offers,Both,Wi-Fi,10.0,314.84,18915.38,20.0,642.98,No,Yes,No,Not Applicable,Poor Website,-11,14,15.741999999999999,0.0010573406402620512,b976b44b6dd8361f,
29.0,M,Town,Silver Membership,2025-04-09,Yes,Without Offers,Desktop,Wi-Fi,-999.0,31.400000000000006,27186.42,28.0,617.0,No,Yes,No,Not Applicable,Poor Website,-11,12,1.1214285714285717,0.001029925970392571,9fdbbfa907639da7,
12.0,M,Town,Gold Membership,2025-04-09,No,Without Offers,Both,Wi-Fi,9.0,242.06,80216.21,13.0,721.93,Yes,Yes,Yes,Solved in Follow-up,Reasonable Price,-11,14,18.62,0.0001620620071678779,a18196667a495974,
26.0,F,Town,No Membership,2025-04-09,No,Without Offers,Smartphone,Mobile_Data,16.0,190.05,38744.14,20.0,696.84,Yes,No,Yes,Solved,Poor Website,-11,16,9.502500000000001,0.0005162070960924672,84e9f27b516f0dd5,
48.0,F,Town,Basic Membership,2025-04-09,No,Gift Vouchers/Coupons,Smartphone,Mobile_Data,13.000000000000007,294.92,10220.91,9.0,0.0,No,Yes,No,Not Applicable,Poor Product Quality,-11,9,32.76888888888889,0.0008805478181492646,ad66789070c36e09,
16.0,F,City,Silver Membership,2025-04-09,Yes,Gift Vouchers/Coupons,Desktop,Fiber_Optic,14.0,181.31,29815.71,13.0,664.63,No,Yes,Yes,Unsolved,Poor Customer Service,-11,6,13.946923076923078,0.0004360117535353007,9faa77bdb6a3ea72,
44.0,M,City,Gold Membership,2025-04-09,No,Without Offers,Both,Fiber_Optic,6.0,103.82,10999.420000000002,24.0,602.14,No,Yes,Yes,No Information Available,Poor Customer Service,-11,17,4.325833333333333,0.0021819332292066307,a599116045fda3a1,
47.0,F,Town,Platinum Membership,2025-04-09,No,Gift Vouchers/Coupons,Smartphone,Mobile_Data,17.0,299.74,45797.56,17.0,795.63,No,Yes,No,Not Applicable,No reason specified,-11,13,17.631764705882354,0.0003711988149587009,945f0f0555f911e4,
50.0,F,Town,Premium Membership,2025-04-09,Yes,Gift Vouchers/Coupons,Both,Wi-Fi,5.0,599.97,30017.92,0.0,837.48,Yes,Yes,Yes,Solved in Follow-up,User Friendly Website,-11,22,0.0,0.0,913d06aff256fdce,
56.0,F,Town,No Membership,2025-04-09,Yes,Gift Vouchers/Coupons,Desktop,Wi-Fi,6.0,64.59,22258.14,14.0,0.0,Yes,No,Yes,Solved in Follow-up,Too many ads,-11,23,4.613571428571428,0.0006289833741723252,8a54bb8f3c319282,
37.0,M,Town,Platinum Membership,2025-04-09,No,Without Offers,Desktop,Wi-Fi,11.0,53.46000000000001,17351.92,11.0,0.0,No,Yes,Yes,Solved in Follow-up,Too many ads,-11,22,4.86,0.000633935610583728,a4c4fe59bf14bff6,
58.0,F,City,Basic Membership,2025-04-09,No,Credit/Debit Card Offers,Desktop,Fiber_Optic,-999.0,235.67,37399.64,12.0,1253.548944197015,No,Yes,Yes,No Information Available,Poor Customer Service,-11,3,19.639166666666664,0.0003208587034527605,b5556a862a24bd0f,
47.0,F,City,Gold Membership,2025-04-09,Yes,Gift Vouchers/Coupons,Desktop,Mobile_Data,16.0,72.03,18002.14,25.0,385.4536147999386,No,Yes,No,Not Applicable,No reason specified,-11,11,2.8812,0.0013887237850611093,98a71276df4f33e6,
10.0,M,City,Premium Membership,2025-04-09,No,Credit/Debit Card Offers,Both,Wi-Fi,11.0,408.46,19727.89,0.0,712.18,Yes,No,Yes,No Information Available,No reason specified,-11,1,0.0,0.0,ac887621d9b79b8c,
21.0,F,City,Basic Membership,2025-04-09,Yes,Gift Vouchers/Coupons,Desktop,Wi-Fi,-999.0,213.17,3206.7499999999964,5.000000000000002,614.13,Yes,Yes,Yes,No Information Available,Too many ads,-11,14,42.63399999999998,0.00155921103921416,92505ee907b32190,
15.0,M,Town,Premium Membership,2025-04-09,Yes,Without Offers,Desktop,Fiber_Optic,14.0,474.30999999999995,20765.0,6.0,444.1131922537697,Yes,Yes,No,Not Applicable,Too many ads,-11,2,79.05166666666666,0.0002889477486154587,83cef272845d9980,
53.0,M,Town,Platinum Membership,2025-04-09,Yes,Credit/Debit Card Offers,Smartphone,Mobile_Data,19.0,48.69,11820.11,28.0,755.59,No,Yes,No,Not Applicable,Poor Customer Service,-11,23,1.7389285714285714,0.0023688442831750296,9f25ee8b74c508b9,
24.0,F,Village,No Membership,2025-04-09,Yes,Gift Vouchers/Coupons,Both,Mobile_Data,16.0,123.51,35410.09,7.0,647.11,No,Yes,Yes,Solved in Follow-up,Poor Product Quality,-11,13,17.644285714285715,0.00019768376753631522,b7fead27eeb23ac1,
21.0,M,Town,Gold Membership,2025-04-09,Yes,Without Offers,Desktop,Wi-Fi,9.0,165.24,43612.21,1.0,826.34,No,Yes,No,Not Applicable,User Friendly Website,-11,8,165.24,2.2929358544315914e-05,8699274aa9229257,
21.0,M,Town,Premium Membership,2025-04-09,Yes,Credit/Debit Card Offers,Both,Mobile_Data,15.0,807.95,74793.04000000001,0.0,798.33,No,Yes,No,Not Applicable,Quality Customer Care,-11,0,0.0,0.0,bba00ff33aecc855,
48.0,F,City,Platinum Membership,2025-04-09,Yes,Gift Vouchers/Coupons,Both,Mobile_Data,14.0,593.28,91942.00000000001,4.0,815.93,No,Yes,Yes,No Information Available,Products always in Stock,-11,13,148.32,4.350568836875421e-05,aef646fd401a1fd7,
18.0,M,Town,No Membership,2025-04-09,No,Gift Vouchers/Coupons,Desktop,Mobile_Data,17.0,384.01,3362.779999999999,22.0,571.34,Yes,No,Yes,Solved,Poor Customer Service,-11,14,17.455,0.006542206150863276,beaa3f7b23ab8fc8,
34.0,M,Village,Premium Membership,2025-04-09,No,Without Offers,Desktop,Wi-Fi,14.0,2.842170943040401e-14,48862.76,0.0,746.18,Yes,No,No,Not Applicable,Poor Product Quality,-11,5,0.0,0.0,a46391e3f0875b2c,
16.0,F,Village,Platinum Membership,2025-04-09,Yes,Without Offers,Both,Fiber_Optic,9.0,726.08,65554.05,3.0,825.96,Yes,Yes,No,Not Applicable,User Friendly Website,-11,6,242.02666666666667,4.576376287963901e-05,b92105f59c22de38,
37.0,M,Town,Platinum Membership,2025-04-09,No,Gift Vouchers/Coupons,Smartphone,Fiber_Optic,14.0,56.599999999999994,35352.3,17.0,740.92,Yes,No,Yes,No Information Available,Poor Customer Service,-11,7,3.329411764705882,0.0004808739459667405,9cbcbe838712866d,
58.0,M,Town,Gold Membership,2025-04-09,Yes,Credit/Debit Card Offers,Both,Wi-Fi,14.0,240.31,39310.48,10.0,684.83,No,Yes,No,Not Applicable,Poor Customer Service,-11,8,24.031,0.0002543850901846022,bb818566da2739d0,
26.0,M,Town,Platinum Membership,2025-04-09,No,Gift Vouchers/Coupons,Desktop,Fiber_Optic,15.0,30.109999999999985,27460.73,0.0,368.99737609412864,Yes,No,No,Not Applicable,Poor Customer Service,-11,15,0.0,0.0,bccfc06b39b13496,
24.0,F,City,Premium Membership,2025-04-09,No,Credit/Debit Card Offers,Smartphone,Mobile_Data,17.0,102.76,12759.41,11.0,327.0478602409149,No,Yes,No,Not Applicable,No reason specified,-11,8,9.341818181818182,0.0008621088279160244,a31a5640735697cd,
25.0,M,Town,Silver Membership,2025-04-09,No,Without Offers,Desktop,Mobile_Data,7.0,257.7,35832.76,17.0,713.45,No,Yes,No,Not Applicable,No reason specified,-11,10,15.158823529411764,0.0004744261954702903,8d741fc2d23ca728,
44.0,M,Town,No Membership,2025-04-09,No,Gift Vouchers/Coupons,Smartphone,Wi-Fi,24.0,106.11000000000001,42286.11,23.0,0.0,No,Yes,No,Not Applicable,Poor Customer Service,-11,7,4.613478260869566,0.0005439138289145064,8a62a8ab9237eb3f,
33.0,F,City,No Membership,2025-04-09,No,Gift Vouchers/Coupons,Desktop,Wi-Fi,16.0,467.73,7283.84,24.0,33.57771416668595,Yes,Yes,No,Not Applicable,Poor Product Quality,-11,23,19.48875,0.003294965293032247,a73a455e5e847507,
50.0,M,Town,Silver Membership,2025-04-09,Yes,Without Offers,Desktop,Fiber_Optic,2.0,115.12,11481.350000000002,13.0,780.46,Yes,No,No,Not Applicable,Poor Product Quality,-11,12,8.855384615384615,0.0011322710308456756,a78904aaccc1f7bb,
29.0,M,Town,No Membership,2025-04-09,Yes,Without Offers,Smartphone,Wi-Fi,20.0,34.06999999999999,14611.04,21.0,697.73,No,Yes,Yes,Unsolved,Poor Product Quality,-11,12,1.622380952380952,0.0014372693524896242,a2ae935095a5fe35,
19.0,F,Town,Platinum Membership,2025-04-09,Yes,Gift Vouchers/Coupons,Both,Wi-Fi,14.0,329.45,42633.69,12.0,1205.0320472299643,No,Yes,No,Not Applicable,No reason specified,-11,2,27.454166666666666,0.0002814675436257101,a98a0c4de52d9541,
48.0,M,Village,Basic Membership,2025-04-09,Yes,Gift Vouchers/Coupons,Desktop,Fiber_Optic,14.0,153.08,23656.65,19.0,589.65,Yes,No,No,Not Applicable,Too many ads,-11,22,8.056842105263158,0.0008031568290522961,aec1ea663b74d535,
14.0,M,Town,Gold Membership,2025-04-09,No,Without Offers,Smartphone,Mobile_Data,16.0,30.140000000000015,49429.65,8.0,631.75,No,Yes,Yes,Solved,Poor Website,-11,17,3.767500000000002,0.00016184617936805136,a3bf393b52e83206,
37.0,M,Town,No Membership,2025-04-09,Yes,Credit/Debit Card Offers,Smartphone,Wi-Fi,11.0,182.96,18125.799999999996,20.0,647.56,Yes,No,Yes,No Information Available,Poor Customer Service,-11,10,9.148,0.0011033995740877647,83b258c4e26082f3,
59.0,M,Town,Basic Membership,2025-04-09,Yes,Credit/Debit Card Offers,Both,Fiber_Optic,16.0,37.97999999999999,35371.12,0.0,637.78,No,Yes,Yes,Unsolved,Poor Website,-11,19,0.0,0.0,bb75f512fc204da4,
42.0,M,Town,Silver Membership,2025-04-09,Yes,Gift Vouchers/Coupons,Smartphone,Mobile_Data,13.000000000000007,118.39,1256.9700000000012,29.0,704.42,Yes,No,Yes,Solved in Follow-up,Too many ads,-11,11,4.0824137931034485,0.023071354129374586,920854ae992db858,
63.0,M,Town,No Membership,2025-04-09,Yes,Without Offers,Desktop,Wi-Fi,13.000000000000007,293.37,35741.44,6.0,540.25,Yes,No,No,Not Applicable,Poor Customer Service,-11,6,48.895,0.00016787236328474732,b38760b58046ac7a,
50.0,F,Town,Gold Membership,2025-04-09,No,Gift Vouchers/Coupons,Smartphone,Fiber_Optic,23.0,145.38,38888.66,20.0,714.79,Yes,No,Yes,Solved in Follow-up,Poor Customer Service,-11,3,7.269,0.0005142887412423055,ae6ca9c2cad7246e,
15.0,F,Town,Basic Membership,2025-04-09,Yes,Without Offers,Smartphone,Wi-Fi,13.000000000000007,66.72,15726.52,19.0,691.05,No,Yes,No,Not Applicable,No reason specified,-11,12,3.511578947368421,0.0012081503091593054,a5dc83174dc95b1c,
39.0,M,Town,Basic Membership,2025-04-09,Yes,Credit/Debit Card Offers,Desktop,Fiber_Optic,12.0,110.53,28798.1,15.0,628.02,Yes,No,Yes,Unsolved,Poor Website,-11,3,7.368666666666667,0.000520867696132731,89abd88c43ed70fb,
29.0,F,Town,Silver Membership,2025-04-09,No,Without Offers,Desktop,Fiber_Optic,18.0,300.38,12069.060000000001,7.0,777.31,No,Yes,No,Not Applicable,Too many ads,-11,20,42.91142857142857,0.0005799954594641173,a6805459801684e0,
37.0,F,Town,Platinum Membership,2025-04-09,No,Gift Vouchers/Coupons,Desktop,Fiber_Optic,-999.0,243.86,49601.19,0.0,714.26,Yes,Yes,Yes,Solved,Poor Product Quality,-11,13,0.0,0.0,995d39cff47739fd,
19.0,F,City,Gold Membership,2025-04-09,No,Without Offers,Smartphone,Fiber_Optic,22.0,207.91,9540.420000000002,8.0,736.87,No,Yes,Yes,No Information Available,Poor Product Quality,-11,19,25.98875,0.0008385375067345042,a04b13d142d02dd0,
21.0,M,Town,No Membership,2025-04-09,No,Gift Vouchers/Coupons,Desktop,Mobile_Data,5.0,1034.2347704548365,19008.01,23.0,672.5,Yes,No,Yes,Unsolved,Poor Website,-11,8,44.966729150210284,0.001210016198434239,882883300f877055,
54.0,F,City,Premium Membership,2025-04-10,Yes,Without Offers,Smartphone,Wi-Fi,13.000000000000014,48.180000000000035,40424.21,6.0,0.0,No,Yes,Yes,Solved,Reasonable Price,-11,14,8.030000000000006,0.00014842590615871034,8f9004c5cc3a058b,
11.0,M,City,Platinum Membership,2025-04-10,No,Credit/Debit Card Offers,Desktop,Mobile_Data,11.000000000000014,37.24000000000001,36518.8,4.0,1134.6133805257489,Yes,No,No,Not Applicable,Products always in Stock,-11,20,9.310000000000002,0.00010953262429214541,8d2f01c8745e24dc,
47.0,M,City,Gold Membership,2025-04-10,No,Without Offers,Both,Mobile_Data,17.000000000000014,0.0,38699.06,15.0,0.0,Yes,Yes,Yes,Solved,No reason specified,-11,23,0.0,0.0003876063139518118,a573671ee3569541,
44.0,F,Town,Gold Membership,2025-04-10,Yes,Gift Vouchers/Coupons,Desktop,Fiber_Optic,10.000000000000014,30.420000000000016,8594.489999999998,4.0,845.79,No,Yes,Yes,No Information Available,User Friendly Website,-11,19,7.605000000000004,0.0004654144690377208,80558051dece21b6,
25.0,F,Village,Gold Membership,2025-04-10,No,Without Offers,Smartphone,Wi-Fi,2.999999999999986,160.19,26216.17,11.0,0.0,No,Yes,Yes,Solved in Follow-up,Too many ads,-11,12,14.562727272727273,0.000419588368552691,80031d62fb89331b,
54.0,F,Town,No Membership,2025-04-10,No,Gift Vouchers/Coupons,Desktop,Mobile_Data,2.999999999999986,0.0,47794.83,13.0,572.57,Yes,No,No,Not Applicable,No reason specified,-11,9,0.0,0.0002719959460050386,a4c143f1f792e1ee,
62.0,F,City,Basic Membership,2025-04-10,No,Gift Vouchers/Coupons,Smartphone,Mobile_Data,8.000000000000014,31.939999999999998,41309.76,21.0,0.0,Yes,No,Yes,Unsolved,No reason specified,-11,12,1.5209523809523808,0.0005083544421463596,9dc87f8cb3c99866,
57.0,M,City,No Membership,2025-04-10,Yes,Gift Vouchers/Coupons,Both,Mobile_Data,11.000000000000014,1029.21,25166.35,0.0,559.38,Yes,No,Yes,Unsolved,Poor Product Quality,-11,9,0.0,0.0,b4894927ea4ada0c,
45.0,F,City,Gold Membership,2025-04-10,Yes,Gift Vouchers/Coupons,Desktop,Fiber_Optic,15.000000000000014,445.28,17382.32,14.0,798.2,Yes,No,Yes,No Information Available,No reason specified,-11,3,31.805714285714284,0.0008054160779458669,89c2a21e148771ea,
60.0,M,Town,No Membership,2025-04-10,Yes,Credit/Debit Card Offers,Desktop,Mobile_Data,19.0,111.47,13256.43,20.0,645.84,Yes,No,Yes,Unsolved,Poor Website,-11,9,5.5735,0.0015087018148928482,b482b7367dc9fda7,
55.0,M,Town,Basic Membership,2025-04-10,Yes,Gift Vouchers/Coupons,Desktop,Fiber_Optic,8.000000000000014,370.6,4022.209999999999,28.0,649.22,Yes,No,No,Not Applicable,Poor Website,-11,11,13.235714285714286,0.0069613471201155595,a9d0554f07d7852a,
53.0,M,City,No Membership,2025-04-10,Yes,Credit/Debit Card Offers,Desktop,Fiber_Optic,11.000000000000014,34.69999999999999,37246.9,29.0,685.53,Yes,No,No,Not Applicable,Too many ads,-11,4,1.1965517241379307,0.0007785882851995736,a571223fbf369bff,
32.0,M,City,Premium Membership,2025-04-10,Yes,Credit/Debit Card Offers,Both,Wi-Fi,24.0,2120.2998521410746,46335.97,17.0,402.6343050020389,Yes,No,No,Not Applicable,Poor Customer Service,-11,16,124.72352071418085,0.000366885596654176,9487bc22e69df069,
54.0,M,Town,Silver Membership,2025-04-10,Yes,Gift Vouchers/Coupons,Desktop,Wi-Fi,17.000000000000014,183.72,3271.0200000000004,5.0,616.62,Yes,No,No,Not Applicable,Poor Website,-11,21,36.744,0.0015285751844990245,b3bba5f23c27cd37,
11.0,M,Town,Premium Membership,2025-04-10,No,Credit/Debit Card Offers,Both,Mobile_Data,16.000000000000014,233.49,37224.42,19.0,737.25,Yes,Yes,No,Not Applicable,Too many ads,-11,4,12.288947368421054,0.0005104176236997111,a7a7ebe8161bdeb5,
60.0,F,City,Gold Membership,2025-04-10,Yes,Without Offers,Desktop,Mobile_Data,17.000000000000014,278.47,43253.94,7.0,977.1960834158374,Yes,No,No,Not Applicable,Poor Customer Service,-11,8,39.78142857142858,0.0001618349680977039,a9230007c6bb6db4,
62.0,F,City,Silver Membership,2025-04-10,No,Gift Vouchers/Coupons,Desktop,Wi-Fi,9.000000000000014,243.22,7455.3499999999985,22.0,398.22863989097664,Yes,No,Yes,Solved,Poor Product Quality,-11,14,11.055454545454545,0.0029509010308033834,9882513ae5ac8d98,
11.0,F,City,Silver Membership,2025-04-10,No,Without Offers,Desktop,Wi-Fi,18.0,97.43,3421.860000000004,0.0,0.0,No,Yes,Yes,Solved,No reason specified,-11,5,0.0,0.0,9dbe8295d7b5ff37,
45.0,M,Village,Premium Membership,2025-04-10,No,Without Offers,Smartphone,Fiber_Optic,19.0,33.789999999999964,39529.69,13.0,798.51,Yes,No,No,Not Applicable,No reason specified,-11,23,2.5992307692307666,0.00032886673282790733,bdcc6af3f4579591,
44.0,M,Village,No Membership,2025-04-10,No,Gift Vouchers/Coupons,Both,Wi-Fi,15.000000000000014,1378.665581598223,12813.07,9.0,147.0856046586356,No,Yes,Yes,Solved,No reason specified,-11,9,153.18506462202478,0.0007024077758101689,a3e45915fbc18e79,
27.0,F,Town,Platinum Membership,2025-04-10,No,Gift Vouchers/Coupons,Both,Wi-Fi,4.999999999999986,365.06,27152.95,14.0,0.0,Yes,Yes,No,Not Applicable,User Friendly Website,-11,13,26.075714285714287,0.0005155977527303663,8a281c7fa21a1569,
49.0,F,Town,Platinum Membership,2025-04-10,No,Gift Vouchers/Coupons,Desktop,Wi-Fi,21.0,32.00000000000003,25718.42,10.0,787.79,Yes,No,No,Not Applicable,Too many ads,-11,6,3.200000000000003,0.00038882637424849585,b86745277ccf4535,
13.999999999999996,M,Town,Silver Membership,2025-04-10,Yes,Without Offers,Smartphone,Mobile_Data,10.000000000000014,160.0,38203.58,15.0,716.6,No,Yes,Yes,Solved,Poor Website,-11,13,10.666666666666666,0.0003926333605384626,917337488416bbfe,
62.0,M,Town,No Membership,2025-04-10,No,Without Offers,Desktop,Wi-Fi,13.000000000000014,30.090000000000003,48568.05,12.0,338.68268141564744,No,Yes,No,Not Applicable,Poor Website,-11,11,2.5075000000000003,0.000247076009845979,b03ebb5479f263e3,
56.0,F,Town,Premium Membership,2025-04-10,Yes,Credit/Debit Card Offers,Both,Fiber_Optic,13.000000000000014,561.76,28937.26,8.0,744.87,No,Yes,No,Not Applicable,Poor Website,-11,2,70.22,0.0002764601762571854,975fba0d3f413fd9,
59.0,F,Village,Basic Membership,2025-04-10,No,Without Offers,Smartphone,Fiber_Optic,3.999999999999986,811.95,13728.01,7.0,628.79,No,Yes,No,Not Applicable,No reason specified,-11,7,115.99285714285715,0.0005099063884714536,bf6fcac814a5672e,
13.0,F,City,Platinum Membership,2025-04-10,No,Credit/Debit Card Offers,Desktop,Mobile_Data,13.000000000000014,231.74,65365.09,18.0,0.0,Yes,No,No,Not Applicable,Reasonable Price,-11,23,12.874444444444444,0.0002753763515050618,8f2cac81aae72439,
10.0,M,Town,Basic Membership,2025-04-10,Yes,Credit/Debit Card Offers,Smartphone,Wi-Fi,23.0,34.329999999999984,26114.74,18.0,146.0458237714169,Yes,No,Yes,No Information Available,Too many ads,-11,9,1.9072222222222213,0.000689265908831564,8fab68a42fb5d460,
62.0,F,City,No Membership,2025-04-10,Yes,Without Offers,Desktop,Fiber_Optic,23.0,128.39,12174.27,19.0,691.39,No,Yes,Yes,Unsolved,Poor Customer Service,-11,20,6.757368421052631,0.0015606685246836154,82eca6418e9085f4,
12.0,M,Town,Gold Membership,2025-04-10,No,Gift Vouchers/Coupons,Smartphone,Mobile_Data,14.000000000000014,43.30000000000001,66040.84,16.0,762.41,No,Yes,No,Not Applicable,User Friendly Website,-11,22,2.7062500000000007,0.0002422743260079672,ad0bde9281b96d49,
10.0,F,City,Silver Membership,2025-04-10,Yes,Without Offers,Desktop,Fiber_Optic,15.000000000000014,138.75,13086.580000000002,14.0,733.77,No,Yes,No,Not Applicable,Too many ads,-11,12,9.910714285714286,0.0010697982207727305,904fc4cd5f4a97f3,
18.0,F,Town,Platinum Membership,2025-04-10,No,Gift Vouchers/Coupons,Desktop,Fiber_Optic,19.0,274.39,43822.1,26.0,1192.620198829974,No,Yes,No,Not Applicable,Poor Customer Service,-11,1,10.553461538461537,0.0005933079427959865,861eb342ea17f2de,
17.0,M,Village,Basic Membership,2025-04-10,No,Credit/Debit Card Offers,Smartphone,Wi-Fi,0.9999999999999858,38.56999999999999,27003.84,0.0,0.0,Yes,No,Yes,No Information Available,No reason specified,-11,2,0.0,0.0,b1a0a3fc14862948,
50.0,F,City,Platinum Membership,2025-04-10,No,Credit/Debit Card Offers,Desktop,Wi-Fi,12.000000000000014,414.71,50327.58,13.0,0.0,No,Yes,No,Not Applicable,Quality Customer Care,-11,17,31.900769230769228,0.0002583076714596648,bb86c709c5d448c4,
58.0,M,City,Premium Membership,2025-04-10,Yes,Credit/Debit Card Offers,Smartphone,Mobile_Data,14.000000000000014,631.56,8619.16,26.0,746.78,Yes,Yes,No,Not Applicable,Poor Website,-11,20,24.29076923076923,0.0030165352540154726,81dd623d5c302080,
42.0,M,City,Gold Membership,2025-04-10,No,Without Offers,Smartphone,Wi-Fi,13.000000000000014,106.69,37835.1,27.0,659.01,Yes,No,Yes,Solved in Follow-up,Too many ads,-11,10,3.9514814814814816,0.0007136230642974381,8ec6f4e26cb4b3ea,
31.0,M,Town,Gold Membership,2025-04-10,Yes,Gift Vouchers/Coupons,Desktop,Mobile_Data,15.000000000000014,213.93,9026.510000000002,0.0,675.36,Yes,No,Yes,Unsolved,Poor Product Quality,-11,17,0.0,0.0,bd815fddc2cc019e,
15.0,M,City,Basic Membership,2025-04-10,Yes,Credit/Debit Card Offers,Desktop,Wi-Fi,12.000000000000014,817.56,27298.95,24.0,699.39,Yes,Yes,No,Not Applicable,Too many ads,-11,23,34.065,0.0008791546927629084,ad3aeb3479271e77,
53.0,F,Town,No Membership,2025-04-10,No,Without Offers,Desktop,Wi-Fi,14.000000000000014,39.55000000000001,11682.18,28.0,568.73,No,Yes,No,Not Applicable,Too many ads,-11,19,1.4125000000000003,0.002396812923615284,89ca81aee642de0f,
58.0,F,City,No Membership,2025-04-10,Yes,Credit/Debit Card Offers,Both,Wi-Fi,11.000000000000014,525.6,43930.29,24.0,245.4799609349189,No,Yes,No,Not Applicable,Poor Website,-11,19,21.900000000000002,0.0005463200903067109,9ad50f621fc8f34d,
41.0,M,City,No Membership,2025-04-10,No,Without Offers,Desktop,Fiber_Optic,21.0,103.49000000000001,14895.85,10.0,691.86,Yes,No,Yes,No Information Available,Poor Product Quality,-11,10,10.349,0.0006713279201925369,9d9fa9eac97d4f7e,
47.0,M,Town,No Membership,2025-04-10,No,Credit/Debit Card Offers,Smartphone,Mobile_Data,-999.0,188.2,13523.59,21.0,557.46,No,Yes,Yes,No Information Available,Too many ads,-11,13,8.961904761904762,0.001552842107753932,b4c05d37ed4e0192,
24.0,F,City,Gold Membership,2025-04-10,Yes,Gift Vouchers/Coupons,Desktop,Mobile_Data,-999.0,213.16,35890.02,7.0,1049.105504660012,Yes,No,No,Not Applicable,Too many ads,-11,4,30.451428571428572,0.0001950402925381485,b48446abd35ecbf4,
60.0,F,City,Basic Membership,2025-04-10,No,Gift Vouchers/Coupons,Smartphone,Fiber_Optic,10.000000000000014,169.28,15471.17,10.0,1038.6616879183368,No,Yes,No,Not Applicable,Poor Product Quality,-11,15,16.928,0.0006463635264818368,bafd5bc6ef0d4d60,
34.0,F,Town,Silver Membership,2025-04-10,No,Without Offers,Smartphone,Fiber_Optic,24.0,73.52999999999997,16250.68,23.0,0.0,Yes,No,Yes,Unsolved,Poor Customer Service,-11,5,3.1969565217391294,0.0014153253894606257,8f79151a18bf009b,
43.0,F,City,Gold Membership,2025-04-10,No,Gift Vouchers/Coupons,Desktop,Mobile_Data,15.000000000000014,34.44999999999999,68146.0,17.0,769.21,No,Yes,No,Not Applicable,Quality Customer Care,-11,3,2.0264705882352936,0.0002494643852904059,aa1d8db1d1517600,
20.0,F,Town,Silver Membership,2025-04-10,Yes,Without Offers,Desktop,Wi-Fi,3.999999999999986,41.05000000000004,1162.9000000000015,19.0,705.23,Yes,No,No,Not Applicable,Poor Website,-11,2,2.160526315789476,0.016338464184366647,9ded6bb613ea0009,
50.0,M,City,Gold Membership,2025-04-10,Yes,Gift Vouchers/Coupons,Desktop,Wi-Fi,15.000000000000014,56.099999999999994,6190.0999999999985,18.0,181.2577422407477,No,Yes,No,Not Applicable,Quality Customer Care,-11,9,3.1166666666666663,0.0029078690166556283,9a51134ecbc5dcd8,
47.0,F,Town,Premium Membership,2025-04-10,No,Without Offers,Smartphone,Mobile_Data,-999.0,63.25,70689.31,5.0,816.22,Yes,No,Yes,Unsolved,Reasonable Price,-11,18,12.65,7.073205269651097e-05,9cc5c81bbc5cfeb7,
54.0,F,Town,No Membership,2025-04-10,Yes,Credit/Debit Card Offers,Smartphone,Wi-Fi,16.000000000000014,72.93,34636.68,12.0,673.66,No,Yes,Yes,Solved in Follow-up,Poor Product Quality,-11,0,6.077500000000001,0.00034645352845596056,8001c7971bf9d314,
33.0,M,City,Basic Membership,2025-04-10,Yes,Without Offers,Smartphone,Mobile_Data,10.000000000000014,66.12,1159.9099999999999,23.0,672.03,Yes,No,No,Not Applicable,No reason specified,-11,6,2.8747826086956523,0.019829124673466047,b012d816a0ff7a22,
61.0,M,Village,Premium Membership,2025-04-10,No,Credit/Debit Card Offers,Desktop,Mobile_Data,18.0,86.25999999999999,86415.62,8.0,725.37,Yes,No,No,Not Applicable,User Friendly Website,-11,4,10.782499999999999,9.257585607787111e-05,9eb20e4ac8e4ea40,
30.0,M,City,Basic Membership,2025-04-10,No,Without Offers,Smartphone,Wi-Fi,16.000000000000014,296.41,11093.23,25.0,624.3,Yes,No,Yes,Solved,No reason specified,-11,3,11.8564,0.002253626761547358,93148aebe8d8f837,
45.0,F,City,No Membership,2025-04-10,No,Credit/Debit Card Offers,Smartphone,Fiber_Optic,23.0,0.0,2430.630000000001,11.0,0.0,Yes,No,No,Not Applicable,No reason specified,-11,12,0.0,0.004525575673796503,bf993ccbbbf06315,
63.0,M,City,Gold Membership,2025-04-10,Yes,Without Offers,Desktop,Mobile_Data,12.000000000000014,0.0,30516.01,28.0,745.36,No,Yes,No,Not Applicable,Poor Customer Service,-11,0,0.0,0.000917551147741792,b6a607ce23b82b94,
58.0,F,Town,Premium Membership,2025-04-10,Yes,Credit/Debit Card Offers,Both,Wi-Fi,4.999999999999986,285.59,38742.77,19.0,784.45,Yes,No,No,Not Applicable,Reasonable Price,-11,20,15.031052631578946,0.0004904140824210557,9d5407d941fc1e33,
60.0,M,City,Basic Membership,2025-04-10,No,Without Offers,Desktop,Wi-Fi,8.000000000000014,388.45,10858.760000000002,0.0,674.03,No,Yes,No,Not Applicable,Poor Customer Service,-11,5,0.0,0.0,9ef55193bc122b5b,
13.999999999999996,F,City,Silver Membership,2025-04-10,Yes,Gift Vouchers/Coupons,Smartphone,Fiber_Optic,4.999999999999986,140.08000000000004,1360.5900000000001,0.0,913.3101562320553,Yes,No,Yes,No Information Available,Poor Customer Service,-11,22,0.0,0.0,9b339bd0ec93b5c4,
29.0,F,City,Basic Membership,2025-04-10,No,Without Offers,Smartphone,Wi-Fi,10.000000000000014,359.31,12383.900000000001,27.0,620.23,Yes,No,No,Not Applicable,No reason specified,-11,17,13.307777777777778,0.002180250163518762,939be0d6f2f4ec2e,
12.0,M,City,Premium Membership,2025-04-10,Yes,Credit/Debit Card Offers,Desktop,Mobile_Data,19.0,232.95,24490.81,2.0,791.51,No,Yes,No,Not Applicable,Reasonable Price,-11,16,116.475,8.166328512613506e-05,b549b18dfedfe65f,
56.0,F,Village,Platinum Membership,2025-04-10,Yes,Gift Vouchers/Coupons,Smartphone,Wi-Fi,-999.0,97.19,22380.65,21.0,752.01,Yes,No,Yes,Solved in Follow-up,No reason specified,-11,9,4.628095238095238,0.000938310549514871,bbd27abedba99c16,
53.0,M,Village,Gold Membership,2025-04-10,No,Credit/Debit Card Offers,Desktop,Mobile_Data,10.000000000000014,113.32,9109.29,12.0,692.59,No,Yes,Yes,Unsolved,Poor Website,-11,22,9.443333333333333,0.0013173364773763927,8647b6011dc7ba00,
56.0,M,Town,No Membership,2025-04-10,No,Credit/Debit Card Offers,Smartphone,Mobile_Data,5.999999999999986,174.11,21969.88,14.0,570.26,No,Yes,Yes,Unsolved,No reason specified,-11,17,12.436428571428573,0.000637236070474668,83fe7dc700553706,
32.0,F,City,Basic Membership,2025-04-10,Yes,Credit/Debit Card Offers,Both,Wi-Fi,8.000000000000014,733.87,5456.849999999995,12.0,662.92,Yes,Yes,Yes,Unsolved,Poor Website,-11,13,61.155833333333334,0.0021990708925479006,bf6f50b0920992e5,
41.0,F,City,No Membership,2025-04-10,Yes,Without Offers,Desktop,Mobile_Data,9.000000000000014,558.96,22317.83,0.0,669.48,No,Yes,Yes,Solved in Follow-up,Poor Website,-11,10,0.0,0.0,96803ed2bbff6545,
13.0,F,Town,Premium Membership,2025-04-10,No,Without Offers,Desktop,Fiber_Optic,12.000000000000014,34.94999999999999,20004.95,22.0,0.0,No,Yes,No,Not Applicable,No reason specified,-11,12,1.5886363636363632,0.001099727817365202,bc87f8baac35f489,
50.0,F,City,Premium Membership,2025-04-10,No,Credit/Debit Card Offers,Smartphone,Mobile_Data,20.0,422.36,47777.51999999999,18.0,746.49,Yes,Yes,Yes,Solved,Too many ads,-11,19,23.464444444444446,0.0003767462187237848,82c2a198b75b5a56,
28.0,F,City,Gold Membership,2025-04-10,No,Credit/Debit Card Offers,Desktop,Wi-Fi,-999.0,174.15,13782.76,13.0,773.38,Yes,No,Yes,Solved in Follow-up,Quality Customer Care,-11,11,13.396153846153847,0.0009432073111626408,aa5be95c88a47645,
51.0,M,Town,Gold Membership,2025-04-10,No,Gift Vouchers/Coupons,Smartphone,Fiber_Optic,1.9999999999999858,81.62,49066.4,10.0,743.62,No,Yes,Yes,Solved,Poor Customer Service,-11,5,8.162,0.00020380545546443187,b0c15b2b2865221d,
21.0,M,Town,Gold Membership,2025-04-10,No,Gift Vouchers/Coupons,Smartphone,Mobile_Data,12.000000000000014,67.32,5578.639999999999,12.0,783.18,No,Yes,Yes,Unsolved,Products always in Stock,-11,0,5.609999999999999,0.0021510619075617,91ea3f940007f4d8,
49.0,M,Town,No Membership,2025-04-10,Yes,Without Offers,Both,Wi-Fi,13.000000000000014,306.41,35046.73,9.0,662.37,No,Yes,Yes,Solved in Follow-up,Poor Product Quality,-11,23,34.04555555555556,0.0002567999924672002,9d2d79930a5e8547,
30.0,F,Village,Silver Membership,2025-04-10,No,Credit/Debit Card Offers,Desktop,Fiber_Optic,14.000000000000014,441.84,22883.65,5.0,694.17,Yes,Yes,No,Not Applicable,Poor Website,-11,22,88.368,0.00021849661221002767,bc1150b6eca986a5,
48.0,M,Town,Silver Membership,2025-04-10,Yes,Credit/Debit Card Offers,Desktop,Wi-Fi,10.000000000000014,270.81,22619.46,25.0,676.14,Yes,Yes,Yes,Solved in Follow-up,Poor Product Quality,-11,0,10.8324,0.0011052430075695883,a60515f20e03a35e,
59.0,M,City,Gold Membership,2025-04-10,No,Credit/Debit Card Offers,Desktop,Wi-Fi,9.000000000000014,168.14,6244.239999999998,13.0,1282.646758499557,Yes,No,Yes,No Information Available,Poor Customer Service,-11,4,12.933846153846153,0.0020819186962704834,be7eeceb17fda38c,
62.0,M,City,Gold Membership,2025-04-10,No,Without Offers,Desktop,Fiber_Optic,19.0,0.0,12192.54,25.0,627.72,Yes,Yes,Yes,Solved in Follow-up,No reason specified,-11,13,0.0,0.002050434117911444,9806b9820bb89070,
48.0,M,Town,No Membership,2025-04-10,Yes,Gift Vouchers/Coupons,Smartphone,Fiber_Optic,22.0,372.43,39702.1,27.0,911.757192772434,No,Yes,Yes,Unsolved,Poor Product Quality,-11,2,13.793703703703704,0.0006800647824674262,92c2f46ae3dca82b,
57.0,M,Village,No Membership,2025-04-10,Yes,Gift Vouchers/Coupons,Desktop,Fiber_Optic,11.000000000000014,33.97,47568.58,13.0,607.91,No,Yes,Yes,Solved in Follow-up,No reason specified,-11,14,2.613076923076923,0.0002732896378239586,910eccb142e84c27,
27.0,M,City,Platinum Membership,2025-04-10,No,Credit/Debit Card Offers,Smartphone,Wi-Fi,7.000000000000014,458.58000000000004,14794.29,6.0,760.28,No,Yes,Yes,Solved in Follow-up,Too many ads,-11,23,76.43,0.0004055618755614497,99a4dc5a5141cd0a,
15.0,M,Town,Gold Membership,2025-04-10,No,Gift Vouchers/Coupons,Smartphone,Mobile_Data,2.999999999999986,64.48000000000002,51830.45999999999,4.0,834.47,Yes,No,No,Not Applicable,Reasonable Price,-11,12,16.120000000000005,7.717469611498722e-05,83e59289181ba0e7,
50.0,F,City,No Membership,2025-04-10,No,Gift Vouchers/Coupons,Smartphone,Fiber_Optic,3.999999999999986,1203.7648303715378,42944.65,11.0,619.94,No,Yes,Yes,Unsolved,Too many ads,-11,14,109.43316639741252,0.0002561436639953987,80cd85544a152ffd,
40.0,M,City,Basic Membership,2025-04-10,No,Gift Vouchers/Coupons,Smartphone,Fiber_Optic,16.000000000000014,75.48000000000005,38887.88,13.0,0.0,Yes,No,No,Not Applicable,Poor Website,-11,8,5.806153846153849,0.0003342943868372357,9b4ed995e49dbb2e,
31.0,F,Town,Basic Membership,2025-04-10,No,Without Offers,Smartphone,Mobile_Data,5.999999999999986,150.02,36502.5,6.0,568.13,No,Yes,Yes,Unsolved,Poor Customer Service,-11,2,25.003333333333334,0.00016437230326689953,ba83030bcbfd77d0,
10.0,F,City,Platinum Membership,2025-04-10,Yes,Credit/Debit Card Offers,Smartphone,Mobile_Data,15.000000000000014,0.0,43082.0,17.0,796.21,Yes,No,No,Not Applicable,Poor Website,-11,15,0.0,0.0003945963511443294,b3471abad3bed6b4,
59.0,M,City,Gold Membership,2025-04-10,Yes,Credit/Debit Card Offers,Desktop,Mobile_Data,15.000000000000014,0.0,40057.67,29.78610667870545,631.51,No,Yes,No,Not Applicable,Poor Product Quality,-11,23,0.0,0.0007435806096237113,96b473a3abf687c3,
10.0,F,City,Gold Membership,2025-04-10,No,Gift Vouchers/Coupons,Desktop,Mobile_Data,-999.0,0.0,4082.6300000000047,19.0,702.2,No,Yes,No,Not Applicable,Poor Website,-11,9,0.0,0.004653862828617822,b5d11ec02baa7bfb,
13.999999999999996,M,Town,Premium Membership,2025-04-10,Yes,Credit/Debit Card Offers,Desktop,Mobile_Data,9.000000000000014,590.01,16294.52,19.0,0.0,Yes,Yes,Yes,Unsolved,Reasonable Price,-11,17,31.05315789473684,0.0011660361888536758,aacdc67048c19003,
39.0,M,Village,Platinum Membership,2025-04-10,No,Credit/Debit Card Offers,Desktop,Wi-Fi,12.000000000000014,127.39999999999999,23796.03,9.0,713.09,Yes,No,Yes,Unsolved,Poor Website,-11,8,14.155555555555555,0.0003782143492002658,86014ba837038ec9,
55.0,M,Town,Platinum Membership,2025-04-10,Yes,Gift Vouchers/Coupons,Desktop,Mobile_Data,14.000000000000014,43.05000000000001,72351.06,8.0,787.54,No,Yes,Yes,Unsolved,Reasonable Price,-11,5,5.381250000000001,0.00011057198056255153,8fd44de7455795de,
20.0,F,Town,Basic Membership,2025-04-10,Yes,Without Offers,Smartphone,Wi-Fi,10.000000000000014,81.94999999999999,48801.37,14.0,526.7,No,Yes,Yes,Solved,Poor Website,-11,1,5.853571428571428,0.0002868771921771868,8be6124832e636f7,
47.0,F,City,Gold Membership,2025-04-10,Yes,Gift Vouchers/Coupons,Both,Mobile_Data,-999.0,880.98,39403.89,10.0,718.69,Yes,Yes,Yes,Solved in Follow-up,Quality Customer Care,-11,9,88.098,0.0002537820504523792,8668bc7cd4b6ffea,
46.0,F,City,Platinum Membership,2025-04-10,Yes,Credit/Debit Card Offers,Desktop,Fiber_Optic,-999.0,272.98,45572.85,13.0,767.93,No,Yes,Yes,Unsolved,Poor Product Quality,-11,19,20.99846153846154,0.00028525756014820226,b0b036433e8fa58b,
13.0,F,Town,Silver Membership,2025-04-10,Yes,Gift Vouchers/Coupons,Smartphone,Wi-Fi,17.000000000000014,318.56,3809.970000000001,0.0,1493.0911091223584,No,Yes,No,Not Applicable,Poor Website,-11,14,0.0,0.0,a6574d8e38dbb3b8,
47.0,F,City,Premium Membership,2025-04-10,Yes,Credit/Debit Card Offers,Desktop,Fiber_Optic,11.000000000000014,678.08,20823.01,9.0,753.09,No,Yes,No,Not Applicable,No reason specified,-11,21,75.34222222222223,0.00043221417076589794,842676c5f9b35593,
60.0,F,City,Premium Membership,2025-04-10,No,Credit/Debit Card Offers,Smartphone,Fiber_Optic,7.000000000000014,77.25,24315.0,11.0,742.85,Yes,No,Yes,Solved in Follow-up,Poor Website,-11,21,7.0227272727272725,0.00045239564055110014,8e7af90fe900ecb8,
22.0,M,City,Silver Membership,2025-04-10,No,Credit/Debit Card Offers,Smartphone,Fiber_Optic,16.000000000000014,34.629999999999995,45820.35,13.0,1036.1478304425675,No,Yes,Yes,No Information Available,Poor Product Quality,-11,4,2.6638461538461535,0.0002837167328490507,beff5b3a0abc9a1e,
25.0,M,Village,Silver Membership,2025-04-10,No,Without Offers,Smartphone,Wi-Fi,15.000000000000014,0.0,11430.45,19.0,718.62,Yes,No,Yes,Solved in Follow-up,No reason specified,-11,7,0.0,0.0016622267714744387,bc07c20dd87a165d,
26.0,M,City,Platinum Membership,2025-04-10,No,Without Offers,Smartphone,Fiber_Optic,16.000000000000014,37.72,23529.12,12.0,723.27,No,Yes,Yes,Solved in Follow-up,Too many ads,-11,9,3.143333333333333,0.0005100063240784186,a19d41fcb63affe9,
50.0,F,City,Basic Membership,2025-04-10,No,Credit/Debit Card Offers,Desktop,Wi-Fi,12.000000000000014,97.62,4561.4000000000015,19.0,607.39,Yes,No,Yes,Unsolved,Poor Customer Service,-11,6,5.137894736842106,0.004165387819529091,8bd87d5d43190e82,
62.0,F,Village,No Membership,2025-04-10,Yes,Credit/Debit Card Offers,Smartphone,Mobile_Data,17.000000000000014,112.9,20038.77,12.0,274.3235842251839,No,Yes,No,Not Applicable,Poor Product Quality,-11,23,9.408333333333333,0.0005988391503071296,b9235213fc5b3a14,
30.0,M,City,Platinum Membership,2025-04-10,Yes,Without Offers,Smartphone,Fiber_Optic,17.000000000000014,282.3,28600.18,29.0,459.3948422398712,No,Yes,Yes,No Information Available,Too many ads,-11,22,9.73448275862069,0.0010139796322960206,8a03c70a8695e9be,
51.0,F,City,Basic Membership,2025-04-10,No,Credit/Debit Card Offers,Smartphone,Mobile_Data,17.000000000000014,122.60000000000001,10876.620000000003,10.0,523.57,No,Yes,No,Not Applicable,Poor Product Quality,-11,16,12.260000000000002,0.0009194032705013136,97dc97306fb07cc3,
20.0,F,Town,No Membership,2025-04-10,Yes,Without Offers,Smartphone,Fiber_Optic,11.000000000000014,33.129999999999995,26964.97,12.0,662.42,No,Yes,Yes,Solved in Follow-up,Poor Product Quality,-11,5,2.760833333333333,0.00044502181904893646,b5179a6ee9e51e34,
57.0,F,City,Gold Membership,2025-04-10,No,Gift Vouchers/Coupons,Desktop,Fiber_Optic,-999.0,90.75,95696.08,16.0,348.3025320221652,No,Yes,Yes,Unsolved,Reasonable Price,-11,17,5.671875,0.000167195981277394,be10e5e8cb50e10a,
54.0,F,Town,No Membership,2025-04-10,No,Gift Vouchers/Coupons,Smartphone,Mobile_Data,7.000000000000014,32.05000000000004,15945.09,16.0,631.95,Yes,No,No,Not Applicable,Poor Customer Service,-11,7,2.0031250000000025,0.00100344369332503,afa3ae8b8fe3dcb3,
42.0,F,City,Gold Membership,2025-04-11,No,Without Offers,Smartphone,Wi-Fi,18.0,143.29,46952.48,19.0,697.78,Yes,No,No,Not Applicable,Poor Website,-11,16,7.5415789473684205,0.00040466446074839923,a1e8484a406e7b26,
59.0,F,City,Platinum Membership,2025-04-11,No,Without Offers,Desktop,Mobile_Data,3.0,73.95999999999998,24296.02,18.0,722.48,No,Yes,Yes,Solved,Reasonable Price,-11,10,4.108888888888888,0.0007408620835840603,a0cd8db948ab210b,
17.0,M,Town,Basic Membership,2025-04-11,Yes,Credit/Debit Card Offers,Smartphone,Mobile_Data,12.0,168.6,44205.69,27.0,629.97,No,Yes,Yes,Solved in Follow-up,Poor Website,-11,22,6.2444444444444445,0.0006107811008039915,af0556f9e5c25693,
23.0,M,City,Basic Membership,2025-04-11,No,Without Offers,Desktop,Wi-Fi,22.0,389.25,9185.120000000006,19.0,716.94,Yes,No,No,Not Applicable,Poor Customer Service,-11,10,20.486842105263158,0.002068563067221766,b1bc4f2b4674ed78,
48.0,F,Town,Gold Membership,2025-04-11,Yes,Without Offers,Smartphone,Fiber_Optic,8.0,1093.22,16426.010000000002,15.0,1192.8509559954264,Yes,Yes,Yes,Solved,Poor Customer Service,-11,22,72.88133333333333,0.0009131858558469159,bd6bc181e480f635,
42.0,F,Town,No Membership,2025-04-11,Yes,Credit/Debit Card Offers,Smartphone,Mobile_Data,13.999999999999993,92.24000000000001,23028.9,19.0,646.22,Yes,No,No,Not Applicable,Poor Product Quality,-11,2,4.854736842105264,0.0008250502629304916,91bf3e48e5caea04,
35.0,F,Town,Basic Membership,2025-04-11,No,Gift Vouchers/Coupons,Smartphone,Fiber_Optic,15.0,77.29000000000002,24468.05,13.0,659.73,Yes,No,No,Not Applicable,Poor Customer Service,-11,19,5.945384615384617,0.0005313051101334189,be2e7b08471c5b66,
12.0,M,City,Platinum Membership,2025-04-11,Yes,Credit/Debit Card Offers,Both,Fiber_Optic,-999.0,1032.3,14975.72,18.0,707.94,Yes,Yes,No,Not Applicable,Quality Customer Care,-11,1,57.349999999999994,0.0012019455491956313,8c9d7502665cb81d,
15.0,F,City,Basic Membership,2025-04-11,Yes,Without Offers,Desktop,Fiber_Optic,12.0,81.09,37709.2,11.0,688.35,No,Yes,Yes,Solved in Follow-up,Too many ads,-11,2,7.371818181818182,0.00029170600277916267,8dc6bc63f486b45a,
18.0,M,Town,Gold Membership,2025-04-11,No,Without Offers,Smartphone,Wi-Fi,12.0,190.7,85539.05,11.0,787.49,Yes,No,No,Not Applicable,User Friendly Website,-11,3,17.336363636363636,0.0001285962376248041,a7082e866db0681b,
56.0,M,City,Premium Membership,2025-04-11,No,Credit/Debit Card Offers,Smartphone,Fiber_Optic,19.0,264.34,12758.71,29.0,713.27,No,Yes,Yes,Solved,Poor Customer Service,-11,11,9.115172413793102,0.0022729570622735374,9f2c1216bf6e0bb8,
55.0,M,Village,No Membership,2025-04-11,No,Gift Vouchers/Coupons,Desktop,Wi-Fi,8.0,116.85,32571.94,23.0,0.0,No,Yes,No,Not Applicable,Poor Website,-11,13,5.0804347826086955,0.0007061292634089342,ba645d6796a0747d,
13.0,F,City,No Membership,2025-04-11,Yes,Gift Vouchers/Coupons,Desktop,Mobile_Data,11.0,31.629999999999995,14006.679999999998,6.0,621.17,No,Yes,Yes,Unsolved,Too many ads,-11,23,5.271666666666666,0.0004283670362998227,b01b2624bec6ccf1,
33.0,F,Town,Basic Membership,2025-04-11,No,Without Offers,Smartphone,Wi-Fi,15.0,359.55,43543.48,0.0,586.44,Yes,No,No,Not Applicable,No reason specified,-11,7,0.0,0.0,af57c42fad9d3a81,
36.0,F,Village,Silver Membership,2025-04-11,Yes,Without Offers,Desktop,Wi-Fi,9.0,106.34,49853.87,0.0,611.38,No,Yes,No,Not Applicable,Poor Website,-11,10,0.0,0.0,af9e4f11f56e18d2,
52.0,F,Town,Silver Membership,2025-04-11,No,Credit/Debit Card Offers,Desktop,Mobile_Data,19.0,874.9942217056711,4255.860000000004,28.0,786.81,Yes,No,No,Not Applicable,Poor Customer Service,-11,3,31.249793632345394,0.0065791637882825025,bca99a191292bac5,
31.0,M,City,Gold Membership,2025-04-11,Yes,Credit/Debit Card Offers,Desktop,Wi-Fi,10.0,579.09,45074.93,12.0,602.01,Yes,No,Yes,Unsolved,No reason specified,-11,4,48.2575,0.0002662233751666392,9845dd2eade34a07,
23.0,F,Village,Premium Membership,2025-04-11,Yes,Gift Vouchers/Coupons,Smartphone,Wi-Fi,13.999999999999993,32.44999999999999,7576.000000000004,28.84957954243464,770.76,No,Yes,Yes,Solved,Poor Product Quality,-11,5,1.1247997549589765,0.0038080226428767986,9881377fca383a01,
18.0,M,Town,No Membership,2025-04-11,No,Without Offers,Both,Fiber_Optic,13.0,435.2,13808.18,15.0,959.3079464217294,Yes,No,No,Not Applicable,Poor Customer Service,-11,19,29.013333333333332,0.001086312606006005,8dc803a653d07a0a,
52.0,F,Town,No Membership,2025-04-11,Yes,Credit/Debit Card Offers,Desktop,Fiber_Optic,5.0,613.77,44793.46,6.0,622.13,Yes,Yes,Yes,Solved,No reason specified,-11,11,102.295,0.00013394812546295822,a75016617bc388b9,
11.0,F,City,No Membership,2025-04-11,No,Credit/Debit Card Offers,Desktop,Wi-Fi,11.0,32.44999999999999,22462.34,0.0,571.23,No,Yes,No,Not Applicable,No reason specified,-11,3,0.0,0.0,bd8509f55106c9f7,
58.0,M,City,No Membership,2025-04-11,No,Gift Vouchers/Coupons,Desktop,Wi-Fi,25.0,30.149999999999977,17214.1,0.0,564.17,Yes,No,No,Not Applicable,No reason specified,-11,23,0.0,0.0,a8daa452b3699633,
31.0,F,City,Basic Membership,2025-04-11,Yes,Without Offers,Both,Fiber_Optic,10.0,482.59,19124.58,15.0,682.73,Yes,No,No,Not Applicable,Poor Customer Service,-11,5,32.172666666666665,0.0007843309500130198,aeb6f1b013fe6afb,
47.0,M,City,Platinum Membership,2025-04-11,No,Gift Vouchers/Coupons,Desktop,Fiber_Optic,17.0,32.54000000000002,2858.6899999999987,25.0,707.64,Yes,No,No,Not Applicable,Poor Customer Service,-11,13,1.3016000000000008,0.00874526443930612,a13b34e51d0db4cc,
46.0,F,Town,No Membership,2025-04-11,Yes,Gift Vouchers/Coupons,Desktop,Wi-Fi,4.0,227.69,20000.01,8.0,103.42688896335892,Yes,No,Yes,Solved in Follow-up,Poor Product Quality,-11,20,28.46125,0.0003999998000001,93e03346f184377a,
20.0,F,City,Premium Membership,2025-04-11,No,Gift Vouchers/Coupons,Desktop,Mobile_Data,12.0,40.41,39610.76,9.0,0.0,Yes,No,Yes,No Information Available,User Friendly Website,-11,8,4.489999999999999,0.00022721099014510196,87c24bb1040e675d,
49.0,F,Village,Platinum Membership,2025-04-11,Yes,Credit/Debit Card Offers,Smartphone,Mobile_Data,-999.0,37.51000000000002,35439.68,20.0,785.99,Yes,No,No,Not Applicable,Poor Website,-11,9,1.875500000000001,0.000564339181392157,adcf1fca55e27860,
14.0,M,City,Silver Membership,2025-04-11,No,Credit/Debit Card Offers,Smartphone,Wi-Fi,19.0,32.44,93385.56,8.0,366.4547686186615,No,Yes,No,Not Applicable,User Friendly Website,-11,8,4.055,8.566634927284261e-05,b08de242a2ee6a5d,
31.0,M,City,Silver Membership,2025-04-11,No,Without Offers,Desktop,Wi-Fi,12.0,318.73,4035.220000000001,21.0,792.47,No,Yes,Yes,No Information Available,Poor Website,-11,4,15.177619047619048,0.005204177219581583,b0a88f0e125f90e8,
21.0,M,Town,Basic Membership,2025-04-11,No,Without Offers,Both,Mobile_Data,6.0,220.82,4005.4799999999996,13.0,650.35,No,Yes,No,Not Applicable,Poor Customer Service,-11,5,16.986153846153847,0.003245553591579536,84f327ba7650ce16,
39.0,M,Town,Silver Membership,2025-04-11,Yes,Credit/Debit Card Offers,Smartphone,Wi-Fi,13.999999999999993,32.90999999999997,88310.17000000001,13.0,767.54,No,Yes,Yes,Solved in Follow-up,User Friendly Website,-11,16,2.5315384615384593,0.00014720841325523433,9657850eab6e77d0,
37.0,M,City,Gold Membership,2025-04-11,No,Gift Vouchers/Coupons,Desktop,Wi-Fi,16.0,321.09,45881.52,18.0,1106.759920473362,Yes,Yes,Yes,No Information Available,Poor Customer Service,-11,15,17.83833333333333,0.00039231481433047555,8220ec5f7b909f30,
17.0,F,Town,No Membership,2025-04-11,No,Gift Vouchers/Coupons,Smartphone,Fiber_Optic,17.0,32.920000000000016,27231.85,28.0,1025.8255074642434,No,Yes,Yes,Solved in Follow-up,Poor Website,-11,15,1.1757142857142864,0.0010282077787590635,807ac3718048e02d,
50.0,F,City,Basic Membership,2025-04-11,Yes,Credit/Debit Card Offers,Smartphone,Mobile_Data,9.0,159.0,32307.28,18.0,684.07,No,Yes,No,Not Applicable,Poor Product Quality,-11,10,8.833333333333334,0.0005571499674376797,bfe7cf915b47e7a7,
48.0,M,Town,Silver Membership,2025-04-11,No,Without Offers,Desktop,Wi-Fi,17.0,717.12,18445.45,26.0,1216.631946682886,Yes,No,No,Not Applicable,Poor Product Quality,-11,12,27.58153846153846,0.0014095617076297948,af30f3013e0fc44f,
11.0,M,City,Basic Membership,2025-04-11,No,Gift Vouchers/Coupons,Desktop,Fiber_Optic,17.0,75.36000000000001,32530.24,25.0,591.26,No,Yes,No,Not Applicable,Poor Product Quality,-11,0,3.0144000000000006,0.0007685156949349282,a0ae879c46b889e3,
52.0,M,City,Silver Membership,2025-04-11,Yes,Gift Vouchers/Coupons,Desktop,Mobile_Data,12.0,84.51999999999998,28390.17,6.0,377.6781689263826,No,Yes,Yes,Solved in Follow-up,Poor Customer Service,-11,23,14.086666666666664,0.00021134075632516468,9a2e2e16449714f2,
13.0,F,Town,Platinum Membership,2025-04-11,No,Credit/Debit Card Offers,Smartphone,Wi-Fi,17.0,31.319999999999993,21392.98,24.0,712.89,Yes,No,No,Not Applicable,Poor Customer Service,-11,2,1.3049999999999997,0.0011218633402172115,bb4dcfcb8859f961,
19.0,F,Town,Gold Membership,2025-04-11,No,Credit/Debit Card Offers,Desktop,Mobile_Data,12.0,108.80000000000001,11939.54,19.0,0.0,No,Yes,Yes,Unsolved,Poor Website,-11,14,5.726315789473685,0.0015913510905780288,be93433d81a1e752,
42.0,M,City,Premium Membership,2025-04-11,Yes,Credit/Debit Card Offers,Desktop,Wi-Fi,11.0,170.76,43657.85,6.0,770.7,Yes,No,Yes,Unsolved,Poor Product Quality,-11,7,28.459999999999997,0.00013743232889388735,9b29d6e55c2f9f48,
60.0,F,Village,Gold Membership,2025-04-11,Yes,Gift Vouchers/Coupons,Smartphone,Fiber_Optic,13.0,769.16,25716.26,13.0,524.528917341567,Yes,Yes,Yes,Solved in Follow-up,User Friendly Website,-11,1,59.16615384615385,0.0005055167431033907,92a27dd8a8d4eb67,
41.0,M,Town,Silver Membership,2025-04-11,No,Gift Vouchers/Coupons,Smartphone,Wi-Fi,19.0,43.41999999999999,1599.4099999999999,8.0,715.85,Yes,No,Yes,Solved,Too many ads,-11,23,5.427499999999998,0.005001844430133612,8719f1a31c26f80b,
40.0,M,City,Platinum Membership,2025-04-11,Yes,Gift Vouchers/Coupons,Desktop,Fiber_Optic,-999.0,282.63,48255.28,1.0000000000000018,707.04,No,Yes,No,Not Applicable,Products always in Stock,-11,21,282.6299999999995,2.0723120868845892e-05,ada85b753c81ad9f,
14.0,F,Town,Basic Membership,2025-04-11,No,Gift Vouchers/Coupons,Both,Mobile_Data,8.0,300.99,43910.01,10.0,1004.0664323703004,Yes,Yes,Yes,Solved in Follow-up,Poor Customer Service,-11,8,30.099,0.00022773850427271593,953b191505442d3f,
44.0,M,Town,Platinum Membership,2025-04-11,No,Without Offers,Desktop,Wi-Fi,19.0,183.12,45117.14,20.0,741.81,No,Yes,No,Not Applicable,Poor Website,-11,19,9.156,0.00044329050999243304,8ee863a4af16bd99,
26.0,M,City,Gold Membership,2025-04-11,Yes,Gift Vouchers/Coupons,Desktop,Mobile_Data,20.0,136.63,28363.49,0.0,931.9373092412472,No,Yes,Yes,Solved in Follow-up,Poor Website,-11,2,0.0,0.0,b5f7c37cfbd219e6,
57.0,M,City,Premium Membership,2025-04-11,Yes,Without Offers,Smartphone,Wi-Fi,12.0,680.98,9965.34,18.0,784.45,Yes,Yes,No,Not Applicable,Poor Product Quality,-11,21,37.83222222222222,0.0018062604988891497,88561565d1a6c3c4,
49.0,M,City,Gold Membership,2025-04-11,No,Without Offers,Desktop,Fiber_Optic,8.0,1226.2470349424989,33462.5,25.0,709.04,No,Yes,No,Not Applicable,Too many ads,-11,13,49.049881397699956,0.0007471049682480389,a4a2110118913e66,
31.0,M,City,Platinum Membership,2025-04-11,No,Without Offers,Desktop,Wi-Fi,6.0,126.67000000000002,14992.029999999999,7.0,720.65,No,Yes,Yes,Unsolved,Too many ads,-11,11,18.095714285714287,0.00046691475403931295,9e6cb892c214f68d,
18.0,F,Town,Silver Membership,2025-04-11,No,Gift Vouchers/Coupons,Smartphone,Fiber_Optic,10.0,32.110000000000014,12567.15,13.0,323.8675122610777,Yes,No,No,Not Applicable,Poor Customer Service,-11,0,2.470000000000001,0.0010344429723525223,82b2d89e44ae6dea,
59.0,M,Town,Premium Membership,2025-04-11,Yes,Credit/Debit Card Offers,Desktop,Fiber_Optic,19.0,31.720000000000027,51191.66,5.0,767.66,No,Yes,Yes,Solved in Follow-up,Quality Customer Care,-11,2,6.344000000000006,9.767215987916782e-05,9520c211ebf3e0fb,
30.0,M,City,No Membership,2025-04-11,No,Gift Vouchers/Coupons,Both,Wi-Fi,13.0,492.35,9907.370000000003,8.0,517.02,Yes,No,Yes,Solved in Follow-up,Too many ads,-11,8,61.54375,0.0008074796843158172,9609eef5f4551bd6,
16.0,M,Town,Basic Membership,2025-04-11,No,Without Offers,Both,Mobile_Data,22.0,226.93,23715.88,24.0,545.19,No,Yes,Yes,Unsolved,Too many ads,-11,19,9.455416666666666,0.0010119801584423601,9920439616145d20,
23.0,M,Town,Basic Membership,2025-04-11,Yes,Credit/Debit Card Offers,Desktop,Mobile_Data,11.0,31.24000000000001,12049.739999999998,18.0,117.79135741669779,Yes,No,No,Not Applicable,Poor Website,-11,14,1.735555555555556,0.001493808165155431,84f401d8e407da52,
33.0,M,City,No Membership,2025-04-11,Yes,Credit/Debit Card Offers,Smartphone,Wi-Fi,9.0,196.58,33898.07,22.0,611.01,Yes,No,No,Not Applicable,Poor Customer Service,-11,16,8.935454545454546,0.0006490045008462134,835a897bb342ae27,
32.0,M,Village,Gold Membership,2025-04-11,No,Credit/Debit Card Offers,Desktop,Wi-Fi,3.0,77.80999999999997,6643.779999999999,16.0,658.43,No,Yes,No,Not Applicable,Poor Customer Service,-11,13,4.863124999999998,0.0024082675826111043,b7428d344d9de05d,
49.0,F,Village,Platinum Membership,2025-04-11,Yes,Without Offers,Desktop,Mobile_Data,-999.0,960.13,72207.31,19.0,448.867412781524,Yes,Yes,No,Not Applicable,Reasonable Price,-11,14,50.53315789473684,0.00026313125360853353,9092366221e520fc,
50.0,M,Town,Basic Membership,2025-04-11,Yes,Credit/Debit Card Offers,Smartphone,Wi-Fi,13.999999999999993,58.329999999999984,33399.03,14.0,660.06,No,Yes,No,Not Applicable,Poor Website,-11,18,4.16642857142857,0.0004191738502585255,bd85e29ba76088e3,
28.0,F,City,Gold Membership,2025-04-11,Yes,Gift Vouchers/Coupons,Desktop,Fiber_Optic,16.0,91.80000000000001,31612.65,28.0,1030.4668150716952,Yes,No,Yes,Unsolved,Poor Website,-11,8,3.278571428571429,0.0008857213805233031,a223a2357e1aba09,
38.0,F,Village,Basic Membership,2025-04-11,Yes,Credit/Debit Card Offers,Desktop,Mobile_Data,13.0,748.04,12915.34,25.0,501.42,No,Yes,No,Not Applicable,Poor Product Quality,-11,3,29.921599999999998,0.0019356826843118337,b1224987e2ee251a,
54.0,M,City,Basic Membership,2025-04-11,No,Without Offers,Smartphone,Wi-Fi,11.0,52.59,18959.0,17.0,581.2,No,Yes,Yes,Solved,Poor Website,-11,23,3.093529411764706,0.0008966717653884699,a8a26c7219cf561c,
59.0,F,Town,Silver Membership,2025-04-11,No,Gift Vouchers/Coupons,Smartphone,Wi-Fi,20.0,32.379999999999995,30437.82,0.0,0.0,No,Yes,Yes,Solved in Follow-up,Too many ads,-11,20,0.0,0.0,a4b2d477b8e7c977,
58.0,F,Town,Platinum Membership,2025-04-11,No,Without Offers,Smartphone,Fiber_Optic,21.0,31.110000000000014,9114.370000000003,9.0,772.71,Yes,No,No,Not Applicable,Poor Website,-11,6,3.4566666666666683,0.0009874516834405447,96a8bfbe7b3db249,
53.0,F,Town,Silver Membership,2025-04-11,No,Without Offers,Smartphone,Wi-Fi,17.0,43.670000000000016,10346.96,18.0,0.0,No,Yes,No,Not Applicable,Poor Product Quality,-11,8,2.426111111111112,0.001739641401919018,8b9adde9a1d5af92,
24.0,F,City,Platinum Membership,2025-04-11,No,Without Offers,Desktop,Mobile_Data,13.999999999999993,277.9,13213.12,5.0,990.2324324698734,Yes,No,No,Not Applicable,Poor Website,-11,15,55.58,0.00037841176043205537,b25be2b2253770ad,
34.0,F,City,Gold Membership,2025-04-11,No,Without Offers,Both,Fiber_Optic,9.0,279.81,37043.66,21.0,698.06,Yes,Yes,Yes,No Information Available,Poor Product Quality,-11,13,13.324285714285715,0.0005668986271874863,8afc51dcfde747a2,
17.0,F,City,Gold Membership,2025-04-11,No,Credit/Debit Card Offers,Smartphone,Mobile_Data,23.0,274.41,45239.61,6.0,680.12,No,Yes,No,Not Applicable,Poor Website,-11,10,45.73500000000001,0.00013262713803235704,894db12c13d5b3da,
28.0,M,City,No Membership,2025-04-11,No,Credit/Debit Card Offers,Smartphone,Wi-Fi,24.0,90.78,28885.27,6.0,592.56,Yes,No,No,Not Applicable,No reason specified,-11,13,15.13,0.00020771832840752396,af4ab7dc68801687,
29.0,M,City,Basic Membership,2025-04-11,Yes,Without Offers,Desktop,Fiber_Optic,17.0,287.01,1132.6699999999983,0.0,624.93,Yes,Yes,No,Not Applicable,Poor Product Quality,-11,4,0.0,0.0,93bacf8753966d9b,
20.0,M,City,Basic Membership,2025-04-11,No,Gift Vouchers/Coupons,Smartphone,Wi-Fi,5.0,222.07,11374.29,28.0,598.6,Yes,No,Yes,Solved,Poor Product Quality,-11,21,7.931071428571428,0.002461692114408899,842b8e2e1a658039,
57.0,F,City,Silver Membership,2025-04-11,Yes,Gift Vouchers/Coupons,Desktop,Fiber_Optic,-999.0,32.56999999999999,31746.44,16.0,785.32,Yes,No,No,Not Applicable,Poor Customer Service,-11,2,2.0356249999999996,0.0005039935186433503,ab98360946902c31,
62.0,F,City,No Membership,2025-04-11,Yes,Credit/Debit Card Offers,Smartphone,Wi-Fi,4.0,33.85000000000002,16942.29,0.0,0.0,Yes,No,No,Not Applicable,Poor Website,-11,5,0.0,0.0,b8cb78004c0d9883,
11.0,M,City,No Membership,2025-04-11,No,Gift Vouchers/Coupons,Smartphone,Fiber_Optic,15.0,103.55000000000001,42535.08,11.0,601.78,No,Yes,Yes,Solved in Follow-up,Poor Website,-11,0,9.413636363636364,0.00025861006961783075,8fb81a9906d90fde,
57.0,M,Village,Gold Membership,2025-04-11,No,Credit/Debit Card Offers,Desktop,Wi-Fi,1.0,294.59,9185.66,8.0,1157.77958751164,No,Yes,Yes,Solved,Reasonable Price,-11,16,36.82375,0.0008709227208496723,aeb08ef258b2fd53,
43.0,M,Town,Gold Membership,2025-04-11,No,Gift Vouchers/Coupons,Desktop,Wi-Fi,4.0,683.38,9887.739999999998,18.0,778.21,No,Yes,Yes,Solved,Poor Customer Service,-11,4,37.965555555555554,0.001820436216971725,b11a6384051402d8,
25.0,M,Town,Silver Membership,2025-04-11,Yes,Gift Vouchers/Coupons,Desktop,Mobile_Data,18.0,274.44,45374.75,19.0,750.69,Yes,No,No,Not Applicable,Reasonable Price,-11,22,14.44421052631579,0.00041873508944952867,ac38ea70921e3807,
61.0,M,City,Platinum Membership,2025-04-11,No,Gift Vouchers/Coupons,Desktop,Fiber_Optic,11.0,51.78999999999999,34538.51,5.0,711.16,Yes,No,Yes,Unsolved,No reason specified,-11,13,10.357999999999999,0.00014476594386961104,8076e8d803c86947,
14.0,F,City,Gold Membership,2025-04-11,Yes,Gift Vouchers/Coupons,Desktop,Wi-Fi,12.0,1162.73,57503.18,8.0,782.84,Yes,Yes,No,Not Applicable,User Friendly Website,-11,22,145.34125,0.00013912274069016704,b117fa9eb9bc4935,
18.0,F,City,Basic Membership,2025-04-11,Yes,Without Offers,Smartphone,Fiber_Optic,10.0,89.57999999999998,31355.08,9.0,660.54,No,Yes,No,Not Applicable,Poor Website,-11,15,9.953333333333331,0.00028703482816819475,8ddd47e8ec0434ef,
51.0,M,City,Platinum Membership,2025-04-11,Yes,Credit/Debit Card Offers,Smartphone,Mobile_Data,3.0,946.5999999999999,70404.86,12.0,760.86,No,Yes,Yes,Unsolved,Products always in Stock,-11,11,78.88333333333333,0.0001704427790922388,baaaa8d3c0d0aadc,
15.0,M,City,No Membership,2025-04-11,Yes,Without Offers,Both,Mobile_Data,7.0,889.34,49254.0,6.0,638.56,Yes,Yes,No,Not Applicable,Too many ads,-11,12,148.22333333333333,0.00012181751735899622,8855314de3f2c199,
53.0,M,Village,Silver Membership,2025-04-11,No,Credit/Debit Card Offers,Smartphone,Mobile_Data,13.0,148.62,12187.470000000001,7.0,620.19,Yes,No,Yes,Unsolved,Poor Product Quality,-11,4,21.231428571428573,0.0005743603881691605,97721d4c37443a3e,
34.0,F,Town,Premium Membership,2025-04-11,Yes,Without Offers,Smartphone,Mobile_Data,17.0,94.35000000000002,31236.99,0.0,250.59454243614488,Yes,No,No,Not Applicable,Poor Customer Service,-11,17,0.0,0.0,8d24d173bc90e6a5,
20.0,F,Village,Platinum Membership,2025-04-11,No,Credit/Debit Card Offers,Desktop,Wi-Fi,13.999999999999993,374.89,7575.380000000001,16.0,770.65,No,Yes,Yes,Solved in Follow-up,Poor Customer Service,-11,9,23.430625,0.0021121052673265233,923b7370078cedf0,
42.0,M,Village,Basic Membership,2025-04-11,No,Without Offers,Desktop,Fiber_Optic,5.0,745.57,18074.299999999996,11.0,631.88,Yes,Yes,No,Not Applicable,Poor Product Quality,-11,8,67.77909090909091,0.0006085989498901756,b04998e93eeb9848,
60.0,M,City,Premium Membership,2025-04-11,No,Credit/Debit Card Offers,Smartphone,Wi-Fi,8.0,124.87,1845.9799999999996,7.0,766.25,Yes,No,Yes,Solved in Follow-up,Poor Product Quality,-11,18,17.83857142857143,0.0037920237489030228,b27151dbeb7ebf88,
40.0,F,City,Gold Membership,2025-04-11,No,Without Offers,Desktop,Fiber_Optic,11.0,0.0,67185.96,3.0,750.4,Yes,No,Yes,No Information Available,User Friendly Website,-11,16,0.0,4.4652186260343675e-05,a1042b7c9f74480f,
51.0,F,Town,No Membership,2025-04-11,Yes,Without Offers,Desktop,Fiber_Optic,16.0,255.85,15200.47,27.0,571.18,Yes,Yes,No,Not Applicable,Poor Website,-11,13,9.475925925925926,0.0017762608656179712,ba20764ccdf414a6,
24.0,F,City,Premium Membership,2025-04-11,Yes,Gift Vouchers/Coupons,Smartphone,Fiber_Optic,21.0,166.58,8372.059999999998,29.0,706.72,Yes,No,No,Not Applicable,Poor Website,-11,23,5.744137931034484,0.0034639025520600674,ac949ad669c3a70b,
44.0,M,City,Basic Membership,2025-04-11,Yes,Gift Vouchers/Coupons,Smartphone,Wi-Fi,15.0,44.76000000000002,34131.33,27.0,576.42,No,Yes,No,Not Applicable,Poor Website,-11,19,1.6577777777777785,0.0007910620535443534,b0c38af640377df8,
13.0,M,City,Silver Membership,2025-04-11,Yes,Gift Vouchers/Coupons,Desktop,Mobile_Data,24.0,33.64999999999998,27606.58,28.0,682.87,No,Yes,No,Not Applicable,No reason specified,-11,10,1.2017857142857136,0.0010142509503169171,881c4509a19b37b6,
41.0,F,City,Basic Membership,2025-04-11,Yes,Gift Vouchers/Coupons,Desktop,Wi-Fi,13.999999999999993,239.46,34744.89,21.0,274.17315150766274,Yes,No,No,Not Applicable,No reason specified,-11,17,11.402857142857144,0.0006044054247977185,91c4a45d37caa2ad,
51.0,F,City,Gold Membership,2025-04-11,No,Credit/Debit Card Offers,Smartphone,Mobile_Data,13.999999999999993,736.0899999999999,3046.709999999999,28.0,675.03,Yes,Yes,No,Not Applicable,Poor Website,-11,4,26.288928571428567,0.009190241276655806,844f2757c4915842,
60.0,M,Town,Silver Membership,2025-04-11,No,Without Offers,Desktop,Mobile_Data,15.0,283.55,25766.21,6.0,691.01,Yes,No,Yes,Unsolved,Poor Customer Service,-11,10,47.25833333333333,0.0002328631180138639,845e64cb642c9dbe,
46.0,M,Town,Gold Membership,2025-04-11,Yes,Gift Vouchers/Coupons,Smartphone,Fiber_Optic,13.0,188.09,32920.77,25.0,798.72,Yes,No,Yes,Solved in Follow-up,Poor Website,-11,5,7.5236,0.0007593990055518143,af298b1304aaa2cb,
42.0,M,City,No Membership,2025-04-11,Yes,Gift Vouchers/Coupons,Desktop,Fiber_Optic,15.0,118.44,13389.15,27.0,507.86,Yes,No,Yes,Unsolved,Poor Website,-11,12,4.386666666666667,0.0020165581833051388,b2d4646c50f572ed,
33.0,F,Town,Basic Membership,2025-04-11,No,Credit/Debit Card Offers,Desktop,Fiber_Optic,9.0,82.6,43363.3,27.0,865.6967039780529,No,Yes,Yes,Unsolved,Poor Website,-11,12,3.059259259259259,0.0006226463391854402,a984c5ab8e0b2cb7,
50.0,F,Town,Premium Membership,2025-04-11,Yes,Gift Vouchers/Coupons,Desktop,Fiber_Optic,10.0,565.14,99694.82,16.0,0.0,Yes,No,No,Not Applicable,Quality Customer Care,-11,4,35.32125,0.00016048978271890153,b25004aa48aada97,
16.0,F,Town,Basic Membership,2025-04-11,Yes,Without Offers,Desktop,Fiber_Optic,19.0,174.18,47348.27,27.0,640.74,Yes,No,No,Not Applicable,No reason specified,-11,16,6.4511111111111115,0.0005702425875327653,bb9539aebef4a40b,
51.0,F,Town,No Membership,2025-04-11,No,Gift Vouchers/Coupons,Desktop,Mobile_Data,23.0,246.1,45535.52,15.0,635.52,No,Yes,No,Not Applicable,No reason specified,-11,22,16.406666666666666,0.0003294131702020752,9a9f00fe55b2ec7d,
23.0,M,City,No Membership,2025-04-11,Yes,Without Offers,Desktop,Fiber_Optic,7.0,721.8799999999999,15788.89,6.0,665.81,Yes,Yes,No,Not Applicable,Poor Product Quality,-11,6,120.31333333333332,0.0003800140478526356,9f7cd1c062436d64,
18.0,M,City,No Membership,2025-04-11,Yes,Credit/Debit Card Offers,Both,Wi-Fi,9.0,492.59,35570.53,9.0,600.95,Yes,Yes,No,Not Applicable,Too many ads,-11,3,54.73222222222222,0.00025301843970275395,b4702de2e251b473,
15.0,F,Village,No Membership,2025-04-11,No,Without Offers,Desktop,Wi-Fi,1.0,87.55999999999997,43196.05,12.0,607.7,No,Yes,No,Not Applicable,Poor Customer Service,-11,18,7.296666666666664,0.00027780317876287296,abd2ad01a8d88a05,
23.0,F,City,Gold Membership,2025-04-11,Yes,Gift Vouchers/Coupons,Smartphone,Wi-Fi,-999.0,689.22,8448.75,25.0,491.12113146122994,Yes,Yes,Yes,Unsolved,Too many ads,-11,15,27.5688,0.0029590176061547566,a45a95534169b008,
53.0,M,City,No Membership,2025-04-11,No,Without Offers,Desktop,Fiber_Optic,2.0,191.69,38679.68,27.0,643.1,No,Yes,Yes,Unsolved,Poor Product Quality,-11,11,7.0996296296296295,0.000698040935188709,b9d8958c4434e7db,
30.0,F,Town,Basic Membership,2025-04-11,Yes,Without Offers,Both,Fiber_Optic,5.0,1383.7,15227.789999999999,29.0,232.27390250110903,Yes,Yes,No,Not Applicable,Too many ads,-11,8,47.713793103448275,0.001904412918749208,bb837ab734e563f9,
41.0,F,Town,Platinum Membership,2025-04-11,Yes,Without Offers,Desktop,Mobile_Data,5.0,37.329999999999984,47379.42,12.0,765.4,No,Yes,Yes,No Information Available,No reason specified,-11,22,3.110833333333332,0.0002532745229890953,994a4333a84eaed5,
27.0,F,City,No Membership,2025-04-11,No,Gift Vouchers/Coupons,Smartphone,Wi-Fi,7.0,326.69,34178.15,0.0,694.61,Yes,No,Yes,No Information Available,Too many ads,-11,3,0.0,0.0,880f0b8d9caafeb0,
39.0,M,City,Gold Membership,2025-04-11,Yes,Credit/Debit Card Offers,Desktop,Wi-Fi,16.0,125.45999999999998,11829.93,6.0,755.63,No,Yes,Yes,Solved in Follow-up,Poor Website,-11,23,20.909999999999997,0.0005071881236828958,8940b65c6c4847ac,
55.0,F,Town,Gold Membership,2025-04-11,Yes,Gift Vouchers/Coupons,Smartphone,Mobile_Data,16.0,258.65,31121.82,24.0,759.78,Yes,Yes,No,Not Applicable,Too many ads,-11,1,10.777083333333332,0.0007711631260639641,b5a8de03f6e5b52f,
20.0,F,City,Silver Membership,2025-04-11,No,Gift Vouchers/Coupons,Both,Mobile_Data,-999.0,239.34,27524.48,23.0,715.91,Yes,No,No,Not Applicable,No reason specified,-11,22,10.406086956521738,0.0008356197828260516,a17f0217199bc9cf,
16.0,F,Town,No Membership,2025-04-11,Yes,Gift Vouchers/Coupons,Smartphone,Fiber_Optic,6.0,0.0,39377.3,21.0,514.65,Yes,No,No,Not Applicable,Poor Website,-11,17,0.0,0.00053330218171383,b724851d70d8a157,
64.0,F,City,Silver Membership,2025-04-11,No,Gift Vouchers/Coupons,Desktop,Wi-Fi,13.0,1224.810790054436,10480.629999999997,5.0,798.33,No,Yes,No,Not Applicable,Poor Customer Service,-11,13,244.9621580108872,0.00047707055778135486,b2fd2cc09c5f2bfb,
15.0,M,City,Gold Membership,2025-04-11,Yes,Without Offers,Smartphone,Wi-Fi,13.0,41.72999999999999,20435.08,10.0,641.06,No,Yes,No,Not Applicable,Poor Product Quality,-11,2,4.172999999999999,0.000489354580456744,ad1222d4d57f3925,
51.0,M,City,Gold Membership,2025-04-11,No,Gift Vouchers/Coupons,Smartphone,Wi-Fi,10.0,120.09,19532.18,34.68828595993905,647.86,Yes,No,Yes,Unsolved,Too many ads,-11,9,3.4619756115563054,0.0017759556772433517,b4c051a68ac478f9,
58.0,F,Town,Platinum Membership,2025-04-12,Yes,Credit/Debit Card Offers,Desktop,Fiber_Optic,15.0,281.39,43280.21,27.0,710.42,No,Yes,Yes,Solved,Poor Website,-11,15,10.421851851851851,0.0006238417050194535,9bbb6aba5a4e6190,
23.0,F,City,No Membership,2025-04-12,Yes,Gift Vouchers/Coupons,Smartphone,Wi-Fi,11.0,615.47,47593.93,24.0,621.53,Yes,No,Yes,Unsolved,Poor Website,-11,20,25.644583333333333,0.0005042659851792025,a046e280df1ed1c0,
36.0,F,Town,No Membership,2025-04-12,No,Credit/Debit Card Offers,Desktop,Mobile_Data,15.0,479.45,25392.94,11.0,587.23,Yes,No,No,Not Applicable,No reason specified,-11,14,43.586363636363636,0.00043319127284985516,8884e8236b866cd2,
24.0,F,Town,No Membership,2025-04-12,No,Without Offers,Desktop,Fiber_Optic,10.0,56.47,40534.91,26.0,593.26,Yes,No,No,Not Applicable,Poor Website,-11,16,2.171923076923077,0.0006414224183549439,b24879dba4b1a8cb,
38.0,F,Town,Gold Membership,2025-04-12,No,Gift Vouchers/Coupons,Desktop,Fiber_Optic,20.0,1325.4631555251967,2103.5700000000033,22.0,761.06,No,Yes,No,Not Applicable,No reason specified,-11,3,60.2483252511453,0.010458411177189238,9ee11b352f99b4af,
45.0,F,Town,Silver Membership,2025-04-12,Yes,Credit/Debit Card Offers,Smartphone,Fiber_Optic,12.0,1066.5227142109354,19146.55,19.0,664.15,Yes,No,Yes,Solved in Follow-up,Poor Customer Service,-11,8,56.1327744321545,0.000992345879544879,8dfff5b634f679e5,
11.0,M,Village,No Membership,2025-04-12,Yes,Credit/Debit Card Offers,Smartphone,Fiber_Optic,18.000000000000007,207.41,33055.63,19.0,0.0,Yes,No,Yes,Solved in Follow-up,Poor Product Quality,-11,7,10.916315789473684,0.0005747886214844491,96f852ae492552d4,
53.0,F,City,Gold Membership,2025-04-12,Yes,Without Offers,Smartphone,Mobile_Data,13.0,0.0,23654.48,8.0,321.7607423151662,Yes,No,Yes,No Information Available,Too many ads,-11,7,0.0,0.0003382023193915064,83d7d1a539c9702f,
40.0,F,City,Premium Membership,2025-04-12,Yes,Credit/Debit Card Offers,Desktop,Fiber_Optic,7.0,33.37000000000003,25442.39,13.0,703.72,No,Yes,Yes,Solved in Follow-up,Products always in Stock,-11,3,2.5669230769230795,0.000510958286544621,96e13a2e2ce68e0d,
39.0,M,City,Basic Membership,2025-04-12,No,Gift Vouchers/Coupons,Desktop,Fiber_Optic,9.0,31.659999999999997,4141.359999999997,33.967958554119235,541.14,Yes,No,No,Not Applicable,Poor Website,-11,16,0.9320548348396593,0.008202126488428742,a3bb07059df7f432,
59.0,M,Village,Gold Membership,2025-04-12,No,Gift Vouchers/Coupons,Desktop,Mobile_Data,8.0,34.53,1568.9399999999987,0.0,127.72250122590742,Yes,No,Yes,Solved in Follow-up,No reason specified,-11,0,0.0,0.0,a9ea54cd5ac48154,
32.0,F,City,Basic Membership,2025-04-12,No,Gift Vouchers/Coupons,Desktop,Fiber_Optic,18.000000000000007,85.59,31081.98,22.0,582.66,No,Yes,Yes,Unsolved,Too many ads,-11,15,3.8904545454545456,0.0007078056159871411,80d14d5857d8db1a,
32.0,F,City,No Membership,2025-04-12,Yes,Credit/Debit Card Offers,Smartphone,Mobile_Data,10.0,33.670000000000016,7934.630000000001,21.0,618.39,No,Yes,Yes,Solved,Too many ads,-11,3,1.6033333333333342,0.0026466262447020212,85bd3f2bd9add3fe,
15.0,F,Village,Basic Membership,2025-04-12,No,Credit/Debit Card Offers,Smartphone,Wi-Fi,5.0,382.01,33532.47,11.0,668.76,No,Yes,Yes,No Information Available,Poor Customer Service,-11,1,34.72818181818182,0.0003280402547143112,adc589fe16548af6,
30.0,F,Town,Gold Membership,2025-04-12,Yes,Without Offers,Desktop,Fiber_Optic,4.0,173.8,40129.07,0.0,782.17,No,Yes,Yes,Unsolved,User Friendly Website,-11,15,0.0,0.0,97f3412137c57493,
16.0,M,City,Basic Membership,2025-04-12,No,Credit/Debit Card Offers,Smartphone,Fiber_Optic,16.0,330.16,30076.64,6.0,691.73,Yes,Yes,Yes,No Information Available,Poor Customer Service,-11,1,55.02666666666667,0.00019949036860500375,89d0f3f0eab47e0b,
57.0,M,Town,Gold Membership,2025-04-12,Yes,Credit/Debit Card Offers,Smartphone,Wi-Fi,9.0,130.44,2997.229999999996,28.0,685.51,Yes,No,No,Not Applicable,Poor Product Quality,-11,4,4.658571428571428,0.009341959075546434,9cb4f59c27d5b88f,
58.0,F,City,Silver Membership,2025-04-12,Yes,Without Offers,Both,Wi-Fi,12.0,248.65,47509.71,21.0,703.87,No,Yes,Yes,No Information Available,Poor Product Quality,-11,1,11.84047619047619,0.00044201490600553027,a77c37f1371bd5d9,
48.0,M,Village,No Membership,2025-04-12,Yes,Credit/Debit Card Offers,Desktop,Wi-Fi,7.0,0.0,9652.0,20.0,508.06,No,Yes,No,Not Applicable,Poor Product Quality,-11,13,0.0,0.0020721094073767096,bbfdc6e18a0325be,
10.0,M,Town,Silver Membership,2025-04-12,No,Credit/Debit Card Offers,Desktop,Fiber_Optic,10.0,108.35999999999999,26432.56,0.0,765.3,No,Yes,No,Not Applicable,Too many ads,-11,12,0.0,0.0,8b1446e9a6b077e3,
27.0,F,City,Silver Membership,2025-04-12,No,Without Offers,Desktop,Mobile_Data,7.0,262.74,23832.61,24.0,753.45,No,Yes,Yes,Solved in Follow-up,No reason specified,-11,17,10.9475,0.0010070235698062444,80034c34a9b571fc,
58.0,F,Town,Gold Membership,2025-04-12,No,Gift Vouchers/Coupons,Desktop,Mobile_Data,8.0,54.620000000000005,26200.57,6.0,619.8,Yes,No,Yes,No Information Available,Poor Product Quality,-11,2,9.103333333333333,0.00022900265146903292,9fc4c286f4e5f71e,
33.0,F,City,No Membership,2025-04-12,No,Gift Vouchers/Coupons,Desktop,Fiber_Optic,-998.9999999999999,392.89,7720.279999999999,0.0,699.36,No,Yes,Yes,No Information Available,Poor Product Quality,-11,13,0.0,0.0,805cfe5ec1225ef6,
54.0,M,City,Basic Membership,2025-04-12,Yes,Credit/Debit Card Offers,Desktop,Wi-Fi,15.0,151.38,28419.93,17.0,1097.018621418392,No,Yes,No,Not Applicable,Poor Product Quality,-11,21,8.90470588235294,0.0005981717759332975,a10452c1f6ac7191,
23.0,M,City,Gold Membership,2025-04-12,No,Without Offers,Smartphone,Wi-Fi,9.0,73.78,38314.2,19.0,700.38,Yes,No,Yes,Solved in Follow-up,Too many ads,-11,16,3.883157894736842,0.0004958996925421906,8c0352fa38f0720e,
50.0,F,Town,No Membership,2025-04-12,No,Credit/Debit Card Offers,Desktop,Fiber_Optic,-998.9999999999999,101.90000000000003,6221.459999999999,24.0,676.55,No,Yes,Yes,Solved in Follow-up,Too many ads,-11,8,4.2458333333333345,0.003857615415031199,90911217a4a41a29,
45.0,M,City,No Membership,2025-04-12,No,Without Offers,Smartphone,Fiber_Optic,9.0,123.12,35212.7,23.0,657.8,Yes,No,No,Not Applicable,Poor Product Quality,-11,2,5.35304347826087,0.0006531734289049122,8b6d2627262ce629,
31.0,M,City,Platinum Membership,2025-04-12,Yes,Credit/Debit Card Offers,Both,Fiber_Optic,5.0,0.0,28590.88,20.0,792.89,Yes,No,No,Not Applicable,Too many ads,-11,9,0.0,0.0006995237642213181,ae5f10ca20a99903,
57.0,M,Village,Platinum Membership,2025-04-12,Yes,Credit/Debit Card Offers,Smartphone,Fiber_Optic,14.0,599.42,88893.46,14.0,726.29,No,Yes,No,Not Applicable,Reasonable Price,-11,2,42.815714285714286,0.00015749190097899215,9716a77c309a15ce,
52.0,F,City,Silver Membership,2025-04-12,No,Gift Vouchers/Coupons,Smartphone,Fiber_Optic,18.000000000000007,34.109999999999985,34651.56,43.54748916277634,756.98,Yes,No,Yes,No Information Available,Poor Product Quality,-11,14,0.7832828173514225,0.0012567252141830365,88833c8826e8ceb9,
53.0,F,City,Silver Membership,2025-04-12,No,Without Offers,Smartphone,Wi-Fi,-998.9999999999999,30.859999999999985,41071.44,0.0,765.24,Yes,No,No,Not Applicable,Poor Customer Service,-11,11,0.0,0.0,9159c9ac21159058,
56.0,F,City,Gold Membership,2025-04-12,Yes,Without Offers,Desktop,Wi-Fi,18.000000000000007,185.72,6106.490000000002,0.0,771.34,No,Yes,No,Not Applicable,Poor Customer Service,-11,21,0.0,0.0,86cdc179723a9c96,
40.0,F,City,Basic Membership,2025-04-12,No,Without Offers,Smartphone,Wi-Fi,20.0,217.81,13041.899999999998,22.0,63.068856725519936,Yes,No,Yes,Solved,Too many ads,-11,6,9.900454545454545,0.0016868707780308087,be84fa26088a7304,
22.0,M,City,Gold Membership,2025-04-12,No,Credit/Debit Card Offers,Desktop,Fiber_Optic,10.0,182.3,88673.02,0.0,730.27,No,Yes,Yes,Unsolved,Reasonable Price,-11,21,0.0,0.0,9882795a511dd7ac,
57.0,F,Town,Gold Membership,2025-04-12,No,Credit/Debit Card Offers,Desktop,Mobile_Data,16.999999999999993,372.71,47600.53,0.0,708.58,Yes,Yes,No,Not Applicable,Poor Customer Service,-11,0,0.0,0.0,b5cd7099db47e6b4,
54.0,F,City,Basic Membership,2025-04-12,No,Without Offers,Desktop,Fiber_Optic,9.0,292.99,6630.529999999999,29.0,640.05,No,Yes,Yes,Solved in Follow-up,Poor Product Quality,-11,9,10.103103448275862,0.004373707682492954,a04098dc4b377ec4,
61.0,M,City,No Membership,2025-04-12,Yes,Gift Vouchers/Coupons,Smartphone,Wi-Fi,1.0,903.45,35284.11,18.0,686.33,No,Yes,No,Not Applicable,No reason specified,-11,13,50.19166666666667,0.0005101446515159374,9c64a6226134a31e,
39.0,F,City,Platinum Membership,2025-04-12,No,Without Offers,Smartphone,Fiber_Optic,14.0,33.34,16748.059999999998,23.0,787.16,No,Yes,Yes,Solved in Follow-up,Poor Product Quality,-11,13,1.4495652173913045,0.0013732933844278086,a9223f87d38c8918,
42.0,M,Town,Platinum Membership,2025-04-12,Yes,Credit/Debit Card Offers,Smartphone,Wi-Fi,16.0,812.9842487638841,43722.68,27.0,742.5,No,Yes,No,Not Applicable,No reason specified,-11,19,30.11052773199571,0.0006175284772113695,a4217e73ad23399c,
41.0,F,Town,Platinum Membership,2025-04-12,Yes,Without Offers,Smartphone,Fiber_Optic,12.0,197.0,38187.74,0.0,772.36,Yes,No,Yes,Solved in Follow-up,Too many ads,-11,2,0.0,0.0,a82e83af692e5644,
24.0,M,City,Gold Membership,2025-04-12,No,Without Offers,Desktop,Fiber_Optic,18.000000000000007,319.57,46138.34,28.0,699.8,No,Yes,No,Not Applicable,Too many ads,-11,10,11.413214285714286,0.0006068705549441095,ab11e542dfb84fb7,
63.0,M,Town,Silver Membership,2025-04-12,No,Credit/Debit Card Offers,Smartphone,Wi-Fi,13.0,316.39,12157.670000000002,17.0,184.70403462649278,Yes,No,Yes,Solved in Follow-up,Poor Customer Service,-11,19,18.611176470588234,0.0013982942455256638,a0f510d2c95778d1,
24.0,M,City,No Membership,2025-04-12,Yes,Gift Vouchers/Coupons,Desktop,Mobile_Data,20.0,279.31,3834.369999999999,17.0,692.8,No,Yes,No,Not Applicable,Poor Customer Service,-11,0,16.43,0.004433583613474966,857ba61ae7d9704c,
60.0,M,Town,Basic Membership,2025-04-12,No,Credit/Debit Card Offers,Smartphone,Fiber_Optic,16.999999999999993,33.94,18616.69,28.0,716.56,Yes,No,No,Not Applicable,Poor Website,-11,13,1.212142857142857,0.0015040267630819443,b277a0847ba73506,
52.0,F,Town,Premium Membership,2025-04-12,No,Gift Vouchers/Coupons,Smartphone,Wi-Fi,20.0,329.68,33838.23,19.0,747.91,Yes,No,Yes,Solved in Follow-up,Too many ads,-11,23,17.35157894736842,0.0005614950900209615,830fbb194847a824,
39.0,F,City,Platinum Membership,2025-04-12,No,Without Offers,Smartphone,Wi-Fi,10.0,146.22,99109.9,10.0,753.25,No,Yes,No,Not Applicable,Products always in Stock,-11,8,14.622,0.00010089809393410749,b1b13e4c64207c87,
23.0,M,Village,Platinum Membership,2025-04-12,No,Without Offers,Smartphone,Wi-Fi,11.0,180.18,38952.95,26.0,790.69,Yes,No,No,Not Applicable,Poor Product Quality,-11,6,6.930000000000001,0.000667471911626719,acc23bc1ba3af8b2,
25.0,F,City,Basic Membership,2025-04-12,Yes,Credit/Debit Card Offers,Smartphone,Fiber_Optic,14.0,161.03000000000003,38273.31,11.0,649.08,No,Yes,No,Not Applicable,Too many ads,-11,14,14.639090909090912,0.00028740655041332986,bd22cc1d53694e26,
16.0,F,Town,Gold Membership,2025-04-12,Yes,Without Offers,Both,Wi-Fi,15.0,541.3,9643.05,0.0,679.02,Yes,No,No,Not Applicable,Poor Website,-11,8,0.0,0.0,875883d772b506d4,
45.0,M,Town,Platinum Membership,2025-04-12,No,Credit/Debit Card Offers,Desktop,Wi-Fi,4.0,64.5,49478.24,5.0,776.39,Yes,No,Yes,Unsolved,No reason specified,-11,20,12.9,0.00010105452417062532,9f770c7c8aa1f8bb,
63.0,F,City,Basic Membership,2025-04-12,Yes,Gift Vouchers/Coupons,Smartphone,Fiber_Optic,26.0,109.51999999999998,21969.19,11.0,607.57,No,Yes,No,Not Applicable,Poor Website,-11,23,9.956363636363635,0.000500701209284457,9af42236f270f7c3,
51.0,M,City,Silver Membership,2025-04-12,Yes,Gift Vouchers/Coupons,Desktop,Mobile_Data,8.0,96.25999999999999,1624.1500000000015,6.0,750.42,Yes,No,No,Not Applicable,Poor Website,-11,19,16.043333333333333,0.0036942400640334913,80f240e7add3cc37,
49.0,M,City,No Membership,2025-04-12,No,Gift Vouchers/Coupons,Desktop,Wi-Fi,2.0,235.24,14093.119999999999,19.0,536.96,Yes,No,Yes,Solved,Poor Product Quality,-11,0,12.381052631578948,0.0013481755636792988,9e2f8f4e57ef2a28,
63.0,F,City,No Membership,2025-04-12,No,Without Offers,Desktop,Wi-Fi,5.0,344.29,31482.01,24.0,1238.4968138371726,Yes,No,Yes,No Information Available,Poor Product Quality,-11,8,14.345416666666667,0.0007623401428307786,8a46e084a215212f,
50.0,F,City,Basic Membership,2025-04-12,Yes,Credit/Debit Card Offers,Smartphone,Mobile_Data,19.0,0.0,10237.57,16.0,525.76,No,Yes,Yes,Solved in Follow-up,Poor Product Quality,-11,16,0.0,0.001562870876584971,a622979c5ad0fdea,
28.0,F,Town,Basic Membership,2025-04-12,No,Credit/Debit Card Offers,Smartphone,Wi-Fi,10.0,404.53,9195.969999999998,27.0,689.01,No,Yes,Yes,Solved,Poor Website,-11,6,14.982592592592592,0.0029360687344565073,b8a0a3e29af26493,
24.0,F,Village,Gold Membership,2025-04-12,No,Gift Vouchers/Coupons,Smartphone,Wi-Fi,11.0,116.91,6044.09,2.9999999999999982,727.1,No,Yes,No,Not Applicable,Reasonable Price,-11,11,38.97000000000002,0.0004963526353843172,85a4dc5e441ca743,
21.0,F,City,Premium Membership,2025-04-12,Yes,Gift Vouchers/Coupons,Both,Wi-Fi,11.0,744.04,53208.100000000006,19.0,1450.2370453277972,Yes,No,Yes,Solved,Quality Customer Care,-11,0,39.16,0.0003570884884068403,be7f2d49de11e9fe,
35.0,F,City,Basic Membership,2025-04-12,No,Gift Vouchers/Coupons,Desktop,Mobile_Data,24.0,0.0,43643.19,28.0,506.93,Yes,No,No,Not Applicable,No reason specified,-11,22,0.0,0.000641566301638354,89a6dd0db00c8349,
16.0,F,Town,Premium Membership,2025-04-12,No,Gift Vouchers/Coupons,Desktop,Wi-Fi,16.0,78.92000000000002,37028.96,21.0,794.24,No,Yes,No,Not Applicable,Poor Customer Service,-11,1,3.758095238095239,0.0005671236783317706,a64acf9610aa1d80,
61.0,M,Town,Basic Membership,2025-04-12,No,Without Offers,Desktop,Fiber_Optic,12.0,322.92,18353.67,19.0,534.9,Yes,No,No,Not Applicable,Poor Customer Service,-11,10,16.995789473684212,0.001035215300264198,a2ba17ae26851942,
33.0,F,City,Platinum Membership,2025-04-12,Yes,Gift Vouchers/Coupons,Both,Fiber_Optic,10.0,0.0,1342.9399999999987,20.0,465.04010937774666,Yes,Yes,No,Not Applicable,No reason specified,-11,0,0.0,0.014892698110116624,89b47466992093fb,
26.0,F,Village,Basic Membership,2025-04-12,Yes,Credit/Debit Card Offers,Desktop,Fiber_Optic,9.0,222.92,28002.84,15.0,640.13,No,Yes,Yes,Unsolved,Poor Customer Service,-11,7,14.861333333333333,0.0005356599544903303,bf25291a75a1b167,
61.0,M,Town,Premium Membership,2025-04-12,No,Without Offers,Smartphone,Mobile_Data,26.0,0.0,21524.2,0.0,749.5,No,Yes,Yes,Solved,Poor Product Quality,-11,15,0.0,0.0,9f4d2e1f3e38664d,
38.0,M,Town,Gold Membership,2025-04-12,No,Without Offers,Smartphone,Wi-Fi,7.0,333.62,42912.68,23.0,632.21,No,Yes,No,Not Applicable,Poor Product Quality,-11,9,14.505217391304347,0.0005359721182643452,ac3f49b4b4c3345a,
54.0,M,City,Silver Membership,2025-04-12,No,Gift Vouchers/Coupons,Smartphone,Fiber_Optic,12.0,30.94999999999999,30706.6,28.0,636.25,No,Yes,No,Not Applicable,No reason specified,-11,5,1.1053571428571425,0.0009118560830570627,9ba7532b2b9c87a2,
25.0,F,Village,No Membership,2025-04-12,Yes,Gift Vouchers/Coupons,Desktop,Mobile_Data,7.0,1347.98,48031.9,11.0,522.85,Yes,Yes,Yes,No Information Available,Poor Website,-11,15,122.54363636363637,0.0002290144674684949,ba21810c22142bed,
34.0,F,Town,No Membership,2025-04-12,No,Credit/Debit Card Offers,Desktop,Mobile_Data,15.0,382.75,42892.96,0.0,394.1752513891169,No,Yes,Yes,No Information Available,Poor Product Quality,-11,1,0.0,0.0,ab2637e1c6eda2f4,
53.0,F,Town,Basic Membership,2025-04-12,Yes,Without Offers,Desktop,Fiber_Optic,7.0,107.16,35806.59,12.0,340.5183507541143,Yes,No,Yes,No Information Available,Poor Product Quality,-11,2,8.93,0.00033513383988813234,a08ce604a38c780a,
28.0,F,City,Basic Membership,2025-04-12,Yes,Without Offers,Desktop,Fiber_Optic,13.0,78.22,41766.55,33.46086527858775,644.3,No,Yes,Yes,Unsolved,Poor Customer Service,-11,8,2.337656224630105,0.0008011402732231354,ab5090512aa446df,
12.0,M,City,Premium Membership,2025-04-12,No,Credit/Debit Card Offers,Desktop,Mobile_Data,13.0,1108.6093935854792,29279.43,2.9999999999999982,780.9,No,Yes,Yes,Solved in Follow-up,Quality Customer Care,-11,10,369.5364645284933,0.00010246101102378011,90e4917cda73fbea,
58.0,M,Town,Basic Membership,2025-04-12,No,Gift Vouchers/Coupons,Desktop,Wi-Fi,10.0,30.700000000000017,46063.26,25.0,0.0,Yes,No,No,Not Applicable,No reason specified,-11,8,1.2280000000000006,0.0005427318865403795,b44552137a9e8a31,
37.0,M,Village,Premium Membership,2025-04-12,No,Gift Vouchers/Coupons,Smartphone,Mobile_Data,11.0,329.33,19899.2,16.0,787.15,Yes,Yes,No,Not Applicable,Reasonable Price,-11,13,20.583125,0.000804052424218059,85fb4843c688598c,
40.0,F,Village,Silver Membership,2025-04-12,Yes,Without Offers,Both,Mobile_Data,12.0,604.6,83213.78,9.0,760.64,Yes,Yes,No,Not Applicable,Products always in Stock,-11,22,67.17777777777778,0.00010815516372408512,abc09b1a5790fd67,
48.0,M,Town,Premium Membership,2025-04-12,No,Gift Vouchers/Coupons,Smartphone,Mobile_Data,18.000000000000007,0.0,49178.85,12.0,700.08,Yes,No,Yes,Unsolved,Too many ads,-11,5,0.0,0.00024400733242033924,9072fd5f3d3e8622,
11.0,M,Village,Platinum Membership,2025-04-12,No,Gift Vouchers/Coupons,Smartphone,Wi-Fi,8.0,273.59,91367.93,17.0,766.91,Yes,Yes,Yes,Solved,User Friendly Website,-11,7,16.093529411764706,0.0001860609078043029,b9e1a36aa3dd607c,
35.0,M,City,Premium Membership,2025-04-12,Yes,Gift Vouchers/Coupons,Both,Fiber_Optic,16.999999999999993,676.97,43598.49,26.0,748.8,Yes,Yes,Yes,Solved in Follow-up,Too many ads,-11,2,26.037307692307692,0.0005963509286674837,a31b20a8ec0f6457,
31.0,F,Town,Platinum Membership,2025-04-12,Yes,Without Offers,Desktop,Wi-Fi,19.0,30.289999999999992,83531.91,10.0,826.87,Yes,No,Yes,No Information Available,Reasonable Price,-11,2,3.028999999999999,0.00011971472937707278,bdc67524a46f5bd6,
62.0,M,Town,Silver Membership,2025-04-12,Yes,Gift Vouchers/Coupons,Desktop,Mobile_Data,16.0,80.61000000000001,63745.26,19.0,785.41,No,Yes,No,Not Applicable,Quality Customer Care,-11,18,4.242631578947369,0.00029806137742633727,9fbe70429979c855,
17.0,F,City,Basic Membership,2025-04-12,Yes,Gift Vouchers/Coupons,Both,Mobile_Data,-998.9999999999999,706.04,16295.84,16.0,605.14,Yes,No,No,Not Applicable,Poor Website,-11,2,44.1275,0.0009818456734970397,a39b991fbd5ec1a0,
37.0,M,City,Platinum Membership,2025-04-12,No,Gift Vouchers/Coupons,Desktop,Wi-Fi,16.999999999999993,44.34000000000003,38488.39,5.0,771.44,No,Yes,No,Not Applicable,Poor Customer Service,-11,23,8.868000000000006,0.0001299093051177251,95288f9a267c04e8,
16.0,F,Town,Premium Membership,2025-04-12,No,Gift Vouchers/Coupons,Desktop,Mobile_Data,-998.9999999999999,40.400000000000006,27193.76,0.0,700.74,No,Yes,No,Not Applicable,Too many ads,-11,5,0.0,0.0,84249390e4471546,
45.0,F,City,Basic Membership,2025-04-12,Yes,Credit/Debit Card Offers,Both,Wi-Fi,16.0,1204.87,39733.73,29.0,617.4,Yes,Yes,Yes,Unsolved,No reason specified,-11,2,41.54724137931034,0.0007298584854731735,9e7cfbfe6719e6cb,
34.0,M,Town,Basic Membership,2025-04-12,No,Gift Vouchers/Coupons,Desktop,Mobile_Data,8.0,0.0,37242.97,19.0,629.48,Yes,No,Yes,Solved in Follow-up,Too many ads,-11,8,0.0,0.0005101633945950067,948fb6b0066436df,
10.0,F,Town,Premium Membership,2025-04-12,No,Credit/Debit Card Offers,Desktop,Mobile_Data,16.999999999999993,33.400000000000006,30296.3,5.0,705.72,No,Yes,Yes,No Information Available,Products always in Stock,-11,20,6.6800000000000015,0.00016503665464099576,97fb9289421c245d,
13.0,M,City,Premium Membership,2025-04-12,No,Without Offers,Desktop,Mobile_Data,13.0,258.02,1126.5600000000013,0.0,1267.719607602233,Yes,No,No,Not Applicable,Reasonable Price,-11,23,0.0,0.0,b5b12c9c043923b7,
30.0,F,Town,Basic Membership,2025-04-12,Yes,Credit/Debit Card Offers,Desktop,Fiber_Optic,11.0,131.71,17139.84,13.0,577.23,No,Yes,Yes,No Information Available,Poor Customer Service,-11,4,10.131538461538462,0.0007584668234942683,98a3e68799c75973,
60.0,M,Village,Premium Membership,2025-04-12,No,Gift Vouchers/Coupons,Desktop,Wi-Fi,25.0,1401.4881489316283,13311.73,16.0,763.3,Yes,Yes,No,Not Applicable,Quality Customer Care,-11,11,87.59300930822677,0.0012019474553645545,9966da81dea8e682,
54.0,F,Town,Basic Membership,2025-04-12,No,Credit/Debit Card Offers,Smartphone,Fiber_Optic,13.0,108.74000000000001,2119.2299999999996,16.0,0.0,Yes,No,No,Not Applicable,Poor Website,-11,14,6.796250000000001,0.007549911996338294,898bd2c38bb41839,
30.0,M,Town,Basic Membership,2025-04-12,Yes,Gift Vouchers/Coupons,Desktop,Mobile_Data,24.0,79.19999999999999,20232.619999999995,13.0,203.93802012997952,No,Yes,No,Not Applicable,Too many ads,-11,0,6.092307692307691,0.0006425267711250447,a8a73a24104b3ff9,
40.0,F,Town,Silver Membership,2025-04-13,No,Credit/Debit Card Offers,Desktop,Mobile_Data,5.0,483.6,46723.96,13.0,705.29,Yes,Yes,Yes,Solved in Follow-up,Poor Customer Service,-11,10,37.2,0.00027822984181991424,a50eedcd819d79b3,
22.0,F,City,Basic Membership,2025-04-13,No,Gift Vouchers/Coupons,Desktop,Wi-Fi,5.0,192.63,928.3899999999994,21.0,533.0,Yes,No,Yes,Unsolved,No reason specified,-11,5,9.172857142857143,0.02261980417712385,818662f094f609ef,
19.0,F,City,Silver Membership,2025-04-13,No,Credit/Debit Card Offers,Desktop,Fiber_Optic,12.0,33.329999999999984,3395.099999999995,22.0,736.53,Yes,No,No,Not Applicable,No reason specified,-11,0,1.5149999999999992,0.006479926953550715,933adaf5c238f0ac,
58.0,M,City,Premium Membership,2025-04-13,No,Gift Vouchers/Coupons,Smartphone,Fiber_Optic,9.0,90.49999999999997,48619.73000000001,0.0,0.0,Yes,No,Yes,Solved,Poor Customer Service,-11,14,0.0,0.0,81155c5f2d153897,
10.0,F,Town,Basic Membership,2025-04-13,No,Credit/Debit Card Offers,Both,Wi-Fi,11.0,283.03,48310.92,22.0,698.55,Yes,No,Yes,Unsolved,Poor Product Quality,-11,17,12.864999999999998,0.0004553835861540207,834d989e0be1a45f,
44.0,F,Town,Basic Membership,2025-04-13,Yes,Gift Vouchers/Coupons,Smartphone,Mobile_Data,14.0,1025.913199870121,4578.77,0.0,663.69,No,Yes,No,Not Applicable,Poor Customer Service,-11,23,0.0,0.0,a3d3e43d7493c194,
31.0,M,Town,Platinum Membership,2025-04-13,Yes,Gift Vouchers/Coupons,Desktop,Wi-Fi,16.0,113.20999999999998,12700.58,14.0,748.49,No,Yes,Yes,Solved,Poor Website,-11,20,8.08642857142857,0.0011023118629227956,9c873b73978c3242,
33.0,M,Town,Silver Membership,2025-04-13,No,Credit/Debit Card Offers,Desktop,Wi-Fi,15.0,52.81999999999999,11375.32,10.0,641.87,Yes,No,No,Not Applicable,Poor Product Quality,-11,10,5.281999999999999,0.0008790961485039541,9520ff4355211ac0,
43.0,M,City,Silver Membership,2025-04-13,Yes,Credit/Debit Card Offers,Desktop,Mobile_Data,5.0,96.25999999999999,2014.2200000000012,12.0,668.06,Yes,No,Yes,No Information Available,Poor Customer Service,-11,13,8.021666666666667,0.005957641171272251,9f93ab9165cd6097,
16.0,F,City,No Membership,2025-04-13,Yes,Credit/Debit Card Offers,Smartphone,Mobile_Data,13.0,76.34,27113.0,7.0,0.0,No,Yes,Yes,Solved,Too many ads,-11,9,10.905714285714286,0.0002581787334488991,b276ac803ae9d0b8,
42.0,M,Town,No Membership,2025-04-13,No,Gift Vouchers/Coupons,Desktop,Fiber_Optic,7.0,459.56,6249.459999999999,6.0,126.91732381090367,No,Yes,Yes,No Information Available,Poor Customer Service,-11,7,76.59333333333333,0.0009600829511669809,8992eb9043b77704,
23.0,F,Town,Platinum Membership,2025-04-13,Yes,Credit/Debit Card Offers,Desktop,Wi-Fi,10.0,828.22,35669.01,11.0,318.00468676901556,Yes,Yes,Yes,Solved in Follow-up,Reasonable Price,-11,5,75.29272727272728,0.00030839095337941813,933e12d1c1707531,
48.0,F,City,Premium Membership,2025-04-13,Yes,Without Offers,Desktop,Wi-Fi,8.0,64.0,18519.59,38.24366532285454,710.63,Yes,No,Yes,Unsolved,Products always in Stock,-11,16,1.6734797635035623,0.0020650384443097573,befe58d4f91319d0,
31.0,M,Village,Basic Membership,2025-04-13,Yes,Without Offers,Smartphone,Fiber_Optic,21.0,575.08,36722.27,0.0,560.09,No,Yes,No,Not Applicable,Poor Customer Service,-11,23,0.0,0.0,a3202eeab6e8f2f7,
44.0,F,Town,No Membership,2025-04-13,No,Without Offers,Both,Mobile_Data,18.0,293.41,1514.0999999999985,10.0,524.16,Yes,No,No,Not Applicable,Too many ads,-11,11,29.341,0.006604583581005224,9964a3d2a39b6f8d,
16.0,M,Town,Silver Membership,2025-04-13,No,Without Offers,Desktop,Fiber_Optic,21.0,135.45,19340.23,0.0,0.0,No,Yes,No,Not Applicable,Too many ads,-11,8,0.0,0.0,b4cddb18e56481f2,
63.0,F,Town,Basic Membership,2025-04-13,No,Without Offers,Smartphone,Fiber_Optic,19.0,395.73,11109.42,0.0,642.33,Yes,No,No,Not Applicable,No reason specified,-11,23,0.0,0.0,b34041b633e9c28f,
58.0,F,City,Premium Membership,2025-04-13,Yes,Credit/Debit Card Offers,Smartphone,Wi-Fi,7.0,294.33,10850.83,11.0,837.65,Yes,No,Yes,Solved in Follow-up,User Friendly Website,-11,13,26.757272727272724,0.0010137473354572876,a93f627bbe36c0b5,
35.0,F,Town,Gold Membership,2025-04-13,Yes,Credit/Debit Card Offers,Smartphone,Mobile_Data,22.0,72.66,13154.520000000002,25.0,889.6763494060457,No,Yes,No,Not Applicable,Too many ads,-11,0,2.9063999999999997,0.001900487437017846,9e36582056ab6f46,
10.0,M,City,Premium Membership,2025-04-13,Yes,Gift Vouchers/Coupons,Smartphone,Fiber_Optic,-999.0,218.08000000000004,43692.12,26.0,732.05,Yes,No,Yes,Unsolved,No reason specified,-11,3,8.387692307692308,0.0005950729788346274,8ee491cee220012d,
58.0,M,City,Gold Membership,2025-04-13,No,Credit/Debit Card Offers,Desktop,Mobile_Data,9.0,102.19,36258.73,20.0,601.4283434249153,Yes,No,No,Not Applicable,Poor Customer Service,-11,20,5.1095,0.000551591299529796,94f07ea1e5cd11d1,
63.0,M,Village,No Membership,2025-04-13,No,Without Offers,Smartphone,Fiber_Optic,3.0,0.0,20869.84,15.0,638.59,Yes,No,Yes,Unsolved,Poor Product Quality,-11,6,0.0,0.000718740536582935,ba23c8455cc2cd3d,
13.0,M,City,Gold Membership,2025-04-13,No,Gift Vouchers/Coupons,Smartphone,Wi-Fi,9.0,303.96,27289.55,5.000000000000002,768.09,Yes,Yes,Yes,Unsolved,Reasonable Price,-11,14,60.79199999999997,0.0001832203169345043,8f96acba1dfe06cc,
53.0,F,City,Platinum Membership,2025-04-13,No,Gift Vouchers/Coupons,Desktop,Mobile_Data,13.0,329.6,85838.73,13.0,1353.6935408278384,Yes,No,No,Not Applicable,Products always in Stock,-11,19,25.353846153846156,0.00015144678864657015,bff662d6209bb510,
60.0,M,Town,Gold Membership,2025-04-13,Yes,Gift Vouchers/Coupons,Desktop,Mobile_Data,18.0,99.91999999999999,32641.64,20.0,694.36,Yes,No,No,Not Applicable,No reason specified,-11,1,4.9959999999999996,0.0006127143121485317,81b930c505c8be88,
48.0,F,Town,No Membership,2025-04-13,Yes,Credit/Debit Card Offers,Desktop,Fiber_Optic,10.0,314.08,17721.73,26.0,618.85,Yes,Yes,No,Not Applicable,Poor Product Quality,-11,9,12.08,0.0014671253878712745,86a1b09a3c626b20,
32.0,M,Town,No Membership,2025-04-13,Yes,Gift Vouchers/Coupons,Smartphone,Fiber_Optic,5.0,34.46999999999997,4630.66,28.0,503.95,Yes,No,Yes,Unsolved,Poor Customer Service,-11,7,1.2310714285714275,0.006046654256628645,8b72aba848fcad62,
15.0,F,Town,No Membership,2025-04-13,No,Credit/Debit Card Offers,Smartphone,Mobile_Data,4.0,425.59,26881.88,26.0,650.48,No,Yes,No,Not Applicable,Poor Website,-11,17,16.368846153846153,0.0009671942587348801,b7a7cf790cc8ca01,
31.0,F,Town,Silver Membership,2025-04-13,No,Credit/Debit Card Offers,Both,Wi-Fi,10.0,428.05,6325.080000000002,28.0,80.09369312905505,No,Yes,No,Not Applicable,Poor Product Quality,-11,18,15.2875,0.004426821478937815,b7219722207c46b5,
16.0,M,City,Platinum Membership,2025-04-13,No,Gift Vouchers/Coupons,Desktop,Mobile_Data,21.0,306.13,44210.16,17.0,812.08,No,Yes,No,Not Applicable,Reasonable Price,-11,7,18.00764705882353,0.0003845269956046302,ab4f3483bd7b7f4d,
29.0,M,Village,Basic Membership,2025-04-13,Yes,Credit/Debit Card Offers,Desktop,Wi-Fi,18.0,546.57,20235.9,5.000000000000002,974.4662785290628,No,Yes,Yes,Solved in Follow-up,Poor Customer Service,-11,0,109.31399999999996,0.00024708562505250576,be783a53b9e39605,
31.0,F,City,Basic Membership,2025-04-13,Yes,Without Offers,Desktop,Wi-Fi,15.0,186.0,4154.549999999999,13.0,586.48,Yes,No,No,Not Applicable,Too many ads,-11,18,14.307692307692308,0.0031290994211166075,a86b5ab4836211fa,
20.0,F,City,No Membership,2025-04-13,Yes,Credit/Debit Card Offers,Desktop,Mobile_Data,7.0,83.17000000000002,32822.77,10.0,660.91,Yes,No,No,Not Applicable,No reason specified,-11,6,8.317000000000002,0.0003046665470342692,a4a19c322aa9b5a0,
60.0,F,Town,Gold Membership,2025-04-13,No,Credit/Debit Card Offers,Smartphone,Wi-Fi,12.0,31.889999999999986,82654.75,19.0,823.48,No,Yes,Yes,Solved in Follow-up,User Friendly Website,-11,4,1.6784210526315781,0.00022987184644560657,b504aa8254edd3df,
32.0,M,Village,No Membership,2025-04-13,Yes,Credit/Debit Card Offers,Smartphone,Wi-Fi,9.0,1160.7669119869452,31963.42,23.0,1031.1025048870547,Yes,No,Yes,Solved,Poor Product Quality,-11,7,50.46812660812805,0.0007195725613842324,bc3aeaf8b82ff84a,
37.0,F,Town,Gold Membership,2025-04-13,Yes,Gift Vouchers/Coupons,Smartphone,Mobile_Data,24.0,89.1,28642.05,8.0,708.85,Yes,No,Yes,Solved in Follow-up,Too many ads,-11,10,11.1375,0.00027930961645552605,93ffdb765981de81,
63.0,F,City,Premium Membership,2025-04-13,No,Gift Vouchers/Coupons,Smartphone,Mobile_Data,4.0,90.05000000000001,13440.269999999999,21.0,749.87,Yes,No,Yes,Solved in Follow-up,No reason specified,-11,1,4.288095238095239,0.0015624686111216518,96be7641a70cfaf7,
28.0,M,Town,Basic Membership,2025-04-13,No,Without Offers,Desktop,Fiber_Optic,4.0,176.37,10808.78,38.66234411584928,580.38,Yes,No,No,Not Applicable,Poor Customer Service,-11,4,4.561803067902929,0.003576938758661873,b61d25bb8a1850da,
12.0,M,Town,Basic Membership,2025-04-13,No,Without Offers,Smartphone,Wi-Fi,16.0,1508.8646960208118,38657.11,22.0,637.49,Yes,No,No,Not Applicable,Poor Product Quality,-11,19,68.5847589100369,0.0005691061747761278,912a19482c2f13c7,
23.0,F,City,Silver Membership,2025-04-13,Yes,Gift Vouchers/Coupons,Smartphone,Wi-Fi,13.0,258.57,7590.970000000001,7.0,690.21,No,Yes,No,Not Applicable,No reason specified,-11,12,36.93857142857143,0.0009221482893490554,81081bdaafecfb9b,
22.0,F,Town,Basic Membership,2025-04-13,No,Credit/Debit Card Offers,Desktop,Wi-Fi,14.0,410.3,42886.53,7.0,608.82,Yes,No,No,Not Applicable,Too many ads,-11,9,58.614285714285714,0.00016322141241084323,a3b9c7df83ccbe6d,
33.0,F,Town,Silver Membership,2025-04-13,No,Gift Vouchers/Coupons,Smartphone,Mobile_Data,-999.0,349.82,4973.709999999999,26.0,657.49,No,Yes,No,Not Applicable,No reason specified,-11,12,13.454615384615384,0.005227486122029633,9019a9234cfdb808,
63.0,F,Village,Silver Membership,2025-04-13,No,Without Offers,Desktop,Fiber_Optic,17.0,206.03,8910.93,14.0,797.35,No,Yes,No,Not Applicable,Too many ads,-11,18,14.71642857142857,0.00157110425062255,a335d7d69e39652c,
13.0,M,Village,Basic Membership,2025-04-13,No,Without Offers,Smartphone,Fiber_Optic,5.0,0.0,45806.37,27.0,1138.8211500705231,No,Yes,No,Not Applicable,Poor Customer Service,-11,14,0.0,0.0005894376699135949,8d603fd53cb700f5,
17.0,F,Town,Gold Membership,2025-04-13,No,Gift Vouchers/Coupons,Desktop,Fiber_Optic,11.0,34.53000000000003,17708.13,9.0,798.23,No,Yes,No,Not Applicable,Reasonable Price,-11,5,3.83666666666667,0.0005082411299216801,af56be78957c1d11,
27.0,F,City,No Membership,2025-04-13,Yes,Without Offers,Desktop,Mobile_Data,15.0,87.17000000000002,23794.7,0.0,587.7,Yes,No,Yes,Unsolved,Too many ads,-11,6,0.0,0.0,8d34aa7a8791c740,
26.0,M,Town,Basic Membership,2025-04-13,Yes,Without Offers,Smartphone,Mobile_Data,21.0,339.5,24922.24,13.0,590.38,Yes,No,No,Not Applicable,No reason specified,-11,21,26.115384615384617,0.0005216224544824221,b07269f07ea8a1be,
25.0,M,Town,No Membership,2025-04-13,Yes,Gift Vouchers/Coupons,Desktop,Wi-Fi,12.0,587.19,12672.109999999999,22.0,558.45,Yes,Yes,Yes,Solved,No reason specified,-11,6,26.690454545454546,0.001736096040832979,911f0167fbc38042,
52.0,M,Village,Platinum Membership,2025-04-13,No,Gift Vouchers/Coupons,Desktop,Wi-Fi,7.0,1067.6643586994765,99316.47,0.0,760.9,Yes,No,Yes,Solved,User Friendly Website,-11,4,0.0,0.0,8fdd98814ee93263,
57.0,F,City,Silver Membership,2025-04-13,No,Credit/Debit Card Offers,Smartphone,Fiber_Optic,22.999999999999993,61.579999999999984,6524.260000000002,19.0,704.12,Yes,No,Yes,Solved in Follow-up,Poor Product Quality,-11,11,3.2410526315789467,0.002912207667996063,8eb9f063101f8833,
16.0,M,Town,Premium Membership,2025-04-13,No,Credit/Debit Card Offers,Desktop,Fiber_Optic,15.0,461.08,91913.77000000002,13.0,820.54,No,Yes,No,Not Applicable,Quality Customer Care,-11,21,35.4676923076923,0.00014143691418598103,a81efda6c836c44d,
28.0,F,City,Gold Membership,2025-04-13,No,Gift Vouchers/Coupons,Both,Fiber_Optic,3.0,0.0,37488.13,12.0,723.28,Yes,No,Yes,Unsolved,Reasonable Price,-11,3,0.0,0.0003201013227386909,85c05e68c4cabd71,
23.0,M,Town,Silver Membership,2025-04-13,Yes,Gift Vouchers/Coupons,Both,Mobile_Data,5.0,529.39,45163.9,6.0,699.75,No,Yes,Yes,Solved in Follow-up,Poor Customer Service,-11,21,88.23166666666667,0.00013284946605585435,ae8cab4783679fcc,
56.0,M,Town,Platinum Membership,2025-04-13,No,Gift Vouchers/Coupons,Desktop,Wi-Fi,15.0,259.81,32153.81,24.0,717.77,Yes,No,No,Not Applicable,Poor Customer Service,-11,10,10.825416666666667,0.0007464123225210325,912a3358f9e584ea,
59.0,F,City,No Membership,2025-04-13,Yes,Gift Vouchers/Coupons,Smartphone,Wi-Fi,14.0,233.94,21195.03,24.0,658.54,Yes,No,No,Not Applicable,Poor Website,-11,1,9.7475,0.0011323409308691707,9ad0d69805bedab6,
16.0,F,City,Basic Membership,2025-04-13,No,Without Offers,Desktop,Mobile_Data,19.0,78.80000000000004,36702.1,21.0,626.37,Yes,No,No,Not Applicable,Too many ads,-11,17,3.752380952380954,0.0005721743442473319,bed3520497402347,
15.0,F,Town,No Membership,2025-04-13,Yes,Without Offers,Both,Mobile_Data,18.0,0.0,46118.77,24.0,622.5,Yes,Yes,Yes,Solved,Poor Product Quality,-11,1,0.0,0.0005203954919005862,9e7e01165f4c188f,
48.0,M,City,Platinum Membership,2025-04-13,No,Without Offers,Desktop,Fiber_Optic,15.0,94.48000000000002,18740.26,19.0,741.93,Yes,No,No,Not Applicable,Poor Product Quality,-11,6,4.972631578947369,0.0010138599998079003,a701b3faee17f60c,
59.0,F,Town,Basic Membership,2025-04-13,No,Credit/Debit Card Offers,Both,Fiber_Optic,11.0,228.35,24421.7,21.0,624.88,Yes,No,No,Not Applicable,Poor Product Quality,-11,5,10.873809523809523,0.0008598909985791325,9c6582d69d0c3829,
51.0,F,City,Silver Membership,2025-04-13,No,Gift Vouchers/Coupons,Desktop,Mobile_Data,24.0,45.079999999999984,19343.57,11.0,747.9,Yes,No,Yes,Unsolved,Poor Website,-11,18,4.098181818181817,0.0005686644192359528,b5b57fce769af345,
60.0,F,City,No Membership,2025-04-13,No,Without Offers,Both,Mobile_Data,11.0,207.96,33123.95,21.0,598.19,Yes,No,No,Not Applicable,Poor Customer Service,-11,14,9.902857142857144,0.0006339823601955685,9074ebfd21fb5ea5,
37.0,F,City,Platinum Membership,2025-04-13,No,Credit/Debit Card Offers,Both,Mobile_Data,10.0,31.839999999999975,5968.1500000000015,14.0,719.15,Yes,No,No,Not Applicable,Poor Website,-11,19,2.2742857142857127,0.0023457855449343593,8073ab20fa2888d3,
25.0,M,City,No Membership,2025-04-13,No,Gift Vouchers/Coupons,Smartphone,Wi-Fi,22.0,119.45999999999998,41250.74,25.0,606.42,No,Yes,Yes,Solved in Follow-up,Poor Website,-11,15,4.7783999999999995,0.0006060497338956828,849feff4a77ae3f5,
61.0,M,Village,Premium Membership,2025-04-13,No,Credit/Debit Card Offers,Smartphone,Mobile_Data,14.0,141.74,45019.44,18.0,766.69,No,Yes,No,Not Applicable,Poor Website,-11,19,7.874444444444445,0.00039982727461736526,bf0ed4cc18a28dba,
24.0,F,City,Silver Membership,2025-04-13,Yes,Gift Vouchers/Coupons,Desktop,Mobile_Data,5.0,53.46000000000001,2163.890000000003,5.000000000000002,710.9,Yes,No,No,Not Applicable,No reason specified,-11,23,10.691999999999998,0.0023106534990225912,9ff21a5c68fdb4c5,
54.0,M,Town,Platinum Membership,2025-04-13,No,Without Offers,Desktop,Wi-Fi,10.0,220.77,14403.37,17.0,765.31,Yes,No,Yes,No Information Available,Poor Website,-11,22,12.986470588235294,0.0011802793374050655,9f6e2989f998935f,
64.0,F,City,Basic Membership,2025-04-13,No,Without Offers,Desktop,Wi-Fi,12.0,52.389999999999986,8205.68,21.0,677.96,No,Yes,Yes,Solved,Poor Customer Service,-11,20,2.494761904761904,0.002559202893605405,93f89cf75dc3a57e,
16.0,M,Town,Silver Membership,2025-04-13,Yes,Gift Vouchers/Coupons,Smartphone,Fiber_Optic,10.0,1135.1054650737026,25236.12,14.0,0.0,No,Yes,No,Not Applicable,User Friendly Website,-11,5,81.07896179097875,0.000554760398983679,be595086eb46878f,
27.0,F,Town,Basic Membership,2025-04-13,Yes,Gift Vouchers/Coupons,Smartphone,Mobile_Data,14.0,1128.8094048451703,6318.540000000001,13.0,601.96,No,Yes,Yes,No Information Available,Poor Product Quality,-11,11,86.83149268039772,0.002057437319380743,a80a244fe6517342,
43.0,M,City,Premium Membership,2025-04-13,No,Without Offers,Both,Mobile_Data,19.999999999999993,418.24,29145.56,25.0,741.59,Yes,No,Yes,Unsolved,Poor Customer Service,-11,9,16.7296,0.0008577635838872198,a353b1697bf0c53b,
12.0,M,Town,Platinum Membership,2025-04-13,No,Without Offers,Desktop,Mobile_Data,10.0,1189.31,91069.77,2.0000000000000018,757.83,Yes,Yes,No,Not Applicable,Reasonable Price,-11,6,594.6549999999994,2.1961184265646018e-05,b406af82f7f6b1d1,
28.0,F,City,Platinum Membership,2025-04-13,Yes,Credit/Debit Card Offers,Desktop,Mobile_Data,15.0,32.31,2554.779999999999,26.0,763.72,Yes,No,No,Not Applicable,Poor Product Quality,-11,23,1.2426923076923078,0.010177001542207161,83dcc202bbd1fcb2,
20.0,M,City,Silver Membership,2025-04-13,No,Without Offers,Smartphone,Wi-Fi,18.0,359.94,13160.13,29.0,1132.8337856516575,No,Yes,No,Not Applicable,Too many ads,-11,19,12.411724137931035,0.0022036256480749052,a0ae2a32a6a0898e,
41.0,M,City,Silver Membership,2025-04-13,No,Gift Vouchers/Coupons,Smartphone,Wi-Fi,7.0,34.60000000000002,21446.38,13.0,0.0,Yes,No,No,Not Applicable,Quality Customer Care,-11,11,2.661538461538463,0.0006061629048818495,ba1d2cf1a8e689a2,
24.0,F,City,Basic Membership,2025-04-13,No,Gift Vouchers/Coupons,Both,Mobile_Data,14.0,339.18,10504.880000000001,28.0,543.4,Yes,Yes,Yes,No Information Available,Poor Website,-11,19,12.11357142857143,0.0026654278773293933,86afedc2e821bef8,
42.0,M,City,No Membership,2025-04-13,No,Credit/Debit Card Offers,Desktop,Wi-Fi,-999.0,30.339999999999975,2699.2600000000057,34.93278193253867,0.0,Yes,No,Yes,Solved,Too many ads,-11,9,0.868525159507532,0.01294161434338989,9014a3e03b11aa74,
56.0,F,City,No Membership,2025-04-13,Yes,Credit/Debit Card Offers,Both,Wi-Fi,9.0,760.78,15919.87,39.14831789315426,695.85,Yes,Yes,Yes,Unsolved,Poor Product Quality,-11,9,19.433274299967692,0.0024590852747638173,be1d19c338a45306,
11.0,M,Town,No Membership,2025-04-13,Yes,Gift Vouchers/Coupons,Desktop,Mobile_Data,12.0,42.56999999999999,43401.48,22.0,0.0,Yes,No,Yes,No Information Available,No reason specified,-11,12,1.9349999999999996,0.0005068951565706975,a50625968a21ec8b,
40.0,F,Town,Basic Membership,2025-04-13,Yes,Without Offers,Smartphone,Fiber_Optic,7.0,354.3,14222.33,20.0,676.33,Yes,No,No,Not Applicable,Too many ads,-11,16,17.715,0.0014062393433424763,96b8ddf42e5e65ff,
28.0,M,City,No Membership,2025-04-13,Yes,Without Offers,Smartphone,Wi-Fi,3.0,97.87,43659.28,19.0,990.3581130994444,Yes,No,No,Not Applicable,Poor Customer Service,-11,6,5.151052631578947,0.0004351881203721179,bbed520a0dd4aae9,
35.0,M,City,No Membership,2025-04-13,Yes,Credit/Debit Card Offers,Desktop,Mobile_Data,-999.0,228.91,19736.07,20.0,1238.9131007554838,No,Yes,Yes,Solved,Poor Product Quality,-11,13,11.4455,0.0010133729764841735,9ed1cacd0b259de5,
56.0,F,City,Platinum Membership,2025-04-13,No,Gift Vouchers/Coupons,Smartphone,Wi-Fi,19.999999999999993,235.57,40835.88,16.0,1134.6521871017192,Yes,Yes,Yes,Solved in Follow-up,User Friendly Website,-11,20,14.723125,0.0003918122984003284,9a1604d5fcd69800,
52.0,M,Town,Platinum Membership,2025-04-14,Yes,Gift Vouchers/Coupons,Desktop,Mobile_Data,12.999999999999996,117.97,23664.71,25.0,746.97,Yes,No,No,Not Applicable,Poor Customer Service,-11,16,4.7188,0.0010564253692523593,866abe940f948afd,
64.0,F,City,No Membership,2025-04-14,No,Credit/Debit Card Offers,Desktop,Fiber_Optic,10.0,35.170000000000016,21943.11,9.0,623.22,No,Yes,No,Not Applicable,No reason specified,-11,10,3.9077777777777793,0.00041015152364455175,a00b231b5bd6d559,
56.0,M,Town,No Membership,2025-04-14,Yes,Without Offers,Desktop,Mobile_Data,9.0,64.63999999999999,42436.26,9.0,616.22,No,Yes,Yes,Unsolved,Poor Customer Service,-11,22,7.1822222222222205,0.00021208278015074844,ba50ee0b1b0e13a7,
34.0,M,Town,No Membership,2025-04-14,No,Credit/Debit Card Offers,Smartphone,Wi-Fi,7.000000000000001,33.97,4956.049999999999,27.0,539.47,Yes,No,No,Not Applicable,Too many ads,-11,19,1.258148148148148,0.005447886926080246,8c2a55da6a69910a,
50.0,M,City,Basic Membership,2025-04-14,No,Credit/Debit Card Offers,Desktop,Wi-Fi,15.0,245.74,12139.19,25.0,966.4858860546244,Yes,Yes,No,Not Applicable,Poor Product Quality,-11,15,9.829600000000001,0.002059445481947313,b4aaccfc126fc455,
62.0,F,Town,Premium Membership,2025-04-14,Yes,Without Offers,Desktop,Wi-Fi,20.0,140.26,37944.94,6.0,0.0,Yes,No,Yes,Solved,Too many ads,-11,15,23.376666666666665,0.00015812384997841608,b6de084c554ca9d3,
30.0,M,City,Basic Membership,2025-04-14,No,Gift Vouchers/Coupons,Smartphone,Mobile_Data,18.0,33.889999999999986,7090.720000000001,13.0,338.69507930384736,Yes,No,Yes,Solved in Follow-up,No reason specified,-11,13,2.606923076923076,0.0018333822235259605,af1849f945834b72,
20.0,M,Town,No Membership,2025-04-14,Yes,Credit/Debit Card Offers,Both,Wi-Fi,14.0,274.71,3048.5200000000004,6.0,665.3,No,Yes,No,Not Applicable,No reason specified,-11,23,45.785,0.0019681681602876145,b1bfa04e37340deb,
26.0,F,City,No Membership,2025-04-14,No,Gift Vouchers/Coupons,Smartphone,Fiber_Optic,16.0,55.870000000000005,8275.110000000004,7.0,0.0,No,Yes,No,Not Applicable,Too many ads,-11,7,7.981428571428572,0.0008459102054232507,98af258fd323a405,
60.0,M,City,Platinum Membership,2025-04-14,No,Without Offers,Desktop,Fiber_Optic,14.0,68.06,7027.68,5.0,713.43,Yes,No,Yes,Solved,Poor Product Quality,-11,20,13.612,0.0007114723493386153,8f93e7edc8c36eb2,
22.0,M,Town,Premium Membership,2025-04-14,No,Gift Vouchers/Coupons,Desktop,Mobile_Data,17.0,130.5,29496.02,19.0,838.63,No,Yes,No,Not Applicable,Products always in Stock,-11,8,6.868421052631579,0.0006441547029056801,8bb7bc9ac47ee431,
58.0,M,City,Basic Membership,2025-04-14,No,Without Offers,Smartphone,Wi-Fi,15.0,208.11,49169.42999999999,7.0,629.66,No,Yes,No,Not Applicable,No reason specified,-11,10,29.73,0.00014236487996708525,b30dfd783521f7c5,
11.0,M,Village,Premium Membership,2025-04-14,Yes,Without Offers,Desktop,Fiber_Optic,11.0,129.56,55206.79,1.0,722.8,No,Yes,No,Not Applicable,Reasonable Price,-11,21,129.56,1.811371391091567e-05,86b75b2b5db08e72,
16.0,M,Town,Premium Membership,2025-04-14,No,Gift Vouchers/Coupons,Desktop,Fiber_Optic,9.0,214.35,65849.21,3.0,0.0,No,Yes,Yes,Solved,Products always in Stock,-11,21,71.45,4.555863312559102e-05,be6ece57b76a2adb,
31.0,M,City,Basic Membership,2025-04-14,No,Without Offers,Both,Wi-Fi,18.0,269.84,37649.97,18.0,546.61,No,Yes,Yes,Solved,Poor Customer Service,-11,20,14.99111111111111,0.00047808803034902813,b6b37d5aaa68d00b,
31.0,M,Town,Premium Membership,2025-04-14,No,Without Offers,Desktop,Fiber_Optic,8.0,390.99,49849.70999999999,13.0,0.0,No,Yes,Yes,Solved in Follow-up,Poor Customer Service,-11,22,30.076153846153847,0.00026078386413882853,80504d20c0872e93,
62.0,M,Village,Platinum Membership,2025-04-14,No,Credit/Debit Card Offers,Both,Wi-Fi,5.000000000000001,215.14,15515.219999999998,19.0,755.36,Yes,Yes,No,Not Applicable,Poor Website,-11,11,11.323157894736841,0.001224603969521541,89f6bd17aec14ab9,
54.0,M,Village,Gold Membership,2025-04-14,No,Gift Vouchers/Coupons,Desktop,Wi-Fi,14.0,33.31999999999999,7700.619999999999,20.0,0.0,No,Yes,Yes,Unsolved,Too many ads,-11,16,1.6659999999999997,0.002597193472733365,b86a95efaa0a18d5,
56.0,M,City,Basic Membership,2025-04-14,Yes,Credit/Debit Card Offers,Smartphone,Fiber_Optic,19.0,202.12,21620.53,10.0,211.19619454928704,No,Yes,No,Not Applicable,Poor Customer Service,-11,12,20.212,0.0004625233516477163,a5202093abce026d,
49.0,F,Town,Gold Membership,2025-04-14,Yes,Without Offers,Desktop,Mobile_Data,14.0,147.17,85520.94,7.0,754.39,No,Yes,Yes,Solved in Follow-up,Quality Customer Care,-11,13,21.024285714285714,8.18512986410112e-05,a853b1a5822be8ac,
44.0,M,City,Premium Membership,2025-04-14,No,Credit/Debit Card Offers,Smartphone,Mobile_Data,20.0,225.28,39334.73,29.0,774.33,No,Yes,No,Not Applicable,Poor Customer Service,-11,15,7.768275862068966,0.0007372619565457802,b9413340d6b9ceb5,
53.0,M,Town,Gold Membership,2025-04-14,Yes,Credit/Debit Card Offers,Desktop,Mobile_Data,6.000000000000001,430.13,39095.68,11.0,0.0,Yes,Yes,Yes,Unsolved,Poor Website,-11,23,39.10272727272727,0.0002813610097074664,b4a0b55e6a7629f7,
16.0,M,Village,Basic Membership,2025-04-14,No,Credit/Debit Card Offers,Desktop,Mobile_Data,23.0,155.81,40287.32,19.0,558.92,No,Yes,Yes,Solved,Poor Customer Service,-11,20,8.200526315789475,0.000471612408072813,9fa463fea1395d66,
35.0,F,Town,Gold Membership,2025-04-14,Yes,Credit/Debit Card Offers,Smartphone,Fiber_Optic,16.0,664.31,26170.56,15.0,776.16,Yes,Yes,Yes,Solved,Poor Website,-11,7,44.28733333333333,0.0005731631268111955,af2d322338d7d8f6,
39.0,M,Town,No Membership,2025-04-14,No,Without Offers,Desktop,Fiber_Optic,20.0,101.56,29206.39,17.0,0.0,No,Yes,No,Not Applicable,Too many ads,-11,4,5.974117647058824,0.0005820644043991743,a5d56497fc5190bd,
16.0,F,Town,Silver Membership,2025-04-14,No,Without Offers,Desktop,Wi-Fi,11.0,633.03,27443.2,45.84606909201853,713.74,No,Yes,Yes,Solved in Follow-up,Too many ads,-11,12,13.80772686812981,0.0016705802928236697,89a836575ee28fd7,
11.0,F,Town,Platinum Membership,2025-04-14,Yes,Without Offers,Smartphone,Mobile_Data,10.0,185.12,24427.36,21.0,725.8,Yes,No,No,Not Applicable,Poor Website,-11,18,8.815238095238096,0.0008596917554741896,b42a5601d4dac58f,
11.0,F,Village,Basic Membership,2025-04-14,No,Without Offers,Both,Wi-Fi,9.0,267.86,48313.69,18.0,707.35,Yes,Yes,Yes,No Information Available,Too many ads,-11,19,14.881111111111112,0.00037256520874311193,8708cc1c06a107aa,
36.0,F,City,Platinum Membership,2025-04-14,No,Without Offers,Smartphone,Mobile_Data,17.0,31.879999999999995,43083.53,29.0,724.04,Yes,No,Yes,No Information Available,Poor Customer Service,-11,1,1.099310344827586,0.000673111047307405,8aedd49265835b30,
62.0,M,City,Basic Membership,2025-04-14,No,Gift Vouchers/Coupons,Smartphone,Fiber_Optic,12.0,92.79000000000002,5407.029999999999,19.0,824.3589205731671,Yes,No,No,Not Applicable,Too many ads,-11,15,4.883684210526317,0.0035139438841656147,a968d124f16b2155,
23.0,F,Village,Platinum Membership,2025-04-14,No,Gift Vouchers/Coupons,Both,Wi-Fi,12.0,232.13,85916.79,19.0,310.8976582730088,Yes,No,Yes,Unsolved,Products always in Stock,-11,0,12.217368421052631,0.00022114420243121282,a68f48511979f82e,
46.0,M,Town,No Membership,2025-04-14,Yes,Gift Vouchers/Coupons,Desktop,Fiber_Optic,25.999999999999996,-2.842170943040401e-14,41204.19,28.0,511.24,Yes,No,Yes,Solved in Follow-up,Poor Website,-11,8,-1.0150610510858574e-15,0.0006795425416686991,aaa6341f5701d622,
31.0,F,Village,Premium Membership,2025-04-14,No,Credit/Debit Card Offers,Desktop,Fiber_Optic,25.999999999999996,107.62,27432.01,25.0,779.87,Yes,No,Yes,Solved,No reason specified,-11,23,4.3048,0.000911344083062087,afcc364dc8f970df,
22.0,F,Town,No Membership,2025-04-14,Yes,Gift Vouchers/Coupons,Smartphone,Mobile_Data,5.000000000000001,34.29999999999998,11216.0,21.0,1001.1619088346652,Yes,No,Yes,Unsolved,Poor Website,-11,6,1.6333333333333324,0.0018723252496433665,917d599922ee152d,
12.0,M,City,No Membership,2025-04-14,Yes,Credit/Debit Card Offers,Smartphone,Mobile_Data,24.999999999999996,112.68,19528.48,0.0,552.1,No,Yes,Yes,Solved,Poor Product Quality,-11,2,0.0,0.0,a1653396dd00f185,
54.0,M,City,No Membership,2025-04-14,Yes,Without Offers,Desktop,Fiber_Optic,16.0,652.06,46685.72,7.0,608.6,Yes,Yes,Yes,Solved,No reason specified,-11,20,93.15142857142857,0.00014993878213723596,95d468b96be603e0,
60.0,M,City,No Membership,2025-04-14,No,Credit/Debit Card Offers,Smartphone,Wi-Fi,25.999999999999996,84.78,5267.259999999998,18.0,600.77,No,Yes,No,Not Applicable,Poor Website,-11,4,4.71,0.003417336527910148,958e737fb1d77cdd,
64.0,F,City,No Membership,2025-04-14,No,Credit/Debit Card Offers,Smartphone,Wi-Fi,5.000000000000001,32.879999999999995,8060.57,8.0,521.41,Yes,No,Yes,Unsolved,Poor Product Quality,-11,8,4.109999999999999,0.0009924856430748694,9141d4c869b40d53,
46.0,F,Town,Basic Membership,2025-04-14,Yes,Credit/Debit Card Offers,Smartphone,Fiber_Optic,12.999999999999996,88.61000000000001,43582.49,26.0,0.0,No,Yes,Yes,Solved in Follow-up,No reason specified,-11,1,3.4080769230769237,0.0005965698609693939,aa95259070ceb4e7,
14.0,F,City,Basic Membership,2025-04-14,No,Gift Vouchers/Coupons,Desktop,Mobile_Data,17.0,34.370000000000005,33214.76,26.0,667.24,Yes,No,No,Not Applicable,Poor Product Quality,-11,8,1.3219230769230772,0.0007827845210984514,84449b5014100f9b,
53.0,M,Town,Gold Membership,2025-04-14,No,Without Offers,Desktop,Mobile_Data,14.0,82.59,3254.1100000000006,24.0,0.0,Yes,No,Yes,Solved in Follow-up,No reason specified,-11,10,3.44125,0.007375288481335909,83be79fb9daa2407,
38.0,F,Town,Platinum Membership,2025-04-14,No,Gift Vouchers/Coupons,Smartphone,Wi-Fi,21.0,216.94,27644.16,13.0,753.85,No,Yes,Yes,No Information Available,No reason specified,-11,8,16.68769230769231,0.0004702620734361254,bb9aa99de7992a3d,
45.0,F,Town,Platinum Membership,2025-04-14,No,Gift Vouchers/Coupons,Smartphone,Mobile_Data,11.0,-2.842170943040401e-14,97560.94,4.0,408.3973773261502,Yes,No,Yes,Unsolved,Products always in Stock,-11,2,-7.105427357601002e-15,4.100001496500546e-05,9a2ce68603a1dc85,
26.0,M,Village,Gold Membership,2025-04-14,Yes,Credit/Debit Card Offers,Smartphone,Fiber_Optic,12.0,362.7,14973.55,24.0,757.26,Yes,No,Yes,Unsolved,Poor Customer Service,-11,7,15.112499999999999,0.0016028263170724379,880dbf04a9f8073c,
49.0,F,City,Basic Membership,2025-04-14,No,Gift Vouchers/Coupons,Desktop,Wi-Fi,10.0,329.18,49932.2,9.0,608.03,Yes,Yes,No,Not Applicable,Poor Product Quality,-11,17,36.57555555555555,0.0001802444114218881,93de5155d0e3e0d2,
48.0,F,City,No Membership,2025-04-14,No,Gift Vouchers/Coupons,Desktop,Wi-Fi,16.0,182.35,10887.280000000002,20.0,630.01,Yes,No,Yes,No Information Available,Poor Website,-11,2,9.1175,0.0018370061209043945,9b01b4c6233aa397,
20.0,F,Town,Silver Membership,2025-04-14,No,Without Offers,Both,Wi-Fi,4.000000000000001,488.58,38206.2,8.0,665.65,Yes,No,No,Not Applicable,Poor Product Quality,-11,19,61.0725,0.00020939009898916932,ad5b26bd0fb5d733,
64.0,M,City,Silver Membership,2025-04-14,Yes,Gift Vouchers/Coupons,Smartphone,Fiber_Optic,24.0,31.579999999999984,44816.82,23.0,708.4,No,Yes,No,Not Applicable,Too many ads,-11,19,1.373043478260869,0.0005132001779688965,937cc6f8f3b6d5e5,
30.0,F,Town,Platinum Membership,2025-04-14,Yes,Gift Vouchers/Coupons,Desktop,Wi-Fi,11.0,151.08,13166.94,0.0,744.15,Yes,No,No,Not Applicable,No reason specified,-11,19,0.0,0.0,9be465ba61e9d445,
22.0,M,City,Silver Membership,2025-04-14,Yes,Without Offers,Both,Fiber_Optic,6.000000000000001,348.09,4962.189999999999,0.0,207.36184576929327,Yes,No,No,Not Applicable,Poor Customer Service,-11,21,0.0,0.0,a0a0b825c978e250,
59.0,F,Town,Gold Membership,2025-04-14,Yes,Credit/Debit Card Offers,Smartphone,Wi-Fi,12.0,360.41,13842.8,19.0,649.74,No,Yes,Yes,No Information Available,Poor Customer Service,-11,23,18.968947368421055,0.001372554685468258,9a9892dc3deebe5f,
25.0,M,Town,Silver Membership,2025-04-14,No,Without Offers,Smartphone,Wi-Fi,2.000000000000001,94.25999999999999,49019.91,6.0,1257.478527730862,No,Yes,No,Not Applicable,Poor Website,-11,20,15.709999999999999,0.00012239924553105055,904dec4fc2b439df,
16.0,F,Town,No Membership,2025-04-14,No,Gift Vouchers/Coupons,Both,Fiber_Optic,8.0,208.28,47169.38,15.0,604.04,No,Yes,Yes,Solved,Poor Website,-11,2,13.885333333333334,0.00031800290781858914,a45ffd3a6fb95d1f,
40.0,M,City,No Membership,2025-04-14,No,Gift Vouchers/Coupons,Both,Mobile_Data,8.0,335.67,7952.299999999999,28.0,583.39,Yes,No,Yes,Unsolved,Poor Product Quality,-11,4,11.988214285714287,0.0035209939262854776,a83afc9a0a495c18,
24.0,F,Town,Gold Membership,2025-04-14,Yes,Without Offers,Smartphone,Mobile_Data,11.0,249.26,6298.209999999999,0.0,745.73,No,Yes,No,Not Applicable,Poor Customer Service,-11,12,0.0,0.0,94ec4f540613313c,
24.0,F,Town,Premium Membership,2025-04-14,Yes,Without Offers,Both,Wi-Fi,8.0,360.67,33374.92,6.0,712.85,Yes,No,Yes,Solved in Follow-up,Poor Customer Service,-11,18,60.11166666666667,0.00017977571182193098,ba82967d0891d00a,
36.0,F,Town,No Membership,2025-04-14,No,Gift Vouchers/Coupons,Smartphone,Mobile_Data,17.0,176.89,1861.6300000000047,24.0,328.64060311598206,No,Yes,No,Not Applicable,Poor Product Quality,-11,4,7.370416666666666,0.01289192804155495,a0b7fc43ef18ce15,
43.0,M,Town,Platinum Membership,2025-04-14,Yes,Gift Vouchers/Coupons,Smartphone,Wi-Fi,12.0,60.80000000000001,33620.79,7.0,791.02,Yes,No,Yes,Unsolved,Poor Website,-11,6,8.685714285714287,0.00020820450679475409,8f4229ebff50de81,
27.0,M,Town,Platinum Membership,2025-04-14,No,Gift Vouchers/Coupons,Desktop,Wi-Fi,12.999999999999996,485.33,48153.32,16.0,786.06,Yes,No,Yes,Solved,User Friendly Website,-11,8,30.333125,0.0003322720011828883,a33b7c97bad1ba96,
36.0,M,Town,No Membership,2025-04-14,Yes,Gift Vouchers/Coupons,Smartphone,Fiber_Optic,12.999999999999996,256.52,2512.91,6.0,686.44,Yes,No,Yes,Unsolved,Poor Customer Service,-11,20,42.75333333333333,0.002387670071749486,a1452022608178c2,
43.0,F,City,Silver Membership,2025-04-14,No,Without Offers,Both,Mobile_Data,8.0,485.42,29372.75,10.0,774.7,Yes,No,No,Not Applicable,Too many ads,-11,21,48.542,0.0003404516090594173,9f3ec33b3582d323,
43.0,M,Town,No Membership,2025-04-14,No,Gift Vouchers/Coupons,Smartphone,Mobile_Data,11.0,72.06,34946.19,13.0,0.0,No,Yes,Yes,Solved,No reason specified,-11,13,5.5430769230769235,0.00037200049561912185,94053b2a34681877,
44.0,F,City,Silver Membership,2025-04-14,Yes,Gift Vouchers/Coupons,Smartphone,Fiber_Optic,4.000000000000001,539.05,48506.83,2.0,900.3301561137697,No,Yes,No,Not Applicable,User Friendly Website,-11,5,269.525,4.123130701387825e-05,afcf49cbd62a98d5,
33.0,M,City,Gold Membership,2025-04-14,No,Without Offers,Desktop,Wi-Fi,14.0,309.43,31338.88,15.0,671.11,No,Yes,No,Not Applicable,Poor Website,-11,16,20.628666666666668,0.0004786386750260379,a378bc1cf0dbead0,
46.0,F,City,No Membership,2025-04-14,No,Without Offers,Smartphone,Fiber_Optic,9.0,367.25,10632.259999999998,20.0,663.98,Yes,Yes,No,Not Applicable,Too many ads,-11,10,18.3625,0.001881067618737691,b6fb22908503f25c,
61.0,M,Town,Silver Membership,2025-04-14,No,Credit/Debit Card Offers,Desktop,Mobile_Data,14.0,38.079999999999984,28100.16,20.0,733.5,No,Yes,No,Not Applicable,Poor Website,-11,16,1.9039999999999992,0.0007117397196314897,8d3a3e35124c08ba,
44.0,F,Town,Silver Membership,2025-04-14,No,Gift Vouchers/Coupons,Smartphone,Fiber_Optic,6.000000000000001,81.32,1089.8600000000006,7.0,756.91,No,Yes,No,Not Applicable,Too many ads,-11,16,11.617142857142856,0.006422843300974434,8125c6b5427f7006,
47.0,F,Village,Platinum Membership,2025-04-14,No,Gift Vouchers/Coupons,Smartphone,Wi-Fi,17.0,34.099999999999994,34973.73,14.0,750.35,Yes,No,No,Not Applicable,Poor Product Quality,-11,20,2.4357142857142855,0.0004003004540836793,a729b86c7936f4fb,
27.0,F,Town,Basic Membership,2025-04-14,No,Gift Vouchers/Coupons,Desktop,Mobile_Data,19.0,141.5,22601.62,26.0,685.6,No,Yes,Yes,Solved,Poor Customer Service,-11,2,5.4423076923076925,0.001150360018441156,928de3698ac8b75b,
50.0,F,Town,Premium Membership,2025-04-14,Yes,Without Offers,Smartphone,Mobile_Data,17.0,70.32999999999998,1792.4800000000032,0.0,722.35,No,Yes,Yes,Unsolved,Poor Website,-11,15,0.0,0.0,b7fb1d6f7fc357ea,
17.0,M,City,Silver Membership,2025-04-14,No,Gift Vouchers/Coupons,Smartphone,Fiber_Optic,18.0,32.389999999999986,31819.83,17.0,703.3441312926843,No,Yes,Yes,No Information Available,Poor Customer Service,-11,11,1.905294117647058,0.0005342580397192568,85c582253bf01905,
20.0,M,Town,Gold Membership,2025-04-14,Yes,Credit/Debit Card Offers,Both,Wi-Fi,16.0,2109.2084736892925,33159.14,11.0,270.6396962277004,Yes,No,No,Not Applicable,Reasonable Price,-11,11,191.74622488084478,0.00033173357330738975,81497df78bfb6e10,
46.0,M,City,Gold Membership,2025-04-14,No,Without Offers,Desktop,Wi-Fi,11.0,147.08,25188.57,15.0,351.2925290167779,Yes,No,Yes,Solved,Poor Product Quality,-11,14,9.805333333333333,0.0005955082007434324,a79a0cb68c35d753,
44.0,M,City,Silver Membership,2025-04-14,No,Credit/Debit Card Offers,Desktop,Fiber_Optic,7.000000000000001,32.22999999999999,13116.88,0.0,343.78792408956184,Yes,No,No,Not Applicable,Poor Product Quality,-11,10,0.0,0.0,a9f70191b7f963e2,
40.0,F,City,Basic Membership,2025-04-14,No,Gift Vouchers/Coupons,Desktop,Fiber_Optic,12.999999999999996,620.19,13225.19,13.0,643.84,Yes,Yes,No,Not Applicable,Poor Website,-11,23,47.70692307692308,0.0009829726453835445,af347e6525f14a7c,
60.0,F,Village,No Membership,2025-04-14,Yes,Without Offers,Desktop,Mobile_Data,9.0,-2.842170943040401e-14,22482.76,19.0,583.33,No,Yes,Yes,Solved in Follow-up,Poor Customer Service,-11,21,-1.495879443705474e-15,0.0008450919726937441,a52e26be2e4bcebb,
52.0,M,City,Platinum Membership,2025-04-14,No,Gift Vouchers/Coupons,Desktop,Mobile_Data,4.000000000000001,50.629999999999995,68913.92,7.0,1157.9291282390368,No,Yes,Yes,Solved,Quality Customer Care,-11,18,7.232857142857142,0.00010157599509649139,920c25d69fae7d36,
13.0,F,City,Premium Membership,2025-04-14,Yes,Gift Vouchers/Coupons,Desktop,Mobile_Data,17.0,49.079999999999984,26918.55,16.0,726.23,No,Yes,Yes,No Information Available,Too many ads,-11,6,3.067499999999999,0.0005943856559881569,b35c8aee987e84a3,
64.0,M,Village,Gold Membership,2025-04-14,No,Credit/Debit Card Offers,Desktop,Mobile_Data,10.0,41.09,46591.2,12.0,716.31,Yes,No,No,Not Applicable,No reason specified,-11,23,3.424166666666667,0.0002575593674341936,81a9f88f1c444f2d,
25.0,F,Town,No Membership,2025-04-14,Yes,Credit/Debit Card Offers,Smartphone,Fiber_Optic,23.0,113.73,22429.98,28.0,611.41,Yes,No,No,Not Applicable,Too many ads,-11,19,4.0617857142857146,0.0012483292450550557,a242d6bde249490d,
38.0,M,Town,Silver Membership,2025-04-14,No,Credit/Debit Card Offers,Desktop,Mobile_Data,12.999999999999996,384.09,34215.98,22.0,1105.6799389979255,No,Yes,Yes,No Information Available,Poor Customer Service,-11,21,17.458636363636362,0.0006429744230619728,bc5055157a9c6b06,
23.0,M,Town,No Membership,2025-04-14,No,Gift Vouchers/Coupons,Desktop,Wi-Fi,22.0,241.54,19894.24,29.0,535.38,Yes,No,No,Not Applicable,Too many ads,-11,7,8.328965517241379,0.0014577083618172897,bce00b56a646cd74,
53.0,M,Village,Silver Membership,2025-04-14,Yes,Credit/Debit Card Offers,Smartphone,Mobile_Data,-999.0,514.13,17493.8,0.0,618.48,No,Yes,No,Not Applicable,Poor Product Quality,-11,15,0.0,0.0,bfae0e3855455b34,
40.0,M,Town,Gold Membership,2025-04-14,No,Credit/Debit Card Offers,Both,Mobile_Data,15.0,307.58,4622.98,0.0,766.27,Yes,No,No,Not Applicable,No reason specified,-11,16,0.0,0.0,ac4fedff766bf0e3,
55.0,M,City,Platinum Membership,2025-04-14,Yes,Credit/Debit Card Offers,Both,Mobile_Data,1.0000000000000009,1316.52,2367.5599999999977,25.0,441.8365499392011,Yes,No,No,Not Applicable,No reason specified,-11,22,52.6608,0.01055939448208283,bbfeae22c1de140b,
31.0,M,City,Premium Membership,2025-04-14,Yes,Without Offers,Smartphone,Fiber_Optic,-999.0,618.85,40889.54,16.0,785.49,No,Yes,Yes,Solved in Follow-up,Poor Customer Service,-11,7,38.678125,0.0003912981168289005,9a7261300a757252,
60.0,F,Village,Basic Membership,2025-04-14,No,Credit/Debit Card Offers,Smartphone,Mobile_Data,12.999999999999996,299.29,13344.59,9.0,609.77,Yes,No,No,Not Applicable,No reason specified,-11,7,33.254444444444445,0.0006744306119558563,a2dfa44f5db744b7,
29.0,F,City,Gold Membership,2025-04-14,No,Gift Vouchers/Coupons,Smartphone,Wi-Fi,9.0,499.47,40582.4,18.0,624.1,Yes,No,Yes,Solved in Follow-up,Poor Website,-11,2,27.748333333333335,0.0004435420280712821,94fd437406e79a74,
22.0,M,Town,Basic Membership,2025-04-14,No,Gift Vouchers/Coupons,Desktop,Wi-Fi,21.0,-2.842170943040401e-14,24658.95,0.0,650.69,Yes,No,Yes,Solved,Poor Product Quality,-11,14,0.0,0.0,84317fb3a7bc8050,
23.0,M,Town,Platinum Membership,2025-04-14,Yes,Without Offers,Smartphone,Wi-Fi,12.0,402.17,35501.24,23.0,772.25,Yes,No,Yes,Unsolved,Too many ads,-11,19,17.485652173913046,0.0006478646943036356,826b056e1ecff748,
14.0,M,Town,Basic Membership,2025-04-14,No,Credit/Debit Card Offers,Desktop,Mobile_Data,8.0,209.98,45295.09,9.0,639.53,Yes,No,No,Not Applicable,Poor Website,-11,18,23.33111111111111,0.000198697033166288,83df5b657cb447c5,
43.0,F,Town,Basic Membership,2025-04-14,No,Gift Vouchers/Coupons,Desktop,Wi-Fi,5.000000000000001,265.47,24280.81,12.0,126.74952825968239,Yes,No,Yes,No Information Available,Poor Product Quality,-11,2,22.122500000000002,0.000494217449912091,89f7c108c18a4d94,
51.0,M,City,No Membership,2025-04-14,Yes,Credit/Debit Card Offers,Desktop,Mobile_Data,19.0,606.12,23218.67,0.0,675.0,Yes,No,No,Not Applicable,Poor Product Quality,-11,10,0.0,0.0,bb30e7ca367c56f5,
49.0,F,City,Premium Membership,2025-04-14,No,Without Offers,Smartphone,Mobile_Data,24.0,-2.842170943040401e-14,10684.969999999998,0.0,736.05,No,Yes,Yes,No Information Available,Too many ads,-11,17,0.0,0.0,b113617f9e65dc18,
62.0,M,City,Basic Membership,2025-04-14,Yes,Without Offers,Smartphone,Fiber_Optic,12.0,96.23000000000002,26050.13,21.0,593.37,Yes,No,No,Not Applicable,Poor Website,-11,5,4.582380952380953,0.0008061380115953356,94893531744a2c0e,
11.0,M,City,Platinum Membership,2025-04-14,Yes,Without Offers,Smartphone,Mobile_Data,6.000000000000001,288.32,2067.75,6.0,765.86,No,Yes,No,Not Applicable,Poor Customer Service,-11,11,48.053333333333335,0.0029017047515415306,b910328f9e583a86,
35.0,M,Town,Gold Membership,2025-04-14,No,Credit/Debit Card Offers,Desktop,Mobile_Data,21.0,32.36000000000004,12953.13,0.0,202.07509631276884,No,Yes,No,Not Applicable,Poor Customer Service,-11,10,0.0,0.0,9dac68ecace505fc,
28.0,F,Town,Gold Membership,2025-04-14,No,Gift Vouchers/Coupons,Desktop,Fiber_Optic,16.0,32.34,16284.6,16.0,732.22,No,Yes,No,Not Applicable,Poor Customer Service,-11,11,2.02125,0.000982523365633789,96f60cf055ece8ba,
33.0,F,Town,Gold Membership,2025-04-14,No,Without Offers,Desktop,Mobile_Data,12.999999999999996,240.02,53355.5,14.0,757.78,Yes,No,Yes,Solved in Follow-up,Products always in Stock,-11,19,17.144285714285715,0.0002623909437639981,858f8280ce0054da,
30.0,M,Town,No Membership,2025-04-15,No,Without Offers,Smartphone,Mobile_Data,11.0,294.48,11683.75,11.0,696.22,Yes,Yes,No,Not Applicable,Too many ads,-11,0,26.770909090909093,0.0009414785492671445,abea031a7342f81a,
53.0,M,Town,Silver Membership,2025-04-15,Yes,Without Offers,Smartphone,Mobile_Data,4.0,132.05,43500.96,15.0,678.26,No,Yes,Yes,Solved in Follow-up,Poor Website,-11,16,8.803333333333335,0.00034481997638672804,b4b99f45fed0d476,
63.0,M,Village,Platinum Membership,2025-04-15,No,Gift Vouchers/Coupons,Desktop,Wi-Fi,15.000000000000007,1193.2324796620378,78107.8,4.0,759.35,No,Yes,No,Not Applicable,User Friendly Website,-11,16,298.30811991550945,5.1211274674232274e-05,9639128a74c2d9b1,
29.0,M,City,No Membership,2025-04-15,Yes,Gift Vouchers/Coupons,Smartphone,Wi-Fi,-999.0,631.86,26931.73,15.0,604.74,Yes,Yes,No,Not Applicable,Poor Customer Service,-11,8,42.124,0.0005569638489618009,9bf60dc4d2199724,
41.0,F,Town,Silver Membership,2025-04-15,No,Credit/Debit Card Offers,Desktop,Wi-Fi,14.0,345.78,20445.71,0.0,780.96,No,Yes,Yes,No Information Available,Poor Product Quality,-11,7,0.0,0.0,9b9c853c5e3efc07,
15.0,F,City,Platinum Membership,2025-04-15,No,Credit/Debit Card Offers,Desktop,Mobile_Data,12.000000000000007,159.33,21128.85,0.0,734.24,No,Yes,Yes,No Information Available,No reason specified,-11,15,0.0,0.0,9291cbd7d101bce5,
13.0,F,City,Platinum Membership,2025-04-15,Yes,Credit/Debit Card Offers,Desktop,Mobile_Data,24.0,41.099999999999994,76959.43,11.0,787.93,Yes,No,No,Not Applicable,User Friendly Website,-11,15,3.736363636363636,0.00014293245155272072,85e9e9e2a366b9d7,
51.0,M,City,Premium Membership,2025-04-15,Yes,Credit/Debit Card Offers,Desktop,Wi-Fi,7.0,562.42,6086.750000000004,16.0,409.19330075680284,No,Yes,No,Not Applicable,Reasonable Price,-11,9,35.15125,0.002628660615270874,9317c3af0d3a3af7,
45.0,F,Town,Platinum Membership,2025-04-15,No,Without Offers,Desktop,Mobile_Data,16.0,300.23,37387.12,25.0,724.99,Yes,No,Yes,Solved in Follow-up,No reason specified,-11,2,12.0092,0.0006686794810619272,95648c3f023b3a85,
42.0,M,City,Premium Membership,2025-04-15,No,Without Offers,Smartphone,Wi-Fi,14.0,256.59,26917.99,25.0,0.0,Yes,No,Yes,No Information Available,Poor Product Quality,-11,15,10.263599999999999,0.0009287469086659145,92512c9b48e8a7bf,
19.0,F,Town,Platinum Membership,2025-04-15,No,Without Offers,Desktop,Mobile_Data,18.0,329.21,23638.05,0.0,740.35,Yes,No,Yes,Solved,Reasonable Price,-11,23,0.0,0.0,b5b5c2d9cc6540f9,
21.0,M,Town,Basic Membership,2025-04-15,Yes,Gift Vouchers/Coupons,Desktop,Mobile_Data,12.000000000000007,33.25,37623.82,11.0,0.0,Yes,No,No,Not Applicable,Poor Customer Service,-11,14,3.022727272727273,0.00029236797326799883,b72c098dbf7b6cc5,
17.0,M,City,No Membership,2025-04-15,No,Gift Vouchers/Coupons,Desktop,Wi-Fi,13.0,378.64,1038.9500000000007,15.0,663.04,Yes,No,Yes,Solved in Follow-up,Poor Customer Service,-11,0,25.242666666666665,0.014437653400067366,aab598b347ee92f4,
49.0,M,Village,No Membership,2025-04-15,No,Credit/Debit Card Offers,Desktop,Wi-Fi,14.0,56.870000000000005,3751.510000000002,17.0,237.29958711212743,No,Yes,Yes,Solved,Poor Customer Service,-11,8,3.345294117647059,0.0045315086458519345,bf16ea7f0bdc5056,
22.0,M,City,No Membership,2025-04-15,No,Credit/Debit Card Offers,Desktop,Mobile_Data,22.0,211.55,22128.86,28.0,558.41,No,Yes,Yes,Solved,Poor Product Quality,-11,14,7.555357142857143,0.0012653159719931348,96a99b623b65141b,
41.0,M,Village,Silver Membership,2025-04-15,No,Credit/Debit Card Offers,Smartphone,Wi-Fi,21.0,521.73,6813.7800000000025,15.0,259.05715552817355,Yes,No,No,Not Applicable,No reason specified,-11,4,34.782000000000004,0.0022014212375509623,a38aee46aedb5871,
28.0,F,Town,Silver Membership,2025-04-15,Yes,Gift Vouchers/Coupons,Desktop,Wi-Fi,14.0,201.76,39159.83,26.0,672.12,Yes,No,Yes,Unsolved,No reason specified,-11,8,7.76,0.0006639456810716492,acf6bedc079841ad,
16.0,F,Village,Silver Membership,2025-04-15,No,Without Offers,Desktop,Wi-Fi,9.0,217.3,26355.04,19.0,741.98,No,Yes,Yes,Unsolved,No reason specified,-11,4,11.436842105263159,0.0007209247263521512,9bffa566287ae197,
25.0,M,Town,Platinum Membership,2025-04-15,Yes,Gift Vouchers/Coupons,Desktop,Mobile_Data,12.000000000000007,39.25999999999999,42451.63,7.0,747.59,Yes,No,No,Not Applicable,No reason specified,-11,6,5.608571428571428,0.00016489355061277978,b0f94aae0239f6ea,
55.0,F,City,Silver Membership,2025-04-15,Yes,Credit/Debit Card Offers,Smartphone,Fiber_Optic,22.0,110.09,8011.380000000005,6.0,714.37,No,Yes,No,Not Applicable,No reason specified,-11,0,18.348333333333333,0.0007489346404739255,81ad917973b2513e,
15.0,M,Town,Gold Membership,2025-04-15,Yes,Gift Vouchers/Coupons,Smartphone,Mobile_Data,10.0,43.52000000000001,36721.91,12.0,0.0,No,Yes,No,Not Applicable,Poor Website,-11,0,3.6266666666666674,0.00032678038805715714,a0655bb1af20a768,
43.0,M,City,No Membership,2025-04-15,Yes,Gift Vouchers/Coupons,Smartphone,Wi-Fi,4.0,519.25,2903.5899999999965,28.0,678.22,No,Yes,Yes,Unsolved,Poor Customer Service,-11,8,18.544642857142858,0.009643234754218065,a1be015efacca5e8,
34.0,F,City,Gold Membership,2025-04-15,Yes,Credit/Debit Card Offers,Desktop,Fiber_Optic,17.0,31.099999999999994,3355.6399999999994,8.0,693.08,No,Yes,No,Not Applicable,Poor Customer Service,-11,13,3.8874999999999993,0.0023840459644061942,be7e9a807808038b,
43.0,M,City,Gold Membership,2025-04-15,No,Gift Vouchers/Coupons,Desktop,Mobile_Data,8.0,79.6,42103.99,28.0,768.53,Yes,No,Yes,No Information Available,Too many ads,-11,20,2.8428571428571425,0.0006650201085455322,9ca8316af3616678,
50.0,F,Town,Basic Membership,2025-04-15,No,Without Offers,Smartphone,Wi-Fi,9.0,959.2141673319423,29802.16,27.0,685.61,No,Yes,Yes,Unsolved,Poor Product Quality,-11,3,35.52645064192379,0.0009059746004987558,8db60b9a4f4ccb9d,
53.0,M,Town,Platinum Membership,2025-04-15,Yes,Without Offers,Smartphone,Mobile_Data,14.0,947.25,13057.05,12.0,770.63,Yes,Yes,No,Not Applicable,Reasonable Price,-11,9,78.9375,0.0009190437349937391,bc70852b66c99b8a,
59.0,F,City,Gold Membership,2025-04-15,No,Without Offers,Desktop,Mobile_Data,14.0,183.35,96562.04,12.0,794.69,Yes,No,No,Not Applicable,Products always in Stock,-11,9,15.279166666666667,0.00012427243666351706,82e4630da0185b99,
55.0,F,Town,No Membership,2025-04-15,No,Without Offers,Smartphone,Wi-Fi,16.0,110.23000000000002,3416.279999999999,19.0,637.67,No,Yes,No,Not Applicable,Poor Product Quality,-11,1,5.801578947368422,0.005561605020665755,a081c80715371487,
20.0,M,Town,Platinum Membership,2025-04-15,No,Without Offers,Smartphone,Mobile_Data,15.000000000000007,88.63,98775.47,3.0,778.18,Yes,No,No,Not Applicable,Quality Customer Care,-11,0,29.543333333333333,3.037191318856797e-05,8e41c2c5324f5578,
15.0,F,Town,No Membership,2025-04-15,No,Credit/Debit Card Offers,Desktop,Mobile_Data,13.0,66.49000000000004,44991.07,24.0,681.59,No,Yes,Yes,Solved,Poor Product Quality,-11,22,2.770416666666668,0.000533439191377311,b1adad188da925ac,
23.0,F,City,Premium Membership,2025-04-15,Yes,Without Offers,Smartphone,Wi-Fi,16.0,563.07,61133.62000000001,2.0,758.6,Yes,No,Yes,No Information Available,User Friendly Website,-11,16,281.535,3.271522281847533e-05,88b8939927f6f50b,
38.0,F,Town,Premium Membership,2025-04-15,No,Without Offers,Smartphone,Wi-Fi,10.0,161.85,94446.12,5.0,761.37,No,Yes,Yes,No Information Available,Reasonable Price,-11,4,32.37,5.294023724849682e-05,a3ce8f424ab54f5f,
61.0,F,Town,Gold Membership,2025-04-15,Yes,Gift Vouchers/Coupons,Both,Wi-Fi,18.0,523.93,93083.32,18.0,730.76,Yes,Yes,Yes,Solved in Follow-up,Products always in Stock,-11,20,29.10722222222222,0.0001933751396061077,937d0b7c2c97990c,
17.0,M,City,Gold Membership,2025-04-15,Yes,Without Offers,Desktop,Fiber_Optic,6.0,589.13,35121.34,18.0,729.83,Yes,No,No,Not Applicable,Poor Product Quality,-11,20,32.72944444444445,0.0005125089190788279,813ab59e0a92f14c,
17.0,F,Village,Gold Membership,2025-04-15,No,Without Offers,Desktop,Fiber_Optic,15.000000000000007,0.0,2666.6500000000015,1.0,826.54,Yes,No,Yes,Solved in Follow-up,Products always in Stock,-11,15,0.0,0.00037500234376464835,8645cf4494511163,
57.0,F,City,Basic Membership,2025-04-15,Yes,Without Offers,Desktop,Wi-Fi,10.0,33.129999999999995,36433.26,24.0,658.84,Yes,No,No,Not Applicable,Poor Product Quality,-11,3,1.3804166666666664,0.0006587387458602387,9d40af7222a3be47,
10.0,M,Village,Basic Membership,2025-04-15,Yes,Without Offers,Smartphone,Mobile_Data,17.0,103.55000000000001,35141.37,26.0,956.8708683384308,Yes,No,Yes,Unsolved,No reason specified,-11,7,3.982692307692308,0.0007398687074522136,9cc44ef9dc179a26,
32.0,M,City,Premium Membership,2025-04-15,Yes,Credit/Debit Card Offers,Smartphone,Wi-Fi,16.0,33.68000000000001,1936.5699999999997,19.0,787.33,No,Yes,Yes,Solved,Poor Product Quality,-11,17,1.7726315789473688,0.009811160970168908,80202afc42e18e63,
17.0,M,City,Gold Membership,2025-04-15,Yes,Credit/Debit Card Offers,Desktop,Fiber_Optic,-999.0,649.75,60179.18,19.0,797.26,Yes,Yes,Yes,Unsolved,Reasonable Price,-11,13,34.19736842105263,0.00031572381012835336,944551ff6ce2b8c6,
62.0,M,Village,Silver Membership,2025-04-15,No,Gift Vouchers/Coupons,Desktop,Mobile_Data,11.0,65.12,12347.400000000001,0.0,673.47,No,Yes,No,Not Applicable,Too many ads,-11,17,0.0,0.0,aa279627c08caaad,
60.0,M,Town,Premium Membership,2025-04-15,Yes,Credit/Debit Card Offers,Desktop,Wi-Fi,9.0,91.64000000000001,32468.72,29.0,758.66,Yes,No,Yes,Solved in Follow-up,Poor Customer Service,-11,22,3.1600000000000006,0.0008931673315116826,98c42ddbcbe9a3eb,
43.0,F,City,Silver Membership,2025-04-15,No,Without Offers,Desktop,Wi-Fi,6.0,41.99000000000001,31514.72,18.0,715.34,No,Yes,No,Not Applicable,No reason specified,-11,15,2.3327777777777783,0.0005711616666751283,b3baebdc18b92647,
64.0,M,Town,Premium Membership,2025-04-15,No,Gift Vouchers/Coupons,Smartphone,Wi-Fi,12.000000000000007,0.0,59105.37,16.0,805.15,Yes,No,Yes,Unsolved,Quality Customer Care,-11,17,0.0,0.00027070298350217586,99e7b420c620a3f8,
64.0,F,City,Platinum Membership,2025-04-15,No,Gift Vouchers/Coupons,Smartphone,Fiber_Optic,14.0,103.98000000000002,16085.32,24.0,787.54,No,Yes,No,Not Applicable,Poor Website,-11,22,4.3325000000000005,0.0014920436770919075,93c9e32d35358569,
16.0,M,City,No Membership,2025-04-15,Yes,Without Offers,Smartphone,Wi-Fi,9.0,672.83,9792.669999999998,16.0,1251.3405903442872,Yes,Yes,Yes,No Information Available,Poor Product Quality,-11,17,42.051875,0.0016338751331352944,a7f6b817fed274fd,
18.0,F,Town,Basic Membership,2025-04-15,Yes,Without Offers,Desktop,Fiber_Optic,2.0,517.07,46754.75,0.0,504.1,Yes,No,Yes,Solved in Follow-up,Poor Website,-11,2,0.0,0.0,9cc9f69e3f3d880a,
63.0,M,City,Premium Membership,2025-04-15,No,Credit/Debit Card Offers,Desktop,Mobile_Data,15.000000000000007,97.16,77266.27,0.0,753.46,Yes,No,Yes,Solved,Products always in Stock,-11,23,0.0,0.0,a58f28a6ec2f9b0d,
26.0,M,Town,Premium Membership,2025-04-15,Yes,Gift Vouchers/Coupons,Smartphone,Mobile_Data,1.0,1664.6649915539151,62540.92,1.0,783.42,Yes,No,No,Not Applicable,Products always in Stock,-11,10,1664.6649915539151,1.5989531334044974e-05,8a8569b7c849ec2c,
49.0,F,Town,No Membership,2025-04-15,No,Credit/Debit Card Offers,Smartphone,Fiber_Optic,6.0,155.65999999999997,28036.35,15.0,680.1,Yes,No,No,Not Applicable,Poor Product Quality,-11,17,10.37733333333333,0.0005350197154765153,9f61912d735c0662,
32.0,F,City,Basic Membership,2025-04-15,No,Gift Vouchers/Coupons,Smartphone,Wi-Fi,15.000000000000007,1099.7800000000002,37353.2,24.0,359.17431140585234,No,Yes,No,Not Applicable,Poor Product Quality,-11,23,45.82416666666668,0.000642515232965315,bd96b69b370375a9,
16.0,M,Town,Gold Membership,2025-04-15,No,Without Offers,Smartphone,Mobile_Data,12.000000000000007,55.889999999999986,41873.05,0.0,0.0,Yes,No,Yes,No Information Available,No reason specified,-11,21,0.0,0.0,8e98b21fffe47189,
41.0,M,Town,Premium Membership,2025-04-15,No,Gift Vouchers/Coupons,Desktop,Fiber_Optic,12.000000000000007,165.19,40278.06,17.0,1047.4606080596184,Yes,No,No,Not Applicable,Poor Customer Service,-11,13,9.717058823529412,0.00042206600814438433,b64d2c53b476e747,
38.0,F,Village,Platinum Membership,2025-04-15,No,Without Offers,Desktop,Fiber_Optic,11.0,34.78999999999999,2983.0600000000013,0.0,778.54,No,Yes,Yes,No Information Available,Too many ads,-11,12,0.0,0.0,9c7a19fc7e4aff9b,
29.0,M,City,Silver Membership,2025-04-15,No,Credit/Debit Card Offers,Smartphone,Mobile_Data,7.0,83.26999999999998,42378.06,0.0,762.75,No,Yes,No,Not Applicable,Products always in Stock,-11,0,0.0,0.0,a4870732a1375728,
47.0,M,Village,Gold Membership,2025-04-15,Yes,Gift Vouchers/Coupons,Smartphone,Fiber_Optic,9.0,101.53,15254.150000000001,20.0,761.57,Yes,No,Yes,Unsolved,Too many ads,-11,19,5.0765,0.0013111186136231779,8565b166caf08936,
60.0,M,Town,Premium Membership,2025-04-15,No,Without Offers,Smartphone,Mobile_Data,14.0,140.28,38154.95,24.0,724.58,No,Yes,Yes,No Information Available,Poor Customer Service,-11,9,5.845,0.000629014059774682,b5e8324e087206e0,
38.0,F,Town,No Membership,2025-04-15,No,Credit/Debit Card Offers,Desktop,Wi-Fi,2.0,53.5,45009.05,15.0,630.17,No,Yes,Yes,Solved in Follow-up,Poor Product Quality,-11,1,3.566666666666667,0.00033326630977547847,9350c3b04d5bc018,
57.0,M,City,Basic Membership,2025-04-15,Yes,Without Offers,Smartphone,Mobile_Data,19.0,621.62,40322.35,0.0,1120.5450397433146,Yes,Yes,No,Not Applicable,Poor Product Quality,-11,21,0.0,0.0,ab09a8304f07932e,
62.0,F,City,Gold Membership,2025-04-15,No,Without Offers,Desktop,Mobile_Data,-999.0,125.25999999999999,43468.25,9.0,841.54,Yes,No,Yes,No Information Available,Quality Customer Care,-11,18,13.917777777777777,0.0002070476727266453,9d5ba976ddf3afe0,
22.0,M,Town,Gold Membership,2025-04-15,No,Gift Vouchers/Coupons,Desktop,Fiber_Optic,4.0,983.48,17508.04,5.0,754.92,Yes,Yes,No,Not Applicable,Poor Website,-11,10,196.696,0.0002855830806875013,bcc828a736a26959,
51.0,F,Town,Silver Membership,2025-04-15,Yes,Gift Vouchers/Coupons,Desktop,Fiber_Optic,18.0,391.06,42848.68,5.0,720.55,Yes,Yes,No,Not Applicable,Poor Website,-11,16,78.212,0.00011668970899453612,a199194b8ea7949a,
33.0,M,City,Gold Membership,2025-04-15,Yes,Without Offers,Smartphone,Fiber_Optic,12.000000000000007,223.5,29040.92,19.0,625.41,No,Yes,Yes,No Information Available,Too many ads,-11,1,11.763157894736842,0.0006542492455473174,8ad339c807925698,
54.0,F,Village,Basic Membership,2025-04-15,No,Credit/Debit Card Offers,Desktop,Fiber_Optic,11.0,41.610000000000014,4024.8200000000033,15.0,635.64,No,Yes,No,Not Applicable,No reason specified,-11,5,2.774000000000001,0.003726874742224494,8400bce45e9394b6,
34.0,F,Town,Basic Membership,2025-04-15,Yes,Gift Vouchers/Coupons,Desktop,Fiber_Optic,6.0,584.3,26190.25,13.0,0.0,Yes,No,Yes,Solved in Follow-up,Too many ads,-11,8,44.94615384615384,0.0004963679231775183,966c863ace84d775,
59.0,M,City,No Membership,2025-04-15,Yes,Credit/Debit Card Offers,Smartphone,Wi-Fi,6.0,160.56,36238.87,19.0,648.73,Yes,No,No,Not Applicable,No reason specified,-11,7,8.450526315789475,0.0005242989088787812,bb5859f344a52f23,
38.0,M,City,Basic Membership,2025-04-15,No,Without Offers,Smartphone,Fiber_Optic,-999.0,536.57,14232.760000000002,0.0,600.93,Yes,No,Yes,Solved,Too many ads,-11,17,0.0,0.0,96482a3822ac1543,
22.0,F,Town,No Membership,2025-04-15,No,Credit/Debit Card Offers,Desktop,Fiber_Optic,14.0,121.51999999999998,39331.17,19.0,663.54,Yes,No,Yes,Solved,Poor Customer Service,-11,6,6.39578947368421,0.0004830774167155465,9f035236475f2c30,
14.0,F,Village,Basic Membership,2025-04-15,Yes,Credit/Debit Card Offers,Smartphone,Wi-Fi,19.0,60.400000000000006,4976.689999999999,25.0,557.85,Yes,No,Yes,No Information Available,No reason specified,-11,19,2.4160000000000004,0.005023419180218178,908a453be6698507,
55.0,M,City,No Membership,2025-04-15,Yes,Without Offers,Smartphone,Wi-Fi,12.000000000000007,161.41,29076.23,25.0,698.77,Yes,No,Yes,Unsolved,Poor Website,-11,4,6.4563999999999995,0.0008598088541740109,a32c29612b72e6a4,
18.0,M,Town,No Membership,2025-04-15,No,Gift Vouchers/Coupons,Smartphone,Fiber_Optic,12.000000000000007,197.21,3708.91,12.0,0.0,No,Yes,No,Not Applicable,No reason specified,-11,22,16.434166666666666,0.003235451925228706,801a8598c3547176,
56.0,M,Town,Basic Membership,2025-04-15,Yes,Without Offers,Smartphone,Fiber_Optic,-999.0,31.159999999999997,43356.04,25.0,719.22,Yes,No,No,Not Applicable,Too many ads,-11,23,1.2464,0.0005766209275570371,8872ca6aafdb0536,
62.0,M,Village,Platinum Membership,2025-04-15,No,Gift Vouchers/Coupons,Desktop,Fiber_Optic,20.0,146.9,27812.87,0.0,737.96,No,Yes,No,Not Applicable,No reason specified,-11,5,0.0,0.0,9d860d3913e99d2b,
48.0,F,City,No Membership,2025-04-15,Yes,Without Offers,Desktop,Wi-Fi,17.0,258.79,19994.189999999995,15.0,653.34,Yes,No,No,Not Applicable,No reason specified,-11,22,17.252666666666666,0.0007502179383110795,8dec7872f8d0c1e0,
53.0,F,City,No Membership,2025-04-15,No,Gift Vouchers/Coupons,Desktop,Mobile_Data,13.0,49.400000000000006,44778.21,12.0,694.24,Yes,No,Yes,Solved in Follow-up,Poor Customer Service,-11,8,4.116666666666667,0.000267987487664201,a00a02747cfa0a0a,
60.0,F,City,Silver Membership,2025-04-15,Yes,Without Offers,Both,Fiber_Optic,4.0,522.61,89892.25,0.0,731.22,No,Yes,No,Not Applicable,Reasonable Price,-11,20,0.0,0.0,8890906ab21d8b3b,
13.0,M,City,Premium Membership,2025-04-15,Yes,Credit/Debit Card Offers,Both,Fiber_Optic,1.0,464.31,36842.38,26.0,719.32,Yes,No,No,Not Applicable,Poor Product Quality,-11,3,17.858076923076922,0.0007057090231412846,bd4947a45b82024b,
63.0,M,City,Basic Membership,2025-04-15,Yes,Credit/Debit Card Offers,Smartphone,Fiber_Optic,10.0,233.98,45588.48,18.0,661.19,Yes,Yes,Yes,Solved in Follow-up,No reason specified,-11,3,12.998888888888889,0.00039483659029649595,8baee4657f3b94fc,
18.0,F,City,No Membership,2025-04-15,No,Credit/Debit Card Offers,Smartphone,Mobile_Data,8.0,32.25999999999999,42425.44,18.0,514.89,Yes,No,No,Not Applicable,No reason specified,-11,16,1.7922222222222217,0.0004242737376442059,ac2147ace58930c3,
49.0,F,Town,Basic Membership,2025-04-15,No,Credit/Debit Card Offers,Desktop,Wi-Fi,13.0,31.210000000000008,30024.97,7.0,417.1182821568868,Yes,No,No,Not Applicable,Poor Customer Service,-11,11,4.45857142857143,0.00023313928373617024,ba317117f28fca30,
40.0,M,City,Gold Membership,2025-04-15,No,Credit/Debit Card Offers,Desktop,Mobile_Data,13.0,0.0,25525.3,15.0,759.85,No,Yes,Yes,Solved,Quality Customer Care,-11,11,0.0,0.0005876522509040051,aa3c504125019ff9,
58.0,M,Town,Silver Membership,2025-04-15,Yes,Without Offers,Desktop,Fiber_Optic,18.0,0.0,25742.45,15.0,722.3,Yes,No,No,Not Applicable,Poor Customer Service,-11,17,0.0,0.0005826951203168308,ae884d710ff9c373,
18.0,F,Town,No Membership,2025-04-15,Yes,Credit/Debit Card Offers,Desktop,Fiber_Optic,17.0,0.0,3969.1899999999987,19.0,625.13,Yes,No,Yes,Solved in Follow-up,No reason specified,-11,22,0.0,0.004786870872898502,9b6ed8dd9d9bde51,
55.0,M,Town,Premium Membership,2025-04-15,No,Without Offers,Smartphone,Fiber_Optic,14.0,183.28,29238.04,27.0,0.0,Yes,No,Yes,Solved in Follow-up,No reason specified,-11,14,6.7881481481481485,0.0009234545133668331,9744edd0116c7046,
46.0,M,City,Silver Membership,2025-04-15,No,Credit/Debit Card Offers,Both,Mobile_Data,3.0,462.79,37936.21,6.0,729.8,Yes,Yes,No,Not Applicable,Poor Website,-11,11,77.13166666666667,0.00015816023793626196,88f807f2f1de49d8,
31.0,F,Town,Premium Membership,2025-04-15,Yes,Credit/Debit Card Offers,Smartphone,Mobile_Data,5.0,75.16000000000003,24144.99,0.0,746.09,Yes,No,No,Not Applicable,Poor Website,-11,3,0.0,0.0,a53f975cd448ab93,
44.0,M,City,Gold Membership,2025-04-15,Yes,Credit/Debit Card Offers,Desktop,Fiber_Optic,21.0,878.6169435301393,878.1399999999994,20.0,658.44,No,Yes,Yes,Unsolved,Poor Website,-11,18,43.930847176506965,0.02277541166556587,95735aa3cef92309,
42.0,M,Town,Basic Membership,2025-04-15,Yes,Gift Vouchers/Coupons,Smartphone,Fiber_Optic,9.0,427.49,49606.14,23.0,933.3194126851636,Yes,No,Yes,Unsolved,Poor Website,-11,17,18.586521739130436,0.0004636522817538313,a266fc8416d1c5ef,
20.0,M,Town,No Membership,2025-04-15,No,Without Offers,Desktop,Fiber_Optic,10.0,268.46,1521.9699999999975,21.0,650.99,Yes,No,Yes,Solved in Follow-up,Poor Customer Service,-11,9,12.783809523809524,0.01379790666044668,9714299489eda759,
17.0,M,Town,Premium Membership,2025-04-15,No,Credit/Debit Card Offers,Desktop,Mobile_Data,3.0,45.140000000000015,4101.189999999999,17.0,950.7231263530005,No,Yes,Yes,Solved,Poor Product Quality,-11,0,2.6552941176470597,0.004145138362280218,8a0a782d46975eef,
35.0,M,City,Basic Membership,2025-04-15,Yes,Gift Vouchers/Coupons,Smartphone,Wi-Fi,11.0,32.620000000000005,43309.79,0.0,621.25,No,Yes,No,Not Applicable,Poor Product Quality,-11,0,0.0,0.0,95ac22acca5bc3a3,
56.0,M,Village,No Membership,2025-04-15,Yes,Credit/Debit Card Offers,Desktop,Wi-Fi,17.0,130.73,32062.44,16.0,633.6,No,Yes,No,Not Applicable,No reason specified,-11,12,8.170625,0.0004990262749809435,a671da91a61c8ed2,
22.0,M,City,Silver Membership,2025-04-15,Yes,Without Offers,Smartphone,Mobile_Data,23.0,67.31,48412.32,10.0,796.61,No,Yes,Yes,Unsolved,Too many ads,-11,19,6.731,0.00020655899159552774,9f288958ede757d5,
27.0,F,City,Silver Membership,2025-04-15,Yes,Gift Vouchers/Coupons,Desktop,Wi-Fi,25.0,64.41,49797.16,7.0,662.3,No,Yes,No,Not Applicable,Poor Website,-11,0,9.20142857142857,0.00014057026545288926,abbbb1f7364e5318,
64.0,F,Village,Platinum Membership,2025-04-15,No,Credit/Debit Card Offers,Desktop,Fiber_Optic,-999.0,50.97,49055.65,25.0,790.16,Yes,No,Yes,Solved in Follow-up,Poor Website,-11,2,2.0388,0.0005096252929071371,aca7f0a9f4fdb38a,
11.0,M,Town,Basic Membership,2025-04-15,No,Gift Vouchers/Coupons,Desktop,Mobile_Data,12.000000000000007,34.22,1197.0200000000004,18.0,310.2916255365089,No,Yes,Yes,Solved in Follow-up,Too many ads,-11,23,1.901111111111111,0.01503734273445723,a7a3df795b8c39e2,
45.0,M,City,Basic Membership,2025-04-15,No,Gift Vouchers/Coupons,Desktop,Fiber_Optic,19.0,201.59,19552.41,28.0,1064.8592149458573,Yes,No,No,Not Applicable,Poor Website,-11,15,7.199642857142857,0.0014320485300789007,801213459643df03,
55.0,M,Village,Silver Membership,2025-04-15,Yes,Without Offers,Desktop,Fiber_Optic,16.0,255.65,7263.919999999998,8.0,331.4690123959703,Yes,Yes,Yes,Solved in Follow-up,Poor Product Quality,-11,20,31.95625,0.0011013337151290215,ba2007b31562c67f,
25.0,M,Town,Silver Membership,2025-04-15,Yes,Gift Vouchers/Coupons,Both,Wi-Fi,12.000000000000007,235.91,11295.080000000002,14.0,788.29,Yes,No,Yes,Solved,Poor Product Quality,-11,17,16.850714285714286,0.0012394777195026505,b266f602cd5288c4,
41.0,M,City,Gold Membership,2025-04-15,No,Credit/Debit Card Offers,Smartphone,Mobile_Data,12.000000000000007,329.44,31164.44,21.0,1011.3267202462451,No,Yes,Yes,Solved in Follow-up,Poor Website,-11,13,15.687619047619048,0.0006738449335203842,8e5d04c1753511ae,
10.0,F,Town,Platinum Membership,2025-04-16,No,Gift Vouchers/Coupons,Smartphone,Mobile_Data,15.0,73.91,95250.94,15.0,706.12,Yes,No,Yes,No Information Available,Products always in Stock,-11,3,4.927333333333333,0.00015747876083952556,9089f71589081b99,
50.0,M,Town,Platinum Membership,2025-04-16,Yes,Without Offers,Smartphone,Mobile_Data,19.000000000000004,135.57,27940.63,13.0,786.91,No,Yes,No,Not Applicable,Poor Product Quality,-11,8,10.428461538461537,0.00046527225764057573,896343fff0343679,
49.0,M,Town,Silver Membership,2025-04-16,No,Credit/Debit Card Offers,Desktop,Wi-Fi,13.0,195.59,11295.169999999998,28.0,705.71,No,Yes,Yes,Solved,No reason specified,-11,3,6.985357142857143,0.002478935686669612,b31fbdbe0c1a1ea0,
35.0,M,Town,Gold Membership,2025-04-16,No,Without Offers,Smartphone,Mobile_Data,21.000000000000004,133.86,13347.11,0.0,687.24,No,Yes,Yes,Solved,Poor Website,-11,21,0.0,0.0,894f6f9b7a1c8d05,
34.0,M,Town,Basic Membership,2025-04-16,No,Gift Vouchers/Coupons,Desktop,Wi-Fi,4.0,0.0,21995.09,26.0,636.96,No,Yes,No,Not Applicable,Poor Customer Service,-11,22,0.0,0.0011820820010284114,abeb9bcce1c812c2,
62.0,F,City,No Membership,2025-04-16,Yes,Gift Vouchers/Coupons,Smartphone,Wi-Fi,8.000000000000004,30.319999999999993,49110.99,13.0,605.78,No,Yes,No,Not Applicable,Poor Customer Service,-11,13,2.3323076923076917,0.0002647065351360256,8a7aae8b4be7c158,
12.0,M,Town,Platinum Membership,2025-04-16,Yes,Credit/Debit Card Offers,Smartphone,Fiber_Optic,5.0,805.25,24718.73,19.0,824.39,No,Yes,Yes,Unsolved,User Friendly Website,-11,19,42.38157894736842,0.0007686479038364835,b455dc17deee9662,
18.0,F,City,Basic Membership,2025-04-16,No,Without Offers,Smartphone,Fiber_Optic,21.000000000000004,171.74,32503.55,23.0,600.14,No,Yes,Yes,No Information Available,Poor Customer Service,-11,6,7.466956521739131,0.0007076150143599699,bbc4194f09acefd6,
12.0,F,Town,Silver Membership,2025-04-16,Yes,Gift Vouchers/Coupons,Both,Mobile_Data,13.0,231.99,29521.55,26.0,749.53,Yes,Yes,Yes,No Information Available,Poor Website,-11,20,8.922692307692309,0.0008807125642115675,b29209a420e05605,
49.0,F,City,Gold Membership,2025-04-16,No,Credit/Debit Card Offers,Smartphone,Wi-Fi,11.0,268.88,5509.459999999999,6.0,758.48,Yes,No,Yes,Solved,Poor Website,-11,0,44.81333333333333,0.0010890359490766791,a9f9ce9025cbe435,
30.0,F,Town,Basic Membership,2025-04-16,Yes,Gift Vouchers/Coupons,Both,Fiber_Optic,12.0,620.52,38083.55,8.0,708.03,No,Yes,No,Not Applicable,Poor Customer Service,-11,10,77.565,0.0002100644503991881,a2716672f415ac1a,
26.0,M,City,Platinum Membership,2025-04-16,No,Credit/Debit Card Offers,Both,Mobile_Data,4.0,0.0,48598.45,13.0,0.0,Yes,Yes,No,Not Applicable,Too many ads,-11,1,0.0,0.0002674982432567294,9508b936d4061677,
52.0,M,City,Silver Membership,2025-04-16,No,Without Offers,Smartphone,Wi-Fi,22.000000000000004,68.43,25141.33,27.0,1218.0962081964035,Yes,No,Yes,Unsolved,Poor Product Quality,-11,8,2.5344444444444445,0.0010739288653384685,a354d85463d4b093,
32.0,M,Village,Premium Membership,2025-04-16,No,Gift Vouchers/Coupons,Both,Wi-Fi,16.0,305.81,53190.32,4.0,710.3,Yes,No,Yes,No Information Available,User Friendly Website,-11,5,76.4525,7.520165323314467e-05,be5e777538e2f26e,
12.0,M,Town,Basic Membership,2025-04-16,No,Without Offers,Desktop,Wi-Fi,23.000000000000004,202.17,44675.05,16.0,602.72,Yes,No,No,Not Applicable,No reason specified,-11,6,12.635625,0.0003581417368307366,b3d5490ebf6ca1b4,
23.0,M,Town,Platinum Membership,2025-04-16,Yes,Credit/Debit Card Offers,Both,Fiber_Optic,11.0,611.83,35608.59,20.0,738.05,Yes,Yes,Yes,Unsolved,Poor Product Quality,-11,10,30.591500000000003,0.0005616622281309089,bf5e0d3217493005,
28.0,F,City,No Membership,2025-04-16,Yes,Credit/Debit Card Offers,Smartphone,Wi-Fi,15.0,64.1,34523.18,13.0,672.46,No,Yes,Yes,No Information Available,No reason specified,-11,4,4.93076923076923,0.00037655859048905694,b7a17f4e35ecbb13,
56.0,M,Town,Platinum Membership,2025-04-16,Yes,Gift Vouchers/Coupons,Desktop,Fiber_Optic,9.999999999999996,92.4,29241.2,6.0,803.54,Yes,No,Yes,Solved in Follow-up,Products always in Stock,-11,23,15.4,0.0002051899374854657,a054ff92fae61b35,
55.0,M,Village,Gold Membership,2025-04-16,No,Credit/Debit Card Offers,Desktop,Fiber_Optic,7.0,33.44999999999999,55018.62,12.0,720.93,Yes,No,No,Not Applicable,Quality Customer Care,-11,11,2.787499999999999,0.00021810797871702343,a735794f32f84b15,
55.0,F,Village,No Membership,2025-04-16,Yes,Without Offers,Desktop,Fiber_Optic,3.0,139.83,21738.050000000003,13.0,0.0,No,Yes,Yes,No Information Available,Poor Product Quality,-11,1,10.756153846153847,0.0005980297220771871,b885cf041fe417f7,
47.0,M,Town,Silver Membership,2025-04-16,No,Without Offers,Smartphone,Fiber_Optic,16.0,104.03,42206.55,0.0,773.84,No,Yes,No,Not Applicable,Poor Customer Service,-11,19,0.0,0.0,bbe7f94afd23db59,
60.0,F,Town,No Membership,2025-04-16,Yes,Credit/Debit Card Offers,Smartphone,Mobile_Data,-999.0000000000001,212.82,32981.35,21.0,632.3,Yes,No,Yes,Unsolved,Poor Customer Service,-11,9,10.134285714285713,0.0006367234816039974,977240b4a184c6c6,
61.0,M,Town,Gold Membership,2025-04-16,Yes,Without Offers,Desktop,Wi-Fi,17.000000000000004,133.25,48874.78,12.0,460.64684408281465,No,Yes,No,Not Applicable,Poor Product Quality,-11,11,11.104166666666666,0.00024552540185347125,972227608b739512,
41.0,F,Town,Basic Membership,2025-04-16,No,Without Offers,Both,Wi-Fi,5.0,339.32,16935.43,16.0,528.25,Yes,Yes,Yes,No Information Available,Poor Customer Service,-11,16,21.2075,0.0009447649100140947,906cc7d294490a4b,
60.0,F,Town,Gold Membership,2025-04-16,No,Credit/Debit Card Offers,Desktop,Mobile_Data,9.0,77.1,11855.91,0.0,733.56,No,Yes,No,Not Applicable,Reasonable Price,-11,15,0.0,0.0,84040db03f66171f,
47.0,F,Town,Silver Membership,2025-04-16,Yes,Gift Vouchers/Coupons,Desktop,Wi-Fi,12.0,99.19999999999999,9807.86,17.0,260.9331022572149,Yes,No,No,Not Applicable,Poor Product Quality,-11,10,5.8352941176470585,0.001733303697238745,aebbb11ccd391699,
14.0,F,City,Platinum Membership,2025-04-16,No,Credit/Debit Card Offers,Smartphone,Mobile_Data,9.999999999999996,389.13,99162.86000000002,6.0,1096.9320787708032,No,Yes,Yes,Solved,Reasonable Price,-11,16,64.855,6.050652431767296e-05,a01376de28c5c2a9,
18.0,M,Town,No Membership,2025-04-16,Yes,Gift Vouchers/Coupons,Both,Fiber_Optic,11.0,1067.74,48990.65,6.0,711.48,Yes,Yes,Yes,No Information Available,Poor Product Quality,-11,13,177.95666666666668,0.0001224723493156347,b9fd58c58ef2bbb3,
55.0,M,City,Gold Membership,2025-04-16,No,Gift Vouchers/Coupons,Smartphone,Wi-Fi,11.0,131.48,36848.16,0.0,647.16,No,Yes,No,Not Applicable,Poor Product Quality,-11,11,0.0,0.0,8daf3caa48c11e83,
35.0,M,Town,Platinum Membership,2025-04-16,No,Credit/Debit Card Offers,Desktop,Mobile_Data,11.0,220.03,40235.87,26.0,727.34,Yes,No,Yes,Unsolved,No reason specified,-11,15,8.462692307692308,0.0006461895815847898,8c1c7017ea143c3c,
31.0,M,City,Gold Membership,2025-04-16,No,Credit/Debit Card Offers,Smartphone,Wi-Fi,23.000000000000004,0.0,28669.05,10.0,706.02,No,Yes,No,Not Applicable,Too many ads,-11,19,0.0,0.00034880820955001995,a89fc5625f13446a,
16.0,M,Town,Basic Membership,2025-04-16,No,Credit/Debit Card Offers,Desktop,Fiber_Optic,11.0,50.829999999999984,18927.69,13.0,665.02,No,Yes,Yes,No Information Available,Too many ads,-11,6,3.909999999999999,0.0006868244355227712,86eb0e9a6920ada5,
40.0,M,City,Platinum Membership,2025-04-16,No,Without Offers,Desktop,Mobile_Data,11.0,721.02,65140.69,29.5499475203162,805.93,Yes,No,Yes,Solved,Quality Customer Care,-11,7,24.400043333555292,0.0004536327066894164,9a32b9f97bcce496,
28.0,F,Town,No Membership,2025-04-16,No,Credit/Debit Card Offers,Smartphone,Fiber_Optic,20.000000000000004,218.59,33318.99,5.0,534.8,No,Yes,No,Not Applicable,Poor Customer Service,-11,19,43.718,0.0001500645727856697,ae39b2e09646abec,
64.0,M,Village,Gold Membership,2025-04-16,No,Gift Vouchers/Coupons,Both,Fiber_Optic,4.0,1094.3500000000001,60192.88,19.0,429.0243689850434,No,Yes,No,Not Applicable,Quality Customer Care,-11,14,57.597368421052636,0.00031565195086196243,b1f8091fecf2c42f,
34.0,M,City,Basic Membership,2025-04-16,Yes,Gift Vouchers/Coupons,Desktop,Wi-Fi,9.0,181.12,11081.129999999997,22.0,64.26452939546073,Yes,No,Yes,No Information Available,Too many ads,-11,20,8.232727272727272,0.001985357089033339,91c30dd5a7969178,
23.0,F,City,Premium Membership,2025-04-16,No,Gift Vouchers/Coupons,Desktop,Wi-Fi,19.000000000000004,30.629999999999995,9524.470000000001,29.0,784.64,No,Yes,Yes,Solved in Follow-up,No reason specified,-11,14,1.056206896551724,0.0030447888438936755,98361121bae76ba6,
41.0,M,Town,Basic Membership,2025-04-16,No,Without Offers,Smartphone,Wi-Fi,11.0,121.41,17757.17,7.0,242.23848778952345,No,Yes,No,Not Applicable,Poor Website,-11,8,17.344285714285714,0.00039420695978019025,9d7230ce5f0c7147,
15.0,F,City,No Membership,2025-04-16,Yes,Gift Vouchers/Coupons,Smartphone,Wi-Fi,19.000000000000004,34.71000000000001,25577.57,17.0,686.39,No,Yes,No,Not Applicable,Too many ads,-11,17,2.0417647058823536,0.0006646448431184041,a10e1af925c1487f,
60.0,F,Town,Gold Membership,2025-04-16,Yes,Gift Vouchers/Coupons,Smartphone,Wi-Fi,8.000000000000004,161.02999999999997,27075.62,16.0,603.19,No,Yes,No,Not Applicable,Poor Product Quality,-11,16,10.064374999999998,0.0005909375297777114,a245eed333424c22,
21.0,M,Town,Gold Membership,2025-04-16,No,Credit/Debit Card Offers,Desktop,Fiber_Optic,8.000000000000004,554.49,49942.12,7.0,1277.130075308275,Yes,No,Yes,Unsolved,Too many ads,-11,19,79.21285714285715,0.00014016225182270997,9f9110d35fec58fb,
13.0,M,City,Basic Membership,2025-04-16,Yes,Without Offers,Smartphone,Wi-Fi,9.999999999999996,30.620000000000005,14285.77,14.0,602.09,Yes,No,No,Not Applicable,Poor Website,-11,1,2.1871428571428573,0.0009799961780149057,bdb83f84d032f5af,
26.0,M,Town,Platinum Membership,2025-04-16,No,Gift Vouchers/Coupons,Desktop,Mobile_Data,11.0,77.72,40063.72,18.0,1127.93202924926,No,Yes,Yes,Unsolved,Too many ads,-11,20,4.317777777777778,0.00044928429012582955,aa6d0e4647844802,
61.0,F,Town,Platinum Membership,2025-04-16,No,Without Offers,Smartphone,Fiber_Optic,12.0,30.710000000000008,43778.63,0.0,161.2645094737021,No,Yes,Yes,Solved,Poor Product Quality,-11,22,0.0,0.0,a1922e5e7b06cff1,
47.0,F,Town,Premium Membership,2025-04-16,No,Credit/Debit Card Offers,Smartphone,Fiber_Optic,3.0,126.59,18547.49,0.0,0.0,Yes,No,Yes,Solved in Follow-up,No reason specified,-11,7,0.0,0.0,b35c08ee7d1f6b8b,
41.0,F,Village,Basic Membership,2025-04-16,Yes,Without Offers,Smartphone,Fiber_Optic,11.0,39.670000000000016,34699.31,20.0,1015.5566392692424,Yes,No,No,Not Applicable,No reason specified,-11,7,1.9835000000000007,0.0005763803372458992,aca67725205946c3,
14.0,M,City,Basic Membership,2025-04-16,No,Without Offers,Desktop,Fiber_Optic,19.000000000000004,56.099999999999994,40901.82,8.0,556.76,Yes,No,No,Not Applicable,Poor Customer Service,-11,21,7.012499999999999,0.00019559031847482582,833124b1b7f53f62,
37.0,M,City,Platinum Membership,2025-04-16,No,Without Offers,Desktop,Mobile_Data,9.0,140.8,37770.54,25.0,0.0,Yes,No,Yes,Unsolved,Too many ads,-11,9,5.632000000000001,0.0006618915165099573,bfdaf33672b39067,
57.0,F,City,Gold Membership,2025-04-16,Yes,Credit/Debit Card Offers,Desktop,Mobile_Data,20.000000000000004,640.52,6027.419999999998,13.0,1066.0596236742886,No,Yes,No,Not Applicable,Poor Website,-11,21,49.27076923076923,0.0021568100447621045,9db80c9502a58fad,
55.0,M,Village,Gold Membership,2025-04-16,Yes,Without Offers,Desktop,Mobile_Data,14.0,738.41,46616.32,16.0,794.1,No,Yes,Yes,Unsolved,Too many ads,-11,21,46.150625,0.00034322743622834233,a8b0df05c2f277ec,
24.0,F,Village,Basic Membership,2025-04-16,Yes,Credit/Debit Card Offers,Desktop,Fiber_Optic,12.0,267.23,34862.84,12.0,625.84,No,Yes,Yes,Unsolved,Poor Customer Service,-11,16,22.269166666666667,0.00034420603714442084,b675d83d4bbb4853,
44.0,F,City,Platinum Membership,2025-04-16,Yes,Credit/Debit Card Offers,Desktop,Fiber_Optic,18.000000000000004,32.58000000000001,36049.6,19.0,1125.313122106248,Yes,No,No,Not Applicable,No reason specified,-11,14,1.7147368421052638,0.000527051617771071,b48359e516033ff7,
23.0,F,Town,No Membership,2025-04-16,Yes,Credit/Debit Card Offers,Both,Fiber_Optic,7.0,0.0,13148.599999999999,8.0,315.09686768516684,Yes,No,No,Not Applicable,No reason specified,-11,6,0.0,0.0006084297948070517,84874deb9a8f2885,
11.0,M,Town,Gold Membership,2025-04-16,Yes,Credit/Debit Card Offers,Desktop,Mobile_Data,-999.0000000000001,272.01,18002.25,13.0,769.23,Yes,No,No,Not Applicable,Poor Website,-11,23,20.923846153846153,0.0007221319557277563,a8d3c680aacf17ef,
49.0,M,City,Gold Membership,2025-04-16,No,Without Offers,Desktop,Mobile_Data,-999.0000000000001,91.86000000000001,49653.36,14.0,705.1,No,Yes,No,Not Applicable,Reasonable Price,-11,20,6.561428571428572,0.00028195473579230084,84b6ae061adea288,
48.0,F,City,Silver Membership,2025-04-16,Yes,Without Offers,Desktop,Wi-Fi,14.0,86.43,46843.22,9.0,715.93,Yes,No,Yes,No Information Available,Poor Customer Service,-11,13,9.603333333333333,0.00019213025919225877,9d070139c327ff3b,
61.0,F,Village,Premium Membership,2025-04-16,Yes,Gift Vouchers/Coupons,Both,Wi-Fi,9.0,1097.93,18297.43,24.0,734.06,No,Yes,Yes,Unsolved,Too many ads,-11,12,45.747083333333336,0.001311659615585358,a6a104ca20ed92d9,
48.0,M,Town,Silver Membership,2025-04-16,Yes,Without Offers,Smartphone,Fiber_Optic,18.000000000000004,92.55000000000001,44365.62,22.0,680.36,Yes,No,Yes,Unsolved,Poor Product Quality,-11,4,4.206818181818182,0.0004958794670287489,b403faa071da1609,
61.0,F,Town,Basic Membership,2025-04-16,Yes,Without Offers,Desktop,Fiber_Optic,20.000000000000004,289.26,14937.440000000002,10.0,545.46,Yes,Yes,Yes,Solved in Follow-up,Poor Website,-11,23,28.926,0.0006694587559849612,aa33bb2d3f2ef15a,
30.0,M,Town,Basic Membership,2025-04-16,No,Gift Vouchers/Coupons,Desktop,Fiber_Optic,15.0,47.22999999999996,35050.08,14.0,618.57,Yes,No,No,Not Applicable,Poor Website,-11,0,3.373571428571426,0.0003994284749136093,b0cdccb2b853ac56,
47.0,F,City,Silver Membership,2025-04-16,Yes,Credit/Debit Card Offers,Desktop,Mobile_Data,20.000000000000004,99.4,25231.45,12.0,718.1,No,Yes,Yes,Solved in Follow-up,Poor Website,-11,12,8.283333333333333,0.0004755969236805653,9efcfe86ecc1a4fa,
51.0,M,Town,Platinum Membership,2025-04-16,No,Credit/Debit Card Offers,Desktop,Mobile_Data,20.000000000000004,95.32,12290.879999999997,25.0,774.88,Yes,No,No,Not Applicable,Poor Website,-11,12,3.8127999999999997,0.0020340284829076525,b0a767834addba71,
18.0,F,Village,Gold Membership,2025-04-16,Yes,Gift Vouchers/Coupons,Smartphone,Mobile_Data,6.0,554.29,51292.72,0.0,522.178602785026,No,Yes,No,Not Applicable,Products always in Stock,-11,13,0.0,0.0,966dbde673f9b438,
54.0,F,Town,No Membership,2025-04-16,No,Gift Vouchers/Coupons,Smartphone,Wi-Fi,5.0,65.93,8489.77,23.0,711.23,Yes,No,No,Not Applicable,Too many ads,-11,21,2.866521739130435,0.0027091428860852532,9cbaa2dd828e8e5d,
51.0,M,Village,No Membership,2025-04-16,No,Credit/Debit Card Offers,Both,Wi-Fi,17.000000000000004,478.39,35302.32,0.0,0.0,No,Yes,Yes,Solved,Poor Website,-11,22,0.0,0.0,9df0612acdd3f461,
30.0,F,Town,Basic Membership,2025-04-16,No,Without Offers,Desktop,Mobile_Data,9.0,32.74999999999997,35860.91,13.0,330.25661894679325,No,Yes,No,Not Applicable,Poor Customer Service,-11,22,2.519230769230767,0.0003625117154026487,ba1ac6bedbacca23,
55.0,M,City,No Membership,2025-04-16,No,Gift Vouchers/Coupons,Desktop,Wi-Fi,15.0,33.02000000000001,37866.18,9.0,579.25,No,Yes,Yes,No Information Available,No reason specified,-11,1,3.66888888888889,0.0002376791110167437,a68171441feecb61,
20.0,M,Town,No Membership,2025-04-16,Yes,Gift Vouchers/Coupons,Smartphone,Fiber_Optic,20.000000000000004,134.62,20565.45,10.0,546.01,Yes,No,No,Not Applicable,Too many ads,-11,11,13.462,0.0004862524282230634,be83414e6e8efe26,
58.0,F,Village,Platinum Membership,2025-04-16,Yes,Credit/Debit Card Offers,Smartphone,Fiber_Optic,14.0,79.82999999999998,63371.27,6.0,713.77,Yes,No,Yes,Unsolved,Quality Customer Care,-11,17,13.304999999999998,9.468012870816698e-05,8af495f294e6acd0,
26.0,F,City,Basic Membership,2025-04-16,No,Gift Vouchers/Coupons,Desktop,Wi-Fi,16.0,220.86,33749.09,15.0,521.36,Yes,No,No,Not Applicable,No reason specified,-11,13,14.724,0.0004444564283066596,8e8428a71846ba73,
37.0,M,City,Silver Membership,2025-04-16,No,Gift Vouchers/Coupons,Smartphone,Fiber_Optic,4.0,34.22999999999996,66248.84,0.0,744.36,No,Yes,Yes,Solved,Reasonable Price,-11,18,0.0,0.0,8c565a4303898458,
46.0,M,City,No Membership,2025-04-16,Yes,Without Offers,Desktop,Wi-Fi,14.0,33.139999999999986,39794.98,19.0,601.76,No,Yes,No,Not Applicable,Poor Product Quality,-11,23,1.7442105263157888,0.0004774471553949769,abc393e14125ecbe,
51.0,F,Town,Platinum Membership,2025-04-16,No,Gift Vouchers/Coupons,Smartphone,Fiber_Optic,4.0,202.48,27376.9,26.0,769.84,Yes,No,No,Not Applicable,Poor Product Quality,-11,7,7.787692307692307,0.0009497057738458335,9dbd888a78c53c33,
17.0,F,City,Premium Membership,2025-04-16,Yes,Without Offers,Desktop,Wi-Fi,11.0,30.939999999999998,33853.81,28.0,260.2485968036499,No,Yes,No,Not Applicable,Poor Product Quality,-11,18,1.105,0.0008270856367422161,bfe138fc2c02935a,
15.0,M,City,No Membership,2025-04-16,No,Without Offers,Desktop,Mobile_Data,15.0,31.839999999999975,49690.55,18.0,0.0,No,Yes,Yes,Solved,Too many ads,-11,17,1.7688888888888874,0.0003622419152132548,9583ab3ac740c04e,
19.0,F,City,Platinum Membership,2025-04-16,Yes,Without Offers,Desktop,Wi-Fi,13.0,43.829999999999984,7052.060000000001,8.0,799.24,Yes,No,Yes,Solved,No reason specified,-11,4,5.478749999999998,0.0011344202970479545,9aab6abdc86f8bf3,
16.0,F,Town,Gold Membership,2025-04-16,Yes,Gift Vouchers/Coupons,Both,Mobile_Data,11.0,744.92,32360.46,26.0,1134.4834377880686,No,Yes,No,Not Applicable,No reason specified,-11,23,28.650769230769228,0.0008034496419395769,b060906d76eb57eb,
24.0,F,Village,No Membership,2025-04-16,Yes,Credit/Debit Card Offers,Smartphone,Fiber_Optic,7.0,36.630000000000024,26075.18,10.0,653.1,Yes,No,No,Not Applicable,Too many ads,-11,2,3.6630000000000025,0.00038350646093334736,80ee789922e4fe1c,
39.0,F,City,Gold Membership,2025-04-16,Yes,Gift Vouchers/Coupons,Desktop,Fiber_Optic,20.000000000000004,359.69,18914.87,7.0,789.63,No,Yes,No,Not Applicable,User Friendly Website,-11,3,51.38428571428572,0.0003700792022361243,bb5cbd7b21f7fcdc,
36.0,F,Town,Gold Membership,2025-04-16,Yes,Credit/Debit Card Offers,Desktop,Fiber_Optic,6.0,638.05,45153.21,24.0,770.72,Yes,No,Yes,Solved,Poor Website,-11,2,26.585416666666664,0.0005315236724033574,9a1369b192629f16,
58.0,F,Town,No Membership,2025-04-16,Yes,Credit/Debit Card Offers,Smartphone,Fiber_Optic,12.0,147.61,9740.080000000002,26.0,628.07,No,Yes,No,Not Applicable,Poor Customer Service,-11,12,5.677307692307693,0.0026693825923401037,826d699e151f7980,
41.0,M,City,Gold Membership,2025-04-16,No,Without Offers,Desktop,Fiber_Optic,14.0,387.76,24451.62,18.0,761.1,Yes,No,Yes,Solved,Poor Website,-11,9,21.54222222222222,0.0007361475435983383,ad32d02c78c6be37,
29.0,F,Town,Silver Membership,2025-04-16,Yes,Credit/Debit Card Offers,Smartphone,Wi-Fi,20.000000000000004,191.28,27927.82,5.0,0.0,No,Yes,No,Not Applicable,Poor Product Quality,-11,0,38.256,0.0001790329499402388,b6423fe275884cab,
53.0,F,City,Silver Membership,2025-04-16,Yes,Without Offers,Desktop,Fiber_Optic,9.999999999999996,93.98000000000002,5326.890000000003,18.0,726.3,Yes,No,Yes,Solved,Poor Customer Service,-11,22,5.221111111111112,0.0033790823538687657,b938d0f5eedfbc72,
13.0,F,Town,Silver Membership,2025-04-16,No,Credit/Debit Card Offers,Desktop,Fiber_Optic,16.0,1047.4657354203846,13181.470000000005,8.0,741.84,Yes,No,No,Not Applicable,Poor Customer Service,-11,4,130.93321692754807,0.0006069125825875261,896491cfa31d92af,
45.0,F,Village,No Membership,2025-04-16,No,Gift Vouchers/Coupons,Desktop,Fiber_Optic,12.0,1308.330951740528,6737.09,8.0,562.8,No,Yes,Yes,Solved,Poor Customer Service,-11,1,163.541368967566,0.0011874563053187652,870163e51af13bbe,
42.0,M,City,Basic Membership,2025-04-16,No,Without Offers,Smartphone,Mobile_Data,15.0,307.11,10387.720000000001,14.0,535.12,Yes,No,No,Not Applicable,No reason specified,-11,10,21.93642857142857,0.001347745222243187,8a74d7e3d681adc4,
26.0,M,City,Basic Membership,2025-04-16,No,Credit/Debit Card Offers,Smartphone,Fiber_Optic,19.000000000000004,455.92,7860.940000000002,17.0,711.96,Yes,No,Yes,Solved,Poor Product Quality,-11,10,26.818823529411766,0.0021625912422687356,8737d90eda14d4f4,
53.0,M,City,Premium Membership,2025-04-16,No,Credit/Debit Card Offers,Smartphone,Fiber_Optic,22.000000000000004,42.21000000000001,73467.37,7.0,826.79,No,Yes,Yes,Solved in Follow-up,Reasonable Price,-11,23,6.030000000000001,9.528039454794694e-05,b2318a6284b2ebfa,
56.0,F,Town,Gold Membership,2025-04-16,No,Without Offers,Desktop,Wi-Fi,9.0,88.19999999999999,7231.299999999999,0.0,652.91,Yes,No,No,Not Applicable,Poor Product Quality,-11,5,0.0,0.0,9babc59f64479982,
58.0,F,Village,Gold Membership,2025-04-16,Yes,Credit/Debit Card Offers,Desktop,Wi-Fi,15.0,102.71000000000001,42677.84,5.0,605.89,Yes,No,No,Not Applicable,Poor Website,-11,5,20.542,0.0001171568195578783,87a7c5d27eff2840,
41.0,F,Village,Premium Membership,2025-04-16,No,Credit/Debit Card Offers,Smartphone,Mobile_Data,15.0,428.18000000000006,61950.11,16.0,805.76,No,Yes,No,Not Applicable,User Friendly Website,-11,9,26.761250000000004,0.00025827234205072437,9a41a322b03cc8f8,
31.0,M,Town,Basic Membership,2025-04-16,No,Credit/Debit Card Offers,Desktop,Mobile_Data,8.000000000000004,397.39,22535.91,0.0,554.61,No,Yes,No,Not Applicable,Poor Product Quality,-11,12,0.0,0.0,877fad034643f7cd,
50.0,F,Village,No Membership,2025-04-16,No,Without Offers,Desktop,Fiber_Optic,16.0,138.96,19876.43,15.0,0.0,No,Yes,Yes,Solved,Too many ads,-11,5,9.264000000000001,0.000754662683389321,adf483a9c0daf820,
10.0,F,City,No Membership,2025-04-16,No,Without Offers,Both,Wi-Fi,19.000000000000004,375.84,24248.74,11.0,1015.4284841035492,Yes,Yes,Yes,No Information Available,Too many ads,-11,10,34.167272727272724,0.00045363181757072734,a8ae1a830fcb49a5,
56.0,F,Town,Silver Membership,2025-04-16,Yes,Credit/Debit Card Offers,Smartphone,Fiber_Optic,13.0,0.0,35039.98,26.0,0.0,Yes,No,No,Not Applicable,No reason specified,-11,16,0.0,0.0007420095559415273,9cf91132bfda7617,
27.0,F,City,Silver Membership,2025-04-16,Yes,Credit/Debit Card Offers,Desktop,Fiber_Optic,12.0,252.18,97467.09,4.0,721.61,No,Yes,Yes,Solved,Reasonable Price,-11,21,63.045,4.103949343311676e-05,8a4a6cf57f40f852,
54.0,M,City,Gold Membership,2025-04-16,Yes,Without Offers,Both,Mobile_Data,9.999999999999996,612.32,7182.5999999999985,0.0,361.825612796888,Yes,Yes,Yes,Unsolved,Poor Customer Service,-11,1,0.0,0.0,96e9ad33cd18897a,
42.0,F,Town,Basic Membership,2025-04-16,No,Gift Vouchers/Coupons,Desktop,Wi-Fi,6.0,111.16,17643.46,25.0,692.21,No,Yes,No,Not Applicable,Poor Product Quality,-11,20,4.4464,0.001416955631151713,bb2b710315ab2c29,
29.0,M,City,Premium Membership,2025-04-16,No,Without Offers,Desktop,Wi-Fi,24.000000000000004,103.79999999999998,19767.42,23.0,760.2,Yes,No,No,Not Applicable,Too many ads,-11,0,4.513043478260869,0.0011635306984927726,b16e701dc50b0b35,
38.0,M,Town,No Membership,2025-04-16,Yes,Credit/Debit Card Offers,Smartphone,Wi-Fi,21.000000000000004,58.900000000000006,23361.25,28.0,680.49,No,Yes,Yes,Unsolved,Poor Customer Service,-11,18,2.1035714285714286,0.0011985660013911926,aa9f43564f5877d5,
47.0,M,City,Basic Membership,2025-04-16,Yes,Gift Vouchers/Coupons,Smartphone,Mobile_Data,7.0,149.71,40069.93,20.0,0.0,Yes,No,Yes,Solved,Poor Customer Service,-11,12,7.4855,0.0004991274005220373,a3c5e19334905fbb,
40.0,F,City,Basic Membership,2025-04-16,Yes,Without Offers,Desktop,Wi-Fi,14.0,643.68,41033.87,24.0,664.05,No,Yes,No,Not Applicable,Poor Website,-11,11,26.819999999999997,0.0005848826835002401,9ba054e600e80517,
15.0,F,City,Silver Membership,2025-04-16,No,Without Offers,Desktop,Wi-Fi,7.0,199.3,36471.66,16.0,749.44,Yes,No,No,Not Applicable,Too many ads,-11,17,12.45625,0.00043869678539446786,b4659fbe6f344fdb,
49.0,F,City,Premium Membership,2025-04-16,No,Without Offers,Desktop,Mobile_Data,4.0,205.45,36346.19,23.0,716.08,Yes,Yes,Yes,Unsolved,Too many ads,-11,13,8.932608695652174,0.0006328036033487966,9c65ed5ef411051b,
21.0,M,Village,Platinum Membership,2025-04-16,No,Without Offers,Smartphone,Wi-Fi,9.999999999999996,0.0,33215.54,13.0,702.4,No,Yes,Yes,No Information Available,Too many ads,-11,23,0.0,0.00039138306949096716,b68d5ec5772f481c,
39.0,F,City,No Membership,2025-04-16,No,Without Offers,Desktop,Fiber_Optic,9.0,330.45,30739.08,17.0,0.0,No,Yes,Yes,No Information Available,Poor Product Quality,-11,0,19.438235294117646,0.0005530419257830748,9216ab06ed097d9c,
17.0,F,Town,Premium Membership,2025-04-16,Yes,Credit/Debit Card Offers,Smartphone,Wi-Fi,14.0,566.26,45026.01,12.0,798.88,No,Yes,Yes,No Information Available,Poor Product Quality,-11,16,47.18833333333333,0.00026651262237093625,8137fe9b34229b35,
10.0,F,City,No Membership,2025-04-16,No,Gift Vouchers/Coupons,Desktop,Wi-Fi,15.0,193.75,43935.1,14.0,0.0,No,Yes,No,Not Applicable,Poor Website,-11,8,13.839285714285714,0.0003186518296305232,8af7dc07c09845fa,
14.0,M,City,Basic Membership,2025-04-16,No,Gift Vouchers/Coupons,Smartphone,Mobile_Data,11.0,34.53,16983.48,0.5489981370807264,661.76,Yes,No,Yes,Solved,Poor Customer Service,-11,1,62.89638828942438,3.23254207665759e-05,ac5a2635c201704e,
28.0,M,City,Gold Membership,2025-04-16,No,Credit/Debit Card Offers,Desktop,Mobile_Data,11.0,425.86,23091.43,8.0,719.69,No,Yes,No,Not Applicable,Poor Product Quality,-11,3,53.2325,0.000346448877354066,a183f566a569fa0c,
19.0,M,City,Gold Membership,2025-04-16,Yes,Credit/Debit Card Offers,Both,Mobile_Data,12.0,1224.4539414901676,31879.91,0.0,791.9,Yes,No,No,Not Applicable,Poor Product Quality,-11,14,0.0,0.0,9cb2b45f7c6dfa71,
14.0,M,Town,No Membership,2025-04-17,Yes,Credit/Debit Card Offers,Smartphone,Mobile_Data,11.0,113.16999999999999,33017.0,0.0,618.33,No,Yes,Yes,No Information Available,Too many ads,-11,17,0.0,0.0,bfe4350a0bb1bfe9,
17.0,M,Town,Silver Membership,2025-04-17,Yes,Credit/Debit Card Offers,Smartphone,Mobile_Data,20.0,835.2511556055531,9036.370000000003,29.0,771.24,Yes,No,No,Not Applicable,Too many ads,-11,21,28.80176398639838,0.0032092532731616778,854fac713b722439,
24.0,F,Town,No Membership,2025-04-17,Yes,Without Offers,Smartphone,Wi-Fi,11.0,47.18000000000001,30624.88,29.0,706.64,Yes,No,No,Not Applicable,No reason specified,-11,20,1.6268965517241383,0.0009469424859787206,84c1996a228266f7,
41.0,M,City,Gold Membership,2025-04-17,No,Credit/Debit Card Offers,Both,Wi-Fi,12.0,319.52,91517.65,38.70904694756854,805.93,No,Yes,No,Not Applicable,Products always in Stock,-11,8,8.254401107647789,0.00042296810448660494,8413b52d6a7a69b9,
51.0,M,City,Gold Membership,2025-04-17,Yes,Without Offers,Desktop,Mobile_Data,9.0,94.96000000000001,7237.610000000001,29.0,657.55,Yes,No,No,Not Applicable,Poor Website,-11,9,3.2744827586206897,0.004006847564320266,9e01fe658ab5a41d,
14.0,F,City,Premium Membership,2025-04-17,Yes,Credit/Debit Card Offers,Smartphone,Mobile_Data,25.0,41.45000000000002,49375.0,14.0,789.52,Yes,No,Yes,Solved,No reason specified,-11,14,2.9607142857142867,0.00028354430379746835,9b0d1fc03ec900be,
45.0,M,City,Premium Membership,2025-04-17,Yes,Gift Vouchers/Coupons,Smartphone,Wi-Fi,16.0,181.77,90755.61,1.0,710.95,Yes,No,Yes,Solved in Follow-up,User Friendly Website,-11,15,181.77,1.1018602596577777e-05,a414d365c9acfdcd,
22.0,F,City,Gold Membership,2025-04-17,No,Gift Vouchers/Coupons,Smartphone,Wi-Fi,16.0,145.02,28573.69,7.0,734.19,No,Yes,No,Not Applicable,Poor Website,-11,17,20.717142857142857,0.00024498060978473557,9ac3abcac45914ad,
33.0,F,Town,Premium Membership,2025-04-17,No,Credit/Debit Card Offers,Desktop,Wi-Fi,15.0,440.56,91480.84,0.0,776.98,Yes,No,No,Not Applicable,User Friendly Website,-11,13,0.0,0.0,ad99c0e37c60d7d9,
34.0,F,City,Basic Membership,2025-04-17,No,Credit/Debit Card Offers,Desktop,Mobile_Data,19.0,228.96,961.880000000001,23.0,675.18,Yes,Yes,No,Not Applicable,Too many ads,-11,19,9.954782608695652,0.023911506632843988,951082b9a4a7b067,
21.0,F,Village,No Membership,2025-04-17,Yes,Gift Vouchers/Coupons,Smartphone,Mobile_Data,15.0,202.45,47889.22,0.0,632.84,Yes,No,Yes,Unsolved,No reason specified,-11,5,0.0,0.0,be392807f09bbbf8,
42.0,M,City,Silver Membership,2025-04-17,Yes,Credit/Debit Card Offers,Smartphone,Fiber_Optic,-999.0,33.94,33233.48,18.0,640.47,No,Yes,Yes,Solved in Follow-up,No reason specified,-11,22,1.8855555555555554,0.000541622484314011,921d11b98f73e382,
56.0,M,City,Gold Membership,2025-04-17,No,Without Offers,Desktop,Fiber_Optic,20.0,151.94,17330.2,13.0,845.67,No,Yes,Yes,Unsolved,Reasonable Price,-11,10,11.687692307692307,0.0007501356014356441,9f82506bb44f96e6,
31.0,F,City,Basic Membership,2025-04-17,Yes,Without Offers,Smartphone,Mobile_Data,12.0,422.44,25908.16,24.0,621.15,Yes,No,Yes,Solved in Follow-up,Poor Customer Service,-11,18,17.601666666666667,0.000926349073033361,979c86b5d59b6768,
57.0,F,Town,Gold Membership,2025-04-17,No,Without Offers,Smartphone,Wi-Fi,11.0,62.0,48589.66,26.0,447.8241908529882,Yes,No,Yes,Solved in Follow-up,Too many ads,-11,13,2.3846153846153846,0.0005350932688148054,82aec2e6bdc07409,
24.0,M,Town,Silver Membership,2025-04-17,No,Credit/Debit Card Offers,Desktop,Mobile_Data,12.0,274.83,48217.57,25.0,640.4,No,Yes,No,Not Applicable,Too many ads,-11,9,10.9932,0.0005184832002110434,b01d01fcdd45a61f,
47.0,M,City,Platinum Membership,2025-04-17,Yes,Credit/Debit Card Offers,Smartphone,Wi-Fi,19.0,65.20000000000002,43262.93,0.0,0.0,Yes,No,No,Not Applicable,Products always in Stock,-11,10,0.0,0.0,b33099e8a8f30431,
47.0,M,Town,No Membership,2025-04-17,Yes,Credit/Debit Card Offers,Desktop,Mobile_Data,8.0,33.640000000000015,16429.79,5.0,674.72,Yes,No,No,Not Applicable,No reason specified,-11,3,6.728000000000003,0.00030432525309209674,b3eafb963cdd6b89,
54.0,F,Town,Premium Membership,2025-04-17,No,Without Offers,Desktop,Wi-Fi,17.0,321.37,42459.31,16.0,373.8743859649493,Yes,No,Yes,Solved,Reasonable Price,-11,17,20.085625,0.000376831371023222,a9105cab5c20b395,
29.0,M,Town,Gold Membership,2025-04-17,No,Gift Vouchers/Coupons,Desktop,Mobile_Data,8.0,69.93,6636.529999999999,9.0,780.64,No,Yes,Yes,Unsolved,No reason specified,-11,19,7.7700000000000005,0.0013561303874163157,9f44b6738fe823ef,
28.0,F,City,Silver Membership,2025-04-17,Yes,Credit/Debit Card Offers,Desktop,Wi-Fi,10.0,185.98,3987.709999999999,13.0,767.02,Yes,No,No,Not Applicable,Too many ads,-11,11,14.306153846153846,0.0032600164003901994,9b4b5bd6b87119b2,
60.0,M,Village,No Membership,2025-04-17,No,Credit/Debit Card Offers,Desktop,Mobile_Data,10.0,305.22,4852.169999999998,20.0,622.54,Yes,No,No,Not Applicable,No reason specified,-11,18,15.261000000000001,0.004121867123369545,adedbbb63fb346e3,
30.0,M,Town,Platinum Membership,2025-04-17,No,Gift Vouchers/Coupons,Desktop,Mobile_Data,7.0,52.22999999999999,3303.2500000000036,9.0,761.84,No,Yes,Yes,Solved in Follow-up,User Friendly Website,-11,19,5.803333333333332,0.0027245894195110846,b4d1ef9715a70808,
58.0,F,Town,No Membership,2025-04-17,Yes,Credit/Debit Card Offers,Smartphone,Mobile_Data,-999.0,131.12,38152.32,27.0,641.14,No,Yes,Yes,No Information Available,Too many ads,-11,13,4.856296296296296,0.0007076895979064969,956b378a103987f5,
53.0,F,Town,Gold Membership,2025-04-17,No,Without Offers,Desktop,Wi-Fi,6.0,151.08,62302.83,10.0,0.0,No,Yes,No,Not Applicable,Reasonable Price,-11,16,15.108,0.0001605063526006764,adf0a553652e9930,
18.0,M,Village,Silver Membership,2025-04-17,Yes,Credit/Debit Card Offers,Desktop,Wi-Fi,3.0,286.03,2124.84,19.0,775.27,Yes,Yes,No,Not Applicable,Products always in Stock,-11,19,15.054210526315789,0.008941849739274485,886aa81b2f6f163f,
32.0,F,Town,No Membership,2025-04-17,Yes,Without Offers,Desktop,Fiber_Optic,13.0,139.9,25119.69,26.0,682.45,No,Yes,No,Not Applicable,Too many ads,-11,12,5.380769230769231,0.0010350446203754903,9becb107a51e01c2,
52.0,F,Town,Premium Membership,2025-04-17,No,Gift Vouchers/Coupons,Smartphone,Fiber_Optic,2.0,1331.25,47842.26,21.0,756.6,Yes,Yes,No,Not Applicable,No reason specified,-11,2,63.392857142857146,0.0004389424747075075,8adf30fd344955b9,
18.0,M,City,Basic Membership,2025-04-17,Yes,Without Offers,Both,Mobile_Data,13.0,826.4,47947.98,6.0,0.0,Yes,No,No,Not Applicable,Too many ads,-11,12,137.73333333333332,0.0001251356157235404,83c41a6be333a1e7,
36.0,M,Village,No Membership,2025-04-17,Yes,Gift Vouchers/Coupons,Desktop,Wi-Fi,6.0,33.900000000000006,44997.56,13.0,683.2,No,Yes,Yes,No Information Available,Poor Product Quality,-11,12,2.607692307692308,0.00028890455393581344,b4bbd24cd757d939,
33.0,F,City,Silver Membership,2025-04-17,No,Without Offers,Desktop,Mobile_Data,3.0,309.41,15095.13,27.0,718.14,Yes,No,No,Not Applicable,No reason specified,-11,1,11.45962962962963,0.0017886563414823192,b0c0b4eaec8cbd48,
61.0,F,Town,Silver Membership,2025-04-17,No,Credit/Debit Card Offers,Both,Mobile_Data,20.0,167.14,43109.29,9.0,766.66,No,Yes,No,Not Applicable,Too many ads,-11,2,18.571111111111108,0.00020877170558828502,a39bb9eb0cda489b,
52.0,M,City,Gold Membership,2025-04-17,Yes,Credit/Debit Card Offers,Desktop,Mobile_Data,10.0,153.35,29948.37,0.0,627.74,No,Yes,No,Not Applicable,No reason specified,-11,12,0.0,0.0,9bafe8ff45e3cd82,
43.0,F,City,Basic Membership,2025-04-17,Yes,Without Offers,Desktop,Fiber_Optic,17.0,188.03,34928.91,15.0,1085.6415528593318,Yes,No,Yes,Unsolved,Too many ads,-11,19,12.535333333333334,0.00042944369005502885,9bd7819f1822d0f8,
52.0,M,Town,No Membership,2025-04-17,Yes,Without Offers,Desktop,Fiber_Optic,15.0,601.41,38116.52,9.0,553.04,No,Yes,Yes,Solved,No reason specified,-11,5,66.82333333333332,0.00023611809262755364,b453e5e7fa5c079d,
21.0,F,Village,Platinum Membership,2025-04-17,No,Gift Vouchers/Coupons,Smartphone,Wi-Fi,17.0,159.51,1539.380000000001,0.0,710.27,No,Yes,Yes,Unsolved,No reason specified,-11,2,0.0,0.0,b646559659925fdc,
22.0,F,Town,Silver Membership,2025-04-17,No,Gift Vouchers/Coupons,Smartphone,Mobile_Data,15.0,139.27,38737.47,13.0,0.0,Yes,No,Yes,Solved in Follow-up,Poor Product Quality,-11,19,10.713076923076924,0.00033559238638971515,823806f90255c82d,
62.0,F,Village,Platinum Membership,2025-04-17,Yes,Credit/Debit Card Offers,Smartphone,Wi-Fi,14.0,93.02000000000001,8543.309999999998,19.0,790.68,Yes,No,Yes,No Information Available,No reason specified,-11,13,4.895789473684211,0.002223962375238638,b66195a2713a7526,
53.0,M,City,Premium Membership,2025-04-17,No,Without Offers,Desktop,Mobile_Data,9.0,116.83,62961.95,0.0,1305.8742853094398,Yes,No,Yes,No Information Available,User Friendly Website,-11,8,0.0,0.0,a4889209f6cc1578,
38.0,F,Town,Gold Membership,2025-04-17,No,Gift Vouchers/Coupons,Desktop,Mobile_Data,15.0,165.98,21808.56,0.0,832.28,No,Yes,Yes,No Information Available,User Friendly Website,-11,9,0.0,0.0,8b555c9225dee59b,
47.0,M,City,Platinum Membership,2025-04-17,Yes,Gift Vouchers/Coupons,Desktop,Wi-Fi,9.0,37.58000000000001,43761.01,20.0,772.44,Yes,No,Yes,Unsolved,Poor Customer Service,-11,6,1.8790000000000007,0.00045702784282172646,bfce1f3c2eeb0ee6,
43.0,F,City,Basic Membership,2025-04-17,No,Without Offers,Smartphone,Wi-Fi,9.0,33.379999999999995,3011.310000000005,29.0,655.73,Yes,No,Yes,Solved,No reason specified,-11,22,1.1510344827586205,0.009630360208679927,a2ed24b2e72d2055,
10.0,F,Town,Gold Membership,2025-04-17,Yes,Gift Vouchers/Coupons,Desktop,Fiber_Optic,7.0,525.22,53725.34,19.0,1121.1085560029524,No,Yes,No,Not Applicable,Products always in Stock,-11,13,27.643157894736845,0.0003536506237094079,bbb20f9d94253c4c,
49.0,F,Town,No Membership,2025-04-17,No,Credit/Debit Card Offers,Both,Wi-Fi,15.0,433.53,31981.84,17.0,904.9211589572168,Yes,No,Yes,Unsolved,Poor Product Quality,-11,11,25.50176470588235,0.0005315516555645329,b2663cf25ddb9ff6,
48.0,M,Town,No Membership,2025-04-17,No,Gift Vouchers/Coupons,Smartphone,Fiber_Optic,13.0,292.31,14145.32,23.0,538.64,No,Yes,Yes,Unsolved,Too many ads,-11,0,12.709130434782608,0.0016259794758973285,92e04b9ff74d5882,
58.0,M,Village,Basic Membership,2025-04-17,Yes,Without Offers,Smartphone,Fiber_Optic,13.0,247.05,27888.49,28.0,614.63,Yes,No,No,Not Applicable,Poor Website,-11,3,8.823214285714286,0.0010039984237224747,b927f385b8e25fa4,
26.0,F,City,Gold Membership,2025-04-17,No,Credit/Debit Card Offers,Desktop,Wi-Fi,6.0,150.51,25099.14,0.0,670.14,No,Yes,Yes,Unsolved,Poor Product Quality,-11,8,0.0,0.0,980058450e616bbf,
43.0,M,Town,Basic Membership,2025-04-17,Yes,Credit/Debit Card Offers,Both,Mobile_Data,13.0,238.26,5686.760000000002,25.0,655.7,Yes,No,No,Not Applicable,No reason specified,-11,1,9.5304,0.0043961763816303115,930fbfcdf4831eee,
29.0,F,City,Gold Membership,2025-04-17,No,Gift Vouchers/Coupons,Desktop,Wi-Fi,10.0,93.47,16612.6,24.0,711.48,No,Yes,Yes,Unsolved,Poor Product Quality,-11,7,3.8945833333333333,0.0014446865632110567,96f41f800b013ec3,
42.0,M,Town,Platinum Membership,2025-04-17,No,Gift Vouchers/Coupons,Smartphone,Fiber_Optic,5.0,46.859999999999985,46237.68,0.0,799.43,Yes,No,Yes,Solved,Products always in Stock,-11,12,0.0,0.0,bcd2cfa4e1d11ae3,
64.0,M,Town,Silver Membership,2025-04-17,No,Credit/Debit Card Offers,Desktop,Fiber_Optic,14.0,689.47,36340.44,17.0,641.66,Yes,Yes,No,Not Applicable,Poor Website,-11,2,40.55705882352942,0.000467798408604849,9e7c61db9c9863a6,
16.0,M,Village,Premium Membership,2025-04-17,No,Credit/Debit Card Offers,Desktop,Mobile_Data,8.0,33.5,68865.15,13.0,723.52,No,Yes,No,Not Applicable,Products always in Stock,-11,13,2.576923076923077,0.00018877472858187344,8f4c1bddf8009c6e,
45.0,M,Town,Gold Membership,2025-04-17,No,Credit/Debit Card Offers,Desktop,Mobile_Data,17.0,197.27,19640.759999999995,7.0,708.18,No,Yes,Yes,Solved in Follow-up,Poor Website,-11,16,28.181428571428572,0.0003564016871037578,992350f636dd01c9,
58.0,F,Town,No Membership,2025-04-17,No,Gift Vouchers/Coupons,Smartphone,Mobile_Data,3.0,186.77,13508.989999999998,5.0,668.92,No,Yes,Yes,Unsolved,Poor Product Quality,-11,16,37.354,0.00037012389527270366,8a8f35cc5b424183,
26.0,M,Town,Basic Membership,2025-04-17,Yes,Without Offers,Smartphone,Fiber_Optic,11.0,230.34,20606.46,23.0,644.53,Yes,No,Yes,Solved,Poor Customer Service,-11,8,10.014782608695652,0.00111615483688125,9d63a7a06d0f3b11,
28.0,M,City,No Membership,2025-04-17,Yes,Credit/Debit Card Offers,Desktop,Wi-Fi,11.0,42.03,42772.49,5.0,654.69,Yes,No,No,Not Applicable,Poor Customer Service,-11,17,8.406,0.00011689756663687338,a287c82c1de75f03,
28.0,M,City,Premium Membership,2025-04-17,Yes,Gift Vouchers/Coupons,Desktop,Fiber_Optic,16.0,541.85,25736.04,9.0,820.24,Yes,No,No,Not Applicable,Products always in Stock,-11,19,60.205555555555556,0.00034970415028885563,a8bf92b5df9c7c1e,
55.0,F,Town,Premium Membership,2025-04-17,Yes,Without Offers,Desktop,Mobile_Data,16.0,90.4,40650.1,26.0,789.79,No,Yes,Yes,Unsolved,Poor Customer Service,-11,14,3.476923076923077,0.0006396048226203626,b3e852281145c650,
47.0,M,Village,Gold Membership,2025-04-17,No,Credit/Debit Card Offers,Smartphone,Mobile_Data,-999.0,99.09,24685.96,18.0,806.34,Yes,No,No,Not Applicable,Quality Customer Care,-11,5,5.505,0.0007291594088299584,9c9fe72be76ef5bf,
53.0,M,Town,No Membership,2025-04-17,No,Gift Vouchers/Coupons,Desktop,Mobile_Data,7.0,214.11,25527.11,23.0,574.35,No,Yes,Yes,No Information Available,No reason specified,-11,10,9.30913043478261,0.0009010028945697339,99c39260bb157632,
30.0,M,City,Silver Membership,2025-04-17,No,Without Offers,Smartphone,Fiber_Optic,7.0,68.76000000000002,9663.239999999998,5.0,666.32,No,Yes,No,Not Applicable,Poor Product Quality,-11,16,13.752000000000004,0.0005174247974799344,ac0bde00b27bf66f,
34.0,M,City,No Membership,2025-04-17,Yes,Gift Vouchers/Coupons,Desktop,Mobile_Data,14.0,94.84,37363.69,21.0,0.0,No,Yes,No,Not Applicable,No reason specified,-11,8,4.516190476190476,0.0005620429887947362,9e12c98376d8ff33,
28.0,F,City,Gold Membership,2025-04-17,No,Gift Vouchers/Coupons,Desktop,Mobile_Data,5.0,87.51000000000002,89407.1,14.0,835.66,No,Yes,No,Not Applicable,Reasonable Price,-11,7,6.250714285714287,0.00015658711668312694,bdebbc5cfc83e9e6,
31.0,M,Town,No Membership,2025-04-17,No,Without Offers,Desktop,Fiber_Optic,12.0,54.58000000000001,28642.67,15.0,621.94,No,Yes,No,Not Applicable,Poor Product Quality,-11,2,3.6386666666666674,0.0005236941947101999,a9a76b589d1f07b4,
60.0,M,Town,No Membership,2025-04-17,No,Credit/Debit Card Offers,Desktop,Fiber_Optic,6.0,92.63,26452.11,21.0,632.83,No,Yes,No,Not Applicable,Too many ads,-11,13,4.410952380952381,0.000793887519747952,afc9571e50a3d303,
15.0,F,City,Basic Membership,2025-04-17,Yes,Without Offers,Desktop,Fiber_Optic,11.0,142.82,37067.17,0.0,604.96,Yes,No,No,Not Applicable,No reason specified,-11,23,0.0,0.0,b430860bb03e0dd5,
20.0,F,City,Gold Membership,2025-04-17,Yes,Without Offers,Smartphone,Wi-Fi,1.0,31.080000000000013,37673.96,0.0,680.77,Yes,No,No,Not Applicable,Poor Product Quality,-11,16,0.0,0.0,8c6710dd73507933,
52.0,M,City,Platinum Membership,2025-04-17,Yes,Gift Vouchers/Coupons,Desktop,Mobile_Data,10.0,47.83000000000001,29261.56,6.0,1076.8066031520384,Yes,No,Yes,No Information Available,Poor Product Quality,-11,13,7.9716666666666685,0.00020504716768347277,87a74f93fdb296fa,
36.0,F,Village,Platinum Membership,2025-04-17,No,Gift Vouchers/Coupons,Smartphone,Wi-Fi,4.0,1091.2472548627084,13947.7,15.0,727.62,Yes,No,No,Not Applicable,Too many ads,-11,22,72.74981699084722,0.001075446130903303,88a009bf6a2a7210,
31.0,M,City,No Membership,2025-04-17,Yes,Gift Vouchers/Coupons,Smartphone,Mobile_Data,23.0,64.95000000000002,3618.9199999999983,19.0,588.44,Yes,No,Yes,Unsolved,No reason specified,-11,12,3.41842105263158,0.005250185138107504,97264718b37d14ed,
25.0,M,Village,Platinum Membership,2025-04-17,No,Credit/Debit Card Offers,Desktop,Wi-Fi,16.0,341.75,30910.86,14.0,787.1,Yes,No,No,Not Applicable,Poor Customer Service,-11,11,24.410714285714285,0.00045291525373283045,a89203da28f796aa,
47.0,M,Town,No Membership,2025-04-17,Yes,Credit/Debit Card Offers,Desktop,Fiber_Optic,14.0,327.53,46593.27,6.0,239.97356439126827,No,Yes,No,Not Applicable,No reason specified,-11,14,54.58833333333333,0.00012877396241989456,a41f1e952078ec16,
64.0,M,City,Premium Membership,2025-04-17,Yes,Gift Vouchers/Coupons,Smartphone,Mobile_Data,18.0,612.7003070437495,1546.619999999999,27.0,712.94,No,Yes,Yes,Unsolved,Poor Website,-11,5,22.692603964583313,0.017457423284323245,bfffd6330732b160,
28.0,F,City,Basic Membership,2025-04-17,No,Gift Vouchers/Coupons,Both,Wi-Fi,18.0,482.62,5050.25,8.0,544.53,Yes,Yes,Yes,Solved,Poor Product Quality,-11,3,60.3275,0.0015840799960398,ba90df57c24ebb56,
37.0,F,Town,No Membership,2025-04-17,No,Credit/Debit Card Offers,Desktop,Mobile_Data,1.0,188.05,8353.400000000001,0.0,697.95,Yes,No,No,Not Applicable,Poor Website,-11,17,0.0,0.0,a5e938a3e668641d,
35.0,M,Town,Silver Membership,2025-04-17,Yes,Gift Vouchers/Coupons,Desktop,Wi-Fi,16.0,202.22,1672.3799999999974,12.0,691.26,Yes,No,No,Not Applicable,No reason specified,-11,2,16.851666666666667,0.0071754027194776415,957f9ce6b0569050,
36.0,F,City,No Membership,2025-04-17,Yes,Without Offers,Smartphone,Fiber_Optic,17.0,48.91999999999999,49771.85,25.0,605.17,No,Yes,No,Not Applicable,No reason specified,-11,0,1.9567999999999994,0.0005022919582052908,99352230aed272b1,
11.0,F,Town,Silver Membership,2025-04-17,Yes,Without Offers,Both,Wi-Fi,8.0,0.0,26169.66,24.0,0.0,No,Yes,Yes,No Information Available,Poor Product Quality,-11,18,0.0,0.000917092541515633,b21ba414743d491f,
56.0,M,Town,No Membership,2025-04-17,No,Without Offers,Desktop,Wi-Fi,22.0,134.21,16790.96,17.0,556.18,No,Yes,Yes,Unsolved,Too many ads,-11,8,7.894705882352942,0.0010124495561897593,9aafd2d7159e8a26,
12.0,F,City,Basic Membership,2025-04-17,No,Without Offers,Smartphone,Mobile_Data,-999.0,466.42,10644.34,21.0,690.31,Yes,No,No,Not Applicable,Poor Product Quality,-11,18,22.210476190476193,0.001972879483368626,9228b29b28189f12,
36.0,M,Town,Basic Membership,2025-04-17,Yes,Gift Vouchers/Coupons,Desktop,Fiber_Optic,14.0,49.69,13120.419999999998,14.0,0.0,No,Yes,Yes,No Information Available,No reason specified,-11,6,3.549285714285714,0.0010670390124706375,abbeb50e5c0ec041,
55.0,F,City,Platinum Membership,2025-04-17,No,Without Offers,Desktop,Wi-Fi,-999.0,71.22999999999999,12459.11,10.0,756.8,Yes,No,Yes,Unsolved,Poor Customer Service,-11,21,7.122999999999999,0.0008026255486948907,82e64b4de656ffa1,
35.0,M,City,Silver Membership,2025-04-17,Yes,Gift Vouchers/Coupons,Desktop,Fiber_Optic,4.0,1178.7465296066391,14398.86,25.0,735.85,Yes,Yes,Yes,Unsolved,Poor Customer Service,-11,21,47.14986118426557,0.0017362485641224375,b67e742d912d8f5e,
17.0,F,Village,Silver Membership,2025-04-17,Yes,Credit/Debit Card Offers,Smartphone,Fiber_Optic,18.0,67.52000000000001,19534.89,14.0,612.42,Yes,No,No,Not Applicable,No reason specified,-11,2,4.822857142857144,0.0007166664363095979,acb443a4063aef8a,
52.0,M,City,Premium Membership,2025-04-17,Yes,Gift Vouchers/Coupons,Smartphone,Fiber_Optic,18.0,283.52,31471.21,13.0,725.34,Yes,No,Yes,No Information Available,Poor Website,-11,22,21.80923076923077,0.0004130759510041082,bbf056dd7b16920f,
29.0,M,City,Gold Membership,2025-04-17,Yes,Credit/Debit Card Offers,Desktop,Wi-Fi,23.0,1082.154638196134,46742.29,12.0,704.28,No,Yes,No,Not Applicable,Poor Product Quality,-11,18,90.17955318301118,0.0002567268313127149,9d5a04abf4c341f8,
30.0,F,City,Gold Membership,2025-04-17,No,Without Offers,Smartphone,Mobile_Data,15.0,163.52,81937.19999999998,9.0,768.68,Yes,No,No,Not Applicable,Products always in Stock,-11,16,18.16888888888889,0.00010984021909462372,99c570db90d20df2,
54.0,M,City,No Membership,2025-04-17,No,Without Offers,Desktop,Mobile_Data,-999.0,334.05,41824.57,25.0,565.54,Yes,No,No,Not Applicable,Too many ads,-11,4,13.362,0.0005977347764722985,afb5e8ea52ae1659,
48.0,F,City,Silver Membership,2025-04-17,No,Without Offers,Smartphone,Fiber_Optic,16.0,164.83,6032.389999999999,18.0,1072.425536171135,No,Yes,Yes,Solved in Follow-up,No reason specified,-11,12,9.157222222222224,0.0029838919565876878,a229dea96bb9085d,
49.0,F,Town,Silver Membership,2025-04-17,No,Credit/Debit Card Offers,Desktop,Wi-Fi,10.0,303.57,43675.66,5.0,676.64,No,Yes,Yes,Solved in Follow-up,Poor Website,-11,10,60.714,0.0001144802391080066,adbed9c9e5d0d0a5,
53.0,F,Village,Basic Membership,2025-04-17,Yes,Without Offers,Desktop,Wi-Fi,1.0,713.74,7118.91,16.0,256.7687953096491,Yes,No,Yes,Solved,No reason specified,-11,15,44.60875,0.002247535086129759,a3e303a2d23e46b7,
19.0,F,City,Silver Membership,2025-04-17,Yes,Without Offers,Both,Wi-Fi,7.0,695.22,42147.89,15.0,614.64,Yes,No,Yes,Solved in Follow-up,No reason specified,-11,8,46.348,0.0003558897017146054,8d6f8d95467c5b9f,
58.0,F,City,No Membership,2025-04-17,Yes,Without Offers,Desktop,Mobile_Data,16.0,36.66,49743.62,25.0,661.36,No,Yes,No,Not Applicable,Poor Customer Service,-11,2,1.4664,0.0005025770138964554,b683de42af46844c,
40.0,F,City,Gold Membership,2025-04-17,Yes,Without Offers,Desktop,Mobile_Data,11.0,116.23,31636.26,24.0,737.23,No,Yes,Yes,Unsolved,Too many ads,-11,0,4.8429166666666665,0.0007586231748000554,8f6024b7d3e06851,
50.0,M,Town,Silver Membership,2025-04-17,No,Without Offers,Desktop,Mobile_Data,9.0,127.87,31372.8,17.0,1307.3367790052096,Yes,No,No,Not Applicable,Poor Customer Service,-11,16,7.521764705882354,0.0005418706650346797,b1d637951723f1b9,
40.0,M,City,Silver Membership,2025-04-17,Yes,Without Offers,Desktop,Fiber_Optic,16.0,31.580000000000013,12662.89,6.0,0.0,No,Yes,No,Not Applicable,Poor Website,-11,19,5.263333333333335,0.0004738254853354961,abc370f57b7da4a2,
19.0,F,Village,Gold Membership,2025-04-17,Yes,Without Offers,Smartphone,Fiber_Optic,10.0,33.609999999999985,96603.41,35.30980322765876,790.25,No,Yes,No,Not Applicable,Reasonable Price,-11,18,0.9518603030240822,0.0003655130106448495,a176446a279bc838,
25.0,F,Town,Silver Membership,2025-04-17,No,Credit/Debit Card Offers,Both,Mobile_Data,20.0,379.89,49684.14,17.0,160.1373715472938,Yes,Yes,No,Not Applicable,Too many ads,-11,15,22.34647058823529,0.0003421615026445059,8eefa50180b03056,
50.0,F,Town,Basic Membership,2025-04-17,No,Credit/Debit Card Offers,Smartphone,Fiber_Optic,13.0,132.1,16548.0,18.0,634.84,No,Yes,No,Not Applicable,Too many ads,-11,8,7.338888888888889,0.0010877447425670776,bf7c48621462a70b,
59.0,F,Town,Basic Membership,2025-04-17,Yes,Credit/Debit Card Offers,Smartphone,Mobile_Data,10.0,308.48,3073.040000000001,22.0,648.39,Yes,No,Yes,Solved,Poor Product Quality,-11,18,14.021818181818183,0.007159034701793661,a223697eae4c49f1,
59.0,F,Town,Silver Membership,2025-04-17,No,Gift Vouchers/Coupons,Desktop,Fiber_Optic,9.0,158.55,19884.97,28.0,722.66,Yes,No,Yes,Solved,Too many ads,-11,21,5.6625000000000005,0.001408098679555463,bb42d6f57b973c9c,
36.0,M,City,Silver Membership,2025-04-17,Yes,Gift Vouchers/Coupons,Smartphone,Fiber_Optic,19.0,89.51000000000002,18849.45,15.0,1189.4238251185338,No,Yes,Yes,No Information Available,Poor Product Quality,-11,1,5.967333333333334,0.0007957791871911382,8dfc2643465898f2,
36.0,M,City,Silver Membership,2025-04-17,Yes,Credit/Debit Card Offers,Desktop,Mobile_Data,-999.0,0.0,90412.05000000002,18.0,764.45,Yes,No,No,Not Applicable,User Friendly Website,-11,1,0.0,0.00019908850645461524,906116e386068378,
28.0,M,Town,Basic Membership,2025-04-17,No,Credit/Debit Card Offers,Both,Wi-Fi,16.0,0.0,18355.79,27.0,515.96,Yes,No,Yes,Solved,Too many ads,-11,17,0.0,0.0014709255226824888,ac1841cb202b538c,
55.0,M,Town,Gold Membership,2025-04-17,Yes,Without Offers,Desktop,Fiber_Optic,16.0,295.65,20776.31,19.0,684.67,No,Yes,No,Not Applicable,No reason specified,-11,4,15.560526315789472,0.0009145031047380405,a99c9235798bd4ac,
26.0,F,Town,Silver Membership,2025-04-17,No,Without Offers,Both,Fiber_Optic,4.0,208.26,24120.78,6.0,734.08,Yes,No,Yes,No Information Available,Poor Product Quality,-11,3,34.71,0.00024874817481026736,ab2205cb59a3b472,
29.0,F,City,No Membership,2025-04-18,No,Gift Vouchers/Coupons,Desktop,Fiber_Optic,2.0,203.74,5320.649999999998,24.0,624.57,No,Yes,No,Not Applicable,No reason specified,-11,18,8.489166666666668,0.004510727072820052,8258c4c64fe7a34d,
42.0,F,Town,Gold Membership,2025-04-18,No,Credit/Debit Card Offers,Desktop,Mobile_Data,8.0,34.40999999999997,9945.420000000002,19.0,702.81,Yes,No,No,Not Applicable,Poor Product Quality,-11,4,1.8110526315789457,0.0019104271111727807,ab4086c4b4fdaf32,
35.0,F,Village,Silver Membership,2025-04-18,No,Credit/Debit Card Offers,Smartphone,Mobile_Data,9.0,0.0,29340.37,9.0,736.86,No,Yes,Yes,Unsolved,Quality Customer Care,-11,10,0.0,0.0003067445979720092,974c8e39a22fd8ec,
31.0,F,Town,Basic Membership,2025-04-18,No,Gift Vouchers/Coupons,Smartphone,Wi-Fi,7.0,0.0,16425.019999999997,0.0,518.34,No,Yes,Yes,Solved,Poor Customer Service,-11,19,0.0,0.0,bdd46309764ca9e8,
54.0,M,City,Gold Membership,2025-04-18,No,Credit/Debit Card Offers,Desktop,Mobile_Data,10.0,277.57,40630.17,9.0,787.75,No,Yes,No,Not Applicable,Too many ads,-11,18,30.84111111111111,0.00022151027180048719,b7495909c517d404,
23.0,M,City,Premium Membership,2025-04-18,No,Credit/Debit Card Offers,Desktop,Fiber_Optic,19.999999999999993,976.1010784490136,6451.02,23.0,764.44,Yes,No,No,Not Applicable,Poor Product Quality,-11,3,42.439177323870155,0.0035653276536113665,ba40d82918c39f70,
53.0,M,City,Silver Membership,2025-04-18,No,Credit/Debit Card Offers,Desktop,Fiber_Optic,4.0,58.38999999999996,15698.860000000002,12.0,680.0,Yes,No,No,Not Applicable,No reason specified,-11,20,4.86583333333333,0.000764386713430147,91590561e46ac2fd,
51.0,M,Village,Platinum Membership,2025-04-18,Yes,Gift Vouchers/Coupons,Smartphone,Fiber_Optic,8.0,665.3900000000001,12558.34,24.0,790.93,Yes,Yes,No,Not Applicable,Poor Product Quality,-11,16,27.72458333333334,0.0019110806046022007,868231c2cb0262ac,
55.0,M,City,Silver Membership,2025-04-18,Yes,Gift Vouchers/Coupons,Desktop,Wi-Fi,2.0,241.11,31176.73,25.0,623.66,No,Yes,Yes,Solved in Follow-up,Poor Product Quality,-11,10,9.644400000000001,0.0008018801202050376,a5be07e24b6530f0,
33.0,F,City,Silver Membership,2025-04-18,No,Without Offers,Desktop,Wi-Fi,7.0,208.14,40943.13,14.0,696.33,Yes,No,Yes,Solved in Follow-up,Poor Website,-11,21,14.867142857142856,0.0003419377072539398,90d497a7becd78c5,
63.0,M,City,No Membership,2025-04-18,No,Without Offers,Smartphone,Mobile_Data,19.999999999999993,376.74,44263.48,14.0,704.01,Yes,No,Yes,Solved in Follow-up,No reason specified,-11,16,26.91,0.0003162878291539662,a6b174b357ad63a4,
28.0,F,Town,Gold Membership,2025-04-18,No,Gift Vouchers/Coupons,Desktop,Wi-Fi,20.999999999999993,341.25,35453.71,0.0,774.73,No,Yes,No,Not Applicable,Poor Website,-11,8,0.0,0.0,b63e220079a10188,
38.0,F,Town,Platinum Membership,2025-04-18,Yes,Gift Vouchers/Coupons,Smartphone,Fiber_Optic,-999.0,1483.46,35146.91,18.0,778.92,Yes,No,Yes,No Information Available,Products always in Stock,-11,23,82.41444444444444,0.0005121360597560354,999512f3713cb539,
49.0,M,City,Platinum Membership,2025-04-18,No,Credit/Debit Card Offers,Desktop,Fiber_Optic,14.0,0.0,94786.43,9.0,0.0,No,Yes,Yes,Solved in Follow-up,User Friendly Website,-11,19,0.0,9.495030037527525e-05,803623cfb4be4c8f,
23.0,M,Town,Basic Membership,2025-04-18,No,Gift Vouchers/Coupons,Smartphone,Wi-Fi,13.0,930.4149253983736,42871.94,9.0,0.0,No,Yes,No,Not Applicable,Poor Website,-11,21,103.37943615537485,0.00020992751902526452,b658be15ec8129c3,
14.0,F,Town,Gold Membership,2025-04-18,No,Credit/Debit Card Offers,Desktop,Mobile_Data,9.0,75.88,31205.37,24.0,608.29,Yes,No,No,Not Applicable,Too many ads,-11,20,3.1616666666666666,0.0007690983955646096,a4c2068881f2424a,
36.0,M,Town,Silver Membership,2025-04-18,No,Credit/Debit Card Offers,Smartphone,Fiber_Optic,12.0,179.84,28840.29,18.0,760.3,No,Yes,Yes,No Information Available,No reason specified,-11,20,9.991111111111111,0.0006241268725106439,a0c7f66041316e6e,
21.0,M,Town,No Membership,2025-04-18,No,Credit/Debit Card Offers,Desktop,Wi-Fi,8.0,0.0,43206.32,5.000000000000002,716.51,Yes,No,No,Not Applicable,Poor Website,-11,6,0.0,0.00011572381077583098,9873da0146bad9d6,
33.0,M,Village,Platinum Membership,2025-04-18,Yes,Without Offers,Smartphone,Mobile_Data,-999.0,675.98,86516.39,11.0,726.52,No,Yes,No,Not Applicable,Products always in Stock,-11,7,61.45272727272727,0.00012714353892944447,8017f576c60547b5,
54.0,M,Town,Basic Membership,2025-04-18,No,Gift Vouchers/Coupons,Desktop,Fiber_Optic,10.0,83.13999999999999,14207.44,7.0,525.25,No,Yes,Yes,No Information Available,Poor Customer Service,-11,13,11.877142857142855,0.0004926995996463824,a1373f5dacc8b5dc,
15.0,F,Town,Silver Membership,2025-04-18,Yes,Without Offers,Smartphone,Wi-Fi,13.0,41.360000000000014,35318.12,25.0,686.99,Yes,No,No,Not Applicable,Poor Website,-11,15,1.6544000000000005,0.0007078519468193663,ba704261590a8630,
51.0,F,Town,No Membership,2025-04-18,Yes,Credit/Debit Card Offers,Desktop,Mobile_Data,14.0,267.73,41026.92,10.0,1039.075617819626,Yes,Yes,Yes,Unsolved,Poor Customer Service,-11,5,26.773000000000003,0.00024374240133063853,b37f107f6fb68f79,
49.0,M,City,Silver Membership,2025-04-18,No,Without Offers,Desktop,Fiber_Optic,16.999999999999993,145.26,37379.58,16.0,1067.2884559585077,No,Yes,No,Not Applicable,Too many ads,-11,12,9.07875,0.00042804119254416447,b3f5f31980cd53cf,
37.0,M,City,Basic Membership,2025-04-18,No,Without Offers,Desktop,Mobile_Data,12.0,38.21000000000001,44655.98,24.0,0.0,Yes,No,No,Not Applicable,Poor Product Quality,-11,13,1.5920833333333337,0.0005374420178439707,9aedd791c7641664,
16.0,M,Town,No Membership,2025-04-18,Yes,Without Offers,Desktop,Fiber_Optic,18.999999999999993,175.81,39138.41,26.0,0.0,No,Yes,No,Not Applicable,Poor Website,-11,21,6.761923076923077,0.0006643090508786637,b97b22e66bd2bb66,
15.0,M,City,Basic Membership,2025-04-18,Yes,Without Offers,Desktop,Fiber_Optic,11.0,265.19,19363.48,12.0,854.0357195251011,Yes,No,No,Not Applicable,Too many ads,-11,19,22.099166666666665,0.0006197233141976545,9ba2b1d7bd14b81e,
57.0,M,City,Silver Membership,2025-04-18,No,Credit/Debit Card Offers,Smartphone,Mobile_Data,5.0,70.13999999999999,30633.96,22.0,946.6311935935698,Yes,No,Yes,No Information Available,No reason specified,-11,4,3.1881818181818176,0.0007181572346506949,8a03be55a0e9ae85,
59.0,F,Town,Basic Membership,2025-04-18,Yes,Credit/Debit Card Offers,Desktop,Wi-Fi,19.999999999999993,45.97999999999999,24864.11,27.0,686.6,Yes,No,Yes,No Information Available,Poor Customer Service,-11,12,1.7029629629629626,0.0010859025318018622,a89fd868a2020439,
42.0,M,City,No Membership,2025-04-18,Yes,Without Offers,Both,Wi-Fi,17.999999999999993,326.67,44498.33,13.0,646.5,Yes,Yes,Yes,No Information Available,Poor Customer Service,-11,21,25.12846153846154,0.00029214579513433425,b4c93a0b2c1743ff,
42.0,M,Town,No Membership,2025-04-18,No,Without Offers,Smartphone,Mobile_Data,21.999999999999993,1183.6816650142655,9327.630000000001,5.000000000000002,524.91,Yes,Yes,No,Not Applicable,Poor Product Quality,-11,8,236.736333002853,0.0005360418455706327,93df77ce17acf1dd,
44.0,M,City,Silver Membership,2025-04-18,No,Credit/Debit Card Offers,Desktop,Fiber_Optic,11.0,0.0,12797.259999999998,0.0,707.65,Yes,No,No,Not Applicable,Poor Product Quality,-11,4,0.0,0.0,a1dc9ca88aff2594,
33.0,F,Town,Premium Membership,2025-04-18,No,Without Offers,Desktop,Mobile_Data,23.999999999999993,50.94999999999999,50852.53,18.0,1139.6022366993147,Yes,No,No,Not Applicable,User Friendly Website,-11,21,2.830555555555555,0.0003539646896624416,94fd73cdc0c9fb7e,
56.0,M,City,Gold Membership,2025-04-18,No,Credit/Debit Card Offers,Smartphone,Wi-Fi,8.0,31.610000000000014,16656.89,20.0,456.93004602531687,No,Yes,No,Not Applicable,No reason specified,-11,11,1.5805000000000007,0.0012007043331618327,85ea2010ad4c945a,
23.0,M,Village,No Membership,2025-04-18,No,Credit/Debit Card Offers,Desktop,Mobile_Data,25.999999999999993,59.03,45936.16,17.0,501.44,No,Yes,No,Not Applicable,Too many ads,-11,15,3.472352941176471,0.0003700788224353102,a96f95a6bf1821e2,
31.0,M,Town,No Membership,2025-04-18,Yes,Gift Vouchers/Coupons,Desktop,Wi-Fi,15.0,142.49,46065.02,13.0,675.87,No,Yes,Yes,Solved,Too many ads,-11,3,10.960769230769232,0.00028220979823736104,ad370de672e242aa,
31.0,M,Village,No Membership,2025-04-18,No,Without Offers,Both,Mobile_Data,5.0,402.07,38819.88,20.0,633.94,No,Yes,No,Not Applicable,Poor Website,-11,14,20.1035,0.0005151999439462462,9ae2e1273528a3f4,
16.0,M,City,Basic Membership,2025-04-18,Yes,Gift Vouchers/Coupons,Smartphone,Fiber_Optic,-999.0,59.45000000000002,11185.079999999998,22.0,615.12,No,Yes,No,Not Applicable,Poor Customer Service,-11,8,2.702272727272728,0.001966905913949655,81a56c04cecabff2,
36.0,M,City,No Membership,2025-04-18,No,Without Offers,Smartphone,Wi-Fi,4.0,30.189999999999998,30368.7,16.0,1120.7420593975935,Yes,No,Yes,Unsolved,No reason specified,-11,9,1.8868749999999999,0.0005268582454961852,860d1537a787565a,
42.0,F,City,Gold Membership,2025-04-18,No,Credit/Debit Card Offers,Both,Fiber_Optic,11.0,337.55,43656.04,14.0,768.83,Yes,Yes,No,Not Applicable,Products always in Stock,-11,22,24.110714285714288,0.0003206887294404165,99ea67542e446b24,
64.0,M,Town,No Membership,2025-04-18,No,Gift Vouchers/Coupons,Desktop,Wi-Fi,12.0,318.95,8742.34,21.0,552.2,Yes,No,Yes,Solved,No reason specified,-11,19,15.188095238095238,0.0024021028694834563,925e675f7c7c1670,
55.0,M,City,Premium Membership,2025-04-18,Yes,Gift Vouchers/Coupons,Desktop,Fiber_Optic,20.999999999999993,33.710000000000036,35244.72,29.0,745.61,No,Yes,No,Not Applicable,Too many ads,-11,13,1.1624137931034495,0.0008228182831357434,a3a04b6e93831450,
42.0,F,City,Basic Membership,2025-04-18,No,Without Offers,Smartphone,Fiber_Optic,15.0,182.45,20641.84,11.0,670.49,No,Yes,No,Not Applicable,Too many ads,-11,3,16.586363636363636,0.0005328982300027517,b9fecc5537e7648a,
55.0,F,Town,Platinum Membership,2025-04-18,No,Without Offers,Smartphone,Fiber_Optic,14.0,224.99,6047.850000000002,6.0,1064.1437444781195,Yes,No,Yes,Unsolved,No reason specified,-11,1,37.498333333333335,0.0009920880974230509,b43adb8f373c4b1a,
56.0,F,City,No Membership,2025-04-18,No,Credit/Debit Card Offers,Smartphone,Fiber_Optic,21.999999999999993,133.48,4603.170000000002,19.0,610.47,Yes,No,No,Not Applicable,No reason specified,-11,7,7.025263157894736,0.004127590334486885,bd12fc7f79801b6a,
56.0,F,City,Basic Membership,2025-04-18,Yes,Gift Vouchers/Coupons,Desktop,Mobile_Data,5.0,798.01,2353.790000000001,27.0,647.28,Yes,Yes,No,Not Applicable,Poor Product Quality,-11,5,29.555925925925926,0.011470861886574413,9ef523d28e4227e0,
48.0,M,Town,No Membership,2025-04-18,No,Credit/Debit Card Offers,Desktop,Mobile_Data,4.0,212.01,40451.85,29.0,607.02,No,Yes,Yes,Solved,Poor Website,-11,13,7.310689655172413,0.0007169016991806309,a7a51d6132762f99,
60.0,M,City,No Membership,2025-04-18,Yes,Gift Vouchers/Coupons,Smartphone,Wi-Fi,13.0,145.54,16836.47,28.0,0.0,No,Yes,No,Not Applicable,Poor Website,-11,13,5.197857142857143,0.001663056448293496,be73844b7d9c6dbd,
37.0,M,City,Gold Membership,2025-04-18,Yes,Credit/Debit Card Offers,Both,Wi-Fi,13.0,1482.8831738386334,30806.13,29.0,713.77,Yes,Yes,Yes,Solved,Poor Product Quality,-11,3,51.133902546159774,0.0009413710842614765,abe735cbe14c47cc,
48.0,M,Town,No Membership,2025-04-18,No,Without Offers,Smartphone,Mobile_Data,9.0,1248.0415494321398,27201.6,19.0,617.71,Yes,No,No,Not Applicable,Too many ads,-11,10,65.68639733853368,0.0006984883242162226,b2079b7514d3115f,
13.0,F,Village,No Membership,2025-04-18,No,Credit/Debit Card Offers,Desktop,Fiber_Optic,12.0,0.0,39001.6,16.0,694.3,No,Yes,Yes,No Information Available,Poor Customer Service,-11,18,0.0,0.00041023957991467017,9996889300237ff2,
32.0,F,City,Basic Membership,2025-04-18,Yes,Without Offers,Desktop,Wi-Fi,10.0,34.75999999999996,19010.25,13.0,600.83,Yes,No,No,Not Applicable,No reason specified,-11,7,2.673846153846151,0.0006838416117620757,b4aabfb83a6f715e,
63.0,M,City,No Membership,2025-04-18,Yes,Credit/Debit Card Offers,Desktop,Fiber_Optic,5.0,61.55000000000001,35519.23,25.0,663.16,Yes,No,Yes,No Information Available,Too many ads,-11,15,2.4620000000000006,0.0007038440867102129,b22279caed895130,
57.0,M,Town,Basic Membership,2025-04-18,Yes,Without Offers,Desktop,Mobile_Data,11.0,140.78,2325.6800000000003,15.0,612.13,No,Yes,No,Not Applicable,Too many ads,-11,2,9.385333333333334,0.00644972653159506,9370766ff3ccabfb,
25.0,M,City,Gold Membership,2025-04-18,No,Without Offers,Smartphone,Fiber_Optic,5.0,443.61,4832.77,15.0,964.550021541274,No,Yes,No,Not Applicable,Poor Customer Service,-11,8,29.574,0.0031038100302724935,932c286fc7371025,
22.0,F,Town,Basic Membership,2025-04-18,No,Credit/Debit Card Offers,Smartphone,Fiber_Optic,4.0,377.06,2307.34,22.0,643.52,No,Yes,Yes,Solved,Too many ads,-11,6,17.13909090909091,0.009534788977783941,b4268a4d9ddf79c1,
50.0,M,Town,Basic Membership,2025-04-18,Yes,Credit/Debit Card Offers,Smartphone,Mobile_Data,21.999999999999993,0.0,26610.83,5.000000000000002,654.25,No,Yes,No,Not Applicable,Poor Customer Service,-11,21,0.0,0.0001878934253459964,ac5a491fa5de75af,
25.0,M,City,Platinum Membership,2025-04-18,Yes,Without Offers,Both,Fiber_Optic,11.0,612.86,8258.36,0.0,0.0,Yes,No,Yes,No Information Available,Poor Product Quality,-11,4,0.0,0.0,b06f1df1c7fa14ef,
29.0,F,Town,Gold Membership,2025-04-18,No,Gift Vouchers/Coupons,Both,Fiber_Optic,7.0,1787.9763552402833,17169.34,8.0,536.6887030065034,No,Yes,No,Not Applicable,Poor Product Quality,-11,16,223.4970444050354,0.0004659468564312897,ba8dcbab2466e0c3,
35.0,M,City,Basic Membership,2025-04-18,Yes,Credit/Debit Card Offers,Desktop,Mobile_Data,12.0,253.88,37448.68,8.0,545.05,No,Yes,Yes,Unsolved,Poor Customer Service,-11,19,31.735,0.00021362568720713254,8ffa3b1a5ec80d85,
10.0,F,City,Basic Membership,2025-04-18,No,Gift Vouchers/Coupons,Desktop,Wi-Fi,18.999999999999993,199.74,3884.5999999999985,16.0,616.12,No,Yes,Yes,Solved,Poor Customer Service,-11,16,12.48375,0.004118828193378985,9e1eb74b6391eb02,
42.0,M,City,Basic Membership,2025-04-18,Yes,Without Offers,Both,Fiber_Optic,14.0,372.1,14712.51,44.19219262106336,605.31,Yes,No,Yes,No Information Available,Poor Website,-11,13,8.420039331170132,0.003003715383783145,adcfc6b59f33871c,
33.0,M,City,No Membership,2025-04-18,Yes,Credit/Debit Card Offers,Desktop,Wi-Fi,11.0,224.6,16851.68,14.0,652.37,Yes,No,Yes,No Information Available,Poor Product Quality,-11,0,16.04285714285714,0.000830777702875915,be8d2a3839a287d9,
59.0,F,Town,Gold Membership,2025-04-18,No,Gift Vouchers/Coupons,Smartphone,Fiber_Optic,-999.0,235.5,41869.74,12.0,662.32,No,Yes,Yes,Solved in Follow-up,Poor Customer Service,-11,1,19.625,0.00028660316495875067,a48aeb73f2ca783a,
48.0,M,Village,Gold Membership,2025-04-18,No,Without Offers,Desktop,Wi-Fi,21.999999999999993,315.77,12046.46,20.0,788.47,Yes,Yes,No,Not Applicable,Poor Product Quality,-11,14,15.788499999999999,0.0016602387755406984,a6f33ce06efeafb8,
46.0,M,Village,No Membership,2025-04-18,No,Credit/Debit Card Offers,Desktop,Wi-Fi,6.0,109.79000000000002,849.3499999999949,28.0,688.35,No,Yes,Yes,Unsolved,No reason specified,-11,0,3.9210714285714294,0.032966386059928375,b9136a8e9931c939,
52.0,M,City,No Membership,2025-04-18,Yes,Gift Vouchers/Coupons,Smartphone,Wi-Fi,11.0,138.14,37169.18,25.0,654.39,No,Yes,No,Not Applicable,No reason specified,-11,4,5.5256,0.0006726002564490257,bbfe9407493676bf,
46.0,F,Town,Gold Membership,2025-04-18,No,Gift Vouchers/Coupons,Desktop,Mobile_Data,15.0,0.0,84344.91,18.0,771.75,No,Yes,Yes,No Information Available,User Friendly Website,-11,2,0.0,0.00021340943988202725,99c83b5b55580463,
50.0,F,Town,Gold Membership,2025-04-18,No,Gift Vouchers/Coupons,Desktop,Fiber_Optic,-999.0,301.18,6188.200000000001,23.0,692.76,Yes,No,No,Not Applicable,Poor Website,-11,2,13.094782608695652,0.0037167512362237805,afbe52b65cc54038,
40.0,F,Village,Basic Membership,2025-04-18,No,Without Offers,Smartphone,Wi-Fi,10.0,77.88,26021.49,8.0,648.47,No,Yes,No,Not Applicable,No reason specified,-11,18,9.735,0.0003074381981969518,9a4bba3025b961b0,
29.0,M,City,Premium Membership,2025-04-18,No,Without Offers,Desktop,Wi-Fi,2.0,34.849999999999994,39440.27,12.0,762.07,Yes,No,Yes,Unsolved,No reason specified,-11,6,2.9041666666666663,0.0003042575519893754,9423da7ef9423dde,
12.0,M,City,Gold Membership,2025-04-18,Yes,Without Offers,Smartphone,Wi-Fi,5.0,679.19,24712.27,23.0,628.73,Yes,Yes,Yes,Unsolved,No reason specified,-11,19,29.53,0.0009307117476460074,b65bb9d0e287b9cf,
37.0,M,Village,Basic Membership,2025-04-18,Yes,Without Offers,Smartphone,Wi-Fi,10.0,145.74,4394.999999999996,18.0,601.52,No,Yes,Yes,No Information Available,Poor Product Quality,-11,18,8.096666666666668,0.004095563139931744,ba28781d657924ac,
13.0,F,Town,Silver Membership,2025-04-18,No,Without Offers,Both,Fiber_Optic,15.0,597.55,80750.89,19.0,631.5172764382703,Yes,No,Yes,Unsolved,Quality Customer Care,-11,3,31.45,0.00023529152434109395,ae89602dddd466f4,
58.0,M,Town,No Membership,2025-04-18,Yes,Without Offers,Smartphone,Fiber_Optic,15.0,126.20999999999998,29392.7,20.0,687.01,Yes,No,No,Not Applicable,No reason specified,-11,1,6.310499999999999,0.0006804410618963211,ace6a1af9336391e,
38.0,F,Village,Silver Membership,2025-04-18,No,Credit/Debit Card Offers,Smartphone,Fiber_Optic,19.999999999999993,62.31,70623.41,11.0,1133.969318558752,Yes,No,Yes,Unsolved,Quality Customer Care,-11,23,5.664545454545455,0.00015575571896061092,83b312e32cf4e98e,
63.0,F,Town,Premium Membership,2025-04-18,No,Gift Vouchers/Coupons,Smartphone,Wi-Fi,16.999999999999993,252.28,31049.72,23.0,723.4492786302814,Yes,Yes,Yes,Solved,Too many ads,-11,11,10.968695652173913,0.0007407474205886558,aef0c33af20653b6,
61.0,M,Town,Premium Membership,2025-04-18,No,Credit/Debit Card Offers,Smartphone,Mobile_Data,22.999999999999993,142.78,29994.01,11.0,718.36,Yes,No,No,Not Applicable,Poor Customer Service,-11,4,12.98,0.0003667398923985156,88edc0f71509e0b3,
58.0,F,City,No Membership,2025-04-18,No,Credit/Debit Card Offers,Desktop,Mobile_Data,13.0,83.60999999999999,13223.85,0.0,677.03,Yes,No,Yes,Solved,Poor Product Quality,-11,10,0.0,0.0,82b5566e3976adc7,
32.0,M,City,Gold Membership,2025-04-18,Yes,Without Offers,Both,Wi-Fi,8.0,0.0,43427.59,47.96192901411344,629.96,No,Yes,Yes,Solved,No reason specified,-11,13,0.0,0.0011044114815976075,bebafd18b02cab0e,
13.0,F,Town,Gold Membership,2025-04-18,No,Gift Vouchers/Coupons,Desktop,Fiber_Optic,17.999999999999993,93.00999999999999,12110.829999999998,17.0,725.01,Yes,No,Yes,No Information Available,Reasonable Price,-11,23,5.471176470588235,0.0014037023061177476,874007738c7b096b,
43.0,F,Town,Silver Membership,2025-04-18,No,Gift Vouchers/Coupons,Desktop,Mobile_Data,19.999999999999993,397.71,92321.91,1.0,1106.98562946319,Yes,Yes,Yes,Solved in Follow-up,User Friendly Website,-11,18,397.71,1.0831664986133843e-05,93018fe0ff287601,
45.0,M,City,Basic Membership,2025-04-18,Yes,Gift Vouchers/Coupons,Smartphone,Wi-Fi,17.999999999999993,43.22,27114.64,43.20836858702293,232.4046523959887,No,Yes,Yes,Unsolved,Poor Product Quality,-11,19,1.000269193523325,0.0015935438784001163,b89fd11def574fda,
54.0,F,Town,No Membership,2025-04-18,No,Credit/Debit Card Offers,Smartphone,Wi-Fi,2.0,356.51,23456.64,16.0,605.54,Yes,No,No,Not Applicable,Too many ads,-11,6,22.281875,0.0006821096286595182,b1c6d8eba09934a9,
33.0,M,Town,Basic Membership,2025-04-19,Yes,Without Offers,Desktop,Wi-Fi,3.0,107.75,19207.14,17.0,518.3820763934485,No,Yes,Yes,Solved,Poor Website,-11,19,6.338235294117647,0.0008850875247434027,be0f57f3c2cf7274,
14.0,M,Town,No Membership,2025-04-19,No,Without Offers,Desktop,Wi-Fi,10.0,309.33,13644.99,11.0,718.16,No,Yes,No,Not Applicable,No reason specified,-11,20,28.12090909090909,0.0008061566919433434,a26648412f44addd,
51.0,M,Town,Basic Membership,2025-04-19,No,Gift Vouchers/Coupons,Smartphone,Fiber_Optic,17.0,404.2,12758.059999999998,5.0,919.1671823457688,No,Yes,Yes,Solved in Follow-up,Too many ads,-11,9,80.84,0.00039190911470866267,99abfa7eb3d906e8,
39.0,F,Village,Silver Membership,2025-04-19,No,Without Offers,Desktop,Fiber_Optic,7.0,34.19999999999999,44759.26,22.0,669.48,Yes,No,No,Not Applicable,Too many ads,-11,18,1.554545454545454,0.0004915184031192651,915282ec5a80fe4e,
28.0,F,City,Platinum Membership,2025-04-19,No,Gift Vouchers/Coupons,Desktop,Mobile_Data,6.0,343.92,30333.48,8.0,714.12,Yes,Yes,No,Not Applicable,Poor Product Quality,-11,17,42.99,0.0002637349885341214,9819f58e1e37c98d,
26.0,F,Town,Basic Membership,2025-04-19,Yes,Gift Vouchers/Coupons,Smartphone,Mobile_Data,19.999999999999986,95.69,14552.57,29.0,624.68,Yes,No,No,Not Applicable,No reason specified,-11,19,3.299655172413793,0.0019927751593017593,8001d9f835a8a253,
64.0,F,Town,Gold Membership,2025-04-19,No,Credit/Debit Card Offers,Smartphone,Fiber_Optic,13.0,292.33,98319.42,2.0,0.0,Yes,No,No,Not Applicable,Quality Customer Care,-11,11,146.165,2.0341861251825937e-05,8769fd1e8ba3c64f,
37.0,F,City,Basic Membership,2025-04-19,Yes,Gift Vouchers/Coupons,Desktop,Fiber_Optic,18.0,137.48,48961.89,27.0,544.16,Yes,No,Yes,Unsolved,Poor Customer Service,-11,17,5.091851851851851,0.0005514493006703785,8bf76851e75c7e36,
54.0,M,Town,Gold Membership,2025-04-19,Yes,Gift Vouchers/Coupons,Smartphone,Mobile_Data,19.0,304.23,4266.669999999995,10.0,743.18,Yes,Yes,Yes,Solved,No reason specified,-11,7,30.423000000000002,0.002343748168946746,923c8a2e6a590501,
60.0,F,Village,Premium Membership,2025-04-19,Yes,Gift Vouchers/Coupons,Smartphone,Fiber_Optic,19.999999999999986,296.18,39062.65,0.0,0.0,Yes,Yes,Yes,Solved in Follow-up,Poor Product Quality,-11,5,0.0,0.0,88a921ec3da7b4f3,
29.0,M,Town,No Membership,2025-04-19,No,Gift Vouchers/Coupons,Desktop,Fiber_Optic,11.0,142.35,7533.709999999999,35.88842690530103,683.27,Yes,No,No,Not Applicable,Too many ads,-11,13,3.966459727410723,0.0047637122885405775,a838e5fd71b4540a,
39.0,F,City,Premium Membership,2025-04-19,No,Gift Vouchers/Coupons,Desktop,Fiber_Optic,19.999999999999986,933.9251031753208,26568.44,24.0,759.61,Yes,No,Yes,Solved in Follow-up,Poor Website,-11,10,38.91354596563837,0.0009033274065018496,974daaac465b291f,
49.0,F,Town,Platinum Membership,2025-04-19,Yes,Credit/Debit Card Offers,Desktop,Fiber_Optic,25.0,248.19,72614.52,2.0,705.52,Yes,Yes,No,Not Applicable,Reasonable Price,-11,21,124.095,2.754270082622594e-05,939e86f166fad5ff,
45.0,M,Town,No Membership,2025-04-19,Yes,Without Offers,Smartphone,Wi-Fi,7.0,922.19,36127.8,47.61306648982233,627.56,Yes,No,Yes,No Information Available,Poor Product Quality,-11,14,19.368422745825992,0.001317906611800949,a8ea0df3526eab7d,
51.0,F,City,Platinum Membership,2025-04-19,No,Gift Vouchers/Coupons,Smartphone,Mobile_Data,6.0,172.55,8665.620000000003,28.0,727.05,No,Yes,No,Not Applicable,Poor Product Quality,-11,2,6.1625000000000005,0.0032311594554111527,b662a389d610f0cd,
36.0,M,City,Premium Membership,2025-04-19,Yes,Gift Vouchers/Coupons,Desktop,Fiber_Optic,17.0,833.5146509181282,32813.73,38.797121588742144,760.81,Yes,No,No,Not Applicable,No reason specified,-11,18,21.483930167643962,0.0011823441464515658,9b5693f8c6357a4c,
19.0,M,Town,Silver Membership,2025-04-19,Yes,Credit/Debit Card Offers,Desktop,Mobile_Data,11.0,466.0,71677.31,14.0,0.0,Yes,No,No,Not Applicable,Reasonable Price,-11,2,33.285714285714285,0.0001953198299433949,9fd5e1ece10f773e,
46.0,F,City,Basic Membership,2025-04-19,Yes,Without Offers,Both,Wi-Fi,6.0,327.71,28041.87,12.0,335.9381920458826,No,Yes,No,Not Applicable,Too many ads,-11,6,27.309166666666666,0.00042793151811915543,943881c5bd8a6b74,
24.0,F,Town,No Membership,2025-04-19,No,Gift Vouchers/Coupons,Both,Wi-Fi,15.0,88.38,26504.2,0.0,871.430099078519,Yes,No,Yes,No Information Available,Poor Product Quality,-11,10,0.0,0.0,b396f18b49d366a1,
50.0,F,City,Silver Membership,2025-04-19,No,Credit/Debit Card Offers,Smartphone,Wi-Fi,11.0,33.639999999999986,12297.07,13.0,653.9,No,Yes,No,Not Applicable,Poor Customer Service,-11,14,2.587692307692307,0.0010571623972214519,a37b470cda8ef321,
35.0,F,Town,Basic Membership,2025-04-19,No,Gift Vouchers/Coupons,Both,Mobile_Data,12.0,551.35,4218.5,0.0,575.59,Yes,Yes,Yes,No Information Available,Poor Website,-11,21,0.0,0.0,be9c06cba09e697e,
35.0,F,City,Premium Membership,2025-04-19,Yes,Gift Vouchers/Coupons,Smartphone,Fiber_Optic,6.0,259.29,8338.41,24.0,772.23,Yes,No,Yes,No Information Available,Too many ads,-11,21,10.80375,0.002878246572188223,b18483c73ae92a3c,
29.0,M,City,Platinum Membership,2025-04-19,Yes,Credit/Debit Card Offers,Desktop,Fiber_Optic,-999.0,34.69,37846.43,11.0,700.24,Yes,No,Yes,Solved,Poor Product Quality,-11,0,3.1536363636363633,0.00029064828571677697,a96c517cdcec2804,
16.0,F,Town,Basic Membership,2025-04-19,No,Credit/Debit Card Offers,Smartphone,Wi-Fi,15.0,149.57,20317.21,8.0,440.9513515420319,Yes,No,No,Not Applicable,Poor Product Quality,-11,18,18.69625,0.000393754851182815,b39b1b1e03619dda,
36.0,M,Village,No Membership,2025-04-19,Yes,Gift Vouchers/Coupons,Smartphone,Fiber_Optic,14.0,193.02,17948.02,11.0,920.7231317284972,Yes,No,No,Not Applicable,Poor Product Quality,-11,6,17.547272727272727,0.0006128809751716345,84aa8e358e4e4b5f,
41.0,M,City,Basic Membership,2025-04-19,No,Gift Vouchers/Coupons,Desktop,Fiber_Optic,8.0,226.88,1115.2299999999996,42.150551393090886,516.45,No,Yes,Yes,Solved,Too many ads,-11,6,5.382610487918529,0.03779538874769411,b6f343f786e98ac0,
38.0,F,City,Gold Membership,2025-04-19,Yes,Gift Vouchers/Coupons,Both,Fiber_Optic,9.0,248.7,10082.23,20.0,0.0,No,Yes,No,Not Applicable,Poor Customer Service,-11,1,12.434999999999999,0.001983688132486563,90edb073b4893615,
20.0,F,City,Silver Membership,2025-04-19,Yes,Without Offers,Smartphone,Fiber_Optic,16.0,59.18000000000001,11097.79,6.999999999999999,774.72,No,Yes,No,Not Applicable,Poor Website,-11,21,8.454285714285716,0.0006307562136245143,b7f86cd9d2b5c934,
30.0,M,City,Gold Membership,2025-04-19,No,Credit/Debit Card Offers,Smartphone,Mobile_Data,6.0,93.84,71414.58,14.0,346.1440343822364,No,Yes,Yes,Unsolved,Reasonable Price,-11,17,6.702857142857143,0.00019603840000179235,9de631fada1839d5,
53.0,F,Town,Silver Membership,2025-04-19,Yes,Without Offers,Desktop,Mobile_Data,10.0,252.31,4351.84,33.825547935476635,674.59,No,Yes,No,Not Applicable,No reason specified,-11,12,7.459154851867877,0.007772700268271957,a4ace389c0b22200,
12.0,M,Town,No Membership,2025-04-19,No,Credit/Debit Card Offers,Desktop,Fiber_Optic,8.0,122.17,12440.720000000001,5.0,677.35,No,Yes,Yes,No Information Available,Poor Website,-11,7,24.434,0.00040190599900970356,8edb5e4b86fa3ed2,
27.0,M,Town,Silver Membership,2025-04-19,Yes,Without Offers,Desktop,Fiber_Optic,10.0,32.78,43094.97,9.0,710.57,No,Yes,No,Not Applicable,Too many ads,-11,23,3.6422222222222222,0.00020884107820471855,83695f660363bd9a,
33.0,M,Town,Basic Membership,2025-04-19,No,Gift Vouchers/Coupons,Desktop,Fiber_Optic,18.0,266.19,18405.33,28.0,665.92,Yes,No,No,Not Applicable,Poor Product Quality,-11,13,9.506785714285714,0.0015212984499598757,9c6d08a2b00dbc94,
15.0,M,City,Basic Membership,2025-04-19,No,Credit/Debit Card Offers,Desktop,Mobile_Data,-999.0,243.85,10803.510000000002,16.0,641.63,No,Yes,Yes,Unsolved,Poor Customer Service,-11,23,15.240625,0.0014810001564306413,9c4e358fd1f63e67,
46.0,F,City,Gold Membership,2025-04-19,Yes,Without Offers,Smartphone,Fiber_Optic,24.0,94.25999999999999,43529.77,24.0,706.82,No,Yes,No,Not Applicable,Poor Website,-11,23,3.9274999999999998,0.0005513468139160855,86b4755d2e5c9e4e,
31.0,M,Town,Silver Membership,2025-04-19,No,Gift Vouchers/Coupons,Smartphone,Fiber_Optic,13.0,319.56,90421.41,12.0,703.45,Yes,No,No,Not Applicable,Products always in Stock,-11,15,26.63,0.0001327119318311891,adcfa2f4ecb75154,
52.0,F,Town,Platinum Membership,2025-04-19,No,Without Offers,Desktop,Mobile_Data,-999.0,252.1,5118.560000000001,9.0,714.63,Yes,No,No,Not Applicable,Poor Customer Service,-11,10,28.01111111111111,0.0017583070238504574,a6691526fa3b010c,
11.0,F,Town,Gold Membership,2025-04-19,No,Without Offers,Smartphone,Wi-Fi,10.0,34.78,22832.11,23.0,765.41,No,Yes,No,Not Applicable,No reason specified,-11,2,1.5121739130434784,0.0010073532406772742,83566d0362d1df42,
28.0,F,City,Basic Membership,2025-04-19,Yes,Without Offers,Desktop,Mobile_Data,5.0,63.96000000000001,4978.850000000002,24.0,684.88,Yes,No,No,Not Applicable,No reason specified,-11,8,2.6650000000000005,0.004820390250760716,a16333b19fb1afe7,
44.0,F,City,Premium Membership,2025-04-19,No,Gift Vouchers/Coupons,Smartphone,Mobile_Data,14.0,33.120000000000005,850.130000000001,0.0,727.66,Yes,No,No,Not Applicable,Poor Website,-11,13,0.0,0.0,959d301a5a618c63,
22.0,M,City,Gold Membership,2025-04-19,Yes,Credit/Debit Card Offers,Desktop,Mobile_Data,3.0,167.53,99587.68,11.0,752.84,No,Yes,No,Not Applicable,Quality Customer Care,-11,7,15.23,0.00011045542982826792,95bd9ca63831aae8,
12.0,M,City,No Membership,2025-04-19,Yes,Without Offers,Desktop,Fiber_Optic,10.0,1744.3786338463833,47328.33,21.0,563.12,No,Yes,No,Not Applicable,No reason specified,-11,4,83.06564923078015,0.0004437088737337658,bdc0a4b91ffe65ac,
44.0,M,City,Silver Membership,2025-04-19,No,Credit/Debit Card Offers,Desktop,Fiber_Optic,8.0,336.07,30106.6,20.0,765.47,No,Yes,No,Not Applicable,Poor Website,-11,19,16.8035,0.0006643061654255213,b603352f001e1d73,
23.0,M,City,Gold Membership,2025-04-19,No,Without Offers,Smartphone,Fiber_Optic,1.0,310.36,6970.799999999996,21.0,702.95,Yes,Yes,Yes,Solved in Follow-up,Poor Website,-11,8,14.77904761904762,0.0030125667068342248,a8628677b7034e53,
19.0,M,City,No Membership,2025-04-19,No,Credit/Debit Card Offers,Desktop,Wi-Fi,13.0,31.099999999999994,16316.26,12.0,675.14,No,Yes,No,Not Applicable,No reason specified,-11,0,2.5916666666666663,0.0007354626611735778,bbf997db764f518d,
56.0,M,Town,Silver Membership,2025-04-19,Yes,Credit/Debit Card Offers,Desktop,Wi-Fi,14.0,30.0,15249.389999999998,15.0,646.86,Yes,No,Yes,Unsolved,Poor Website,-11,17,2.0,0.0009836459032131779,81feb4e641411c2c,
28.0,M,Town,No Membership,2025-04-19,No,Credit/Debit Card Offers,Smartphone,Wi-Fi,16.0,160.24,25494.34,14.0,663.76,No,Yes,Yes,Solved in Follow-up,Poor Website,-11,12,11.445714285714287,0.0005491414957202265,bd053f3bf569bc89,
15.0,F,Town,Silver Membership,2025-04-19,Yes,Gift Vouchers/Coupons,Desktop,Fiber_Optic,6.0,31.840000000000003,42735.47,6.999999999999999,779.92,Yes,No,Yes,No Information Available,Too many ads,-11,10,4.54857142857143,0.00016379836234397326,a07f1f5d03bcda59,
21.0,M,Village,Basic Membership,2025-04-19,Yes,Credit/Debit Card Offers,Smartphone,Wi-Fi,17.0,53.379999999999995,45787.94,22.0,626.78,Yes,No,Yes,Solved in Follow-up,Poor Customer Service,-11,4,2.4263636363636363,0.0004804758632950074,9447bd101af615b9,
63.0,F,Town,Basic Membership,2025-04-19,No,Gift Vouchers/Coupons,Both,Wi-Fi,14.0,494.81,21696.63,19.0,551.6,No,Yes,Yes,No Information Available,Poor Product Quality,-11,3,26.04263157894737,0.0008757120345417698,b4c0f61671e8ac0c,
32.0,F,Town,Platinum Membership,2025-04-19,No,Without Offers,Desktop,Mobile_Data,11.0,200.37,26305.94,5.0,189.7326200145909,Yes,No,No,Not Applicable,No reason specified,-11,13,40.074,0.00019007113982621416,b409899516fab3c5,
26.0,M,Village,Premium Membership,2025-04-19,No,Gift Vouchers/Coupons,Smartphone,Fiber_Optic,4.0,74.25999999999999,40015.47,0.0,724.82,No,Yes,Yes,Solved,Poor Website,-11,11,0.0,0.0,85f5ff0c3e5d2418,
37.0,F,City,Basic Membership,2025-04-19,No,Without Offers,Desktop,Wi-Fi,16.0,49.31999999999999,16385.86,0.0,583.8,Yes,No,Yes,No Information Available,No reason specified,-11,6,0.0,0.0,98f2b2b66491c0e9,
33.0,F,City,No Membership,2025-04-19,No,Without Offers,Desktop,Fiber_Optic,16.0,161.62,3743.4799999999996,0.0,0.0,Yes,No,No,Not Applicable,No reason specified,-11,17,0.0,0.0,a0e806dbf8e20aaf,
31.0,F,Town,No Membership,2025-04-19,No,Gift Vouchers/Coupons,Smartphone,Mobile_Data,22.0,54.59,16074.48,27.0,666.71,No,Yes,Yes,Unsolved,Too many ads,-11,21,2.021851851851852,0.0016796810845514133,943be9d037e3a2a7,
58.0,F,Village,Silver Membership,2025-04-19,No,Without Offers,Desktop,Wi-Fi,12.0,192.96,2186.9500000000007,11.0,681.3,No,Yes,No,Not Applicable,Poor Customer Service,-11,5,17.541818181818183,0.005029836073069799,9e8cf951bce89caa,
57.0,F,City,Platinum Membership,2025-04-19,No,Gift Vouchers/Coupons,Desktop,Mobile_Data,5.0,179.8,36344.69,0.0,785.73,Yes,No,Yes,Solved in Follow-up,Poor Customer Service,-11,15,0.0,0.0,be0d2991ee84cacf,
61.0,M,Town,No Membership,2025-04-19,No,Gift Vouchers/Coupons,Desktop,Wi-Fi,17.0,458.95,48944.0,15.0,547.36,No,Yes,Yes,Solved in Follow-up,Too many ads,-11,14,30.596666666666668,0.0003064727034978751,948fdf3cd753df54,
20.0,M,Town,Premium Membership,2025-04-19,No,Without Offers,Smartphone,Mobile_Data,18.0,33.68000000000001,42510.1,13.0,785.36,No,Yes,Yes,No Information Available,No reason specified,-11,13,2.590769230769231,0.00030580967817059947,8a802d6d328bd627,
42.0,M,Town,Premium Membership,2025-04-19,No,Credit/Debit Card Offers,Smartphone,Wi-Fi,16.0,135.59,16867.01,19.0,749.34,Yes,No,Yes,Unsolved,Poor Product Quality,-11,20,7.136315789473684,0.0011264592835363233,ab0f539e65d07cf7,
27.0,M,Town,Silver Membership,2025-04-19,No,Without Offers,Smartphone,Wi-Fi,-999.0,142.34,4298.010000000002,0.0,0.0,Yes,No,Yes,Solved,Poor Customer Service,-11,17,0.0,0.0,bcbff316522f1d2b,
43.0,F,Town,No Membership,2025-04-19,No,Gift Vouchers/Coupons,Both,Mobile_Data,1.0,340.06,27867.44,13.0,599.58,No,Yes,No,Not Applicable,Poor Website,-11,4,26.158461538461538,0.0004664942312605679,af1c3e887198ba62,
56.0,F,City,Silver Membership,2025-04-19,No,Gift Vouchers/Coupons,Desktop,Fiber_Optic,16.0,32.77000000000001,1435.8399999999965,0.0,765.41,No,Yes,No,Not Applicable,Poor Website,-11,7,0.0,0.0,b432c5d479d8b0bc,
62.0,M,City,Silver Membership,2025-04-19,Yes,Gift Vouchers/Coupons,Desktop,Wi-Fi,12.0,822.56,38412.56,13.0,314.12121385154126,Yes,No,Yes,Unsolved,Poor Customer Service,-11,3,63.27384615384615,0.00033843097153639335,8807e12fbe57c6e1,
33.0,M,Town,Basic Membership,2025-04-19,No,Without Offers,Smartphone,Fiber_Optic,4.0,0.0,45970.52,0.0,855.3071078713133,No,Yes,No,Not Applicable,Too many ads,-11,18,0.0,0.0,b5ebcc2ef8ae22f3,
44.0,M,Village,Premium Membership,2025-04-19,No,Credit/Debit Card Offers,Both,Fiber_Optic,-999.0,444.16,58795.36,0.0,1041.4071655909402,No,Yes,Yes,No Information Available,Reasonable Price,-11,14,0.0,0.0,9f0604adb8951ffa,
14.0,F,City,Gold Membership,2025-04-19,Yes,Gift Vouchers/Coupons,Desktop,Mobile_Data,16.0,148.08,88596.03999999998,5.0,847.95,Yes,No,No,Not Applicable,Reasonable Price,-11,6,29.616000000000003,5.6435930996464414e-05,a30fa6fe7735b6c2,
25.0,M,Town,No Membership,2025-04-19,Yes,Gift Vouchers/Coupons,Desktop,Wi-Fi,12.0,226.09,29419.33,21.0,623.47,Yes,No,Yes,Unsolved,Poor Customer Service,-11,6,10.766190476190477,0.0007138163921476117,9a7250b79b7adec4,
47.0,M,City,Silver Membership,2025-04-19,No,Credit/Debit Card Offers,Both,Wi-Fi,4.0,459.85,19548.33,10.0,772.14,Yes,No,Yes,Solved in Follow-up,Too many ads,-11,0,45.985,0.0005115526492544375,b482c08d593f3cf8,
48.0,M,Town,Platinum Membership,2025-04-19,Yes,Without Offers,Desktop,Wi-Fi,18.0,187.79,22865.71,26.0,0.0,Yes,No,No,Not Applicable,Poor Product Quality,-11,7,7.2226923076923075,0.0011370738105223937,bb000adc1133e9ad,
38.0,M,Town,Silver Membership,2025-04-19,No,Gift Vouchers/Coupons,Smartphone,Fiber_Optic,10.0,218.78,33842.58,18.0,1033.7426403663403,Yes,No,Yes,No Information Available,Poor Website,-11,2,12.154444444444444,0.0005318743429135722,813d5c0d36426069,
34.0,M,Town,Silver Membership,2025-04-19,No,Credit/Debit Card Offers,Desktop,Fiber_Optic,8.0,203.93,28329.44,6.0,752.51,Yes,No,No,Not Applicable,No reason specified,-11,6,33.98833333333334,0.0002117938088433799,a29fca42a0396f6a,
30.0,M,Village,Basic Membership,2025-04-19,No,Without Offers,Smartphone,Wi-Fi,14.0,55.06,44362.83,10.0,675.12,Yes,No,Yes,No Information Available,Poor Customer Service,-11,3,5.506,0.0002254139332409587,886e41a15e34d9ea,
18.0,F,City,Platinum Membership,2025-04-19,Yes,Gift Vouchers/Coupons,Smartphone,Wi-Fi,15.0,142.97,75295.19999999998,5.0,739.69,No,Yes,No,Not Applicable,Reasonable Price,-11,2,28.594,6.64052954238783e-05,ad450435c0707b34,
61.0,F,Town,Silver Membership,2025-04-19,Yes,Gift Vouchers/Coupons,Desktop,Mobile_Data,12.0,262.1,22912.82,14.0,720.14,No,Yes,No,Not Applicable,Products always in Stock,-11,0,18.72142857142857,0.0006110116519922035,85f098a99361ceb4,
49.0,M,City,Silver Membership,2025-04-19,Yes,Without Offers,Desktop,Wi-Fi,-999.0,354.4,36612.55,17.0,812.4795505158546,Yes,No,Yes,Solved in Follow-up,No reason specified,-11,23,20.84705882352941,0.0004643216601957525,9f684197f34ce029,
26.0,F,Town,Silver Membership,2025-04-19,Yes,Without Offers,Smartphone,Wi-Fi,7.0,35.99000000000001,40283.23,17.0,767.77,Yes,No,No,Not Applicable,Too many ads,-11,17,2.1170588235294123,0.0004220118396662829,aca745f31f30b8a2,
33.0,M,City,Platinum Membership,2025-04-19,No,Gift Vouchers/Coupons,Desktop,Fiber_Optic,15.0,0.0,5973.110000000001,0.0,752.3,Yes,No,No,Not Applicable,Poor Website,-11,13,0.0,0.0,8932a580e75dcf93,
35.0,F,Village,Gold Membership,2025-04-19,No,Credit/Debit Card Offers,Smartphone,Mobile_Data,23.0,44.71000000000001,24940.77,13.0,1240.3318659712347,No,Yes,Yes,No Information Available,User Friendly Website,-11,7,3.43923076923077,0.0005212349097481753,9532465183f24e94,
36.0,F,City,Gold Membership,2025-04-19,No,Gift Vouchers/Coupons,Desktop,Mobile_Data,18.0,317.42,28492.66,9.0,0.0,No,Yes,Yes,No Information Available,Poor Website,-11,6,35.26888888888889,0.000315870824275445,99122f56ca9a2095,
46.0,M,Town,Premium Membership,2025-04-19,No,Credit/Debit Card Offers,Both,Wi-Fi,8.0,564.98,19359.53,6.999999999999999,723.44,Yes,Yes,No,Not Applicable,Poor Website,-11,6,80.71142857142858,0.0003615790259370966,b8bd4105ae3d2cbc,
41.0,F,City,Premium Membership,2025-04-19,Yes,Without Offers,Desktop,Wi-Fi,11.0,80.1,44538.85,25.0,706.03,No,Yes,Yes,Solved in Follow-up,Poor Website,-11,21,3.2039999999999997,0.0005613077122557049,b41c029f37dfd79e,
56.0,M,Village,Basic Membership,2025-04-19,Yes,Gift Vouchers/Coupons,Desktop,Mobile_Data,9.0,185.63,48349.93,0.0,520.18,Yes,No,No,Not Applicable,Poor Customer Service,-11,15,0.0,0.0,b9e57e84175c97be,
60.0,M,City,No Membership,2025-04-19,Yes,Gift Vouchers/Coupons,Desktop,Fiber_Optic,23.0,53.50999999999999,3145.4000000000015,8.0,0.0,Yes,No,No,Not Applicable,Poor Website,-11,12,6.688749999999999,0.0025433967063012643,8c9da1b48379b383,
16.0,F,City,Premium Membership,2025-04-19,No,Gift Vouchers/Coupons,Desktop,Mobile_Data,12.0,251.68,32191.04,0.0,717.06,No,Yes,No,Not Applicable,Poor Product Quality,-11,2,0.0,0.0,aee7ba16eb9b3ac8,
56.0,F,City,No Membership,2025-04-19,Yes,Credit/Debit Card Offers,Desktop,Wi-Fi,18.0,171.22,1508.7599999999984,14.0,661.69,No,Yes,Yes,Unsolved,No reason specified,-11,17,12.23,0.009279143137410864,ac8fae9db34ce9a7,
41.0,F,Town,Basic Membership,2025-04-19,No,Credit/Debit Card Offers,Smartphone,Fiber_Optic,10.0,157.37,35139.56,15.0,577.87,No,Yes,Yes,Solved in Follow-up,Too many ads,-11,9,10.491333333333333,0.00042686931765793313,ac7378a02482856a,
27.0,M,Town,Basic Membership,2025-04-19,No,Without Offers,Desktop,Wi-Fi,18.0,60.75,48087.15,29.933342636395885,0.0,Yes,No,Yes,Unsolved,Poor Customer Service,-11,0,2.029509391514939,0.0006224811126547505,942f1db791a76934,
37.0,M,Town,Basic Membership,2025-04-19,Yes,Credit/Debit Card Offers,Smartphone,Wi-Fi,21.0,126.54,45982.45,21.0,655.0,Yes,No,Yes,Unsolved,No reason specified,-11,18,6.025714285714286,0.0004566959785744344,b43563b031b06b7b,
57.0,F,Village,Silver Membership,2025-04-19,No,Without Offers,Desktop,Mobile_Data,16.0,31.03,37611.89,20.0,765.48,No,Yes,No,Not Applicable,Too many ads,-11,3,1.5515,0.000531746742851795,ac7fed7da478bd40,
43.0,F,City,Gold Membership,2025-04-19,Yes,Without Offers,Desktop,Fiber_Optic,21.0,171.64,4571.010000000002,27.0,794.94,Yes,No,No,Not Applicable,Poor Product Quality,-11,23,6.357037037037037,0.0059067908405363335,9d88cc440db5989b,
54.0,M,Town,No Membership,2025-04-19,No,Without Offers,Desktop,Mobile_Data,24.0,163.72,42815.56,16.0,915.128691583134,No,Yes,Yes,Unsolved,Poor Website,-11,4,10.2325,0.00037369591802606343,a959ea4bd63478fa,
38.0,F,Town,Basic Membership,2025-04-19,No,Gift Vouchers/Coupons,Desktop,Mobile_Data,15.0,266.57,10281.690000000002,19.0,675.33,Yes,No,No,Not Applicable,Poor Website,-11,23,14.03,0.0018479452307937699,bb9b7b015913bcc5,
18.0,F,Village,No Membership,2025-04-19,Yes,Gift Vouchers/Coupons,Both,Fiber_Optic,-999.0,252.46,19974.05,8.0,631.69,Yes,No,Yes,Unsolved,Poor Customer Service,-11,12,31.5575,0.00040051967427737493,8106d78f7ad08e08,
62.0,F,Village,Silver Membership,2025-04-20,No,Without Offers,Smartphone,Wi-Fi,12.0,67.84,43836.91,28.0,765.04,Yes,No,Yes,No Information Available,No reason specified,-11,13,2.422857142857143,0.0006387311514429279,b37e5764237964f6,
32.0,F,City,No Membership,2025-04-20,Yes,Credit/Debit Card Offers,Desktop,Wi-Fi,13.0,1181.43,27518.78,7.0,841.4354167002211,Yes,Yes,Yes,Unsolved,Too many ads,-11,13,168.7757142857143,0.0002543717417705291,ade3fad3b4aeed4e,
42.0,M,Village,No Membership,2025-04-20,Yes,Gift Vouchers/Coupons,Smartphone,Fiber_Optic,18.0,283.84,20199.02,14.0,514.48,Yes,Yes,No,Not Applicable,Poor Customer Service,-11,21,20.274285714285714,0.0006931029327165377,98bd77435357944a,
34.0,F,Town,Basic Membership,2025-04-20,No,Without Offers,Smartphone,Fiber_Optic,10.0,95.88,41460.73,5.0,601.57,No,Yes,Yes,No Information Available,Poor Customer Service,-11,11,19.176,0.00012059604353324216,83ce0b2e704ee806,
53.0,F,City,Basic Membership,2025-04-20,Yes,Without Offers,Desktop,Mobile_Data,8.0,310.57,46029.06,6.0,559.71,Yes,No,Yes,No Information Available,Poor Website,-11,23,51.76166666666666,0.0001303524338754691,8a451075feff0d2b,
52.0,F,City,Basic Membership,2025-04-20,Yes,Gift Vouchers/Coupons,Smartphone,Wi-Fi,-999.0,68.82,28467.12,0.0,0.0,Yes,No,No,Not Applicable,Poor Customer Service,-11,23,0.0,0.0,83f7dd56ba3a0464,
10.0,M,Village,Basic Membership,2025-04-20,Yes,Credit/Debit Card Offers,Desktop,Mobile_Data,11.0,184.46,44232.25,0.0,0.0,Yes,No,Yes,No Information Available,Too many ads,-11,15,0.0,0.0,8d9008f2f6fb61ab,
26.0,F,Town,Platinum Membership,2025-04-20,Yes,Gift Vouchers/Coupons,Desktop,Fiber_Optic,5.0,124.12,1574.8199999999997,5.0,1254.3304323603334,No,Yes,No,Not Applicable,No reason specified,-11,14,24.824,0.0031749660278635023,9143dfd20437ac7b,
64.0,M,City,Platinum Membership,2025-04-20,Yes,Without Offers,Both,Mobile_Data,-999.0,536.94,27241.0,12.0,710.05,Yes,No,No,Not Applicable,Too many ads,-11,15,44.745000000000005,0.0004405124628317609,a73355397f765d75,
13.0,M,Town,No Membership,2025-04-20,Yes,Credit/Debit Card Offers,Desktop,Mobile_Data,23.0,167.63,39565.11,15.0,1131.167926932337,No,Yes,Yes,Solved,Poor Product Quality,-11,14,11.175333333333333,0.0003791219081660584,873ceeebef783ac0,
43.0,F,City,Basic Membership,2025-04-20,No,Gift Vouchers/Coupons,Smartphone,Fiber_Optic,2.0,311.37,29664.34,15.0,702.84,Yes,No,No,Not Applicable,No reason specified,-11,16,20.758,0.0005056576347223636,bf6cdc507e8b06ef,
26.0,F,City,Gold Membership,2025-04-20,Yes,Without Offers,Both,Wi-Fi,14.0,548.14,41726.88,0.0,757.89,Yes,Yes,Yes,Solved,No reason specified,-11,4,0.0,0.0,a028cb2ce967b892,
47.0,M,Village,Premium Membership,2025-04-20,No,Gift Vouchers/Coupons,Smartphone,Mobile_Data,17.0,135.21,5032.829999999998,7.0,742.63,No,Yes,Yes,No Information Available,Poor Website,-11,0,19.315714285714286,0.0013908675635775504,8544833a593585aa,
47.0,F,Town,Silver Membership,2025-04-20,Yes,Gift Vouchers/Coupons,Desktop,Wi-Fi,13.0,262.65,35934.73,19.0,784.3,Yes,Yes,Yes,Solved,Poor Website,-11,2,13.823684210526315,0.0005287364062565656,a159641a5f8deac9,
23.0,F,City,Gold Membership,2025-04-20,No,Credit/Debit Card Offers,Smartphone,Mobile_Data,22.0,91.65,2455.970000000001,9.0,0.0,Yes,No,No,Not Applicable,Poor Product Quality,-11,10,10.183333333333334,0.003664539876301419,a1bec5c3fc9f32a7,
59.0,M,Village,Premium Membership,2025-04-20,Yes,Without Offers,Smartphone,Wi-Fi,16.0,94.32,31988.64,9.0,714.05,Yes,No,No,Not Applicable,Poor Website,-11,9,10.479999999999999,0.00028134987920711853,8bb663ea1158d3fc,
41.0,F,Town,Silver Membership,2025-04-20,Yes,Gift Vouchers/Coupons,Smartphone,Mobile_Data,16.0,37.28999999999999,25573.53,0.0,760.19,No,Yes,No,Not Applicable,Poor Website,-11,8,0.0,0.0,b966fd6ce598fe3c,
34.0,M,Town,Gold Membership,2025-04-20,Yes,Without Offers,Desktop,Wi-Fi,12.0,168.04,33334.62,27.0,718.27,No,Yes,No,Not Applicable,Poor Customer Service,-11,3,6.223703703703704,0.000809968735206821,8f13edcccf43010a,
28.0,F,Town,Gold Membership,2025-04-20,No,Without Offers,Both,Mobile_Data,10.0,479.86,45618.39,29.0,645.84,Yes,No,No,Not Applicable,Poor Customer Service,-11,6,16.54689655172414,0.0006357085377191085,aea3b39f2f790b75,
48.0,M,Town,Gold Membership,2025-04-20,No,Credit/Debit Card Offers,Desktop,Fiber_Optic,4.0,32.75,29865.92,26.0,784.5,No,Yes,Yes,No Information Available,Poor Customer Service,-11,18,1.2596153846153846,0.0008705574782226699,934125e6b67d3a13,
21.0,M,Town,Basic Membership,2025-04-20,Yes,Gift Vouchers/Coupons,Desktop,Mobile_Data,-999.0,335.77,25203.97,0.0,566.66,No,Yes,Yes,Unsolved,Too many ads,-11,21,0.0,0.0,a6d7905192cf6601,
39.0,F,City,Gold Membership,2025-04-20,No,Without Offers,Both,Mobile_Data,22.0,271.46,18719.1,23.0,779.78,Yes,No,No,Not Applicable,Poor Product Quality,-11,20,11.802608695652173,0.0012286915503416298,a121fe1247bf3d61,
54.0,M,Town,Silver Membership,2025-04-20,Yes,Gift Vouchers/Coupons,Desktop,Mobile_Data,8.0,276.71,34449.98,17.0,677.59,Yes,No,No,Not Applicable,Poor Website,-11,10,16.277058823529412,0.0004934690818398153,997eb37cd6b06e3b,
60.0,F,City,Gold Membership,2025-04-20,Yes,Without Offers,Desktop,Mobile_Data,13.0,662.32,37797.51,16.0,0.0,Yes,No,Yes,Solved in Follow-up,No reason specified,-11,16,41.395,0.0004233083078753071,92cb4dd8ec77f83f,
22.0,M,Village,Gold Membership,2025-04-20,No,Without Offers,Desktop,Fiber_Optic,4.0,33.53999999999999,5659.950000000001,52.72486203561419,766.28,Yes,No,No,Not Applicable,Poor Website,-11,22,0.6361325322642788,0.009315428941176897,9a6d4b0cb562d6ef,
30.0,F,City,Gold Membership,2025-04-20,Yes,Credit/Debit Card Offers,Smartphone,Mobile_Data,9.0,852.8800000000001,4413.77,21.0,429.39925881985755,Yes,Yes,No,Not Applicable,No reason specified,-11,3,40.61333333333334,0.004757837404305162,b5cc077fa1870cb6,
63.0,M,Town,Platinum Membership,2025-04-20,No,Credit/Debit Card Offers,Smartphone,Wi-Fi,4.0,482.11,11722.1,6.0,765.93,No,Yes,Yes,Solved in Follow-up,Too many ads,-11,19,80.35166666666667,0.0005118536780952218,8b6c22dc83fca276,
46.0,M,City,Premium Membership,2025-04-20,No,Credit/Debit Card Offers,Smartphone,Fiber_Optic,21.0,71.17000000000002,26567.93,0.0,762.01,No,Yes,No,Not Applicable,Too many ads,-11,10,0.0,0.0,861fa2e1f9e43866,
35.0,M,City,Platinum Membership,2025-04-20,No,Credit/Debit Card Offers,Smartphone,Mobile_Data,-999.0,31.80000000000001,38340.43,6.0,737.6,No,Yes,Yes,Unsolved,Poor Customer Service,-11,21,5.300000000000002,0.00015649276755633673,b59efc917e4a995f,
64.0,M,Village,Platinum Membership,2025-04-20,No,Credit/Debit Card Offers,Smartphone,Wi-Fi,16.0,187.61,9338.189999999999,19.0,804.69,Yes,No,No,Not Applicable,Products always in Stock,-11,11,9.87421052631579,0.0020346555381717444,8557eae4993b0ab7,
31.0,M,City,No Membership,2025-04-20,No,Credit/Debit Card Offers,Desktop,Fiber_Optic,20.0,137.57,7503.970000000001,9.0,362.2344618502835,Yes,No,Yes,No Information Available,Too many ads,-11,12,15.285555555555554,0.0011993651360546482,80ed80bd953348ec,
40.0,F,Village,Silver Membership,2025-04-20,No,Credit/Debit Card Offers,Smartphone,Wi-Fi,13.0,105.06,17542.87,16.0,1152.1947357126835,Yes,No,Yes,No Information Available,No reason specified,-11,19,6.56625,0.0009120514488222281,8ded071abc404d59,
60.0,F,Town,Silver Membership,2025-04-20,Yes,Without Offers,Smartphone,Fiber_Optic,15.0,87.50999999999999,48401.05,20.0,743.8,No,Yes,No,Not Applicable,Poor Product Quality,-11,19,4.3755,0.00041321417613874076,a7d6bc7de7805071,
42.0,M,City,Premium Membership,2025-04-20,Yes,Gift Vouchers/Coupons,Smartphone,Mobile_Data,14.0,612.06,14647.58,4.0,763.57,Yes,Yes,Yes,Solved,Quality Customer Care,-11,22,153.015,0.0002730826525610374,a0bf6782a2f15f2f,
20.0,M,Town,Gold Membership,2025-04-20,No,Credit/Debit Card Offers,Desktop,Wi-Fi,14.0,33.18000000000001,25460.24,0.0,794.85,Yes,No,Yes,Solved in Follow-up,Poor Website,-11,8,0.0,0.0,945eaaf21187ccfd,
38.0,F,Village,Gold Membership,2025-04-20,Yes,Credit/Debit Card Offers,Desktop,Mobile_Data,11.0,1296.25,2937.6899999999987,24.0,0.0,Yes,Yes,Yes,No Information Available,Poor Product Quality,-11,10,54.010416666666664,0.00816968434382117,922f31bdb8ab5933,
48.0,M,Town,Silver Membership,2025-04-20,Yes,Without Offers,Smartphone,Fiber_Optic,12.0,37.920000000000016,3081.2400000000016,17.0,1163.616718076192,No,Yes,Yes,Solved,Too many ads,-11,13,2.2305882352941184,0.00551725928522283,abcd933700fd1923,
13.0,M,Town,Silver Membership,2025-04-20,No,Gift Vouchers/Coupons,Smartphone,Fiber_Optic,11.0,80.0,48213.92,6.0,768.93,Yes,No,Yes,Solved,Poor Customer Service,-11,19,13.333333333333334,0.0001244453883857608,b6913c89a82835bb,
29.0,F,City,Premium Membership,2025-04-20,No,Gift Vouchers/Coupons,Smartphone,Mobile_Data,20.0,0.0,11768.31,0.0,765.08,No,Yes,Yes,Solved in Follow-up,No reason specified,-11,18,0.0,0.0,b0540a7eed8f77ef,
52.0,M,Town,Gold Membership,2025-04-20,Yes,Credit/Debit Card Offers,Smartphone,Fiber_Optic,18.0,131.65,12106.56,23.0,768.79,Yes,No,Yes,Unsolved,No reason specified,-11,8,5.7239130434782615,0.0018997964739777445,8382fc6f296a1d49,
11.0,M,Village,Silver Membership,2025-04-20,No,Without Offers,Desktop,Fiber_Optic,-999.0,93.94999999999999,47436.21,18.0,0.0,Yes,No,No,Not Applicable,Too many ads,-11,19,5.219444444444444,0.0003794569591457665,ba73734ad8dc61f4,
31.0,F,City,Silver Membership,2025-04-20,Yes,Without Offers,Smartphone,Wi-Fi,24.0,33.91,23226.43,7.0,762.48,No,Yes,Yes,Solved,Poor Customer Service,-11,10,4.844285714285713,0.00030138079765164083,9cb6e00f64bec841,
36.0,F,Town,No Membership,2025-04-20,Yes,Gift Vouchers/Coupons,Smartphone,Wi-Fi,6.0,126.86,13120.01,23.0,1082.9618198084,Yes,No,Yes,Unsolved,Poor Website,-11,23,5.515652173913043,0.0017530474443235942,ab79d67d77388e8d,
17.0,F,City,Silver Membership,2025-04-20,Yes,Gift Vouchers/Coupons,Desktop,Fiber_Optic,22.0,56.170000000000016,31823.76,12.0,1069.614669217273,No,Yes,Yes,Solved,Poor Website,-11,11,4.680833333333335,0.0003770767502017361,b3e74aa896bb2107,
43.0,F,City,Basic Membership,2025-04-20,No,Without Offers,Smartphone,Fiber_Optic,22.0,194.99,20209.71,28.0,657.43,No,Yes,No,Not Applicable,Poor Website,-11,9,6.963928571428572,0.0013854726267719824,8a71e51c5af747ef,
44.0,M,Town,Platinum Membership,2025-04-20,No,Credit/Debit Card Offers,Both,Wi-Fi,10.0,434.55,26052.51,0.0,734.85,Yes,Yes,Yes,Solved,Reasonable Price,-11,2,0.0,0.0,b0df171f2533fc5e,
32.0,F,City,Silver Membership,2025-04-20,No,Without Offers,Desktop,Mobile_Data,2.0,447.46,26687.09,26.0,0.0,No,Yes,Yes,No Information Available,Too many ads,-11,6,17.21,0.0009742538433377338,85d842e265d33d9d,
19.0,F,City,Gold Membership,2025-04-20,No,Gift Vouchers/Coupons,Desktop,Mobile_Data,6.0,0.0,11703.18,28.0,765.16,No,Yes,No,Not Applicable,Poor Website,-11,14,0.0,0.002392512120637297,9415418017cab7f6,
40.0,M,Town,No Membership,2025-04-20,No,Without Offers,Desktop,Fiber_Optic,17.0,48.920000000000016,42897.84,11.0,634.47,Yes,No,Yes,Solved in Follow-up,Poor Product Quality,-11,13,4.447272727272729,0.00025642316722706784,a6fda82dad3eb4f7,
40.0,F,City,Basic Membership,2025-04-20,No,Without Offers,Smartphone,Wi-Fi,6.0,149.23,45880.96,16.0,672.74,No,Yes,Yes,Solved,No reason specified,-11,14,9.326875,0.00034872853575862407,8e15cdcfe6b10aa7,
18.0,F,City,Basic Membership,2025-04-20,No,Without Offers,Smartphone,Mobile_Data,18.0,76.36000000000001,44300.91,0.0,685.41,Yes,No,No,Not Applicable,Poor Customer Service,-11,3,0.0,0.0,b23413b51a7447c5,
17.0,M,Town,Gold Membership,2025-04-20,No,Credit/Debit Card Offers,Smartphone,Wi-Fi,15.0,51.079999999999984,27455.08,16.0,0.0,No,Yes,No,Not Applicable,Poor Product Quality,-11,8,3.192499999999999,0.0005827701103038126,9403953b8d753d5a,
32.0,M,Village,Platinum Membership,2025-04-20,Yes,Gift Vouchers/Coupons,Desktop,Wi-Fi,16.0,167.22,77905.9,11.0,805.72,Yes,No,No,Not Applicable,Products always in Stock,-11,22,15.201818181818181,0.00014119598130565207,933bbced0bb34348,
35.0,F,Town,Gold Membership,2025-04-20,No,Credit/Debit Card Offers,Desktop,Wi-Fi,18.0,33.31999999999999,48830.47,19.0,717.28,No,Yes,Yes,No Information Available,Poor Website,-11,1,1.7536842105263155,0.0003891013131759739,978fa2431a57882c,
15.0,F,Village,Premium Membership,2025-04-20,No,Without Offers,Smartphone,Mobile_Data,24.0,444.2,10245.55,17.0,796.7,Yes,Yes,Yes,Solved in Follow-up,Poor Product Quality,-11,21,26.129411764705882,0.0016592569456983764,b61fe33912c0c61b,
51.0,F,City,No Membership,2025-04-20,Yes,Gift Vouchers/Coupons,Smartphone,Fiber_Optic,7.0,129.58,4175.5,14.0,597.48,No,Yes,No,Not Applicable,Poor Website,-11,9,9.255714285714287,0.003352891869237217,95d88cf450360829,
33.0,F,City,Platinum Membership,2025-04-20,Yes,Credit/Debit Card Offers,Smartphone,Mobile_Data,17.0,89.20999999999998,23306.53,16.0,735.33,Yes,No,No,Not Applicable,Poor Product Quality,-11,23,5.575624999999999,0.0006865028813813125,a7efdb12b17eb316,
17.0,F,City,No Membership,2025-04-20,No,Without Offers,Desktop,Fiber_Optic,12.0,33.56999999999999,9924.36,12.0,619.04,No,Yes,Yes,Solved,Poor Customer Service,-11,3,2.7974999999999994,0.0012091459801941888,b4a0f89b33238b63,
15.0,M,Town,Silver Membership,2025-04-20,Yes,Gift Vouchers/Coupons,Smartphone,Mobile_Data,14.0,766.04,44858.07,18.0,689.99,Yes,Yes,No,Not Applicable,Poor Customer Service,-11,8,42.55777777777777,0.0004012655916761466,b41bf84bb94d8fc8,
52.0,M,City,Silver Membership,2025-04-20,Yes,Without Offers,Both,Fiber_Optic,16.0,456.12,38954.81,22.0,788.3,No,Yes,No,Not Applicable,Poor Product Quality,-11,18,20.732727272727274,0.0005647569581266088,8d2dca39a6400b0c,
14.0,M,Town,Silver Membership,2025-04-20,No,Without Offers,Smartphone,Mobile_Data,16.0,34.44,43062.02,17.0,1169.2295666064863,Yes,No,No,Not Applicable,Poor Product Quality,-11,0,2.0258823529411765,0.0003947794367286997,9d4b1f1c9dff8698,
35.0,F,Town,Silver Membership,2025-04-20,Yes,Gift Vouchers/Coupons,Smartphone,Wi-Fi,22.0,56.30000000000001,31368.67,9.0,732.4,Yes,No,Yes,Solved in Follow-up,Too many ads,-11,16,6.255555555555556,0.0002869104746870046,b9d4fcdb01ba9b3d,
36.0,F,City,Silver Membership,2025-04-20,Yes,Gift Vouchers/Coupons,Desktop,Fiber_Optic,17.0,33.24000000000001,8830.3,19.0,177.1264294065611,Yes,No,No,Not Applicable,Poor Customer Service,-11,22,1.7494736842105267,0.0021516822758003693,9bed112dc8988171,
18.0,F,Village,Gold Membership,2025-04-20,No,Gift Vouchers/Coupons,Desktop,Fiber_Optic,10.0,117.45,28240.88,0.0,759.91,No,Yes,No,Not Applicable,Poor Customer Service,-11,13,0.0,0.0,8b27805579061877,
48.0,M,Town,No Membership,2025-04-20,Yes,Without Offers,Smartphone,Wi-Fi,14.0,150.09,48187.61,25.0,619.12,Yes,No,Yes,Solved,Poor Website,-11,2,6.0036000000000005,0.0005188055601844541,b99273032475543a,
30.0,F,City,No Membership,2025-04-20,No,Gift Vouchers/Coupons,Smartphone,Fiber_Optic,3.0,471.98,19906.0,10.0,833.3849666181334,Yes,No,No,Not Applicable,Too many ads,-11,23,47.198,0.0005023610971566361,bf40f3b9e1305cce,
29.0,M,Town,Basic Membership,2025-04-20,No,Without Offers,Desktop,Mobile_Data,22.0,92.92000000000002,38408.48,13.0,515.75,No,Yes,Yes,Solved,Poor Customer Service,-11,21,7.147692307692309,0.000338466921888083,ad7e810af9d0e655,
10.0,M,Town,Platinum Membership,2025-04-20,No,Gift Vouchers/Coupons,Smartphone,Wi-Fi,20.0,170.8,47595.8,7.0,814.01,No,Yes,No,Not Applicable,Products always in Stock,-11,2,24.400000000000002,0.00014707180045298113,9681da222af50d44,
51.0,F,Town,Basic Membership,2025-04-20,Yes,Without Offers,Both,Fiber_Optic,12.0,526.86,1193.6599999999999,12.0,700.44,Yes,Yes,Yes,No Information Available,Poor Website,-11,23,43.905,0.010053113952046647,9e4411866b8d5032,
24.0,M,Town,Gold Membership,2025-04-20,Yes,Without Offers,Smartphone,Wi-Fi,12.0,79.79000000000002,2328.279999999999,28.0,743.72,No,Yes,No,Not Applicable,Poor Website,-11,18,2.849642857142858,0.012026044977408222,9b23d32b4d58a4c5,
16.0,M,Town,Basic Membership,2025-04-20,No,Without Offers,Smartphone,Wi-Fi,3.0,305.14,47542.15000000001,18.0,618.04,Yes,No,No,Not Applicable,Poor Website,-11,16,16.952222222222222,0.0003786114006202916,bdb13d286e037689,
51.0,M,Village,Gold Membership,2025-04-20,Yes,Credit/Debit Card Offers,Smartphone,Fiber_Optic,1.0,702.13,18899.25,26.0,604.57,Yes,No,Yes,No Information Available,Poor Website,-11,14,27.005,0.0013757159675648505,9e413b2ba9774f15,
23.0,F,Village,No Membership,2025-04-20,Yes,Gift Vouchers/Coupons,Smartphone,Wi-Fi,14.0,33.69,15651.77,9.0,1173.1103324771166,No,Yes,No,Not Applicable,Poor Website,-11,5,3.743333333333333,0.0005750148385773622,b79540d4a199f5d4,
31.0,F,City,Basic Membership,2025-04-20,Yes,Gift Vouchers/Coupons,Both,Wi-Fi,12.0,466.73,8965.71,8.0,704.59,Yes,Yes,No,Not Applicable,Poor Website,-11,14,58.34125,0.0008922885081047681,831189b05ef3f668,
36.0,F,Village,Silver Membership,2025-04-20,Yes,Credit/Debit Card Offers,Desktop,Wi-Fi,6.0,149.65,29242.76,25.0,0.0,No,Yes,No,Not Applicable,Poor Product Quality,-11,7,5.986000000000001,0.0008549124638030063,8e6805aa2d3e32ae,
58.0,F,City,Silver Membership,2025-04-20,Yes,Gift Vouchers/Coupons,Desktop,Mobile_Data,17.0,215.94,22620.54,13.0,772.43,No,Yes,Yes,Unsolved,No reason specified,-11,5,16.61076923076923,0.0005746989240751989,8842e68e08121aa5,
41.0,F,City,No Membership,2025-04-20,No,Credit/Debit Card Offers,Desktop,Mobile_Data,17.0,0.0,15759.58,22.0,0.0,No,Yes,No,Not Applicable,Too many ads,-11,10,0.0,0.0013959762887082016,975f7d2e9a1efe27,
11.0,F,Town,No Membership,2025-04-20,Yes,Without Offers,Desktop,Mobile_Data,9.0,57.53999999999999,7710.829999999998,7.0,0.0,No,Yes,No,Not Applicable,No reason specified,-11,5,8.219999999999999,0.0009078140744900356,a491250d47369b61,
51.0,F,City,No Membership,2025-04-20,Yes,Without Offers,Desktop,Mobile_Data,5.0,145.16,16459.67,7.187935287324031,1049.6267695872452,Yes,No,Yes,Solved,Poor Customer Service,-11,14,20.19495087219143,0.0004366998419363226,afc591856b486db8,
55.0,M,Village,Gold Membership,2025-04-20,No,Credit/Debit Card Offers,Desktop,Mobile_Data,8.0,404.52,14140.69,25.0,716.88,Yes,No,No,Not Applicable,No reason specified,-11,7,16.180799999999998,0.0017679476744062702,920285752bc67eb6,
40.0,F,City,Gold Membership,2025-04-20,No,Without Offers,Desktop,Wi-Fi,-999.0,50.74000000000001,38028.9,28.0,1258.0919243161236,Yes,No,No,Not Applicable,Poor Customer Service,-11,11,1.8121428571428575,0.0007362821433173192,b8d923bc91dc8106,
63.0,F,City,Gold Membership,2025-04-20,Yes,Gift Vouchers/Coupons,Desktop,Mobile_Data,1.0,94.15,87442.93,5.0,765.18,No,Yes,No,Not Applicable,User Friendly Website,-11,14,18.830000000000002,5.718015167149592e-05,9a038162374559f0,
15.0,F,City,Premium Membership,2025-04-20,No,Credit/Debit Card Offers,Desktop,Wi-Fi,11.0,34.900000000000006,82848.75,10.0,792.5,Yes,No,Yes,Solved in Follow-up,Products always in Stock,-11,12,3.4900000000000007,0.00012070188144057695,a8c6e240087e09d4,
12.0,M,Town,No Membership,2025-04-20,No,Without Offers,Both,Mobile_Data,15.0,714.45,43288.11,0.0,291.6192363651029,Yes,No,No,Not Applicable,Poor Product Quality,-11,8,0.0,0.0,9a5d011d47c79bed,
44.0,F,Town,Premium Membership,2025-04-20,No,Gift Vouchers/Coupons,Smartphone,Fiber_Optic,8.0,567.61,40417.08,5.0,0.0,Yes,No,No,Not Applicable,Quality Customer Care,-11,15,113.522,0.00012371007504747992,ae10e85052c94708,
38.0,F,Town,Premium Membership,2025-04-20,Yes,Without Offers,Desktop,Fiber_Optic,9.0,554.58,36205.03,13.0,0.0,Yes,No,Yes,Solved,Poor Product Quality,-11,21,42.660000000000004,0.00035906612976152765,bc6a0ed482bad299,
24.0,M,Village,Premium Membership,2025-04-20,Yes,Without Offers,Smartphone,Mobile_Data,20.0,157.37,24410.79,0.0,747.53,Yes,No,Yes,Solved in Follow-up,Poor Website,-11,14,0.0,0.0,a4c18d6a727895f8,
33.0,F,City,Silver Membership,2025-04-21,Yes,Credit/Debit Card Offers,Both,Mobile_Data,16.0,909.47,44103.9,10.0,750.99,Yes,Yes,No,Not Applicable,Poor Customer Service,-11,3,90.947,0.00022673731801496012,91222f7edf3bb9c9,
34.0,F,Town,Basic Membership,2025-04-21,No,Without Offers,Desktop,Fiber_Optic,22.0,107.85,34107.78,9.0,703.89,No,Yes,No,Not Applicable,Poor Website,-11,17,11.983333333333333,0.00026386941630325984,95613f4de8d287b1,
34.0,F,City,Platinum Membership,2025-04-21,Yes,Gift Vouchers/Coupons,Smartphone,Fiber_Optic,5.0,536.38,14476.35,24.0,216.45745451050414,Yes,No,No,Not Applicable,Too many ads,-11,20,22.349166666666665,0.0016578764674797168,b1cde5f9231f5082,
13.0,F,City,No Membership,2025-04-21,No,Gift Vouchers/Coupons,Both,Wi-Fi,21.0,237.87,24178.44,25.0,0.0,Yes,No,Yes,Solved in Follow-up,Poor Customer Service,-11,19,9.514800000000001,0.0010339790325595863,8c63f69651bb7293,
42.0,M,City,Basic Membership,2025-04-21,No,Gift Vouchers/Coupons,Desktop,Fiber_Optic,19.0,142.0,46430.5,24.0,662.13,No,Yes,Yes,Solved in Follow-up,Poor Customer Service,-11,21,5.916666666666667,0.0005169016056256124,91eefe106a56ea08,
59.0,F,Village,Platinum Membership,2025-04-21,No,Gift Vouchers/Coupons,Desktop,Wi-Fi,17.0,123.22,65033.56,12.0,782.82,No,Yes,Yes,No Information Available,Quality Customer Care,-11,4,10.268333333333333,0.0001845201154603869,8922a8ec05054eba,
56.0,M,City,Basic Membership,2025-04-21,No,Gift Vouchers/Coupons,Desktop,Fiber_Optic,8.000000000000004,411.64,34669.02,15.0,658.32,No,Yes,Yes,Unsolved,Too many ads,-11,4,27.442666666666664,0.00043266293653526985,ab6d5ffdb8a82f5a,
22.0,F,Town,Basic Membership,2025-04-21,No,Without Offers,Desktop,Wi-Fi,20.0,305.87,14574.04,11.0,671.17,No,Yes,No,Not Applicable,Too many ads,-11,6,27.80636363636364,0.0007547666947531363,ac1b7b939642be29,
56.0,F,Town,No Membership,2025-04-21,No,Credit/Debit Card Offers,Smartphone,Fiber_Optic,7.0000000000000036,134.14,33357.04,16.0,574.57,Yes,Yes,Yes,Unsolved,Poor Website,-11,12,8.38375,0.0004796588666140641,a7f86a735a3bac00,
26.0,M,Town,Basic Membership,2025-04-21,Yes,Without Offers,Desktop,Fiber_Optic,11.0,255.69,25785.52,29.0,0.0,Yes,Yes,Yes,Solved in Follow-up,No reason specified,-11,16,8.816896551724138,0.0011246622135213872,a184938b60f96edc,
10.0,M,Town,No Membership,2025-04-21,Yes,Without Offers,Desktop,Mobile_Data,7.0000000000000036,152.5,41057.56,0.0,664.9,No,Yes,Yes,Solved in Follow-up,Too many ads,-11,7,0.0,0.0,8628f029b4a18776,
21.0,F,City,Platinum Membership,2025-04-21,No,Without Offers,Both,Wi-Fi,7.0000000000000036,189.68,21019.11,20.0,1011.2992649711432,Yes,No,Yes,Solved in Follow-up,Poor Product Quality,-11,16,9.484,0.0009515150736639182,a44809a5faa27834,
38.0,F,City,Platinum Membership,2025-04-21,Yes,Gift Vouchers/Coupons,Desktop,Mobile_Data,11.0,932.2690742198828,43205.47,9.0,0.0,No,Yes,No,Not Applicable,Products always in Stock,-11,16,103.58545269109808,0.0002083069574292329,bed08e7e3b48e7e1,
21.0,F,Town,Premium Membership,2025-04-21,Yes,Without Offers,Desktop,Mobile_Data,-999.0,296.38,94764.52,34.32765302785937,799.05,Yes,Yes,Yes,Solved in Follow-up,Quality Customer Care,-11,2,8.633855619534089,0.0003622416177263323,84d400384632d00b,
54.0,F,Village,Premium Membership,2025-04-21,No,Credit/Debit Card Offers,Desktop,Fiber_Optic,14.0,75.40000000000003,27282.28,15.0,753.66,Yes,No,Yes,Unsolved,Products always in Stock,-11,9,5.026666666666669,0.0005498074207874122,bcc01be9cee3c9e3,
13.0,M,City,Basic Membership,2025-04-21,Yes,Without Offers,Desktop,Wi-Fi,5.0,0.0,16617.63,27.0,606.64,No,Yes,Yes,Unsolved,Poor Customer Service,-11,19,0.0,0.0016247804289781394,ac6bceb1450abf97,
64.0,M,Village,Basic Membership,2025-04-21,Yes,Without Offers,Desktop,Mobile_Data,18.0,157.38,28395.21,24.0,643.42,No,Yes,Yes,Unsolved,Poor Product Quality,-11,6,6.5575,0.000845212977822668,90d6aae534eccec5,
57.0,F,Town,Gold Membership,2025-04-21,Yes,Gift Vouchers/Coupons,Desktop,Fiber_Optic,4.0,232.53,95751.29000000001,12.0,0.0,Yes,Yes,No,Not Applicable,Quality Customer Care,-11,17,19.3775,0.00012532468230976311,8649fff1bbb8a257,
38.0,F,City,Gold Membership,2025-04-21,No,Without Offers,Both,Mobile_Data,-999.0,209.17,3632.5699999999997,25.0,719.16,Yes,Yes,Yes,Unsolved,Too many ads,-11,4,8.3668,0.006882179834111938,af0c4db50346eab3,
38.0,M,City,Silver Membership,2025-04-21,No,Without Offers,Both,Wi-Fi,4.0,218.97,71002.06,14.0,750.03,Yes,No,Yes,Solved in Follow-up,Products always in Stock,-11,4,15.640714285714285,0.0001971773776704507,88fadb6cf128f631,
34.0,F,Town,Platinum Membership,2025-04-21,Yes,Without Offers,Smartphone,Wi-Fi,17.0,519.11,39958.06,13.0,844.37,Yes,Yes,Yes,No Information Available,Quality Customer Care,-11,20,39.931538461538466,0.0003253411201644925,8e1ca070e0910f7a,
28.0,F,Village,Premium Membership,2025-04-21,No,Credit/Debit Card Offers,Both,Wi-Fi,21.0,397.5,47444.5,30.0,755.18,Yes,No,Yes,Solved,Too many ads,-11,5,13.25,0.0006323177607520366,ab974c35a00d7171,
34.0,M,Town,Gold Membership,2025-04-21,Yes,Gift Vouchers/Coupons,Smartphone,Mobile_Data,15.0,1076.9289923631882,17840.96,15.0,0.0,No,Yes,No,Not Applicable,Poor Product Quality,-11,10,71.79526615754588,0.0008407619320933403,a0e03e6bb7407002,
28.0,M,Town,Silver Membership,2025-04-21,Yes,Gift Vouchers/Coupons,Desktop,Wi-Fi,11.0,318.53,6012.27,20.0,718.22,Yes,No,Yes,Solved in Follow-up,Poor Customer Service,-11,5,15.926499999999999,0.003326530578300708,a6e98b0caaf62a84,
32.0,M,Town,No Membership,2025-04-21,No,Gift Vouchers/Coupons,Smartphone,Wi-Fi,9.0,0.0,9170.060000000001,22.0,523.29,No,Yes,No,Not Applicable,Poor Product Quality,-11,8,0.0,0.0023991118923976503,b0f53ddb149f9bda,
51.0,M,Town,No Membership,2025-04-21,No,Credit/Debit Card Offers,Desktop,Mobile_Data,19.0,118.88,44883.96,21.0,661.91,Yes,No,No,Not Applicable,Poor Website,-11,10,5.660952380952381,0.0004678731555771817,8cc419ff1a7b7247,
64.0,F,Town,Premium Membership,2025-04-21,No,Without Offers,Smartphone,Wi-Fi,17.0,343.75,12731.68,17.0,772.49,No,Yes,Yes,Solved,Poor Customer Service,-11,6,20.220588235294116,0.0013352519070539,a933e02678c1a975,
37.0,F,City,Gold Membership,2025-04-21,Yes,Without Offers,Both,Fiber_Optic,15.0,611.64,28603.63,26.0,690.63,No,Yes,Yes,Solved in Follow-up,No reason specified,-11,8,23.524615384615384,0.0009089755391186364,aeb52c90216c4f5a,
26.0,M,Town,Silver Membership,2025-04-21,No,Credit/Debit Card Offers,Desktop,Mobile_Data,16.0,45.55000000000001,19357.34,27.0,772.12,Yes,No,Yes,No Information Available,Poor Customer Service,-11,2,1.6870370370370376,0.0013948197427952394,b3c811917096dc19,
37.0,M,City,Silver Membership,2025-04-21,No,Without Offers,Smartphone,Fiber_Optic,5.0,34.76999999999998,34109.57,7.0,753.73,Yes,No,No,Not Applicable,No reason specified,-11,11,4.967142857142854,0.00020522099809525596,bf5a6dd66e20603f,
12.0,M,City,No Membership,2025-04-21,No,Without Offers,Desktop,Mobile_Data,13.0,212.21,22791.32,16.0,528.17,Yes,No,Yes,Solved in Follow-up,Too many ads,-11,0,13.263125,0.0007020216468374802,b7582a06c26d3b3d,
13.0,M,City,Gold Membership,2025-04-21,No,Credit/Debit Card Offers,Smartphone,Fiber_Optic,12.0,0.0,24086.26,15.0,674.78,Yes,Yes,No,Not Applicable,Too many ads,-11,5,0.0,0.0006227616906900449,8c403f45a78cdac7,
47.0,F,Town,Silver Membership,2025-04-21,No,Credit/Debit Card Offers,Smartphone,Fiber_Optic,18.0,130.4,27986.38,23.0,703.22,No,Yes,No,Not Applicable,Poor Website,-11,9,5.6695652173913045,0.0008218283322101679,8b7087f083c1e93f,
41.0,M,City,Basic Membership,2025-04-21,No,Without Offers,Both,Fiber_Optic,17.0,223.95,29421.52,7.0,652.13,Yes,No,No,Not Applicable,Poor Product Quality,-11,2,31.99285714285714,0.0002379210863340847,835032394e1b9f9d,
22.0,F,City,Basic Membership,2025-04-21,No,Gift Vouchers/Coupons,Desktop,Fiber_Optic,11.0,189.89,32394.21,17.0,665.65,No,Yes,No,Not Applicable,Poor Website,-11,21,11.17,0.0005247851390726923,b60c61f31e4f2c1b,
41.0,F,Village,Basic Membership,2025-04-21,Yes,Credit/Debit Card Offers,Smartphone,Mobile_Data,14.0,282.04,48141.8,0.0,701.96,No,Yes,No,Not Applicable,No reason specified,-11,8,0.0,0.0,ac94d00f3e63844c,
11.0,M,Town,Platinum Membership,2025-04-21,No,Credit/Debit Card Offers,Desktop,Fiber_Optic,15.0,32.95999999999998,46456.05,9.0,840.6,Yes,No,Yes,Solved in Follow-up,Quality Customer Care,-11,19,3.66222222222222,0.00019373149460619229,bc20f1ddd82cf14d,
48.0,M,City,Platinum Membership,2025-04-21,Yes,Credit/Debit Card Offers,Smartphone,Fiber_Optic,10.0,33.14999999999998,21486.77,26.0,210.91631180792376,Yes,No,No,Not Applicable,Poor Website,-11,20,1.274999999999999,0.001210046926550617,9e5f71ded0afc849,
51.0,F,Town,Silver Membership,2025-04-21,Yes,Without Offers,Smartphone,Wi-Fi,18.0,34.47000000000003,15581.6,0.0,786.08,Yes,No,Yes,Solved in Follow-up,No reason specified,-11,21,0.0,0.0,9ee0b44c89f3307a,
12.0,M,Town,Gold Membership,2025-04-21,No,Credit/Debit Card Offers,Smartphone,Wi-Fi,18.0,108.22,10261.77,13.0,659.25,No,Yes,Yes,No Information Available,Poor Website,-11,19,8.324615384615385,0.0012668379821414823,b798384042a8a623,
48.0,M,Town,Gold Membership,2025-04-21,Yes,Without Offers,Desktop,Mobile_Data,12.0,32.40999999999997,44710.99,6.0,365.42987687182483,No,Yes,Yes,Unsolved,Poor Website,-11,23,5.401666666666661,0.00013419519451481616,8e7f4aef7ab3a45a,
22.0,M,Town,No Membership,2025-04-21,No,Gift Vouchers/Coupons,Desktop,Fiber_Optic,17.0,52.81,5123.1500000000015,0.0,699.45,Yes,No,Yes,Solved,Poor Website,-11,3,0.0,0.0,9ded5e01d63fa3ab,
13.0,M,City,No Membership,2025-04-21,Yes,Gift Vouchers/Coupons,Both,Fiber_Optic,14.0,1428.96,30908.96,5.0,566.33,Yes,Yes,Yes,Unsolved,No reason specified,-11,19,285.79200000000003,0.0001617653910063619,a1d52f57ec8961a6,
56.0,F,Town,No Membership,2025-04-21,No,Credit/Debit Card Offers,Smartphone,Mobile_Data,10.0,110.01000000000002,37701.72,6.0,602.23,No,Yes,No,Not Applicable,Poor Website,-11,14,18.335000000000004,0.00015914393295584392,9f9d78f7e3eb86f2,
30.0,M,City,Silver Membership,2025-04-21,Yes,Gift Vouchers/Coupons,Smartphone,Fiber_Optic,16.0,70.13999999999999,43991.75,0.0,634.75,No,Yes,No,Not Applicable,Poor Product Quality,-11,17,0.0,0.0,ab01cc9754d08172,
59.0,M,Town,No Membership,2025-04-21,No,Without Offers,Both,Fiber_Optic,15.0,510.73,20038.13,7.0,622.29,Yes,Yes,No,Not Applicable,Poor Customer Service,-11,4,72.96142857142857,0.00034933399473903004,bc643d6fe0dfd218,
46.0,M,Village,Silver Membership,2025-04-21,No,Gift Vouchers/Coupons,Desktop,Mobile_Data,10.0,254.36,6032.489999999994,7.0,645.63,Yes,No,No,Not Applicable,Poor Product Quality,-11,10,36.33714285714286,0.0011603831916837005,86dcb32faa234273,
21.0,M,City,No Membership,2025-04-21,Yes,Without Offers,Desktop,Fiber_Optic,-999.0,212.87,38533.84,25.0,580.03,No,Yes,Yes,Unsolved,Poor Website,-11,13,8.514800000000001,0.0006487803966591443,8c35e1df2d55e441,
12.0,M,Town,Gold Membership,2025-04-21,No,Gift Vouchers/Coupons,Desktop,Mobile_Data,8.000000000000004,254.9,33875.23,0.0,781.43,Yes,No,Yes,Unsolved,Poor Website,-11,2,0.0,0.0,814efa8bcaa86609,
42.0,F,Town,Premium Membership,2025-04-21,No,Credit/Debit Card Offers,Desktop,Fiber_Optic,20.0,33.129999999999995,41989.07,7.0,1264.0625759069476,No,Yes,Yes,Solved,Quality Customer Care,-11,6,4.732857142857142,0.00016671005097278888,8ca15b4653746597,
41.0,F,City,No Membership,2025-04-21,Yes,Credit/Debit Card Offers,Both,Wi-Fi,5.0,223.79,14427.28,22.0,537.94,No,Yes,No,Not Applicable,No reason specified,-11,16,10.172272727272727,0.001524888960358432,b878b60b4a22e1ba,
49.0,M,Town,Gold Membership,2025-04-21,No,Credit/Debit Card Offers,Desktop,Fiber_Optic,14.0,297.2,40452.01,1.0,417.4571995043318,Yes,No,No,Not Applicable,Reasonable Price,-11,5,297.2,2.4720650469531673e-05,927f483007d238ce,
30.0,F,City,Gold Membership,2025-04-21,No,Credit/Debit Card Offers,Desktop,Mobile_Data,8.000000000000004,521.24,1416.9799999999996,53.32412157644433,719.45,No,Yes,Yes,Solved,Poor Website,-11,9,9.77493833166593,0.03763223304241722,914679cb506da6c8,
39.0,F,City,Silver Membership,2025-04-21,No,Credit/Debit Card Offers,Smartphone,Mobile_Data,13.0,956.5329524081692,46818.97,13.0,676.2,Yes,No,Yes,Unsolved,No reason specified,-11,16,73.57945787755148,0.00027766522843197957,bde7f03780bd5fc1,
54.0,M,Town,No Membership,2025-04-21,Yes,Without Offers,Both,Fiber_Optic,10.0,188.25,49351.41,24.0,605.33,No,Yes,No,Not Applicable,Poor Customer Service,-11,1,7.84375,0.00048630829392716437,a234b713fc2c8498,
31.0,M,City,No Membership,2025-04-21,No,Credit/Debit Card Offers,Smartphone,Wi-Fi,21.0,172.76,42905.49,26.0,0.0,No,Yes,No,Not Applicable,Poor Website,-11,7,6.644615384615384,0.0006059830571798621,94f6baf69920acb3,
58.0,M,Town,Silver Membership,2025-04-21,No,Without Offers,Desktop,Fiber_Optic,18.0,112.17000000000002,39147.22,25.0,0.0,Yes,No,No,Not Applicable,No reason specified,-11,12,4.486800000000001,0.0006386149514576003,b3244086035bf23d,
35.0,F,City,Basic Membership,2025-04-21,Yes,Gift Vouchers/Coupons,Smartphone,Fiber_Optic,15.0,511.99,20480.91,10.0,624.25,Yes,Yes,No,Not Applicable,Poor Product Quality,-11,13,51.199,0.00048825955487329423,9e477c2e9f0131e8,
11.0,F,Town,Premium Membership,2025-04-21,No,Without Offers,Both,Mobile_Data,14.0,282.16,6731.119999999999,26.0,1203.9161534942934,Yes,No,Yes,Solved,Poor Product Quality,-11,20,10.852307692307694,0.0038626558433069095,b7d3c16a0a448cc7,
46.0,F,City,Basic Membership,2025-04-21,No,Gift Vouchers/Coupons,Desktop,Fiber_Optic,12.0,74.69,13660.669999999998,6.0,353.2904885636035,Yes,No,No,Not Applicable,Poor Product Quality,-11,1,12.448333333333332,0.0004392171101417427,86cdb11102228b2c,
32.0,M,City,Premium Membership,2025-04-21,No,Gift Vouchers/Coupons,Smartphone,Wi-Fi,17.0,128.95,8634.810000000001,0.0,747.23,No,Yes,Yes,No Information Available,Poor Product Quality,-11,15,0.0,0.0,b3146ac3eee3e0fa,
14.0,M,City,Basic Membership,2025-04-21,No,Credit/Debit Card Offers,Smartphone,Wi-Fi,24.0,174.11,28753.51,17.0,574.36,No,Yes,No,Not Applicable,No reason specified,-11,10,10.241764705882353,0.0005912321660903313,874b9c264cdf5773,
43.0,M,City,Gold Membership,2025-04-21,Yes,Without Offers,Desktop,Wi-Fi,11.0,0.0,45366.71,21.0,765.68,No,Yes,No,Not Applicable,Too many ads,-11,18,0.0,0.00046289448805081964,b5062443f647c53b,
39.0,M,Village,No Membership,2025-04-21,No,Credit/Debit Card Offers,Smartphone,Wi-Fi,7.0000000000000036,205.08,48502.29,26.0,574.88,No,Yes,No,Not Applicable,No reason specified,-11,15,7.8876923076923084,0.0005360571634865076,bbe14be284bab2aa,
20.0,M,City,No Membership,2025-04-21,Yes,Gift Vouchers/Coupons,Desktop,Mobile_Data,16.0,192.88,16418.81,20.0,536.59,Yes,No,No,Not Applicable,Poor Customer Service,-11,5,9.644,0.0012181150765493967,9b1033740831e0f7,
45.0,M,Town,Silver Membership,2025-04-21,Yes,Without Offers,Smartphone,Mobile_Data,2.0,199.38,27280.54,19.0,719.52,No,Yes,No,Not Applicable,Poor Website,-11,13,10.493684210526316,0.000696467152043178,802d3b646b18c723,
51.0,F,Town,No Membership,2025-04-21,Yes,Gift Vouchers/Coupons,Desktop,Mobile_Data,13.0,126.26999999999998,38769.53,18.0,263.7132946482226,Yes,No,Yes,Solved in Follow-up,No reason specified,-11,11,7.014999999999999,0.00046428213083831555,91b1bea0c5304da2,
40.0,F,Town,Basic Membership,2025-04-21,No,Without Offers,Desktop,Wi-Fi,2.0,356.65,32288.85,0.0,590.77,No,Yes,Yes,Unsolved,Too many ads,-11,7,0.0,0.0,a7b90cb68ef36358,
32.0,F,City,Silver Membership,2025-04-21,No,Credit/Debit Card Offers,Desktop,Fiber_Optic,14.0,163.12,7817.550000000003,6.0,729.56,Yes,No,No,Not Applicable,Too many ads,-11,2,27.186666666666667,0.00076750388548842,885b4aa425c9a80f,
63.0,F,Town,Silver Membership,2025-04-21,No,Credit/Debit Card Offers,Smartphone,Wi-Fi,21.0,457.02,1923.3300000000017,18.0,700.92,Yes,No,No,Not Applicable,User Friendly Website,-11,22,25.39,0.009358768386080383,a0af381c74ec3159,
22.0,M,City,No Membership,2025-04-21,Yes,Gift Vouchers/Coupons,Smartphone,Fiber_Optic,14.0,39.30000000000001,28472.59,19.0,585.95,No,Yes,No,Not Applicable,Poor Customer Service,-11,7,2.0684210526315794,0.0006673084534986104,ad42f7b5d16773e0,
61.0,M,City,Silver Membership,2025-04-21,No,Gift Vouchers/Coupons,Smartphone,Wi-Fi,16.0,74.37,19100.67,47.86504766209523,760.9,Yes,No,Yes,No Information Available,Poor Website,-11,10,1.5537433603956126,0.002505935533261149,91fd66c67a1d6c7e,
51.0,M,City,Gold Membership,2025-04-21,Yes,Credit/Debit Card Offers,Smartphone,Fiber_Optic,20.0,33.79000000000002,26971.49,27.0,0.0,Yes,No,No,Not Applicable,Poor Customer Service,-11,22,1.2514814814814823,0.0010010570420840672,95cd38a8e1b4245b,
18.0,M,Town,Basic Membership,2025-04-21,No,Without Offers,Smartphone,Fiber_Optic,16.0,228.45,24972.67,22.0,603.05,Yes,No,Yes,No Information Available,Poor Customer Service,-11,15,10.384090909090908,0.0008809630688268416,9916e2fd3fd44828,
23.0,F,Town,Silver Membership,2025-04-21,No,Without Offers,Desktop,Wi-Fi,14.0,256.03,32965.8,12.0,606.35,Yes,No,Yes,Unsolved,Poor Customer Service,-11,17,21.33583333333333,0.00036401361410916765,b2e381b5c39da24a,
32.0,F,Town,Basic Membership,2025-04-21,No,Without Offers,Smartphone,Wi-Fi,21.0,34.0,8469.43,9.0,667.29,Yes,No,Yes,Solved,Too many ads,-11,1,3.7777777777777777,0.001062645301986084,82a53674fc3897b0,
13.0,F,City,Basic Membership,2025-04-21,Yes,Credit/Debit Card Offers,Both,Wi-Fi,6.0000000000000036,684.08,30115.27,29.0,656.41,Yes,Yes,Yes,No Information Available,Poor Product Quality,-11,10,23.58896551724138,0.0009629666278934241,9c819d638ec86350,
22.0,M,Village,Gold Membership,2025-04-21,Yes,Credit/Debit Card Offers,Desktop,Wi-Fi,4.0,68.68,55619.26000000001,9.0,1139.2883710597805,No,Yes,No,Not Applicable,Products always in Stock,-11,8,7.631111111111112,0.00016181445060577934,8f3dde4f7696d7da,
15.0,M,City,Basic Membership,2025-04-21,Yes,Gift Vouchers/Coupons,Desktop,Fiber_Optic,14.0,281.36,35441.0,17.73176489975007,671.78,Yes,No,No,Not Applicable,No reason specified,-11,16,15.867568828637348,0.0005003178493764303,a41103f81ad11f0e,
49.0,M,City,Silver Membership,2025-04-21,No,Credit/Debit Card Offers,Smartphone,Wi-Fi,11.0,752.57,41196.81,0.0,783.75,Yes,Yes,No,Not Applicable,Reasonable Price,-11,14,0.0,0.0,b4eb819c8b708a7a,
42.0,F,Village,Platinum Membership,2025-04-21,No,Gift Vouchers/Coupons,Smartphone,Fiber_Optic,16.0,90.03,70675.88,11.0,752.05,No,Yes,No,Not Applicable,User Friendly Website,-11,16,8.184545454545455,0.00015564008541527887,b9d79604322fed5c,
48.0,M,City,Gold Membership,2025-04-21,No,Without Offers,Desktop,Wi-Fi,16.0,60.150000000000006,24409.15,7.0,822.47,Yes,No,No,Not Applicable,Quality Customer Care,-11,14,8.592857142857143,0.00028677770426254086,a3f9011b1103ec72,
53.0,F,Village,No Membership,2025-04-21,No,Credit/Debit Card Offers,Both,Fiber_Optic,14.0,1330.6185160685236,16073.44,27.0,661.61,No,Yes,No,Not Applicable,Too many ads,-11,4,49.28216726179717,0.0016797897649787476,9224bc3fba4dbdfa,
40.0,M,City,No Membership,2025-04-21,Yes,Without Offers,Desktop,Mobile_Data,14.0,0.0,5948.2199999999975,12.0,575.48,Yes,No,No,Not Applicable,Poor Customer Service,-11,2,0.0,0.0020174102504614834,a6c4ad4b3e6de889,
57.0,F,Village,Gold Membership,2025-04-21,Yes,Without Offers,Smartphone,Wi-Fi,17.0,888.46,31441.86,22.0,0.0,Yes,Yes,Yes,Unsolved,Poor Website,-11,6,40.38454545454545,0.0006997041523624874,963e49f93ad5eff4,
34.0,F,Town,Silver Membership,2025-04-21,Yes,Gift Vouchers/Coupons,Desktop,Wi-Fi,18.0,0.0,19415.089999999997,5.0,474.72194527644217,Yes,No,No,Not Applicable,Too many ads,-11,14,0.0,0.00025753164162514833,b2414bd3ae99f273,
16.0,F,City,No Membership,2025-04-21,No,Without Offers,Smartphone,Wi-Fi,8.000000000000004,1640.4680348207607,3687.6800000000003,13.0,654.57,No,Yes,No,Not Applicable,Too many ads,-11,10,126.18984883236621,0.0035252516487330786,b317e6f18a98d7ef,
17.0,M,City,Platinum Membership,2025-04-21,Yes,Credit/Debit Card Offers,Smartphone,Fiber_Optic,9.0,198.73000000000002,48574.31,1.9461839132869159,778.42,No,Yes,Yes,No Information Available,Poor Customer Service,-11,22,102.11265165806675,4.006611546899824e-05,8a2b1f342f2d5a67,
44.0,M,Town,No Membership,2025-04-21,No,Credit/Debit Card Offers,Smartphone,Wi-Fi,15.0,70.54000000000005,39128.64,10.0,650.9,No,Yes,Yes,Solved in Follow-up,Poor Website,-11,19,7.054000000000005,0.000255567277574687,a805979868c33935,
10.0,M,Town,Basic Membership,2025-04-21,No,Gift Vouchers/Coupons,Desktop,Wi-Fi,18.0,1591.2519395893396,25404.54,29.0,714.88,No,Yes,No,Not Applicable,Poor Website,-11,12,54.87075653756344,0.0011415282465260146,a96033658dc2bbfa,
17.0,M,City,Premium Membership,2025-04-21,No,Without Offers,Desktop,Wi-Fi,14.0,388.08,98247.86000000002,17.0,779.67,Yes,Yes,Yes,Unsolved,Products always in Stock,-11,15,22.828235294117647,0.00017303175865611726,81320ee38056fbd7,
26.0,M,City,No Membership,2025-04-21,No,Without Offers,Desktop,Fiber_Optic,8.000000000000004,92.38999999999999,5419.869999999999,14.0,632.75,Yes,No,No,Not Applicable,Poor Customer Service,-11,18,6.599285714285713,0.002583087786238416,a604a65ea77c2515,
12.0,M,City,Basic Membership,2025-04-21,Yes,Without Offers,Smartphone,Wi-Fi,17.0,65.63,44038.21,11.0,687.15,Yes,No,No,Not Applicable,No reason specified,-11,13,5.966363636363636,0.0002497830860972778,b9bcd686cfa1706d,
34.0,M,Town,Platinum Membership,2025-04-21,No,Gift Vouchers/Coupons,Desktop,Mobile_Data,23.0,193.08,16462.5,40.70053302197731,771.99,No,Yes,Yes,Solved,Poor Product Quality,-11,2,4.743918215904973,0.0024723178752909525,8b658716c59c27bf,
53.0,M,Town,No Membership,2025-04-21,No,Gift Vouchers/Coupons,Desktop,Mobile_Data,4.0,219.0,48520.22,22.0,699.34,Yes,No,Yes,No Information Available,Too many ads,-11,11,9.954545454545455,0.00045341921368039964,ab1dee582de4ab41,
19.0,M,City,Silver Membership,2025-04-21,Yes,Without Offers,Smartphone,Wi-Fi,11.0,1151.9500754242015,36454.92,27.0,716.9,No,Yes,Yes,Solved in Follow-up,Too many ads,-11,16,42.66481760830376,0.0007406407694763834,b8926f90ee497078,
12.0,F,Town,Basic Membership,2025-04-21,Yes,Credit/Debit Card Offers,Smartphone,Mobile_Data,21.0,979.23,48534.77,22.0,573.83,Yes,Yes,Yes,Unsolved,Poor Customer Service,-11,20,44.51045454545454,0.0004532832853642863,bc3b8846fc5bd1b6,
57.0,F,Village,Silver Membership,2025-04-21,No,Without Offers,Desktop,Mobile_Data,16.0,56.56,1152.3600000000042,0.0,766.8,No,Yes,No,Not Applicable,Poor Customer Service,-11,9,0.0,0.0,bbee26d1934e9cca,
19.0,M,City,Basic Membership,2025-04-21,No,Without Offers,Desktop,Fiber_Optic,24.0,45.670000000000044,32483.09,48.84894664487982,503.83,Yes,No,No,Not Applicable,Poor Customer Service,-11,5,0.9349229233541113,0.001503826964887879,9d4f8236fca82cc5,
45.0,F,Town,No Membership,2025-04-21,No,Credit/Debit Card Offers,Desktop,Fiber_Optic,23.0,32.889999999999986,2006.2099999999991,12.0,624.59,No,Yes,Yes,Unsolved,Poor Website,-11,0,2.7408333333333323,0.005981427667093676,91abf19ec6b227d8,
51.0,F,Village,Basic Membership,2025-04-21,No,Credit/Debit Card Offers,Desktop,Mobile_Data,10.0,51.72000000000003,6681.93,11.0,605.67,No,Yes,Yes,Solved,No reason specified,-11,7,4.701818181818184,0.0016462309542302897,a1541ec7265bee5f,
27.0,F,Town,Basic Membership,2025-04-21,No,Without Offers,Desktop,Fiber_Optic,10.0,44.099999999999994,28360.22,28.0,685.94,No,Yes,No,Not Applicable,Too many ads,-11,11,1.5749999999999997,0.0009872984060067234,9ba219eedd06151f,
32.0,F,City,Silver Membership,2025-04-21,No,Gift Vouchers/Coupons,Desktop,Wi-Fi,15.0,488.97,13015.04,0.0,745.84,No,Yes,No,Not Applicable,Poor Website,-11,0,0.0,0.0,bd01926cf64e8836,
53.0,F,Town,Gold Membership,2025-04-22,Yes,Without Offers,Smartphone,Fiber_Optic,15.0,1220.42,28492.9,18.0,671.45,Yes,Yes,Yes,No Information Available,Too many ads,-11,8,67.80111111111111,0.0006317363272955719,8be5b04574b11403,
26.0,F,Town,Premium Membership,2025-04-22,No,Without Offers,Both,Wi-Fi,13.0,459.87,32898.53,15.0,734.02,No,Yes,Yes,Solved in Follow-up,Too many ads,-11,15,30.658,0.00045594742379066787,83bd6802a924128e,
39.0,F,Town,Basic Membership,2025-04-22,No,Credit/Debit Card Offers,Smartphone,Mobile_Data,21.0,186.03,2353.1899999999987,22.0,675.41,Yes,No,No,Not Applicable,No reason specified,-11,1,8.45590909090909,0.009349011342050583,a94a7e1293c4ebc0,
22.0,M,Town,Basic Membership,2025-04-22,No,Without Offers,Desktop,Fiber_Optic,13.0,79.63999999999999,18100.45,6.0,0.0,No,Yes,Yes,No Information Available,Poor Website,-11,1,13.273333333333332,0.00033148347140540704,bebef4c3d9919748,
62.0,F,City,No Membership,2025-04-22,No,Without Offers,Smartphone,Fiber_Optic,17.000000000000007,60.19,2853.729999999996,29.0,622.49,Yes,No,No,Not Applicable,Poor Customer Service,-11,13,2.0755172413793104,0.01016213867464688,afe8408a617b1b71,
23.0,F,Town,Gold Membership,2025-04-22,No,Gift Vouchers/Coupons,Desktop,Wi-Fi,19.0,132.41999999999996,16690.76,19.0,614.87,Yes,No,No,Not Applicable,Too many ads,-11,19,6.9694736842105245,0.0011383543948867518,841b903956437c6e,
21.0,F,City,No Membership,2025-04-22,No,Gift Vouchers/Coupons,Both,Mobile_Data,15.0,646.59,20745.19,28.0,582.0,Yes,Yes,Yes,No Information Available,No reason specified,-11,0,23.0925,0.0013497104630037133,8c9dc23226fc642e,
10.0,M,Town,Silver Membership,2025-04-22,Yes,Gift Vouchers/Coupons,Desktop,Fiber_Optic,7.0,135.88,36488.45,6.0,1009.5506449630092,No,Yes,No,Not Applicable,No reason specified,-11,2,22.646666666666665,0.0001644355953733305,8ef7a598f9b39516,
54.0,M,City,Platinum Membership,2025-04-22,No,Without Offers,Smartphone,Wi-Fi,24.000000000000007,34.68000000000001,21647.66,12.0,774.36,Yes,No,Yes,Solved in Follow-up,Too many ads,-11,22,2.8900000000000006,0.0005543324313112826,aeea11090d5f2bd2,
22.0,M,City,No Membership,2025-04-22,Yes,Without Offers,Both,Mobile_Data,6.0,848.62,44654.97,5.716129485353264,0.0,No,Yes,Yes,Unsolved,Poor Customer Service,-11,20,148.46059771292153,0.00012800656870563934,8555b7faf2cd5a8f,
28.0,F,City,Gold Membership,2025-04-22,Yes,Without Offers,Both,Wi-Fi,13.0,677.57,5873.1500000000015,27.0,708.83,Yes,Yes,Yes,Solved in Follow-up,Poor Website,-11,20,25.095185185185187,0.004597192307364871,83f80fd82fd5aec7,
59.0,F,Town,Platinum Membership,2025-04-22,No,Without Offers,Desktop,Fiber_Optic,2.0,259.37,21858.45,10.0,724.75,Yes,Yes,Yes,Unsolved,Poor Website,-11,0,25.937,0.0004574889802341886,98e7ca9a5a937764,
54.0,F,Town,Platinum Membership,2025-04-22,No,Gift Vouchers/Coupons,Desktop,Mobile_Data,13.0,95.31,16119.42,12.0,711.15,Yes,No,Yes,No Information Available,Too many ads,-11,4,7.9425,0.0007444436586428048,bf648307e30e6da8,
12.0,F,Town,Premium Membership,2025-04-22,No,Gift Vouchers/Coupons,Desktop,Wi-Fi,16.000000000000007,311.34,45334.11,25.0,742.45,Yes,Yes,Yes,Solved,Too many ads,-11,21,12.4536,0.0005514611404084033,9e6a903600570307,
17.0,M,Town,No Membership,2025-04-22,Yes,Credit/Debit Card Offers,Both,Mobile_Data,-999.0,828.94,3817.5,43.8670993823439,580.35,No,Yes,Yes,Solved in Follow-up,Too many ads,-11,18,18.8966221079491,0.01149105419314837,b7cccf8c20f227ad,
23.0,F,Village,Silver Membership,2025-04-22,No,Gift Vouchers/Coupons,Desktop,Mobile_Data,-999.0,0.0,3663.470000000001,12.0,0.0,No,Yes,No,Not Applicable,Poor Customer Service,-11,9,0.0,0.003275582985530111,815637f942c526ee,
38.0,F,Town,Silver Membership,2025-04-22,No,Gift Vouchers/Coupons,Desktop,Wi-Fi,15.0,47.74000000000001,5950.330000000002,28.0,723.38,No,Yes,Yes,Solved,No reason specified,-11,15,1.7050000000000003,0.004705621368898866,86bde440c565c633,
37.0,F,Town,Basic Membership,2025-04-22,Yes,Credit/Debit Card Offers,Desktop,Fiber_Optic,15.0,328.37,4481.130000000001,21.0,619.44,No,Yes,Yes,No Information Available,Poor Customer Service,-11,9,15.636666666666667,0.0046863179599788436,b9ec47ba0be7192d,
11.0,F,Town,No Membership,2025-04-22,No,Gift Vouchers/Coupons,Smartphone,Fiber_Optic,17.000000000000007,979.8213952243304,29074.76,0.0,540.85,No,Yes,No,Not Applicable,No reason specified,-11,8,0.0,0.0,a899d68da299ba9c,
57.0,F,City,Silver Membership,2025-04-22,No,Gift Vouchers/Coupons,Smartphone,Fiber_Optic,17.000000000000007,68.53000000000003,31609.24,0.0,785.98,No,Yes,Yes,Solved,User Friendly Website,-11,1,0.0,0.0,8be920729e2ce8d9,
35.0,F,City,Gold Membership,2025-04-22,No,Gift Vouchers/Coupons,Both,Mobile_Data,13.0,267.5,40934.07,16.0,689.62,No,Yes,No,Not Applicable,Poor Website,-11,0,16.71875,0.0003908724443965626,b0835eaed4aa2602,
52.0,M,City,Silver Membership,2025-04-22,Yes,Credit/Debit Card Offers,Desktop,Fiber_Optic,15.0,128.19,25516.75,12.0,699.02,No,Yes,Yes,Solved,Poor Website,-11,3,10.6825,0.000470279326324865,9f5c74449078f006,
45.0,F,Village,Basic Membership,2025-04-22,No,Credit/Debit Card Offers,Desktop,Mobile_Data,17.000000000000007,100.99999999999997,32835.95,17.0,611.34,Yes,No,Yes,Solved,Poor Product Quality,-11,23,5.941176470588234,0.0005177252371257723,bd9694f337aaafd2,
49.0,M,Town,Gold Membership,2025-04-22,Yes,Without Offers,Desktop,Wi-Fi,14.0,1188.3074069918214,11933.08,20.0,718.31,Yes,No,No,Not Applicable,Poor Product Quality,-11,19,59.41537034959107,0.001676013233800494,8ee4016d82c59307,
31.0,M,City,Basic Membership,2025-04-22,No,Without Offers,Smartphone,Wi-Fi,4.0,392.86,47460.8,14.0,680.63,Yes,No,Yes,Unsolved,Poor Customer Service,-11,7,28.06142857142857,0.00029498027846138283,9fa95e41d37dcb6e,
54.0,M,City,Gold Membership,2025-04-22,No,Without Offers,Desktop,Mobile_Data,16.000000000000007,130.4,20063.8,18.0,793.44,No,Yes,Yes,Unsolved,Products always in Stock,-11,12,7.2444444444444445,0.0008971381293673183,b56eb0e869b4a690,
64.0,F,Village,Basic Membership,2025-04-22,Yes,Credit/Debit Card Offers,Both,Mobile_Data,16.000000000000007,870.53,12512.91,13.0,1474.941244444596,Yes,No,Yes,Solved in Follow-up,Too many ads,-11,15,66.96384615384615,0.0010389269961983264,b8846c80fe5510b4,
29.0,M,Town,Gold Membership,2025-04-22,Yes,Credit/Debit Card Offers,Desktop,Fiber_Optic,16.000000000000007,32.99000000000001,4181.299999999999,13.0,777.1,No,Yes,Yes,Solved,Poor Customer Service,-11,20,2.5376923076923084,0.0031090809078516256,8ad716f74dc91f39,
18.0,F,City,Basic Membership,2025-04-22,Yes,Gift Vouchers/Coupons,Desktop,Mobile_Data,7.0,43.79000000000002,14608.85,0.0,636.57,Yes,No,No,Not Applicable,Poor Product Quality,-11,8,0.0,0.0,9356a01c80239802,
18.0,F,City,Basic Membership,2025-04-22,No,Gift Vouchers/Coupons,Smartphone,Wi-Fi,13.0,88.25,20452.55,6.0,1188.0005718807995,Yes,No,Yes,No Information Available,Poor Customer Service,-11,3,14.708333333333334,0.0002933619524215807,8f5e616ac89191fe,
62.0,M,City,Gold Membership,2025-04-22,Yes,Without Offers,Both,Mobile_Data,3.0,0.0,22497.4,11.0,757.45,Yes,No,Yes,No Information Available,No reason specified,-11,19,0.0,0.0004889453892449794,a3d0d109aaf4b8fe,
58.0,M,City,No Membership,2025-04-22,Yes,Without Offers,Desktop,Wi-Fi,20.0,34.55000000000001,6496.189999999999,26.0,227.5332564365824,No,Yes,Yes,Solved in Follow-up,No reason specified,-11,2,1.3288461538461542,0.004002345990495968,afaab8fe4903dccc,
61.0,F,Town,Platinum Membership,2025-04-22,No,Credit/Debit Card Offers,Desktop,Fiber_Optic,13.0,311.98,83809.74,13.0,1119.343567287999,No,Yes,Yes,Solved,Products always in Stock,-11,1,23.99846153846154,0.00015511323624199286,b7067bfbfd5e858f,
22.0,F,Village,Premium Membership,2025-04-22,Yes,Credit/Debit Card Offers,Both,Fiber_Optic,8.0,750.28,34603.87,9.0,1206.2087281556826,Yes,Yes,No,Not Applicable,No reason specified,-11,20,83.36444444444444,0.0002600865163347336,af46ff083cc6116c,
64.0,F,Village,Gold Membership,2025-04-22,No,Gift Vouchers/Coupons,Desktop,Wi-Fi,11.0,30.560000000000002,20650.42,13.0,750.31,No,Yes,No,Not Applicable,Poor Product Quality,-11,10,2.350769230769231,0.0006295271476318642,bebae5e83beaf537,
24.0,M,Town,Premium Membership,2025-04-22,Yes,Gift Vouchers/Coupons,Desktop,Fiber_Optic,7.0,0.0,8766.28,12.0,728.93,Yes,No,No,Not Applicable,No reason specified,-11,8,0.0,0.0013688816693055662,8d9728fc9acc2cad,
34.0,M,Town,Basic Membership,2025-04-22,Yes,Without Offers,Desktop,Mobile_Data,23.000000000000007,74.75,43659.33,7.0,616.57,Yes,No,Yes,Solved,Poor Website,-11,3,10.678571428571429,0.00016033228178261095,83cf923b21fc406e,
37.0,M,City,Basic Membership,2025-04-22,No,Credit/Debit Card Offers,Desktop,Wi-Fi,11.0,413.86,26191.13,18.0,623.79,Yes,No,No,Not Applicable,No reason specified,-11,22,22.992222222222225,0.000687255570874567,b2ca04903d6c4503,
59.0,F,Village,Gold Membership,2025-04-22,No,Credit/Debit Card Offers,Desktop,Fiber_Optic,20.0,33.04000000000002,6788.610000000001,11.0,1403.1659129697475,No,Yes,No,Not Applicable,Poor Customer Service,-11,14,3.0036363636363657,0.0016203611637728489,8053589dcc825e34,
62.0,M,City,Premium Membership,2025-04-22,No,Credit/Debit Card Offers,Desktop,Fiber_Optic,10.0,193.76,4243.8499999999985,8.0,436.2178613270089,Yes,No,Yes,Solved in Follow-up,Too many ads,-11,4,24.22,0.0018850807639289803,af6dcf82358f5dc0,
64.0,F,Town,No Membership,2025-04-22,Yes,Gift Vouchers/Coupons,Both,Fiber_Optic,16.000000000000007,528.7,29894.84,0.0,629.56,No,Yes,Yes,Solved in Follow-up,Poor Website,-11,7,0.0,0.0,9f0f3cec98118b09,
30.0,F,City,Platinum Membership,2025-04-22,No,Without Offers,Desktop,Fiber_Optic,15.0,189.12,35301.61,25.0,766.21,No,Yes,No,Not Applicable,Poor Website,-11,6,7.5648,0.0007081829978859321,aeee018d61818b79,
19.0,M,City,Premium Membership,2025-04-22,No,Credit/Debit Card Offers,Smartphone,Wi-Fi,8.0,382.23,36318.45,13.0,719.69,Yes,No,Yes,Solved in Follow-up,Poor Customer Service,-11,21,29.402307692307694,0.000357944791146098,b0fb574b4c5b9efa,
12.0,F,Village,Premium Membership,2025-04-22,No,Gift Vouchers/Coupons,Smartphone,Wi-Fi,20.0,30.980000000000018,26618.79,27.0,779.79,No,Yes,Yes,Solved,Too many ads,-11,19,1.147407407407408,0.0010143210867210718,acf4007c2ad17fb4,
40.0,F,City,Basic Membership,2025-04-22,Yes,Gift Vouchers/Coupons,Desktop,Fiber_Optic,7.0,584.11,5358.419999999998,5.0,706.21,Yes,No,Yes,Solved,Too many ads,-11,7,116.822,0.0009331108796996133,a2eb6aadbc49f672,
42.0,M,Town,Gold Membership,2025-04-22,No,Credit/Debit Card Offers,Desktop,Wi-Fi,18.0,356.22,19329.74,19.0,0.0,No,Yes,Yes,Solved,Poor Customer Service,-11,17,18.74842105263158,0.0009829413121956114,a85c46e177427889,
15.0,F,Town,Silver Membership,2025-04-22,Yes,Credit/Debit Card Offers,Smartphone,Fiber_Optic,5.0,34.910000000000025,13105.84,14.0,601.01,No,Yes,No,Not Applicable,Too many ads,-11,3,2.4935714285714305,0.001068226073261996,800c1491eedfdede,
20.0,F,City,Silver Membership,2025-04-22,Yes,Credit/Debit Card Offers,Smartphone,Mobile_Data,13.0,0.0,16855.54,10.0,693.5631360264931,No,Yes,No,Not Applicable,Poor Customer Service,-11,6,0.0,0.000593276750552044,bef08984cdfe2673,
40.0,M,City,Basic Membership,2025-04-22,Yes,Credit/Debit Card Offers,Desktop,Wi-Fi,9.0,743.66,4197.260000000002,0.0,795.4264664359434,Yes,Yes,Yes,Unsolved,Poor Customer Service,-11,15,0.0,0.0,bd3ac2f4a43fe96f,
24.0,F,City,Premium Membership,2025-04-22,No,Gift Vouchers/Coupons,Smartphone,Mobile_Data,17.000000000000007,101.5,32593.2,15.0,801.18,Yes,No,No,Not Applicable,Products always in Stock,-11,11,6.766666666666667,0.00046021869592430324,99e0c1507af03840,
40.0,F,Town,Gold Membership,2025-04-22,No,Credit/Debit Card Offers,Smartphone,Wi-Fi,8.0,63.56999999999999,20295.34,19.0,999.6764458289344,No,Yes,No,Not Applicable,Too many ads,-11,10,3.34578947368421,0.0009361754964440113,9448a6a36740d00f,
45.0,F,Town,Premium Membership,2025-04-22,Yes,Without Offers,Smartphone,Wi-Fi,17.000000000000007,691.88,2304.959999999999,15.0,702.87,No,Yes,Yes,Solved in Follow-up,Poor Customer Service,-11,14,46.12533333333333,0.0065077051228654755,ac197cccdf4543a7,
55.0,M,Town,Platinum Membership,2025-04-22,No,Without Offers,Desktop,Fiber_Optic,21.0,82.11000000000001,12805.75,25.0,0.0,No,Yes,Yes,No Information Available,Poor Customer Service,-11,11,3.2844000000000007,0.0019522480135876462,b5068939c17c5849,
56.0,M,Town,Gold Membership,2025-04-22,No,Gift Vouchers/Coupons,Desktop,Fiber_Optic,-999.0,296.14,28906.35,19.0,609.09,No,Yes,Yes,Solved,No reason specified,-11,0,15.586315789473684,0.0006572950234118109,a9af4dcdb419d71a,
35.0,F,Town,Basic Membership,2025-04-22,No,Without Offers,Desktop,Wi-Fi,13.0,115.53,29505.26,25.0,504.21,No,Yes,No,Not Applicable,Poor Website,-11,20,4.6212,0.000847306548052788,870efcd9538c6ef6,
38.0,M,Village,Premium Membership,2025-04-22,No,Without Offers,Desktop,Wi-Fi,5.0,91.65,22112.05,5.0,1379.6677530126403,Yes,No,Yes,Solved in Follow-up,Reasonable Price,-11,7,18.330000000000002,0.00022612105164378698,a8cbb4b544c9ee8a,
43.0,F,Town,Premium Membership,2025-04-22,No,Credit/Debit Card Offers,Desktop,Mobile_Data,10.0,31.850000000000023,15240.06,36.42957899489876,0.0,Yes,No,No,Not Applicable,User Friendly Website,-11,22,0.8742895437924216,0.002390382911543574,a923e5ca987a958a,
24.0,F,City,No Membership,2025-04-22,No,Gift Vouchers/Coupons,Smartphone,Mobile_Data,6.0,111.72,34202.43,28.0,324.8835798949064,Yes,No,No,Not Applicable,Too many ads,-11,20,3.9899999999999998,0.0008186552826802072,b11c252ff22f7575,
32.0,M,City,Premium Membership,2025-04-22,No,Gift Vouchers/Coupons,Both,Fiber_Optic,14.0,460.17,41168.19,24.0,713.95,No,Yes,No,Not Applicable,No reason specified,-11,6,19.173750000000002,0.0005829743790047607,a2f554704ffe415d,
23.0,M,Town,Basic Membership,2025-04-22,No,Without Offers,Desktop,Wi-Fi,23.000000000000007,152.99999999999997,11441.119999999999,8.0,609.63,Yes,No,No,Not Applicable,Too many ads,-11,2,19.124999999999996,0.0006992322429971891,aa7bb247e9384aca,
54.0,F,Town,No Membership,2025-04-22,Yes,Without Offers,Desktop,Wi-Fi,18.0,82.9,47239.44,12.0,613.07,Yes,No,Yes,Solved in Follow-up,Too many ads,-11,0,6.908333333333334,0.00025402502654561527,a210889d881bcec9,
59.0,M,Town,Platinum Membership,2025-04-22,No,Credit/Debit Card Offers,Smartphone,Wi-Fi,15.0,259.34,19036.86,11.0,314.84363586342687,Yes,Yes,No,Not Applicable,Poor Product Quality,-11,2,23.576363636363634,0.0005778263852336992,8fa98516994ea7ca,
37.0,F,Town,Platinum Membership,2025-04-22,Yes,Gift Vouchers/Coupons,Smartphone,Fiber_Optic,11.0,1208.04,3065.709999999999,5.0,0.0,Yes,Yes,Yes,Solved,Poor Customer Service,-11,23,241.608,0.0016309435660907265,8fbc64b5f2576882,
60.0,F,City,Basic Membership,2025-04-22,No,Gift Vouchers/Coupons,Desktop,Wi-Fi,11.0,296.75,29589.33,26.0,526.83,Yes,No,No,Not Applicable,Poor Customer Service,-11,1,11.413461538461538,0.0008786951242221435,a2308bf7209a01ee,
10.0,M,Town,No Membership,2025-04-22,No,Gift Vouchers/Coupons,Smartphone,Wi-Fi,-999.0,33.46999999999997,49996.51,15.0,596.0,No,Yes,Yes,Solved,Poor Product Quality,-11,20,2.2313333333333314,0.000300020941461714,a540b84a6ba28699,
25.0,M,City,Basic Membership,2025-04-22,Yes,Credit/Debit Card Offers,Smartphone,Wi-Fi,7.0,838.51,5788.130000000001,15.0,622.56,Yes,No,No,Not Applicable,Poor Product Quality,-11,6,55.900666666666666,0.0025915105569501717,82900f394f5343af,
11.0,F,City,Gold Membership,2025-04-22,No,Gift Vouchers/Coupons,Desktop,Wi-Fi,15.0,420.17,45252.38,17.0,645.36,Yes,Yes,No,Not Applicable,Too many ads,-11,4,24.71588235294118,0.0003756708486934831,b947f120777ae49e,
17.0,F,City,No Membership,2025-04-22,No,Without Offers,Smartphone,Fiber_Optic,19.0,105.66,44955.83,29.0,614.23,Yes,No,Yes,No Information Available,Poor Customer Service,-11,8,3.643448275862069,0.0006450776239700168,8e9c90fdc5408b92,
59.0,F,Village,Basic Membership,2025-04-22,Yes,Credit/Debit Card Offers,Both,Wi-Fi,13.0,622.17,3963.260000000002,18.0,0.0,No,Yes,Yes,Unsolved,No reason specified,-11,15,34.565,0.004541715658321683,973d63da45e782b5,
24.0,M,Town,Platinum Membership,2025-04-22,No,Credit/Debit Card Offers,Smartphone,Wi-Fi,15.0,1210.3964035163567,15420.65,11.0,732.56,Yes,No,No,Not Applicable,Quality Customer Care,-11,14,110.03603668330516,0.0007133292046703609,a9abb219d4b86e4f,
11.0,F,Village,Gold Membership,2025-04-22,No,Gift Vouchers/Coupons,Desktop,Fiber_Optic,9.0,80.62,12112.35,0.0,706.94,Yes,No,No,Not Applicable,Poor Product Quality,-11,19,0.0,0.0,914c1167a6b8d6e1,
32.0,F,City,Silver Membership,2025-04-22,Yes,Credit/Debit Card Offers,Smartphone,Wi-Fi,11.0,294.82,30036.84,5.0,788.99,Yes,No,Yes,Unsolved,Poor Website,-11,2,58.964,0.00016646225102241114,bdc9e3aa2e0919d1,
63.0,M,City,Gold Membership,2025-04-22,Yes,Gift Vouchers/Coupons,Smartphone,Mobile_Data,-999.0,1251.2500000000002,22822.75,6.0,720.42,No,Yes,Yes,No Information Available,Poor Product Quality,-11,0,208.5416666666667,0.00026289557568654083,ae125515b4970948,
28.0,F,City,No Membership,2025-04-22,No,Without Offers,Smartphone,Wi-Fi,7.0,221.07,39035.33,5.0,0.0,Yes,Yes,No,Not Applicable,No reason specified,-11,6,44.214,0.0001280890926245532,a8a0f04f3244a449,
37.0,F,City,Basic Membership,2025-04-22,No,Without Offers,Smartphone,Wi-Fi,12.0,33.45999999999998,17430.74,14.0,668.61,Yes,No,Yes,Solved in Follow-up,No reason specified,-11,8,2.3899999999999983,0.0008031787520208551,80df25de89ff053b,
10.0,M,Town,No Membership,2025-04-22,Yes,Gift Vouchers/Coupons,Desktop,Mobile_Data,12.0,1157.6924406431606,48585.51,8.0,605.97,No,Yes,No,Not Applicable,Poor Customer Service,-11,1,144.71155508039507,0.00016465814601925553,99b69e6c337ca571,
50.0,M,Town,Silver Membership,2025-04-22,No,Gift Vouchers/Coupons,Desktop,Mobile_Data,14.0,95.41,15578.61,14.0,685.84,Yes,No,Yes,No Information Available,Poor Website,-11,2,6.8149999999999995,0.0008986681096708884,8c2c44d408bf37d9,
18.0,F,City,Silver Membership,2025-04-22,No,Credit/Debit Card Offers,Desktop,Fiber_Optic,11.0,212.27,40533.09,26.0,633.47,Yes,Yes,No,Not Applicable,Poor Customer Service,-11,1,8.16423076923077,0.000641451219238405,aa667ddc28feb406,
23.0,M,City,Platinum Membership,2025-04-22,No,Credit/Debit Card Offers,Desktop,Mobile_Data,7.0,335.55,11014.53,7.0,0.0,Yes,Yes,Yes,Solved,Poor Product Quality,-11,0,47.93571428571429,0.000635524166714331,a155203a92e1ce69,
31.0,F,Town,Silver Membership,2025-04-22,Yes,Without Offers,Desktop,Mobile_Data,12.0,664.83,14694.4,25.0,701.56,Yes,No,No,Not Applicable,Too many ads,-11,11,26.593200000000003,0.0017013283972125437,aacea6614c5d73ce,
32.0,F,Town,Platinum Membership,2025-04-22,Yes,Gift Vouchers/Coupons,Desktop,Mobile_Data,2.0,31.120000000000005,41122.8,8.0,725.6,No,Yes,No,Not Applicable,Quality Customer Care,-11,23,3.8900000000000006,0.0001945392823445874,8636afb1243597e6,
27.0,F,Town,Platinum Membership,2025-04-22,No,Credit/Debit Card Offers,Desktop,Wi-Fi,19.0,52.54000000000002,13416.25,8.0,773.49,No,Yes,No,Not Applicable,Products always in Stock,-11,3,6.567500000000003,0.0005962918103046679,9f59ac6cf56271cc,
43.0,F,City,Basic Membership,2025-04-22,No,Credit/Debit Card Offers,Smartphone,Fiber_Optic,11.0,163.14,26170.55,16.0,650.48,No,Yes,Yes,Solved in Follow-up,Too many ads,-11,6,10.19625,0.0006113742355433876,90c425d073c9d42f,
37.0,M,Town,Basic Membership,2025-04-22,Yes,Gift Vouchers/Coupons,Both,Fiber_Optic,1.0,645.52,14360.85,7.0,0.0,Yes,No,Yes,Unsolved,No reason specified,-11,21,92.21714285714286,0.0004874363286295728,959dfce06c679104,
50.0,M,Town,Silver Membership,2025-04-22,Yes,Credit/Debit Card Offers,Desktop,Fiber_Optic,16.000000000000007,45.25999999999999,12786.57,5.0,632.0,No,Yes,No,Not Applicable,Poor Customer Service,-11,19,9.051999999999998,0.0003910352815493131,b1f3cd1a0bc1420e,
36.0,F,Town,Basic Membership,2025-04-22,No,Credit/Debit Card Offers,Desktop,Wi-Fi,4.0,33.69999999999999,47072.27,19.0,702.96,No,Yes,Yes,No Information Available,Poor Website,-11,17,1.773684210526315,0.00040363466643949825,88639e2102abd5fc,
43.0,F,Town,Gold Membership,2025-04-22,Yes,Without Offers,Desktop,Mobile_Data,17.000000000000007,0.0,20439.87,27.0,777.7,Yes,No,Yes,Solved,Poor Customer Service,-11,9,0.0,0.0013209477359689666,8b096829ed12800a,
13.0,F,Village,Silver Membership,2025-04-22,Yes,Without Offers,Smartphone,Mobile_Data,21.999999999999993,1048.797465076302,29619.71,12.0,646.87,Yes,No,No,Not Applicable,Too many ads,-11,20,87.39978875635849,0.0004051356343461837,a692ec863bdbd242,
37.0,M,Town,No Membership,2025-04-22,Yes,Without Offers,Desktop,Mobile_Data,12.0,65.01999999999998,25373.52,5.0,696.8,No,Yes,No,Not Applicable,No reason specified,-11,19,13.003999999999996,0.0001970558282808219,a4da824cd3377412,
21.0,M,Town,Gold Membership,2025-04-22,Yes,Gift Vouchers/Coupons,Both,Fiber_Optic,9.0,643.0,34021.55,5.0,727.27,Yes,No,No,Not Applicable,Poor Customer Service,-11,21,128.6,0.0001469656732277042,857fc00f78a038d3,
53.0,M,City,Silver Membership,2025-04-22,Yes,Without Offers,Smartphone,Fiber_Optic,1.0,119.96999999999997,93267.14000000001,28.353742782200527,790.48,Yes,No,No,Not Applicable,Products always in Stock,-11,15,4.231187428113119,0.0003040057064278,88e8320a951d303e,
11.0,M,Town,Basic Membership,2025-04-22,No,Gift Vouchers/Coupons,Smartphone,Mobile_Data,5.0,453.14,29588.98,14.0,635.58,Yes,No,Yes,No Information Available,Too many ads,-11,17,32.36714285714286,0.0004731491251134713,b2ec1355fb43b043,
29.0,F,City,Gold Membership,2025-04-22,Yes,Gift Vouchers/Coupons,Both,Mobile_Data,14.0,893.47,20040.53,17.0,0.0,Yes,No,Yes,Unsolved,Poor Product Quality,-11,11,52.55705882352942,0.0008482809586373215,9d93867f7539d047,
19.0,M,City,No Membership,2025-04-22,Yes,Without Offers,Desktop,Fiber_Optic,9.0,437.94,21188.94,18.0,684.48,No,Yes,No,Not Applicable,Poor Website,-11,19,24.33,0.0008494997862092205,bd73e10d7b212ff4,
19.0,F,Town,Gold Membership,2025-04-22,Yes,Gift Vouchers/Coupons,Desktop,Mobile_Data,13.0,1118.1555448121746,1425.8499999999985,8.0,738.09,No,Yes,No,Not Applicable,Poor Product Quality,-11,15,139.76944310152183,0.005610688361328336,813c4d17f12fdce1,
24.0,F,Town,No Membership,2025-04-22,Yes,Gift Vouchers/Coupons,Desktop,Wi-Fi,16.000000000000007,103.17000000000002,8719.64,23.0,1199.6734802805029,No,Yes,No,Not Applicable,Too many ads,-11,11,4.485652173913044,0.0026377235757439528,bd322ba8bb199107,
63.0,F,City,Basic Membership,2025-04-22,Yes,Without Offers,Both,Fiber_Optic,11.0,599.52,10338.65,22.0,552.67,No,Yes,No,Not Applicable,Too many ads,-11,17,27.25090909090909,0.0021279373999506706,ba9914cebc17b863,
49.0,M,Town,Silver Membership,2025-04-22,No,Without Offers,Smartphone,Mobile_Data,21.999999999999993,1297.8490097138667,15538.21,23.0,660.48,No,Yes,Yes,Solved in Follow-up,Poor Customer Service,-11,11,56.42821781364638,0.0014802219818112897,a12cae3b9701f4c7,
34.0,M,Town,Silver Membership,2025-04-22,No,Without Offers,Desktop,Fiber_Optic,7.0,176.9,26058.27,28.0,673.8,No,Yes,Yes,Unsolved,Poor Product Quality,-11,20,6.317857142857143,0.001074514923669146,9ebc740f78e74e3e,
26.0,M,City,Platinum Membership,2025-04-22,No,Gift Vouchers/Coupons,Smartphone,Wi-Fi,9.0,224.24,49270.57,1.0,760.54,No,Yes,Yes,Solved,Quality Customer Care,-11,2,224.24,2.029609156135194e-05,94c6ae956c878f21,
19.0,F,City,Silver Membership,2025-04-22,No,Gift Vouchers/Coupons,Desktop,Wi-Fi,11.0,348.8,14922.73,7.0,0.0,Yes,No,Yes,Unsolved,Too many ads,-11,15,49.82857142857143,0.0004690830699208523,b941ecd4c2cca384,
40.0,F,Town,No Membership,2025-04-22,No,Credit/Debit Card Offers,Desktop,Wi-Fi,3.0,1199.1817305732843,17055.21,14.0,283.1086746542734,No,Yes,No,Not Applicable,Too many ads,-11,1,85.65583789809173,0.0008208635367140012,b13b1d8b6ca7f4ce,
24.0,M,Village,No Membership,2025-04-22,Yes,Credit/Debit Card Offers,Desktop,Fiber_Optic,6.0,30.94999999999999,13901.69,0.0,566.6,No,Yes,No,Not Applicable,Too many ads,-11,4,0.0,0.0,a855f6018258a186,
49.0,M,Village,Premium Membership,2025-04-22,No,Without Offers,Smartphone,Wi-Fi,14.0,155.89,96208.17000000001,37.22794614301992,832.69,No,Yes,Yes,No Information Available,Quality Customer Care,-11,20,4.187445619511531,0.0003869520243760994,b24d263318478920,
58.0,F,City,Basic Membership,2025-04-22,Yes,Gift Vouchers/Coupons,Desktop,Wi-Fi,8.0,137.79000000000002,2578.09,0.0,515.33,Yes,No,Yes,Solved,Poor Website,-11,17,0.0,0.0,83ab19d11ca307b7,
38.0,M,Town,Platinum Membership,2025-04-22,No,Without Offers,Smartphone,Wi-Fi,16.000000000000007,31.360000000000014,42182.95,0.0,788.07,Yes,No,No,Not Applicable,Poor Customer Service,-11,6,0.0,0.0,b0bc5f654769d877,
49.0,M,City,Silver Membership,2025-04-22,Yes,Gift Vouchers/Coupons,Smartphone,Fiber_Optic,18.0,51.10000000000002,45503.86,25.0,701.7,No,Yes,Yes,No Information Available,No reason specified,-11,12,2.044000000000001,0.000549403940676681,be7ac6c999c0c250,
41.0,M,Village,Basic Membership,2025-04-22,Yes,Gift Vouchers/Coupons,Desktop,Wi-Fi,21.0,33.06999999999999,10665.89,12.0,501.01,Yes,No,Yes,Solved,Too many ads,-11,22,2.755833333333333,0.001125081920027302,b850b888bfb51c40,
15.0,M,Village,Gold Membership,2025-04-22,Yes,Gift Vouchers/Coupons,Desktop,Fiber_Optic,5.0,0.0,19097.12,28.0,749.42,No,Yes,No,Not Applicable,Poor Website,-11,10,0.0,0.001466189666295232,9c336792125ca4b1,
20.0,M,Town,No Membership,2025-04-22,No,Gift Vouchers/Coupons,Desktop,Fiber_Optic,14.0,32.14999999999998,22400.82,0.0,0.0,No,Yes,No,Not Applicable,Poor Product Quality,-11,13,0.0,0.0,bfa3776cbd819b89,
16.0,M,City,Premium Membership,2025-04-22,No,Without Offers,Smartphone,Wi-Fi,14.0,283.72,29016.66,9.0,780.43,Yes,Yes,Yes,Unsolved,Too many ads,-11,6,31.52444444444445,0.0003101666421979649,9b763db8e7784fe2,
28.0,F,Town,Silver Membership,2025-04-22,No,Without Offers,Both,Wi-Fi,-999.0,486.32,61550.41999999999,5.0,1142.821840283395,Yes,Yes,Yes,No Information Available,Products always in Stock,-11,14,97.264,8.12342141613331e-05,a45cc9e609bfe267,
12.0,F,Town,Platinum Membership,2025-04-23,Yes,Credit/Debit Card Offers,Desktop,Fiber_Optic,15.0,230.01,31737.22,18.0,948.7586102811993,Yes,No,No,Not Applicable,Poor Website,-11,16,12.778333333333332,0.0005671574258867034,a6c983be817647cc,
17.0,F,City,Gold Membership,2025-04-23,No,Gift Vouchers/Coupons,Desktop,Fiber_Optic,14.0,112.81,55360.78,5.0,714.14,Yes,No,Yes,Solved in Follow-up,User Friendly Website,-11,9,22.562,9.031664655013893e-05,a356061dcecbcc87,
25.0,M,City,Silver Membership,2025-04-23,No,Credit/Debit Card Offers,Smartphone,Mobile_Data,17.0,43.44,24544.59,10.0,0.0,Yes,No,No,Not Applicable,Poor Customer Service,-11,2,4.343999999999999,0.0004074217577070955,a0b65232552ad4bb,
44.0,M,Town,Platinum Membership,2025-04-23,No,Gift Vouchers/Coupons,Desktop,Fiber_Optic,12.0,221.67,32309.26,21.0,0.0,Yes,Yes,Yes,Unsolved,No reason specified,-11,4,10.555714285714284,0.0006499684610541994,8ab547656d874baa,
11.0,F,Town,Platinum Membership,2025-04-23,Yes,Without Offers,Desktop,Mobile_Data,13.0,169.14,46397.59,10.0,788.55,Yes,No,Yes,Solved in Follow-up,No reason specified,-11,16,16.913999999999998,0.00021552843585194835,a9bf9216f673cee6,
44.0,F,Town,Premium Membership,2025-04-23,Yes,Credit/Debit Card Offers,Smartphone,Wi-Fi,12.0,887.31,70703.52,12.0,848.3,Yes,Yes,No,Not Applicable,Quality Customer Care,-11,12,73.9425,0.00016972280870881676,b21375c9c72f863f,
56.0,F,City,No Membership,2025-04-23,No,Gift Vouchers/Coupons,Smartphone,Wi-Fi,6.0,145.43,44312.58,0.0,0.0,No,Yes,No,Not Applicable,No reason specified,-11,10,0.0,0.0,8f15912a2e0cf128,
51.0,M,Village,Premium Membership,2025-04-23,Yes,Gift Vouchers/Coupons,Both,Mobile_Data,6.0,568.86,16883.47,10.0,834.26,Yes,No,Yes,Solved in Follow-up,Quality Customer Care,-11,5,56.886,0.0005922953042235985,b6d6cf8208b5b079,
39.0,M,Town,Premium Membership,2025-04-23,No,Credit/Debit Card Offers,Desktop,Fiber_Optic,15.0,246.54,83081.53,0.0,835.37,Yes,Yes,No,Not Applicable,Products always in Stock,-11,7,0.0,0.0,a4c7eb6081b4ae17,
43.0,F,Town,No Membership,2025-04-23,No,Without Offers,Desktop,Mobile_Data,23.0,257.43,24629.75,14.0,69.43979671336047,Yes,No,No,Not Applicable,Poor Product Quality,-11,13,18.387857142857143,0.0005684182746475299,a4b51fbd1e787237,
28.0,M,City,No Membership,2025-04-23,Yes,Without Offers,Smartphone,Mobile_Data,18.0,158.43,13378.78,17.0,557.61,Yes,No,Yes,Unsolved,Poor Product Quality,-11,19,9.319411764705883,0.0012706689249692422,84f352f7c8dd3fae,
24.0,F,Village,Premium Membership,2025-04-23,Yes,Credit/Debit Card Offers,Desktop,Mobile_Data,15.0,170.2,35270.54,11.0,788.3,No,Yes,No,Not Applicable,Poor Customer Service,-11,20,15.47272727272727,0.0003118750095688923,9ba165d2844affa4,
37.0,M,Town,Premium Membership,2025-04-23,Yes,Credit/Debit Card Offers,Smartphone,Wi-Fi,20.0,197.55,62612.82,9.0,37.903701829558145,No,Yes,No,Not Applicable,Products always in Stock,-11,15,21.950000000000003,0.0001437405310925143,a42577564ece8d5a,
46.0,M,Town,Gold Membership,2025-04-23,Yes,Without Offers,Desktop,Fiber_Optic,8.0,69.82,24955.14,10.0,777.78,Yes,No,No,Not Applicable,User Friendly Website,-11,21,6.981999999999999,0.00040071905026379335,b250f8c672ada62b,
21.0,F,City,Silver Membership,2025-04-23,Yes,Credit/Debit Card Offers,Smartphone,Wi-Fi,4.0,60.889999999999986,5471.130000000001,0.0,1136.575440411731,No,Yes,Yes,Solved in Follow-up,Poor Product Quality,-11,4,0.0,0.0,b6a69c8572515283,
61.0,M,Town,Basic Membership,2025-04-23,Yes,Credit/Debit Card Offers,Desktop,Wi-Fi,24.0,91.19,11350.919999999998,8.0,691.42,Yes,No,No,Not Applicable,Poor Customer Service,-11,18,11.39875,0.0007047886867320007,b11782536d1fb26e,
16.0,F,City,No Membership,2025-04-23,Yes,Credit/Debit Card Offers,Both,Wi-Fi,21.0,255.56,5280.830000000002,24.0,679.15,Yes,Yes,No,Not Applicable,Poor Customer Service,-11,8,10.648333333333333,0.004544740126078664,b0c1652a3c608898,
16.0,F,City,Gold Membership,2025-04-23,Yes,Credit/Debit Card Offers,Desktop,Wi-Fi,18.0,315.82,65936.36,10.0,0.0,Yes,No,Yes,Solved,Reasonable Price,-11,8,31.582,0.00015166138986137543,9b8a88c6e817609a,
17.0,M,Town,Basic Membership,2025-04-23,Yes,Gift Vouchers/Coupons,Desktop,Wi-Fi,10.0,0.0,34782.88,11.0,0.0,No,Yes,No,Not Applicable,Poor Customer Service,-11,8,0.0,0.00031624753326924053,9ed8be52b358fcb9,
13.0,F,City,Silver Membership,2025-04-23,No,Without Offers,Both,Wi-Fi,-999.0,0.0,12393.440000000002,8.0,754.27,No,Yes,Yes,No Information Available,Reasonable Price,-11,20,0.0,0.0006455027821169908,b8cf2706589ae150,
12.0,M,City,Basic Membership,2025-04-23,Yes,Without Offers,Smartphone,Fiber_Optic,11.0,33.77000000000001,40234.15,11.0,630.84,No,Yes,No,Not Applicable,Poor Website,-11,21,3.0700000000000007,0.0002733995871666234,bdf7bb1babc15395,
24.0,M,Town,Basic Membership,2025-04-23,No,Without Offers,Smartphone,Fiber_Optic,18.0,178.36,32925.58,21.0,620.86,Yes,No,No,Not Applicable,Too many ads,-11,3,8.493333333333334,0.0006378019764572105,8fb9f440c3b1d63f,
51.0,M,Village,Basic Membership,2025-04-23,Yes,Credit/Debit Card Offers,Both,Wi-Fi,12.0,131.14,8207.61,28.0,565.27,No,Yes,Yes,No Information Available,Poor Product Quality,-11,17,4.683571428571428,0.0034114681374967865,8e269aa5b1bb0169,
16.0,M,Town,Gold Membership,2025-04-23,Yes,Gift Vouchers/Coupons,Both,Fiber_Optic,11.0,710.19,4990.659999999996,24.0,670.02,Yes,No,No,Not Applicable,Poor Product Quality,-11,20,29.591250000000002,0.00480898318058133,af39e93b4391ad55,
61.0,F,City,Basic Membership,2025-04-23,Yes,Without Offers,Desktop,Fiber_Optic,20.0,133.69,40876.0,22.0,613.23,Yes,No,No,Not Applicable,No reason specified,-11,9,6.076818181818182,0.0005382131324004305,bdb28845e34f2569,
26.0,M,City,Silver Membership,2025-04-23,Yes,Gift Vouchers/Coupons,Desktop,Wi-Fi,-999.0,317.75,28447.57,7.0,710.18,Yes,No,No,Not Applicable,Too many ads,-11,7,45.392857142857146,0.000246066711497678,ad4e1c928d7952dd,
55.0,M,City,Basic Membership,2025-04-23,No,Gift Vouchers/Coupons,Smartphone,Fiber_Optic,14.0,114.6,30875.28,25.0,686.11,No,Yes,Yes,Solved in Follow-up,Poor Website,-11,20,4.584,0.0008097092560780016,9354ec00a5de9689,
55.0,F,City,No Membership,2025-04-23,Yes,Gift Vouchers/Coupons,Desktop,Wi-Fi,12.0,195.45,17068.0,6.0,1089.6796710582432,Yes,No,Yes,Solved,Poor Website,-11,10,32.574999999999996,0.0003515350363252871,ba51138fec1db05d,
13.0,M,City,Silver Membership,2025-04-23,Yes,Gift Vouchers/Coupons,Smartphone,Fiber_Optic,8.0,34.28,16234.44,25.0,637.6,Yes,No,Yes,Solved in Follow-up,Poor Website,-11,17,1.3712,0.001539936086492666,b10bf2cd4032f1e0,
27.0,F,City,Gold Membership,2025-04-23,No,Gift Vouchers/Coupons,Smartphone,Mobile_Data,14.0,31.340000000000003,32766.83,28.0,645.77,No,Yes,Yes,Solved,Poor Product Quality,-11,1,1.1192857142857144,0.0008545226987169646,95dd4f56deae306b,
49.0,M,Village,Silver Membership,2025-04-23,No,Credit/Debit Card Offers,Desktop,Wi-Fi,14.0,98.25,10672.23,7.0,715.14,Yes,No,No,Not Applicable,Poor Customer Service,-11,10,14.035714285714286,0.0006559079030343237,a20dc5d6e59cf95b,
61.0,F,Town,Basic Membership,2025-04-23,No,Credit/Debit Card Offers,Desktop,Wi-Fi,5.0,55.870000000000005,45096.7,5.0,657.88,No,Yes,No,Not Applicable,Poor Product Quality,-11,11,11.174000000000001,0.00011087285765920789,8d0e38c78e24a44d,
26.0,M,Town,Gold Membership,2025-04-23,Yes,Without Offers,Desktop,Fiber_Optic,9.0,34.120000000000005,27245.28,12.0,211.84689558497814,No,Yes,No,Not Applicable,Poor Customer Service,-11,5,2.8433333333333337,0.0004404432620989764,a1065cbebc78e115,
15.0,M,Town,No Membership,2025-04-23,No,Without Offers,Desktop,Wi-Fi,14.0,145.41,35634.14,5.0,605.08,Yes,No,Yes,Unsolved,No reason specified,-11,18,29.082,0.0001403148778109981,b27ce87cfdde8a12,
12.0,F,Town,Premium Membership,2025-04-23,No,Without Offers,Smartphone,Mobile_Data,-999.0,308.16,49306.26,28.0,749.08,Yes,No,No,Not Applicable,Too many ads,-11,7,11.005714285714287,0.0005678792104694211,b834b3586b5969c3,
11.0,M,Town,Premium Membership,2025-04-23,Yes,Gift Vouchers/Coupons,Both,Mobile_Data,-999.0,628.79,33199.52,22.0,777.94,Yes,No,Yes,No Information Available,Poor Customer Service,-11,14,28.581363636363633,0.000662660183038791,88dc1e90fab9593c,
50.0,F,City,Basic Membership,2025-04-23,No,Credit/Debit Card Offers,Desktop,Mobile_Data,9.0,1152.8266721517336,27733.58,23.0,696.05,No,Yes,Yes,Solved,No reason specified,-11,21,50.12289878920581,0.0008293195469174913,834dbd3e68119457,
52.0,M,City,Silver Membership,2025-04-23,No,Gift Vouchers/Coupons,Desktop,Mobile_Data,6.0,30.889999999999986,24401.77,17.0,0.0,No,Yes,No,Not Applicable,Poor Product Quality,-11,19,1.817058823529411,0.0006966707742921927,96d22711cce100a1,
64.0,M,Town,No Membership,2025-04-23,Yes,Credit/Debit Card Offers,Desktop,Fiber_Optic,15.0,32.210000000000036,29032.51,22.0,0.0,No,Yes,Yes,Unsolved,Poor Customer Service,-11,18,1.4640909090909107,0.0007577712020076804,9fa4380f969b8a3e,
12.0,M,Town,Silver Membership,2025-04-23,Yes,Credit/Debit Card Offers,Smartphone,Wi-Fi,2.0,226.47,27477.44,16.0,748.61,Yes,No,No,Not Applicable,Poor Customer Service,-11,5,14.154375,0.0005822958761806049,afde65fc9612fa88,
21.0,F,City,Gold Membership,2025-04-23,No,Gift Vouchers/Coupons,Smartphone,Fiber_Optic,13.0,135.58,5443.810000000005,12.0,630.48,No,Yes,Yes,Solved in Follow-up,No reason specified,-11,15,11.298333333333334,0.002204338505568708,8b171a302e68b612,
12.0,M,Town,Gold Membership,2025-04-23,No,Without Offers,Desktop,Mobile_Data,18.0,65.75999999999999,11881.21,18.0,519.2318123238762,Yes,No,No,Not Applicable,Poor Product Quality,-11,2,3.653333333333333,0.0015149972098801386,9629ad83c4612e4f,
39.0,F,City,No Membership,2025-04-23,Yes,Gift Vouchers/Coupons,Desktop,Mobile_Data,11.0,374.12,2275.0600000000013,0.0,674.67,No,Yes,No,Not Applicable,Poor Product Quality,-11,8,0.0,0.0,91cf5871d399b472,
57.0,M,City,No Membership,2025-04-23,No,Gift Vouchers/Coupons,Desktop,Mobile_Data,19.0,40.389999999999986,7779.570000000003,16.0,696.41,Yes,No,No,Not Applicable,No reason specified,-11,5,2.524374999999999,0.0020566689418566827,b5195ba7a55898fb,
18.0,M,Village,Basic Membership,2025-04-23,Yes,Gift Vouchers/Coupons,Both,Wi-Fi,17.0,937.3,39353.48,6.0,568.9,Yes,Yes,Yes,No Information Available,Too many ads,-11,10,156.21666666666667,0.00015246428016022978,b6beefebc1cf9b9f,
56.0,F,City,Silver Membership,2025-04-23,No,Gift Vouchers/Coupons,Desktop,Mobile_Data,15.0,268.98,20763.7,28.0,778.48,Yes,No,No,Not Applicable,Poor Website,-11,2,9.606428571428571,0.0013485072506345208,9e438b0be8d4cbd4,
21.0,F,Town,Silver Membership,2025-04-23,No,Gift Vouchers/Coupons,Smartphone,Wi-Fi,14.0,86.03,35840.78,5.0,636.43,No,Yes,No,Not Applicable,Poor Customer Service,-11,3,17.206,0.00013950589244988531,a1c9dad66e0c20d0,
30.0,M,City,Gold Membership,2025-04-23,Yes,Credit/Debit Card Offers,Both,Wi-Fi,15.0,653.35,58292.17,4.0,816.08,Yes,Yes,Yes,No Information Available,Reasonable Price,-11,7,163.3375,6.861985065918802e-05,ad017ece41e53dbf,
17.0,M,Town,No Membership,2025-04-23,No,Gift Vouchers/Coupons,Desktop,Mobile_Data,11.0,47.41999999999999,13685.52,6.0,529.55,No,Yes,Yes,Solved in Follow-up,Too many ads,-11,18,7.9033333333333315,0.0004384195850797047,9e8f3e3ddc18f5d5,
16.0,M,City,Premium Membership,2025-04-23,Yes,Gift Vouchers/Coupons,Desktop,Fiber_Optic,-999.0,147.44,70572.0,8.0,531.2626799411361,Yes,No,No,Not Applicable,Quality Customer Care,-11,22,18.43,0.00011335940599671258,ba6567d9ebdefc06,
30.0,F,Town,Gold Membership,2025-04-23,No,Credit/Debit Card Offers,Desktop,Mobile_Data,1.0,0.0,63257.34,11.0,0.0,Yes,No,No,Not Applicable,Reasonable Price,-11,2,0.0,0.00017389286365819366,a7517d9f125c82ac,
50.0,F,City,No Membership,2025-04-23,No,Credit/Debit Card Offers,Smartphone,Fiber_Optic,10.0,167.54,37785.3,21.0,1187.9229241881794,No,Yes,No,Not Applicable,Poor Product Quality,-11,20,7.9780952380952375,0.0005557716889901628,b283f9a225438ec9,
62.0,M,Town,Silver Membership,2025-04-23,Yes,Credit/Debit Card Offers,Both,Wi-Fi,-999.0,734.3499999999999,31531.19,23.0,1186.6738342204374,Yes,Yes,Yes,Unsolved,Poor Product Quality,-11,11,31.928260869565214,0.0007294364722676182,8b3adb2775c5e3a8,
11.0,M,City,Platinum Membership,2025-04-23,Yes,Gift Vouchers/Coupons,Desktop,Fiber_Optic,16.0,33.69999999999999,44507.06,13.0,774.18,Yes,No,Yes,No Information Available,No reason specified,-11,7,2.5923076923076915,0.00029208849112927253,9412c310c24feb3a,
51.0,M,City,Silver Membership,2025-04-23,No,Gift Vouchers/Coupons,Desktop,Mobile_Data,12.0,30.0,73125.88,17.0,0.0,Yes,No,Yes,Solved,User Friendly Website,-11,7,1.7647058823529411,0.00023247583482072283,bc30d7bb84e46726,
48.0,M,Town,Silver Membership,2025-04-23,Yes,Credit/Debit Card Offers,Smartphone,Wi-Fi,17.0,182.84,27995.7,22.0,398.9781703577714,Yes,No,No,Not Applicable,Poor Website,-11,21,8.31090909090909,0.000785834967512868,84d3e66d8604a62b,
61.0,F,City,Basic Membership,2025-04-23,Yes,Gift Vouchers/Coupons,Desktop,Mobile_Data,17.0,100.86000000000001,33609.49,0.0,555.89,No,Yes,No,Not Applicable,Poor Customer Service,-11,17,0.0,0.0,adf4802a0132cf89,
41.0,F,Town,Gold Membership,2025-04-23,No,Gift Vouchers/Coupons,Desktop,Wi-Fi,12.0,175.95,35618.83,13.0,748.87,Yes,No,No,Not Applicable,Poor Website,-11,12,13.534615384615384,0.00036497549189571917,9d832e7a60f01c3b,
18.0,M,Town,Basic Membership,2025-04-23,Yes,Gift Vouchers/Coupons,Smartphone,Fiber_Optic,18.0,44.80000000000001,2213.630000000001,18.0,610.79,No,Yes,Yes,No Information Available,Poor Customer Service,-11,8,2.4888888888888894,0.008131440213585826,b88c1e6a4abfc0e0,
53.0,F,City,Gold Membership,2025-04-23,No,Gift Vouchers/Coupons,Desktop,Wi-Fi,20.0,253.75,13134.94,17.0,715.66,Yes,No,No,Not Applicable,Poor Website,-11,3,14.926470588235293,0.0012942579105804822,8ab90c6921db81ae,
45.0,F,Town,Basic Membership,2025-04-23,Yes,Credit/Debit Card Offers,Desktop,Mobile_Data,17.0,32.69999999999999,20426.19,19.0,665.61,No,Yes,No,Not Applicable,No reason specified,-11,16,1.7210526315789467,0.0009301783641491634,9c2c1a32e6060d7d,
31.0,F,Town,Premium Membership,2025-04-23,Yes,Without Offers,Smartphone,Wi-Fi,15.0,1376.89,20739.57,14.0,727.46,Yes,No,Yes,Solved,Poor Website,-11,5,98.34928571428573,0.0006750381034900917,897c5c6ee0d0a39e,
27.0,F,Village,Premium Membership,2025-04-23,Yes,Credit/Debit Card Offers,Both,Wi-Fi,8.0,682.52,59000.87,12.0,739.8,Yes,Yes,No,Not Applicable,Quality Customer Care,-11,8,56.876666666666665,0.0002033868314145198,8a504343192bac70,
13.0,M,City,No Membership,2025-04-23,Yes,Gift Vouchers/Coupons,Smartphone,Wi-Fi,1.0,313.16,34655.25,6.0,517.33,Yes,No,No,Not Applicable,Poor Website,-11,12,52.193333333333335,0.00017313394074490877,928cb8ae5d31bb3c,
37.0,F,City,Gold Membership,2025-04-23,No,Gift Vouchers/Coupons,Smartphone,Mobile_Data,6.0,30.75,10154.25,16.0,746.8,Yes,No,No,Not Applicable,Poor Website,-11,20,1.921875,0.0015756949060738116,bb72501800b541ac,
46.0,M,City,Silver Membership,2025-04-23,No,Gift Vouchers/Coupons,Both,Mobile_Data,-999.0,568.175656767166,38797.01,15.0,1046.0804083622927,Yes,No,Yes,Solved,No reason specified,-11,8,37.87837711781106,0.0003866277323948417,853efb7915d4025e,
30.0,M,Town,Basic Membership,2025-04-23,No,Without Offers,Desktop,Fiber_Optic,3.0,120.28,40643.28,43.90774162420798,671.65,Yes,No,No,Not Applicable,No reason specified,-11,0,2.739380244819632,0.0010803198369867782,892d88884f1e9a87,
54.0,F,City,Silver Membership,2025-04-23,No,Gift Vouchers/Coupons,Smartphone,Fiber_Optic,8.0,54.53999999999999,41965.21,52.04800247829822,736.08,Yes,No,Yes,Solved,Poor Product Quality,-11,5,1.0478788311374836,0.0012402655075072475,9eb04c29460f542e,
36.0,M,Town,Gold Membership,2025-04-23,Yes,Credit/Debit Card Offers,Desktop,Wi-Fi,10.0,126.26,2084.41,24.0,768.39,No,Yes,No,Not Applicable,Poor Customer Service,-11,13,5.260833333333333,0.011514049539198143,88ce1094f8642ede,
18.0,M,Town,Gold Membership,2025-04-23,Yes,Without Offers,Desktop,Fiber_Optic,15.0,412.52,15300.95,14.0,330.79813985367787,No,Yes,Yes,Solved in Follow-up,Poor Website,-11,13,29.465714285714284,0.0009149758675114943,9c9711691a7ae7db,
30.0,M,City,Basic Membership,2025-04-23,No,Gift Vouchers/Coupons,Smartphone,Fiber_Optic,20.0,34.900000000000006,26678.19,23.0,695.49,No,Yes,Yes,No Information Available,Too many ads,-11,1,1.5173913043478264,0.0008621274531742971,bede4dedebea958a,
50.0,M,City,Basic Membership,2025-04-23,Yes,Gift Vouchers/Coupons,Desktop,Wi-Fi,14.0,32.41,13782.14,28.0,555.4,Yes,No,No,Not Applicable,No reason specified,-11,17,1.1575,0.0020316148290468678,8aec64f5179ff092,
56.0,F,Town,No Membership,2025-04-23,Yes,Gift Vouchers/Coupons,Smartphone,Wi-Fi,17.0,0.0,9994.2,11.0,546.12,Yes,No,No,Not Applicable,Poor Product Quality,-11,3,0.0,0.0011006383702547476,95751ec8f29ddab6,
21.0,F,City,Basic Membership,2025-04-23,Yes,Credit/Debit Card Offers,Smartphone,Wi-Fi,4.0,185.08,40096.11,9.0,684.86,Yes,No,No,Not Applicable,Poor Website,-11,1,20.564444444444447,0.00022446067710807857,be0f9c3841b5edf6,
32.0,M,City,No Membership,2025-04-23,No,Credit/Debit Card Offers,Desktop,Wi-Fi,13.0,173.92,32400.24,0.0,653.28,No,Yes,Yes,No Information Available,No reason specified,-11,16,0.0,0.0,959599a0de1a5abd,
36.0,M,City,Premium Membership,2025-04-23,No,Gift Vouchers/Coupons,Smartphone,Mobile_Data,16.0,39.56999999999999,45767.5,19.0,727.2,Yes,No,No,Not Applicable,Poor Product Quality,-11,1,2.082631578947368,0.0004151417490577375,9fe486208b6ce3f7,
62.0,F,City,No Membership,2025-04-23,No,Without Offers,Both,Wi-Fi,6.0,230.2,15797.460000000001,24.0,0.0,Yes,Yes,Yes,Unsolved,Poor Customer Service,-11,20,9.591666666666667,0.0015192315726705432,af7b681910e40763,
45.0,M,Town,Basic Membership,2025-04-23,No,Without Offers,Desktop,Wi-Fi,15.0,286.14,43147.7,20.0,523.27,Yes,No,No,Not Applicable,Poor Customer Service,-11,4,14.306999999999999,0.0004635241275896514,a4daf3900a0dad5d,
31.0,F,Town,No Membership,2025-04-23,Yes,Without Offers,Smartphone,Fiber_Optic,18.0,470.37,2146.709999999999,21.0,932.5187292870183,Yes,No,No,Not Applicable,No reason specified,-11,7,22.39857142857143,0.009782411224618141,b54831eb3102ac68,
11.0,F,City,Basic Membership,2025-04-23,Yes,Without Offers,Smartphone,Mobile_Data,18.0,30.909999999999997,11270.54,21.0,681.51,Yes,No,No,Not Applicable,Poor Customer Service,-11,2,1.4719047619047618,0.0018632647592750657,84282f98f47a85bb,
54.0,M,Town,No Membership,2025-04-23,No,Credit/Debit Card Offers,Smartphone,Mobile_Data,11.0,44.53999999999999,4881.5,15.0,618.87,No,Yes,Yes,No Information Available,Poor Customer Service,-11,10,2.9693333333333327,0.0030728259756222474,a2e712882ded27b0,
46.0,M,Village,Premium Membership,2025-04-23,No,Gift Vouchers/Coupons,Desktop,Wi-Fi,14.0,64.4,24606.22,10.0,771.4,No,Yes,No,Not Applicable,Poor Customer Service,-11,18,6.44,0.00040640130828709163,9779349b6f7c9da8,
51.0,F,Town,Basic Membership,2025-04-23,No,Without Offers,Desktop,Fiber_Optic,17.0,277.09,42823.83,0.0,702.47,No,Yes,No,Not Applicable,Poor Customer Service,-11,22,0.0,0.0,92068bb657064c65,
58.0,F,Town,Premium Membership,2025-04-23,Yes,Gift Vouchers/Coupons,Smartphone,Mobile_Data,15.0,190.28,39046.77,25.0,700.27,No,Yes,No,Not Applicable,Poor Website,-11,21,7.6112,0.0006402578241426884,93cf449004edcbad,
52.0,M,Town,Silver Membership,2025-04-23,Yes,Gift Vouchers/Coupons,Smartphone,Wi-Fi,4.0,0.0,48384.62,20.0,758.71,No,Yes,No,Not Applicable,Poor Customer Service,-11,14,0.0,0.00041335449157190856,9f1ac352d4e5b21e,
16.0,F,Town,Premium Membership,2025-04-23,Yes,Without Offers,Smartphone,Mobile_Data,8.0,52.920000000000016,1076.119999999999,8.0,728.25,No,Yes,No,Not Applicable,Poor Customer Service,-11,10,6.615000000000002,0.007434115154443749,93c6b40baf36bdcf,
44.0,F,City,No Membership,2025-04-23,Yes,Without Offers,Smartphone,Fiber_Optic,15.0,86.12,20240.33,9.0,516.62,No,Yes,Yes,No Information Available,Too many ads,-11,19,9.568888888888889,0.0004446567817817199,8b54f2eb50dff664,
50.0,M,Town,No Membership,2025-04-23,No,Without Offers,Smartphone,Mobile_Data,18.0,398.27,1268.6399999999994,6.0,543.24,No,Yes,No,Not Applicable,Poor Website,-11,2,66.37833333333333,0.00472947408248203,86ed8796ce73f580,
40.0,M,City,No Membership,2025-04-23,Yes,Gift Vouchers/Coupons,Smartphone,Fiber_Optic,8.0,774.16,9644.669999999998,5.0,805.2213192435097,Yes,No,Yes,Unsolved,Poor Product Quality,-11,21,154.832,0.000518421055360111,b25e3d2a71ad869e,
39.0,M,City,Basic Membership,2025-04-23,Yes,Gift Vouchers/Coupons,Smartphone,Mobile_Data,4.0,70.82,32196.11,9.0,942.63528361618,Yes,No,No,Not Applicable,Poor Product Quality,-11,7,7.868888888888888,0.00027953687572815475,8939df9d2cb4e2ff,
51.0,F,Town,Basic Membership,2025-04-23,No,Without Offers,Desktop,Wi-Fi,-999.0,50.639999999999986,11927.650000000001,7.0,635.47,No,Yes,No,Not Applicable,Too many ads,-11,0,7.234285714285712,0.000586871680507057,861dd7e926c2899b,
53.0,F,Village,Silver Membership,2025-04-23,Yes,Gift Vouchers/Coupons,Both,Fiber_Optic,21.0,234.41,97451.31,8.0,742.61,Yes,Yes,Yes,No Information Available,Products always in Stock,-11,18,29.30125,8.209227767179323e-05,b7e6ce3ca465014a,
49.0,M,City,No Membership,2025-04-23,Yes,Credit/Debit Card Offers,Desktop,Fiber_Optic,7.0,30.22,42493.17,28.0,578.76,Yes,No,Yes,Unsolved,Poor Website,-11,8,1.0792857142857142,0.0006589294232461358,86190b80decc28fb,
23.0,M,Town,Platinum Membership,2025-04-23,No,Credit/Debit Card Offers,Desktop,Mobile_Data,12.0,127.33,67676.43,26.986627299628385,816.44,No,Yes,No,Not Applicable,User Friendly Website,-11,18,4.718262811661292,0.0003987596168951049,b9c76ab96c777374,
41.0,M,Town,Gold Membership,2025-04-23,No,Credit/Debit Card Offers,Smartphone,Wi-Fi,19.0,366.79,16264.219999999998,16.0,392.8459320309156,Yes,No,Yes,No Information Available,Poor Product Quality,-11,20,22.924375,0.0009837545237336928,a074cf7c00a789d6,
52.0,M,City,Platinum Membership,2025-04-23,Yes,Credit/Debit Card Offers,Both,Fiber_Optic,14.0,637.78,39101.53,0.0,780.82,No,Yes,No,Not Applicable,Poor Product Quality,-11,22,0.0,0.0,99f63053c6fc288c,
36.0,F,City,No Membership,2025-04-23,Yes,Without Offers,Desktop,Mobile_Data,5.0,334.63,40236.66,18.0,675.88,Yes,Yes,Yes,Unsolved,Poor Customer Service,-11,15,18.590555555555554,0.00044735323458756264,89c8770304e755f6,
47.0,M,City,Basic Membership,2025-04-23,Yes,Credit/Debit Card Offers,Both,Mobile_Data,22.0,285.83,9158.489999999998,0.0,634.03,Yes,No,No,Not Applicable,Too many ads,-11,18,0.0,0.0,8aeb96605db6cb37,
35.0,F,Town,Platinum Membership,2025-04-23,No,Gift Vouchers/Coupons,Desktop,Wi-Fi,16.0,191.53,56618.57,0.0,747.18,No,Yes,No,Not Applicable,Reasonable Price,-11,22,0.0,0.0,ac63ac0a6e9ecd11,
24.0,F,Town,No Membership,2025-04-23,No,Without Offers,Smartphone,Wi-Fi,8.0,34.0,12709.11,23.0,653.44,Yes,No,Yes,Solved in Follow-up,Poor Customer Service,-11,19,1.4782608695652173,0.001809725464647013,a39db6d0cb6021e1,
17.0,F,Town,Silver Membership,2025-04-23,Yes,Credit/Debit Card Offers,Both,Fiber_Optic,5.0,937.84,12012.760000000002,9.0,701.68,Yes,Yes,No,Not Applicable,Poor Product Quality,-11,21,104.20444444444445,0.0007492033471075755,85730dd4da906f79,
32.0,M,Town,Silver Membership,2025-04-23,No,Credit/Debit Card Offers,Desktop,Fiber_Optic,7.0,168.58,4182.709999999999,0.0,731.66,No,Yes,No,Not Applicable,Poor Website,-11,8,0.0,0.0,ba5ea03249c877ef,
16.0,M,City,Basic Membership,2025-04-23,Yes,Gift Vouchers/Coupons,Smartphone,Wi-Fi,7.0,810.6,13051.86,5.0,653.81,No,Yes,No,Not Applicable,Poor Customer Service,-11,13,162.12,0.00038308716152333843,b85f0a466f98ff87,
20.0,M,City,Silver Membership,2025-04-23,Yes,Credit/Debit Card Offers,Both,Wi-Fi,5.0,31.27000000000001,17714.62,26.0,668.41,No,Yes,Yes,No Information Available,Poor Product Quality,-11,3,1.2026923076923082,0.0014677142382958257,901febfc174d3a31,
36.0,M,Town,No Membership,2025-04-23,Yes,Credit/Debit Card Offers,Smartphone,Fiber_Optic,11.0,34.139999999999986,36249.42,44.82688768184498,607.26,No,Yes,Yes,No Information Available,Poor Customer Service,-11,20,0.7615964829480407,0.001236623584097207,bb84237bb7d610c4,
31.0,M,Town,No Membership,2025-04-23,Yes,Without Offers,Desktop,Wi-Fi,15.0,725.64,6938.709999999999,9.0,654.64,No,Yes,Yes,No Information Available,Too many ads,-11,18,80.62666666666667,0.0012970710694062732,b2efa55dd1f60222,
61.0,M,City,Gold Membership,2025-04-23,No,Credit/Debit Card Offers,Desktop,Wi-Fi,4.0,185.1,30685.4,16.0,725.56,Yes,No,Yes,Unsolved,Poor Website,-11,13,11.56875,0.0005214206104531796,9f289501b6a3f271,
55.0,M,Town,Platinum Membership,2025-04-23,No,Gift Vouchers/Coupons,Desktop,Fiber_Optic,18.0,66.0,40917.35,13.0,406.4869336857857,Yes,No,Yes,Unsolved,User Friendly Website,-11,0,5.076923076923077,0.0003177136349250379,aac8b84dd222d76c,
39.0,F,Town,No Membership,2025-04-23,No,Credit/Debit Card Offers,Smartphone,Fiber_Optic,11.0,46.629999999999995,16024.68,25.0,670.3,Yes,No,Yes,No Information Available,Poor Website,-11,10,1.8651999999999997,0.0015600935556903477,8887e9c0b222fecb,
48.0,M,Village,Silver Membership,2025-04-23,Yes,Without Offers,Desktop,Mobile_Data,14.0,1335.14,1171.619999999999,0.0,653.31,No,Yes,Yes,Solved,Poor Customer Service,-11,2,0.0,0.0,b5176fb21e307d19,
10.0,M,City,Platinum Membership,2025-04-24,No,Without Offers,Desktop,Mobile_Data,-999.0000000000001,34.629999999999995,38578.25,22.0,754.91,Yes,No,Yes,Solved in Follow-up,Poor Product Quality,-11,20,1.574090909090909,0.0005702695171502077,9d066c902e187a86,
61.0,M,Town,No Membership,2025-04-24,No,Gift Vouchers/Coupons,Smartphone,Mobile_Data,7.0,491.45,19786.21,9.0,637.22,Yes,No,Yes,Unsolved,Poor Website,-11,16,54.605555555555554,0.00045486225002160595,805e9c155afab63b,
55.0,F,Town,Premium Membership,2025-04-24,No,Credit/Debit Card Offers,Desktop,Wi-Fi,7.0,33.94999999999999,37688.72,13.0,768.57,Yes,No,No,Not Applicable,Poor Customer Service,-11,17,2.6115384615384607,0.0003449307909634501,bebec09dc0b7de66,
28.0,M,Town,Premium Membership,2025-04-24,No,Gift Vouchers/Coupons,Both,Wi-Fi,10.0,445.47,83828.98,10.0,790.51,Yes,Yes,Yes,Solved,Quality Customer Care,-11,8,44.547000000000004,0.0001192904888023211,a7abe7e37c447fb5,
25.0,F,City,Basic Membership,2025-04-24,No,Gift Vouchers/Coupons,Smartphone,Mobile_Data,18.0,33.370000000000005,13152.689999999999,24.0,0.0,Yes,No,No,Not Applicable,Poor Website,-11,21,1.3904166666666669,0.0018247217869500462,91e3f364b6ab94be,
56.0,M,City,Gold Membership,2025-04-24,No,Without Offers,Desktop,Fiber_Optic,21.0,1386.2328573111793,9454.170000000002,19.0,778.27,Yes,No,No,Not Applicable,Too many ads,-11,2,72.95962406900944,0.0020096951927033252,84aab20336cff602,
58.0,M,Town,Platinum Membership,2025-04-24,Yes,Credit/Debit Card Offers,Smartphone,Mobile_Data,8.0,69.38999999999999,48833.68,19.0,778.35,Yes,No,Yes,No Information Available,No reason specified,-11,21,3.652105263157894,0.000389075736254159,9d0cfdbf16afcf2d,
19.0,F,City,Gold Membership,2025-04-24,No,Gift Vouchers/Coupons,Smartphone,Wi-Fi,-999.0000000000001,177.01,20149.4,7.0,781.29,Yes,No,No,Not Applicable,No reason specified,-11,16,25.287142857142857,0.00034740488550527555,bc463f219e7b2fa1,
52.0,F,City,No Membership,2025-04-24,Yes,Credit/Debit Card Offers,Desktop,Wi-Fi,15.0,260.13,40125.29,0.4499519307951729,568.27,Yes,No,No,Not Applicable,Poor Product Quality,-11,11,578.1284226079171,1.1213674238745014e-05,a60211cd2ecd8776,
19.0,M,City,No Membership,2025-04-24,No,Without Offers,Desktop,Mobile_Data,14.0,205.82,7600.529999999999,13.0,690.27,No,Yes,Yes,Solved,Too many ads,-11,12,15.832307692307692,0.0017104070374039707,8b839a9cb702a791,
35.0,M,Town,Platinum Membership,2025-04-24,No,Gift Vouchers/Coupons,Smartphone,Mobile_Data,23.0,80.94,38913.46,25.0,153.38010967469603,Yes,No,Yes,No Information Available,Too many ads,-11,7,3.2376,0.0006424512238181853,a0bd46192d671f77,
41.0,M,Town,Gold Membership,2025-04-24,No,Gift Vouchers/Coupons,Both,Mobile_Data,14.0,653.55,46111.63,18.0,838.07,No,Yes,Yes,Unsolved,User Friendly Website,-11,5,36.30833333333333,0.000390357053090511,9dc88964934b5c6a,
61.0,M,Town,Basic Membership,2025-04-24,Yes,Gift Vouchers/Coupons,Smartphone,Mobile_Data,23.0,234.83,15756.31,29.0,0.0,Yes,No,Yes,Unsolved,Poor Customer Service,-11,3,8.097586206896553,0.001840532459693926,accab7258535dcaa,
16.0,F,Town,Gold Membership,2025-04-24,Yes,Gift Vouchers/Coupons,Smartphone,Mobile_Data,11.0,991.2173418348068,2349.119999999999,12.0,0.0,Yes,No,Yes,Solved,Poor Product Quality,-11,19,82.60144515290057,0.005108295872496937,a3a07e9f2dbc6b9a,
52.0,F,City,Basic Membership,2025-04-24,No,Without Offers,Both,Mobile_Data,12.0,55.19,47714.26,6.0,709.47,Yes,No,No,Not Applicable,Poor Customer Service,-11,20,9.198333333333332,0.0001257485707627028,a4c1aa5d3e92deee,
25.0,M,Town,Premium Membership,2025-04-24,No,Gift Vouchers/Coupons,Both,Mobile_Data,17.0,214.1,97418.32,14.0,844.98,Yes,Yes,Yes,Unsolved,User Friendly Website,-11,11,15.292857142857143,0.00014371013583482038,8b94ab7ad4e2c7d9,
31.0,M,Town,Silver Membership,2025-04-24,Yes,Gift Vouchers/Coupons,Desktop,Fiber_Optic,1.0,243.38,39323.16,0.0,662.46,Yes,No,No,Not Applicable,Poor Product Quality,-11,10,0.0,0.0,a003e1a010142c11,
25.0,M,City,No Membership,2025-04-24,Yes,Gift Vouchers/Coupons,Desktop,Wi-Fi,21.0,150.21,19771.15,9.0,629.21,No,Yes,Yes,Solved in Follow-up,Poor Product Quality,-11,13,16.69,0.00045520872584548693,afcd07a35a5f1a08,
12.0,M,Town,Premium Membership,2025-04-24,Yes,Credit/Debit Card Offers,Both,Fiber_Optic,7.0,0.0,79516.55,19.0,714.89,Yes,Yes,No,Not Applicable,Quality Customer Care,-11,22,0.0,0.000238943968268241,a02676e88b04915f,
63.0,M,Town,No Membership,2025-04-24,Yes,Credit/Debit Card Offers,Both,Fiber_Optic,17.0,694.38,20963.489999999998,13.0,623.88,No,Yes,Yes,Unsolved,Too many ads,-11,13,53.41384615384615,0.0006201257519621018,b3014df28a77e752,
46.0,F,Town,No Membership,2025-04-24,No,Without Offers,Both,Mobile_Data,14.0,564.93,22121.36,9.0,893.9231432312082,Yes,Yes,No,Not Applicable,Too many ads,-11,19,62.769999999999996,0.0004068465953268696,97641ba95283739b,
64.0,F,City,Premium Membership,2025-04-24,No,Gift Vouchers/Coupons,Smartphone,Wi-Fi,15.999999999999986,304.76,8785.689999999999,6.0,708.69,No,Yes,No,Not Applicable,Reasonable Price,-11,21,50.79333333333333,0.0006829287170387301,b19ee062de1220bf,
63.0,M,Town,Basic Membership,2025-04-24,Yes,Credit/Debit Card Offers,Desktop,Wi-Fi,24.000000000000014,192.09,28677.03,8.0,674.46,Yes,No,No,Not Applicable,Poor Product Quality,-11,22,24.01125,0.000278968916934564,8069ec4eb570c4de,
18.0,F,Town,Basic Membership,2025-04-24,Yes,Without Offers,Desktop,Fiber_Optic,18.0,34.329999999999984,35500.47,22.0,604.86,Yes,No,Yes,No Information Available,Poor Product Quality,-11,4,1.5604545454545447,0.0006197101052464939,a89bef4ef48824b7,
39.0,M,Village,Platinum Membership,2025-04-24,No,Gift Vouchers/Coupons,Desktop,Fiber_Optic,20.0,30.840000000000003,88650.44,10.0,768.47,Yes,No,No,Not Applicable,Products always in Stock,-11,21,3.0840000000000005,0.00011280259861090368,a8b7528a6a7c7027,
55.0,M,City,No Membership,2025-04-24,Yes,Credit/Debit Card Offers,Desktop,Wi-Fi,19.0,107.87,2278.4000000000015,9.0,651.83,No,Yes,No,Not Applicable,Poor Product Quality,-11,8,11.985555555555557,0.0039501404494382,8028a44052378a87,
17.0,M,City,Basic Membership,2025-04-24,Yes,Credit/Debit Card Offers,Both,Mobile_Data,14.0,179.87,47867.75,6.0,654.78,No,Yes,No,Not Applicable,No reason specified,-11,12,29.978333333333335,0.0001253453525599177,880dabf06738122a,
53.0,M,City,No Membership,2025-04-24,Yes,Credit/Debit Card Offers,Desktop,Fiber_Optic,18.0,34.25,5792.34,18.0,589.67,Yes,No,Yes,Solved in Follow-up,No reason specified,-11,20,1.9027777777777777,0.00310755238815401,a6d180a6b7832c22,
52.0,F,Town,Platinum Membership,2025-04-24,Yes,Credit/Debit Card Offers,Smartphone,Wi-Fi,17.0,150.45,6870.409999999996,0.0,807.05,No,Yes,No,Not Applicable,Products always in Stock,-11,0,0.0,0.0,a2325e0f8893af18,
52.0,M,City,Silver Membership,2025-04-24,No,Without Offers,Smartphone,Wi-Fi,26.0,143.84,47519.38,14.0,437.2427288564666,No,Yes,No,Not Applicable,No reason specified,-11,21,10.274285714285714,0.00029461663851674836,b70a53f14ddef6f6,
15.000000000000004,M,Village,Basic Membership,2025-04-24,Yes,Credit/Debit Card Offers,Both,Mobile_Data,7.0,463.49,36963.7,0.0,629.25,Yes,No,No,Not Applicable,No reason specified,-11,10,0.0,0.0,a4a88a4a5abc39e6,
14.0,M,Village,Basic Membership,2025-04-24,No,Without Offers,Smartphone,Mobile_Data,17.0,48.349999999999994,15410.27,22.0,1108.1837343893917,Yes,No,Yes,Solved,No reason specified,-11,19,2.1977272727272723,0.00142761937331403,b703e767df55a683,
45.0,F,City,Premium Membership,2025-04-24,Yes,Credit/Debit Card Offers,Smartphone,Mobile_Data,15.999999999999986,528.66,22724.11,6.0,791.26,No,Yes,No,Not Applicable,Quality Customer Care,-11,10,88.11,0.00026403674335320504,aff6a657212ef7cc,
41.0,F,Town,Gold Membership,2025-04-24,Yes,Without Offers,Smartphone,Wi-Fi,18.0,273.63,20826.55,22.0,775.39,No,Yes,Yes,Solved,Poor Website,-11,9,12.437727272727273,0.0010563439455886837,895feb7ae8d35a2e,
41.0,M,Town,Premium Membership,2025-04-24,No,Gift Vouchers/Coupons,Desktop,Wi-Fi,-999.0000000000001,365.84,24890.49,19.0,0.0,No,Yes,Yes,Solved,Poor Product Quality,-11,16,19.254736842105263,0.0007633437509667346,974485c17e30d31b,
29.0,F,Town,No Membership,2025-04-24,Yes,Without Offers,Smartphone,Mobile_Data,10.0,231.49,19972.29,28.0,586.7,Yes,Yes,Yes,Solved in Follow-up,Poor Website,-11,1,8.2675,0.001401942391182984,930755375fb8e3cd,
64.0,M,Town,No Membership,2025-04-24,No,Without Offers,Desktop,Wi-Fi,24.000000000000014,323.55,37184.35,10.0,690.47,Yes,No,No,Not Applicable,Poor Product Quality,-11,16,32.355000000000004,0.000268930343007206,ab570aed84144935,
37.0,F,Village,No Membership,2025-04-24,Yes,Gift Vouchers/Coupons,Desktop,Mobile_Data,10.0,169.74,45726.87,0.0,940.6889735262424,No,Yes,Yes,Unsolved,Poor Website,-11,14,0.0,0.0,9831dfa1f705a3f7,
54.0,M,Town,Gold Membership,2025-04-24,Yes,Without Offers,Both,Fiber_Optic,22.0,205.75,18706.7,39.82329100544746,690.4,Yes,No,Yes,Solved,No reason specified,-11,7,5.166574504649937,0.002128825020203855,b49fc6fba0801ccd,
12.0,F,Town,Platinum Membership,2025-04-24,No,Gift Vouchers/Coupons,Desktop,Wi-Fi,-999.0000000000001,124.12,1512.0499999999956,22.0,761.95,Yes,No,Yes,Solved,Poor Customer Service,-11,20,5.641818181818182,0.01454978340663342,b902aeee1ab5c62f,
16.0,F,City,Basic Membership,2025-04-24,Yes,Without Offers,Desktop,Fiber_Optic,12.0,202.56,16618.440000000002,14.0,0.0,Yes,No,Yes,Unsolved,Poor Website,-11,21,14.468571428571428,0.0008424376776640887,9a637060cff1235d,
33.0,F,Town,Basic Membership,2025-04-24,Yes,Without Offers,Both,Fiber_Optic,7.0,232.1,42832.15,28.0,672.36,Yes,No,Yes,Solved,Poor Customer Service,-11,17,8.289285714285715,0.0006537145578729995,9e295245d82d6548,
11.0,M,Town,Premium Membership,2025-04-24,Yes,Without Offers,Both,Mobile_Data,15.999999999999986,33.879999999999995,48142.76,15.0,754.72,Yes,No,No,Not Applicable,Poor Customer Service,-11,23,2.258666666666666,0.0003115733289906935,971fd9266ddee9b1,
40.0,F,City,Basic Membership,2025-04-24,Yes,Credit/Debit Card Offers,Desktop,Wi-Fi,1.0,651.67,24755.8,19.0,709.23,Yes,Yes,Yes,Solved in Follow-up,Poor Website,-11,18,34.298421052631575,0.0007674969098150736,8f91a5f5f6d96345,
49.0,M,Town,Platinum Membership,2025-04-24,Yes,Without Offers,Both,Fiber_Optic,3.0,650.12,81628.48,11.0,0.0,Yes,Yes,No,Not Applicable,Products always in Stock,-11,18,59.10181818181818,0.00013475688877215403,85c7996b17862e57,
45.0,M,Village,No Membership,2025-04-24,Yes,Credit/Debit Card Offers,Desktop,Fiber_Optic,17.0,99.32,14978.469999999998,5.0,595.92,No,Yes,Yes,No Information Available,Too many ads,-11,11,19.863999999999997,0.00033381246549213644,aad7891e94f60f1f,
17.0,M,City,Silver Membership,2025-04-24,Yes,Without Offers,Smartphone,Mobile_Data,14.0,230.54,9065.969999999998,8.0,696.44,Yes,No,Yes,Solved,Poor Product Quality,-11,9,28.8175,0.0008824207448292904,a9523b230fa8cf3b,
61.0,M,Town,Gold Membership,2025-04-24,No,Without Offers,Smartphone,Fiber_Optic,8.0,52.22999999999999,17519.83,25.0,717.63,No,Yes,Yes,Solved,Poor Customer Service,-11,11,2.0891999999999995,0.0014269544852889553,8255b109b4daa612,
31.0,F,City,Silver Membership,2025-04-24,Yes,Credit/Debit Card Offers,Both,Fiber_Optic,15.0,592.4,22997.97,12.0,698.94,No,Yes,Yes,Solved in Follow-up,Poor Website,-11,8,49.36666666666667,0.0005217851836488177,880d0a657b83c02d,
51.0,M,Town,Basic Membership,2025-04-24,Yes,Credit/Debit Card Offers,Smartphone,Fiber_Optic,24.000000000000014,271.43,22708.17,11.0,614.59,No,Yes,Yes,Solved in Follow-up,No reason specified,-11,5,24.675454545454546,0.0004844071539009969,a44fb105f2aa4ad5,
16.0,F,Town,Premium Membership,2025-04-24,Yes,Without Offers,Smartphone,Fiber_Optic,21.0,602.65,12707.469999999998,29.0,795.17,Yes,Yes,No,Not Applicable,Poor Website,-11,11,20.78103448275862,0.002282122247780243,a08c995514558b28,
47.0,F,City,No Membership,2025-04-24,No,Without Offers,Desktop,Mobile_Data,24.000000000000014,402.13,7921.799999999999,25.0,610.34,No,Yes,Yes,Unsolved,Poor Customer Service,-11,4,16.0852,0.003155848418288773,b5e7d5e7ab42e827,
61.0,F,Village,No Membership,2025-04-24,No,Gift Vouchers/Coupons,Smartphone,Mobile_Data,-999.0000000000001,320.55,26696.8,16.0,1032.590575029066,Yes,No,No,Not Applicable,Too many ads,-11,10,20.034375,0.000599322765275239,873d5861636f86d7,
37.0,F,City,Gold Membership,2025-04-24,No,Gift Vouchers/Coupons,Smartphone,Fiber_Optic,10.0,505.95,42550.43,0.0,322.9986910054272,No,Yes,Yes,Unsolved,Poor Customer Service,-11,15,0.0,0.0,9ee4c62710a2ef2b,
30.0,F,City,Silver Membership,2025-04-24,No,Without Offers,Smartphone,Fiber_Optic,11.0,61.56,43724.84,7.0,710.77,No,Yes,Yes,Solved in Follow-up,No reason specified,-11,22,8.794285714285715,0.00016009206666050695,8e9ab4da37556c82,
26.0,F,City,Platinum Membership,2025-04-24,No,Without Offers,Desktop,Mobile_Data,1.9999999999999858,502.97,15030.5,15.0,759.76,Yes,Yes,Yes,Solved,Reasonable Price,-11,20,33.531333333333336,0.0009979707927214663,9b0738d8e1062091,
19.0,M,Town,Silver Membership,2025-04-24,Yes,Without Offers,Desktop,Wi-Fi,22.0,192.87,26558.95,7.0,745.51,No,Yes,No,Not Applicable,Poor Website,-11,14,27.552857142857142,0.00026356463640317103,aca8a3ff64148317,
21.0,F,City,Platinum Membership,2025-04-24,No,Gift Vouchers/Coupons,Desktop,Fiber_Optic,-999.0000000000001,0.0,92431.62,4.0,834.2,No,Yes,No,Not Applicable,User Friendly Website,-11,6,0.0,4.327523416770149e-05,a6ea80be29cb153d,
58.0,M,Town,Platinum Membership,2025-04-24,No,Without Offers,Desktop,Wi-Fi,-999.0000000000001,36.71000000000001,40532.43,21.0,791.14,No,Yes,No,Not Applicable,Poor Website,-11,11,1.7480952380952384,0.0005181036518165824,9d42555064129acd,
25.0,M,Town,Gold Membership,2025-04-24,Yes,Credit/Debit Card Offers,Both,Fiber_Optic,7.0,876.4299999999998,28496.78,11.0,754.88,Yes,Yes,Yes,Unsolved,No reason specified,-11,7,79.67545454545453,0.0003860085244718877,81771c699fdbfbce,
22.0,F,Town,Premium Membership,2025-04-24,No,Without Offers,Both,Wi-Fi,5.0,293.7,1868.8100000000013,26.0,784.89,Yes,No,No,Not Applicable,Poor Website,-11,0,11.296153846153846,0.013912596786190133,b3a70fcd658a6ef4,
49.0,M,Town,No Membership,2025-04-24,No,Credit/Debit Card Offers,Both,Mobile_Data,8.999999999999986,318.37,7359.4699999999975,5.0,678.3630214548771,No,Yes,Yes,No Information Available,Poor Website,-11,13,63.674,0.0006793967500377067,aeee4b0912b42fde,
58.0,F,Town,No Membership,2025-04-24,No,Gift Vouchers/Coupons,Desktop,Mobile_Data,19.0,34.870000000000005,34077.05,0.0,916.4119444158226,No,Yes,No,Not Applicable,Poor Website,-11,6,0.0,0.0,9985fb1e0653ca44,
15.000000000000004,M,Town,Gold Membership,2025-04-24,No,Gift Vouchers/Coupons,Both,Mobile_Data,14.0,528.11,42763.69,0.0,216.1899058254669,Yes,No,Yes,Solved in Follow-up,Poor Customer Service,-11,19,0.0,0.0,818b0db080bb14cd,
19.0,F,City,Silver Membership,2025-04-24,No,Credit/Debit Card Offers,Desktop,Fiber_Optic,15.999999999999986,365.54,22574.96,8.0,311.7873808762858,Yes,No,Yes,No Information Available,Reasonable Price,-11,20,45.6925,0.00035437493576954293,bfab0674e1b1987b,
21.0,F,City,Basic Membership,2025-04-24,No,Without Offers,Both,Fiber_Optic,12.0,320.41,21568.07,11.0,713.28,No,Yes,Yes,Solved,Poor Customer Service,-11,4,29.12818181818182,0.0005100131815225006,aafc9e6c7ba5143a,
57.0,F,Town,Silver Membership,2025-04-24,Yes,Gift Vouchers/Coupons,Smartphone,Wi-Fi,20.0,36.16,41362.75,24.0,719.43,Yes,No,No,Not Applicable,Poor Product Quality,-11,6,1.5066666666666666,0.0005802322137672181,8b3d49079a90e762,
11.0,M,City,Basic Membership,2025-04-24,No,Without Offers,Desktop,Mobile_Data,-999.0000000000001,422.02,11564.86,5.0,690.58,No,Yes,Yes,Unsolved,No reason specified,-11,20,84.404,0.0004323441874782747,9cd9701203b266be,
26.0,F,Town,Silver Membership,2025-04-24,Yes,Gift Vouchers/Coupons,Desktop,Wi-Fi,15.0,660.84,38687.75,8.0,718.08,Yes,Yes,No,Not Applicable,Poor Website,-11,8,82.605,0.00020678380107398337,967c9aa0baa5eada,
13.0,M,Town,Silver Membership,2025-04-24,No,Without Offers,Smartphone,Fiber_Optic,13.0,65.01999999999998,32143.9,18.0,774.46,No,Yes,Yes,Solved,No reason specified,-11,3,3.612222222222221,0.0005599818317005715,a5afb2810dfcf210,
25.0,F,Town,Silver Membership,2025-04-24,No,Gift Vouchers/Coupons,Smartphone,Fiber_Optic,1.9999999999999858,234.2,15668.02,0.0,776.91,No,Yes,Yes,Solved in Follow-up,Poor Customer Service,-11,12,0.0,0.0,8fbbea0bffdc4f19,
55.0,F,Town,Platinum Membership,2025-04-24,No,Credit/Debit Card Offers,Smartphone,Mobile_Data,1.0,364.34,11775.45,7.0,737.01,Yes,No,No,Not Applicable,Too many ads,-11,17,52.04857142857143,0.0005944571120424273,9edb9f14ccebdfd9,
41.0,M,City,Silver Membership,2025-04-24,No,Gift Vouchers/Coupons,Desktop,Fiber_Optic,14.0,61.27000000000001,44529.84,24.0,729.71,No,Yes,Yes,Unsolved,Too many ads,-11,11,2.552916666666667,0.0005389644337370177,95b25997f4c7542f,
23.0,F,Town,No Membership,2025-04-24,No,Gift Vouchers/Coupons,Smartphone,Mobile_Data,13.0,1101.5435286749394,38962.14,11.0,285.9849439814976,Yes,No,Yes,Solved,Poor Website,-11,17,100.14032078863085,0.00028232535481880616,b216f4278d36895f,
52.0,M,Village,Gold Membership,2025-04-24,No,Gift Vouchers/Coupons,Desktop,Mobile_Data,13.0,536.34,71830.45,2.0,756.5,Yes,No,No,Not Applicable,Quality Customer Care,-11,6,268.17,2.784334498809349e-05,8e5219e03fe2b527,
41.0,F,Town,Platinum Membership,2025-04-24,No,Gift Vouchers/Coupons,Desktop,Fiber_Optic,8.999999999999986,31.909999999999997,35234.57,5.0,486.2621302895475,Yes,No,Yes,Solved,Poor Website,-11,19,6.382,0.0001419060882536668,9f9a12ac8724d958,
21.0,F,City,Gold Membership,2025-04-24,No,Without Offers,Desktop,Fiber_Optic,20.0,271.57,36618.59,10.0,696.72,Yes,No,Yes,Solved,No reason specified,-11,21,27.157,0.00027308533725629527,a7b035d2b1d5cb7f,
30.0,F,Town,No Membership,2025-04-24,Yes,Gift Vouchers/Coupons,Smartphone,Mobile_Data,3.0,108.34,37994.53,0.0,693.35,Yes,No,No,Not Applicable,Poor Website,-11,22,0.0,0.0,b617d15f653dc1e2,
18.0,F,City,Silver Membership,2025-04-24,Yes,Credit/Debit Card Offers,Desktop,Fiber_Optic,21.0,258.03,21784.27,22.0,665.76,No,Yes,Yes,No Information Available,Poor Customer Service,-11,17,11.728636363636362,0.001009903017177073,a07a1cd29464d45e,
41.0,F,Town,Silver Membership,2025-04-24,Yes,Gift Vouchers/Coupons,Smartphone,Mobile_Data,11.0,257.22,19274.72,15.0,1056.69189150315,Yes,Yes,No,Not Applicable,Products always in Stock,-11,7,17.148000000000003,0.0007782214216341404,894dd7467beb08cb,
64.0,F,Town,Premium Membership,2025-04-24,No,Gift Vouchers/Coupons,Desktop,Mobile_Data,10.0,0.0,32432.74,28.0,723.07,Yes,No,No,Not Applicable,Poor Customer Service,-11,1,0.0,0.0008633251461331974,a72207f732e673d1,
54.0,F,Village,Silver Membership,2025-04-24,No,Without Offers,Desktop,Fiber_Optic,15.0,46.24000000000001,42877.06,8.0,666.4,No,Yes,Yes,Solved,Poor Customer Service,-11,20,5.780000000000001,0.00018657995674143703,8a34c598d4edf5c5,
33.0,F,Village,Silver Membership,2025-04-24,Yes,Gift Vouchers/Coupons,Desktop,Fiber_Optic,17.0,85.75999999999999,12972.34,11.0,778.47,Yes,No,No,Not Applicable,Poor Customer Service,-11,17,7.796363636363636,0.0008479580399526994,bf75b3d7bc4c0e61,
11.0,F,City,Gold Membership,2025-04-24,Yes,Credit/Debit Card Offers,Desktop,Mobile_Data,4.0,255.6,72526.38,11.0,834.14,Yes,Yes,Yes,No Information Available,User Friendly Website,-11,5,23.236363636363635,0.0001516689513525975,b841d07ba96f4ee2,
14.0,F,Town,Gold Membership,2025-04-24,Yes,Credit/Debit Card Offers,Smartphone,Mobile_Data,11.0,65.63999999999999,31440.28,9.0,1113.159862666566,No,Yes,No,Not Applicable,Too many ads,-11,3,7.293333333333332,0.0002862569926222031,82a0b429cb90fd38,
48.0,M,City,Basic Membership,2025-04-24,No,Without Offers,Smartphone,Fiber_Optic,14.0,230.04,19070.42,14.0,893.0418458529048,Yes,No,No,Not Applicable,Too many ads,-11,12,16.431428571428572,0.0007341212201933676,b89cf6f377bcfb03,
25.0,M,City,Silver Membership,2025-04-24,No,Without Offers,Smartphone,Fiber_Optic,15.999999999999986,138.54,12055.189999999999,26.0,729.94,Yes,No,Yes,Solved,Too many ads,-11,17,5.328461538461538,0.0021567474257975197,b1c0d1306a8c7b91,
58.0,M,Town,Basic Membership,2025-04-24,No,Gift Vouchers/Coupons,Desktop,Fiber_Optic,15.0,32.110000000000014,31853.14,17.0,508.84,Yes,No,No,Not Applicable,Poor Customer Service,-11,14,1.8888235294117655,0.0005336993464380592,b3ec2d2c51c3e797,
58.0,F,City,Basic Membership,2025-04-24,No,Gift Vouchers/Coupons,Desktop,Mobile_Data,15.999999999999986,57.56999999999999,27586.79,13.0,654.15,No,Yes,Yes,Solved,Poor Customer Service,-11,8,4.428461538461538,0.00047124003916367214,81da0f86700fcc53,
60.0,M,Town,Basic Membership,2025-04-24,Yes,Credit/Debit Card Offers,Desktop,Fiber_Optic,8.0,31.28,31281.7,5.0,568.32,Yes,No,Yes,Unsolved,No reason specified,-11,10,6.256,0.00015983786047433482,a827a72334c37fa1,
13.0,M,City,Gold Membership,2025-04-24,Yes,Credit/Debit Card Offers,Desktop,Fiber_Optic,8.999999999999986,454.37,85438.24,5.0,753.34,Yes,Yes,No,Not Applicable,Products always in Stock,-11,9,90.874,5.852180475627775e-05,84952cc979fb3b2d,
55.0,M,City,Basic Membership,2025-04-24,No,Without Offers,Desktop,Wi-Fi,17.0,30.22999999999999,38655.06,14.0,672.33,No,Yes,No,Not Applicable,Poor Product Quality,-11,5,2.1592857142857134,0.00036217768126604904,b57f9afa7c553c09,
18.0,M,Town,Premium Membership,2025-04-24,No,Credit/Debit Card Offers,Desktop,Wi-Fi,11.0,89.53,90651.76,4.0,1085.140433255871,No,Yes,No,Not Applicable,Reasonable Price,-11,5,22.3825,4.412490171178144e-05,bb173fc5d0cd0d99,
46.0,F,Village,Premium Membership,2025-04-24,No,Without Offers,Both,Wi-Fi,1.9999999999999858,284.82,41362.42,22.0,747.23,No,Yes,No,Not Applicable,Poor Product Quality,-11,13,12.946363636363635,0.000531883772757977,9e784dd67d88ef10,
47.0,M,Town,Silver Membership,2025-04-24,Yes,Without Offers,Both,Fiber_Optic,17.0,633.39,85683.63,0.0,762.28,Yes,No,No,Not Applicable,User Friendly Website,-11,19,0.0,0.0,9e7a25a6e3ad9745,
21.0,M,Village,Premium Membership,2025-04-24,No,Without Offers,Both,Fiber_Optic,-999.0000000000001,488.4,23350.05,0.0,785.03,Yes,No,No,Not Applicable,Quality Customer Care,-11,4,0.0,0.0,a00100aa51b7336b,
35.0,F,Town,Basic Membership,2025-04-24,No,Credit/Debit Card Offers,Desktop,Fiber_Optic,13.0,984.5146485150447,23115.2,23.0,609.41,Yes,No,No,Not Applicable,Poor Website,-11,21,42.80498471804542,0.000995016266352876,8f76f859e8f276ab,
37.0,F,Village,Silver Membership,2025-04-24,No,Gift Vouchers/Coupons,Smartphone,Fiber_Optic,17.0,490.55,27301.12,0.0,435.10125732861314,Yes,No,Yes,Solved in Follow-up,User Friendly Website,-11,22,0.0,0.0,8871bef32eeaef4f,
46.0,F,Town,No Membership,2025-04-24,No,Without Offers,Desktop,Mobile_Data,11.0,316.38,44233.14,13.0,622.02,No,Yes,Yes,Unsolved,Too many ads,-11,14,24.336923076923078,0.0002938972905834856,9a745456785bced6,
39.0,M,Town,No Membership,2025-04-24,Yes,Credit/Debit Card Offers,Smartphone,Fiber_Optic,19.0,58.77000000000001,26070.77,24.0,0.0,Yes,No,Yes,Solved,Poor Website,-11,11,2.4487500000000004,0.0009205711990861796,b44c662db5dfb5ef,
30.0,F,City,Basic Membership,2025-04-24,No,Without Offers,Both,Fiber_Optic,6.0,291.41,22268.9,6.0,514.95,No,Yes,Yes,Solved,No reason specified,-11,13,48.568333333333335,0.000269434053770056,aecc8782786e85f3,
63.0,M,City,No Membership,2025-04-24,No,Credit/Debit Card Offers,Desktop,Wi-Fi,-999.0000000000001,94.74000000000001,6179.73,7.0,608.14,No,Yes,Yes,No Information Available,Poor Product Quality,-11,22,13.534285714285716,0.001132735572589741,98b495649cfd78c3,
24.0,M,Town,No Membership,2025-04-24,No,Gift Vouchers/Coupons,Smartphone,Fiber_Optic,17.0,401.99,4181.110000000001,6.0,624.39,Yes,No,No,Not Applicable,Too many ads,-11,8,66.99833333333333,0.0014350256271659916,b0c070f86ef99eeb,
34.0,M,City,Basic Membership,2025-04-24,Yes,Gift Vouchers/Coupons,Smartphone,Fiber_Optic,12.0,0.0,5978.32,24.0,551.72,No,Yes,No,Not Applicable,Too many ads,-11,9,0.0,0.004014505747434062,b8e4888c08a2414e,
10.0,F,Town,Gold Membership,2025-04-24,Yes,Gift Vouchers/Coupons,Desktop,Wi-Fi,15.999999999999986,200.47,40695.69,0.0,722.28,No,Yes,No,Not Applicable,Poor Product Quality,-11,12,0.0,0.0,b57d86b9ee2c60e9,
53.0,F,Town,Silver Membership,2025-04-25,Yes,Without Offers,Smartphone,Wi-Fi,7.0000000000000036,517.06,39266.25,18.0,753.66,No,Yes,No,Not Applicable,No reason specified,-11,17,28.72555555555555,0.00045840893897431,9bcade0a65576d28,
36.0,F,Village,Gold Membership,2025-04-25,Yes,Without Offers,Smartphone,Mobile_Data,21.000000000000004,31.52000000000001,28147.66,6.0,704.5,No,Yes,Yes,No Information Available,Poor Product Quality,-11,7,5.253333333333335,0.00021316159140759836,b56de4c5e810ac25,
27.0,F,Village,Gold Membership,2025-04-25,No,Without Offers,Smartphone,Wi-Fi,16.000000000000004,148.09,37995.81,14.0,153.26949582928535,Yes,No,No,Not Applicable,Poor Website,-11,16,10.577857142857143,0.00036846168038002087,bd1fde2877d990ca,
64.0,F,Town,No Membership,2025-04-25,Yes,Without Offers,Smartphone,Wi-Fi,11.000000000000004,88.59,5578.009999999998,20.0,573.02,No,Yes,Yes,No Information Available,Poor Customer Service,-11,9,4.4295,0.0035855080933881447,861e193cec15ca1a,
36.0,M,Town,Silver Membership,2025-04-25,No,Credit/Debit Card Offers,Desktop,Fiber_Optic,16.000000000000004,1560.6484168481015,36495.93,20.0,1207.9152536071272,No,Yes,No,Not Applicable,Poor Product Quality,-11,11,78.03242084240507,0.0005480063119367008,84fecfce37129775,
11.0,F,Town,Premium Membership,2025-04-25,Yes,Without Offers,Smartphone,Mobile_Data,9.000000000000004,722.74,12831.87,17.0,758.03,No,Yes,No,Not Applicable,No reason specified,-11,19,42.514117647058825,0.0013248263892947792,a4f225e1f124c024,
19.0,F,City,Gold Membership,2025-04-25,No,Without Offers,Smartphone,Mobile_Data,16.000000000000004,90.64000000000001,51713.119999999995,1.0,758.7,Yes,No,Yes,Solved,Reasonable Price,-11,14,90.64000000000001,1.9337452468541832e-05,be31f19ad6b05a8d,
15.0,F,Town,Gold Membership,2025-04-25,Yes,Gift Vouchers/Coupons,Smartphone,Wi-Fi,-998.9999999999999,32.579999999999984,11412.7,18.0,796.17,No,Yes,No,Not Applicable,Poor Product Quality,-11,20,1.8099999999999992,0.001577190323061151,862d4c4f7a9415bf,
13.0,M,Village,Premium Membership,2025-04-25,Yes,Gift Vouchers/Coupons,Desktop,Fiber_Optic,8.000000000000004,271.94,24363.04,14.0,810.71,Yes,Yes,No,Not Applicable,Products always in Stock,-11,22,19.424285714285713,0.0005746409315093683,b5d9fbdba32897d6,
52.0,F,City,Gold Membership,2025-04-25,Yes,Without Offers,Smartphone,Fiber_Optic,9.000000000000004,0.0,40372.73,34.79245568233237,625.81,No,Yes,Yes,Solved,No reason specified,-11,19,0.0,0.00086178110032025,a6eae23f3028d15a,
39.0,M,City,Silver Membership,2025-04-25,No,Gift Vouchers/Coupons,Desktop,Mobile_Data,10.000000000000004,125.25999999999999,8631.529999999999,22.0,719.71,No,Yes,No,Not Applicable,Poor Customer Service,-11,2,5.693636363636363,0.0025487949413371676,a3267902c3b24e77,
52.0,F,City,Gold Membership,2025-04-25,Yes,Gift Vouchers/Coupons,Smartphone,Mobile_Data,4.0,118.04999999999998,20186.05,13.0,628.88,No,Yes,No,Not Applicable,Poor Website,-11,19,9.08076923076923,0.0006440091052979657,8e3f9f7febe70a88,
31.0,F,Town,Basic Membership,2025-04-25,No,Gift Vouchers/Coupons,Smartphone,Wi-Fi,12.000000000000004,365.86,2768.9500000000007,8.0,995.9899384249904,No,Yes,No,Not Applicable,Too many ads,-11,18,45.7325,0.002889181819823398,9966067b437d57b6,
58.0,F,City,Premium Membership,2025-04-25,No,Gift Vouchers/Coupons,Desktop,Wi-Fi,22.000000000000004,35.50999999999999,33273.36,17.0,793.27,Yes,No,No,Not Applicable,Poor Product Quality,-11,4,2.0888235294117643,0.0005109192459072363,b230076a402d4f2c,
57.0,F,Village,No Membership,2025-04-25,Yes,Without Offers,Smartphone,Mobile_Data,11.000000000000004,143.97,36609.17,13.0,648.0,No,Yes,Yes,No Information Available,No reason specified,-11,21,11.074615384615385,0.00035510228721383197,b5ff62d42896b885,
26.0,M,City,Gold Membership,2025-04-25,Yes,Gift Vouchers/Coupons,Both,Wi-Fi,18.000000000000004,986.32,18308.76,0.0,608.83,Yes,Yes,Yes,Solved,Poor Website,-11,22,0.0,0.0,b51e99716b8b5ddb,
16.0,F,Town,Premium Membership,2025-04-25,Yes,Credit/Debit Card Offers,Both,Fiber_Optic,15.000000000000004,0.0,96499.01000000001,19.0,848.79,Yes,Yes,Yes,No Information Available,Products always in Stock,-11,11,0.0,0.0001968932116505651,9803987cf03b21e8,
47.0,F,City,Gold Membership,2025-04-25,Yes,Credit/Debit Card Offers,Desktop,Wi-Fi,14.000000000000004,626.3,50678.06,10.0,368.9123826806865,Yes,Yes,Yes,No Information Available,Quality Customer Care,-11,11,62.629999999999995,0.00019732404910527358,93b4fb398d1a23dc,
63.0,F,City,Premium Membership,2025-04-25,Yes,Without Offers,Smartphone,Wi-Fi,3.0,30.439999999999998,24818.89,11.0,1105.9494129371203,Yes,No,Yes,Solved in Follow-up,Poor Website,-11,7,2.767272727272727,0.0004432107962926626,84e60dd414d04a54,
15.0,F,Village,Silver Membership,2025-04-25,No,Credit/Debit Card Offers,Smartphone,Fiber_Optic,8.000000000000004,209.34,98015.26000000001,13.0,750.29,Yes,No,Yes,Solved in Follow-up,Reasonable Price,-11,0,16.103076923076923,0.00013263240846374328,9198b29ac0ad715e,
59.0,F,City,No Membership,2025-04-25,No,Gift Vouchers/Coupons,Both,Fiber_Optic,5.0,208.6,9895.07,15.0,515.44,No,Yes,Yes,Unsolved,No reason specified,-11,7,13.906666666666666,0.0015159064059172903,a1be182d36da4f67,
30.0,M,Town,Basic Membership,2025-04-25,No,Without Offers,Desktop,Fiber_Optic,12.000000000000004,359.29,14543.389999999998,8.0,669.87,No,Yes,No,Not Applicable,Poor Website,-11,19,44.91125,0.0005500780767070127,bce693953bbb4590,
55.0,M,Town,Silver Membership,2025-04-25,Yes,Gift Vouchers/Coupons,Desktop,Mobile_Data,14.000000000000004,185.81,23491.2,0.0,701.45,No,Yes,Yes,Unsolved,No reason specified,-11,6,0.0,0.0,b6b8fd101895a113,
37.0,M,Town,Platinum Membership,2025-04-25,No,Gift Vouchers/Coupons,Desktop,Mobile_Data,17.000000000000004,31.25999999999999,28480.77,9.0,0.0,Yes,No,Yes,Solved,No reason specified,-11,6,3.4733333333333323,0.00031600269234293875,a3352f5730ac2519,
56.0,M,City,Gold Membership,2025-04-25,Yes,Gift Vouchers/Coupons,Desktop,Fiber_Optic,21.000000000000004,95.92000000000002,31867.57,24.0,0.0,No,Yes,No,Not Applicable,No reason specified,-11,11,3.9966666666666675,0.0007531167265028366,8fce227f7dbe9fce,
64.0,M,Town,Gold Membership,2025-04-25,Yes,Gift Vouchers/Coupons,Smartphone,Mobile_Data,20.000000000000004,250.98,27374.05,8.0,0.0,No,Yes,Yes,No Information Available,Poor Website,-11,9,31.3725,0.00029224758484769337,b30f5bab93a4d5d5,
29.0,F,City,Gold Membership,2025-04-25,No,Gift Vouchers/Coupons,Smartphone,Mobile_Data,23.00000000000001,144.25,6851.010000000002,26.0,0.0,No,Yes,No,Not Applicable,No reason specified,-11,4,5.548076923076923,0.0037950608742360606,83c51c3efa7f7318,
37.0,F,Village,Premium Membership,2025-04-25,No,Gift Vouchers/Coupons,Smartphone,Fiber_Optic,11.000000000000004,191.79,82682.7,13.0,491.9937133944501,No,Yes,Yes,No Information Available,Reasonable Price,-11,17,14.753076923076922,0.00015722756997533946,b16d31144c760d91,
63.0,F,Town,Premium Membership,2025-04-25,No,Gift Vouchers/Coupons,Smartphone,Wi-Fi,13.000000000000004,34.21999999999997,48110.13,18.0,776.93,Yes,No,No,Not Applicable,No reason specified,-11,13,1.9011111111111094,0.0003741415789148772,a23aab35343312ae,
23.0,M,City,No Membership,2025-04-25,Yes,Gift Vouchers/Coupons,Both,Fiber_Optic,9.000000000000004,1210.54,28222.55,7.000000000000001,643.99,Yes,Yes,Yes,No Information Available,No reason specified,-11,21,172.9342857142857,0.0002480286154156871,a3ffc258441666a8,
17.0,M,Town,Platinum Membership,2025-04-25,No,Credit/Debit Card Offers,Desktop,Mobile_Data,22.000000000000004,209.1,12282.17,6.0,0.0,Yes,Yes,Yes,No Information Available,Products always in Stock,-11,0,34.85,0.0004885130233501083,be5e0f0f029671d9,
62.0,F,Town,Premium Membership,2025-04-25,No,Gift Vouchers/Coupons,Desktop,Wi-Fi,13.000000000000004,69.32999999999996,845.1399999999994,15.0,790.37,Yes,No,No,Not Applicable,Too many ads,-11,5,4.621999999999997,0.017748538703646746,a7a5922644460541,
31.0,F,Town,No Membership,2025-04-25,No,Without Offers,Smartphone,Fiber_Optic,20.000000000000004,311.78,21678.04,25.0,589.14,Yes,No,Yes,Unsolved,Poor Customer Service,-11,14,12.4712,0.0011532407911416344,a632c91556cb4327,
14.0,F,Town,Basic Membership,2025-04-25,No,Gift Vouchers/Coupons,Smartphone,Fiber_Optic,5.0,106.73000000000002,19907.4,13.0,199.59167386679007,Yes,No,No,Not Applicable,Too many ads,-11,3,8.21,0.0006530234987994414,9ea4c5eb550e4d12,
27.0,F,City,Basic Membership,2025-04-25,No,Gift Vouchers/Coupons,Smartphone,Fiber_Optic,15.000000000000004,320.95,34808.39,12.0,702.16,No,Yes,Yes,Unsolved,Too many ads,-11,18,26.745833333333334,0.00034474447108872317,80f060297f0ec17e,
19.0,M,Town,Gold Membership,2025-04-25,Yes,Gift Vouchers/Coupons,Both,Wi-Fi,21.000000000000004,106.42000000000002,32128.95,19.0,704.51,Yes,Yes,Yes,Solved in Follow-up,Poor Website,-11,22,5.601052631578948,0.0005913669758893459,bb2226318ca018d4,
62.0,M,City,Premium Membership,2025-04-25,Yes,Without Offers,Both,Wi-Fi,5.0,657.75,24163.72,27.0,509.2569000243557,Yes,Yes,No,Not Applicable,Too many ads,-11,6,24.36111111111111,0.001117377622319742,996e858dcf33f33a,
16.0,F,City,Silver Membership,2025-04-25,No,Without Offers,Desktop,Wi-Fi,10.000000000000004,30.97999999999999,8388.46,7.000000000000001,781.3,No,Yes,No,Not Applicable,Poor Product Quality,-11,18,4.4257142857142835,0.0008344797495607062,84b0714a267a18f4,
40.0,M,Town,Basic Membership,2025-04-25,No,Without Offers,Desktop,Mobile_Data,10.000000000000004,314.6,39819.35,16.0,662.98,No,Yes,No,Not Applicable,No reason specified,-11,21,19.6625,0.00040181469561908974,a11f8118b9df3383,
11.0,F,City,Gold Membership,2025-04-25,Yes,Credit/Debit Card Offers,Desktop,Fiber_Optic,3.0,238.02,29842.22,39.40515161186973,708.59,No,Yes,No,Not Applicable,Poor Website,-11,11,6.040326969032724,0.0013204497390566026,9af2f1b46fb20141,
12.0,F,Village,Gold Membership,2025-04-25,Yes,Credit/Debit Card Offers,Desktop,Mobile_Data,13.000000000000004,190.58,20500.61,18.0,209.05772746396804,No,Yes,Yes,Unsolved,User Friendly Website,-11,10,10.587777777777779,0.0008780226539600529,93e496fd7449718a,
41.0,F,Village,No Membership,2025-04-25,No,Gift Vouchers/Coupons,Desktop,Wi-Fi,8.000000000000004,390.79,26835.27,28.0,1638.7498865915709,Yes,No,No,Not Applicable,Too many ads,-11,21,13.956785714285715,0.0010434029543954654,98a6d64f14359f91,
27.0,F,Village,Silver Membership,2025-04-25,Yes,Credit/Debit Card Offers,Desktop,Fiber_Optic,13.000000000000004,184.0,4873.3499999999985,17.0,611.11,No,Yes,Yes,Solved in Follow-up,Poor Product Quality,-11,17,10.823529411764707,0.0034883601629269404,a9017aa8737c8b05,
18.0,M,City,No Membership,2025-04-25,No,Credit/Debit Card Offers,Smartphone,Wi-Fi,24.999999999999996,311.72,23609.92,4.999999999999998,601.41,Yes,No,Yes,Unsolved,Poor Product Quality,-11,1,62.34400000000003,0.00021177538932787567,84777e66135aeac5,
56.0,F,Village,Gold Membership,2025-04-25,Yes,Credit/Debit Card Offers,Desktop,Wi-Fi,11.000000000000004,35.629999999999995,14475.34,15.0,793.06,Yes,No,No,Not Applicable,Poor Product Quality,-11,11,2.375333333333333,0.001036245089925349,aec45eedaa0514b3,
19.0,M,Town,Platinum Membership,2025-04-25,No,Without Offers,Smartphone,Fiber_Optic,11.000000000000004,266.01,94945.37,4.0,764.38,Yes,No,Yes,Solved in Follow-up,User Friendly Website,-11,2,66.5025,4.2129489831889645e-05,89bf315e7b0d54d8,
41.0,F,Town,Gold Membership,2025-04-25,Yes,Gift Vouchers/Coupons,Desktop,Mobile_Data,16.000000000000004,328.22,18493.49,0.0,648.38,No,Yes,No,Not Applicable,Poor Website,-11,2,0.0,0.0,80f0241076d1f43d,
10.0,M,City,Silver Membership,2025-04-25,No,Without Offers,Both,Fiber_Optic,5.0,394.81,35849.8,12.0,774.94,Yes,No,No,Not Applicable,Poor Customer Service,-11,11,32.90083333333333,0.000334729900864161,9c056d0310d3a6e9,
58.0,F,City,Basic Membership,2025-04-25,Yes,Without Offers,Smartphone,Wi-Fi,11.000000000000004,329.1,6964.040000000001,29.0,0.0,No,Yes,No,Not Applicable,Poor Customer Service,-11,8,11.348275862068967,0.004164249487366528,8c987655f5cfc3c4,
54.0,F,Town,Basic Membership,2025-04-25,Yes,Gift Vouchers/Coupons,Smartphone,Fiber_Optic,8.000000000000004,452.18,32830.12,14.0,0.0,No,Yes,Yes,Unsolved,Poor Website,-11,4,32.29857142857143,0.0004264376736972024,8cd8c57add962c24,
20.0,M,Town,Basic Membership,2025-04-25,No,Without Offers,Desktop,Fiber_Optic,9.000000000000004,183.65,39875.41,17.0,646.18,No,Yes,No,Not Applicable,Poor Website,-11,3,10.802941176470588,0.00042632790484160534,aa4b694863645780,
33.0,M,Town,Basic Membership,2025-04-25,No,Without Offers,Smartphone,Wi-Fi,19.000000000000004,35.349999999999994,3916.8600000000006,16.0,678.09,No,Yes,Yes,Solved,Poor Website,-11,20,2.2093749999999996,0.004084904745127474,a2ceee73cec13449,
42.0,M,Town,Basic Membership,2025-04-25,No,Credit/Debit Card Offers,Desktop,Wi-Fi,13.000000000000004,1061.25,36565.59,4.999999999999998,646.53,Yes,No,No,Not Applicable,Too many ads,-11,11,212.25000000000009,0.00013674058042000687,9498973e2edf026d,
35.0,F,Village,Premium Membership,2025-04-25,No,Credit/Debit Card Offers,Smartphone,Fiber_Optic,16.000000000000004,167.84,42914.91,38.62354281351143,66.36078265660365,Yes,No,Yes,Unsolved,User Friendly Website,-11,14,4.345536110200787,0.0009000028850931162,bb904bf4a7a078df,
20.0,F,City,Silver Membership,2025-04-25,Yes,Credit/Debit Card Offers,Desktop,Fiber_Optic,-998.9999999999999,160.87,6761.610000000001,3.0,754.11,Yes,No,No,Not Applicable,Products always in Stock,-11,22,53.623333333333335,0.0004436813125867951,a58732fcb0f0602e,
51.0,M,City,Basic Membership,2025-04-25,Yes,Gift Vouchers/Coupons,Both,Wi-Fi,7.0000000000000036,1154.99,10416.73,29.0,699.12,No,Yes,Yes,Solved in Follow-up,Poor Customer Service,-11,7,39.827241379310344,0.0027839830733829138,85231db413c54e0d,
14.0,M,Town,Gold Membership,2025-04-25,No,Credit/Debit Card Offers,Desktop,Fiber_Optic,19.000000000000004,31.889999999999986,49038.13,14.0,628.02,Yes,No,No,Not Applicable,No reason specified,-11,23,2.2778571428571417,0.0002854921262291201,9924f8fd6e8769cd,
55.0,F,Town,Premium Membership,2025-04-25,No,Gift Vouchers/Coupons,Both,Wi-Fi,12.000000000000004,337.97,32544.46,20.0,414.30556148510215,Yes,Yes,Yes,No Information Available,Poor Customer Service,-11,23,16.898500000000002,0.0006145439193030089,9203c833e7f064dc,
25.0,F,Town,No Membership,2025-04-25,Yes,Credit/Debit Card Offers,Smartphone,Wi-Fi,9.000000000000004,108.5,9514.510000000002,15.0,618.84,Yes,No,No,Not Applicable,Too many ads,-11,11,7.233333333333333,0.001576539411908758,b87269e8f7b7a8e7,
26.0,F,City,Gold Membership,2025-04-25,Yes,Without Offers,Desktop,Fiber_Optic,14.000000000000004,181.53999999999996,2690.0499999999993,17.0,730.16,Yes,No,No,Not Applicable,Poor Customer Service,-11,6,10.678823529411762,0.0063195851378227185,ba2afc907a7a1f15,
62.0,F,Town,Gold Membership,2025-04-25,Yes,Without Offers,Desktop,Fiber_Optic,-998.9999999999999,516.52,27522.51,28.0,0.0,No,Yes,Yes,Solved,Poor Product Quality,-11,12,18.447142857142858,0.001017349071723473,8a74ca713609284b,
53.0,M,Village,Premium Membership,2025-04-25,No,Without Offers,Smartphone,Fiber_Optic,16.000000000000004,77.63,9271.739999999998,8.0,717.42,No,Yes,Yes,Solved in Follow-up,Poor Product Quality,-11,21,9.70375,0.0008628369647984091,9da7b4538dd2b6cd,
35.0,F,Town,Platinum Membership,2025-04-25,No,Without Offers,Desktop,Wi-Fi,14.000000000000004,66.9,3771.8899999999994,25.0,811.5310607910435,No,Yes,No,Not Applicable,Poor Customer Service,-11,19,2.676,0.006627976955849721,9e65b1f78ec58749,
10.0,M,Town,Platinum Membership,2025-04-25,Yes,Gift Vouchers/Coupons,Desktop,Mobile_Data,20.000000000000004,177.44,40993.46,4.999999999999998,735.69,No,Yes,Yes,No Information Available,Poor Website,-11,17,35.488000000000014,0.00012197067532235626,a0e8c93530f853f2,
61.0,F,Town,No Membership,2025-04-25,Yes,Credit/Debit Card Offers,Desktop,Wi-Fi,6.0,171.71,43287.89,0.0,925.2874691840916,No,Yes,Yes,Solved,Poor Website,-11,17,0.0,0.0,ab47a4183b242b3e,
60.0,F,Town,Basic Membership,2025-04-25,No,Without Offers,Both,Wi-Fi,23.00000000000001,444.88,6413.040000000001,20.0,637.71,Yes,No,No,Not Applicable,No reason specified,-11,22,22.244,0.003118645759265496,adb53d7f19d61e6b,
38.0,F,City,Gold Membership,2025-04-25,No,Gift Vouchers/Coupons,Both,Wi-Fi,16.000000000000004,249.63,38844.39,12.0,600.47,No,Yes,No,Not Applicable,Too many ads,-11,11,20.8025,0.0003089249181155889,8f09a1324e80a179,
11.0,F,Town,Silver Membership,2025-04-25,No,Credit/Debit Card Offers,Smartphone,Mobile_Data,7.0000000000000036,54.47,19932.32,9.0,745.11,No,Yes,Yes,Unsolved,Poor Website,-11,0,6.052222222222222,0.0004515279706526887,ae5451bd51a0b42b,
46.0,F,City,Basic Membership,2025-04-25,No,Without Offers,Both,Wi-Fi,7.0000000000000036,448.26,15324.919999999998,21.0,653.45,No,Yes,Yes,Unsolved,Poor Customer Service,-11,1,21.345714285714287,0.001370317104428604,9d25e17454c8aaf8,
16.0,M,City,No Membership,2025-04-25,No,Without Offers,Desktop,Fiber_Optic,15.000000000000004,1015.17,48175.9,0.0,666.57,No,Yes,No,Not Applicable,Too many ads,-11,8,0.0,0.0,8036e43dcdcb3ee4,
47.0,M,Town,Platinum Membership,2025-04-25,No,Credit/Debit Card Offers,Smartphone,Fiber_Optic,15.000000000000004,78.46000000000001,18939.61,16.0,701.07,No,Yes,Yes,No Information Available,Poor Customer Service,-11,6,4.9037500000000005,0.0008447903626315431,a7a2076710c3a72a,
15.0,M,City,No Membership,2025-04-25,Yes,Without Offers,Desktop,Mobile_Data,23.00000000000001,65.30000000000001,33431.09,26.0,659.56,No,Yes,Yes,Unsolved,Poor Customer Service,-11,7,2.511538461538462,0.0007777191829521563,b27385bf29534a87,
43.0,M,Town,No Membership,2025-04-25,No,Credit/Debit Card Offers,Smartphone,Mobile_Data,19.000000000000004,31.55000000000001,48778.74,0.0,623.07,Yes,No,No,Not Applicable,Poor Product Quality,-11,12,0.0,0.0,a8ed9844b179ca12,
51.0,F,City,Silver Membership,2025-04-25,No,Without Offers,Desktop,Mobile_Data,3.0,491.15,33634.17,21.0,753.62,Yes,Yes,No,Not Applicable,Too many ads,-11,16,23.388095238095236,0.0006243650430499697,8d22b1b53bc6a12e,
48.0,M,Town,Silver Membership,2025-04-25,No,Without Offers,Smartphone,Fiber_Optic,8.000000000000004,158.12,7177.959999999999,22.0,735.34,No,Yes,No,Not Applicable,Poor Customer Service,-11,21,7.1872727272727275,0.003064937670313014,968332e6eba65809,
19.0,F,City,Gold Membership,2025-04-25,No,Credit/Debit Card Offers,Smartphone,Mobile_Data,20.000000000000004,107.59,21304.11,9.0,727.58,No,Yes,Yes,No Information Available,No reason specified,-11,21,11.954444444444444,0.00042245369555451973,99b2e683f711da38,
20.0,M,Village,No Membership,2025-04-25,Yes,Credit/Debit Card Offers,Smartphone,Mobile_Data,11.000000000000004,37.610000000000014,41624.0,27.0,592.330359860652,No,Yes,Yes,No Information Available,No reason specified,-11,11,1.3929629629629634,0.0006486642321737459,801f3034a0d87d9b,
56.0,M,Town,Gold Membership,2025-04-25,No,Without Offers,Smartphone,Fiber_Optic,4.0,51.55000000000001,48384.04,25.0,397.83512682635046,Yes,No,No,Not Applicable,Poor Website,-11,0,2.0620000000000003,0.000516699308284302,866bce49c2191b9a,
58.0,F,City,No Membership,2025-04-25,Yes,Gift Vouchers/Coupons,Desktop,Mobile_Data,13.000000000000004,73.44999999999996,17238.0,16.0,119.37028464095283,No,Yes,No,Not Applicable,Poor Customer Service,-11,8,4.5906249999999975,0.0009281819236570367,8db47352688a8c84,
62.0,M,Town,Premium Membership,2025-04-25,No,Credit/Debit Card Offers,Smartphone,Fiber_Optic,13.000000000000004,56.09000000000003,45914.05,2.0,759.22,Yes,No,Yes,Unsolved,Quality Customer Care,-11,5,28.045000000000016,4.355965113075409e-05,a4c5c6dab759ada2,
64.0,M,Town,Gold Membership,2025-04-25,Yes,Without Offers,Desktop,Mobile_Data,9.000000000000004,32.22999999999999,29127.95,29.0,727.13,Yes,No,No,Not Applicable,Poor Customer Service,-11,22,1.1113793103448273,0.0009956073118774235,b35a889cccf59d26,
14.0,F,City,Platinum Membership,2025-04-25,No,Gift Vouchers/Coupons,Both,Mobile_Data,12.000000000000004,393.8,30268.08,16.0,781.09,Yes,Yes,No,Not Applicable,Poor Customer Service,-11,5,24.6125,0.0005286096772573615,8a9a795ac9ffdde0,
30.0,F,City,No Membership,2025-04-25,Yes,Gift Vouchers/Coupons,Desktop,Fiber_Optic,20.000000000000004,112.86000000000001,33716.37,18.0,694.85,No,Yes,Yes,Unsolved,No reason specified,-11,20,6.2700000000000005,0.0005338653004460445,b81d96b26a31ac11,
33.0,M,City,Gold Membership,2025-04-25,No,Without Offers,Both,Fiber_Optic,-998.9999999999999,355.26,4623.880000000001,14.0,241.74530141734454,No,Yes,Yes,Solved,Poor Customer Service,-11,20,25.375714285714285,0.003027760235992283,b3509279fee3b1b6,
50.0,M,Town,Platinum Membership,2025-04-25,No,Credit/Debit Card Offers,Desktop,Mobile_Data,13.000000000000004,0.0,9027.650000000001,19.0,710.28,No,Yes,Yes,Unsolved,Poor Product Quality,-11,8,0.0,0.0021046451734393775,a9d279f76790a5c5,
45.0,M,Town,No Membership,2025-04-25,No,Credit/Debit Card Offers,Desktop,Mobile_Data,14.000000000000004,345.8,32442.38,28.0,531.51,Yes,Yes,No,Not Applicable,No reason specified,-11,16,12.35,0.0008630686158043892,9608155c69aef8b4,
49.0,F,Town,Gold Membership,2025-04-25,No,Gift Vouchers/Coupons,Desktop,Mobile_Data,13.000000000000004,221.49,17520.96,17.0,371.95300670460176,Yes,Yes,Yes,No Information Available,Reasonable Price,-11,7,13.028823529411765,0.000970266469417201,9f6b274540393dda,
25.0,M,Village,Basic Membership,2025-04-25,No,Without Offers,Smartphone,Fiber_Optic,4.0,110.81,38995.87,4.999999999999998,561.57,No,Yes,Yes,Solved,Poor Product Quality,-11,9,22.16200000000001,0.00012821870623735276,a9ade802a661f653,
35.0,M,City,Platinum Membership,2025-04-25,Yes,Gift Vouchers/Coupons,Both,Mobile_Data,11.000000000000004,1020.7499999999999,45146.28,0.0,729.36,No,Yes,No,Not Applicable,Too many ads,-11,5,0.0,0.0,b751415cced2e178,
53.0,F,Town,No Membership,2025-04-25,Yes,Gift Vouchers/Coupons,Desktop,Wi-Fi,20.000000000000004,1221.3294491171046,21753.63,8.0,648.17,No,Yes,Yes,Solved,No reason specified,-11,8,152.66618113963807,0.00036775471496021584,81753b04f2ac49ab,
61.0,M,Town,Platinum Membership,2025-04-25,Yes,Gift Vouchers/Coupons,Desktop,Mobile_Data,17.000000000000004,47.110000000000014,31326.41,11.0,300.33268394386903,Yes,No,Yes,No Information Available,No reason specified,-11,22,4.282727272727274,0.0003511414170982248,9f845d594ce336a4,
45.0,M,Town,Silver Membership,2025-04-25,No,Without Offers,Smartphone,Wi-Fi,14.000000000000004,291.7,18911.05,18.0,700.09,No,Yes,No,Not Applicable,Poor Customer Service,-11,10,16.205555555555556,0.0009518244624174755,825c60fe18247802,
33.0,F,Town,Silver Membership,2025-04-25,No,Without Offers,Desktop,Wi-Fi,14.000000000000004,120.98000000000002,12215.47,9.0,764.3,Yes,No,Yes,Unsolved,Poor Product Quality,-11,0,13.442222222222224,0.0007367706686684999,a24086475c2ef7cc,
45.0,M,City,No Membership,2025-04-25,No,Gift Vouchers/Coupons,Desktop,Wi-Fi,13.000000000000004,48.99000000000001,22418.47,20.0,1118.6365815481304,Yes,No,No,Not Applicable,Poor Product Quality,-11,3,2.4495000000000005,0.0008921215408544829,b943d1674201744b,
56.0,F,Town,Basic Membership,2025-04-25,No,Gift Vouchers/Coupons,Desktop,Fiber_Optic,20.000000000000004,52.49999999999997,6130.439999999999,27.0,708.71,No,Yes,No,Not Applicable,Poor Product Quality,-11,5,1.9444444444444433,0.004404251570849728,a62a85c3e90b5252,
53.0,M,Village,Silver Membership,2025-04-25,No,Gift Vouchers/Coupons,Smartphone,Mobile_Data,20.000000000000004,272.5,45136.94,0.0,793.15,Yes,No,No,Not Applicable,Poor Website,-11,1,0.0,0.0,b102b154cc93646b,
29.0,F,Town,Premium Membership,2025-04-25,No,Credit/Debit Card Offers,Smartphone,Fiber_Optic,6.0,201.06,8436.669999999998,6.0,1071.2433224905444,Yes,No,Yes,Solved,Products always in Stock,-11,14,33.51,0.0007111810702563928,8799dbda31d512ba,
57.0,F,City,No Membership,2025-04-25,No,Credit/Debit Card Offers,Smartphone,Wi-Fi,19.000000000000004,181.51,35611.92,13.0,539.46,Yes,No,Yes,Solved,No reason specified,-11,0,13.962307692307691,0.000365046310336539,8e645406d50f2bfe,
54.0,F,Village,Silver Membership,2025-04-25,Yes,Credit/Debit Card Offers,Desktop,Wi-Fi,13.000000000000004,842.12,52300.85,12.0,742.69,No,Yes,Yes,Solved in Follow-up,Products always in Stock,-11,15,70.17666666666666,0.00022944177771489375,bd771d11c2a1b767,
40.0,M,Town,Platinum Membership,2025-04-25,No,Gift Vouchers/Coupons,Desktop,Mobile_Data,16.000000000000004,323.44,24380.69,14.0,744.86,No,Yes,Yes,No Information Available,Poor Customer Service,-11,10,23.102857142857143,0.0005742249296471921,b9cec59bc0feff3b,
53.0,M,Village,Platinum Membership,2025-04-25,No,Gift Vouchers/Coupons,Smartphone,Fiber_Optic,12.000000000000004,31.07000000000002,84125.56,15.0,768.93,No,Yes,No,Not Applicable,Products always in Stock,-11,2,2.071333333333335,0.0001783049051917158,aee5cdaabf43b546,
50.0,F,Town,Basic Membership,2025-04-25,No,Gift Vouchers/Coupons,Desktop,Mobile_Data,14.000000000000004,0.0,43790.13,0.0,677.05,No,Yes,Yes,No Information Available,No reason specified,-11,1,0.0,0.0,88e06a51e0a836d4,
53.0,M,Village,No Membership,2025-04-25,Yes,Without Offers,Smartphone,Wi-Fi,13.000000000000004,1561.4901973817011,23493.79,9.0,692.15,Yes,Yes,No,Not Applicable,Poor Product Quality,-11,21,173.49891082018902,0.00038307995431984367,83c5c3c7fefa4ac8,
39.0,F,Town,Basic Membership,2025-04-25,No,Gift Vouchers/Coupons,Desktop,Mobile_Data,1.9999999999999964,90.99000000000001,9507.629999999997,24.0,670.87,No,Yes,Yes,Unsolved,Poor Website,-11,20,3.7912500000000002,0.0025242883873268108,893b829027b971d8,
18.0,M,City,Gold Membership,2025-04-25,No,Without Offers,Desktop,Fiber_Optic,22.000000000000004,30.170000000000016,28287.9,28.0,723.23,No,Yes,No,Not Applicable,Poor Product Quality,-11,3,1.0775000000000006,0.0009898225036146196,81246e5a28ba436a,
23.0,F,Town,Silver Membership,2025-04-26,No,Credit/Debit Card Offers,Smartphone,Mobile_Data,21.0,30.379999999999967,43025.66,36.40081388056095,671.41,Yes,No,Yes,No Information Available,Poor Product Quality,-11,9,0.8345967235700664,0.000846025694447475,bf6db035fcdc731d,
27.0,F,City,Basic Membership,2025-04-26,No,Gift Vouchers/Coupons,Desktop,Wi-Fi,11.0,66.11000000000001,23104.83,18.0,0.0,No,Yes,Yes,Unsolved,Poor Website,-11,13,3.6727777777777786,0.0007790578852993075,9d0b0d54128b8c06,
52.0,M,Town,No Membership,2025-04-26,No,Without Offers,Desktop,Mobile_Data,22.0,131.57,42678.4,28.0,695.83,No,Yes,Yes,Solved in Follow-up,Poor Product Quality,-11,23,4.698928571428572,0.000656069580865262,b94f68ccffc8fc5c,
47.0,M,City,Premium Membership,2025-04-26,No,Gift Vouchers/Coupons,Smartphone,Mobile_Data,15.999999999999986,180.98,13882.7,21.0,766.05,No,Yes,No,Not Applicable,Poor Product Quality,-11,15,8.618095238095238,0.0015126740475555906,bc966cd3e99a0268,
11.0,M,City,Basic Membership,2025-04-26,No,Credit/Debit Card Offers,Smartphone,Wi-Fi,15.999999999999986,31.400000000000006,43021.4,20.0,711.35,Yes,No,No,Not Applicable,No reason specified,-11,8,1.5700000000000003,0.00046488491773861377,ae7b5c252d180a96,
59.0,M,City,Gold Membership,2025-04-26,Yes,Gift Vouchers/Coupons,Desktop,Wi-Fi,9.0,33.04999999999998,7347.9000000000015,5.0,768.15,Yes,No,No,Not Applicable,Poor Website,-11,19,6.609999999999997,0.0006804665278514948,a165c44dc39034e9,
39.0,F,Town,Basic Membership,2025-04-26,No,Gift Vouchers/Coupons,Desktop,Fiber_Optic,12.0,48.43999999999997,34947.98,9.0,694.64,Yes,No,Yes,Solved in Follow-up,Poor Customer Service,-11,19,5.382222222222219,0.00025752561378368646,a4a7d7b855f9cf02,
29.0,F,City,Basic Membership,2025-04-26,No,Without Offers,Smartphone,Fiber_Optic,12.0,38.30000000000001,19360.97,25.0,940.144517039101,No,Yes,Yes,No Information Available,Poor Website,-11,9,1.5320000000000005,0.001291257617774316,a25defbd67cf1df1,
63.0,M,Town,Silver Membership,2025-04-26,No,Without Offers,Desktop,Mobile_Data,21.0,196.28,30793.4,17.0,794.78,Yes,No,Yes,Unsolved,Too many ads,-11,22,11.545882352941177,0.0005520663518805977,bc56480a33a3ad37,
44.0,F,City,No Membership,2025-04-26,Yes,Credit/Debit Card Offers,Desktop,Fiber_Optic,19.0,124.44999999999999,27017.88,27.0,551.13,Yes,No,Yes,Solved,Poor Customer Service,-11,14,4.609259259259259,0.0009993382160258318,9ae64017cbd362bb,
11.0,F,City,Gold Membership,2025-04-26,No,Gift Vouchers/Coupons,Smartphone,Fiber_Optic,11.0,136.58999999999997,49979.84,-1.7763568394002505e-15,611.03,Yes,No,No,Not Applicable,Poor Website,-11,15,-7.6893334137817e+16,-3.5541467107542774e-20,a82963ed969d24c3,
36.0,M,City,Premium Membership,2025-04-26,No,Gift Vouchers/Coupons,Desktop,Mobile_Data,15.999999999999986,209.74,35563.22,7.0,719.85,Yes,Yes,No,Not Applicable,Poor Customer Service,-11,2,29.962857142857143,0.00019683257027906922,bd1916d956f58008,
30.0,M,Town,Silver Membership,2025-04-26,No,Credit/Debit Card Offers,Desktop,Fiber_Optic,19.0,1077.5490700683365,14046.42,-1.7763568394002505e-15,713.25,No,Yes,No,Not Applicable,Poor Website,-11,5,-6.066061988041481e+17,-1.2646331516502074e-19,a982a43a64308308,
53.0,M,City,Basic Membership,2025-04-26,No,Credit/Debit Card Offers,Smartphone,Wi-Fi,12.0,0.0,40992.98,24.0,897.9471028444624,Yes,No,Yes,Solved,Poor Website,-11,18,0.0,0.0005854660968780508,af9906ebc82932ce,
57.0,M,City,No Membership,2025-04-26,No,Credit/Debit Card Offers,Desktop,Wi-Fi,12.0,106.44999999999999,8606.84,11.0,572.89,Yes,No,Yes,Solved,Poor Customer Service,-11,0,9.677272727272726,0.0012780532692602627,8fd6270d185a3b8f,
11.0,M,City,Gold Membership,2025-04-26,Yes,Credit/Debit Card Offers,Desktop,Fiber_Optic,4.0,633.58,44588.47,-1.7763568394002505e-15,646.46,Yes,Yes,No,Not Applicable,Poor Customer Service,-11,18,-3.566738314886749e+17,-3.983892785287879e-20,a2c9f1d6aa219f25,
54.0,F,Town,No Membership,2025-04-26,No,Credit/Debit Card Offers,Desktop,Fiber_Optic,21.0,86.72,8123.91,9.0,901.8090992002776,No,Yes,Yes,Solved in Follow-up,Poor Website,-11,21,9.635555555555555,0.0011078409288138348,85ea43b6e59247b3,
26.0,F,City,No Membership,2025-04-26,Yes,Credit/Debit Card Offers,Smartphone,Wi-Fi,11.0,0.0,16323.34,7.0,551.29,Yes,No,No,Not Applicable,Poor Product Quality,-11,18,0.0,0.0004288338048463121,9378c7ff51d98851,
62.0,M,Town,Gold Membership,2025-04-26,No,Without Offers,Desktop,Mobile_Data,20.0,240.27,19184.64,23.0,976.5514419427392,Yes,No,Yes,No Information Available,Poor Product Quality,-11,22,10.446521739130436,0.0011988757672804912,9dd2cb925db1df71,
43.0,M,City,Basic Membership,2025-04-26,Yes,Credit/Debit Card Offers,Smartphone,Mobile_Data,13.0,55.56,23155.21,6.0,653.92,Yes,No,Yes,Unsolved,Poor Product Quality,-11,21,9.26,0.00025912094945370825,8962dc5e18c43182,
64.0,F,Town,Platinum Membership,2025-04-26,No,Credit/Debit Card Offers,Desktop,Fiber_Optic,21.0,34.150000000000006,25141.4,-1.7763568394002505e-15,789.8,No,Yes,No,Not Applicable,Too many ads,-11,21,-1.922474090933781e+16,-7.065465087068542e-20,bf6bccff8c52a1cf,
29.0,F,City,Platinum Membership,2025-04-26,No,Gift Vouchers/Coupons,Desktop,Mobile_Data,-999.0,30.44999999999999,42305.27,20.0,711.47,No,Yes,No,Not Applicable,Too many ads,-11,0,1.5224999999999995,0.0004727543400621247,8b835076df5183bc,
41.0,M,City,Basic Membership,2025-04-26,No,Gift Vouchers/Coupons,Desktop,Mobile_Data,15.999999999999986,191.03,41020.36,10.0,578.76,No,Yes,Yes,No Information Available,Too many ads,-11,6,19.103,0.0002437813807582381,bf7303b12d2704d4,
38.0,F,City,Premium Membership,2025-04-26,Yes,Gift Vouchers/Coupons,Desktop,Wi-Fi,15.999999999999986,289.84,20298.67,11.0,763.08,Yes,No,No,Not Applicable,User Friendly Website,-11,17,26.349090909090908,0.0005419074254618653,b24972724b36a3e7,
46.0,F,City,Basic Membership,2025-04-26,Yes,Credit/Debit Card Offers,Smartphone,Wi-Fi,10.0,76.31000000000003,19261.24,8.0,636.29,No,Yes,Yes,Solved,Poor Product Quality,-11,16,9.538750000000004,0.00041534189906776507,a0ce97a7164f8e26,
17.0,M,Town,No Membership,2025-04-26,No,Without Offers,Desktop,Fiber_Optic,10.0,73.11000000000001,7855.389999999999,17.0,660.48,Yes,No,Yes,Solved in Follow-up,Poor Customer Service,-11,0,4.300588235294119,0.002164119158946914,88d4164250a51099,
57.0,M,Town,Basic Membership,2025-04-26,No,Without Offers,Desktop,Fiber_Optic,1.0,32.49000000000001,6727.580000000002,5.0,678.16,No,Yes,Yes,Unsolved,Too many ads,-11,2,6.498000000000002,0.0007432092966564498,9d3df9311dacfb2b,
60.0,F,City,Silver Membership,2025-04-26,Yes,Credit/Debit Card Offers,Smartphone,Fiber_Optic,23.0,155.11,41584.64,21.0,679.02,Yes,No,No,Not Applicable,No reason specified,-11,16,7.386190476190476,0.0005049941516867767,b70ac7f6c822017b,
29.0,M,City,Basic Membership,2025-04-26,Yes,Without Offers,Smartphone,Fiber_Optic,8.0,528.63,42653.47,8.0,602.75,Yes,No,Yes,Solved,No reason specified,-11,5,66.07875,0.0001875580111067165,9471434c70c975b8,
39.0,F,City,Silver Membership,2025-04-26,Yes,Credit/Debit Card Offers,Desktop,Wi-Fi,15.000000000000014,217.21,16056.94,9.0,717.99,No,Yes,Yes,No Information Available,No reason specified,-11,3,24.134444444444444,0.0005605053017573709,8216a9ed70c15a37,
41.0,M,Town,No Membership,2025-04-26,No,Credit/Debit Card Offers,Desktop,Wi-Fi,17.0,222.61,39500.96,6.0,691.12,No,Yes,Yes,Solved,Too many ads,-11,15,37.10166666666667,0.0001518950425508646,a47cfd9d3fb5ba80,
15.0,F,Town,Platinum Membership,2025-04-26,Yes,Gift Vouchers/Coupons,Desktop,Fiber_Optic,-999.0,683.64,12374.28,-1.7763568394002505e-15,751.98,Yes,Yes,Yes,Solved,Poor Product Quality,-11,9,-3.848551061569457e+17,-1.4355233915833894e-19,a72ef4a8242e08aa,
58.0,M,Town,Premium Membership,2025-04-26,No,Credit/Debit Card Offers,Smartphone,Mobile_Data,12.0,431.08,73765.44,4.0,803.62,Yes,No,No,Not Applicable,Products always in Stock,-11,19,107.77,5.422593561429309e-05,b7ff502edf10b31a,
14.0,M,City,Silver Membership,2025-04-26,No,Credit/Debit Card Offers,Smartphone,Fiber_Optic,10.0,251.79,12083.07,7.0,960.150542112665,No,Yes,Yes,Solved in Follow-up,Too many ads,-11,8,35.97,0.000579322970073003,b9f8b167784ad0f3,
46.0,F,City,No Membership,2025-04-26,No,Gift Vouchers/Coupons,Desktop,Wi-Fi,11.0,129.12,19504.17,6.0,905.6004539971784,No,Yes,No,Not Applicable,Poor Website,-11,2,21.52,0.0003076265229435552,b5aea9a0a06a6c85,
18.0,F,City,Platinum Membership,2025-04-26,Yes,Gift Vouchers/Coupons,Desktop,Wi-Fi,9.0,1338.8,21782.74,12.0,739.11,Yes,No,Yes,Solved in Follow-up,No reason specified,-11,2,111.56666666666666,0.0005508948828292492,8e1d6d02cffc88e2,
58.0,F,City,No Membership,2025-04-26,Yes,Credit/Debit Card Offers,Smartphone,Mobile_Data,25.0,34.78,4940.560000000001,19.0,0.0,No,Yes,No,Not Applicable,Poor Website,-11,1,1.8305263157894738,0.0038457178943277675,95e5468d0a2df00f,
11.0,F,Town,Premium Membership,2025-04-26,No,Credit/Debit Card Offers,Desktop,Fiber_Optic,9.0,702.56,20428.51,50.45317039966413,759.18,Yes,No,No,Not Applicable,No reason specified,-11,3,13.924992115157087,0.002469743040469625,a0474e25cb96b617,
26.0,F,City,Basic Membership,2025-04-26,Yes,Gift Vouchers/Coupons,Both,Fiber_Optic,18.0,644.4000000000001,25239.79,8.0,990.676604219734,Yes,Yes,No,Not Applicable,Poor Customer Service,-11,0,80.55000000000001,0.000316959847922665,983dcef35029cccd,
41.0,M,City,Silver Membership,2025-04-26,No,Credit/Debit Card Offers,Desktop,Mobile_Data,17.0,323.95,18410.17,22.0,774.09,No,Yes,No,Not Applicable,No reason specified,-11,9,14.725,0.0011949916812283646,ab3a59c88578e0f4,
11.0,F,City,Gold Membership,2025-04-26,No,Without Offers,Desktop,Fiber_Optic,-999.0,383.25,2891.0699999999997,22.0,0.0,Yes,Yes,Yes,Solved,Poor Product Quality,-11,13,17.420454545454547,0.007609639337684665,aadc4db983ad4693,
45.0,F,Town,Platinum Membership,2025-04-26,No,Credit/Debit Card Offers,Both,Fiber_Optic,25.0,451.28,87953.83,1.0,786.91,Yes,No,Yes,No Information Available,User Friendly Website,-11,4,451.28,1.1369601528438272e-05,85ee3078bcd59959,
55.0,M,City,Gold Membership,2025-04-26,No,Without Offers,Smartphone,Wi-Fi,12.0,0.0,57833.9,6.0,849.56,Yes,Yes,Yes,Solved,Reasonable Price,-11,23,0.0,0.00010374538116917586,a8e5278657f58c5c,
57.0,F,Town,Basic Membership,2025-04-26,No,Gift Vouchers/Coupons,Desktop,Mobile_Data,12.0,51.59,46002.23,-1.7763568394002505e-15,565.46,Yes,No,Yes,Solved,No reason specified,-11,23,-2.904258809700549e+16,-3.8614581062706097e-20,ac69f6f7931048eb,
54.0,M,City,Platinum Membership,2025-04-26,Yes,Credit/Debit Card Offers,Smartphone,Fiber_Optic,14.000000000000014,1080.0670365789952,19776.19,23.0,753.16,Yes,No,Yes,Solved,Poor Website,-11,12,46.95943637299979,0.0011630147161814284,b541290459448039,
28.0,M,City,Gold Membership,2025-04-26,No,Without Offers,Both,Wi-Fi,9.0,482.13,15062.54,29.0,1050.910396611554,No,Yes,Yes,Solved,Poor Product Quality,-11,9,16.625172413793102,0.0019253060904734526,9f2a29e633ecc970,
39.0,F,Village,Gold Membership,2025-04-26,No,Credit/Debit Card Offers,Smartphone,Fiber_Optic,17.0,1076.231546770075,18538.49,18.0,792.37,No,Yes,No,Not Applicable,User Friendly Website,-11,18,59.790641487226395,0.0009709528661719482,86ba384aa129109c,
36.0,F,City,Gold Membership,2025-04-26,Yes,Credit/Debit Card Offers,Desktop,Mobile_Data,-999.0,172.41,46207.09,12.0,738.45,Yes,No,Yes,Solved in Follow-up,Poor Website,-11,5,14.3675,0.00025970040528412416,9fc011bb616c6121,
28.0,M,Village,Platinum Membership,2025-04-26,No,Credit/Debit Card Offers,Desktop,Mobile_Data,15.999999999999986,60.81,32870.85,8.0,713.56,No,Yes,No,Not Applicable,Poor Product Quality,-11,12,7.60125,0.0002433767304465811,b6c2146740e27c34,
38.0,M,Village,Silver Membership,2025-04-26,No,Credit/Debit Card Offers,Smartphone,Fiber_Optic,-999.0,33.06,24796.69,5.0,663.66,No,Yes,No,Not Applicable,Too many ads,-11,23,6.612,0.00020163981563668377,a303db505996caa0,
41.0,F,City,No Membership,2025-04-26,No,Credit/Debit Card Offers,Smartphone,Fiber_Optic,9.0,150.69,36265.63,24.0,657.31,Yes,No,Yes,Unsolved,Poor Customer Service,-11,22,6.27875,0.0006617836226752438,b737e0dbd84c2175,
59.0,M,City,Platinum Membership,2025-04-26,No,Without Offers,Smartphone,Wi-Fi,-999.0,126.4,19200.77,5.0,733.4,No,Yes,No,Not Applicable,Poor Product Quality,-11,15,25.28,0.0002604062232920867,b31452eea97514df,
31.0,M,City,Basic Membership,2025-04-26,No,Credit/Debit Card Offers,Smartphone,Wi-Fi,8.0,297.9,32774.3,-1.7763568394002505e-15,574.96,No,Yes,Yes,No Information Available,No reason specified,-11,9,-1.6770279112420883e+17,-5.419968815200478e-20,b37ad517e38f7a4f,
49.0,M,City,Premium Membership,2025-04-26,No,Credit/Debit Card Offers,Desktop,Mobile_Data,18.0,1239.962891349188,21302.25,22.0,723.32,Yes,No,Yes,Unsolved,No reason specified,-11,20,56.36194960678128,0.0010327547559530097,b9798f3fc9c8cd11,
46.0,F,Town,Basic Membership,2025-04-26,No,Without Offers,Smartphone,Fiber_Optic,21.0,343.84,20705.98,14.0,608.87,No,Yes,No,Not Applicable,Poor Customer Service,-11,15,24.56,0.0006761331750537768,806a7fd509aad6b7,
26.0,M,City,Silver Membership,2025-04-26,Yes,Credit/Debit Card Offers,Both,Mobile_Data,5.0,0.0,8068.970000000001,19.0,609.79,Yes,No,Yes,Unsolved,Too many ads,-11,12,0.0,0.0023546995465344397,95f060d366a09377,
58.0,M,Town,Premium Membership,2025-04-26,No,Without Offers,Smartphone,Fiber_Optic,24.0,323.21,26806.73,21.0,736.31,Yes,No,No,Not Applicable,Poor Product Quality,-11,0,15.39095238095238,0.0007833853662867497,833e88f980c10852,
28.0,F,City,No Membership,2025-04-26,No,Gift Vouchers/Coupons,Smartphone,Wi-Fi,17.0,0.0,45610.09,24.0,657.85,Yes,No,Yes,No Information Available,Too many ads,-11,21,0.0,0.0005261993563266374,9b3e457886bbeaaf,
24.0,M,Town,Gold Membership,2025-04-26,No,Gift Vouchers/Coupons,Smartphone,Fiber_Optic,8.0,176.61,35689.68,9.0,686.29,No,Yes,Yes,Solved,Poor Product Quality,-11,21,19.623333333333335,0.0002521737376182695,87ccc7f45bfb20c9,
29.0,F,Town,Silver Membership,2025-04-26,No,Gift Vouchers/Coupons,Desktop,Wi-Fi,11.0,174.78,13467.08,22.0,603.19,No,Yes,No,Not Applicable,Too many ads,-11,12,7.944545454545454,0.0016336132257326755,b0e774a6d198d40d,
59.0,M,Town,No Membership,2025-04-26,Yes,Gift Vouchers/Coupons,Desktop,Mobile_Data,10.0,68.98000000000002,41763.54,-1.7763568394002505e-15,257.76225164743903,Yes,No,Yes,Unsolved,Too many ads,-11,4,-3.883228778700211e+16,-4.253367505245605e-20,ace5cb8436b33867,
36.0,F,City,No Membership,2025-04-26,Yes,Credit/Debit Card Offers,Desktop,Wi-Fi,20.0,77.09,7754.790000000001,33.03327650508446,672.48,Yes,No,No,Not Applicable,Too many ads,-11,21,2.3337073447175114,0.004259725473556918,ad1f0eae1a132aa2,
62.0,M,City,Basic Membership,2025-04-26,Yes,Gift Vouchers/Coupons,Smartphone,Fiber_Optic,21.0,74.98000000000005,7476.380000000001,23.0,650.97,No,Yes,Yes,Solved in Follow-up,Too many ads,-11,18,3.260000000000002,0.003076355134436719,812560a17198d12e,
27.0,F,City,Basic Membership,2025-04-26,Yes,Without Offers,Smartphone,Wi-Fi,6.0,667.88,24904.81,14.0,589.88,Yes,Yes,Yes,Solved,Poor Customer Service,-11,2,47.705714285714286,0.0005621404058091589,bb7ba74fd9102a78,
64.0,F,City,Gold Membership,2025-04-26,Yes,Gift Vouchers/Coupons,Smartphone,Wi-Fi,8.0,111.57999999999998,44576.82,-1.7763568394002505e-15,732.66,No,Yes,No,Not Applicable,Poor Website,-11,23,-6.281395580274998e+16,-3.984933962091173e-20,b1a213c9b7947e6d,
18.0,M,City,Platinum Membership,2025-04-26,Yes,Gift Vouchers/Coupons,Desktop,Fiber_Optic,22.0,84.80000000000001,44306.73,6.0,714.02,Yes,No,Yes,Solved,No reason specified,-11,12,14.133333333333335,0.00013541960781127382,870f936e1ed48cb9,
10.0,F,City,Basic Membership,2025-04-26,Yes,Credit/Debit Card Offers,Smartphone,Wi-Fi,13.0,49.27000000000001,42407.79,28.0,1098.755517777348,No,Yes,Yes,Solved,Poor Product Quality,-11,2,1.7596428571428575,0.0006602560520130854,bdc4fe841f049abd,
39.0,F,Town,Silver Membership,2025-04-26,Yes,Without Offers,Smartphone,Mobile_Data,5.0,0.0,3456.260000000002,7.0,651.78,Yes,No,No,Not Applicable,No reason specified,-11,18,0.0,0.002025310595846376,a73352c63b21f13a,
61.0,M,Town,Silver Membership,2025-04-26,Yes,Credit/Debit Card Offers,Desktop,Wi-Fi,11.0,322.91,6128.299999999999,3.0,765.16,No,Yes,No,Not Applicable,Quality Customer Care,-11,2,107.63666666666667,0.0004895321704224663,a65dbbb0ea78b834,
42.0,M,Town,Gold Membership,2025-04-26,No,Credit/Debit Card Offers,Desktop,Fiber_Optic,14.000000000000014,32.349999999999994,1349.1599999999999,10.0,751.62,Yes,No,No,Not Applicable,Poor Product Quality,-11,6,3.2349999999999994,0.007412019330546415,af4e36784892afe1,
53.0,M,City,No Membership,2025-04-26,Yes,Without Offers,Smartphone,Mobile_Data,15.000000000000014,216.27,17362.06,14.0,973.4070152436992,No,Yes,Yes,Solved in Follow-up,Too many ads,-11,13,15.447857142857144,0.0008063559278104096,af16d412ecea746a,
43.0,M,Town,Premium Membership,2025-04-26,Yes,Without Offers,Both,Wi-Fi,15.999999999999986,773.83,9091.940000000002,20.0,700.4,No,Yes,No,Not Applicable,Poor Product Quality,-11,3,38.691500000000005,0.0021997505482878234,889647b2f7b718f8,
34.0,M,Town,Basic Membership,2025-04-26,No,Credit/Debit Card Offers,Smartphone,Mobile_Data,12.0,30.610000000000042,9626.830000000002,5.0,626.58,Yes,No,No,Not Applicable,Poor Website,-11,17,6.122000000000009,0.000519381769492138,9790b35a465fbf41,
33.0,F,Town,No Membership,2025-04-26,No,Without Offers,Smartphone,Mobile_Data,5.0,0.0,28008.59,-1.7763568394002505e-15,670.94,No,Yes,No,Not Applicable,Poor Website,-11,21,-0.0,-6.34218587726212e-20,aa572e82748ed178,
62.0,F,City,No Membership,2025-04-26,Yes,Without Offers,Desktop,Mobile_Data,18.0,34.49000000000001,45772.12,11.0,548.22,No,Yes,Yes,Solved,Poor Product Quality,-11,1,3.135454545454546,0.00024032096394049476,948bc635949a8b8e,
37.0,F,City,Premium Membership,2025-04-26,No,Credit/Debit Card Offers,Smartphone,Fiber_Optic,11.0,268.07,83895.39,5.0,779.61,Yes,No,No,Not Applicable,Products always in Stock,-11,8,53.614,5.959803035661435e-05,a59a15d3f017c583,
44.0,F,Town,Premium Membership,2025-04-26,No,Gift Vouchers/Coupons,Both,Fiber_Optic,2.0,1326.83890894634,12440.06,20.0,718.39,Yes,No,Yes,No Information Available,No reason specified,-11,9,66.341945447317,0.0016077092875757834,83f0d53306deff2e,
21.0,F,City,No Membership,2025-04-26,Yes,Credit/Debit Card Offers,Smartphone,Wi-Fi,11.0,1385.43,43242.03,12.0,662.77,No,Yes,Yes,Solved in Follow-up,Too many ads,-11,14,115.4525,0.00027750778582781615,921ce28443740dd8,
57.0,F,Town,Basic Membership,2025-04-26,No,Gift Vouchers/Coupons,Desktop,Mobile_Data,15.000000000000014,75.69,24655.99,16.0,677.78,No,Yes,No,Not Applicable,Poor Customer Service,-11,2,4.730625,0.0006489295299032811,b43d06dcb389f916,
58.0,F,City,No Membership,2025-04-26,Yes,Without Offers,Desktop,Fiber_Optic,11.0,31.659999999999968,8127.450000000001,-1.7763568394002505e-15,799.6531298501694,No,Yes,Yes,Solved in Follow-up,Poor Product Quality,-11,6,-1.782299552531872e+16,-2.1856262904111995e-19,b7d75abc8c199802,
37.0,F,City,Basic Membership,2025-04-26,Yes,Credit/Debit Card Offers,Smartphone,Wi-Fi,8.0,256.69,21202.36,11.0,636.72,No,Yes,No,Not Applicable,No reason specified,-11,7,23.335454545454546,0.0005188101701886017,bfbc40680816ca4a,
28.0,M,City,Basic Membership,2025-04-26,No,Credit/Debit Card Offers,Smartphone,Wi-Fi,-999.0,90.0,15042.59,12.0,1053.081282247232,Yes,No,No,Not Applicable,Poor Customer Service,-11,3,7.5,0.0007977349645240613,9e15a984da5f748a,
33.0,F,Town,Gold Membership,2025-04-26,No,Without Offers,Smartphone,Fiber_Optic,-999.0,41.079999999999984,14416.87,-1.7763568394002505e-15,735.59,Yes,No,No,Not Applicable,Poor Customer Service,-11,16,-2.312598408654749e+16,-1.2321376549835368e-19,b00f26c0d73124b8,
61.0,F,Village,Basic Membership,2025-04-26,No,Credit/Debit Card Offers,Smartphone,Fiber_Optic,20.0,310.01,39541.74,18.0,663.89,No,Yes,Yes,Unsolved,No reason specified,-11,1,17.22277777777778,0.0004552151726251804,ae051d75b0d53e82,
18.0,M,City,Basic Membership,2025-04-26,No,Credit/Debit Card Offers,Desktop,Fiber_Optic,13.0,432.91,27479.68,20.0,596.06,Yes,Yes,Yes,Unsolved,Too many ads,-11,23,21.645500000000002,0.0007278105130772992,b0f8cfeb98a008fc,
53.0,F,City,Premium Membership,2025-04-26,Yes,Credit/Debit Card Offers,Smartphone,Wi-Fi,5.0,899.47,2296.470000000001,28.0,1014.2174268842692,Yes,Yes,Yes,Solved,Poor Product Quality,-11,3,32.12392857142857,0.012192626073930853,b52b046b90ccc435,
39.0,F,Town,Basic Membership,2025-04-26,Yes,Without Offers,Desktop,Wi-Fi,6.0,69.62,43738.47,24.0,654.14,Yes,No,Yes,Solved in Follow-up,Poor Product Quality,-11,12,2.9008333333333334,0.0005487160387640446,ab06a30cb68208db,
54.0,M,City,Silver Membership,2025-04-26,No,Without Offers,Smartphone,Wi-Fi,6.0,227.2,6267.529999999999,9.0,743.25,Yes,Yes,Yes,Unsolved,Poor Customer Service,-11,2,25.244444444444444,0.0014359723846555184,95c23942059183a8,
35.0,M,Village,Basic Membership,2025-04-26,No,Without Offers,Desktop,Wi-Fi,-999.0,443.4,39072.75,-1.7763568394002505e-15,604.91,No,Yes,Yes,Solved,Poor Product Quality,-11,1,-2.4961200934700973e+17,-4.546280564844426e-20,ab5d17b96e24367e,
39.0,M,Town,Platinum Membership,2025-04-26,Yes,Credit/Debit Card Offers,Smartphone,Fiber_Optic,9.0,0.0,48770.07,20.0,746.49,No,Yes,Yes,Unsolved,Poor Customer Service,-11,16,0.0,0.00041008758035409833,96df546d0501155e,
25.0,M,Town,Silver Membership,2025-04-26,No,Gift Vouchers/Coupons,Desktop,Wi-Fi,15.999999999999986,334.07,36997.03,13.0,760.23,Yes,No,Yes,Unsolved,Poor Product Quality,-11,14,25.697692307692307,0.0003513795566833338,88b91d48ff74103e,
53.0,F,Town,Premium Membership,2025-04-26,Yes,Gift Vouchers/Coupons,Smartphone,Wi-Fi,15.000000000000014,30.079999999999984,18926.44,5.0,768.2,Yes,No,No,Not Applicable,Too many ads,-11,15,6.0159999999999965,0.000264180691138957,9ca5efb457126159,
43.0,F,City,No Membership,2025-04-26,Yes,Without Offers,Desktop,Wi-Fi,11.0,634.76,17273.97,5.0,569.39,No,Yes,Yes,Solved,No reason specified,-11,21,126.952,0.00028945285883905087,90ebfb86aeaff9bb,
42.0,F,City,No Membership,2025-04-26,Yes,Without Offers,Desktop,Mobile_Data,3.0,158.53,17310.19,25.0,686.58,No,Yes,Yes,Solved,Poor Customer Service,-11,1,6.3412,0.00144423602513895,a435b9d88516d356,
25.0,M,Village,Basic Membership,2025-04-26,Yes,Credit/Debit Card Offers,Smartphone,Mobile_Data,-999.0,235.45,19088.61,-1.7763568394002505e-15,283.25608723215686,Yes,No,No,Not Applicable,Poor Product Quality,-11,19,-1.325465665330479e+17,-9.305846991479476e-20,92148ebc4013fff1,
47.0,M,City,Gold Membership,2025-04-26,No,Gift Vouchers/Coupons,Desktop,Fiber_Optic,-999.0,93.55999999999997,11814.84,24.0,0.0,No,Yes,Yes,Solved in Follow-up,No reason specified,-11,10,3.898333333333332,0.002031343632245549,a3e720dcebcdd16d,
23.0,F,Village,Gold Membership,2025-04-26,No,Without Offers,Desktop,Mobile_Data,-999.0,34.870000000000005,26765.87,15.0,1054.9608600179608,No,Yes,No,Not Applicable,Poor Website,-11,1,2.324666666666667,0.0005604151854581974,885b29e6fe44ea6d,
62.0,F,City,Premium Membership,2025-04-26,Yes,Without Offers,Smartphone,Fiber_Optic,10.0,117.01999999999998,4024.0499999999993,9.0,780.98,Yes,No,No,Not Applicable,Too many ads,-11,9,13.00222222222222,0.002236552726730533,935c2b64b7bf1139,
49.0,M,City,Platinum Membership,2025-04-26,Yes,Credit/Debit Card Offers,Desktop,Mobile_Data,21.0,716.62,10942.74,6.0,725.7,No,Yes,Yes,Solved,Poor Website,-11,21,119.43666666666667,0.0005483087416862687,9c5a78e7750b8a28,
42.0,M,City,No Membership,2025-04-26,No,Without Offers,Desktop,Wi-Fi,22.0,48.28999999999999,43868.67,27.0,510.47,No,Yes,No,Not Applicable,Poor Website,-11,21,1.7885185185185182,0.0006154734118905361,b4390c814aa1d38c,
63.0,M,City,Gold Membership,2025-04-26,Yes,Credit/Debit Card Offers,Smartphone,Mobile_Data,10.0,30.03,36618.77,-1.7763568394002505e-15,804.97,Yes,No,No,Not Applicable,Reasonable Price,-11,3,-1.6905387101242e+16,-4.8509462207503164e-20,bde3f75d62ce5564,
42.0,F,Village,Silver Membership,2025-04-26,No,Credit/Debit Card Offers,Smartphone,Fiber_Optic,23.0,215.96,29382.16,11.0,178.7032430509871,No,Yes,Yes,Solved in Follow-up,Poor Website,-11,1,19.632727272727273,0.00037437683274476756,8b9b9102fae0ec1c,
36.0,F,Town,No Membership,2025-04-26,Yes,Without Offers,Desktop,Mobile_Data,13.0,51.25999999999999,41785.5,39.93003267940159,661.22,No,Yes,No,Not Applicable,No reason specified,-11,9,1.2837455058343368,0.0009555954261502577,af897d4ce727961d,
18.0,F,City,Premium Membership,2025-04-26,Yes,Gift Vouchers/Coupons,Smartphone,Mobile_Data,11.0,181.88,44232.19,18.0,812.34,Yes,No,No,Not Applicable,Reasonable Price,-11,10,10.104444444444445,0.0004069434500077884,ac2bf2435401c58b,
52.0,M,Town,No Membership,2025-04-26,No,Credit/Debit Card Offers,Desktop,Wi-Fi,22.0,31.039999999999992,40309.73,6.0,637.27,Yes,No,Yes,Unsolved,Poor Product Quality,-11,1,5.173333333333332,0.00014884743708280852,89133011fa7b8d41,
50.0,M,City,Silver Membership,2025-04-26,Yes,Without Offers,Smartphone,Wi-Fi,20.0,39.27000000000001,28058.13,12.0,1053.2232825414071,Yes,No,Yes,Solved in Follow-up,Poor Website,-11,10,3.272500000000001,0.0004276835270205106,900509e22cffaa2b,
36.0,M,City,Gold Membership,2025-04-26,No,Gift Vouchers/Coupons,Desktop,Mobile_Data,5.0,261.9,41808.02,16.0,0.0,Yes,No,Yes,Solved,Poor Customer Service,-11,16,16.36875,0.00038270169216336964,88011f3d47456225,
58.0,F,City,Gold Membership,2025-04-26,Yes,Without Offers,Smartphone,Mobile_Data,11.0,161.95,21004.91,16.0,0.0,No,Yes,No,Not Applicable,Poor Product Quality,-11,6,10.121875,0.000761726662956423,a18d06d822cda0f4,
59.0,M,City,Silver Membership,2025-04-26,No,Credit/Debit Card Offers,Desktop,Fiber_Optic,9.0,128.0,36478.1,-1.7763568394002505e-15,676.98,No,Yes,No,Not Applicable,Poor Customer Service,-11,12,-7.205759403792794e+16,-4.8696528585651404e-20,bbb200f148a9662e,
21.0,M,City,Gold Membership,2025-04-26,No,Credit/Debit Card Offers,Smartphone,Mobile_Data,13.0,210.76,25628.32,16.0,717.3,No,Yes,No,Not Applicable,Poor Product Quality,-11,3,13.1725,0.0006243093577729637,a31a14faebecdaae,
12.0,F,City,Gold Membership,2025-04-26,No,Gift Vouchers/Coupons,Desktop,Mobile_Data,14.000000000000014,81.27999999999997,73285.12,10.0,766.09,Yes,No,No,Not Applicable,Reasonable Price,-11,23,8.127999999999997,0.00013645334823767774,a98ef22c2b767679,
19.0,M,Town,Silver Membership,2025-04-26,Yes,Credit/Debit Card Offers,Both,Fiber_Optic,11.0,508.99,23783.92,28.0,786.29,Yes,No,Yes,Solved in Follow-up,Poor Customer Service,-11,17,18.178214285714287,0.0011772659847493602,aff3e5f769cf24fa,
20.0,F,Town,Basic Membership,2025-04-26,No,Credit/Debit Card Offers,Smartphone,Wi-Fi,14.000000000000014,129.72,26938.36,20.0,454.91382884395233,No,Yes,No,Not Applicable,Poor Website,-11,10,6.486,0.0007424356939323701,bf3e3471eeae7005,
17.0,F,Village,Gold Membership,2025-04-26,Yes,Gift Vouchers/Coupons,Desktop,Fiber_Optic,15.000000000000014,137.08,20875.18,26.0,694.16,No,Yes,No,Not Applicable,Poor Product Quality,-11,6,5.272307692307693,0.0012454982424103648,b46ab2b7b73e078c,
46.0,M,City,Platinum Membership,2025-04-26,Yes,Credit/Debit Card Offers,Smartphone,Mobile_Data,9.0,585.99,10665.86,15.0,735.64,Yes,No,Yes,Solved in Follow-up,Too many ads,-11,3,39.066,0.0014063563556993997,8039212568f47bea,
23.0,M,City,No Membership,2025-04-27,No,Without Offers,Smartphone,Wi-Fi,10.0,173.64,30890.23,23.0,654.95,Yes,No,No,Not Applicable,Poor Website,-11,14,7.5495652173913035,0.0007445719892665092,b823905cdbad22e4,
13.0,M,Town,Premium Membership,2025-04-27,Yes,Without Offers,Desktop,Mobile_Data,16.0,34.79999999999998,32885.46,22.0,788.41,Yes,No,No,Not Applicable,Too many ads,-11,19,1.5818181818181811,0.0006689886655074918,95324fa46c216e70,
58.0,F,Village,Gold Membership,2025-04-27,No,Gift Vouchers/Coupons,Smartphone,Mobile_Data,21.0,250.18,35109.91,24.0,747.01,Yes,No,No,Not Applicable,Poor Website,-11,9,10.424166666666666,0.0006835676878693223,87e1f7154b4880f6,
51.0,F,City,Basic Membership,2025-04-27,Yes,Credit/Debit Card Offers,Smartphone,Wi-Fi,4.0,0.0,28044.85,7.0,654.52,No,Yes,No,Not Applicable,Poor Website,-11,14,0.0,0.0002496001939750079,abbb3d2399dbf107,
53.0,F,Town,Silver Membership,2025-04-27,No,Without Offers,Smartphone,Mobile_Data,1.0,122.68,48377.84,2.0,706.25,No,Yes,Yes,Solved in Follow-up,Products always in Stock,-11,16,61.34,4.1341242188572294e-05,b2a2aac42a048066,
30.0,F,Town,Basic Membership,2025-04-27,No,Credit/Debit Card Offers,Desktop,Wi-Fi,16.0,469.3299999999999,4385.529999999999,15.0,506.6,No,Yes,No,Not Applicable,Poor Customer Service,-11,5,31.28866666666666,0.0034203391608311887,95b3061c6c23bdce,
21.0,F,City,No Membership,2025-04-27,Yes,Credit/Debit Card Offers,Both,Wi-Fi,-999.0,782.27,28705.67,27.0,653.81,No,Yes,Yes,Solved,Too many ads,-11,7,28.972962962962963,0.0009405807284762907,bd213306b2360e5b,
12.0,M,Town,Gold Membership,2025-04-27,No,Without Offers,Smartphone,Mobile_Data,13.0,119.87,5219.970000000001,20.0,763.38,No,Yes,No,Not Applicable,Poor Website,-11,23,5.9935,0.0038314396442891427,ace733e281dbdde2,
46.0,F,City,Gold Membership,2025-04-27,Yes,Credit/Debit Card Offers,Desktop,Fiber_Optic,10.0,77.73000000000002,24490.66,10.0,757.8,No,Yes,No,Not Applicable,Poor Product Quality,-11,14,7.7730000000000015,0.000408318926480544,afa33b8397aff1bd,
34.0,F,Village,Basic Membership,2025-04-27,No,Without Offers,Smartphone,Mobile_Data,14.0,380.27,35432.75,10.0,611.77,Yes,Yes,No,Not Applicable,Poor Customer Service,-11,4,38.027,0.0002822247779243779,a1da034b41b76ef8,
58.0,F,Town,Gold Membership,2025-04-27,No,Credit/Debit Card Offers,Both,Fiber_Optic,13.0,302.99,20743.44,0.0,697.62,No,Yes,No,Not Applicable,No reason specified,-11,2,0.0,0.0,85938c619bccff30,
39.0,F,City,No Membership,2025-04-27,Yes,Gift Vouchers/Coupons,Smartphone,Fiber_Optic,11.0,47.06999999999999,15979.29,9.0,915.5328005003556,Yes,No,No,Not Applicable,Poor Customer Service,-11,21,5.2299999999999995,0.0005632290295751563,be1e1322e8502925,
23.0,M,City,Basic Membership,2025-04-27,Yes,Gift Vouchers/Coupons,Smartphone,Fiber_Optic,21.0,31.960000000000008,29096.72,13.0,545.99,Yes,No,Yes,Solved in Follow-up,Poor Website,-11,7,2.458461538461539,0.0004467857545455295,a1888fbd817d4afd,
39.0,F,Town,Basic Membership,2025-04-27,Yes,Without Offers,Both,Mobile_Data,3.0,719.68,5282.330000000002,12.0,685.21,Yes,Yes,Yes,No Information Available,Poor Customer Service,-11,4,59.97333333333333,0.002271724788114335,aab57c3188bdb4e6,
14.0,M,Village,Basic Membership,2025-04-27,No,Without Offers,Desktop,Mobile_Data,12.0,227.57,27875.28,28.0,540.47,Yes,No,No,Not Applicable,No reason specified,-11,1,8.1275,0.0010044742151468973,8d6180efc5058e93,
18.0,F,Town,Silver Membership,2025-04-27,Yes,Gift Vouchers/Coupons,Desktop,Wi-Fi,13.0,71.82,47175.92,10.0,778.83,No,Yes,No,Not Applicable,Too many ads,-11,20,7.1819999999999995,0.00021197254870705226,8b2868445669bcbb,
24.0,M,City,Basic Membership,2025-04-27,No,Without Offers,Desktop,Fiber_Optic,17.0,0.0,44255.63,5.0,677.54,Yes,No,No,Not Applicable,No reason specified,-11,8,0.0,0.00011297997565507486,a3857718ef2c4a14,
64.0,F,Town,Silver Membership,2025-04-27,No,Without Offers,Smartphone,Mobile_Data,13.0,202.92,31295.34,16.0,1048.1218584338244,No,Yes,Yes,No Information Available,Poor Website,-11,13,12.6825,0.0005112582256655464,95fc97f24501809d,
44.0,F,City,Premium Membership,2025-04-27,Yes,Credit/Debit Card Offers,Desktop,Mobile_Data,20.0,45.75,12199.730000000001,19.0,766.38,No,Yes,Yes,Solved in Follow-up,User Friendly Website,-11,9,2.4078947368421053,0.001557411516484381,a6e12967d584ddc8,
39.0,F,Village,No Membership,2025-04-27,No,Gift Vouchers/Coupons,Smartphone,Fiber_Optic,24.000000000000007,159.84,12717.12,24.0,666.21,Yes,No,Yes,No Information Available,Poor Customer Service,-11,18,6.66,0.0018872197478674415,ad0ffe97b8396805,
38.0,M,Town,Silver Membership,2025-04-27,Yes,Credit/Debit Card Offers,Smartphone,Mobile_Data,9.0,0.0,5202.220000000001,40.07090160125551,702.62,No,Yes,No,Not Applicable,No reason specified,-11,19,0.0,0.007702654174805275,a823a0f056c740ad,
24.0,M,City,Basic Membership,2025-04-27,No,Without Offers,Smartphone,Mobile_Data,14.0,1062.1528766226634,40994.13,26.0,0.0,Yes,No,No,Not Applicable,Poor Customer Service,-11,14,40.85203371625629,0.0006342371456596347,96a4ccb042bfdbc4,
54.0,M,City,Platinum Membership,2025-04-27,No,Gift Vouchers/Coupons,Desktop,Fiber_Optic,-999.0,34.03,18945.67,14.0,847.03,No,Yes,No,Not Applicable,Quality Customer Care,-11,3,2.4307142857142856,0.0007389551280055022,bc754f500be2a544,
26.0,F,City,Gold Membership,2025-04-27,Yes,Credit/Debit Card Offers,Smartphone,Wi-Fi,13.0,345.77,12621.19,0.0,624.66,Yes,No,Yes,Unsolved,No reason specified,-11,11,0.0,0.0,a7cff2a7b3bf9aa6,
32.0,F,City,No Membership,2025-04-27,Yes,Credit/Debit Card Offers,Desktop,Wi-Fi,6.0,0.0,10168.010000000002,6.0,559.03,Yes,No,No,Not Applicable,Poor Customer Service,-11,20,0.0,0.0005900859656904349,a781efe67a898253,
57.0,M,City,Gold Membership,2025-04-27,No,Gift Vouchers/Coupons,Desktop,Wi-Fi,19.0,269.56,33578.75,4.0,1272.2134133505888,No,Yes,No,Not Applicable,User Friendly Website,-11,7,67.39,0.00011912295722741317,bd1e06d9b94570bb,
30.0,F,Town,No Membership,2025-04-27,Yes,Gift Vouchers/Coupons,Both,Mobile_Data,10.0,354.91,38774.55,29.0,681.45,Yes,No,No,Not Applicable,Too many ads,-11,1,12.238275862068967,0.0007479132575361931,a12f1a55786644c0,
63.0,M,Town,Gold Membership,2025-04-27,No,Without Offers,Both,Mobile_Data,9.0,434.79,15610.91,37.12161688856845,765.23,No,Yes,No,Not Applicable,Poor Customer Service,-11,4,11.71258249082068,0.0023779278010422483,aeac948fb4b992b4,
44.0,M,City,Platinum Membership,2025-04-27,Yes,Credit/Debit Card Offers,Desktop,Mobile_Data,20.0,609.79,14082.95,14.0,1171.628337920668,Yes,No,Yes,Solved in Follow-up,Poor Website,-11,8,43.55642857142857,0.0009941098988493176,b91242a237c542c6,
20.0,F,Town,Platinum Membership,2025-04-27,Yes,Credit/Debit Card Offers,Desktop,Fiber_Optic,1.0,1254.21,89110.66,0.0,818.3,Yes,Yes,Yes,Solved,Reasonable Price,-11,21,0.0,0.0,8dce415a9fd7a55a,
28.0,M,Village,Gold Membership,2025-04-27,Yes,Credit/Debit Card Offers,Smartphone,Mobile_Data,7.0,60.80000000000001,23008.07,29.0,619.61,No,Yes,No,Not Applicable,Poor Website,-11,5,2.0965517241379312,0.001260427319631764,83e0419ec19d7e0c,
57.0,F,City,Platinum Membership,2025-04-27,Yes,Credit/Debit Card Offers,Desktop,Mobile_Data,5.0,544.55,47909.25,16.0,771.73,Yes,Yes,No,Not Applicable,Too many ads,-11,5,34.034375,0.00033396473541122016,838e04673d661248,
35.0,M,City,No Membership,2025-04-27,No,Credit/Debit Card Offers,Smartphone,Fiber_Optic,12.0,160.49,4104.049999999999,9.0,585.61,Yes,No,No,Not Applicable,No reason specified,-11,20,17.832222222222224,0.002192955738843338,a1553c05e4f5c5b1,
61.0,F,City,Premium Membership,2025-04-27,Yes,Credit/Debit Card Offers,Desktop,Mobile_Data,15.0,834.8899999999999,28764.0,11.0,723.91,Yes,Yes,Yes,Unsolved,Products always in Stock,-11,11,75.8990909090909,0.00038242247253511335,9ca6a737b35f1a85,
53.0,F,Town,No Membership,2025-04-27,Yes,Without Offers,Desktop,Mobile_Data,11.0,97.75,27894.04,0.0,0.0,No,Yes,No,Not Applicable,Poor Website,-11,2,0.0,0.0,83cffee04087e8f0,
33.0,F,Town,No Membership,2025-04-27,Yes,Without Offers,Desktop,Fiber_Optic,11.0,466.06,9336.529999999999,21.0,621.58,Yes,No,Yes,Solved in Follow-up,Poor Customer Service,-11,22,22.193333333333335,0.0022492296388486946,8ab2700fc176708f,
22.0,M,City,Basic Membership,2025-04-27,No,Gift Vouchers/Coupons,Desktop,Wi-Fi,10.0,90.74000000000001,44162.63,0.0,718.25,Yes,No,No,Not Applicable,Poor Customer Service,-11,13,0.0,0.0,b569f6dc3da44d44,
29.0,M,Town,No Membership,2025-04-27,No,Without Offers,Desktop,Mobile_Data,13.0,119.30000000000001,39623.1,25.0,581.26,No,Yes,No,Not Applicable,Too many ads,-11,1,4.772,0.0006309450800164551,878988c84ac59558,
45.0,F,Town,No Membership,2025-04-27,No,Credit/Debit Card Offers,Smartphone,Wi-Fi,8.0,0.0,8014.489999999998,13.0,519.76,Yes,No,No,Not Applicable,Poor Website,-11,20,0.0,0.0016220620401298153,81ce8a458417bd63,
54.0,M,Town,Basic Membership,2025-04-27,No,Credit/Debit Card Offers,Both,Wi-Fi,6.0,501.64,21098.22,19.0,0.0,No,Yes,Yes,No Information Available,No reason specified,-11,2,26.402105263157893,0.0009005499042099286,8794c43d40c24381,
11.0,M,City,No Membership,2025-04-27,Yes,Credit/Debit Card Offers,Desktop,Mobile_Data,16.0,108.09,10801.46,0.0,677.38,No,Yes,Yes,No Information Available,Poor Website,-11,11,0.0,0.0,89d3c07671ce6189,
19.0,M,City,Platinum Membership,2025-04-27,Yes,Credit/Debit Card Offers,Smartphone,Mobile_Data,8.0,84.29000000000002,12966.94,29.0,718.18,No,Yes,Yes,Unsolved,Poor Website,-11,21,2.9065517241379317,0.002236456712223547,8e38ec761d926f89,
51.0,M,City,No Membership,2025-04-27,No,Credit/Debit Card Offers,Desktop,Wi-Fi,15.0,131.66,4283.419999999998,5.0,505.01,Yes,No,No,Not Applicable,No reason specified,-11,9,26.332,0.0011672915567467123,82dc2f342a542c60,
25.0,F,Town,Platinum Membership,2025-04-27,No,Gift Vouchers/Coupons,Desktop,Mobile_Data,-999.0,280.03,14237.76,15.0,980.3545998897096,Yes,No,No,Not Applicable,Too many ads,-11,3,18.668666666666663,0.0010535365113613377,91ba2bb7f66b8909,
28.0,F,City,Basic Membership,2025-04-27,Yes,Credit/Debit Card Offers,Desktop,Mobile_Data,25.0,1096.235946626069,29418.74,23.0,579.85,No,Yes,No,Not Applicable,Poor Product Quality,-11,17,47.662432462003004,0.0007818145848530562,99d66cfca5bf14d6,
43.0,M,City,Premium Membership,2025-04-27,Yes,Gift Vouchers/Coupons,Desktop,Mobile_Data,8.0,99.70999999999998,21963.34,6.0,720.37,Yes,No,Yes,Solved,Poor Customer Service,-11,12,16.61833333333333,0.00027318249410153466,ab5cbd9421b3c8ba,
10.0,M,Town,Premium Membership,2025-04-27,Yes,Credit/Debit Card Offers,Smartphone,Wi-Fi,19.0,85.37,11161.940000000002,29.0,389.3678366514154,No,Yes,No,Not Applicable,Poor Customer Service,-11,3,2.943793103448276,0.0025981146646550683,b6d950c75584b21a,
59.0,F,City,Platinum Membership,2025-04-27,No,Credit/Debit Card Offers,Both,Mobile_Data,8.0,484.86,5257.4000000000015,18.0,717.17,Yes,No,No,Not Applicable,No reason specified,-11,15,26.936666666666667,0.0034237455776619614,81c28a28cde128b8,
28.0,F,Town,Silver Membership,2025-04-27,No,Without Offers,Smartphone,Fiber_Optic,-999.0,91.79000000000002,36297.43,38.27589012976073,721.45,No,Yes,Yes,No Information Available,Poor Website,-11,2,2.3981153590110855,0.001054506892905661,a7038ae738867a9b,
57.0,M,City,Premium Membership,2025-04-27,Yes,Credit/Debit Card Offers,Smartphone,Wi-Fi,2.0,586.5,18880.37,0.0,0.0,Yes,No,No,Not Applicable,Poor Website,-11,13,0.0,0.0,be42bdfc378a1854,
46.0,F,Town,Premium Membership,2025-04-27,Yes,Without Offers,Desktop,Mobile_Data,19.0,178.11,11231.91,10.0,710.86,No,Yes,Yes,Solved in Follow-up,Poor Customer Service,-11,17,17.811,0.0008903205242919503,8011649c3f1b6bcb,
18.0,M,Town,Basic Membership,2025-04-27,No,Without Offers,Desktop,Fiber_Optic,20.0,112.24000000000001,34205.37,23.0,690.4,No,Yes,No,Not Applicable,Poor Customer Service,-11,4,4.880000000000001,0.000672409039867132,ba51a007a4a0b6c0,
48.0,F,City,Basic Membership,2025-04-27,Yes,Without Offers,Smartphone,Mobile_Data,21.999999999999993,270.91,25288.13,0.0,500.04,No,Yes,Yes,No Information Available,Too many ads,-11,18,0.0,0.0,a0de3aa0e165fc62,
30.0,F,Town,No Membership,2025-04-27,No,Gift Vouchers/Coupons,Desktop,Mobile_Data,1.0,32.09,29148.91,11.0,637.69,No,Yes,No,Not Applicable,No reason specified,-11,12,2.9172727272727275,0.0003773726015827007,b862f95c7ef4ca6f,
10.0,F,Town,Gold Membership,2025-04-27,No,Credit/Debit Card Offers,Desktop,Mobile_Data,21.999999999999993,103.20999999999998,58819.02,19.0,837.45,No,Yes,Yes,Solved in Follow-up,Quality Customer Care,-11,1,5.432105263157894,0.0003230247630783376,a272b8bbd98d35e6,
38.0,M,Town,Silver Membership,2025-04-27,No,Without Offers,Desktop,Wi-Fi,12.0,71.61000000000001,19519.61,9.0,783.64,No,Yes,Yes,Solved,Poor Customer Service,-11,4,7.956666666666668,0.00046107478581795434,9698c86955335db4,
32.0,F,Town,Gold Membership,2025-04-27,Yes,Credit/Debit Card Offers,Smartphone,Fiber_Optic,18.0,1010.9793926366244,26035.34,54.67774554030687,660.68,Yes,No,Yes,No Information Available,Poor Product Quality,-11,22,18.48977829364525,0.0021001356441017046,9477c23e86937fb8,
54.0,F,Town,Basic Membership,2025-04-27,Yes,Gift Vouchers/Coupons,Both,Fiber_Optic,-999.0,327.39,43826.18,23.0,648.08,Yes,No,Yes,Solved in Follow-up,Poor Website,-11,20,14.234347826086957,0.0005248004731418527,beb19b039b05cda7,
56.0,F,City,Silver Membership,2025-04-27,No,Gift Vouchers/Coupons,Desktop,Fiber_Optic,17.0,30.340000000000003,42404.09,12.0,745.32,Yes,No,No,Not Applicable,Too many ads,-11,0,2.5283333333333338,0.00028299156991695853,b9e432f545dfe713,
42.0,F,Town,No Membership,2025-04-27,Yes,Credit/Debit Card Offers,Both,Fiber_Optic,21.0,420.74,25516.59,20.0,0.0,Yes,No,Yes,Solved in Follow-up,Poor Product Quality,-11,13,21.037,0.0007838037919643651,99c004aadf701514,
14.0,M,Town,Silver Membership,2025-04-27,Yes,Credit/Debit Card Offers,Desktop,Wi-Fi,2.0,76.35999999999999,37064.14,10.0,1025.574622948162,No,Yes,No,Not Applicable,Reasonable Price,-11,13,7.635999999999998,0.00026980256387980405,bb44517592775dac,
29.0,F,City,Silver Membership,2025-04-27,Yes,Credit/Debit Card Offers,Smartphone,Fiber_Optic,10.0,76.05000000000001,9901.02,0.0,678.34,Yes,No,No,Not Applicable,No reason specified,-11,17,0.0,0.0,96270a23e2f2d5c4,
63.0,M,Town,Premium Membership,2025-04-27,No,Gift Vouchers/Coupons,Desktop,Wi-Fi,1.0,356.06,88592.23,12.0,0.0,No,Yes,No,Not Applicable,Quality Customer Care,-11,1,29.671666666666667,0.00013545205939617956,87171a5f8443699b,
47.0,M,Town,No Membership,2025-04-27,Yes,Gift Vouchers/Coupons,Desktop,Mobile_Data,5.0,157.52,12790.42,26.0,645.89,Yes,No,No,Not Applicable,Poor Website,-11,23,6.058461538461539,0.0020327714023464435,9473fbab016afc64,
40.0,F,City,Platinum Membership,2025-04-27,No,Gift Vouchers/Coupons,Both,Fiber_Optic,19.0,279.29,11500.169999999998,0.0,0.0,Yes,No,Yes,Solved in Follow-up,Too many ads,-11,7,0.0,0.0,b61038e3d9d1831e,
50.0,M,City,Premium Membership,2025-04-27,No,Gift Vouchers/Coupons,Desktop,Mobile_Data,19.0,32.160000000000025,7342.4000000000015,1.0,793.42,Yes,No,Yes,No Information Available,Reasonable Price,-11,9,32.160000000000025,0.00013619524950969706,923002ea75ed31ef,
33.0,F,Town,Platinum Membership,2025-04-27,Yes,Without Offers,Smartphone,Fiber_Optic,17.0,30.309999999999974,20332.53,17.0,722.25,No,Yes,Yes,No Information Available,Poor Website,-11,2,1.7829411764705867,0.0008360986065187166,861a8b5c9f1b6e9e,
43.0,M,Town,Premium Membership,2025-04-27,No,Without Offers,Smartphone,Mobile_Data,16.0,32.110000000000014,39429.55,17.0,713.61,No,Yes,No,Not Applicable,No reason specified,-11,14,1.8888235294117655,0.0004311487196785152,b02eaca51dd538a7,
20.0,F,Town,Silver Membership,2025-04-27,Yes,Gift Vouchers/Coupons,Smartphone,Fiber_Optic,9.0,81.81,18922.33,20.0,667.9,No,Yes,Yes,Unsolved,Poor Website,-11,23,4.0905000000000005,0.0010569522886452144,ad4cd59593e06c99,
28.0,M,City,No Membership,2025-04-27,Yes,Credit/Debit Card Offers,Smartphone,Mobile_Data,8.0,79.18,10139.86,14.0,582.1,No,Yes,No,Not Applicable,Too many ads,-11,16,5.655714285714287,0.0013806896742164093,81e9c931f4e7221c,
18.0,F,Town,No Membership,2025-04-27,Yes,Credit/Debit Card Offers,Both,Wi-Fi,21.999999999999993,0.0,9254.43,25.0,681.1,Yes,Yes,No,Not Applicable,Too many ads,-11,17,0.0,0.0027014089468503193,974b29f3f6496fa2,
49.0,M,City,Basic Membership,2025-04-27,Yes,Credit/Debit Card Offers,Both,Wi-Fi,13.0,1415.89,41776.06,13.0,0.0,Yes,Yes,Yes,Solved,Poor Website,-11,9,108.91461538461539,0.0003111830076843053,82f52a628a5e2d1f,
52.0,M,Town,Silver Membership,2025-04-27,Yes,Gift Vouchers/Coupons,Desktop,Mobile_Data,18.0,297.53,24795.12,1.7975078359808272,660.46,No,Yes,Yes,Unsolved,Too many ads,-11,4,165.52361778030854,7.249441970762098e-05,83a5d03fd34abcab,
35.0,M,City,Silver Membership,2025-04-27,Yes,Gift Vouchers/Coupons,Smartphone,Wi-Fi,8.0,62.47,42396.95,11.0,727.93,No,Yes,No,Not Applicable,Poor Customer Service,-11,22,5.679090909090909,0.0002594526257195388,a06019b713de4fb2,
59.0,M,City,No Membership,2025-04-27,Yes,Gift Vouchers/Coupons,Desktop,Mobile_Data,14.0,46.089999999999975,4383.9000000000015,12.0,350.35748501126085,No,Yes,Yes,Unsolved,Poor Website,-11,17,3.840833333333331,0.0027372887155272694,9f3864e42359dceb,
40.0,M,Town,Basic Membership,2025-04-27,No,Gift Vouchers/Coupons,Desktop,Wi-Fi,13.0,55.670000000000016,46412.45,7.0,665.28,Yes,No,Yes,Solved in Follow-up,Too many ads,-11,17,7.9528571428571455,0.0001508216006696479,827e1ac2649f3f41,
28.0,M,City,Silver Membership,2025-04-27,Yes,Gift Vouchers/Coupons,Both,Wi-Fi,19.0,224.94,14355.87,16.0,709.62,No,Yes,No,Not Applicable,Too many ads,-11,15,14.05875,0.001114526670971526,aa70082c35eed82c,
10.0,F,City,Premium Membership,2025-04-27,No,Credit/Debit Card Offers,Desktop,Fiber_Optic,10.0,73.23000000000005,7565.439999999999,10.0,0.0,Yes,No,No,Not Applicable,Too many ads,-11,9,7.323000000000005,0.0013218001861094665,8812e608429aaf24,
12.0,F,Town,Silver Membership,2025-04-27,Yes,Without Offers,Desktop,Wi-Fi,11.0,109.26999999999998,26477.36,11.0,364.05026935383177,Yes,No,Yes,Solved in Follow-up,Poor Product Quality,-11,19,9.933636363636362,0.00041544927439895817,9b74e404d6d4aff5,
40.0,M,City,Silver Membership,2025-04-27,Yes,Credit/Debit Card Offers,Desktop,Fiber_Optic,17.0,337.04,34558.0,26.0,712.64,No,Yes,No,Not Applicable,Poor Customer Service,-11,14,12.963076923076924,0.0007523583540714161,84bcb4b7cd1a5fcf,
34.0,F,City,Silver Membership,2025-04-27,Yes,Credit/Debit Card Offers,Desktop,Fiber_Optic,18.0,374.36,26614.35,26.0,662.76,Yes,Yes,No,Not Applicable,Poor Website,-11,23,14.39846153846154,0.0009769165882315368,97924355b046dca3,
32.0,M,City,Basic Membership,2025-04-27,No,Credit/Debit Card Offers,Smartphone,Wi-Fi,10.0,496.9,18273.76,15.0,10.213509322490154,Yes,No,Yes,Solved in Follow-up,Poor Website,-11,5,33.126666666666665,0.0008208491301188153,92e1fad2f9b2dba0,
33.0,M,Village,No Membership,2025-04-27,Yes,Credit/Debit Card Offers,Both,Mobile_Data,4.0,312.5,49199.29,8.0,533.21,No,Yes,Yes,Solved in Follow-up,Too many ads,-11,17,39.0625,0.00016260397253700206,a715bc0f4c1969a7,
27.0,M,City,Platinum Membership,2025-04-27,No,Credit/Debit Card Offers,Desktop,Wi-Fi,10.0,206.96,44254.12,12.0,0.0,Yes,Yes,No,Not Applicable,Products always in Stock,-11,14,17.246666666666666,0.00027116119357926445,ad6f8f8495f7897a,
23.0,M,Town,No Membership,2025-04-27,No,Credit/Debit Card Offers,Smartphone,Wi-Fi,11.0,480.55,37511.11,17.0,623.98,No,Yes,Yes,No Information Available,Poor Customer Service,-11,14,28.26764705882353,0.00045319906555684435,b66f5cebfb96b6c6,
34.0,F,Village,Basic Membership,2025-04-27,No,Gift Vouchers/Coupons,Desktop,Mobile_Data,21.0,62.16,24260.31,23.0,590.4,Yes,No,Yes,Unsolved,Poor Customer Service,-11,22,2.7026086956521738,0.0009480505401621001,a385aa90826e4fc2,
31.0,M,Town,Basic Membership,2025-04-27,No,Credit/Debit Card Offers,Smartphone,Wi-Fi,11.0,231.84,23649.33,0.0,218.500798942122,No,Yes,Yes,Solved in Follow-up,Poor Customer Service,-11,16,0.0,0.0,9248ed7d83443780,
28.0,F,Town,No Membership,2025-04-27,Yes,Without Offers,Desktop,Mobile_Data,18.0,63.59,22748.41,7.0,699.56,Yes,No,Yes,No Information Available,No reason specified,-11,11,9.084285714285715,0.000307713813844572,be846c5f8bebcd3f,
14.0,M,City,Basic Membership,2025-04-27,No,Credit/Debit Card Offers,Smartphone,Mobile_Data,9.0,182.5,12656.64,8.0,550.95,Yes,No,No,Not Applicable,Poor Customer Service,-11,21,22.8125,0.00063207928802589,a7807e54ce247155,
58.0,M,Village,Silver Membership,2025-04-27,Yes,Credit/Debit Card Offers,Desktop,Fiber_Optic,8.0,137.59000000000003,94392.42,16.0,739.59,Yes,No,No,Not Applicable,Quality Customer Care,-11,6,8.599375000000002,0.0001695051361115649,b4bd52106c405c6f,
31.0,M,Town,No Membership,2025-04-27,No,Credit/Debit Card Offers,Smartphone,Mobile_Data,13.0,330.63,10510.080000000002,26.0,648.39,Yes,No,No,Not Applicable,Poor Customer Service,-11,21,12.71653846153846,0.002473815613201802,9af6fdbc96c85026,
43.0,M,City,Basic Membership,2025-04-27,No,Credit/Debit Card Offers,Desktop,Mobile_Data,14.0,192.23,18398.8,6.0,518.81,No,Yes,No,Not Applicable,No reason specified,-11,18,32.038333333333334,0.0003261082244494206,838fe930f94a6a61,
26.0,F,City,No Membership,2025-04-27,Yes,Credit/Debit Card Offers,Smartphone,Mobile_Data,15.0,33.639999999999986,23704.4,28.0,678.85,Yes,No,No,Not Applicable,No reason specified,-11,11,1.2014285714285708,0.0011812153018005095,a88830ae226fa04f,
10.0,F,Town,Silver Membership,2025-04-27,No,Without Offers,Smartphone,Fiber_Optic,13.0,0.0,39232.78,16.0,751.45,No,Yes,Yes,Solved,Poor Product Quality,-11,1,0.0,0.0004078222343662621,987581e2031e3af4,
29.0,F,City,No Membership,2025-04-27,No,Credit/Debit Card Offers,Desktop,Wi-Fi,18.0,74.05000000000001,21984.51,29.0,666.36,No,Yes,No,Not Applicable,No reason specified,-11,9,2.5534482758620696,0.0013191105919577012,ba4410d7ba9aaabf,
48.0,F,Town,Premium Membership,2025-04-27,No,Gift Vouchers/Coupons,Desktop,Fiber_Optic,8.0,188.57,19878.39,11.0,725.86,No,Yes,Yes,Solved in Follow-up,No reason specified,-11,12,17.14272727272727,0.0005533647342667087,bb8f87a84ee9ba65,
34.0,F,Town,No Membership,2025-04-27,No,Without Offers,Smartphone,Wi-Fi,21.999999999999993,116.67000000000002,46784.41,0.0,213.68872249449691,No,Yes,Yes,Solved,Poor Website,-11,12,0.0,0.0,91cbd3371bb416a9,
41.0,F,Village,Basic Membership,2025-04-27,Yes,Gift Vouchers/Coupons,Smartphone,Fiber_Optic,12.0,752.17,31467.26,0.0,588.87,No,Yes,Yes,Unsolved,Poor Website,-11,5,0.0,0.0,a699b1ff73a6ae12,
64.0,F,City,Basic Membership,2025-04-27,Yes,Credit/Debit Card Offers,Desktop,Fiber_Optic,21.0,562.19,47935.09,0.0,653.81,No,Yes,Yes,Solved,Poor Product Quality,-11,8,0.0,0.0,81265e45a8f1947b,
63.0,M,Village,No Membership,2025-04-27,Yes,Without Offers,Desktop,Wi-Fi,12.0,0.0,7780.830000000002,18.0,687.84,Yes,No,No,Not Applicable,Poor Website,-11,0,0.0,0.0023133778787095974,95370a174d7e9e1c,
14.0,M,City,Silver Membership,2025-04-27,Yes,Without Offers,Smartphone,Fiber_Optic,12.0,78.69999999999996,14360.86,14.0,1064.531940857488,Yes,No,Yes,No Information Available,No reason specified,-11,20,5.621428571428568,0.0009748719784191197,ba8c97f7146649fe,
52.0,F,Village,Platinum Membership,2025-04-27,Yes,Without Offers,Smartphone,Fiber_Optic,14.0,105.03000000000003,36091.97,23.0,749.6,Yes,No,Yes,Solved,Poor Customer Service,-11,13,4.566521739130436,0.0006372608643972606,96263ed8c39be860,
46.0,F,Town,Basic Membership,2025-04-27,No,Credit/Debit Card Offers,Desktop,Fiber_Optic,10.0,1383.552373756839,29766.22,0.0,618.97,Yes,No,No,Not Applicable,No reason specified,-11,16,0.0,0.0,90f7600222b0089c,
55.0,M,City,Gold Membership,2025-04-27,No,Credit/Debit Card Offers,Desktop,Fiber_Optic,14.0,90.03999999999999,42451.61,21.0,758.1,Yes,No,Yes,No Information Available,No reason specified,-11,1,4.287619047619048,0.0004946808848945894,bf60b73184de1c89,
46.0,F,City,No Membership,2025-04-27,No,Credit/Debit Card Offers,Desktop,Mobile_Data,22.999999999999993,80.32999999999998,48786.28,9.0,604.0,No,Yes,Yes,No Information Available,Poor Customer Service,-11,20,8.925555555555555,0.00018447809507099127,a9b2e3fd67bbeac5,
27.0,M,City,Platinum Membership,2025-04-27,Yes,Gift Vouchers/Coupons,Smartphone,Fiber_Optic,14.0,185.82,38948.63,23.0,0.0,No,Yes,No,Not Applicable,Poor Website,-11,12,8.07913043478261,0.0005905214124347891,a5c8e8f81c92f7b6,
64.0,F,City,Basic Membership,2025-04-28,No,Without Offers,Desktop,Wi-Fi,14.0,467.74,19245.1,21.0,0.0,Yes,Yes,No,Not Applicable,Poor Customer Service,-11,16,22.273333333333333,0.0010911868475611975,aaddc78ff2666d47,
61.0,F,Town,Silver Membership,2025-04-28,No,Gift Vouchers/Coupons,Desktop,Fiber_Optic,15.0,85.06,2946.920000000002,17.0,986.0984112195296,No,Yes,Yes,Solved in Follow-up,Poor Product Quality,-11,18,5.003529411764706,0.00576873481465394,ab2771da7a0828f6,
50.0,F,City,Premium Membership,2025-04-28,Yes,Gift Vouchers/Coupons,Smartphone,Mobile_Data,3.0,145.59,35801.59,12.0,773.05,No,Yes,No,Not Applicable,Reasonable Price,-11,16,12.1325,0.00033518064421161187,b4579a51933ed454,
50.0,F,City,Basic Membership,2025-04-28,Yes,Gift Vouchers/Coupons,Smartphone,Wi-Fi,19.0,102.80000000000001,2669.0,26.0,0.0,No,Yes,Yes,No Information Available,Poor Website,-11,13,3.9538461538461545,0.009741476208317721,a5d0f880d7bfbc78,
45.0,M,City,Basic Membership,2025-04-28,No,Credit/Debit Card Offers,Smartphone,Mobile_Data,16.0,135.67,5545.470000000001,26.0,646.26,No,Yes,Yes,Solved,Poor Product Quality,-11,15,5.218076923076922,0.004688511523820342,bc3c5538bcff073f,
42.0,M,Town,Gold Membership,2025-04-28,No,Credit/Debit Card Offers,Smartphone,Wi-Fi,7.0,139.78,20581.49,14.0,791.12,No,Yes,No,Not Applicable,Poor Customer Service,-11,21,9.984285714285715,0.0006802228604440203,bbc2543f2f0ac273,
43.0,M,City,Platinum Membership,2025-04-28,No,Without Offers,Desktop,Mobile_Data,13.0,152.54,41558.99,11.0,827.15,No,Yes,Yes,Unsolved,User Friendly Website,-11,10,13.867272727272727,0.00026468400699824514,956f869389342860,
56.0,M,Town,No Membership,2025-04-28,No,Gift Vouchers/Coupons,Desktop,Fiber_Optic,14.0,31.670000000000016,47907.94,20.0,901.9511986356885,Yes,No,Yes,Solved,Poor Website,-11,14,1.5835000000000008,0.00041746733422476525,a1f88d83ebfe8355,
47.0,M,City,Basic Membership,2025-04-28,Yes,Credit/Debit Card Offers,Desktop,Wi-Fi,7.0,260.42,21686.97,23.0,606.95,No,Yes,Yes,Solved in Follow-up,No reason specified,-11,9,11.322608695652175,0.0010605446496214086,adb833b136d1f686,
56.0,F,Town,No Membership,2025-04-28,No,Gift Vouchers/Coupons,Desktop,Mobile_Data,13.0,483.91,38417.89,7.0,688.6,No,Yes,Yes,Solved,Poor Customer Service,-11,6,69.13000000000001,0.00018220677918542638,a17fe40a98e6f11a,
55.0,F,City,Gold Membership,2025-04-28,No,Gift Vouchers/Coupons,Desktop,Fiber_Optic,18.0,89.20999999999998,37986.4,12.0,1136.6926067972124,No,Yes,No,Not Applicable,No reason specified,-11,12,7.434166666666665,0.00031590253353831895,a1b9ced28a33cf30,
20.0,F,City,Basic Membership,2025-04-28,No,Without Offers,Desktop,Mobile_Data,11.0,470.56,47238.65,9.0,1086.345731311268,Yes,No,No,Not Applicable,Poor Website,-11,3,52.284444444444446,0.00019052195606775383,b8610a915085fde5,
38.0,F,City,Basic Membership,2025-04-28,No,Without Offers,Desktop,Mobile_Data,-999.0,449.9,35557.85,24.0,636.23,Yes,Yes,No,Not Applicable,No reason specified,-11,13,18.745833333333334,0.0006749564442169591,83cc6abd5a6e9b15,
39.0,M,Town,No Membership,2025-04-28,Yes,Without Offers,Desktop,Wi-Fi,24.0,991.0109023587268,43504.74,0.0,504.45,Yes,No,Yes,Unsolved,No reason specified,-11,15,0.0,0.0,8b509a6ea2b64e86,
42.0,F,Town,No Membership,2025-04-28,No,Without Offers,Desktop,Fiber_Optic,19.0,162.87,14223.23,25.0,524.91,Yes,No,Yes,Unsolved,Poor Website,-11,4,6.5148,0.0017576879513303237,adce9e89aaab0156,
38.0,M,Town,Gold Membership,2025-04-28,Yes,Without Offers,Desktop,Wi-Fi,6.0,87.57,5324.750000000004,9.0,784.98,Yes,No,Yes,Unsolved,No reason specified,-11,18,9.729999999999999,0.0016902201981313664,86001a80dbd8e780,
30.0,M,Town,No Membership,2025-04-28,Yes,Gift Vouchers/Coupons,Both,Wi-Fi,12.0,612.95,44338.16,25.0,662.13,Yes,No,No,Not Applicable,Poor Website,-11,3,24.518,0.0005638483870327501,a8c2a4dd43fa52c6,
63.0,F,City,Premium Membership,2025-04-28,No,Without Offers,Smartphone,Fiber_Optic,12.0,155.47,31277.37,19.0,717.55,No,Yes,No,Not Applicable,Poor Customer Service,-11,16,8.182631578947369,0.0006074679552660598,aac99aef5b9f085c,
18.0,F,City,No Membership,2025-04-28,Yes,Gift Vouchers/Coupons,Smartphone,Mobile_Data,13.0,345.33,7624.2800000000025,18.0,546.57,Yes,No,Yes,Solved in Follow-up,Poor Website,-11,15,19.185,0.0023608786665757285,983063e0b54aefb1,
30.0,M,Town,No Membership,2025-04-28,No,Without Offers,Desktop,Fiber_Optic,19.0,211.19,2554.4799999999996,10.0,622.45,Yes,Yes,Yes,Solved,Poor Website,-11,1,21.119,0.003914691052582131,98f1d888852c9d0c,
47.0,M,Town,Silver Membership,2025-04-28,No,Gift Vouchers/Coupons,Desktop,Wi-Fi,7.0,232.27,21742.08,15.0,717.77,No,Yes,No,Not Applicable,Too many ads,-11,22,15.484666666666667,0.0006899063935005298,a9335d0b3acb1a9f,
39.0,F,Town,No Membership,2025-04-28,No,Without Offers,Desktop,Mobile_Data,12.0,52.920000000000044,26888.15,50.23826212562437,621.46,Yes,No,Yes,No Information Available,Too many ads,-11,4,1.0533803869980574,0.0018684164632235525,b9dc46d90ef33417,
10.0,M,Town,Silver Membership,2025-04-28,No,Credit/Debit Card Offers,Smartphone,Fiber_Optic,23.0,167.69,49498.65,9.0,767.3,Yes,No,Yes,Unsolved,Poor Product Quality,-11,21,18.63222222222222,0.00018182314063110811,937095479e377c35,
17.0,F,Town,Gold Membership,2025-04-28,Yes,Without Offers,Desktop,Fiber_Optic,15.0,76.15,12941.94,15.0,0.0,No,Yes,Yes,Unsolved,Poor Product Quality,-11,19,5.076666666666667,0.0011590225267618301,bc3d29eeabecab01,
40.0,F,Town,Basic Membership,2025-04-28,No,Credit/Debit Card Offers,Desktop,Fiber_Optic,13.0,31.620000000000005,43284.21,5.0,612.76,No,Yes,No,Not Applicable,Poor Website,-11,13,6.324000000000001,0.00011551556560694997,911b676eb1f45698,
44.0,F,Town,Platinum Membership,2025-04-28,Yes,Gift Vouchers/Coupons,Smartphone,Wi-Fi,19.999999999999993,202.17,83172.98,1.0,825.13,No,Yes,Yes,Solved in Follow-up,User Friendly Website,-11,19,202.17,1.202313539805836e-05,aaceeed4857117cd,
42.0,M,Town,No Membership,2025-04-28,Yes,Credit/Debit Card Offers,Smartphone,Fiber_Optic,12.0,39.49000000000001,49881.91,8.0,698.13,Yes,No,No,Not Applicable,Poor Website,-11,21,4.936250000000001,0.00016037878260876537,8291a004d3c60614,
16.0,F,City,Platinum Membership,2025-04-28,No,Credit/Debit Card Offers,Smartphone,Fiber_Optic,13.0,51.41,31988.56,25.0,764.47,Yes,No,Yes,No Information Available,Poor Product Quality,-11,1,2.0564,0.0007815293967593414,925ec30b9e5b05c6,
52.0,M,City,Silver Membership,2025-04-28,No,Credit/Debit Card Offers,Desktop,Wi-Fi,7.0,243.43,5481.5999999999985,14.0,669.45,Yes,Yes,Yes,Unsolved,No reason specified,-11,9,17.387857142857143,0.0025539988324576775,89ba4552a40df845,
51.0,M,Town,Premium Membership,2025-04-28,No,Without Offers,Smartphone,Fiber_Optic,19.999999999999993,46.29999999999998,5249.380000000005,26.0,704.52,No,Yes,No,Not Applicable,No reason specified,-11,2,1.7807692307692302,0.004952965874065123,9f784f28800684cb,
24.0,F,Village,Basic Membership,2025-04-28,No,Credit/Debit Card Offers,Both,Mobile_Data,17.0,239.98,20145.99,0.0,1104.4412025387674,Yes,No,Yes,Solved in Follow-up,No reason specified,-11,5,0.0,0.0,828b2084f57d802b,
43.0,M,Village,No Membership,2025-04-28,No,Gift Vouchers/Coupons,Smartphone,Wi-Fi,3.0,32.49000000000001,19917.28,5.0,0.0,No,Yes,Yes,Unsolved,No reason specified,-11,19,6.498000000000002,0.00025103829438557877,8ce0ca07c338b7bc,
46.0,F,Village,Premium Membership,2025-04-28,No,Gift Vouchers/Coupons,Desktop,Mobile_Data,16.0,267.67,92782.34,12.0,801.73,Yes,No,No,Not Applicable,User Friendly Website,-11,2,22.305833333333336,0.00012933495749298843,b1a82f6e158b6208,
17.0,M,City,No Membership,2025-04-28,No,Credit/Debit Card Offers,Desktop,Mobile_Data,14.0,30.97,13926.88,7.0,603.05,Yes,No,No,Not Applicable,Poor Website,-11,13,4.424285714285714,0.0005026251392989673,85426222ffc5c512,
63.0,F,City,Basic Membership,2025-04-28,No,Without Offers,Desktop,Mobile_Data,15.0,0.0,33308.8,8.0,509.75,No,Yes,No,Not Applicable,Poor Product Quality,-11,4,0.0,0.00024017677010279565,ac26d57151b4081c,
53.0,F,Village,No Membership,2025-04-28,Yes,Without Offers,Smartphone,Mobile_Data,6.0,95.06,36344.66,15.0,1054.5902652545708,Yes,No,Yes,Solved,Poor Customer Service,-11,3,6.3373333333333335,0.0004127153755187144,a94dfcfce087fe14,
62.0,F,City,Silver Membership,2025-04-28,No,Credit/Debit Card Offers,Desktop,Wi-Fi,23.0,78.94999999999999,21858.99,7.0,961.9513124547452,Yes,No,Yes,Solved,No reason specified,-11,3,11.278571428571427,0.00032023437496425954,b21fd38e3bc6abee,
59.0,F,Town,Platinum Membership,2025-04-28,Yes,Without Offers,Desktop,Wi-Fi,19.0,87.4,35829.36,13.0,792.62,Yes,No,No,Not Applicable,Products always in Stock,-11,8,6.723076923076923,0.0003628309297179743,bb058f89605e2d82,
40.0,F,City,Basic Membership,2025-04-28,No,Without Offers,Desktop,Fiber_Optic,16.0,60.76999999999998,42565.84,8.0,668.67,Yes,No,Yes,Unsolved,Poor Product Quality,-11,5,7.596249999999998,0.00018794413548516841,984eb2a0cf6ace98,
23.0,F,Town,Premium Membership,2025-04-28,No,Gift Vouchers/Coupons,Smartphone,Fiber_Optic,-999.0,1447.24,5916.619999999999,17.0,742.33,No,Yes,No,Not Applicable,Too many ads,-11,3,85.13176470588235,0.0028732620989686685,8191b3d17d136b38,
44.0,M,Town,No Membership,2025-04-28,Yes,Gift Vouchers/Coupons,Desktop,Fiber_Optic,3.0,0.0,22891.2,9.0,699.27,No,Yes,No,Not Applicable,No reason specified,-11,11,0.0,0.0003931641853638079,b3d334d79012bd76,
21.0,M,City,Gold Membership,2025-04-28,No,Without Offers,Desktop,Wi-Fi,14.0,139.15999999999997,46406.68,22.0,737.48,Yes,No,No,Not Applicable,Poor Website,-11,18,6.325454545454544,0.0004740696813475991,8e7568f198f1df08,
62.0,F,City,Basic Membership,2025-04-28,No,Gift Vouchers/Coupons,Both,Wi-Fi,7.0,356.24,13028.43,22.0,658.83,No,Yes,No,Not Applicable,Poor Customer Service,-11,10,16.19272727272727,0.0016886148215863308,84b8a9727e487840,
39.0,F,City,Silver Membership,2025-04-28,No,Gift Vouchers/Coupons,Both,Mobile_Data,13.0,407.15,24001.29,29.0,711.34,Yes,Yes,No,Not Applicable,Poor Customer Service,-11,2,14.039655172413791,0.0012082683889074295,9ca84a031a157607,
54.0,M,Town,Platinum Membership,2025-04-28,Yes,Credit/Debit Card Offers,Both,Wi-Fi,16.0,1436.1503989197367,92440.81,12.0,791.22,Yes,Yes,Yes,Solved,Quality Customer Care,-11,4,119.67919990997807,0.00012981279588528054,bfb1589812ad4d30,
54.0,M,Village,Premium Membership,2025-04-28,No,Credit/Debit Card Offers,Desktop,Mobile_Data,12.0,132.18,34106.19,13.0,772.81,No,Yes,Yes,Unsolved,Poor Website,-11,1,10.167692307692308,0.00038116248106282173,a43052d72518ce9b,
23.0,M,City,No Membership,2025-04-28,No,Credit/Debit Card Offers,Smartphone,Fiber_Optic,23.0,32.22999999999999,37790.39,13.0,624.15,Yes,No,No,Not Applicable,Poor Product Quality,-11,11,2.4792307692307682,0.00034400280071203286,813f20e8a8824061,
13.0,F,City,No Membership,2025-04-28,Yes,Credit/Debit Card Offers,Both,Mobile_Data,10.0,715.28,20515.7,16.0,527.06,Yes,Yes,Yes,No Information Available,Poor Product Quality,-11,4,44.705,0.0007798905228678524,87ad960e557033b2,
21.0,F,City,No Membership,2025-04-28,No,Without Offers,Smartphone,Mobile_Data,14.0,206.79,6723.670000000002,12.0,0.0,Yes,No,No,Not Applicable,Poor Customer Service,-11,4,17.232499999999998,0.001784739584185422,ae5ccbc94cd9423c,
55.0,M,Village,Gold Membership,2025-04-28,Yes,Gift Vouchers/Coupons,Desktop,Fiber_Optic,13.0,30.389999999999958,4276.080000000002,9.0,692.96,Yes,No,Yes,Unsolved,Too many ads,-11,0,3.376666666666662,0.002104731436268731,ab3bc0ab34b185d9,
23.0,F,City,Basic Membership,2025-04-28,Yes,Credit/Debit Card Offers,Desktop,Wi-Fi,9.0,204.13,24666.46,0.0,661.11,No,Yes,No,Not Applicable,Poor Website,-11,2,0.0,0.0,b16235e54a1fe61e,
24.0,F,Town,Premium Membership,2025-04-28,No,Gift Vouchers/Coupons,Smartphone,Fiber_Optic,14.0,160.55,43945.14,4.000000000000002,745.02,Yes,No,Yes,No Information Available,Quality Customer Care,-11,13,40.13749999999998,9.102257951618772e-05,a047a26266ebee66,
51.0,F,City,Premium Membership,2025-04-28,No,Without Offers,Desktop,Wi-Fi,1.0,31.30000000000001,18480.68,27.0,797.15,Yes,No,No,Not Applicable,Poor Product Quality,-11,13,1.1592592592592597,0.0014609852018432222,bea32f368b0cacde,
46.0,M,Town,Gold Membership,2025-04-28,No,Gift Vouchers/Coupons,Desktop,Mobile_Data,15.0,30.75,13652.24,0.0,700.74,No,Yes,No,Not Applicable,Poor Customer Service,-11,22,0.0,0.0,a5d9c9a62abbcb89,
45.0,M,Town,No Membership,2025-04-28,Yes,Without Offers,Desktop,Mobile_Data,10.0,30.930000000000035,47259.82,17.0,621.77,Yes,No,Yes,Unsolved,Too many ads,-11,20,1.8194117647058845,0.000359713600263395,871015cbde065659,
57.0,M,City,No Membership,2025-04-28,Yes,Without Offers,Smartphone,Fiber_Optic,10.0,88.42000000000002,20763.56,16.0,1009.433480543158,Yes,No,No,Not Applicable,Too many ads,-11,4,5.526250000000001,0.0007705807674599153,9597204f6ff0cd99,
45.0,F,Town,Platinum Membership,2025-04-28,Yes,Without Offers,Desktop,Fiber_Optic,6.0,181.32,15575.59,0.0,0.0,Yes,No,Yes,No Information Available,Poor Customer Service,-11,22,0.0,0.0,afa71198d9c01576,
13.0,M,Village,Gold Membership,2025-04-28,No,Without Offers,Smartphone,Wi-Fi,13.0,0.0,88877.12,0.0,805.25,Yes,No,No,Not Applicable,Reasonable Price,-11,23,0.0,0.0,8229afdfe78cbd17,
52.0,M,Town,Gold Membership,2025-04-28,No,Without Offers,Both,Wi-Fi,5.0,257.83,44478.32,21.0,733.67,No,Yes,Yes,Solved,Poor Customer Service,-11,5,12.277619047619046,0.00047214013478926364,ac64d87ba4525310,
33.0,M,Town,Gold Membership,2025-04-28,Yes,Without Offers,Smartphone,Mobile_Data,16.0,160.47,33049.69,9.0,710.18,Yes,No,No,Not Applicable,Poor Product Quality,-11,0,17.83,0.0002723172289967016,bc24d434f19e5e3c,
25.0,M,City,Gold Membership,2025-04-28,Yes,Gift Vouchers/Coupons,Smartphone,Wi-Fi,13.0,0.0,1485.8499999999985,24.0,989.5856065681952,Yes,Yes,No,Not Applicable,Poor Customer Service,-11,5,0.0,0.01615237069690751,b864f2fddf2f09bf,
57.0,F,City,Silver Membership,2025-04-28,No,Without Offers,Desktop,Mobile_Data,11.0,630.09,31122.64,11.0,1189.0682376553627,Yes,No,Yes,Solved in Follow-up,No reason specified,-11,16,57.28090909090909,0.00035344045363760914,bee0f6a4756c90f9,
14.0,M,Town,Premium Membership,2025-04-28,No,Without Offers,Both,Wi-Fi,17.0,66.04000000000002,42559.33,7.0,715.25,Yes,Yes,Yes,Solved in Follow-up,User Friendly Website,-11,7,9.434285714285718,0.00016447627347516983,b94a1f7ff1627a91,
15.0,M,Town,Silver Membership,2025-04-28,Yes,Gift Vouchers/Coupons,Desktop,Wi-Fi,19.999999999999993,34.630000000000024,20564.58,13.0,694.31,Yes,No,No,Not Applicable,Poor Customer Service,-11,6,2.6638461538461558,0.0006321548993463517,864bd8a547a08baf,
11.0,F,Town,No Membership,2025-04-28,Yes,Without Offers,Smartphone,Mobile_Data,12.0,97.25,6787.25,15.0,534.48,No,Yes,No,Not Applicable,Poor Product Quality,-11,20,6.483333333333333,0.0022100261519761317,8e533ea652d5e5ef,
45.0,M,Town,No Membership,2025-04-28,Yes,Credit/Debit Card Offers,Both,Wi-Fi,-999.0,603.15,28942.25,47.19238609349119,653.73,No,Yes,No,Not Applicable,Poor Customer Service,-11,12,12.78066336389774,0.0016305707432383864,965da9b0f3143849,
17.0,F,Town,Premium Membership,2025-04-28,No,Gift Vouchers/Coupons,Desktop,Mobile_Data,19.0,41.93000000000001,32084.79,13.0,804.25,Yes,No,No,Not Applicable,User Friendly Website,-11,0,3.2253846153846157,0.0004051764091334243,8115555ee0f6dd82,
38.0,M,Town,Platinum Membership,2025-04-28,No,Gift Vouchers/Coupons,Smartphone,Wi-Fi,8.0,1538.4745143197265,28217.15,24.0,0.0,Yes,No,No,Not Applicable,Poor Website,-11,18,64.10310476332194,0.0008505465647664629,810244ed7323f3f4,
54.0,M,Town,Silver Membership,2025-04-28,No,Gift Vouchers/Coupons,Desktop,Mobile_Data,17.0,394.39,30014.56,7.0,728.84,Yes,Yes,No,Not Applicable,Too many ads,-11,0,56.34142857142857,0.00023322014382353096,91e8fe1fb16d704e,
30.0,F,City,No Membership,2025-04-28,No,Credit/Debit Card Offers,Desktop,Mobile_Data,-999.0,51.72,35219.09,15.0,554.0,Yes,No,No,Not Applicable,Poor Product Quality,-11,15,3.448,0.00042590538256383117,84c711868c0d64f0,
20.0,M,Village,Gold Membership,2025-04-28,Yes,Credit/Debit Card Offers,Smartphone,Wi-Fi,3.0,322.71,47245.01,17.0,360.2650487056665,No,Yes,No,Not Applicable,Too many ads,-11,22,18.982941176470586,0.00035982636049817747,95ea0034513c07ae,
63.0,M,City,Platinum Membership,2025-04-28,No,Credit/Debit Card Offers,Desktop,Wi-Fi,21.999999999999993,31.879999999999995,46784.1,23.0,1023.1556029630068,Yes,No,No,Not Applicable,No reason specified,-11,17,1.3860869565217389,0.0004916200162020858,8af77d336a20fddd,
16.0,M,Town,Premium Membership,2025-04-28,No,Credit/Debit Card Offers,Smartphone,Mobile_Data,17.0,105.06,26665.16,29.0,268.90769046787625,Yes,No,Yes,Unsolved,No reason specified,-11,10,3.6227586206896554,0.001087561447221768,89d236acbc06cc59,
13.0,F,City,Basic Membership,2025-04-28,Yes,Without Offers,Desktop,Wi-Fi,21.999999999999993,44.81999999999999,38728.9,21.0,608.66,No,Yes,No,Not Applicable,Poor Customer Service,-11,11,2.134285714285714,0.000542230737253059,a88e076bb3d510b4,
35.0,F,City,No Membership,2025-04-28,Yes,Gift Vouchers/Coupons,Smartphone,Mobile_Data,13.0,49.28,22425.42,18.0,672.08,Yes,No,Yes,No Information Available,Too many ads,-11,23,2.7377777777777776,0.0008026605521769493,856b4bec838e2108,
25.0,M,Town,Gold Membership,2025-04-28,No,Gift Vouchers/Coupons,Smartphone,Mobile_Data,19.999999999999993,102.99000000000001,56662.15,0.0,768.29,Yes,No,Yes,No Information Available,Products always in Stock,-11,2,0.0,0.0,8986c735822e52f8,
43.0,F,Town,No Membership,2025-04-28,Yes,Gift Vouchers/Coupons,Desktop,Fiber_Optic,15.0,1287.1781985110715,21926.75,23.0,544.25,No,Yes,Yes,No Information Available,Poor Customer Service,-11,8,55.96426950048137,0.0010489470623781453,8bef73d07e213ae1,
55.0,F,City,Basic Membership,2025-04-28,Yes,Gift Vouchers/Coupons,Both,Wi-Fi,16.0,406.52,1775.4099999999999,51.769911897564896,1198.4697080490232,Yes,No,No,Not Applicable,Poor Customer Service,-11,5,7.852437547206286,0.029159412134416782,b18c30daff32238b,
15.0,F,Village,No Membership,2025-04-28,No,Gift Vouchers/Coupons,Smartphone,Fiber_Optic,9.0,49.73999999999998,40043.18,20.0,513.89,No,Yes,No,Not Applicable,Poor Product Quality,-11,4,2.486999999999999,0.0004994608320318217,b29804ea2d725b0d,
64.0,M,City,Silver Membership,2025-04-28,Yes,Without Offers,Smartphone,Fiber_Optic,8.0,619.4300000000001,17213.85,24.0,664.39,Yes,Yes,Yes,Solved,Poor Website,-11,10,25.809583333333336,0.001394226160911127,96faae0635fe8f21,
32.0,M,Town,Gold Membership,2025-04-28,No,Without Offers,Smartphone,Mobile_Data,17.0,37.21000000000001,17321.03,20.0,786.08,No,Yes,No,Not Applicable,Poor Customer Service,-11,7,1.8605000000000005,0.0011546657444736256,bfff5e0f28cb3b37,
11.0,F,Town,Silver Membership,2025-04-28,Yes,Gift Vouchers/Coupons,Desktop,Mobile_Data,19.0,42.389999999999986,9373.82,23.0,730.85,Yes,No,No,Not Applicable,No reason specified,-11,20,1.843043478260869,0.0024536421650938464,a0412d5764be384f,
42.0,F,Village,No Membership,2025-04-28,No,Credit/Debit Card Offers,Desktop,Fiber_Optic,21.0,31.78,17897.42,21.0,505.85,Yes,No,Yes,Solved in Follow-up,No reason specified,-11,1,1.5133333333333334,0.0011733534777638342,8d6fe7be0c187a08,
20.0,M,City,Gold Membership,2025-04-28,No,Gift Vouchers/Coupons,Desktop,Fiber_Optic,16.0,46.599999999999966,17398.79,6.0,787.38,Yes,No,Yes,Solved in Follow-up,Products always in Stock,-11,2,7.766666666666661,0.0003448515672641603,be0a22fbdea21638,
41.0,M,City,Premium Membership,2025-04-28,No,Gift Vouchers/Coupons,Smartphone,Fiber_Optic,15.0,0.0,84022.92,7.0,811.86,No,Yes,Yes,Solved,Quality Customer Care,-11,18,0.0,8.331060144065452e-05,89ea1a43e3765f7f,
59.0,M,City,Platinum Membership,2025-04-28,No,Gift Vouchers/Coupons,Desktop,Wi-Fi,13.0,233.93,34691.04,13.0,738.31,Yes,Yes,No,Not Applicable,Poor Customer Service,-11,18,17.994615384615386,0.000374736531392544,9146f8d56e4c94d2,
48.0,F,Town,Basic Membership,2025-04-28,Yes,Credit/Debit Card Offers,Both,Mobile_Data,8.0,365.28,3156.5200000000004,11.0,502.21,Yes,No,No,Not Applicable,No reason specified,-11,5,33.20727272727272,0.0034848504048762556,a369a54cc9f55ef0,
41.0,F,Village,Basic Membership,2025-04-28,No,Credit/Debit Card Offers,Desktop,Mobile_Data,19.0,80.78,24135.08,7.0,627.76,No,Yes,No,Not Applicable,Too many ads,-11,10,11.540000000000001,0.00029003425718912053,8a3eebcf94eb7918,
15.0,F,City,Basic Membership,2025-04-28,Yes,Gift Vouchers/Coupons,Desktop,Wi-Fi,-999.0,46.46000000000001,12679.6,12.0,596.21,No,Yes,Yes,Solved in Follow-up,Poor Product Quality,-11,1,3.8716666666666675,0.0009464020947033029,a46774766801bb13,
18.0,F,City,Silver Membership,2025-04-28,Yes,Without Offers,Desktop,Wi-Fi,4.0,104.66,19112.32,7.0,662.74,No,Yes,Yes,Unsolved,Poor Website,-11,8,14.95142857142857,0.00036625590195224863,848e0bdade889ca2,
51.0,F,Town,Premium Membership,2025-04-28,No,Credit/Debit Card Offers,Desktop,Fiber_Optic,7.0,168.86,8484.690000000002,1.9999999999999982,815.69,No,Yes,No,Not Applicable,Quality Customer Care,-11,19,84.43000000000008,0.00023571868860264755,b024ecb7aadaa68a,
57.0,M,City,Gold Membership,2025-04-28,Yes,Credit/Debit Card Offers,Desktop,Mobile_Data,16.0,65.59999999999997,40151.96,19.0,673.26,No,Yes,No,Not Applicable,No reason specified,-11,2,3.4526315789473667,0.0004732023044454119,aa3a25d4ef7ffb74,
12.0,M,Village,Premium Membership,2025-04-28,No,Without Offers,Smartphone,Fiber_Optic,16.0,84.75,31058.19,11.0,777.43,Yes,No,No,Not Applicable,No reason specified,-11,19,7.704545454545454,0.0003541738910091026,a52bdc8ab02a8c79,
27.0,M,Town,Silver Membership,2025-04-28,No,Gift Vouchers/Coupons,Desktop,Fiber_Optic,10.0,31.840000000000003,24724.65,10.0,1055.9103707699644,Yes,No,No,Not Applicable,Poor Website,-11,8,3.184,0.000404454663665613,bc4d6d4aff270a95,
13.0,F,City,Gold Membership,2025-04-28,No,Credit/Debit Card Offers,Desktop,Fiber_Optic,3.0,70.13,41282.72,5.0,705.13,No,Yes,No,Not Applicable,Poor Product Quality,-11,1,14.026,0.00012111605049279698,a3d6db1db48f9d96,
37.0,M,Town,Silver Membership,2025-04-28,No,Without Offers,Smartphone,Fiber_Optic,7.0,34.27000000000001,22352.45,0.0,611.56,No,Yes,No,Not Applicable,Poor Customer Service,-11,3,0.0,0.0,9ea7c9ad71a693a8,
42.0,F,Town,No Membership,2025-04-28,Yes,Without Offers,Desktop,Mobile_Data,19.999999999999993,238.95,39794.02,12.0,538.21,No,Yes,No,Not Applicable,No reason specified,-11,20,19.912499999999998,0.00030155284638244646,874f3705e89c4695,
50.0,M,Town,Silver Membership,2025-04-28,Yes,Credit/Debit Card Offers,Both,Fiber_Optic,16.0,1085.58,35948.75,52.923673890008175,684.83,Yes,No,No,Not Applicable,Too many ads,-11,16,20.512181415375135,0.0014721978897738635,973609399aeab84d,
32.0,M,Village,Basic Membership,2025-04-28,Yes,Credit/Debit Card Offers,Desktop,Wi-Fi,16.0,1096.01,8510.070000000003,17.0,684.45,Yes,Yes,Yes,Solved,Poor Product Quality,-11,8,64.47117647058823,0.001997633391969748,b0de948f64a993d6,
34.0,M,City,Gold Membership,2025-04-28,Yes,Without Offers,Desktop,Wi-Fi,9.0,31.77000000000001,4737.100000000002,10.0,0.0,No,Yes,Yes,Solved,Poor Website,-11,16,3.177000000000001,0.0021109961790969148,9f04c9c287905267,
23.0,F,Town,Premium Membership,2025-04-28,No,Credit/Debit Card Offers,Smartphone,Fiber_Optic,16.0,1036.5606023103746,50871.73,19.0,829.248304174314,No,Yes,Yes,Unsolved,Reasonable Price,-11,20,54.555821174230246,0.00037348837949879036,8e945c7e2fc29afb,
64.0,F,Town,Gold Membership,2025-04-28,Yes,Without Offers,Desktop,Wi-Fi,14.0,30.889999999999986,9238.61,8.0,736.73,No,Yes,No,Not Applicable,No reason specified,-11,5,3.8612499999999983,0.0008659311303323767,898ea9e58514b5a0,
10.0,M,Town,Basic Membership,2025-04-28,Yes,Without Offers,Desktop,Mobile_Data,23.0,221.18,14886.71,23.0,694.28,No,Yes,No,Not Applicable,No reason specified,-11,17,9.616521739130436,0.0015450022201010164,a9f79f4d7165a5e7,
37.0,M,City,Basic Membership,2025-04-28,No,Credit/Debit Card Offers,Smartphone,Fiber_Optic,7.0,467.46,5763.189999999999,17.0,1031.4714502692043,Yes,No,No,Not Applicable,Poor Customer Service,-11,16,27.497647058823528,0.0029497552570711713,a11c28e6b0a0c3f7,
23.0,M,Town,Gold Membership,2025-04-28,Yes,Credit/Debit Card Offers,Both,Wi-Fi,16.0,265.22,26616.27,10.0,659.7,No,Yes,No,Not Applicable,Poor Customer Service,-11,0,26.522000000000002,0.00037571004502133466,961cf1290084c03f,
45.0,F,Village,No Membership,2025-04-29,Yes,Credit/Debit Card Offers,Desktop,Fiber_Optic,16.999999999999993,34.5,43105.52,29.0,627.13,No,Yes,No,Not Applicable,Poor Product Quality,-11,3,1.1896551724137931,0.000672767664094993,b901d121b14aa1bb,
44.0,F,Town,Platinum Membership,2025-04-29,Yes,Gift Vouchers/Coupons,Smartphone,Mobile_Data,8.0,365.1,45572.07,0.0,715.87,Yes,Yes,Yes,Unsolved,Too many ads,-11,1,0.0,0.0,92a9061da8b18213,
14.0,F,Town,No Membership,2025-04-29,Yes,Gift Vouchers/Coupons,Smartphone,Wi-Fi,23.000000000000007,70.48000000000002,22069.72,29.0,1.1368683772161603e-13,No,Yes,Yes,Unsolved,Too many ads,-11,17,2.4303448275862074,0.0013140175770240854,bca58bc931cf07ef,
22.0,F,Town,Gold Membership,2025-04-29,No,Credit/Debit Card Offers,Smartphone,Wi-Fi,12.0,49.59,34334.0,28.0,429.3937429744892,No,Yes,No,Not Applicable,No reason specified,-11,0,1.7710714285714286,0.0008155181452787325,bb6864dc6e85ae50,
47.0,M,City,Platinum Membership,2025-04-29,No,Gift Vouchers/Coupons,Smartphone,Wi-Fi,14.0,454.66,40727.62,9.0,1.1368683772161603e-13,Yes,No,Yes,No Information Available,Poor Website,-11,14,50.51777777777778,0.0002209802586058306,9a7881c5a1a47bc6,
45.0,M,Town,Platinum Membership,2025-04-29,Yes,Credit/Debit Card Offers,Both,Mobile_Data,9.0,802.26,13882.489999999998,17.0,789.76,No,Yes,No,Not Applicable,Poor Product Quality,-11,19,47.19176470588235,0.0012245641812095671,b9a7ad4ce533ff0b,
38.0,M,City,Premium Membership,2025-04-29,No,Credit/Debit Card Offers,Smartphone,Mobile_Data,12.0,74.53000000000003,46842.21,8.0,742.44,No,Yes,No,Not Applicable,Products always in Stock,-11,15,9.316250000000004,0.00017078613498381053,923f71a350881c78,
44.0,F,City,Silver Membership,2025-04-29,Yes,Gift Vouchers/Coupons,Smartphone,Fiber_Optic,18.0,159.9,30997.98,23.0,715.81,No,Yes,Yes,Solved,Poor Website,-11,14,6.952173913043478,0.0007419838324948916,baf6debbba072f93,
42.0,F,City,No Membership,2025-04-29,No,Without Offers,Desktop,Mobile_Data,12.0,133.52,7427.169999999998,25.0,649.06,No,Yes,No,Not Applicable,No reason specified,-11,18,5.340800000000001,0.003366019627933655,af1865ac4cdecefe,
10.0,M,City,Basic Membership,2025-04-29,No,Gift Vouchers/Coupons,Smartphone,Mobile_Data,11.0,31.27000000000001,14164.529999999999,19.0,505.94,No,Yes,Yes,Unsolved,Poor Product Quality,-11,5,1.6457894736842111,0.0013413787820704254,a838e8253a27c188,
46.0,F,City,Gold Membership,2025-04-29,No,Credit/Debit Card Offers,Both,Mobile_Data,5.0,453.36,87236.15,12.0,526.0577253698918,Yes,Yes,Yes,Solved,Products always in Stock,-11,10,37.78,0.00013755765241817757,876ece5ec7b15be6,
54.0,M,City,Premium Membership,2025-04-29,Yes,Credit/Debit Card Offers,Smartphone,Wi-Fi,4.0,1077.2628927354458,7760.82,26.0,587.9310802193078,Yes,No,No,Not Applicable,Poor Product Quality,-11,8,41.43318818213253,0.0033501614520115145,b10c32a29abe7bac,
58.0,M,City,Gold Membership,2025-04-29,Yes,Without Offers,Smartphone,Wi-Fi,11.0,113.07,44300.16,12.0,718.34,Yes,No,Yes,Unsolved,Poor Customer Service,-11,7,9.4225,0.0002708793828284141,b292b30293d74c3b,
46.0,M,City,Premium Membership,2025-04-29,Yes,Credit/Debit Card Offers,Desktop,Fiber_Optic,21.0,93.32999999999998,26085.73,28.0,1.1368683772161603e-13,No,Yes,No,Not Applicable,Poor Product Quality,-11,2,3.333214285714285,0.0010733838002616757,b544f797e26d4a84,
19.0,M,Village,Silver Membership,2025-04-29,No,Credit/Debit Card Offers,Desktop,Wi-Fi,13.0,259.33,59008.76,3.0,799.67,Yes,Yes,No,Not Applicable,Quality Customer Care,-11,19,86.44333333333333,5.083990919314353e-05,bfa9bfbfc426bef8,
25.0,F,Town,Platinum Membership,2025-04-29,No,Credit/Debit Card Offers,Desktop,Mobile_Data,16.0,30.619999999999976,6344.689999999999,14.0,750.07,Yes,No,No,Not Applicable,Poor Product Quality,-11,7,2.1871428571428555,0.0022065695881122644,98f7266b7320db6f,
47.0,F,Town,No Membership,2025-04-29,No,Without Offers,Smartphone,Fiber_Optic,16.999999999999993,170.56,20364.6,26.0,673.76,No,Yes,Yes,Unsolved,Too many ads,-11,7,6.5600000000000005,0.0012767252978207282,92cfd54c7b31965a,
26.0,F,City,Premium Membership,2025-04-29,Yes,Credit/Debit Card Offers,Desktop,Mobile_Data,2.0,202.22,46211.5,16.0,715.01,Yes,No,Yes,Unsolved,Products always in Stock,-11,18,12.63875,0.0003462341624920204,b7bd25f84d458b33,
62.0,F,Town,Silver Membership,2025-04-29,Yes,Gift Vouchers/Coupons,Smartphone,Fiber_Optic,12.0,42.5,21990.47,7.0,1.1368683772161603e-13,Yes,No,No,Not Applicable,No reason specified,-11,23,6.071428571428571,0.0003183197084919058,ba61030e0108b96b,
34.0,F,City,Basic Membership,2025-04-29,Yes,Without Offers,Desktop,Fiber_Optic,10.0,604.43,4403.700000000001,5.0,641.5,Yes,Yes,Yes,Solved,No reason specified,-11,14,120.886,0.001135408860730749,978642dafa8ffda0,
14.0,M,Town,Gold Membership,2025-04-29,Yes,Credit/Debit Card Offers,Smartphone,Wi-Fi,11.0,427.38,2857.6800000000003,21.0,708.82,No,Yes,No,Not Applicable,Too many ads,-11,13,20.35142857142857,0.00734861845972957,98d8f2ba84873745,
52.0,M,City,Gold Membership,2025-04-29,No,Credit/Debit Card Offers,Desktop,Mobile_Data,4.0,465.1,62019.95,0.0,712.65,No,Yes,Yes,Unsolved,Products always in Stock,-11,11,0.0,0.0,9d1b27a108586cfe,
49.0,F,Town,Premium Membership,2025-04-29,No,Without Offers,Desktop,Fiber_Optic,24.000000000000007,45.09,40055.22,29.0,1.1368683772161603e-13,No,Yes,No,Not Applicable,Poor Product Quality,-11,4,1.5548275862068968,0.0007240005172858868,995fe8bb87cff0a2,
26.0,M,City,Gold Membership,2025-04-29,No,Without Offers,Desktop,Fiber_Optic,22.0,31.76000000000002,48906.02,25.0,1.1368683772161603e-13,No,Yes,No,Not Applicable,Poor Customer Service,-11,16,1.2704000000000009,0.0005111845126632672,a6ae0b53f99ecb2c,
27.0,M,Town,Basic Membership,2025-04-29,Yes,Gift Vouchers/Coupons,Desktop,Wi-Fi,18.0,266.64,48850.51,10.0,672.83,Yes,Yes,No,Not Applicable,No reason specified,-11,22,26.663999999999998,0.0002047061535283869,b694fb1181a0cee8,
61.0,M,City,Platinum Membership,2025-04-29,No,Credit/Debit Card Offers,Desktop,Fiber_Optic,14.0,370.78,39060.19,10.0,836.6,No,Yes,No,Not Applicable,Quality Customer Care,-11,7,37.077999999999996,0.00025601513971130194,9b36d56a8fd0528f,
35.0,F,Village,Premium Membership,2025-04-29,Yes,Credit/Debit Card Offers,Desktop,Wi-Fi,19.0,454.3,33304.36,16.0,774.67,No,Yes,Yes,Unsolved,Poor Website,-11,20,28.39375,0.0004804175789596317,9176ce32ee812307,
52.0,F,Village,Premium Membership,2025-04-29,Yes,Without Offers,Desktop,Fiber_Optic,8.0,382.26,45454.22,14.0,712.02,Yes,No,No,Not Applicable,Poor Website,-11,14,27.304285714285715,0.0003080022052957899,be493432911a9e86,
57.0,M,City,Gold Membership,2025-04-29,Yes,Credit/Debit Card Offers,Smartphone,Fiber_Optic,-999.0,293.2,47833.28,19.0,650.7,Yes,No,No,Not Applicable,Poor Website,-11,19,15.43157894736842,0.0003972129864395668,b0085188377cf797,
39.0,M,City,No Membership,2025-04-29,No,Gift Vouchers/Coupons,Desktop,Fiber_Optic,14.0,157.91,49466.33,24.0,650.28,Yes,No,No,Not Applicable,Poor Product Quality,-11,16,6.579583333333333,0.0004851785042472324,af4936b8ce7e08b3,
52.0,F,City,Gold Membership,2025-04-29,No,Gift Vouchers/Coupons,Desktop,Wi-Fi,13.0,202.61,18481.66,17.0,736.89,No,Yes,Yes,Solved,Poor Product Quality,-11,10,11.918235294117649,0.0009198307944199818,9e56c93ffc9e0d25,
34.0,F,Town,Basic Membership,2025-04-29,Yes,Gift Vouchers/Coupons,Desktop,Fiber_Optic,4.0,145.03,24330.83,28.0,592.0,No,Yes,Yes,Unsolved,Poor Customer Service,-11,1,5.179642857142857,0.0011508033223691916,a5792acac4ace028,
42.0,F,Town,Premium Membership,2025-04-29,Yes,Gift Vouchers/Coupons,Desktop,Fiber_Optic,19.0,184.29,22476.51,3.0,741.74,No,Yes,No,Not Applicable,Products always in Stock,-11,7,61.43,0.000133472678810011,ad3ece0541c053d2,
31.0,F,Town,No Membership,2025-04-29,Yes,Gift Vouchers/Coupons,Smartphone,Fiber_Optic,11.0,1010.7445894491052,13515.86,27.0,613.21,Yes,No,Yes,Unsolved,No reason specified,-11,22,37.43498479441131,0.0019976531275109387,80d71fa5745dc00d,
44.0,M,City,Silver Membership,2025-04-29,No,Credit/Debit Card Offers,Smartphone,Mobile_Data,6.0,288.4,15800.24,12.0,966.5564156021338,No,Yes,Yes,Unsolved,Too many ads,-11,0,24.03333333333333,0.0007594821344485906,bfc4131cacbe1199,
17.0,M,Village,Premium Membership,2025-04-29,Yes,Without Offers,Desktop,Mobile_Data,15.0,537.79,59702.69,14.0,830.63,No,Yes,Yes,Unsolved,Quality Customer Care,-11,17,38.41357142857142,0.00023449529661058823,98e98e91d5dd1361,
48.0,F,Town,Basic Membership,2025-04-29,Yes,Credit/Debit Card Offers,Desktop,Wi-Fi,13.0,1032.08,47676.09,54.753746494326485,648.71,No,Yes,Yes,Solved,Poor Customer Service,-11,9,18.84948640193859,0.0011484529560693104,884c08580d03114d,
22.0,M,Village,No Membership,2025-04-29,Yes,Gift Vouchers/Coupons,Desktop,Fiber_Optic,4.0,182.38,17286.85,16.0,930.6317960657057,Yes,No,Yes,Unsolved,No reason specified,-11,6,11.39875,0.000925559023188146,a77d70e6a454d176,
46.0,M,City,Gold Membership,2025-04-29,No,Without Offers,Smartphone,Mobile_Data,4.0,324.56,38460.0,28.0,701.22,No,Yes,Yes,Solved in Follow-up,Poor Product Quality,-11,10,11.59142857142857,0.0007280291211648466,8aafeab579b7597c,
64.0,F,Village,Premium Membership,2025-04-29,Yes,Without Offers,Desktop,Mobile_Data,14.0,227.41,35920.64,14.0,701.22,No,Yes,Yes,No Information Available,Poor Customer Service,-11,2,16.24357142857143,0.00038974806684958846,b2ae46f674356522,
33.0,F,Town,No Membership,2025-04-29,Yes,Gift Vouchers/Coupons,Smartphone,Wi-Fi,8.0,118.73000000000002,34322.26,5.0,697.42,Yes,No,No,Not Applicable,Poor Product Quality,-11,4,23.746000000000002,0.00014567805266902588,8b0da7471d55770c,
39.0,F,City,Silver Membership,2025-04-29,Yes,Without Offers,Both,Mobile_Data,8.0,1468.83,15434.98,27.0,772.54,Yes,No,Yes,Unsolved,Too many ads,-11,22,54.401111111111106,0.0017492734036584435,af36cb1bb87e490a,
38.0,F,Town,Platinum Membership,2025-04-29,No,Credit/Debit Card Offers,Desktop,Fiber_Optic,22.0,0.0,99353.37,2.0,1.1368683772161603e-13,Yes,No,Yes,No Information Available,Products always in Stock,-11,0,0.0,2.013016770342063e-05,addac5079c23cad2,
53.0,F,Town,Gold Membership,2025-04-29,Yes,Gift Vouchers/Coupons,Smartphone,Wi-Fi,16.999999999999993,565.18,18250.75,13.0,737.0,Yes,No,Yes,No Information Available,No reason specified,-11,22,43.47538461538461,0.0007122994945413202,a425e4d8179cdbef,
48.0,F,Town,Gold Membership,2025-04-29,No,Without Offers,Desktop,Fiber_Optic,-999.0,212.22,14518.099999999999,18.0,717.46,Yes,No,No,Not Applicable,Poor Customer Service,-11,0,11.79,0.0012398316584126023,875375544fab4eaf,
34.0,F,Town,Silver Membership,2025-04-29,No,Gift Vouchers/Coupons,Both,Mobile_Data,7.0,484.27,20292.18,0.0,1.1368683772161603e-13,No,Yes,Yes,Solved,Poor Product Quality,-11,22,0.0,0.0,86a86e8933de0d48,
24.0,F,Town,Premium Membership,2025-04-29,No,Gift Vouchers/Coupons,Both,Wi-Fi,1.0,491.28,33921.06,26.0,745.17,No,Yes,No,Not Applicable,No reason specified,-11,7,18.895384615384614,0.0007664854812909739,98c836da7bac14bb,
12.0,F,Town,Platinum Membership,2025-04-29,Yes,Credit/Debit Card Offers,Smartphone,Wi-Fi,15.0,55.099999999999994,42306.42,17.0,1112.7428057732775,No,Yes,No,Not Applicable,No reason specified,-11,18,3.241176470588235,0.0004018302659501797,9f83ab8a3a0272e7,
17.0,F,Village,No Membership,2025-04-29,No,Gift Vouchers/Coupons,Smartphone,Fiber_Optic,22.0,155.22,32237.44,15.0,1.1368683772161603e-13,No,Yes,Yes,Unsolved,Poor Website,-11,9,10.348,0.00046529749260487187,98dabb556a1e625f,
20.0,M,Town,Gold Membership,2025-04-29,No,Gift Vouchers/Coupons,Smartphone,Mobile_Data,14.0,311.01,8189.029999999999,18.0,714.02,No,Yes,No,Not Applicable,Poor Product Quality,-11,15,17.278333333333332,0.0021980625299943954,bd5a28d1b8460e87,
28.0,F,Town,Platinum Membership,2025-04-29,Yes,Gift Vouchers/Coupons,Smartphone,Wi-Fi,21.0,47.879999999999995,13938.29,5.0,744.75,No,Yes,No,Not Applicable,Poor Website,-11,21,9.575999999999999,0.0003587240615599187,8b22657026b569e7,
15.0,F,Town,Gold Membership,2025-04-29,No,Without Offers,Desktop,Wi-Fi,20.0,179.01,42151.27,26.0,715.81,No,Yes,No,Not Applicable,Too many ads,-11,9,6.885,0.0006168260173418263,989de9f72eb13191,
50.0,M,City,Premium Membership,2025-04-29,No,Credit/Debit Card Offers,Desktop,Fiber_Optic,6.0,314.23,66844.81,10.0,436.267844784056,No,Yes,No,Not Applicable,Quality Customer Care,-11,5,31.423000000000002,0.00014960024570344354,adf0535aff105639,
22.0,M,City,Gold Membership,2025-04-29,No,Gift Vouchers/Coupons,Both,Wi-Fi,1.0,263.25,28279.36,19.0,745.83,Yes,No,Yes,No Information Available,Products always in Stock,-11,0,13.855263157894736,0.000671868104511559,8d21a417dcf77368,
32.0,F,Town,Silver Membership,2025-04-29,No,Credit/Debit Card Offers,Smartphone,Mobile_Data,6.0,105.0,6938.540000000001,22.0,624.68,Yes,No,No,Not Applicable,Poor Customer Service,-11,11,4.7727272727272725,0.0031706958524415794,81305070c0e25f14,
59.0,F,City,Silver Membership,2025-04-29,Yes,Without Offers,Smartphone,Wi-Fi,3.0,34.19,10206.220000000001,28.0,699.39,Yes,No,Yes,Solved in Follow-up,Too many ads,-11,6,1.2210714285714286,0.002743425087838592,b24456ca9940f3f5,
19.0,F,City,No Membership,2025-04-29,No,Without Offers,Desktop,Mobile_Data,-999.0,49.22,41161.98,0.0,578.03,No,Yes,Yes,No Information Available,No reason specified,-11,22,0.0,0.0,b1fa3e331d218f2d,
23.0,F,City,Basic Membership,2025-04-29,No,Without Offers,Smartphone,Fiber_Optic,21.0,53.31999999999999,872.810000000005,15.0,616.74,Yes,No,Yes,Unsolved,Too many ads,-11,13,3.5546666666666664,0.017185870922652027,806cd192f43cc99d,
46.0,F,Town,No Membership,2025-04-29,No,Gift Vouchers/Coupons,Desktop,Fiber_Optic,12.0,42.47,43489.33,27.0,613.52,No,Yes,Yes,Unsolved,Poor Customer Service,-11,11,1.572962962962963,0.0006208419398505335,b44e411e52881301,
52.0,F,Town,No Membership,2025-04-29,No,Gift Vouchers/Coupons,Desktop,Mobile_Data,20.0,103.82,26644.72,0.0,607.05,No,Yes,No,Not Applicable,Poor Customer Service,-11,12,0.0,0.0,9214dbca7f892a64,
46.0,M,Village,Premium Membership,2025-04-29,No,Credit/Debit Card Offers,Desktop,Wi-Fi,14.0,483.9200000000001,66413.63,15.0,733.64,Yes,Yes,No,Not Applicable,Quality Customer Care,-11,3,32.26133333333334,0.00022585725249470626,b9cf76bc356a0f0f,
44.0,F,City,No Membership,2025-04-29,No,Gift Vouchers/Coupons,Smartphone,Fiber_Optic,8.0,32.31999999999999,19978.9,0.0,630.87,No,Yes,No,Not Applicable,No reason specified,-11,4,0.0,0.0,a0abbd7b7596f416,
59.0,F,City,No Membership,2025-04-29,No,Gift Vouchers/Coupons,Desktop,Wi-Fi,9.0,33.93000000000001,36543.99,0.0,257.9178250572102,Yes,No,No,Not Applicable,Too many ads,-11,7,0.0,0.0,8df9b29da766275a,
39.0,M,Town,Platinum Membership,2025-04-29,No,Without Offers,Smartphone,Mobile_Data,12.0,198.82,20543.2,8.0,786.26,Yes,No,Yes,No Information Available,No reason specified,-11,8,24.8525,0.0003894232641458001,a7d89587b76bcc7a,
32.0,M,Village,Premium Membership,2025-04-29,Yes,Without Offers,Both,Wi-Fi,5.0,698.69,13482.330000000002,8.0,1.1368683772161603e-13,Yes,Yes,No,Not Applicable,Poor Website,-11,9,87.33625,0.0005933692470070083,910bfa78ef8cc429,
33.0,M,Village,Silver Membership,2025-04-29,Yes,Credit/Debit Card Offers,Desktop,Mobile_Data,14.0,43.97,19740.37,0.0,711.75,Yes,No,No,Not Applicable,Poor Customer Service,-11,10,0.0,0.0,9b207a188bde8a90,
38.0,M,Town,Gold Membership,2025-04-29,No,Gift Vouchers/Coupons,Smartphone,Mobile_Data,16.0,33.21000000000001,14832.78,12.0,1.1368683772161603e-13,No,Yes,No,Not Applicable,Poor Product Quality,-11,2,2.7675000000000005,0.0008090189431785545,a8acda0d22e91c2c,
47.0,F,Village,Basic Membership,2025-04-29,No,Credit/Debit Card Offers,Smartphone,Mobile_Data,22.0,72.55000000000001,37657.66,40.47299251188281,687.39,Yes,No,Yes,No Information Available,Too many ads,-11,13,1.7925533917142262,0.0010747612175552811,8d95188c544f173c,
12.0,F,Town,Basic Membership,2025-04-29,Yes,Gift Vouchers/Coupons,Both,Wi-Fi,10.0,1425.21,41769.52,21.0,683.83,Yes,Yes,Yes,Unsolved,Too many ads,-11,2,67.86714285714285,0.0005027589495881208,9cbc487e5be5273a,
49.0,M,Town,Platinum Membership,2025-04-29,No,Credit/Debit Card Offers,Desktop,Mobile_Data,25.000000000000007,385.73,11193.220000000001,7.0,786.11,No,Yes,Yes,No Information Available,Reasonable Price,-11,11,55.104285714285716,0.0006253785773888121,8fcda6f1700791d1,
52.0,F,Town,No Membership,2025-04-29,No,Credit/Debit Card Offers,Desktop,Mobile_Data,9.0,50.629999999999995,28562.69,16.0,542.23,No,Yes,Yes,Unsolved,Poor Customer Service,-11,7,3.1643749999999997,0.0005601713284007914,9a847876987aceb3,
13.0,M,Village,Silver Membership,2025-04-29,No,Without Offers,Both,Wi-Fi,7.0,150.23000000000002,46890.08,15.0,1.1368683772161603e-13,Yes,No,No,Not Applicable,Too many ads,-11,8,10.015333333333334,0.00031989708697447306,82dc6a09a8b8e936,
31.0,F,City,Premium Membership,2025-04-29,No,Without Offers,Desktop,Mobile_Data,19.0,31.399999999999977,8872.0,10.0,783.08,No,Yes,Yes,Unsolved,Products always in Stock,-11,11,3.139999999999998,0.001127141568981064,8e264d9d69f7cad1,
51.0,M,City,Gold Membership,2025-04-29,No,Credit/Debit Card Offers,Desktop,Fiber_Optic,5.0,0.0,29760.38,13.0,1.1368683772161603e-13,Yes,No,Yes,Unsolved,User Friendly Website,-11,13,0.0,0.00043682237928413547,a9a8524072d9a5ab,
31.0,F,Village,Gold Membership,2025-04-29,No,Credit/Debit Card Offers,Desktop,Wi-Fi,16.999999999999993,169.94,43478.02,10.0,1116.4993780768305,No,Yes,Yes,Solved,Too many ads,-11,16,16.994,0.00023000127420705913,a617d73d477a463d,
35.0,M,City,Silver Membership,2025-04-29,Yes,Without Offers,Smartphone,Wi-Fi,23.000000000000007,168.5,12663.79,14.0,395.5000667977079,Yes,No,No,Not Applicable,Poor Website,-11,4,12.035714285714286,0.001105514225993956,91c17ec00a8961f8,
17.0,M,Village,Premium Membership,2025-04-29,Yes,Credit/Debit Card Offers,Desktop,Fiber_Optic,23.000000000000007,32.12000000000003,40638.89,12.0,709.08,No,Yes,No,Not Applicable,Poor Website,-11,0,2.6766666666666694,0.0002952836556313423,9fec0b264a436edd,
59.0,F,Town,Silver Membership,2025-04-29,No,Credit/Debit Card Offers,Desktop,Wi-Fi,3.0,124.94999999999999,37405.68,9.0,708.13,No,Yes,No,Not Applicable,Poor Customer Service,-11,10,13.883333333333333,0.00024060517012389562,adedf1be93d1b59b,
50.0,M,City,Basic Membership,2025-04-29,No,Credit/Debit Card Offers,Smartphone,Mobile_Data,18.0,974.2354035505344,31568.84,16.0,1040.7703308877722,No,Yes,No,Not Applicable,Poor Product Quality,-11,9,60.8897127219084,0.0005068288856986827,abf143c4591d0f8d,
60.0,F,City,Premium Membership,2025-04-29,No,Without Offers,Desktop,Wi-Fi,10.0,0.0,14891.73,23.0,758.86,Yes,No,No,Not Applicable,Too many ads,-11,19,0.0,0.0015444814000791043,b640f6e39b77f21b,
45.0,M,City,Platinum Membership,2025-04-29,No,Gift Vouchers/Coupons,Desktop,Fiber_Optic,18.0,921.307200951438,86742.41,4.0,753.34,No,Yes,Yes,Solved in Follow-up,Products always in Stock,-11,0,230.3268002378595,4.6113544689385505e-05,a7d8f5743e140b0a,
38.0,F,Village,Basic Membership,2025-04-29,No,Without Offers,Desktop,Fiber_Optic,11.0,214.8,44993.65,17.0,1057.6690311243262,Yes,No,Yes,No Information Available,No reason specified,-11,18,12.63529411764706,0.0003778310939432564,8dc0069e2ed3b51a,
35.0,M,City,Silver Membership,2025-04-29,No,Gift Vouchers/Coupons,Desktop,Wi-Fi,12.0,34.75999999999999,31964.2,6.0,700.55,No,Yes,Yes,Solved in Follow-up,No reason specified,-11,12,5.793333333333332,0.00018771000056313,904807ca1e04520e,
22.0,M,City,Gold Membership,2025-04-29,Yes,Credit/Debit Card Offers,Smartphone,Wi-Fi,16.0,224.54,35406.07,13.0,764.78,Yes,Yes,No,Not Applicable,Poor Website,-11,20,17.27230769230769,0.00036716868039858705,93982f356cd32011,
51.0,M,Town,Silver Membership,2025-04-29,No,Without Offers,Smartphone,Fiber_Optic,-999.0,425.67,12837.470000000001,20.0,1087.9760266579424,Yes,Yes,No,Not Applicable,No reason specified,-11,10,21.2835,0.0015579393759050653,a01f9247926d0986,
23.0,M,Village,Gold Membership,2025-04-29,No,Gift Vouchers/Coupons,Desktop,Fiber_Optic,18.0,365.02,7886.790000000001,9.0,651.58,No,Yes,Yes,Solved,Poor Product Quality,-11,20,40.55777777777777,0.0011411486802615511,aee51bbb1ea68f12,
11.0,M,City,Gold Membership,2025-04-29,Yes,Gift Vouchers/Coupons,Both,Fiber_Optic,13.0,225.94,40243.85,8.0,894.5129880555091,Yes,No,No,Not Applicable,Poor Customer Service,-11,12,28.2425,0.00019878813781484624,879e9ef5af0342cc,
18.0,M,Village,Silver Membership,2025-04-29,Yes,Gift Vouchers/Coupons,Desktop,Mobile_Data,23.000000000000007,91.15,5691.299999999999,25.0,677.49,No,Yes,Yes,Solved in Follow-up,Poor Customer Service,-11,8,3.6460000000000004,0.004392669513116512,b3b9f90d6997a9d7,
51.0,F,City,No Membership,2025-04-29,No,Gift Vouchers/Coupons,Desktop,Wi-Fi,6.0,70.13,30491.62,7.0,567.06,Yes,No,No,Not Applicable,Poor Customer Service,-11,21,10.018571428571429,0.0002295712723692608,86e385456f3ecc0b,
21.0,M,Village,Silver Membership,2025-04-29,No,Without Offers,Both,Mobile_Data,11.0,475.03,30372.24,28.0,710.46,Yes,No,Yes,No Information Available,Poor Customer Service,-11,4,16.96535714285714,0.0009218944667894103,9adac825b21912f8,
31.0,M,City,No Membership,2025-04-29,No,Credit/Debit Card Offers,Smartphone,Fiber_Optic,9.0,183.76,22369.85,0.0,657.89,Yes,No,No,Not Applicable,Poor Website,-11,12,0.0,0.0,b5a4c865cf1370ad,
58.0,M,City,Platinum Membership,2025-04-29,No,Without Offers,Desktop,Wi-Fi,13.0,324.56,36772.85,16.0,1.1368683772161603e-13,No,Yes,Yes,No Information Available,Poor Customer Service,-11,6,20.285,0.0004351036158470176,8e8f23a2e54c7852,
63.0,M,City,Basic Membership,2025-04-29,Yes,Gift Vouchers/Coupons,Smartphone,Mobile_Data,24.000000000000007,31.25999999999999,14096.629999999997,8.0,563.58,No,Yes,Yes,Solved in Follow-up,Poor Product Quality,-11,6,3.907499999999999,0.0005675115258043945,a59e44f361a022ba,
12.0,F,Town,Platinum Membership,2025-04-29,No,Without Offers,Smartphone,Fiber_Optic,16.999999999999993,187.25,43111.44,26.0,1.1368683772161603e-13,Yes,No,Yes,Unsolved,Too many ads,-11,15,7.201923076923077,0.0006030881826262356,bc9aafa783cc63b0,
36.0,F,City,No Membership,2025-04-29,No,Without Offers,Desktop,Mobile_Data,-999.0,77.03,39328.91,17.0,625.32,Yes,No,No,Not Applicable,Poor Customer Service,-11,7,4.531176470588235,0.0004322519998647305,9dccbcf107252649,
29.0,F,City,Gold Membership,2025-04-29,No,Without Offers,Desktop,Mobile_Data,13.0,30.039999999999992,2442.279999999999,10.0,749.99,Yes,No,Yes,Solved in Follow-up,Poor Website,-11,3,3.003999999999999,0.004094534615195639,aa52d1ef87824aeb,
13.0,F,Town,Platinum Membership,2025-04-29,Yes,Gift Vouchers/Coupons,Desktop,Wi-Fi,12.0,0.0,13535.96,27.0,215.61311423550296,No,Yes,Yes,Solved in Follow-up,No reason specified,-11,14,0.0,0.001994686745528208,ab26a90d169b0cfa,
52.0,M,Town,Basic Membership,2025-04-30,No,Gift Vouchers/Coupons,Desktop,Wi-Fi,22.999999999999996,74.74000000000001,24564.22,7.0,434.32430908419127,No,Yes,Yes,Solved in Follow-up,No reason specified,-11,11,10.677142857142858,0.00028496732239004533,9c63a21a79341cd4,
17.0,F,Town,No Membership,2025-04-30,No,Without Offers,Both,Mobile_Data,20.999999999999996,413.47,20167.5,5.0,505.5,Yes,No,Yes,No Information Available,Poor Customer Service,-11,2,82.694,0.00024792363951902817,8f3e043fd083a60f,
34.0,M,City,Platinum Membership,2025-04-30,Yes,Without Offers,Desktop,Mobile_Data,12.999999999999996,110.85,38879.77,19.0,708.96,Yes,No,Yes,Unsolved,Too many ads,-11,6,5.834210526315789,0.000488686018461529,bba5f1a2c83231d8,
60.0,M,Town,Basic Membership,2025-04-30,Yes,Without Offers,Smartphone,Fiber_Optic,18.999999999999996,31.170000000000016,6361.510000000002,10.0,557.68,Yes,No,No,Not Applicable,Too many ads,-11,0,3.1170000000000018,0.0015719538285721467,abec1c7c853056f7,
32.0,F,Town,Premium Membership,2025-04-30,Yes,Gift Vouchers/Coupons,Desktop,Wi-Fi,7.9999999999999964,95.38,29681.02,20.0,727.52,Yes,No,No,Not Applicable,No reason specified,-11,8,4.769,0.0006738312901645563,9d9d8c506d3b60a4,
58.0,M,Town,No Membership,2025-04-30,No,Credit/Debit Card Offers,Desktop,Mobile_Data,4.9999999999999964,0.0,17434.51,17.0,627.26,Yes,No,Yes,No Information Available,Too many ads,-11,0,0.0,0.0009750775903653157,baaa992ac35c3fa7,
39.0,M,Town,Silver Membership,2025-04-30,No,Credit/Debit Card Offers,Desktop,Fiber_Optic,19.999999999999996,141.68,5761.66,12.0,772.64,No,Yes,Yes,No Information Available,Poor Product Quality,-11,17,11.806666666666667,0.0020827331012243,bed59fac52eea36d,
61.0,M,City,No Membership,2025-04-30,Yes,Gift Vouchers/Coupons,Smartphone,Mobile_Data,10.999999999999996,141.19,12085.59,17.0,708.32,No,Yes,No,Not Applicable,Poor Product Quality,-11,10,8.305294117647058,0.001406633850726361,be580a31d4f4f504,
19.0,F,City,Silver Membership,2025-04-30,Yes,Credit/Debit Card Offers,Smartphone,Fiber_Optic,-999.0000000000001,235.88,49724.93,40.045593604537466,777.77,Yes,Yes,Yes,Unsolved,Poor Customer Service,-11,21,5.890286015719668,0.0008053423826747964,b4eed8f8a28d0b9f,
27.0,M,City,Premium Membership,2025-04-30,Yes,Gift Vouchers/Coupons,Desktop,Mobile_Data,19.999999999999996,78.63,31774.0,11.0,706.42,Yes,No,Yes,Solved,Poor Website,-11,9,7.1481818181818175,0.0003461950022030591,9d9eef3119894425,
22.0,F,City,Platinum Membership,2025-04-30,No,Without Offers,Smartphone,Wi-Fi,13.999999999999996,216.48,15653.36,14.0,729.61,No,Yes,Yes,Solved,Too many ads,-11,0,15.462857142857143,0.0008943766705678524,8958e6f893dd2cff,
15.0,M,City,Platinum Membership,2025-04-30,No,Without Offers,Smartphone,Mobile_Data,6.9999999999999964,68.08000000000001,37932.28,7.0,1073.608423284148,No,Yes,Yes,Solved,Poor Customer Service,-11,23,9.725714285714288,0.00018453939494277697,a4861d3fe84265d3,
19.0,F,Village,No Membership,2025-04-30,Yes,Gift Vouchers/Coupons,Desktop,Wi-Fi,8.999999999999996,216.58,36830.82,13.0,708.59,No,Yes,No,Not Applicable,Poor Product Quality,-11,2,16.66,0.0003529652611589967,bec722cf1a9c4016,
36.0,M,Town,Basic Membership,2025-04-30,Yes,Credit/Debit Card Offers,Smartphone,Wi-Fi,9.999999999999996,195.06,40800.04,6.0,713.54,Yes,No,Yes,Solved,Too many ads,-11,2,32.51,0.0001470586793542359,b1c8f025a8a805aa,
44.0,F,City,Platinum Membership,2025-04-30,No,Credit/Debit Card Offers,Smartphone,Fiber_Optic,7.9999999999999964,67.60000000000002,12155.6,18.0,782.46,Yes,No,Yes,Solved in Follow-up,Products always in Stock,-11,17,3.755555555555557,0.0014807989733127119,ad1f1dd8a9030258,
18.0,M,Town,Premium Membership,2025-04-30,No,Gift Vouchers/Coupons,Desktop,Mobile_Data,13.999999999999996,130.26,35285.73,12.0,809.19,No,Yes,No,Not Applicable,User Friendly Website,-11,10,10.854999999999999,0.00034008082020692217,b5ec6d95134a0025,
26.0,F,Town,Silver Membership,2025-04-30,Yes,Gift Vouchers/Coupons,Desktop,Wi-Fi,10.999999999999996,0.0,37981.67,28.0,0.0,No,Yes,No,Not Applicable,No reason specified,-11,7,0.0,0.0007371977061566803,90119f14b94b802c,
36.0,F,Town,Gold Membership,2025-04-30,Yes,Credit/Debit Card Offers,Desktop,Mobile_Data,16.999999999999996,31.389999999999986,34145.8,7.0,512.8188245291836,Yes,No,Yes,Solved in Follow-up,Poor Customer Service,-11,6,4.484285714285712,0.00020500325076583354,8997631eade03e61,
42.0,M,Town,Basic Membership,2025-04-30,No,Gift Vouchers/Coupons,Desktop,Fiber_Optic,23.999999999999996,31.930000000000035,45804.0,28.0,500.55,No,Yes,Yes,Solved,Poor Product Quality,-11,21,1.1403571428571442,0.0006113003231158851,95b15b8d6e82a96f,
61.0,F,Town,Basic Membership,2025-04-30,Yes,Without Offers,Desktop,Fiber_Optic,-999.0000000000001,607.01,6065.189999999999,17.0,1085.5681144702962,No,Yes,Yes,Solved in Follow-up,Poor Website,-11,19,35.70647058823529,0.0028028800416804757,bedf43fd82061f0c,
16.0,F,Town,Platinum Membership,2025-04-30,Yes,Gift Vouchers/Coupons,Smartphone,Fiber_Optic,5.9999999999999964,221.35,44206.89,20.0,769.97,Yes,No,No,Not Applicable,Poor Product Quality,-11,10,11.067499999999999,0.0004524181637749229,9f4f9ee1ef2a065a,
20.0,M,City,Gold Membership,2025-04-30,No,Without Offers,Smartphone,Mobile_Data,1.0,48.47,30211.58,13.0,718.66,No,Yes,Yes,Unsolved,Poor Customer Service,-11,17,3.7284615384615383,0.00043029858087528024,9dc2789e2aed6266,
21.0,M,City,Gold Membership,2025-04-30,Yes,Credit/Debit Card Offers,Desktop,Mobile_Data,3.9999999999999964,2101.622393395206,15043.92,21.0,715.59,Yes,No,No,Not Applicable,Too many ads,-11,13,100.07725682834314,0.001395912767417003,b714c7efca619d49,
16.0,M,Town,Gold Membership,2025-04-30,Yes,Credit/Debit Card Offers,Smartphone,Fiber_Optic,12.999999999999996,1043.6808602479111,29152.79,27.0,318.04578501735284,No,Yes,Yes,Solved in Follow-up,Poor Customer Service,-11,2,38.65484667584856,0.000926154923765444,b0345604ca9e93d3,
61.0,F,Town,Silver Membership,2025-04-30,No,Without Offers,Desktop,Fiber_Optic,9.999999999999996,1641.2753161880894,49574.43,10.0,601.71,No,Yes,Yes,Solved,Too many ads,-11,5,164.12753161880894,0.00020171689316448015,8ed6c80d0af725cd,
14.0,M,City,Basic Membership,2025-04-30,Yes,Without Offers,Smartphone,Fiber_Optic,11.999999999999996,55.079999999999984,27729.64,14.0,676.6,No,Yes,Yes,No Information Available,Too many ads,-11,15,3.9342857142857133,0.0005048749280553228,9c78fa016c072643,
31.0,F,City,No Membership,2025-04-30,Yes,Without Offers,Desktop,Fiber_Optic,10.999999999999996,33.21000000000001,37978.13,26.0,618.06,Yes,No,No,Not Applicable,Poor Product Quality,-11,22,1.2773076923076927,0.0006846045342411541,84e70f1f449c24c1,
12.0,M,Town,Premium Membership,2025-04-30,No,Without Offers,Desktop,Fiber_Optic,5.9999999999999964,30.53000000000003,6220.950000000001,16.0,753.25,Yes,No,No,Not Applicable,Reasonable Price,-11,3,1.9081250000000018,0.002571954444256906,a38803edcf6d95ec,
52.0,M,Town,Silver Membership,2025-04-30,No,Credit/Debit Card Offers,Smartphone,Fiber_Optic,21.99999999999999,178.3,27434.04,0.0,621.42,Yes,No,Yes,Solved in Follow-up,Too many ads,-11,1,0.0,0.0,bd8c29329a04ecf7,
39.0,M,Village,Gold Membership,2025-04-30,No,Without Offers,Desktop,Mobile_Data,11.999999999999996,311.07,73493.61,5.0,766.98,Yes,Yes,No,Not Applicable,User Friendly Website,-11,2,62.214,6.803312560098762e-05,a77714b51b15316b,
10.0,M,Town,Gold Membership,2025-04-30,Yes,Without Offers,Smartphone,Fiber_Optic,16.999999999999996,831.74,26761.75,0.0,1164.8547301805886,Yes,No,No,Not Applicable,Poor Customer Service,-11,8,0.0,0.0,918b4fdf8831b2f4,
12.0,F,Village,No Membership,2025-04-30,Yes,Gift Vouchers/Coupons,Desktop,Mobile_Data,15.999999999999996,194.34,36333.77,17.0,1092.800905817527,Yes,No,No,Not Applicable,Too many ads,-11,6,11.431764705882353,0.0004678842850604273,a752e144d2913bf4,
15.0,M,Town,Gold Membership,2025-04-30,Yes,Credit/Debit Card Offers,Desktop,Wi-Fi,11.999999999999996,134.86,10628.419999999998,14.0,736.71,Yes,No,Yes,Solved in Follow-up,Poor Customer Service,-11,2,9.632857142857144,0.0013172230679630653,a99aa25fa5ff300b,
35.0,M,City,Platinum Membership,2025-04-30,No,Without Offers,Smartphone,Wi-Fi,19.999999999999996,98.36000000000001,42658.79,0.0,770.67,No,Yes,No,Not Applicable,Poor Product Quality,-11,9,0.0,0.0,86b874b6b7eefa01,
24.0,M,Town,No Membership,2025-04-30,No,Credit/Debit Card Offers,Smartphone,Fiber_Optic,8.999999999999996,123.84,4486.950000000001,28.0,631.57,No,Yes,Yes,Solved,Poor Product Quality,-11,13,4.422857142857143,0.006240319147750698,82bef62e03a41488,
38.0,M,City,Premium Membership,2025-04-30,Yes,Without Offers,Desktop,Fiber_Optic,5.9999999999999964,660.4099999999999,23437.91,29.0,766.2,Yes,Yes,Yes,Solved,Poor Product Quality,-11,15,22.77275862068965,0.001237311688627527,b9d642a393898c20,
10.0,F,City,No Membership,2025-04-30,Yes,Without Offers,Desktop,Fiber_Optic,15.999999999999996,102.65,42606.44,16.0,633.1,Yes,No,Yes,Solved,Poor Product Quality,-11,4,6.415625,0.0003755300841844566,89e215483d83c4e6,
46.0,F,Town,No Membership,2025-04-30,No,Credit/Debit Card Offers,Smartphone,Wi-Fi,16.999999999999996,33.94999999999999,29385.18,18.0,0.0,No,Yes,No,Not Applicable,Too many ads,-11,9,1.8861111111111104,0.0006125536750157733,9b8a56e6b61ba25d,
58.0,M,City,Silver Membership,2025-04-30,No,Without Offers,Smartphone,Mobile_Data,16.999999999999996,141.53,29343.11,23.0,709.77,Yes,No,No,Not Applicable,Poor Website,-11,15,6.153478260869565,0.0007838296622273507,9980993a82cf6b38,
50.0,M,City,Silver Membership,2025-04-30,Yes,Without Offers,Smartphone,Wi-Fi,17.999999999999996,33.870000000000005,47268.13,29.0,633.17,Yes,No,No,Not Applicable,Too many ads,-11,14,1.1679310344827587,0.000613521203398569,b7b62ee95b314cfb,
54.0,F,City,Premium Membership,2025-04-30,No,Credit/Debit Card Offers,Smartphone,Wi-Fi,10.999999999999996,34.099999999999994,23699.77,10.0,0.0,No,Yes,No,Not Applicable,Poor Website,-11,7,3.4099999999999993,0.00042194502309516083,b30982d6a682a5cf,
63.0,F,Town,Basic Membership,2025-04-30,Yes,Gift Vouchers/Coupons,Smartphone,Wi-Fi,14.999999999999996,786.33,41992.01,21.0,201.5099224153318,Yes,No,Yes,No Information Available,No reason specified,-11,6,37.44428571428572,0.0005000951371463286,8167abaf2aa186e9,
27.0,F,Town,No Membership,2025-04-30,Yes,Gift Vouchers/Coupons,Smartphone,Mobile_Data,18.999999999999996,178.79,33330.83,19.0,540.88,No,Yes,No,Not Applicable,Poor Customer Service,-11,0,9.41,0.0005700428102150472,b12fd4325b495fcd,
40.0,M,City,Gold Membership,2025-04-30,Yes,Gift Vouchers/Coupons,Smartphone,Wi-Fi,9.999999999999996,247.45,80308.95,1.0,708.99,Yes,Yes,No,Not Applicable,Reasonable Price,-11,6,247.45,1.2451912271297283e-05,979ca13052cc1bbf,
40.0,F,Village,Platinum Membership,2025-04-30,Yes,Gift Vouchers/Coupons,Desktop,Mobile_Data,13.999999999999996,51.56000000000003,30596.16,12.0,753.6,No,Yes,Yes,Solved in Follow-up,Quality Customer Care,-11,21,4.2966666666666695,0.00039220608076307616,918c33c196cde19c,
57.0,F,City,Gold Membership,2025-04-30,No,Without Offers,Smartphone,Mobile_Data,2.0,270.35,36061.62,18.0,606.56,Yes,No,Yes,Solved,Poor Customer Service,-11,15,15.019444444444446,0.0004991456290649172,aa3d21331576ea72,
52.0,F,City,Gold Membership,2025-04-30,No,Gift Vouchers/Coupons,Smartphone,Mobile_Data,12.999999999999996,149.56,11215.96,0.0,945.750064032512,No,Yes,Yes,No Information Available,Poor Website,-11,13,0.0,0.0,b6c02ccc66ee121a,
52.0,F,City,Premium Membership,2025-04-30,No,Credit/Debit Card Offers,Smartphone,Wi-Fi,18.999999999999996,150.73,40063.81,29.0,750.2,No,Yes,No,Not Applicable,Poor Customer Service,-11,15,5.197586206896552,0.0007238452858078151,a616208def54f9f9,
47.0,F,City,Silver Membership,2025-04-30,No,Without Offers,Desktop,Mobile_Data,12.999999999999996,32.639999999999986,12323.63,13.0,707.52,Yes,No,No,Not Applicable,Poor Website,-11,5,2.5107692307692298,0.0010548839911616952,bc25cc1655a63edf,
59.0,M,Town,Basic Membership,2025-04-30,Yes,Gift Vouchers/Coupons,Desktop,Mobile_Data,17.999999999999996,32.91,22215.56,18.0,0.0,Yes,No,No,Not Applicable,Poor Website,-11,7,1.8283333333333331,0.0008102429108246652,8aff41e0c18f2672,
15.0,F,Town,Platinum Membership,2025-04-30,No,Gift Vouchers/Coupons,Smartphone,Wi-Fi,5.9999999999999964,1153.9823568161455,49052.21000000001,5.0,337.95280455903537,Yes,No,No,Not Applicable,Poor Customer Service,-11,5,230.7964713632291,0.00010193220652035861,8d9a9cc6e18ccb21,
15.0,M,Town,Basic Membership,2025-04-30,Yes,Without Offers,Both,Wi-Fi,8.999999999999996,259.89,7129.060000000001,10.0,640.4,No,Yes,Yes,No Information Available,Too many ads,-11,8,25.988999999999997,0.0014027094736192426,a7d1e9f74f3bcf0a,
64.0,F,Town,Platinum Membership,2025-04-30,Yes,Credit/Debit Card Offers,Desktop,Fiber_Optic,16.999999999999996,31.110000000000014,27541.31,9.0,700.23,No,Yes,Yes,Unsolved,Poor Customer Service,-11,20,3.4566666666666683,0.0003267818415318661,929708866ad274bb,
28.0,F,City,Basic Membership,2025-04-30,No,Credit/Debit Card Offers,Smartphone,Wi-Fi,19.999999999999996,99.12,36466.55,26.0,0.0,No,Yes,Yes,Solved in Follow-up,Poor Product Quality,-11,12,3.8123076923076926,0.0007129821713323579,803eccc2d642e8d6,
17.0,F,City,Basic Membership,2025-04-30,Yes,Credit/Debit Card Offers,Smartphone,Fiber_Optic,14.999999999999996,563.93,8422.669999999998,20.0,682.73,Yes,No,No,Not Applicable,Poor Customer Service,-11,4,28.196499999999997,0.0023745439391546865,8d2312543505bc49,
22.0,F,City,Platinum Membership,2025-04-30,Yes,Credit/Debit Card Offers,Smartphone,Fiber_Optic,3.9999999999999964,119.32,30341.03,29.0,780.61,Yes,No,Yes,Solved,Poor Website,-11,18,4.11448275862069,0.0009558014345590772,8ee11b140033d799,
39.0,F,City,Basic Membership,2025-04-30,No,Without Offers,Desktop,Mobile_Data,19.999999999999996,42.09,29227.14,18.0,691.94,No,Yes,Yes,Solved,Poor Customer Service,-11,23,2.3383333333333334,0.0006158659383025503,8a0631515af48a09,
50.0,M,Village,Basic Membership,2025-04-30,No,Credit/Debit Card Offers,Desktop,Mobile_Data,2.0,401.49,6572.630000000001,23.0,0.0,Yes,No,Yes,Unsolved,No reason specified,-11,6,17.45608695652174,0.00349936022566309,be9a0959ada80534,
55.0,M,Village,Gold Membership,2025-04-30,No,Without Offers,Desktop,Wi-Fi,12.999999999999996,47.46000000000001,49294.87,27.0,663.83,Yes,No,Yes,Unsolved,Poor Customer Service,-11,13,1.757777777777778,0.0005477243372383374,a6d71d394fb8b151,
40.0,F,Town,No Membership,2025-04-30,Yes,Credit/Debit Card Offers,Desktop,Mobile_Data,11.999999999999996,90.97,3973.760000000002,7.0,0.0,Yes,No,Yes,Solved in Follow-up,No reason specified,-11,9,12.995714285714286,0.001761555806087936,9f5bb1935a71e12d,
25.0,F,City,No Membership,2025-04-30,No,Without Offers,Desktop,Fiber_Optic,19.999999999999996,176.21,3884.1399999999994,0.0,217.9551780086369,No,Yes,Yes,Solved,Too many ads,-11,23,0.0,0.0,a8ad3a8d80d83994,
51.0,M,Village,Platinum Membership,2025-04-30,Yes,Gift Vouchers/Coupons,Smartphone,Wi-Fi,7.9999999999999964,141.03,3369.91,19.0,794.96,Yes,No,Yes,No Information Available,Reasonable Price,-11,19,7.422631578947368,0.005638132769124398,b8ec240a4c669c47,
24.0,M,City,Basic Membership,2025-04-30,Yes,Without Offers,Desktop,Mobile_Data,9.999999999999996,73.88,6525.450000000001,18.0,1145.1429717378,No,Yes,No,Not Applicable,Poor Product Quality,-11,10,4.104444444444444,0.002758430453072202,b33a29daa825ea3a,
31.0,F,Village,No Membership,2025-04-30,No,Credit/Debit Card Offers,Smartphone,Mobile_Data,3.9999999999999964,34.160000000000025,23646.56,28.0,641.95,No,Yes,No,Not Applicable,Poor Product Quality,-11,17,1.2200000000000009,0.0011841045801165159,b259e2439a6ea36c,
61.0,F,City,No Membership,2025-04-30,Yes,Credit/Debit Card Offers,Smartphone,Mobile_Data,15.999999999999996,0.0,2886.2700000000004,18.0,73.77232965713392,No,Yes,Yes,Solved in Follow-up,No reason specified,-11,17,0.0,0.006236422787888866,9a0b58f921f2aa3d,
49.0,M,City,Gold Membership,2025-04-30,No,Credit/Debit Card Offers,Smartphone,Fiber_Optic,11.999999999999996,34.0,42551.18,7.0,0.0,Yes,No,Yes,No Information Available,No reason specified,-11,14,4.857142857142857,0.0001645077762825849,98795d64dbd2d7e3,
14.0,F,City,Gold Membership,2025-04-30,No,Without Offers,Desktop,Fiber_Optic,15.999999999999996,223.96,48721.72,28.0,645.61,Yes,Yes,Yes,Solved,Poor Website,-11,1,7.998571428571429,0.0005746923548676032,94ba16205d2414d9,
43.0,M,City,No Membership,2025-04-30,Yes,Without Offers,Desktop,Wi-Fi,3.9999999999999964,352.04,23206.53,15.0,948.4926391560488,Yes,No,No,Not Applicable,Poor Customer Service,-11,2,23.469333333333335,0.0006463697933297223,be93dd18206a3e4c,
26.0,F,Town,Basic Membership,2025-04-30,Yes,Without Offers,Smartphone,Mobile_Data,14.999999999999996,81.69,33181.09,0.0,506.75,Yes,No,No,Not Applicable,Poor Product Quality,-11,15,0.0,0.0,a0847726edc9284f,
25.0,M,City,Gold Membership,2025-04-30,No,Gift Vouchers/Coupons,Desktop,Fiber_Optic,23.999999999999996,370.95,33470.9,6.0,687.14,Yes,No,No,Not Applicable,No reason specified,-11,23,61.824999999999996,0.00017926019318273485,9881cd6972472b35,
42.0,F,Town,Platinum Membership,2025-04-30,No,Without Offers,Both,Fiber_Optic,10.999999999999996,356.92,25555.86,21.0,768.79,Yes,No,No,Not Applicable,Too many ads,-11,0,16.996190476190478,0.0008217293411374142,b92ac02968781205,
44.0,F,Town,Silver Membership,2025-04-30,Yes,Gift Vouchers/Coupons,Desktop,Wi-Fi,21.99999999999999,150.18,16189.460000000001,6.0,0.0,Yes,No,Yes,Solved in Follow-up,Poor Customer Service,-11,12,25.03,0.0003706114966156993,9a1953a7e11f187c,
34.0,M,Town,Premium Membership,2025-04-30,No,Credit/Debit Card Offers,Smartphone,Wi-Fi,-999.0000000000001,210.19,11035.190000000002,27.0,0.0,Yes,No,No,Not Applicable,Poor Customer Service,-11,10,7.784814814814815,0.0024467181806566082,866a362e69f838be,
50.0,M,Town,Premium Membership,2025-04-30,No,Gift Vouchers/Coupons,Smartphone,Wi-Fi,12.999999999999996,1231.8628378748806,42226.3,4.0,343.2327987491631,Yes,No,Yes,Solved,Reasonable Price,-11,10,307.96570946872015,9.472769340434752e-05,8a5799cd8ec44e08,
58.0,F,Village,No Membership,2025-04-30,No,Gift Vouchers/Coupons,Smartphone,Mobile_Data,22.999999999999996,33.62999999999997,17577.98,5.0,0.0,Yes,No,Yes,Solved,Poor Customer Service,-11,3,6.725999999999994,0.00028444679081441666,bc5063a5d1dd37cf,
16.0,F,City,Gold Membership,2025-04-30,No,Gift Vouchers/Coupons,Desktop,Wi-Fi,7.9999999999999964,133.36,21896.63,13.0,644.25,Yes,No,No,Not Applicable,No reason specified,-11,22,10.258461538461539,0.0005936986650457171,8a1bed5c1bca7e91,
21.0,F,City,Platinum Membership,2025-04-30,No,Without Offers,Desktop,Fiber_Optic,6.9999999999999964,1118.3815714092614,94394.7,18.0,357.07622192449134,No,Yes,No,Not Applicable,Quality Customer Care,-11,13,62.13230952273674,0.00019068867213943157,904715eac3698b6e,
43.0,F,City,No Membership,2025-04-30,Yes,Credit/Debit Card Offers,Smartphone,Fiber_Optic,15.999999999999996,102.42000000000002,32841.53,24.0,639.62,Yes,No,Yes,Unsolved,Too many ads,-11,19,4.267500000000001,0.0007307820311660267,97b56aa47edbf1b9,
27.0,F,City,Silver Membership,2025-04-30,No,Gift Vouchers/Coupons,Desktop,Mobile_Data,10.999999999999996,30.02000000000001,6148.709999999999,16.0,710.72,Yes,No,No,Not Applicable,Poor Website,-11,20,1.8762500000000006,0.0026021718376700157,80ef4e822cdc21f5,
64.0,M,City,No Membership,2025-04-30,No,Credit/Debit Card Offers,Both,Wi-Fi,16.999999999999996,366.2,2509.4500000000007,5.0,308.29644977050594,No,Yes,No,Not Applicable,No reason specified,-11,7,73.24,0.0019924684691864747,928a504b1ad19889,
13.0,M,Town,Basic Membership,2025-04-30,No,Credit/Debit Card Offers,Smartphone,Wi-Fi,21.99999999999999,115.75999999999999,2775.6200000000026,24.0,537.24,No,Yes,Yes,Unsolved,Too many ads,-11,23,4.823333333333333,0.008646716769586607,a44596226b50cc27,
58.0,M,Village,Silver Membership,2025-04-30,No,Gift Vouchers/Coupons,Desktop,Fiber_Optic,3.0,40.58000000000001,38159.09,6.0,645.2,Yes,No,No,Not Applicable,Too many ads,-11,21,6.763333333333335,0.00015723645401397152,81c5a28a73837e55,
25.0,M,Town,Premium Membership,2025-04-30,No,Credit/Debit Card Offers,Desktop,Fiber_Optic,12.999999999999996,468.56,88417.92,17.0,378.2030490548783,Yes,Yes,No,Not Applicable,User Friendly Website,-11,21,27.56235294117647,0.00019226871656786317,ad7f69a5449277e7,
63.0,F,City,Gold Membership,2025-04-30,No,Gift Vouchers/Coupons,Smartphone,Mobile_Data,13.999999999999996,93.13999999999999,11218.61,26.0,762.01,Yes,No,No,Not Applicable,Poor Product Quality,-11,21,3.5823076923076917,0.0023175776678215926,82639ebf26d5a539,
63.0,F,Town,No Membership,2025-04-30,No,Credit/Debit Card Offers,Desktop,Wi-Fi,-999.0000000000001,112.79000000000002,31730.92,5.0,678.26,No,Yes,No,Not Applicable,No reason specified,-11,23,22.558000000000003,0.0001575750088557155,acb6bb08c2ddbe59,
15.0,M,Village,Basic Membership,2025-04-30,No,Without Offers,Desktop,Fiber_Optic,20.999999999999996,36.559999999999974,45383.31,17.0,668.65,Yes,No,No,Not Applicable,Too many ads,-11,11,2.150588235294116,0.0003745870453256935,ab92ab9ea666c696,
15.0,F,Town,No Membership,2025-04-30,Yes,Without Offers,Desktop,Fiber_Optic,2.0,164.08,7874.779999999999,15.0,0.0,No,Yes,No,Not Applicable,Too many ads,-11,0,10.938666666666668,0.0019048151186445846,8742ddc754b4d7f6,
26.0,M,City,Basic Membership,2025-04-30,Yes,Gift Vouchers/Coupons,Smartphone,Mobile_Data,20.999999999999996,34.41,9116.830000000002,22.0,701.86,No,Yes,No,Not Applicable,Poor Product Quality,-11,7,1.564090909090909,0.0024131194724482078,a54b2e77bfc13556,
27.0,M,Town,Gold Membership,2025-04-30,No,Without Offers,Smartphone,Mobile_Data,4.9999999999999964,105.31,10192.82,5.0,771.01,Yes,No,Yes,Unsolved,Poor Website,-11,9,21.062,0.000490541381089826,b55425a6bf4eb6e8,
15.0,F,Town,Basic Membership,2025-04-30,Yes,Gift Vouchers/Coupons,Desktop,Fiber_Optic,7.9999999999999964,408.35,33386.35,26.0,628.93,Yes,No,Yes,Unsolved,Poor Website,-11,21,15.705769230769231,0.0007787613800250701,8f6b15affc8d42c7,
23.0,M,Town,No Membership,2025-04-30,No,Gift Vouchers/Coupons,Smartphone,Wi-Fi,21.99999999999999,153.8,2062.760000000002,0.0,663.05,Yes,No,Yes,Unsolved,Poor Website,-11,5,0.0,0.0,8ae52719150bb84c,
20.0,F,Town,Platinum Membership,2025-04-30,No,Without Offers,Smartphone,Mobile_Data,20.999999999999996,0.0,47923.26,28.0,952.1618044792508,Yes,No,Yes,Solved,Poor Product Quality,-11,6,0.0,0.0005842674308884663,ac2ede0cf9e3b87e,
36.0,M,Town,No Membership,2025-04-30,Yes,Credit/Debit Card Offers,Smartphone,Fiber_Optic,23.999999999999996,160.56,45307.55,12.0,644.57,No,Yes,Yes,Unsolved,Poor Customer Service,-11,21,13.38,0.0002648565194984059,b9baf7febd2d2ee0,
49.0,M,Town,Basic Membership,2025-04-30,No,Gift Vouchers/Coupons,Smartphone,Mobile_Data,4.9999999999999964,195.79,26702.98,27.0,657.91,No,Yes,No,Not Applicable,Poor Website,-11,1,7.251481481481481,0.001011123103114334,aed4b0dc0f7d22e0,
46.0,M,Village,Gold Membership,2025-04-30,No,Credit/Debit Card Offers,Smartphone,Fiber_Optic,14.999999999999996,135.87,18820.01,10.0,220.00842343062976,No,Yes,Yes,Solved,Poor Website,-11,5,13.587,0.0005313493457229832,a463d7ff9384020b,
58.0,F,Town,No Membership,2025-04-30,No,Without Offers,Both,Wi-Fi,9.999999999999996,452.12,15825.83,7.0,647.31,No,Yes,Yes,Solved in Follow-up,Poor Product Quality,-11,17,64.58857142857143,0.0004423148738486386,b242b93e311f0e57,
14.0,F,Village,Gold Membership,2025-04-30,No,Credit/Debit Card Offers,Smartphone,Fiber_Optic,18.999999999999996,185.65,31230.92,15.0,0.0,No,Yes,No,Not Applicable,Too many ads,-11,0,12.376666666666667,0.00048029324784540454,b88aec0807f89261,
