[2025-04-23T10:25:26.561+0700] {manager.py:483} INFO - Processing files using up to 1 processes at a time 
[2025-04-23T10:25:26.561+0700] {manager.py:484} INFO - Process each file at most once every 30 seconds
[2025-04-23T10:25:26.561+0700] {manager.py:485} INFO - Checking for new files in /home/minhle/mlops/dags every 300 seconds
[2025-04-23T10:25:26.561+0700] {manager.py:821} INFO - Searching for files in /home/minhle/mlops/dags
[2025-04-23T10:25:26.563+0700] {manager.py:824} INFO - There are 1 files in /home/minhle/mlops/dags
[2025-04-23T10:25:27.892+0700] {manager.py:997} INFO - 
================================================================================
DAG File Processing Stats

File Path                                 PID    Runtime      # DAGs    # Errors  Last Runtime    Last Run               Last # of DB Queries
----------------------------------------  -----  ---------  --------  ----------  --------------  -------------------  ----------------------
/home/minhle/mlops/dags/data_pipeline.py                           1           0  1.31s           2025-04-23T03:25:27                      43
================================================================================
[2025-04-23T10:25:58.730+0700] {manager.py:997} INFO - 
================================================================================
DAG File Processing Stats

File Path                                 PID    Runtime      # DAGs    # Errors  Last Runtime    Last Run               Last # of DB Queries
----------------------------------------  -----  ---------  --------  ----------  --------------  -------------------  ----------------------
/home/minhle/mlops/dags/data_pipeline.py                           1           0  0.81s           2025-04-23T03:25:58                      10
================================================================================
[2025-04-23T10:26:29.910+0700] {manager.py:997} INFO - 
================================================================================
DAG File Processing Stats

File Path                                 PID    Runtime      # DAGs    # Errors  Last Runtime    Last Run               Last # of DB Queries
----------------------------------------  -----  ---------  --------  ----------  --------------  -------------------  ----------------------
/home/minhle/mlops/dags/data_pipeline.py                           1           0  0.81s           2025-04-23T03:26:29                      10
================================================================================
[2025-04-23T10:27:01.025+0700] {manager.py:997} INFO - 
================================================================================
DAG File Processing Stats

File Path                                 PID    Runtime      # DAGs    # Errors  Last Runtime    Last Run               Last # of DB Queries
----------------------------------------  -----  ---------  --------  ----------  --------------  -------------------  ----------------------
/home/minhle/mlops/dags/data_pipeline.py                           1           0  0.81s           2025-04-23T03:27:01                      10
================================================================================
[2025-04-23T10:27:32.106+0700] {manager.py:997} INFO - 
================================================================================
DAG File Processing Stats

File Path                                 PID    Runtime      # DAGs    # Errors  Last Runtime    Last Run               Last # of DB Queries
----------------------------------------  -----  ---------  --------  ----------  --------------  -------------------  ----------------------
/home/minhle/mlops/dags/data_pipeline.py                           1           0  0.81s           2025-04-23T03:27:32                      10
================================================================================
[2025-04-23T10:28:03.186+0700] {manager.py:997} INFO - 
================================================================================
DAG File Processing Stats

File Path                                 PID    Runtime      # DAGs    # Errors  Last Runtime    Last Run               Last # of DB Queries
----------------------------------------  -----  ---------  --------  ----------  --------------  -------------------  ----------------------
/home/minhle/mlops/dags/data_pipeline.py                           1           0  0.81s           2025-04-23T03:28:03                      10
================================================================================
[2025-04-23T10:28:35.002+0700] {manager.py:997} INFO - 
================================================================================
DAG File Processing Stats

File Path                                 PID    Runtime      # DAGs    # Errors  Last Runtime    Last Run               Last # of DB Queries
----------------------------------------  -----  ---------  --------  ----------  --------------  -------------------  ----------------------
/home/minhle/mlops/dags/data_pipeline.py                           1           0  0.91s           2025-04-23T03:28:35                      10
================================================================================
[2025-04-23T10:29:06.707+0700] {manager.py:997} INFO - 
================================================================================
DAG File Processing Stats

File Path                                 PID    Runtime      # DAGs    # Errors  Last Runtime    Last Run               Last # of DB Queries
----------------------------------------  -----  ---------  --------  ----------  --------------  -------------------  ----------------------
/home/minhle/mlops/dags/data_pipeline.py                           1           0  0.71s           2025-04-23T03:29:06                      10
================================================================================
[2025-04-23T10:29:38.599+0700] {manager.py:997} INFO - 
================================================================================
DAG File Processing Stats

File Path                                 PID    Runtime      # DAGs    # Errors  Last Runtime    Last Run               Last # of DB Queries
----------------------------------------  -----  ---------  --------  ----------  --------------  -------------------  ----------------------
/home/minhle/mlops/dags/data_pipeline.py                           1           0  1.71s           2025-04-23T03:29:38                      10
================================================================================
[2025-04-23T10:30:09.637+0700] {manager.py:997} INFO - 
================================================================================
DAG File Processing Stats

File Path                                 PID    Runtime      # DAGs    # Errors  Last Runtime    Last Run               Last # of DB Queries
----------------------------------------  -----  ---------  --------  ----------  --------------  -------------------  ----------------------
/home/minhle/mlops/dags/data_pipeline.py                           1           0  1.01s           2025-04-23T03:30:09                      10
================================================================================
[2025-04-23T10:30:27.539+0700] {manager.py:821} INFO - Searching for files in /home/minhle/mlops/dags
[2025-04-23T10:30:27.545+0700] {manager.py:824} INFO - There are 1 files in /home/minhle/mlops/dags
[2025-04-23T10:30:40.544+0700] {manager.py:997} INFO - 
================================================================================
DAG File Processing Stats

File Path                                 PID    Runtime      # DAGs    # Errors  Last Runtime    Last Run               Last # of DB Queries
----------------------------------------  -----  ---------  --------  ----------  --------------  -------------------  ----------------------
/home/minhle/mlops/dags/data_pipeline.py                           1           0  0.72s           2025-04-23T03:30:40                      10
================================================================================
[2025-04-23T10:31:11.655+0700] {manager.py:997} INFO - 
================================================================================
DAG File Processing Stats

File Path                                 PID    Runtime      # DAGs    # Errors  Last Runtime    Last Run               Last # of DB Queries
----------------------------------------  -----  ---------  --------  ----------  --------------  -------------------  ----------------------
/home/minhle/mlops/dags/data_pipeline.py                           1           0  1.01s           2025-04-23T03:31:11                      10
================================================================================
[2025-04-23T10:31:42.501+0700] {manager.py:997} INFO - 
================================================================================
DAG File Processing Stats

File Path                                 PID    Runtime      # DAGs    # Errors  Last Runtime    Last Run               Last # of DB Queries
----------------------------------------  -----  ---------  --------  ----------  --------------  -------------------  ----------------------
/home/minhle/mlops/dags/data_pipeline.py                           1           0  0.72s           2025-04-23T03:31:42                      10
================================================================================
[2025-04-23T10:32:13.404+0700] {manager.py:997} INFO - 
================================================================================
DAG File Processing Stats

File Path                                 PID    Runtime      # DAGs    # Errors  Last Runtime    Last Run               Last # of DB Queries
----------------------------------------  -----  ---------  --------  ----------  --------------  -------------------  ----------------------
/home/minhle/mlops/dags/data_pipeline.py                           1           0  0.81s           2025-04-23T03:32:13                      10
================================================================================
[2025-04-23T10:32:44.460+0700] {manager.py:997} INFO - 
================================================================================
DAG File Processing Stats

File Path                                 PID    Runtime      # DAGs    # Errors  Last Runtime    Last Run               Last # of DB Queries
----------------------------------------  -----  ---------  --------  ----------  --------------  -------------------  ----------------------
/home/minhle/mlops/dags/data_pipeline.py                           1           0  0.91s           2025-04-23T03:32:44                      10
================================================================================
[2025-04-23T10:33:15.347+0700] {manager.py:997} INFO - 
================================================================================
DAG File Processing Stats

File Path                                 PID    Runtime      # DAGs    # Errors  Last Runtime    Last Run               Last # of DB Queries
----------------------------------------  -----  ---------  --------  ----------  --------------  -------------------  ----------------------
/home/minhle/mlops/dags/data_pipeline.py                           1           0  0.81s           2025-04-23T03:33:15                      10
================================================================================
[2025-04-23T10:33:46.227+0700] {manager.py:997} INFO - 
================================================================================
DAG File Processing Stats

File Path                                 PID    Runtime      # DAGs    # Errors  Last Runtime    Last Run               Last # of DB Queries
----------------------------------------  -----  ---------  --------  ----------  --------------  -------------------  ----------------------
/home/minhle/mlops/dags/data_pipeline.py                           1           0  0.81s           2025-04-23T03:33:46                      10
================================================================================
[2025-04-23T10:34:17.121+0700] {manager.py:997} INFO - 
================================================================================
DAG File Processing Stats

File Path                                 PID    Runtime      # DAGs    # Errors  Last Runtime    Last Run               Last # of DB Queries
----------------------------------------  -----  ---------  --------  ----------  --------------  -------------------  ----------------------
/home/minhle/mlops/dags/data_pipeline.py                           1           0  0.81s           2025-04-23T03:34:17                      10
================================================================================
[2025-04-23T10:34:47.898+0700] {manager.py:997} INFO - 
================================================================================
DAG File Processing Stats

File Path                                 PID    Runtime      # DAGs    # Errors  Last Runtime    Last Run               Last # of DB Queries
----------------------------------------  -----  ---------  --------  ----------  --------------  -------------------  ----------------------
/home/minhle/mlops/dags/data_pipeline.py                           1           0  0.71s           2025-04-23T03:34:47                      10
================================================================================
[2025-04-23T10:35:19.267+0700] {manager.py:997} INFO - 
================================================================================
DAG File Processing Stats

File Path                                 PID    Runtime      # DAGs    # Errors  Last Runtime    Last Run               Last # of DB Queries
----------------------------------------  -----  ---------  --------  ----------  --------------  -------------------  ----------------------
/home/minhle/mlops/dags/data_pipeline.py                           1           0  0.81s           2025-04-23T03:35:19                      10
================================================================================
[2025-04-23T10:35:27.740+0700] {manager.py:821} INFO - Searching for files in /home/minhle/mlops/dags
[2025-04-23T10:35:27.741+0700] {manager.py:824} INFO - There are 1 files in /home/minhle/mlops/dags
[2025-04-23T10:35:50.072+0700] {manager.py:997} INFO - 
================================================================================
DAG File Processing Stats

File Path                                 PID    Runtime      # DAGs    # Errors  Last Runtime    Last Run               Last # of DB Queries
----------------------------------------  -----  ---------  --------  ----------  --------------  -------------------  ----------------------
/home/minhle/mlops/dags/data_pipeline.py                           1           0  0.73s           2025-04-23T03:35:50                      10
================================================================================
[2025-04-23T10:36:21.100+0700] {manager.py:997} INFO - 
================================================================================
DAG File Processing Stats

File Path                                 PID    Runtime      # DAGs    # Errors  Last Runtime    Last Run               Last # of DB Queries
----------------------------------------  -----  ---------  --------  ----------  --------------  -------------------  ----------------------
/home/minhle/mlops/dags/data_pipeline.py                           1           0  0.91s           2025-04-23T03:36:21                      10
================================================================================
[2025-04-23T10:36:52.303+0700] {manager.py:997} INFO - 
================================================================================
DAG File Processing Stats

File Path                                 PID    Runtime      # DAGs    # Errors  Last Runtime    Last Run               Last # of DB Queries
----------------------------------------  -----  ---------  --------  ----------  --------------  -------------------  ----------------------
/home/minhle/mlops/dags/data_pipeline.py                           1           0  1.11s           2025-04-23T03:36:52                      10
================================================================================
[2025-04-23T10:37:23.178+0700] {manager.py:997} INFO - 
================================================================================
DAG File Processing Stats

File Path                                 PID    Runtime      # DAGs    # Errors  Last Runtime    Last Run               Last # of DB Queries
----------------------------------------  -----  ---------  --------  ----------  --------------  -------------------  ----------------------
/home/minhle/mlops/dags/data_pipeline.py                           1           0  0.81s           2025-04-23T03:37:23                      10
================================================================================
[2025-04-23T10:37:58.013+0700] {manager.py:997} INFO - 
================================================================================
DAG File Processing Stats

File Path                                 PID    Runtime      # DAGs    # Errors  Last Runtime    Last Run               Last # of DB Queries
----------------------------------------  -----  ---------  --------  ----------  --------------  -------------------  ----------------------
/home/minhle/mlops/dags/data_pipeline.py                           1           0  0.91s           2025-04-23T03:37:32                      45
================================================================================
[2025-04-23T10:38:32.639+0700] {manager.py:997} INFO - 
================================================================================
DAG File Processing Stats

File Path                                 PID    Runtime      # DAGs    # Errors  Last Runtime    Last Run               Last # of DB Queries
----------------------------------------  -----  ---------  --------  ----------  --------------  -------------------  ----------------------
/home/minhle/mlops/dags/data_pipeline.py                           1           0  0.31s           2025-04-23T03:38:07                      12
================================================================================
[2025-04-23T10:39:04.369+0700] {manager.py:997} INFO - 
================================================================================
DAG File Processing Stats

File Path                                 PID    Runtime      # DAGs    # Errors  Last Runtime    Last Run               Last # of DB Queries
----------------------------------------  -----  ---------  --------  ----------  --------------  -------------------  ----------------------
/home/minhle/mlops/dags/data_pipeline.py                           1           0  0.31s           2025-04-23T03:38:41                      12
================================================================================
[2025-04-23T10:39:36.459+0700] {manager.py:997} INFO - 
================================================================================
DAG File Processing Stats

File Path                                 PID    Runtime      # DAGs    # Errors  Last Runtime    Last Run               Last # of DB Queries
----------------------------------------  -----  ---------  --------  ----------  --------------  -------------------  ----------------------
/home/minhle/mlops/dags/data_pipeline.py                           1           0  0.40s           2025-04-23T03:39:11                      12
================================================================================
[2025-04-23T10:40:07.869+0700] {manager.py:997} INFO - 
================================================================================
DAG File Processing Stats

File Path                                 PID    Runtime      # DAGs    # Errors  Last Runtime    Last Run               Last # of DB Queries
----------------------------------------  -----  ---------  --------  ----------  --------------  -------------------  ----------------------
/home/minhle/mlops/dags/data_pipeline.py                           1           0  0.30s           2025-04-23T03:39:43                      12
================================================================================
[2025-04-23T10:40:31.058+0700] {manager.py:821} INFO - Searching for files in /home/minhle/mlops/dags
[2025-04-23T10:40:31.061+0700] {manager.py:824} INFO - There are 1 files in /home/minhle/mlops/dags
[2025-04-23T10:40:37.955+0700] {manager.py:997} INFO - 
================================================================================
DAG File Processing Stats

File Path                                 PID    Runtime      # DAGs    # Errors  Last Runtime    Last Run               Last # of DB Queries
----------------------------------------  -----  ---------  --------  ----------  --------------  -------------------  ----------------------
/home/minhle/mlops/dags/data_pipeline.py                           1           0  0.21s           2025-04-23T03:40:14                      12
================================================================================
[2025-04-23T10:41:09.201+0700] {manager.py:997} INFO - 
================================================================================
DAG File Processing Stats

File Path                                 PID    Runtime      # DAGs    # Errors  Last Runtime    Last Run               Last # of DB Queries
----------------------------------------  -----  ---------  --------  ----------  --------------  -------------------  ----------------------
/home/minhle/mlops/dags/data_pipeline.py                           1           0  0.30s           2025-04-23T03:40:45                      12
================================================================================
[2025-04-23T10:41:41.933+0700] {manager.py:997} INFO - 
================================================================================
DAG File Processing Stats

File Path                                 PID    Runtime      # DAGs    # Errors  Last Runtime    Last Run               Last # of DB Queries
----------------------------------------  -----  ---------  --------  ----------  --------------  -------------------  ----------------------
/home/minhle/mlops/dags/data_pipeline.py                           1           0  0.30s           2025-04-23T03:41:17                      12
================================================================================
[2025-04-23T10:42:12.529+0700] {manager.py:997} INFO - 
================================================================================
DAG File Processing Stats

File Path                                 PID    Runtime      # DAGs    # Errors  Last Runtime    Last Run               Last # of DB Queries
----------------------------------------  -----  ---------  --------  ----------  --------------  -------------------  ----------------------
/home/minhle/mlops/dags/data_pipeline.py                           1           0  0.60s           2025-04-23T03:41:49                      12
================================================================================
[2025-04-23T10:42:42.856+0700] {manager.py:997} INFO - 
================================================================================
DAG File Processing Stats

File Path                                 PID    Runtime      # DAGs    # Errors  Last Runtime    Last Run               Last # of DB Queries
----------------------------------------  -----  ---------  --------  ----------  --------------  -------------------  ----------------------
/home/minhle/mlops/dags/data_pipeline.py                           1           0  0.21s           2025-04-23T03:42:19                      12
================================================================================
[2025-04-23T10:43:14.076+0700] {manager.py:997} INFO - 
================================================================================
DAG File Processing Stats

File Path                                 PID    Runtime      # DAGs    # Errors  Last Runtime    Last Run               Last # of DB Queries
----------------------------------------  -----  ---------  --------  ----------  --------------  -------------------  ----------------------
/home/minhle/mlops/dags/data_pipeline.py                           1           0  0.20s           2025-04-23T03:42:50                      12
================================================================================
[2025-04-23T10:43:45.907+0700] {manager.py:997} INFO - 
================================================================================
DAG File Processing Stats

File Path                                 PID    Runtime      # DAGs    # Errors  Last Runtime    Last Run               Last # of DB Queries
----------------------------------------  -----  ---------  --------  ----------  --------------  -------------------  ----------------------
/home/minhle/mlops/dags/data_pipeline.py                           1           0  0.31s           2025-04-23T03:43:21                      12
================================================================================
[2025-04-23T10:44:17.182+0700] {manager.py:997} INFO - 
================================================================================
DAG File Processing Stats

File Path                                 PID    Runtime      # DAGs    # Errors  Last Runtime    Last Run               Last # of DB Queries
----------------------------------------  -----  ---------  --------  ----------  --------------  -------------------  ----------------------
/home/minhle/mlops/dags/data_pipeline.py                           1           0  0.21s           2025-04-23T03:43:54                      12
================================================================================
[2025-04-23T10:44:47.260+0700] {manager.py:997} INFO - 
================================================================================
DAG File Processing Stats

File Path                                 PID    Runtime      # DAGs    # Errors  Last Runtime    Last Run               Last # of DB Queries
----------------------------------------  -----  ---------  --------  ----------  --------------  -------------------  ----------------------
/home/minhle/mlops/dags/data_pipeline.py                           1           0  0.20s           2025-04-23T03:44:26                      12
================================================================================
[2025-04-23T10:45:17.354+0700] {manager.py:997} INFO - 
================================================================================
DAG File Processing Stats

File Path                                 PID    Runtime      # DAGs    # Errors  Last Runtime    Last Run               Last # of DB Queries
----------------------------------------  -----  ---------  --------  ----------  --------------  -------------------  ----------------------
/home/minhle/mlops/dags/data_pipeline.py                           1           0  0.20s           2025-04-23T03:44:57                      12
================================================================================
[2025-04-23T10:45:32.085+0700] {manager.py:821} INFO - Searching for files in /home/minhle/mlops/dags
[2025-04-23T10:45:32.091+0700] {manager.py:824} INFO - There are 1 files in /home/minhle/mlops/dags
[2025-04-23T10:45:47.720+0700] {manager.py:997} INFO - 
================================================================================
DAG File Processing Stats

File Path                                 PID    Runtime      # DAGs    # Errors  Last Runtime    Last Run               Last # of DB Queries
----------------------------------------  -----  ---------  --------  ----------  --------------  -------------------  ----------------------
/home/minhle/mlops/dags/data_pipeline.py                           1           0  0.20s           2025-04-23T03:45:27                      12
================================================================================
[2025-04-23T10:46:18.020+0700] {manager.py:997} INFO - 
================================================================================
DAG File Processing Stats

File Path                                 PID    Runtime      # DAGs    # Errors  Last Runtime    Last Run               Last # of DB Queries
----------------------------------------  -----  ---------  --------  ----------  --------------  -------------------  ----------------------
/home/minhle/mlops/dags/data_pipeline.py                           1           0  0.20s           2025-04-23T03:45:57                      12
================================================================================
[2025-04-23T10:46:48.178+0700] {manager.py:997} INFO - 
================================================================================
DAG File Processing Stats

File Path                                 PID    Runtime      # DAGs    # Errors  Last Runtime    Last Run               Last # of DB Queries
----------------------------------------  -----  ---------  --------  ----------  --------------  -------------------  ----------------------
/home/minhle/mlops/dags/data_pipeline.py                           1           0  0.20s           2025-04-23T03:46:28                      12
================================================================================
[2025-04-23T10:47:18.912+0700] {manager.py:997} INFO - 
================================================================================
DAG File Processing Stats

File Path                                 PID    Runtime      # DAGs    # Errors  Last Runtime    Last Run               Last # of DB Queries
----------------------------------------  -----  ---------  --------  ----------  --------------  -------------------  ----------------------
/home/minhle/mlops/dags/data_pipeline.py                           1           0  1.61s           2025-04-23T03:47:03                      45
================================================================================
[2025-04-23T10:47:49.329+0700] {manager.py:997} INFO - 
================================================================================
DAG File Processing Stats

File Path                                 PID    Runtime      # DAGs    # Errors  Last Runtime    Last Run               Last # of DB Queries
----------------------------------------  -----  ---------  --------  ----------  --------------  -------------------  ----------------------
/home/minhle/mlops/dags/data_pipeline.py                           1           0  0.41s           2025-04-23T03:47:35                      12
================================================================================
[2025-04-23T10:48:19.498+0700] {manager.py:997} INFO - 
================================================================================
DAG File Processing Stats

File Path                                 PID    Runtime      # DAGs    # Errors  Last Runtime    Last Run               Last # of DB Queries
----------------------------------------  -----  ---------  --------  ----------  --------------  -------------------  ----------------------
/home/minhle/mlops/dags/data_pipeline.py                           1           0  0.60s           2025-04-23T03:48:07                      12
================================================================================
[2025-04-23T10:48:50.474+0700] {manager.py:997} INFO - 
================================================================================
DAG File Processing Stats

File Path                                 PID    Runtime      # DAGs    # Errors  Last Runtime    Last Run               Last # of DB Queries
----------------------------------------  -----  ---------  --------  ----------  --------------  -------------------  ----------------------
/home/minhle/mlops/dags/data_pipeline.py                           1           0  0.41s           2025-04-23T03:48:38                      12
================================================================================
[2025-04-23T10:49:21.623+0700] {manager.py:997} INFO - 
================================================================================
DAG File Processing Stats

File Path                                 PID    Runtime      # DAGs    # Errors  Last Runtime    Last Run               Last # of DB Queries
----------------------------------------  -----  ---------  --------  ----------  --------------  -------------------  ----------------------
/home/minhle/mlops/dags/data_pipeline.py                           1           0  0.41s           2025-04-23T03:49:09                      12
================================================================================
[2025-04-23T10:49:51.730+0700] {manager.py:997} INFO - 
================================================================================
DAG File Processing Stats

File Path                                 PID    Runtime      # DAGs    # Errors  Last Runtime    Last Run               Last # of DB Queries
----------------------------------------  -----  ---------  --------  ----------  --------------  -------------------  ----------------------
/home/minhle/mlops/dags/data_pipeline.py                           1           0  1.11s           2025-04-23T03:49:41                      12
================================================================================
[2025-04-23T10:50:22.438+0700] {manager.py:997} INFO - 
================================================================================
DAG File Processing Stats

File Path                                 PID    Runtime      # DAGs    # Errors  Last Runtime    Last Run               Last # of DB Queries
----------------------------------------  -----  ---------  --------  ----------  --------------  -------------------  ----------------------
/home/minhle/mlops/dags/data_pipeline.py                           1           0  0.40s           2025-04-23T03:50:12                      12
================================================================================
[2025-04-23T10:50:32.118+0700] {manager.py:821} INFO - Searching for files in /home/minhle/mlops/dags
[2025-04-23T10:50:32.121+0700] {manager.py:824} INFO - There are 1 files in /home/minhle/mlops/dags
[2025-04-23T10:50:53.128+0700] {manager.py:997} INFO - 
================================================================================
DAG File Processing Stats

File Path                                 PID    Runtime      # DAGs    # Errors  Last Runtime    Last Run               Last # of DB Queries
----------------------------------------  -----  ---------  --------  ----------  --------------  -------------------  ----------------------
/home/minhle/mlops/dags/data_pipeline.py                           1           0  0.61s           2025-04-23T03:50:43                      12
================================================================================
[2025-04-23T10:51:23.221+0700] {manager.py:997} INFO - 
================================================================================
DAG File Processing Stats

File Path                                 PID    Runtime      # DAGs    # Errors  Last Runtime    Last Run               Last # of DB Queries
----------------------------------------  -----  ---------  --------  ----------  --------------  -------------------  ----------------------
/home/minhle/mlops/dags/data_pipeline.py                           1           0  0.30s           2025-04-23T03:51:13                      12
================================================================================
[2025-04-23T10:51:53.993+0700] {manager.py:997} INFO - 
================================================================================
DAG File Processing Stats

File Path                                 PID    Runtime      # DAGs    # Errors  Last Runtime    Last Run               Last # of DB Queries
----------------------------------------  -----  ---------  --------  ----------  --------------  -------------------  ----------------------
/home/minhle/mlops/dags/data_pipeline.py                           1           0  0.41s           2025-04-23T03:51:45                      12
================================================================================
[2025-04-23T10:52:24.268+0700] {manager.py:997} INFO - 
================================================================================
DAG File Processing Stats

File Path                                 PID    Runtime      # DAGs    # Errors  Last Runtime    Last Run               Last # of DB Queries
----------------------------------------  -----  ---------  --------  ----------  --------------  -------------------  ----------------------
/home/minhle/mlops/dags/data_pipeline.py                           1           0  0.41s           2025-04-23T03:52:15                      12
================================================================================
[2025-04-23T10:52:54.584+0700] {manager.py:997} INFO - 
================================================================================
DAG File Processing Stats

File Path                                 PID    Runtime      # DAGs    # Errors  Last Runtime    Last Run               Last # of DB Queries
----------------------------------------  -----  ---------  --------  ----------  --------------  -------------------  ----------------------
/home/minhle/mlops/dags/data_pipeline.py                           1           0  0.40s           2025-04-23T03:52:46                      12
================================================================================
[2025-04-23T10:53:25.022+0700] {manager.py:997} INFO - 
================================================================================
DAG File Processing Stats

File Path                                 PID    Runtime      # DAGs    # Errors  Last Runtime    Last Run               Last # of DB Queries
----------------------------------------  -----  ---------  --------  ----------  --------------  -------------------  ----------------------
/home/minhle/mlops/dags/data_pipeline.py                           1           0  0.31s           2025-04-23T03:53:17                      12
================================================================================
[2025-04-23T10:53:55.704+0700] {manager.py:997} INFO - 
================================================================================
DAG File Processing Stats

File Path                                 PID    Runtime      # DAGs    # Errors  Last Runtime    Last Run               Last # of DB Queries
----------------------------------------  -----  ---------  --------  ----------  --------------  -------------------  ----------------------
/home/minhle/mlops/dags/data_pipeline.py                           1           0  0.40s           2025-04-23T03:53:49                      12
================================================================================
[2025-04-23T10:54:25.854+0700] {manager.py:997} INFO - 
================================================================================
DAG File Processing Stats

File Path                                 PID    Runtime      # DAGs    # Errors  Last Runtime    Last Run               Last # of DB Queries
----------------------------------------  -----  ---------  --------  ----------  --------------  -------------------  ----------------------
/home/minhle/mlops/dags/data_pipeline.py                           1           0  0.40s           2025-04-23T03:54:19                      12
================================================================================
[2025-04-23T10:54:55.989+0700] {manager.py:997} INFO - 
================================================================================
DAG File Processing Stats

File Path                                 PID    Runtime      # DAGs    # Errors  Last Runtime    Last Run               Last # of DB Queries
----------------------------------------  -----  ---------  --------  ----------  --------------  -------------------  ----------------------
/home/minhle/mlops/dags/data_pipeline.py                           1           0  0.31s           2025-04-23T03:54:50                      12
================================================================================
[2025-04-23T10:55:25.997+0700] {manager.py:997} INFO - 
================================================================================
DAG File Processing Stats

File Path                                 PID    Runtime      # DAGs    # Errors  Last Runtime    Last Run               Last # of DB Queries
----------------------------------------  -----  ---------  --------  ----------  --------------  -------------------  ----------------------
/home/minhle/mlops/dags/data_pipeline.py                           1           0  0.41s           2025-04-23T03:55:21                      12
================================================================================
[2025-04-23T10:55:32.151+0700] {manager.py:821} INFO - Searching for files in /home/minhle/mlops/dags
[2025-04-23T10:55:32.153+0700] {manager.py:824} INFO - There are 1 files in /home/minhle/mlops/dags
[2025-04-23T10:55:56.631+0700] {manager.py:997} INFO - 
================================================================================
DAG File Processing Stats

File Path                                 PID    Runtime      # DAGs    # Errors  Last Runtime    Last Run               Last # of DB Queries
----------------------------------------  -----  ---------  --------  ----------  --------------  -------------------  ----------------------
/home/minhle/mlops/dags/data_pipeline.py                           1           0  0.30s           2025-04-23T03:55:51                      12
================================================================================
[2025-04-23T10:56:26.971+0700] {manager.py:997} INFO - 
================================================================================
DAG File Processing Stats

File Path                                 PID    Runtime      # DAGs    # Errors  Last Runtime    Last Run               Last # of DB Queries
----------------------------------------  -----  ---------  --------  ----------  --------------  -------------------  ----------------------
/home/minhle/mlops/dags/data_pipeline.py                           1           0  0.41s           2025-04-23T03:56:22                      12
================================================================================
[2025-04-23T10:56:58.143+0700] {manager.py:997} INFO - 
================================================================================
DAG File Processing Stats

File Path                                 PID    Runtime      # DAGs    # Errors  Last Runtime    Last Run               Last # of DB Queries
----------------------------------------  -----  ---------  --------  ----------  --------------  -------------------  ----------------------
/home/minhle/mlops/dags/data_pipeline.py                           1           0  0.41s           2025-04-23T03:56:53                      12
================================================================================
[2025-04-23T10:57:28.234+0700] {manager.py:997} INFO - 
================================================================================
DAG File Processing Stats

File Path                                 PID    Runtime      # DAGs    # Errors  Last Runtime    Last Run               Last # of DB Queries
----------------------------------------  -----  ---------  --------  ----------  --------------  -------------------  ----------------------
/home/minhle/mlops/dags/data_pipeline.py                           1           0  0.31s           2025-04-23T03:57:24                      12
================================================================================
[2025-04-23T10:57:58.345+0700] {manager.py:997} INFO - 
================================================================================
DAG File Processing Stats

File Path                                 PID    Runtime      # DAGs    # Errors  Last Runtime    Last Run               Last # of DB Queries
----------------------------------------  -----  ---------  --------  ----------  --------------  -------------------  ----------------------
/home/minhle/mlops/dags/data_pipeline.py                           1           0  1.31s           2025-04-23T03:57:56                      12
================================================================================
[2025-04-23T10:58:28.431+0700] {manager.py:997} INFO - 
================================================================================
DAG File Processing Stats

File Path                                 PID    Runtime      # DAGs    # Errors  Last Runtime    Last Run               Last # of DB Queries
----------------------------------------  -----  ---------  --------  ----------  --------------  -------------------  ----------------------
/home/minhle/mlops/dags/data_pipeline.py                           1           0  0.40s           2025-04-23T03:58:26                      12
================================================================================
[2025-04-23T10:58:59.202+0700] {manager.py:997} INFO - 
================================================================================
DAG File Processing Stats

File Path                                 PID    Runtime      # DAGs    # Errors  Last Runtime    Last Run               Last # of DB Queries
----------------------------------------  -----  ---------  --------  ----------  --------------  -------------------  ----------------------
/home/minhle/mlops/dags/data_pipeline.py                           1           0  0.61s           2025-04-23T03:58:58                      12
================================================================================
[2025-04-23T10:59:29.727+0700] {manager.py:997} INFO - 
================================================================================
DAG File Processing Stats

File Path                                 PID    Runtime      # DAGs    # Errors  Last Runtime    Last Run               Last # of DB Queries
----------------------------------------  -----  ---------  --------  ----------  --------------  -------------------  ----------------------
/home/minhle/mlops/dags/data_pipeline.py                           1           0  0.41s           2025-04-23T03:59:28                      12
================================================================================
[2025-04-23T11:00:00.123+0700] {manager.py:997} INFO - 
================================================================================
DAG File Processing Stats

File Path                                 PID    Runtime      # DAGs    # Errors  Last Runtime    Last Run               Last # of DB Queries
----------------------------------------  -----  ---------  --------  ----------  --------------  -------------------  ----------------------
/home/minhle/mlops/dags/data_pipeline.py                           1           0  0.30s           2025-04-23T03:59:59                      12
================================================================================
[2025-04-23T11:00:30.454+0700] {manager.py:997} INFO - 
================================================================================
DAG File Processing Stats

File Path                                 PID    Runtime      # DAGs    # Errors  Last Runtime    Last Run               Last # of DB Queries
----------------------------------------  -----  ---------  --------  ----------  --------------  -------------------  ----------------------
/home/minhle/mlops/dags/data_pipeline.py                           1           0  1.31s           2025-04-23T04:00:30                      12
================================================================================
[2025-04-23T11:00:32.187+0700] {manager.py:821} INFO - Searching for files in /home/minhle/mlops/dags
[2025-04-23T11:00:32.189+0700] {manager.py:824} INFO - There are 1 files in /home/minhle/mlops/dags
[2025-04-23T11:01:00.932+0700] {manager.py:997} INFO - 
================================================================================
DAG File Processing Stats

File Path                                 PID    Runtime      # DAGs    # Errors  Last Runtime    Last Run               Last # of DB Queries
----------------------------------------  -----  ---------  --------  ----------  --------------  -------------------  ----------------------
/home/minhle/mlops/dags/data_pipeline.py                           1           0  0.31s           2025-04-23T04:01:00                      12
================================================================================
[2025-04-23T11:01:31.426+0700] {manager.py:997} INFO - 
================================================================================
DAG File Processing Stats

File Path                                 PID    Runtime      # DAGs    # Errors  Last Runtime    Last Run               Last # of DB Queries
----------------------------------------  -----  ---------  --------  ----------  --------------  -------------------  ----------------------
/home/minhle/mlops/dags/data_pipeline.py                           1           0  0.41s           2025-04-23T04:01:31                      12
================================================================================
[2025-04-23T11:02:01.859+0700] {manager.py:997} INFO - 
================================================================================
DAG File Processing Stats

File Path                                 PID    Runtime      # DAGs    # Errors  Last Runtime    Last Run               Last # of DB Queries
----------------------------------------  -----  ---------  --------  ----------  --------------  -------------------  ----------------------
/home/minhle/mlops/dags/data_pipeline.py                           1           0  0.41s           2025-04-23T04:02:01                      12
================================================================================
[2025-04-23T11:02:32.332+0700] {manager.py:997} INFO - 
================================================================================
DAG File Processing Stats

File Path                                 PID    Runtime      # DAGs    # Errors  Last Runtime    Last Run               Last # of DB Queries
----------------------------------------  -----  ---------  --------  ----------  --------------  -------------------  ----------------------
/home/minhle/mlops/dags/data_pipeline.py                           1           0  0.41s           2025-04-23T04:02:32                      12
================================================================================
[2025-04-23T11:03:03.213+0700] {manager.py:997} INFO - 
================================================================================
DAG File Processing Stats

File Path                                 PID    Runtime      # DAGs    # Errors  Last Runtime    Last Run               Last # of DB Queries
----------------------------------------  -----  ---------  --------  ----------  --------------  -------------------  ----------------------
/home/minhle/mlops/dags/data_pipeline.py                           1           0  0.81s           2025-04-23T04:03:03                      12
================================================================================
[2025-04-23T11:03:33.755+0700] {manager.py:997} INFO - 
================================================================================
DAG File Processing Stats

File Path                                 PID    Runtime      # DAGs    # Errors  Last Runtime    Last Run               Last # of DB Queries
----------------------------------------  -----  ---------  --------  ----------  --------------  -------------------  ----------------------
/home/minhle/mlops/dags/data_pipeline.py                           1           0  0.41s           2025-04-23T04:03:33                      12
================================================================================
[2025-04-23T11:04:04.321+0700] {manager.py:997} INFO - 
================================================================================
DAG File Processing Stats

File Path                                 PID    Runtime      # DAGs    # Errors  Last Runtime    Last Run               Last # of DB Queries
----------------------------------------  -----  ---------  --------  ----------  --------------  -------------------  ----------------------
/home/minhle/mlops/dags/data_pipeline.py                           1           0  0.50s           2025-04-23T04:04:04                      12
================================================================================
[2025-04-23T11:04:34.703+0700] {manager.py:997} INFO - 
================================================================================
DAG File Processing Stats

File Path                                 PID    Runtime      # DAGs    # Errors  Last Runtime    Last Run               Last # of DB Queries
----------------------------------------  -----  ---------  --------  ----------  --------------  -------------------  ----------------------
/home/minhle/mlops/dags/data_pipeline.py                           1           0  0.31s           2025-04-23T04:04:34                      12
================================================================================
[2025-04-23T11:05:05.075+0700] {manager.py:997} INFO - 
================================================================================
DAG File Processing Stats

File Path                                 PID    Runtime      # DAGs    # Errors  Last Runtime    Last Run               Last # of DB Queries
----------------------------------------  -----  ---------  --------  ----------  --------------  -------------------  ----------------------
/home/minhle/mlops/dags/data_pipeline.py                           1           0  0.31s           2025-04-23T04:05:05                      12
================================================================================
[2025-04-23T11:05:32.765+0700] {manager.py:821} INFO - Searching for files in /home/minhle/mlops/dags
[2025-04-23T11:05:32.771+0700] {manager.py:824} INFO - There are 1 files in /home/minhle/mlops/dags
[2025-04-23T11:05:35.614+0700] {manager.py:997} INFO - 
================================================================================
DAG File Processing Stats

File Path                                 PID    Runtime      # DAGs    # Errors  Last Runtime    Last Run               Last # of DB Queries
----------------------------------------  -----  ---------  --------  ----------  --------------  -------------------  ----------------------
/home/minhle/mlops/dags/data_pipeline.py                           1           0  0.41s           2025-04-23T04:05:35                      12
================================================================================
[2025-04-23T11:06:06.087+0700] {manager.py:997} INFO - 
================================================================================
DAG File Processing Stats

File Path                                 PID    Runtime      # DAGs    # Errors  Last Runtime    Last Run               Last # of DB Queries
----------------------------------------  -----  ---------  --------  ----------  --------------  -------------------  ----------------------
/home/minhle/mlops/dags/data_pipeline.py                           1           0  0.41s           2025-04-23T04:06:06                      12
================================================================================
[2025-04-23T11:06:36.600+0700] {manager.py:997} INFO - 
================================================================================
DAG File Processing Stats

File Path                                 PID    Runtime      # DAGs    # Errors  Last Runtime    Last Run               Last # of DB Queries
----------------------------------------  -----  ---------  --------  ----------  --------------  -------------------  ----------------------
/home/minhle/mlops/dags/data_pipeline.py                           1           0  0.40s           2025-04-23T04:06:36                      12
================================================================================
[2025-04-23T11:07:07.204+0700] {manager.py:997} INFO - 
================================================================================
DAG File Processing Stats

File Path                                 PID    Runtime      # DAGs    # Errors  Last Runtime    Last Run               Last # of DB Queries
----------------------------------------  -----  ---------  --------  ----------  --------------  -------------------  ----------------------
/home/minhle/mlops/dags/data_pipeline.py                           1           0  0.51s           2025-04-23T04:07:07                      12
================================================================================
[2025-04-23T11:07:37.691+0700] {manager.py:997} INFO - 
================================================================================
DAG File Processing Stats

File Path                                 PID    Runtime      # DAGs    # Errors  Last Runtime    Last Run               Last # of DB Queries
----------------------------------------  -----  ---------  --------  ----------  --------------  -------------------  ----------------------
/home/minhle/mlops/dags/data_pipeline.py                           1           0  0.40s           2025-04-23T04:07:37                      12
================================================================================
[2025-04-23T11:08:08.162+0700] {manager.py:997} INFO - 
================================================================================
DAG File Processing Stats

File Path                                 PID    Runtime      # DAGs    # Errors  Last Runtime    Last Run               Last # of DB Queries
----------------------------------------  -----  ---------  --------  ----------  --------------  -------------------  ----------------------
/home/minhle/mlops/dags/data_pipeline.py                           1           0  0.40s           2025-04-23T04:08:08                      12
================================================================================
[2025-04-23T11:08:38.656+0700] {manager.py:997} INFO - 
================================================================================
DAG File Processing Stats

File Path                                 PID    Runtime      # DAGs    # Errors  Last Runtime    Last Run               Last # of DB Queries
----------------------------------------  -----  ---------  --------  ----------  --------------  -------------------  ----------------------
/home/minhle/mlops/dags/data_pipeline.py                           1           0  0.41s           2025-04-23T04:08:38                      12
================================================================================
[2025-04-23T11:09:09.154+0700] {manager.py:997} INFO - 
================================================================================
DAG File Processing Stats

File Path                                 PID    Runtime      # DAGs    # Errors  Last Runtime    Last Run               Last # of DB Queries
----------------------------------------  -----  ---------  --------  ----------  --------------  -------------------  ----------------------
/home/minhle/mlops/dags/data_pipeline.py                           1           0  0.41s           2025-04-23T04:09:09                      12
================================================================================
[2025-04-23T11:09:39.657+0700] {manager.py:997} INFO - 
================================================================================
DAG File Processing Stats

File Path                                 PID    Runtime      # DAGs    # Errors  Last Runtime    Last Run               Last # of DB Queries
----------------------------------------  -----  ---------  --------  ----------  --------------  -------------------  ----------------------
/home/minhle/mlops/dags/data_pipeline.py                           1           0  0.41s           2025-04-23T04:09:39                      12
================================================================================
[2025-04-23T11:10:10.266+0700] {manager.py:997} INFO - 
================================================================================
DAG File Processing Stats

File Path                                 PID    Runtime      # DAGs    # Errors  Last Runtime    Last Run               Last # of DB Queries
----------------------------------------  -----  ---------  --------  ----------  --------------  -------------------  ----------------------
/home/minhle/mlops/dags/data_pipeline.py                           1           0  0.41s           2025-04-23T04:10:10                      12
================================================================================
[2025-04-23T11:10:33.643+0700] {manager.py:821} INFO - Searching for files in /home/minhle/mlops/dags
[2025-04-23T11:10:33.648+0700] {manager.py:824} INFO - There are 1 files in /home/minhle/mlops/dags
[2025-04-23T11:10:40.879+0700] {manager.py:997} INFO - 
================================================================================
DAG File Processing Stats

File Path                                 PID    Runtime      # DAGs    # Errors  Last Runtime    Last Run               Last # of DB Queries
----------------------------------------  -----  ---------  --------  ----------  --------------  -------------------  ----------------------
/home/minhle/mlops/dags/data_pipeline.py                           1           0  0.40s           2025-04-23T04:10:40                      12
================================================================================
[2025-04-23T11:11:11.314+0700] {manager.py:997} INFO - 
================================================================================
DAG File Processing Stats

File Path                                 PID    Runtime      # DAGs    # Errors  Last Runtime    Last Run               Last # of DB Queries
----------------------------------------  -----  ---------  --------  ----------  --------------  -------------------  ----------------------
/home/minhle/mlops/dags/data_pipeline.py                           1           0  0.31s           2025-04-23T04:11:11                      12
================================================================================
[2025-04-23T11:11:41.413+0700] {manager.py:997} INFO - 
================================================================================
DAG File Processing Stats

File Path                                 PID    Runtime      # DAGs    # Errors  Last Runtime    Last Run               Last # of DB Queries
----------------------------------------  -----  ---------  --------  ----------  --------------  -------------------  ----------------------
/home/minhle/mlops/dags/data_pipeline.py                           1           0  0.81s           2025-04-23T04:11:25                      34
================================================================================
[2025-04-23T11:12:11.502+0700] {manager.py:997} INFO - 
================================================================================
DAG File Processing Stats

File Path                                 PID    Runtime      # DAGs    # Errors  Last Runtime    Last Run               Last # of DB Queries
----------------------------------------  -----  ---------  --------  ----------  --------------  -------------------  ----------------------
/home/minhle/mlops/dags/data_pipeline.py                           1           0  0.71s           2025-04-23T04:11:56                      12
================================================================================
[2025-04-23T11:12:41.674+0700] {manager.py:997} INFO - 
================================================================================
DAG File Processing Stats

File Path                                 PID    Runtime      # DAGs    # Errors  Last Runtime    Last Run               Last # of DB Queries
----------------------------------------  -----  ---------  --------  ----------  --------------  -------------------  ----------------------
/home/minhle/mlops/dags/data_pipeline.py                           1           0  0.71s           2025-04-23T04:12:41                      12
================================================================================
[2025-04-23T11:13:14.380+0700] {manager.py:997} INFO - 
================================================================================
DAG File Processing Stats

File Path                                 PID    Runtime      # DAGs    # Errors  Last Runtime    Last Run               Last # of DB Queries
----------------------------------------  -----  ---------  --------  ----------  --------------  -------------------  ----------------------
/home/minhle/mlops/dags/data_pipeline.py                           1           0  0.81s           2025-04-23T04:13:14                      12
================================================================================
[2025-04-23T11:13:45.637+0700] {manager.py:997} INFO - 
================================================================================
DAG File Processing Stats

File Path                                 PID    Runtime      # DAGs    # Errors  Last Runtime    Last Run               Last # of DB Queries
----------------------------------------  -----  ---------  --------  ----------  --------------  -------------------  ----------------------
/home/minhle/mlops/dags/data_pipeline.py                           1           0  0.91s           2025-04-23T04:13:45                      12
================================================================================
[2025-04-23T11:14:16.403+0700] {manager.py:997} INFO - 
================================================================================
DAG File Processing Stats

File Path                                 PID    Runtime      # DAGs    # Errors  Last Runtime    Last Run               Last # of DB Queries
----------------------------------------  -----  ---------  --------  ----------  --------------  -------------------  ----------------------
/home/minhle/mlops/dags/data_pipeline.py                           1           0  0.71s           2025-04-23T04:14:16                      12
================================================================================
[2025-04-23T11:14:53.962+0700] {manager.py:997} INFO - 
================================================================================
DAG File Processing Stats

File Path                                 PID    Runtime      # DAGs    # Errors  Last Runtime    Last Run               Last # of DB Queries
----------------------------------------  -----  ---------  --------  ----------  --------------  -------------------  ----------------------
/home/minhle/mlops/dags/data_pipeline.py                           1           0  1.01s           2025-04-23T04:14:24                      34
================================================================================
[2025-04-23T11:15:24.094+0700] {manager.py:997} INFO - 
================================================================================
DAG File Processing Stats

File Path                                 PID    Runtime      # DAGs    # Errors  Last Runtime    Last Run               Last # of DB Queries
----------------------------------------  -----  ---------  --------  ----------  --------------  -------------------  ----------------------
/home/minhle/mlops/dags/data_pipeline.py                           1           0  0.71s           2025-04-23T04:15:03                      12
================================================================================
[2025-04-23T11:15:34.277+0700] {manager.py:821} INFO - Searching for files in /home/minhle/mlops/dags
[2025-04-23T11:15:34.278+0700] {manager.py:824} INFO - There are 1 files in /home/minhle/mlops/dags
[2025-04-23T11:15:54.349+0700] {manager.py:997} INFO - 
================================================================================
DAG File Processing Stats

File Path                                 PID    Runtime      # DAGs    # Errors  Last Runtime    Last Run               Last # of DB Queries
----------------------------------------  -----  ---------  --------  ----------  --------------  -------------------  ----------------------
/home/minhle/mlops/dags/data_pipeline.py                           1           0  0.71s           2025-04-23T04:15:34                      12
================================================================================
[2025-04-23T11:16:24.475+0700] {manager.py:997} INFO - 
================================================================================
DAG File Processing Stats

File Path                                 PID    Runtime      # DAGs    # Errors  Last Runtime    Last Run               Last # of DB Queries
----------------------------------------  -----  ---------  --------  ----------  --------------  -------------------  ----------------------
/home/minhle/mlops/dags/data_pipeline.py                           1           0  0.70s           2025-04-23T04:16:05                      12
================================================================================
[2025-04-23T11:16:55.113+0700] {manager.py:997} INFO - 
================================================================================
DAG File Processing Stats

File Path                                 PID    Runtime      # DAGs    # Errors  Last Runtime    Last Run               Last # of DB Queries
----------------------------------------  -----  ---------  --------  ----------  --------------  -------------------  ----------------------
/home/minhle/mlops/dags/data_pipeline.py                           1           0  0.70s           2025-04-23T04:16:36                      12
================================================================================
[2025-04-23T11:17:25.446+0700] {manager.py:997} INFO - 
================================================================================
DAG File Processing Stats

File Path                                 PID    Runtime      # DAGs    # Errors  Last Runtime    Last Run               Last # of DB Queries
----------------------------------------  -----  ---------  --------  ----------  --------------  -------------------  ----------------------
/home/minhle/mlops/dags/data_pipeline.py                           1           0  0.73s           2025-04-23T04:17:19                      12
================================================================================
[2025-04-23T11:17:39.705+0700] {manager.py:465} INFO - Exiting gracefully upon receiving signal 15
[2025-04-23T11:20:21.928+0700] {manager.py:483} INFO - Processing files using up to 1 processes at a time 
[2025-04-23T11:20:21.937+0700] {manager.py:484} INFO - Process each file at most once every 30 seconds
[2025-04-23T11:20:21.937+0700] {manager.py:485} INFO - Checking for new files in /home/minhle/mlops/dags every 300 seconds
[2025-04-23T11:20:21.937+0700] {manager.py:821} INFO - Searching for files in /home/minhle/mlops/dags
[2025-04-23T11:20:21.938+0700] {manager.py:824} INFO - There are 1 files in /home/minhle/mlops/dags
[2025-04-23T11:20:22.769+0700] {manager.py:997} INFO - 
================================================================================
DAG File Processing Stats

File Path                                 PID    Runtime      # DAGs    # Errors  Last Runtime    Last Run               Last # of DB Queries
----------------------------------------  -----  ---------  --------  ----------  --------------  -------------------  ----------------------
/home/minhle/mlops/dags/data_pipeline.py                           1           0  0.81s           2025-04-23T04:20:22                      12
================================================================================
[2025-04-23T11:21:26.445+0700] {manager.py:465} INFO - Exiting gracefully upon receiving signal 15
[2025-04-23T11:21:26.571+0700] {manager.py:483} INFO - Processing files using up to 1 processes at a time 
[2025-04-23T11:21:26.571+0700] {manager.py:484} INFO - Process each file at most once every 30 seconds
[2025-04-23T11:21:26.571+0700] {manager.py:485} INFO - Checking for new files in /home/minhle/mlops/dags every 300 seconds
[2025-04-23T11:21:26.571+0700] {manager.py:821} INFO - Searching for files in /home/minhle/mlops/dags
[2025-04-23T11:21:26.573+0700] {manager.py:824} INFO - There are 1 files in /home/minhle/mlops/dags
[2025-04-23T11:21:27.515+0700] {manager.py:997} INFO - 
================================================================================
DAG File Processing Stats

File Path                                 PID    Runtime      # DAGs    # Errors  Last Runtime    Last Run               Last # of DB Queries
----------------------------------------  -----  ---------  --------  ----------  --------------  -------------------  ----------------------
/home/minhle/mlops/dags/data_pipeline.py                           1           0  0.81s           2025-04-23T04:21:27                      12
================================================================================
[2025-04-23T11:21:38.362+0700] {manager.py:465} INFO - Exiting gracefully upon receiving signal 15
[2025-04-23T11:25:58.778+0700] {manager.py:483} INFO - Processing files using up to 1 processes at a time 
[2025-04-23T11:25:58.789+0700] {manager.py:484} INFO - Process each file at most once every 30 seconds
[2025-04-23T11:25:58.790+0700] {manager.py:485} INFO - Checking for new files in /home/minhle/mlops/dags every 300 seconds
[2025-04-23T11:25:58.790+0700] {manager.py:821} INFO - Searching for files in /home/minhle/mlops/dags
[2025-04-23T11:25:58.792+0700] {manager.py:824} INFO - There are 1 files in /home/minhle/mlops/dags
[2025-04-23T11:25:59.623+0700] {manager.py:997} INFO - 
================================================================================
DAG File Processing Stats

File Path                                 PID    Runtime      # DAGs    # Errors  Last Runtime    Last Run               Last # of DB Queries
----------------------------------------  -----  ---------  --------  ----------  --------------  -------------------  ----------------------
/home/minhle/mlops/dags/data_pipeline.py                           1           0  0.81s           2025-04-23T04:25:59                      33
================================================================================
[2025-04-23T11:26:37.122+0700] {manager.py:997} INFO - 
================================================================================
DAG File Processing Stats

File Path                                 PID    Runtime      # DAGs    # Errors  Last Runtime    Last Run               Last # of DB Queries
----------------------------------------  -----  ---------  --------  ----------  --------------  -------------------  ----------------------
/home/minhle/mlops/dags/data_pipeline.py                           1           0  0.81s           2025-04-23T04:26:37                      12
================================================================================
[2025-04-23T11:27:12.944+0700] {manager.py:997} INFO - 
================================================================================
DAG File Processing Stats

File Path                                 PID    Runtime      # DAGs    # Errors  Last Runtime    Last Run               Last # of DB Queries
----------------------------------------  -----  ---------  --------  ----------  --------------  -------------------  ----------------------
/home/minhle/mlops/dags/data_pipeline.py                           1           0  0.80s           2025-04-23T04:27:12                      12
================================================================================
[2025-04-23T11:27:50.253+0700] {manager.py:997} INFO - 
================================================================================
DAG File Processing Stats

File Path                                 PID    Runtime      # DAGs    # Errors  Last Runtime    Last Run               Last # of DB Queries
----------------------------------------  -----  ---------  --------  ----------  --------------  -------------------  ----------------------
/home/minhle/mlops/dags/data_pipeline.py                           1           0  0.82s           2025-04-23T04:27:50                      12
================================================================================
[2025-04-23T11:28:27.555+0700] {manager.py:997} INFO - 
================================================================================
DAG File Processing Stats

File Path                                 PID    Runtime      # DAGs    # Errors  Last Runtime    Last Run               Last # of DB Queries
----------------------------------------  -----  ---------  --------  ----------  --------------  -------------------  ----------------------
/home/minhle/mlops/dags/data_pipeline.py                           1           0  0.91s           2025-04-23T04:28:27                      12
================================================================================
[2025-04-23T11:29:06.288+0700] {manager.py:997} INFO - 
================================================================================
DAG File Processing Stats

File Path                                 PID    Runtime      # DAGs    # Errors  Last Runtime    Last Run               Last # of DB Queries
----------------------------------------  -----  ---------  --------  ----------  --------------  -------------------  ----------------------
/home/minhle/mlops/dags/data_pipeline.py                           1           0  0.91s           2025-04-23T04:29:06                      12
================================================================================
[2025-04-23T11:29:37.833+0700] {manager.py:997} INFO - 
================================================================================
DAG File Processing Stats

File Path                                 PID    Runtime      # DAGs    # Errors  Last Runtime    Last Run               Last # of DB Queries
----------------------------------------  -----  ---------  --------  ----------  --------------  -------------------  ----------------------
/home/minhle/mlops/dags/data_pipeline.py                           1           0  0.81s           2025-04-23T04:29:37                      12
================================================================================
[2025-04-23T11:30:09.105+0700] {manager.py:997} INFO - 
================================================================================
DAG File Processing Stats

File Path                                 PID    Runtime      # DAGs    # Errors  Last Runtime    Last Run               Last # of DB Queries
----------------------------------------  -----  ---------  --------  ----------  --------------  -------------------  ----------------------
/home/minhle/mlops/dags/data_pipeline.py                           1           0  0.81s           2025-04-23T04:30:09                      12
================================================================================
[2025-04-23T11:30:39.963+0700] {manager.py:997} INFO - 
================================================================================
DAG File Processing Stats

File Path                                 PID    Runtime      # DAGs    # Errors  Last Runtime    Last Run               Last # of DB Queries
----------------------------------------  -----  ---------  --------  ----------  --------------  -------------------  ----------------------
/home/minhle/mlops/dags/data_pipeline.py                           1           0  0.81s           2025-04-23T04:30:39                      12
================================================================================
[2025-04-23T11:30:59.824+0700] {manager.py:821} INFO - Searching for files in /home/minhle/mlops/dags
[2025-04-23T11:30:59.827+0700] {manager.py:824} INFO - There are 1 files in /home/minhle/mlops/dags
[2025-04-23T11:31:10.880+0700] {manager.py:997} INFO - 
================================================================================
DAG File Processing Stats

File Path                                 PID    Runtime      # DAGs    # Errors  Last Runtime    Last Run               Last # of DB Queries
----------------------------------------  -----  ---------  --------  ----------  --------------  -------------------  ----------------------
/home/minhle/mlops/dags/data_pipeline.py                           1           0  0.81s           2025-04-23T04:31:10                      12
================================================================================
[2025-04-23T11:31:41.818+0700] {manager.py:997} INFO - 
================================================================================
DAG File Processing Stats

File Path                                 PID    Runtime      # DAGs    # Errors  Last Runtime    Last Run               Last # of DB Queries
----------------------------------------  -----  ---------  --------  ----------  --------------  -------------------  ----------------------
/home/minhle/mlops/dags/data_pipeline.py                           1           0  0.81s           2025-04-23T04:31:41                      12
================================================================================
[2025-04-23T11:32:12.735+0700] {manager.py:997} INFO - 
================================================================================
DAG File Processing Stats

File Path                                 PID    Runtime      # DAGs    # Errors  Last Runtime    Last Run               Last # of DB Queries
----------------------------------------  -----  ---------  --------  ----------  --------------  -------------------  ----------------------
/home/minhle/mlops/dags/data_pipeline.py                           1           0  0.81s           2025-04-23T04:32:12                      12
================================================================================
[2025-04-23T11:32:43.817+0700] {manager.py:997} INFO - 
================================================================================
DAG File Processing Stats

File Path                                 PID    Runtime      # DAGs    # Errors  Last Runtime    Last Run               Last # of DB Queries
----------------------------------------  -----  ---------  --------  ----------  --------------  -------------------  ----------------------
/home/minhle/mlops/dags/data_pipeline.py                           1           0  0.92s           2025-04-23T04:32:43                      12
================================================================================
[2025-04-23T11:33:15.444+0700] {manager.py:997} INFO - 
================================================================================
DAG File Processing Stats

File Path                                 PID    Runtime      # DAGs    # Errors  Last Runtime    Last Run               Last # of DB Queries
----------------------------------------  -----  ---------  --------  ----------  --------------  -------------------  ----------------------
/home/minhle/mlops/dags/data_pipeline.py                           1           0  1.43s           2025-04-23T04:33:15                      12
================================================================================
[2025-04-23T11:33:46.469+0700] {manager.py:997} INFO - 
================================================================================
DAG File Processing Stats

File Path                                 PID    Runtime      # DAGs    # Errors  Last Runtime    Last Run               Last # of DB Queries
----------------------------------------  -----  ---------  --------  ----------  --------------  -------------------  ----------------------
/home/minhle/mlops/dags/data_pipeline.py                           1           0  0.91s           2025-04-23T04:33:46                      12
================================================================================
[2025-04-23T11:34:17.402+0700] {manager.py:997} INFO - 
================================================================================
DAG File Processing Stats

File Path                                 PID    Runtime      # DAGs    # Errors  Last Runtime    Last Run               Last # of DB Queries
----------------------------------------  -----  ---------  --------  ----------  --------------  -------------------  ----------------------
/home/minhle/mlops/dags/data_pipeline.py                           1           0  0.81s           2025-04-23T04:34:17                      12
================================================================================
[2025-04-23T11:34:48.314+0700] {manager.py:997} INFO - 
================================================================================
DAG File Processing Stats

File Path                                 PID    Runtime      # DAGs    # Errors  Last Runtime    Last Run               Last # of DB Queries
----------------------------------------  -----  ---------  --------  ----------  --------------  -------------------  ----------------------
/home/minhle/mlops/dags/data_pipeline.py                           1           0  0.81s           2025-04-23T04:34:48                      12
================================================================================
[2025-04-23T11:35:19.221+0700] {manager.py:997} INFO - 
================================================================================
DAG File Processing Stats

File Path                                 PID    Runtime      # DAGs    # Errors  Last Runtime    Last Run               Last # of DB Queries
----------------------------------------  -----  ---------  --------  ----------  --------------  -------------------  ----------------------
/home/minhle/mlops/dags/data_pipeline.py                           1           0  0.82s           2025-04-23T04:35:19                      12
================================================================================
[2025-04-23T11:35:50.157+0700] {manager.py:997} INFO - 
================================================================================
DAG File Processing Stats

File Path                                 PID    Runtime      # DAGs    # Errors  Last Runtime    Last Run               Last # of DB Queries
----------------------------------------  -----  ---------  --------  ----------  --------------  -------------------  ----------------------
/home/minhle/mlops/dags/data_pipeline.py                           1           0  0.81s           2025-04-23T04:35:50                      12
================================================================================
[2025-04-23T11:35:59.854+0700] {manager.py:821} INFO - Searching for files in /home/minhle/mlops/dags
[2025-04-23T11:35:59.856+0700] {manager.py:824} INFO - There are 1 files in /home/minhle/mlops/dags
[2025-04-23T11:36:22.060+0700] {manager.py:997} INFO - 
================================================================================
DAG File Processing Stats

File Path                                 PID    Runtime      # DAGs    # Errors  Last Runtime    Last Run               Last # of DB Queries
----------------------------------------  -----  ---------  --------  ----------  --------------  -------------------  ----------------------
/home/minhle/mlops/dags/data_pipeline.py                           1           0  1.71s           2025-04-23T04:36:22                      12
================================================================================
[2025-04-23T11:36:53.261+0700] {manager.py:997} INFO - 
================================================================================
DAG File Processing Stats

File Path                                 PID    Runtime      # DAGs    # Errors  Last Runtime    Last Run               Last # of DB Queries
----------------------------------------  -----  ---------  --------  ----------  --------------  -------------------  ----------------------
/home/minhle/mlops/dags/data_pipeline.py                           1           0  0.91s           2025-04-23T04:36:53                      12
================================================================================
[2025-04-23T11:37:24.215+0700] {manager.py:997} INFO - 
================================================================================
DAG File Processing Stats

File Path                                 PID    Runtime      # DAGs    # Errors  Last Runtime    Last Run               Last # of DB Queries
----------------------------------------  -----  ---------  --------  ----------  --------------  -------------------  ----------------------
/home/minhle/mlops/dags/data_pipeline.py                           1           0  0.81s           2025-04-23T04:37:24                      12
================================================================================
[2025-04-23T11:37:55.714+0700] {manager.py:997} INFO - 
================================================================================
DAG File Processing Stats

File Path                                 PID    Runtime      # DAGs    # Errors  Last Runtime    Last Run               Last # of DB Queries
----------------------------------------  -----  ---------  --------  ----------  --------------  -------------------  ----------------------
/home/minhle/mlops/dags/data_pipeline.py                           1           0  1.41s           2025-04-23T04:37:55                      12
================================================================================
[2025-04-23T11:38:26.597+0700] {manager.py:997} INFO - 
================================================================================
DAG File Processing Stats

File Path                                 PID    Runtime      # DAGs    # Errors  Last Runtime    Last Run               Last # of DB Queries
----------------------------------------  -----  ---------  --------  ----------  --------------  -------------------  ----------------------
/home/minhle/mlops/dags/data_pipeline.py                           1           0  0.81s           2025-04-23T04:38:26                      12
================================================================================
[2025-04-23T11:38:57.490+0700] {manager.py:997} INFO - 
================================================================================
DAG File Processing Stats

File Path                                 PID    Runtime      # DAGs    # Errors  Last Runtime    Last Run               Last # of DB Queries
----------------------------------------  -----  ---------  --------  ----------  --------------  -------------------  ----------------------
/home/minhle/mlops/dags/data_pipeline.py                           1           0  0.81s           2025-04-23T04:38:57                      12
================================================================================
[2025-04-23T11:39:28.289+0700] {manager.py:997} INFO - 
================================================================================
DAG File Processing Stats

File Path                                 PID    Runtime      # DAGs    # Errors  Last Runtime    Last Run               Last # of DB Queries
----------------------------------------  -----  ---------  --------  ----------  --------------  -------------------  ----------------------
/home/minhle/mlops/dags/data_pipeline.py                           1           0  0.72s           2025-04-23T04:39:28                      12
================================================================================
[2025-04-23T11:39:59.069+0700] {manager.py:997} INFO - 
================================================================================
DAG File Processing Stats

File Path                                 PID    Runtime      # DAGs    # Errors  Last Runtime    Last Run               Last # of DB Queries
----------------------------------------  -----  ---------  --------  ----------  --------------  -------------------  ----------------------
/home/minhle/mlops/dags/data_pipeline.py                           1           0  0.71s           2025-04-23T04:39:59                      12
================================================================================
[2025-04-23T11:40:29.949+0700] {manager.py:997} INFO - 
================================================================================
DAG File Processing Stats

File Path                                 PID    Runtime      # DAGs    # Errors  Last Runtime    Last Run               Last # of DB Queries
----------------------------------------  -----  ---------  --------  ----------  --------------  -------------------  ----------------------
/home/minhle/mlops/dags/data_pipeline.py                           1           0  0.81s           2025-04-23T04:40:29                      12
================================================================================
[2025-04-23T11:40:59.885+0700] {manager.py:821} INFO - Searching for files in /home/minhle/mlops/dags
[2025-04-23T11:40:59.888+0700] {manager.py:824} INFO - There are 1 files in /home/minhle/mlops/dags
[2025-04-23T11:41:00.730+0700] {manager.py:997} INFO - 
================================================================================
DAG File Processing Stats

File Path                                 PID    Runtime      # DAGs    # Errors  Last Runtime    Last Run               Last # of DB Queries
----------------------------------------  -----  ---------  --------  ----------  --------------  -------------------  ----------------------
/home/minhle/mlops/dags/data_pipeline.py                           1           0  0.71s           2025-04-23T04:41:00                      12
================================================================================
[2025-04-23T11:41:31.683+0700] {manager.py:997} INFO - 
================================================================================
DAG File Processing Stats

File Path                                 PID    Runtime      # DAGs    # Errors  Last Runtime    Last Run               Last # of DB Queries
----------------------------------------  -----  ---------  --------  ----------  --------------  -------------------  ----------------------
/home/minhle/mlops/dags/data_pipeline.py                           1           0  0.81s           2025-04-23T04:41:31                      12
================================================================================
[2025-04-23T11:42:02.565+0700] {manager.py:997} INFO - 
================================================================================
DAG File Processing Stats

File Path                                 PID    Runtime      # DAGs    # Errors  Last Runtime    Last Run               Last # of DB Queries
----------------------------------------  -----  ---------  --------  ----------  --------------  -------------------  ----------------------
/home/minhle/mlops/dags/data_pipeline.py                           1           0  0.81s           2025-04-23T04:42:02                      12
================================================================================
[2025-04-23T11:42:33.384+0700] {manager.py:997} INFO - 
================================================================================
DAG File Processing Stats

File Path                                 PID    Runtime      # DAGs    # Errors  Last Runtime    Last Run               Last # of DB Queries
----------------------------------------  -----  ---------  --------  ----------  --------------  -------------------  ----------------------
/home/minhle/mlops/dags/data_pipeline.py                           1           0  0.72s           2025-04-23T04:42:33                      12
================================================================================
[2025-04-23T11:43:04.269+0700] {manager.py:997} INFO - 
================================================================================
DAG File Processing Stats

File Path                                 PID    Runtime      # DAGs    # Errors  Last Runtime    Last Run               Last # of DB Queries
----------------------------------------  -----  ---------  --------  ----------  --------------  -------------------  ----------------------
/home/minhle/mlops/dags/data_pipeline.py                           1           0  0.81s           2025-04-23T04:43:04                      12
================================================================================
[2025-04-23T11:43:35.504+0700] {manager.py:997} INFO - 
================================================================================
DAG File Processing Stats

File Path                                 PID    Runtime      # DAGs    # Errors  Last Runtime    Last Run               Last # of DB Queries
----------------------------------------  -----  ---------  --------  ----------  --------------  -------------------  ----------------------
/home/minhle/mlops/dags/data_pipeline.py                           1           0  1.11s           2025-04-23T04:43:35                      12
================================================================================
[2025-04-23T11:44:06.386+0700] {manager.py:997} INFO - 
================================================================================
DAG File Processing Stats

File Path                                 PID    Runtime      # DAGs    # Errors  Last Runtime    Last Run               Last # of DB Queries
----------------------------------------  -----  ---------  --------  ----------  --------------  -------------------  ----------------------
/home/minhle/mlops/dags/data_pipeline.py                           1           0  0.72s           2025-04-23T04:44:06                      12
================================================================================
[2025-04-23T11:44:37.242+0700] {manager.py:997} INFO - 
================================================================================
DAG File Processing Stats

File Path                                 PID    Runtime      # DAGs    # Errors  Last Runtime    Last Run               Last # of DB Queries
----------------------------------------  -----  ---------  --------  ----------  --------------  -------------------  ----------------------
/home/minhle/mlops/dags/data_pipeline.py                           1           0  0.71s           2025-04-23T04:44:37                      12
================================================================================
[2025-04-23T11:45:08.123+0700] {manager.py:997} INFO - 
================================================================================
DAG File Processing Stats

File Path                                 PID    Runtime      # DAGs    # Errors  Last Runtime    Last Run               Last # of DB Queries
----------------------------------------  -----  ---------  --------  ----------  --------------  -------------------  ----------------------
/home/minhle/mlops/dags/data_pipeline.py                           1           0  0.81s           2025-04-23T04:45:08                      12
================================================================================
[2025-04-23T11:45:39.009+0700] {manager.py:997} INFO - 
================================================================================
DAG File Processing Stats

File Path                                 PID    Runtime      # DAGs    # Errors  Last Runtime    Last Run               Last # of DB Queries
----------------------------------------  -----  ---------  --------  ----------  --------------  -------------------  ----------------------
/home/minhle/mlops/dags/data_pipeline.py                           1           0  0.81s           2025-04-23T04:45:39                      12
================================================================================
[2025-04-23T11:46:00.114+0700] {manager.py:821} INFO - Searching for files in /home/minhle/mlops/dags
[2025-04-23T11:46:00.116+0700] {manager.py:824} INFO - There are 1 files in /home/minhle/mlops/dags
[2025-04-23T11:46:09.881+0700] {manager.py:997} INFO - 
================================================================================
DAG File Processing Stats

File Path                                 PID    Runtime      # DAGs    # Errors  Last Runtime    Last Run               Last # of DB Queries
----------------------------------------  -----  ---------  --------  ----------  --------------  -------------------  ----------------------
/home/minhle/mlops/dags/data_pipeline.py                           1           0  0.81s           2025-04-23T04:46:09                      12
================================================================================
[2025-04-23T11:46:40.750+0700] {manager.py:997} INFO - 
================================================================================
DAG File Processing Stats

File Path                                 PID    Runtime      # DAGs    # Errors  Last Runtime    Last Run               Last # of DB Queries
----------------------------------------  -----  ---------  --------  ----------  --------------  -------------------  ----------------------
/home/minhle/mlops/dags/data_pipeline.py                           1           0  0.71s           2025-04-23T04:46:40                      12
================================================================================
[2025-04-23T11:47:11.534+0700] {manager.py:997} INFO - 
================================================================================
DAG File Processing Stats

File Path                                 PID    Runtime      # DAGs    # Errors  Last Runtime    Last Run               Last # of DB Queries
----------------------------------------  -----  ---------  --------  ----------  --------------  -------------------  ----------------------
/home/minhle/mlops/dags/data_pipeline.py                           1           0  0.71s           2025-04-23T04:47:11                      12
================================================================================
[2025-04-23T11:47:42.315+0700] {manager.py:997} INFO - 
================================================================================
DAG File Processing Stats

File Path                                 PID    Runtime      # DAGs    # Errors  Last Runtime    Last Run               Last # of DB Queries
----------------------------------------  -----  ---------  --------  ----------  --------------  -------------------  ----------------------
/home/minhle/mlops/dags/data_pipeline.py                           1           0  0.71s           2025-04-23T04:47:42                      12
================================================================================
[2025-04-23T11:48:14.469+0700] {manager.py:997} INFO - 
================================================================================
DAG File Processing Stats

File Path                                 PID    Runtime      # DAGs    # Errors  Last Runtime    Last Run               Last # of DB Queries
----------------------------------------  -----  ---------  --------  ----------  --------------  -------------------  ----------------------
/home/minhle/mlops/dags/data_pipeline.py                           1           0  0.70s           2025-04-23T04:48:14                      12
================================================================================
[2025-04-23T11:48:46.469+0700] {manager.py:997} INFO - 
================================================================================
DAG File Processing Stats

File Path                                 PID    Runtime      # DAGs    # Errors  Last Runtime    Last Run               Last # of DB Queries
----------------------------------------  -----  ---------  --------  ----------  --------------  -------------------  ----------------------
/home/minhle/mlops/dags/data_pipeline.py                           1           0  0.72s           2025-04-23T04:48:46                      12
================================================================================
[2025-04-23T11:49:17.326+0700] {manager.py:997} INFO - 
================================================================================
DAG File Processing Stats

File Path                                 PID    Runtime      # DAGs    # Errors  Last Runtime    Last Run               Last # of DB Queries
----------------------------------------  -----  ---------  --------  ----------  --------------  -------------------  ----------------------
/home/minhle/mlops/dags/data_pipeline.py                           1           0  0.71s           2025-04-23T04:49:17                      12
================================================================================
[2025-04-23T11:49:49.225+0700] {manager.py:997} INFO - 
================================================================================
DAG File Processing Stats

File Path                                 PID    Runtime      # DAGs    # Errors  Last Runtime    Last Run               Last # of DB Queries
----------------------------------------  -----  ---------  --------  ----------  --------------  -------------------  ----------------------
/home/minhle/mlops/dags/data_pipeline.py                           1           0  0.71s           2025-04-23T04:49:49                      12
================================================================================
[2025-04-23T11:50:20.862+0700] {manager.py:997} INFO - 
================================================================================
DAG File Processing Stats

File Path                                 PID    Runtime      # DAGs    # Errors  Last Runtime    Last Run               Last # of DB Queries
----------------------------------------  -----  ---------  --------  ----------  --------------  -------------------  ----------------------
/home/minhle/mlops/dags/data_pipeline.py                           1           0  0.81s           2025-04-23T04:50:20                      12
================================================================================
[2025-04-23T11:50:52.049+0700] {manager.py:997} INFO - 
================================================================================
DAG File Processing Stats

File Path                                 PID    Runtime      # DAGs    # Errors  Last Runtime    Last Run               Last # of DB Queries
----------------------------------------  -----  ---------  --------  ----------  --------------  -------------------  ----------------------
/home/minhle/mlops/dags/data_pipeline.py                           1           0  0.91s           2025-04-23T04:50:52                      12
================================================================================
[2025-04-23T11:51:00.521+0700] {manager.py:821} INFO - Searching for files in /home/minhle/mlops/dags
[2025-04-23T11:51:00.523+0700] {manager.py:824} INFO - There are 1 files in /home/minhle/mlops/dags
[2025-04-23T11:51:22.910+0700] {manager.py:997} INFO - 
================================================================================
DAG File Processing Stats

File Path                                 PID    Runtime      # DAGs    # Errors  Last Runtime    Last Run               Last # of DB Queries
----------------------------------------  -----  ---------  --------  ----------  --------------  -------------------  ----------------------
/home/minhle/mlops/dags/data_pipeline.py                           1           0  0.71s           2025-04-23T04:51:22                      12
================================================================================
[2025-04-23T11:51:54.441+0700] {manager.py:997} INFO - 
================================================================================
DAG File Processing Stats

File Path                                 PID    Runtime      # DAGs    # Errors  Last Runtime    Last Run               Last # of DB Queries
----------------------------------------  -----  ---------  --------  ----------  --------------  -------------------  ----------------------
/home/minhle/mlops/dags/data_pipeline.py                           1           0  0.71s           2025-04-23T04:51:54                      12
================================================================================
[2025-04-23T11:52:25.261+0700] {manager.py:997} INFO - 
================================================================================
DAG File Processing Stats

File Path                                 PID    Runtime      # DAGs    # Errors  Last Runtime    Last Run               Last # of DB Queries
----------------------------------------  -----  ---------  --------  ----------  --------------  -------------------  ----------------------
/home/minhle/mlops/dags/data_pipeline.py                           1           0  0.71s           2025-04-23T04:52:25                      12
================================================================================
[2025-04-23T11:52:56.390+0700] {manager.py:997} INFO - 
================================================================================
DAG File Processing Stats

File Path                                 PID    Runtime      # DAGs    # Errors  Last Runtime    Last Run               Last # of DB Queries
----------------------------------------  -----  ---------  --------  ----------  --------------  -------------------  ----------------------
/home/minhle/mlops/dags/data_pipeline.py                           1           0  0.81s           2025-04-23T04:52:56                      12
================================================================================
[2025-04-23T11:53:27.365+0700] {manager.py:997} INFO - 
================================================================================
DAG File Processing Stats

File Path                                 PID    Runtime      # DAGs    # Errors  Last Runtime    Last Run               Last # of DB Queries
----------------------------------------  -----  ---------  --------  ----------  --------------  -------------------  ----------------------
/home/minhle/mlops/dags/data_pipeline.py                           1           0  0.81s           2025-04-23T04:53:27                      12
================================================================================
[2025-04-23T11:53:58.249+0700] {manager.py:997} INFO - 
================================================================================
DAG File Processing Stats

File Path                                 PID    Runtime      # DAGs    # Errors  Last Runtime    Last Run               Last # of DB Queries
----------------------------------------  -----  ---------  --------  ----------  --------------  -------------------  ----------------------
/home/minhle/mlops/dags/data_pipeline.py                           1           0  0.71s           2025-04-23T04:53:58                      12
================================================================================
[2025-04-23T11:54:29.059+0700] {manager.py:997} INFO - 
================================================================================
DAG File Processing Stats

File Path                                 PID    Runtime      # DAGs    # Errors  Last Runtime    Last Run               Last # of DB Queries
----------------------------------------  -----  ---------  --------  ----------  --------------  -------------------  ----------------------
/home/minhle/mlops/dags/data_pipeline.py                           1           0  0.71s           2025-04-23T04:54:29                      12
================================================================================
[2025-04-23T11:54:59.866+0700] {manager.py:997} INFO - 
================================================================================
DAG File Processing Stats

File Path                                 PID    Runtime      # DAGs    # Errors  Last Runtime    Last Run               Last # of DB Queries
----------------------------------------  -----  ---------  --------  ----------  --------------  -------------------  ----------------------
/home/minhle/mlops/dags/data_pipeline.py                           1           0  0.71s           2025-04-23T04:54:59                      12
================================================================================
[2025-04-23T11:55:30.650+0700] {manager.py:997} INFO - 
================================================================================
DAG File Processing Stats

File Path                                 PID    Runtime      # DAGs    # Errors  Last Runtime    Last Run               Last # of DB Queries
----------------------------------------  -----  ---------  --------  ----------  --------------  -------------------  ----------------------
/home/minhle/mlops/dags/data_pipeline.py                           1           0  0.71s           2025-04-23T04:55:30                      12
================================================================================
[2025-04-23T11:56:00.713+0700] {manager.py:821} INFO - Searching for files in /home/minhle/mlops/dags
[2025-04-23T11:56:00.719+0700] {manager.py:824} INFO - There are 1 files in /home/minhle/mlops/dags
[2025-04-23T11:56:01.448+0700] {manager.py:997} INFO - 
================================================================================
DAG File Processing Stats

File Path                                 PID    Runtime      # DAGs    # Errors  Last Runtime    Last Run               Last # of DB Queries
----------------------------------------  -----  ---------  --------  ----------  --------------  -------------------  ----------------------
/home/minhle/mlops/dags/data_pipeline.py                           1           0  0.71s           2025-04-23T04:56:01                      12
================================================================================
[2025-04-23T11:56:32.223+0700] {manager.py:997} INFO - 
================================================================================
DAG File Processing Stats

File Path                                 PID    Runtime      # DAGs    # Errors  Last Runtime    Last Run               Last # of DB Queries
----------------------------------------  -----  ---------  --------  ----------  --------------  -------------------  ----------------------
/home/minhle/mlops/dags/data_pipeline.py                           1           0  0.70s           2025-04-23T04:56:32                      12
================================================================================
[2025-04-23T11:57:03.014+0700] {manager.py:997} INFO - 
================================================================================
DAG File Processing Stats

File Path                                 PID    Runtime      # DAGs    # Errors  Last Runtime    Last Run               Last # of DB Queries
----------------------------------------  -----  ---------  --------  ----------  --------------  -------------------  ----------------------
/home/minhle/mlops/dags/data_pipeline.py                           1           0  0.72s           2025-04-23T04:57:03                      12
================================================================================
[2025-04-23T11:57:33.782+0700] {manager.py:997} INFO - 
================================================================================
DAG File Processing Stats

File Path                                 PID    Runtime      # DAGs    # Errors  Last Runtime    Last Run               Last # of DB Queries
----------------------------------------  -----  ---------  --------  ----------  --------------  -------------------  ----------------------
/home/minhle/mlops/dags/data_pipeline.py                           1           0  0.71s           2025-04-23T04:57:33                      12
================================================================================
[2025-04-23T11:58:04.560+0700] {manager.py:997} INFO - 
================================================================================
DAG File Processing Stats

File Path                                 PID    Runtime      # DAGs    # Errors  Last Runtime    Last Run               Last # of DB Queries
----------------------------------------  -----  ---------  --------  ----------  --------------  -------------------  ----------------------
/home/minhle/mlops/dags/data_pipeline.py                           1           0  0.71s           2025-04-23T04:58:04                      12
================================================================================
[2025-04-23T11:58:35.450+0700] {manager.py:997} INFO - 
================================================================================
DAG File Processing Stats

File Path                                 PID    Runtime      # DAGs    # Errors  Last Runtime    Last Run               Last # of DB Queries
----------------------------------------  -----  ---------  --------  ----------  --------------  -------------------  ----------------------
/home/minhle/mlops/dags/data_pipeline.py                           1           0  0.71s           2025-04-23T04:58:35                      12
================================================================================
[2025-04-23T11:59:06.309+0700] {manager.py:997} INFO - 
================================================================================
DAG File Processing Stats

File Path                                 PID    Runtime      # DAGs    # Errors  Last Runtime    Last Run               Last # of DB Queries
----------------------------------------  -----  ---------  --------  ----------  --------------  -------------------  ----------------------
/home/minhle/mlops/dags/data_pipeline.py                           1           0  0.71s           2025-04-23T04:59:06                      12
================================================================================
[2025-04-23T11:59:37.024+0700] {manager.py:997} INFO - 
================================================================================
DAG File Processing Stats

File Path                                 PID    Runtime      # DAGs    # Errors  Last Runtime    Last Run               Last # of DB Queries
----------------------------------------  -----  ---------  --------  ----------  --------------  -------------------  ----------------------
/home/minhle/mlops/dags/data_pipeline.py                           1           0  0.71s           2025-04-23T04:59:37                      12
================================================================================
[2025-04-23T12:00:07.777+0700] {manager.py:997} INFO - 
================================================================================
DAG File Processing Stats

File Path                                 PID    Runtime      # DAGs    # Errors  Last Runtime    Last Run               Last # of DB Queries
----------------------------------------  -----  ---------  --------  ----------  --------------  -------------------  ----------------------
/home/minhle/mlops/dags/data_pipeline.py                           1           0  0.71s           2025-04-23T05:00:07                      12
================================================================================
[2025-04-23T12:00:38.547+0700] {manager.py:997} INFO - 
================================================================================
DAG File Processing Stats

File Path                                 PID    Runtime      # DAGs    # Errors  Last Runtime    Last Run               Last # of DB Queries
----------------------------------------  -----  ---------  --------  ----------  --------------  -------------------  ----------------------
/home/minhle/mlops/dags/data_pipeline.py                           1           0  0.70s           2025-04-23T05:00:38                      12
================================================================================
[2025-04-23T12:01:01.076+0700] {manager.py:821} INFO - Searching for files in /home/minhle/mlops/dags
[2025-04-23T12:01:01.083+0700] {manager.py:824} INFO - There are 1 files in /home/minhle/mlops/dags
[2025-04-23T12:01:10.081+0700] {manager.py:997} INFO - 
================================================================================
DAG File Processing Stats

File Path                                 PID    Runtime      # DAGs    # Errors  Last Runtime    Last Run               Last # of DB Queries
----------------------------------------  -----  ---------  --------  ----------  --------------  -------------------  ----------------------
/home/minhle/mlops/dags/data_pipeline.py                           1           0  1.31s           2025-04-23T05:01:10                      12
================================================================================
[2025-04-23T12:01:40.961+0700] {manager.py:997} INFO - 
================================================================================
DAG File Processing Stats

File Path                                 PID    Runtime      # DAGs    # Errors  Last Runtime    Last Run               Last # of DB Queries
----------------------------------------  -----  ---------  --------  ----------  --------------  -------------------  ----------------------
/home/minhle/mlops/dags/data_pipeline.py                           1           0  0.72s           2025-04-23T05:01:40                      12
================================================================================
[2025-04-23T12:02:11.738+0700] {manager.py:997} INFO - 
================================================================================
DAG File Processing Stats

File Path                                 PID    Runtime      # DAGs    # Errors  Last Runtime    Last Run               Last # of DB Queries
----------------------------------------  -----  ---------  --------  ----------  --------------  -------------------  ----------------------
/home/minhle/mlops/dags/data_pipeline.py                           1           0  0.72s           2025-04-23T05:02:11                      12
================================================================================
[2025-04-23T12:02:42.519+0700] {manager.py:997} INFO - 
================================================================================
DAG File Processing Stats

File Path                                 PID    Runtime      # DAGs    # Errors  Last Runtime    Last Run               Last # of DB Queries
----------------------------------------  -----  ---------  --------  ----------  --------------  -------------------  ----------------------
/home/minhle/mlops/dags/data_pipeline.py                           1           0  0.71s           2025-04-23T05:02:42                      12
================================================================================
[2025-04-23T12:03:13.351+0700] {manager.py:997} INFO - 
================================================================================
DAG File Processing Stats

File Path                                 PID    Runtime      # DAGs    # Errors  Last Runtime    Last Run               Last # of DB Queries
----------------------------------------  -----  ---------  --------  ----------  --------------  -------------------  ----------------------
/home/minhle/mlops/dags/data_pipeline.py                           1           0  0.81s           2025-04-23T05:03:13                      12
================================================================================
[2025-04-23T12:03:44.166+0700] {manager.py:997} INFO - 
================================================================================
DAG File Processing Stats

File Path                                 PID    Runtime      # DAGs    # Errors  Last Runtime    Last Run               Last # of DB Queries
----------------------------------------  -----  ---------  --------  ----------  --------------  -------------------  ----------------------
/home/minhle/mlops/dags/data_pipeline.py                           1           0  0.71s           2025-04-23T05:03:44                      12
================================================================================
[2025-04-23T12:04:14.951+0700] {manager.py:997} INFO - 
================================================================================
DAG File Processing Stats

File Path                                 PID    Runtime      # DAGs    # Errors  Last Runtime    Last Run               Last # of DB Queries
----------------------------------------  -----  ---------  --------  ----------  --------------  -------------------  ----------------------
/home/minhle/mlops/dags/data_pipeline.py                           1           0  0.71s           2025-04-23T05:04:14                      12
================================================================================
[2025-04-23T12:04:45.763+0700] {manager.py:997} INFO - 
================================================================================
DAG File Processing Stats

File Path                                 PID    Runtime      # DAGs    # Errors  Last Runtime    Last Run               Last # of DB Queries
----------------------------------------  -----  ---------  --------  ----------  --------------  -------------------  ----------------------
/home/minhle/mlops/dags/data_pipeline.py                           1           0  0.81s           2025-04-23T05:04:45                      12
================================================================================
[2025-04-23T12:05:16.543+0700] {manager.py:997} INFO - 
================================================================================
DAG File Processing Stats

File Path                                 PID    Runtime      # DAGs    # Errors  Last Runtime    Last Run               Last # of DB Queries
----------------------------------------  -----  ---------  --------  ----------  --------------  -------------------  ----------------------
/home/minhle/mlops/dags/data_pipeline.py                           1           0  0.71s           2025-04-23T05:05:16                      12
================================================================================
[2025-04-23T12:05:47.324+0700] {manager.py:997} INFO - 
================================================================================
DAG File Processing Stats

File Path                                 PID    Runtime      # DAGs    # Errors  Last Runtime    Last Run               Last # of DB Queries
----------------------------------------  -----  ---------  --------  ----------  --------------  -------------------  ----------------------
/home/minhle/mlops/dags/data_pipeline.py                           1           0  0.71s           2025-04-23T05:05:47                      12
================================================================================
[2025-04-23T12:06:02.099+0700] {manager.py:821} INFO - Searching for files in /home/minhle/mlops/dags
[2025-04-23T12:06:02.101+0700] {manager.py:824} INFO - There are 1 files in /home/minhle/mlops/dags
[2025-04-23T12:06:18.113+0700] {manager.py:997} INFO - 
================================================================================
DAG File Processing Stats

File Path                                 PID    Runtime      # DAGs    # Errors  Last Runtime    Last Run               Last # of DB Queries
----------------------------------------  -----  ---------  --------  ----------  --------------  -------------------  ----------------------
/home/minhle/mlops/dags/data_pipeline.py                           1           0  0.71s           2025-04-23T05:06:18                      12
================================================================================
[2025-04-23T12:06:48.885+0700] {manager.py:997} INFO - 
================================================================================
DAG File Processing Stats

File Path                                 PID    Runtime      # DAGs    # Errors  Last Runtime    Last Run               Last # of DB Queries
----------------------------------------  -----  ---------  --------  ----------  --------------  -------------------  ----------------------
/home/minhle/mlops/dags/data_pipeline.py                           1           0  0.71s           2025-04-23T05:06:48                      12
================================================================================
[2025-04-23T12:07:19.754+0700] {manager.py:997} INFO - 
================================================================================
DAG File Processing Stats

File Path                                 PID    Runtime      # DAGs    # Errors  Last Runtime    Last Run               Last # of DB Queries
----------------------------------------  -----  ---------  --------  ----------  --------------  -------------------  ----------------------
/home/minhle/mlops/dags/data_pipeline.py                           1           0  0.72s           2025-04-23T05:07:19                      12
================================================================================
[2025-04-23T12:07:51.089+0700] {manager.py:997} INFO - 
================================================================================
DAG File Processing Stats

File Path                                 PID    Runtime      # DAGs    # Errors  Last Runtime    Last Run               Last # of DB Queries
----------------------------------------  -----  ---------  --------  ----------  --------------  -------------------  ----------------------
/home/minhle/mlops/dags/data_pipeline.py                           1           0  1.21s           2025-04-23T05:07:51                      12
================================================================================
[2025-04-23T12:08:21.869+0700] {manager.py:997} INFO - 
================================================================================
DAG File Processing Stats

File Path                                 PID    Runtime      # DAGs    # Errors  Last Runtime    Last Run               Last # of DB Queries
----------------------------------------  -----  ---------  --------  ----------  --------------  -------------------  ----------------------
/home/minhle/mlops/dags/data_pipeline.py                           1           0  0.71s           2025-04-23T05:08:21                      12
================================================================================
[2025-04-23T12:08:52.656+0700] {manager.py:997} INFO - 
================================================================================
DAG File Processing Stats

File Path                                 PID    Runtime      # DAGs    # Errors  Last Runtime    Last Run               Last # of DB Queries
----------------------------------------  -----  ---------  --------  ----------  --------------  -------------------  ----------------------
/home/minhle/mlops/dags/data_pipeline.py                           1           0  0.71s           2025-04-23T05:08:52                      12
================================================================================
[2025-04-23T12:09:23.434+0700] {manager.py:997} INFO - 
================================================================================
DAG File Processing Stats

File Path                                 PID    Runtime      # DAGs    # Errors  Last Runtime    Last Run               Last # of DB Queries
----------------------------------------  -----  ---------  --------  ----------  --------------  -------------------  ----------------------
/home/minhle/mlops/dags/data_pipeline.py                           1           0  0.71s           2025-04-23T05:09:23                      12
================================================================================
[2025-04-23T12:09:54.715+0700] {manager.py:997} INFO - 
================================================================================
DAG File Processing Stats

File Path                                 PID    Runtime      # DAGs    # Errors  Last Runtime    Last Run               Last # of DB Queries
----------------------------------------  -----  ---------  --------  ----------  --------------  -------------------  ----------------------
/home/minhle/mlops/dags/data_pipeline.py                           1           0  0.81s           2025-04-23T05:09:54                      12
================================================================================
[2025-04-23T12:10:25.640+0700] {manager.py:997} INFO - 
================================================================================
DAG File Processing Stats

File Path                                 PID    Runtime      # DAGs    # Errors  Last Runtime    Last Run               Last # of DB Queries
----------------------------------------  -----  ---------  --------  ----------  --------------  -------------------  ----------------------
/home/minhle/mlops/dags/data_pipeline.py                           1           0  0.81s           2025-04-23T05:10:25                      12
================================================================================
[2025-04-23T12:10:56.433+0700] {manager.py:997} INFO - 
================================================================================
DAG File Processing Stats

File Path                                 PID    Runtime      # DAGs    # Errors  Last Runtime    Last Run               Last # of DB Queries
----------------------------------------  -----  ---------  --------  ----------  --------------  -------------------  ----------------------
/home/minhle/mlops/dags/data_pipeline.py                           1           0  0.71s           2025-04-23T05:10:56                      12
================================================================================
[2025-04-23T12:11:02.185+0700] {manager.py:821} INFO - Searching for files in /home/minhle/mlops/dags
[2025-04-23T12:11:02.186+0700] {manager.py:824} INFO - There are 1 files in /home/minhle/mlops/dags
[2025-04-23T12:11:27.225+0700] {manager.py:997} INFO - 
================================================================================
DAG File Processing Stats

File Path                                 PID    Runtime      # DAGs    # Errors  Last Runtime    Last Run               Last # of DB Queries
----------------------------------------  -----  ---------  --------  ----------  --------------  -------------------  ----------------------
/home/minhle/mlops/dags/data_pipeline.py                           1           0  0.72s           2025-04-23T05:11:27                      12
================================================================================
[2025-04-23T12:11:58.000+0700] {manager.py:997} INFO - 
================================================================================
DAG File Processing Stats

File Path                                 PID    Runtime      # DAGs    # Errors  Last Runtime    Last Run               Last # of DB Queries
----------------------------------------  -----  ---------  --------  ----------  --------------  -------------------  ----------------------
/home/minhle/mlops/dags/data_pipeline.py                           1           0  0.71s           2025-04-23T05:11:57                      12
================================================================================
[2025-04-23T12:12:30.205+0700] {manager.py:997} INFO - 
================================================================================
DAG File Processing Stats

File Path                                 PID    Runtime      # DAGs    # Errors  Last Runtime    Last Run               Last # of DB Queries
----------------------------------------  -----  ---------  --------  ----------  --------------  -------------------  ----------------------
/home/minhle/mlops/dags/data_pipeline.py                           1           0  0.71s           2025-04-23T05:12:30                      12
================================================================================
[2025-04-23T12:13:01.587+0700] {manager.py:997} INFO - 
================================================================================
DAG File Processing Stats

File Path                                 PID    Runtime      # DAGs    # Errors  Last Runtime    Last Run               Last # of DB Queries
----------------------------------------  -----  ---------  --------  ----------  --------------  -------------------  ----------------------
/home/minhle/mlops/dags/data_pipeline.py                           1           0  0.71s           2025-04-23T05:13:01                      12
================================================================================
[2025-04-23T12:13:33.744+0700] {manager.py:997} INFO - 
================================================================================
DAG File Processing Stats

File Path                                 PID    Runtime      # DAGs    # Errors  Last Runtime    Last Run               Last # of DB Queries
----------------------------------------  -----  ---------  --------  ----------  --------------  -------------------  ----------------------
/home/minhle/mlops/dags/data_pipeline.py                           1           0  0.71s           2025-04-23T05:13:33                      12
================================================================================
[2025-04-23T12:14:04.840+0700] {manager.py:997} INFO - 
================================================================================
DAG File Processing Stats

File Path                                 PID    Runtime      # DAGs    # Errors  Last Runtime    Last Run               Last # of DB Queries
----------------------------------------  -----  ---------  --------  ----------  --------------  -------------------  ----------------------
/home/minhle/mlops/dags/data_pipeline.py                           1           0  0.81s           2025-04-23T05:14:04                      12
================================================================================
[2025-04-23T12:14:36.025+0700] {manager.py:997} INFO - 
================================================================================
DAG File Processing Stats

File Path                                 PID    Runtime      # DAGs    # Errors  Last Runtime    Last Run               Last # of DB Queries
----------------------------------------  -----  ---------  --------  ----------  --------------  -------------------  ----------------------
/home/minhle/mlops/dags/data_pipeline.py                           1           0  0.71s           2025-04-23T05:14:36                      12
================================================================================
[2025-04-23T12:15:08.109+0700] {manager.py:997} INFO - 
================================================================================
DAG File Processing Stats

File Path                                 PID    Runtime      # DAGs    # Errors  Last Runtime    Last Run               Last # of DB Queries
----------------------------------------  -----  ---------  --------  ----------  --------------  -------------------  ----------------------
/home/minhle/mlops/dags/data_pipeline.py                           1           0  0.71s           2025-04-23T05:15:08                      12
================================================================================
[2025-04-23T12:15:40.094+0700] {manager.py:997} INFO - 
================================================================================
DAG File Processing Stats

File Path                                 PID    Runtime      # DAGs    # Errors  Last Runtime    Last Run               Last # of DB Queries
----------------------------------------  -----  ---------  --------  ----------  --------------  -------------------  ----------------------
/home/minhle/mlops/dags/data_pipeline.py                           1           0  0.71s           2025-04-23T05:15:40                      12
================================================================================
[2025-04-23T12:16:02.235+0700] {manager.py:821} INFO - Searching for files in /home/minhle/mlops/dags
[2025-04-23T12:16:02.237+0700] {manager.py:824} INFO - There are 1 files in /home/minhle/mlops/dags
[2025-04-23T12:16:11.323+0700] {manager.py:997} INFO - 
================================================================================
DAG File Processing Stats

File Path                                 PID    Runtime      # DAGs    # Errors  Last Runtime    Last Run               Last # of DB Queries
----------------------------------------  -----  ---------  --------  ----------  --------------  -------------------  ----------------------
/home/minhle/mlops/dags/data_pipeline.py                           1           0  0.72s           2025-04-23T05:16:11                      12
================================================================================
[2025-04-23T12:16:42.056+0700] {manager.py:997} INFO - 
================================================================================
DAG File Processing Stats

File Path                                 PID    Runtime      # DAGs    # Errors  Last Runtime    Last Run               Last # of DB Queries
----------------------------------------  -----  ---------  --------  ----------  --------------  -------------------  ----------------------
/home/minhle/mlops/dags/data_pipeline.py                           1           0  0.71s           2025-04-23T05:16:42                      12
================================================================================
[2025-04-23T12:17:13.179+0700] {manager.py:997} INFO - 
================================================================================
DAG File Processing Stats

File Path                                 PID    Runtime      # DAGs    # Errors  Last Runtime    Last Run               Last # of DB Queries
----------------------------------------  -----  ---------  --------  ----------  --------------  -------------------  ----------------------
/home/minhle/mlops/dags/data_pipeline.py                           1           0  0.70s           2025-04-23T05:17:13                      12
================================================================================
[2025-04-23T12:17:44.810+0700] {manager.py:997} INFO - 
================================================================================
DAG File Processing Stats

File Path                                 PID    Runtime      # DAGs    # Errors  Last Runtime    Last Run               Last # of DB Queries
----------------------------------------  -----  ---------  --------  ----------  --------------  -------------------  ----------------------
/home/minhle/mlops/dags/data_pipeline.py                           1           0  0.72s           2025-04-23T05:17:44                      12
================================================================================
[2025-04-23T12:18:15.784+0700] {manager.py:997} INFO - 
================================================================================
DAG File Processing Stats

File Path                                 PID    Runtime      # DAGs    # Errors  Last Runtime    Last Run               Last # of DB Queries
----------------------------------------  -----  ---------  --------  ----------  --------------  -------------------  ----------------------
/home/minhle/mlops/dags/data_pipeline.py                           1           0  0.71s           2025-04-23T05:18:15                      12
================================================================================
[2025-04-23T12:18:46.565+0700] {manager.py:997} INFO - 
================================================================================
DAG File Processing Stats

File Path                                 PID    Runtime      # DAGs    # Errors  Last Runtime    Last Run               Last # of DB Queries
----------------------------------------  -----  ---------  --------  ----------  --------------  -------------------  ----------------------
/home/minhle/mlops/dags/data_pipeline.py                           1           0  0.71s           2025-04-23T05:18:46                      12
================================================================================
[2025-04-23T12:19:17.430+0700] {manager.py:997} INFO - 
================================================================================
DAG File Processing Stats

File Path                                 PID    Runtime      # DAGs    # Errors  Last Runtime    Last Run               Last # of DB Queries
----------------------------------------  -----  ---------  --------  ----------  --------------  -------------------  ----------------------
/home/minhle/mlops/dags/data_pipeline.py                           1           0  0.81s           2025-04-23T05:19:17                      12
================================================================================
[2025-04-23T12:19:48.517+0700] {manager.py:997} INFO - 
================================================================================
DAG File Processing Stats

File Path                                 PID    Runtime      # DAGs    # Errors  Last Runtime    Last Run               Last # of DB Queries
----------------------------------------  -----  ---------  --------  ----------  --------------  -------------------  ----------------------
/home/minhle/mlops/dags/data_pipeline.py                           1           0  1.01s           2025-04-23T05:19:48                      12
================================================================================
[2025-04-23T12:20:19.299+0700] {manager.py:997} INFO - 
================================================================================
DAG File Processing Stats

File Path                                 PID    Runtime      # DAGs    # Errors  Last Runtime    Last Run               Last # of DB Queries
----------------------------------------  -----  ---------  --------  ----------  --------------  -------------------  ----------------------
/home/minhle/mlops/dags/data_pipeline.py                           1           0  0.71s           2025-04-23T05:20:19                      12
================================================================================
[2025-04-23T12:20:50.484+0700] {manager.py:997} INFO - 
================================================================================
DAG File Processing Stats

File Path                                 PID    Runtime      # DAGs    # Errors  Last Runtime    Last Run               Last # of DB Queries
----------------------------------------  -----  ---------  --------  ----------  --------------  -------------------  ----------------------
/home/minhle/mlops/dags/data_pipeline.py                           1           0  1.11s           2025-04-23T05:20:50                      12
================================================================================
[2025-04-23T12:21:02.711+0700] {manager.py:821} INFO - Searching for files in /home/minhle/mlops/dags
[2025-04-23T12:21:02.713+0700] {manager.py:824} INFO - There are 1 files in /home/minhle/mlops/dags
[2025-04-23T12:21:21.280+0700] {manager.py:997} INFO - 
================================================================================
DAG File Processing Stats

File Path                                 PID    Runtime      # DAGs    # Errors  Last Runtime    Last Run               Last # of DB Queries
----------------------------------------  -----  ---------  --------  ----------  --------------  -------------------  ----------------------
/home/minhle/mlops/dags/data_pipeline.py                           1           0  0.71s           2025-04-23T05:21:21                      12
================================================================================
[2025-04-23T12:21:52.465+0700] {manager.py:997} INFO - 
================================================================================
DAG File Processing Stats

File Path                                 PID    Runtime      # DAGs    # Errors  Last Runtime    Last Run               Last # of DB Queries
----------------------------------------  -----  ---------  --------  ----------  --------------  -------------------  ----------------------
/home/minhle/mlops/dags/data_pipeline.py                           1           0  1.11s           2025-04-23T05:21:52                      12
================================================================================
[2025-04-23T12:22:23.562+0700] {manager.py:997} INFO - 
================================================================================
DAG File Processing Stats

File Path                                 PID    Runtime      # DAGs    # Errors  Last Runtime    Last Run               Last # of DB Queries
----------------------------------------  -----  ---------  --------  ----------  --------------  -------------------  ----------------------
/home/minhle/mlops/dags/data_pipeline.py                           1           0  1.02s           2025-04-23T05:22:23                      12
================================================================================
[2025-04-23T12:22:54.450+0700] {manager.py:997} INFO - 
================================================================================
DAG File Processing Stats

File Path                                 PID    Runtime      # DAGs    # Errors  Last Runtime    Last Run               Last # of DB Queries
----------------------------------------  -----  ---------  --------  ----------  --------------  -------------------  ----------------------
/home/minhle/mlops/dags/data_pipeline.py                           1           0  0.81s           2025-04-23T05:22:54                      12
================================================================================
[2025-04-23T12:23:25.342+0700] {manager.py:997} INFO - 
================================================================================
DAG File Processing Stats

File Path                                 PID    Runtime      # DAGs    # Errors  Last Runtime    Last Run               Last # of DB Queries
----------------------------------------  -----  ---------  --------  ----------  --------------  -------------------  ----------------------
/home/minhle/mlops/dags/data_pipeline.py                           1           0  0.81s           2025-04-23T05:23:25                      12
================================================================================
[2025-04-23T12:23:56.134+0700] {manager.py:997} INFO - 
================================================================================
DAG File Processing Stats

File Path                                 PID    Runtime      # DAGs    # Errors  Last Runtime    Last Run               Last # of DB Queries
----------------------------------------  -----  ---------  --------  ----------  --------------  -------------------  ----------------------
/home/minhle/mlops/dags/data_pipeline.py                           1           0  0.71s           2025-04-23T05:23:56                      12
================================================================================
[2025-04-23T12:24:27.020+0700] {manager.py:997} INFO - 
================================================================================
DAG File Processing Stats

File Path                                 PID    Runtime      # DAGs    # Errors  Last Runtime    Last Run               Last # of DB Queries
----------------------------------------  -----  ---------  --------  ----------  --------------  -------------------  ----------------------
/home/minhle/mlops/dags/data_pipeline.py                           1           0  0.82s           2025-04-23T05:24:27                      12
================================================================================
[2025-04-23T12:24:57.796+0700] {manager.py:997} INFO - 
================================================================================
DAG File Processing Stats

File Path                                 PID    Runtime      # DAGs    # Errors  Last Runtime    Last Run               Last # of DB Queries
----------------------------------------  -----  ---------  --------  ----------  --------------  -------------------  ----------------------
/home/minhle/mlops/dags/data_pipeline.py                           1           0  0.71s           2025-04-23T05:24:57                      12
================================================================================
[2025-04-23T12:25:28.570+0700] {manager.py:997} INFO - 
================================================================================
DAG File Processing Stats

File Path                                 PID    Runtime      # DAGs    # Errors  Last Runtime    Last Run               Last # of DB Queries
----------------------------------------  -----  ---------  --------  ----------  --------------  -------------------  ----------------------
/home/minhle/mlops/dags/data_pipeline.py                           1           0  0.71s           2025-04-23T05:25:28                      12
================================================================================
[2025-04-23T12:25:59.513+0700] {manager.py:997} INFO - 
================================================================================
DAG File Processing Stats

File Path                                 PID    Runtime      # DAGs    # Errors  Last Runtime    Last Run               Last # of DB Queries
----------------------------------------  -----  ---------  --------  ----------  --------------  -------------------  ----------------------
/home/minhle/mlops/dags/data_pipeline.py                           1           0  0.81s           2025-04-23T05:25:59                      12
================================================================================
[2025-04-23T12:26:03.349+0700] {manager.py:821} INFO - Searching for files in /home/minhle/mlops/dags
[2025-04-23T12:26:03.351+0700] {manager.py:824} INFO - There are 1 files in /home/minhle/mlops/dags
[2025-04-23T12:26:30.307+0700] {manager.py:997} INFO - 
================================================================================
DAG File Processing Stats

File Path                                 PID    Runtime      # DAGs    # Errors  Last Runtime    Last Run               Last # of DB Queries
----------------------------------------  -----  ---------  --------  ----------  --------------  -------------------  ----------------------
/home/minhle/mlops/dags/data_pipeline.py                           1           0  0.71s           2025-04-23T05:26:30                      12
================================================================================
[2025-04-23T12:27:01.089+0700] {manager.py:997} INFO - 
================================================================================
DAG File Processing Stats

File Path                                 PID    Runtime      # DAGs    # Errors  Last Runtime    Last Run               Last # of DB Queries
----------------------------------------  -----  ---------  --------  ----------  --------------  -------------------  ----------------------
/home/minhle/mlops/dags/data_pipeline.py                           1           0  0.72s           2025-04-23T05:27:01                      12
================================================================================
[2025-04-23T12:27:31.886+0700] {manager.py:997} INFO - 
================================================================================
DAG File Processing Stats

File Path                                 PID    Runtime      # DAGs    # Errors  Last Runtime    Last Run               Last # of DB Queries
----------------------------------------  -----  ---------  --------  ----------  --------------  -------------------  ----------------------
/home/minhle/mlops/dags/data_pipeline.py                           1           0  0.70s           2025-04-23T05:27:31                      12
================================================================================
[2025-04-23T12:28:02.747+0700] {manager.py:997} INFO - 
================================================================================
DAG File Processing Stats

File Path                                 PID    Runtime      # DAGs    # Errors  Last Runtime    Last Run               Last # of DB Queries
----------------------------------------  -----  ---------  --------  ----------  --------------  -------------------  ----------------------
/home/minhle/mlops/dags/data_pipeline.py                           1           0  0.71s           2025-04-23T05:28:02                      12
================================================================================
[2025-04-23T12:28:33.947+0700] {manager.py:997} INFO - 
================================================================================
DAG File Processing Stats

File Path                                 PID    Runtime      # DAGs    # Errors  Last Runtime    Last Run               Last # of DB Queries
----------------------------------------  -----  ---------  --------  ----------  --------------  -------------------  ----------------------
/home/minhle/mlops/dags/data_pipeline.py                           1           0  0.71s           2025-04-23T05:28:33                      12
================================================================================
[2025-04-23T12:29:04.765+0700] {manager.py:997} INFO - 
================================================================================
DAG File Processing Stats

File Path                                 PID    Runtime      # DAGs    # Errors  Last Runtime    Last Run               Last # of DB Queries
----------------------------------------  -----  ---------  --------  ----------  --------------  -------------------  ----------------------
/home/minhle/mlops/dags/data_pipeline.py                           1           0  0.71s           2025-04-23T05:29:04                      12
================================================================================
[2025-04-23T12:29:35.552+0700] {manager.py:997} INFO - 
================================================================================
DAG File Processing Stats

File Path                                 PID    Runtime      # DAGs    # Errors  Last Runtime    Last Run               Last # of DB Queries
----------------------------------------  -----  ---------  --------  ----------  --------------  -------------------  ----------------------
/home/minhle/mlops/dags/data_pipeline.py                           1           0  0.71s           2025-04-23T05:29:35                      12
================================================================================
[2025-04-23T12:30:06.403+0700] {manager.py:997} INFO - 
================================================================================
DAG File Processing Stats

File Path                                 PID    Runtime      # DAGs    # Errors  Last Runtime    Last Run               Last # of DB Queries
----------------------------------------  -----  ---------  --------  ----------  --------------  -------------------  ----------------------
/home/minhle/mlops/dags/data_pipeline.py                           1           0  0.71s           2025-04-23T05:30:06                      12
================================================================================
[2025-04-23T12:30:37.378+0700] {manager.py:997} INFO - 
================================================================================
DAG File Processing Stats

File Path                                 PID    Runtime      # DAGs    # Errors  Last Runtime    Last Run               Last # of DB Queries
----------------------------------------  -----  ---------  --------  ----------  --------------  -------------------  ----------------------
/home/minhle/mlops/dags/data_pipeline.py                           1           0  0.71s           2025-04-23T05:30:37                      12
================================================================================
[2025-04-23T12:31:03.680+0700] {manager.py:821} INFO - Searching for files in /home/minhle/mlops/dags
[2025-04-23T12:31:03.681+0700] {manager.py:824} INFO - There are 1 files in /home/minhle/mlops/dags
[2025-04-23T12:31:08.887+0700] {manager.py:997} INFO - 
================================================================================
DAG File Processing Stats

File Path                                 PID    Runtime      # DAGs    # Errors  Last Runtime    Last Run               Last # of DB Queries
----------------------------------------  -----  ---------  --------  ----------  --------------  -------------------  ----------------------
/home/minhle/mlops/dags/data_pipeline.py                           1           0  1.41s           2025-04-23T05:31:08                      12
================================================================================
[2025-04-23T12:31:40.354+0700] {manager.py:997} INFO - 
================================================================================
DAG File Processing Stats

File Path                                 PID    Runtime      # DAGs    # Errors  Last Runtime    Last Run               Last # of DB Queries
----------------------------------------  -----  ---------  --------  ----------  --------------  -------------------  ----------------------
/home/minhle/mlops/dags/data_pipeline.py                           1           0  1.31s           2025-04-23T05:31:40                      12
================================================================================
[2025-04-23T12:32:11.168+0700] {manager.py:997} INFO - 
================================================================================
DAG File Processing Stats

File Path                                 PID    Runtime      # DAGs    # Errors  Last Runtime    Last Run               Last # of DB Queries
----------------------------------------  -----  ---------  --------  ----------  --------------  -------------------  ----------------------
/home/minhle/mlops/dags/data_pipeline.py                           1           0  0.70s           2025-04-23T05:32:11                      12
================================================================================
[2025-04-23T12:32:41.901+0700] {manager.py:997} INFO - 
================================================================================
DAG File Processing Stats

File Path                                 PID    Runtime      # DAGs    # Errors  Last Runtime    Last Run               Last # of DB Queries
----------------------------------------  -----  ---------  --------  ----------  --------------  -------------------  ----------------------
/home/minhle/mlops/dags/data_pipeline.py                           1           0  0.71s           2025-04-23T05:32:41                      12
================================================================================
[2025-04-23T12:33:12.728+0700] {manager.py:997} INFO - 
================================================================================
DAG File Processing Stats

File Path                                 PID    Runtime      # DAGs    # Errors  Last Runtime    Last Run               Last # of DB Queries
----------------------------------------  -----  ---------  --------  ----------  --------------  -------------------  ----------------------
/home/minhle/mlops/dags/data_pipeline.py                           1           0  0.71s           2025-04-23T05:33:12                      12
================================================================================
[2025-04-23T12:33:43.551+0700] {manager.py:997} INFO - 
================================================================================
DAG File Processing Stats

File Path                                 PID    Runtime      # DAGs    # Errors  Last Runtime    Last Run               Last # of DB Queries
----------------------------------------  -----  ---------  --------  ----------  --------------  -------------------  ----------------------
/home/minhle/mlops/dags/data_pipeline.py                           1           0  0.72s           2025-04-23T05:33:43                      12
================================================================================
[2025-04-23T12:34:15.405+0700] {manager.py:997} INFO - 
================================================================================
DAG File Processing Stats

File Path                                 PID    Runtime      # DAGs    # Errors  Last Runtime    Last Run               Last # of DB Queries
----------------------------------------  -----  ---------  --------  ----------  --------------  -------------------  ----------------------
/home/minhle/mlops/dags/data_pipeline.py                           1           0  1.11s           2025-04-23T05:34:15                      12
================================================================================
[2025-04-23T12:34:46.290+0700] {manager.py:997} INFO - 
================================================================================
DAG File Processing Stats

File Path                                 PID    Runtime      # DAGs    # Errors  Last Runtime    Last Run               Last # of DB Queries
----------------------------------------  -----  ---------  --------  ----------  --------------  -------------------  ----------------------
/home/minhle/mlops/dags/data_pipeline.py                           1           0  0.71s           2025-04-23T05:34:46                      12
================================================================================
[2025-04-23T12:35:17.091+0700] {manager.py:997} INFO - 
================================================================================
DAG File Processing Stats

File Path                                 PID    Runtime      # DAGs    # Errors  Last Runtime    Last Run               Last # of DB Queries
----------------------------------------  -----  ---------  --------  ----------  --------------  -------------------  ----------------------
/home/minhle/mlops/dags/data_pipeline.py                           1           0  0.71s           2025-04-23T05:35:17                      12
================================================================================
[2025-04-23T12:35:47.907+0700] {manager.py:997} INFO - 
================================================================================
DAG File Processing Stats

File Path                                 PID    Runtime      # DAGs    # Errors  Last Runtime    Last Run               Last # of DB Queries
----------------------------------------  -----  ---------  --------  ----------  --------------  -------------------  ----------------------
/home/minhle/mlops/dags/data_pipeline.py                           1           0  0.71s           2025-04-23T05:35:47                      12
================================================================================
[2025-04-23T12:36:04.529+0700] {manager.py:821} INFO - Searching for files in /home/minhle/mlops/dags
[2025-04-23T12:36:04.532+0700] {manager.py:824} INFO - There are 1 files in /home/minhle/mlops/dags
[2025-04-23T12:36:18.728+0700] {manager.py:997} INFO - 
================================================================================
DAG File Processing Stats

File Path                                 PID    Runtime      # DAGs    # Errors  Last Runtime    Last Run               Last # of DB Queries
----------------------------------------  -----  ---------  --------  ----------  --------------  -------------------  ----------------------
/home/minhle/mlops/dags/data_pipeline.py                           1           0  0.71s           2025-04-23T05:36:18                      12
================================================================================
[2025-04-23T12:36:49.606+0700] {manager.py:997} INFO - 
================================================================================
DAG File Processing Stats

File Path                                 PID    Runtime      # DAGs    # Errors  Last Runtime    Last Run               Last # of DB Queries
----------------------------------------  -----  ---------  --------  ----------  --------------  -------------------  ----------------------
/home/minhle/mlops/dags/data_pipeline.py                           1           0  0.80s           2025-04-23T05:36:49                      12
================================================================================
[2025-04-23T12:37:20.958+0700] {manager.py:997} INFO - 
================================================================================
DAG File Processing Stats

File Path                                 PID    Runtime      # DAGs    # Errors  Last Runtime    Last Run               Last # of DB Queries
----------------------------------------  -----  ---------  --------  ----------  --------------  -------------------  ----------------------
/home/minhle/mlops/dags/data_pipeline.py                           1           0  1.21s           2025-04-23T05:37:20                      12
================================================================================
[2025-04-23T12:37:51.744+0700] {manager.py:997} INFO - 
================================================================================
DAG File Processing Stats

File Path                                 PID    Runtime      # DAGs    # Errors  Last Runtime    Last Run               Last # of DB Queries
----------------------------------------  -----  ---------  --------  ----------  --------------  -------------------  ----------------------
/home/minhle/mlops/dags/data_pipeline.py                           1           0  0.71s           2025-04-23T05:37:51                      12
================================================================================
[2025-04-23T12:38:22.521+0700] {manager.py:997} INFO - 
================================================================================
DAG File Processing Stats

File Path                                 PID    Runtime      # DAGs    # Errors  Last Runtime    Last Run               Last # of DB Queries
----------------------------------------  -----  ---------  --------  ----------  --------------  -------------------  ----------------------
/home/minhle/mlops/dags/data_pipeline.py                           1           0  0.71s           2025-04-23T05:38:22                      12
================================================================================
[2025-04-23T12:38:53.307+0700] {manager.py:997} INFO - 
================================================================================
DAG File Processing Stats

File Path                                 PID    Runtime      # DAGs    # Errors  Last Runtime    Last Run               Last # of DB Queries
----------------------------------------  -----  ---------  --------  ----------  --------------  -------------------  ----------------------
/home/minhle/mlops/dags/data_pipeline.py                           1           0  0.71s           2025-04-23T05:38:53                      12
================================================================================
[2025-04-23T12:39:24.030+0700] {manager.py:997} INFO - 
================================================================================
DAG File Processing Stats

File Path                                 PID    Runtime      # DAGs    # Errors  Last Runtime    Last Run               Last # of DB Queries
----------------------------------------  -----  ---------  --------  ----------  --------------  -------------------  ----------------------
/home/minhle/mlops/dags/data_pipeline.py                           1           0  0.71s           2025-04-23T05:39:24                      12
================================================================================
[2025-04-23T12:39:55.284+0700] {manager.py:997} INFO - 
================================================================================
DAG File Processing Stats

File Path                                 PID    Runtime      # DAGs    # Errors  Last Runtime    Last Run               Last # of DB Queries
----------------------------------------  -----  ---------  --------  ----------  --------------  -------------------  ----------------------
/home/minhle/mlops/dags/data_pipeline.py                           1           0  1.11s           2025-04-23T05:39:55                      12
================================================================================
[2025-04-23T12:40:26.526+0700] {manager.py:997} INFO - 
================================================================================
DAG File Processing Stats

File Path                                 PID    Runtime      # DAGs    # Errors  Last Runtime    Last Run               Last # of DB Queries
----------------------------------------  -----  ---------  --------  ----------  --------------  -------------------  ----------------------
/home/minhle/mlops/dags/data_pipeline.py                           1           0  1.11s           2025-04-23T05:40:26                      12
================================================================================
[2025-04-23T12:40:57.897+0700] {manager.py:997} INFO - 
================================================================================
DAG File Processing Stats

File Path                                 PID    Runtime      # DAGs    # Errors  Last Runtime    Last Run               Last # of DB Queries
----------------------------------------  -----  ---------  --------  ----------  --------------  -------------------  ----------------------
/home/minhle/mlops/dags/data_pipeline.py                           1           0  1.21s           2025-04-23T05:40:57                      12
================================================================================
[2025-04-23T12:41:05.300+0700] {manager.py:821} INFO - Searching for files in /home/minhle/mlops/dags
[2025-04-23T12:41:05.302+0700] {manager.py:824} INFO - There are 1 files in /home/minhle/mlops/dags
[2025-04-23T12:41:28.738+0700] {manager.py:997} INFO - 
================================================================================
DAG File Processing Stats

File Path                                 PID    Runtime      # DAGs    # Errors  Last Runtime    Last Run               Last # of DB Queries
----------------------------------------  -----  ---------  --------  ----------  --------------  -------------------  ----------------------
/home/minhle/mlops/dags/data_pipeline.py                           1           0  0.70s           2025-04-23T05:41:28                      12
================================================================================
[2025-04-23T12:41:59.525+0700] {manager.py:997} INFO - 
================================================================================
DAG File Processing Stats

File Path                                 PID    Runtime      # DAGs    # Errors  Last Runtime    Last Run               Last # of DB Queries
----------------------------------------  -----  ---------  --------  ----------  --------------  -------------------  ----------------------
/home/minhle/mlops/dags/data_pipeline.py                           1           0  0.72s           2025-04-23T05:41:59                      12
================================================================================
[2025-04-23T12:42:30.316+0700] {manager.py:997} INFO - 
================================================================================
DAG File Processing Stats

File Path                                 PID    Runtime      # DAGs    # Errors  Last Runtime    Last Run               Last # of DB Queries
----------------------------------------  -----  ---------  --------  ----------  --------------  -------------------  ----------------------
/home/minhle/mlops/dags/data_pipeline.py                           1           0  0.71s           2025-04-23T05:42:30                      12
================================================================================
[2025-04-23T12:43:01.088+0700] {manager.py:997} INFO - 
================================================================================
DAG File Processing Stats

File Path                                 PID    Runtime      # DAGs    # Errors  Last Runtime    Last Run               Last # of DB Queries
----------------------------------------  -----  ---------  --------  ----------  --------------  -------------------  ----------------------
/home/minhle/mlops/dags/data_pipeline.py                           1           0  0.71s           2025-04-23T05:43:01                      12
================================================================================
[2025-04-23T12:43:31.863+0700] {manager.py:997} INFO - 
================================================================================
DAG File Processing Stats

File Path                                 PID    Runtime      # DAGs    # Errors  Last Runtime    Last Run               Last # of DB Queries
----------------------------------------  -----  ---------  --------  ----------  --------------  -------------------  ----------------------
/home/minhle/mlops/dags/data_pipeline.py                           1           0  0.71s           2025-04-23T05:43:31                      12
================================================================================
[2025-04-23T12:44:02.657+0700] {manager.py:997} INFO - 
================================================================================
DAG File Processing Stats

File Path                                 PID    Runtime      # DAGs    # Errors  Last Runtime    Last Run               Last # of DB Queries
----------------------------------------  -----  ---------  --------  ----------  --------------  -------------------  ----------------------
/home/minhle/mlops/dags/data_pipeline.py                           1           0  0.71s           2025-04-23T05:44:02                      12
================================================================================
[2025-04-23T12:44:33.383+0700] {manager.py:997} INFO - 
================================================================================
DAG File Processing Stats

File Path                                 PID    Runtime      # DAGs    # Errors  Last Runtime    Last Run               Last # of DB Queries
----------------------------------------  -----  ---------  --------  ----------  --------------  -------------------  ----------------------
/home/minhle/mlops/dags/data_pipeline.py                           1           0  0.71s           2025-04-23T05:44:33                      12
================================================================================
[2025-04-23T12:45:05.504+0700] {manager.py:997} INFO - 
================================================================================
DAG File Processing Stats

File Path                                 PID    Runtime      # DAGs    # Errors  Last Runtime    Last Run               Last # of DB Queries
----------------------------------------  -----  ---------  --------  ----------  --------------  -------------------  ----------------------
/home/minhle/mlops/dags/data_pipeline.py                           1           0  2.01s           2025-04-23T05:45:05                      12
================================================================================
[2025-04-23T12:45:36.476+0700] {manager.py:997} INFO - 
================================================================================
DAG File Processing Stats

File Path                                 PID    Runtime      # DAGs    # Errors  Last Runtime    Last Run               Last # of DB Queries
----------------------------------------  -----  ---------  --------  ----------  --------------  -------------------  ----------------------
/home/minhle/mlops/dags/data_pipeline.py                           1           0  0.81s           2025-04-23T05:45:36                      12
================================================================================
[2025-04-23T12:46:06.493+0700] {manager.py:821} INFO - Searching for files in /home/minhle/mlops/dags
[2025-04-23T12:46:06.495+0700] {manager.py:824} INFO - There are 1 files in /home/minhle/mlops/dags
[2025-04-23T12:46:07.212+0700] {manager.py:997} INFO - 
================================================================================
DAG File Processing Stats

File Path                                 PID    Runtime      # DAGs    # Errors  Last Runtime    Last Run               Last # of DB Queries
----------------------------------------  -----  ---------  --------  ----------  --------------  -------------------  ----------------------
/home/minhle/mlops/dags/data_pipeline.py                           1           0  0.71s           2025-04-23T05:46:07                      12
================================================================================
[2025-04-23T12:46:37.995+0700] {manager.py:997} INFO - 
================================================================================
DAG File Processing Stats

File Path                                 PID    Runtime      # DAGs    # Errors  Last Runtime    Last Run               Last # of DB Queries
----------------------------------------  -----  ---------  --------  ----------  --------------  -------------------  ----------------------
/home/minhle/mlops/dags/data_pipeline.py                           1           0  0.71s           2025-04-23T05:46:37                      12
================================================================================
[2025-04-23T12:47:08.772+0700] {manager.py:997} INFO - 
================================================================================
DAG File Processing Stats

File Path                                 PID    Runtime      # DAGs    # Errors  Last Runtime    Last Run               Last # of DB Queries
----------------------------------------  -----  ---------  --------  ----------  --------------  -------------------  ----------------------
/home/minhle/mlops/dags/data_pipeline.py                           1           0  0.71s           2025-04-23T05:47:08                      12
================================================================================
[2025-04-23T12:47:40.564+0700] {manager.py:997} INFO - 
================================================================================
DAG File Processing Stats

File Path                                 PID    Runtime      # DAGs    # Errors  Last Runtime    Last Run               Last # of DB Queries
----------------------------------------  -----  ---------  --------  ----------  --------------  -------------------  ----------------------
/home/minhle/mlops/dags/data_pipeline.py                           1           0  1.71s           2025-04-23T05:47:40                      12
================================================================================
[2025-04-23T12:48:11.703+0700] {manager.py:997} INFO - 
================================================================================
DAG File Processing Stats

File Path                                 PID    Runtime      # DAGs    # Errors  Last Runtime    Last Run               Last # of DB Queries
----------------------------------------  -----  ---------  --------  ----------  --------------  -------------------  ----------------------
/home/minhle/mlops/dags/data_pipeline.py                           1           0  1.01s           2025-04-23T05:48:11                      12
================================================================================
[2025-04-23T12:48:43.164+0700] {manager.py:997} INFO - 
================================================================================
DAG File Processing Stats

File Path                                 PID    Runtime      # DAGs    # Errors  Last Runtime    Last Run               Last # of DB Queries
----------------------------------------  -----  ---------  --------  ----------  --------------  -------------------  ----------------------
/home/minhle/mlops/dags/data_pipeline.py                           1           0  1.31s           2025-04-23T05:48:43                      12
================================================================================
[2025-04-23T12:49:14.100+0700] {manager.py:997} INFO - 
================================================================================
DAG File Processing Stats

File Path                                 PID    Runtime      # DAGs    # Errors  Last Runtime    Last Run               Last # of DB Queries
----------------------------------------  -----  ---------  --------  ----------  --------------  -------------------  ----------------------
/home/minhle/mlops/dags/data_pipeline.py                           1           0  0.81s           2025-04-23T05:49:14                      12
================================================================================
[2025-04-23T12:49:44.984+0700] {manager.py:997} INFO - 
================================================================================
DAG File Processing Stats

File Path                                 PID    Runtime      # DAGs    # Errors  Last Runtime    Last Run               Last # of DB Queries
----------------------------------------  -----  ---------  --------  ----------  --------------  -------------------  ----------------------
/home/minhle/mlops/dags/data_pipeline.py                           1           0  0.81s           2025-04-23T05:49:44                      12
================================================================================
[2025-04-23T12:50:15.759+0700] {manager.py:997} INFO - 
================================================================================
DAG File Processing Stats

File Path                                 PID    Runtime      # DAGs    # Errors  Last Runtime    Last Run               Last # of DB Queries
----------------------------------------  -----  ---------  --------  ----------  --------------  -------------------  ----------------------
/home/minhle/mlops/dags/data_pipeline.py                           1           0  0.71s           2025-04-23T05:50:15                      12
================================================================================
[2025-04-23T12:50:46.522+0700] {manager.py:997} INFO - 
================================================================================
DAG File Processing Stats

File Path                                 PID    Runtime      # DAGs    # Errors  Last Runtime    Last Run               Last # of DB Queries
----------------------------------------  -----  ---------  --------  ----------  --------------  -------------------  ----------------------
/home/minhle/mlops/dags/data_pipeline.py                           1           0  0.71s           2025-04-23T05:50:46                      12
================================================================================
[2025-04-23T12:51:06.595+0700] {manager.py:821} INFO - Searching for files in /home/minhle/mlops/dags
[2025-04-23T12:51:06.597+0700] {manager.py:824} INFO - There are 1 files in /home/minhle/mlops/dags
[2025-04-23T12:51:17.289+0700] {manager.py:997} INFO - 
================================================================================
DAG File Processing Stats

File Path                                 PID    Runtime      # DAGs    # Errors  Last Runtime    Last Run               Last # of DB Queries
----------------------------------------  -----  ---------  --------  ----------  --------------  -------------------  ----------------------
/home/minhle/mlops/dags/data_pipeline.py                           1           0  0.71s           2025-04-23T05:51:17                      12
================================================================================
[2025-04-23T12:51:48.070+0700] {manager.py:997} INFO - 
================================================================================
DAG File Processing Stats

File Path                                 PID    Runtime      # DAGs    # Errors  Last Runtime    Last Run               Last # of DB Queries
----------------------------------------  -----  ---------  --------  ----------  --------------  -------------------  ----------------------
/home/minhle/mlops/dags/data_pipeline.py                           1           0  0.71s           2025-04-23T05:51:48                      12
================================================================================
[2025-04-23T12:52:19.016+0700] {manager.py:997} INFO - 
================================================================================
DAG File Processing Stats

File Path                                 PID    Runtime      # DAGs    # Errors  Last Runtime    Last Run               Last # of DB Queries
----------------------------------------  -----  ---------  --------  ----------  --------------  -------------------  ----------------------
/home/minhle/mlops/dags/data_pipeline.py                           1           0  0.81s           2025-04-23T05:52:19                      12
================================================================================
[2025-04-23T12:52:49.886+0700] {manager.py:997} INFO - 
================================================================================
DAG File Processing Stats

File Path                                 PID    Runtime      # DAGs    # Errors  Last Runtime    Last Run               Last # of DB Queries
----------------------------------------  -----  ---------  --------  ----------  --------------  -------------------  ----------------------
/home/minhle/mlops/dags/data_pipeline.py                           1           0  0.71s           2025-04-23T05:52:49                      12
================================================================================
[2025-04-23T12:53:20.668+0700] {manager.py:997} INFO - 
================================================================================
DAG File Processing Stats

File Path                                 PID    Runtime      # DAGs    # Errors  Last Runtime    Last Run               Last # of DB Queries
----------------------------------------  -----  ---------  --------  ----------  --------------  -------------------  ----------------------
/home/minhle/mlops/dags/data_pipeline.py                           1           0  0.71s           2025-04-23T05:53:20                      12
================================================================================
[2025-04-23T12:53:51.433+0700] {manager.py:997} INFO - 
================================================================================
DAG File Processing Stats

File Path                                 PID    Runtime      # DAGs    # Errors  Last Runtime    Last Run               Last # of DB Queries
----------------------------------------  -----  ---------  --------  ----------  --------------  -------------------  ----------------------
/home/minhle/mlops/dags/data_pipeline.py                           1           0  0.71s           2025-04-23T05:53:51                      12
================================================================================
[2025-04-23T12:54:22.305+0700] {manager.py:997} INFO - 
================================================================================
DAG File Processing Stats

File Path                                 PID    Runtime      # DAGs    # Errors  Last Runtime    Last Run               Last # of DB Queries
----------------------------------------  -----  ---------  --------  ----------  --------------  -------------------  ----------------------
/home/minhle/mlops/dags/data_pipeline.py                           1           0  0.81s           2025-04-23T05:54:22                      12
================================================================================
[2025-04-23T12:54:53.671+0700] {manager.py:997} INFO - 
================================================================================
DAG File Processing Stats

File Path                                 PID    Runtime      # DAGs    # Errors  Last Runtime    Last Run               Last # of DB Queries
----------------------------------------  -----  ---------  --------  ----------  --------------  -------------------  ----------------------
/home/minhle/mlops/dags/data_pipeline.py                           1           0  1.21s           2025-04-23T05:54:53                      12
================================================================================
[2025-04-23T12:55:24.637+0700] {manager.py:997} INFO - 
================================================================================
DAG File Processing Stats

File Path                                 PID    Runtime      # DAGs    # Errors  Last Runtime    Last Run               Last # of DB Queries
----------------------------------------  -----  ---------  --------  ----------  --------------  -------------------  ----------------------
/home/minhle/mlops/dags/data_pipeline.py                           1           0  0.81s           2025-04-23T05:55:24                      12
================================================================================
[2025-04-23T12:55:55.428+0700] {manager.py:997} INFO - 
================================================================================
DAG File Processing Stats

File Path                                 PID    Runtime      # DAGs    # Errors  Last Runtime    Last Run               Last # of DB Queries
----------------------------------------  -----  ---------  --------  ----------  --------------  -------------------  ----------------------
/home/minhle/mlops/dags/data_pipeline.py                           1           0  0.71s           2025-04-23T05:55:55                      12
================================================================================
[2025-04-23T12:56:07.533+0700] {manager.py:821} INFO - Searching for files in /home/minhle/mlops/dags
[2025-04-23T12:56:07.536+0700] {manager.py:824} INFO - There are 1 files in /home/minhle/mlops/dags
[2025-04-23T12:56:26.198+0700] {manager.py:997} INFO - 
================================================================================
DAG File Processing Stats

File Path                                 PID    Runtime      # DAGs    # Errors  Last Runtime    Last Run               Last # of DB Queries
----------------------------------------  -----  ---------  --------  ----------  --------------  -------------------  ----------------------
/home/minhle/mlops/dags/data_pipeline.py                           1           0  0.72s           2025-04-23T05:56:26                      12
================================================================================
[2025-04-23T12:56:57.010+0700] {manager.py:997} INFO - 
================================================================================
DAG File Processing Stats

File Path                                 PID    Runtime      # DAGs    # Errors  Last Runtime    Last Run               Last # of DB Queries
----------------------------------------  -----  ---------  --------  ----------  --------------  -------------------  ----------------------
/home/minhle/mlops/dags/data_pipeline.py                           1           0  0.71s           2025-04-23T05:56:57                      12
================================================================================
[2025-04-23T12:57:27.795+0700] {manager.py:997} INFO - 
================================================================================
DAG File Processing Stats

File Path                                 PID    Runtime      # DAGs    # Errors  Last Runtime    Last Run               Last # of DB Queries
----------------------------------------  -----  ---------  --------  ----------  --------------  -------------------  ----------------------
/home/minhle/mlops/dags/data_pipeline.py                           1           0  0.71s           2025-04-23T05:57:27                      12
================================================================================
[2025-04-23T12:57:59.847+0700] {manager.py:997} INFO - 
================================================================================
DAG File Processing Stats

File Path                                 PID    Runtime      # DAGs    # Errors  Last Runtime    Last Run               Last # of DB Queries
----------------------------------------  -----  ---------  --------  ----------  --------------  -------------------  ----------------------
/home/minhle/mlops/dags/data_pipeline.py                           1           0  1.91s           2025-04-23T05:57:59                      12
================================================================================
[2025-04-23T12:58:30.703+0700] {manager.py:997} INFO - 
================================================================================
DAG File Processing Stats

File Path                                 PID    Runtime      # DAGs    # Errors  Last Runtime    Last Run               Last # of DB Queries
----------------------------------------  -----  ---------  --------  ----------  --------------  -------------------  ----------------------
/home/minhle/mlops/dags/data_pipeline.py                           1           0  0.71s           2025-04-23T05:58:30                      12
================================================================================
[2025-04-23T12:59:01.499+0700] {manager.py:997} INFO - 
================================================================================
DAG File Processing Stats

File Path                                 PID    Runtime      # DAGs    # Errors  Last Runtime    Last Run               Last # of DB Queries
----------------------------------------  -----  ---------  --------  ----------  --------------  -------------------  ----------------------
/home/minhle/mlops/dags/data_pipeline.py                           1           0  0.73s           2025-04-23T05:59:01                      12
================================================================================
[2025-04-23T12:59:32.289+0700] {manager.py:997} INFO - 
================================================================================
DAG File Processing Stats

File Path                                 PID    Runtime      # DAGs    # Errors  Last Runtime    Last Run               Last # of DB Queries
----------------------------------------  -----  ---------  --------  ----------  --------------  -------------------  ----------------------
/home/minhle/mlops/dags/data_pipeline.py                           1           0  0.71s           2025-04-23T05:59:32                      12
================================================================================
[2025-04-23T13:00:03.084+0700] {manager.py:997} INFO - 
================================================================================
DAG File Processing Stats

File Path                                 PID    Runtime      # DAGs    # Errors  Last Runtime    Last Run               Last # of DB Queries
----------------------------------------  -----  ---------  --------  ----------  --------------  -------------------  ----------------------
/home/minhle/mlops/dags/data_pipeline.py                           1           0  0.71s           2025-04-23T06:00:03                      12
================================================================================
[2025-04-23T13:00:34.027+0700] {manager.py:997} INFO - 
================================================================================
DAG File Processing Stats

File Path                                 PID    Runtime      # DAGs    # Errors  Last Runtime    Last Run               Last # of DB Queries
----------------------------------------  -----  ---------  --------  ----------  --------------  -------------------  ----------------------
/home/minhle/mlops/dags/data_pipeline.py                           1           0  0.81s           2025-04-23T06:00:34                      12
================================================================================
[2025-04-23T13:01:04.897+0700] {manager.py:997} INFO - 
================================================================================
DAG File Processing Stats

File Path                                 PID    Runtime      # DAGs    # Errors  Last Runtime    Last Run               Last # of DB Queries
----------------------------------------  -----  ---------  --------  ----------  --------------  -------------------  ----------------------
/home/minhle/mlops/dags/data_pipeline.py                           1           0  0.80s           2025-04-23T06:01:04                      12
================================================================================
[2025-04-23T13:01:08.443+0700] {manager.py:821} INFO - Searching for files in /home/minhle/mlops/dags
[2025-04-23T13:01:08.446+0700] {manager.py:824} INFO - There are 1 files in /home/minhle/mlops/dags
[2025-04-23T13:01:35.672+0700] {manager.py:997} INFO - 
================================================================================
DAG File Processing Stats

File Path                                 PID    Runtime      # DAGs    # Errors  Last Runtime    Last Run               Last # of DB Queries
----------------------------------------  -----  ---------  --------  ----------  --------------  -------------------  ----------------------
/home/minhle/mlops/dags/data_pipeline.py                           1           0  0.71s           2025-04-23T06:01:35                      12
================================================================================
[2025-04-23T13:02:06.482+0700] {manager.py:997} INFO - 
================================================================================
DAG File Processing Stats

File Path                                 PID    Runtime      # DAGs    # Errors  Last Runtime    Last Run               Last # of DB Queries
----------------------------------------  -----  ---------  --------  ----------  --------------  -------------------  ----------------------
/home/minhle/mlops/dags/data_pipeline.py                           1           0  0.71s           2025-04-23T06:02:06                      12
================================================================================
[2025-04-23T13:02:37.398+0700] {manager.py:997} INFO - 
================================================================================
DAG File Processing Stats

File Path                                 PID    Runtime      # DAGs    # Errors  Last Runtime    Last Run               Last # of DB Queries
----------------------------------------  -----  ---------  --------  ----------  --------------  -------------------  ----------------------
/home/minhle/mlops/dags/data_pipeline.py                           1           0  0.81s           2025-04-23T06:02:37                      12
================================================================================
[2025-04-23T13:03:08.905+0700] {manager.py:997} INFO - 
================================================================================
DAG File Processing Stats

File Path                                 PID    Runtime      # DAGs    # Errors  Last Runtime    Last Run               Last # of DB Queries
----------------------------------------  -----  ---------  --------  ----------  --------------  -------------------  ----------------------
/home/minhle/mlops/dags/data_pipeline.py                           1           0  1.31s           2025-04-23T06:03:08                      12
================================================================================
[2025-04-23T13:03:40.229+0700] {manager.py:997} INFO - 
================================================================================
DAG File Processing Stats

File Path                                 PID    Runtime      # DAGs    # Errors  Last Runtime    Last Run               Last # of DB Queries
----------------------------------------  -----  ---------  --------  ----------  --------------  -------------------  ----------------------
/home/minhle/mlops/dags/data_pipeline.py                           1           0  1.21s           2025-04-23T06:03:40                      12
================================================================================
[2025-04-23T13:04:11.646+0700] {manager.py:997} INFO - 
================================================================================
DAG File Processing Stats

File Path                                 PID    Runtime      # DAGs    # Errors  Last Runtime    Last Run               Last # of DB Queries
----------------------------------------  -----  ---------  --------  ----------  --------------  -------------------  ----------------------
/home/minhle/mlops/dags/data_pipeline.py                           1           0  1.11s           2025-04-23T06:04:11                      12
================================================================================
[2025-04-23T13:04:42.662+0700] {manager.py:997} INFO - 
================================================================================
DAG File Processing Stats

File Path                                 PID    Runtime      # DAGs    # Errors  Last Runtime    Last Run               Last # of DB Queries
----------------------------------------  -----  ---------  --------  ----------  --------------  -------------------  ----------------------
/home/minhle/mlops/dags/data_pipeline.py                           1           0  0.81s           2025-04-23T06:04:42                      12
================================================================================
[2025-04-23T13:05:13.462+0700] {manager.py:997} INFO - 
================================================================================
DAG File Processing Stats

File Path                                 PID    Runtime      # DAGs    # Errors  Last Runtime    Last Run               Last # of DB Queries
----------------------------------------  -----  ---------  --------  ----------  --------------  -------------------  ----------------------
/home/minhle/mlops/dags/data_pipeline.py                           1           0  0.71s           2025-04-23T06:05:13                      12
================================================================================
[2025-04-23T13:05:44.268+0700] {manager.py:997} INFO - 
================================================================================
DAG File Processing Stats

File Path                                 PID    Runtime      # DAGs    # Errors  Last Runtime    Last Run               Last # of DB Queries
----------------------------------------  -----  ---------  --------  ----------  --------------  -------------------  ----------------------
/home/minhle/mlops/dags/data_pipeline.py                           1           0  0.71s           2025-04-23T06:05:44                      12
================================================================================
[2025-04-23T13:06:09.083+0700] {manager.py:821} INFO - Searching for files in /home/minhle/mlops/dags
[2025-04-23T13:06:09.085+0700] {manager.py:824} INFO - There are 1 files in /home/minhle/mlops/dags
[2025-04-23T13:06:15.089+0700] {manager.py:997} INFO - 
================================================================================
DAG File Processing Stats

File Path                                 PID    Runtime      # DAGs    # Errors  Last Runtime    Last Run               Last # of DB Queries
----------------------------------------  -----  ---------  --------  ----------  --------------  -------------------  ----------------------
/home/minhle/mlops/dags/data_pipeline.py                           1           0  0.71s           2025-04-23T06:06:15                      12
================================================================================
[2025-04-23T13:06:45.913+0700] {manager.py:997} INFO - 
================================================================================
DAG File Processing Stats

File Path                                 PID    Runtime      # DAGs    # Errors  Last Runtime    Last Run               Last # of DB Queries
----------------------------------------  -----  ---------  --------  ----------  --------------  -------------------  ----------------------
/home/minhle/mlops/dags/data_pipeline.py                           1           0  0.71s           2025-04-23T06:06:45                      12
================================================================================
[2025-04-23T13:07:16.634+0700] {manager.py:997} INFO - 
================================================================================
DAG File Processing Stats

File Path                                 PID    Runtime      # DAGs    # Errors  Last Runtime    Last Run               Last # of DB Queries
----------------------------------------  -----  ---------  --------  ----------  --------------  -------------------  ----------------------
/home/minhle/mlops/dags/data_pipeline.py                           1           0  0.71s           2025-04-23T06:07:16                      12
================================================================================
[2025-04-23T13:07:47.828+0700] {manager.py:997} INFO - 
================================================================================
DAG File Processing Stats

File Path                                 PID    Runtime      # DAGs    # Errors  Last Runtime    Last Run               Last # of DB Queries
----------------------------------------  -----  ---------  --------  ----------  --------------  -------------------  ----------------------
/home/minhle/mlops/dags/data_pipeline.py                           1           0  1.11s           2025-04-23T06:07:47                      12
================================================================================
[2025-04-23T13:08:18.649+0700] {manager.py:997} INFO - 
================================================================================
DAG File Processing Stats

File Path                                 PID    Runtime      # DAGs    # Errors  Last Runtime    Last Run               Last # of DB Queries
----------------------------------------  -----  ---------  --------  ----------  --------------  -------------------  ----------------------
/home/minhle/mlops/dags/data_pipeline.py                           1           0  0.71s           2025-04-23T06:08:18                      12
================================================================================
[2025-04-23T13:08:49.469+0700] {manager.py:997} INFO - 
================================================================================
DAG File Processing Stats

File Path                                 PID    Runtime      # DAGs    # Errors  Last Runtime    Last Run               Last # of DB Queries
----------------------------------------  -----  ---------  --------  ----------  --------------  -------------------  ----------------------
/home/minhle/mlops/dags/data_pipeline.py                           1           0  0.71s           2025-04-23T06:08:49                      12
================================================================================
[2025-04-23T13:09:20.276+0700] {manager.py:997} INFO - 
================================================================================
DAG File Processing Stats

File Path                                 PID    Runtime      # DAGs    # Errors  Last Runtime    Last Run               Last # of DB Queries
----------------------------------------  -----  ---------  --------  ----------  --------------  -------------------  ----------------------
/home/minhle/mlops/dags/data_pipeline.py                           1           0  0.71s           2025-04-23T06:09:20                      12
================================================================================
[2025-04-23T13:09:51.592+0700] {manager.py:997} INFO - 
================================================================================
DAG File Processing Stats

File Path                                 PID    Runtime      # DAGs    # Errors  Last Runtime    Last Run               Last # of DB Queries
----------------------------------------  -----  ---------  --------  ----------  --------------  -------------------  ----------------------
/home/minhle/mlops/dags/data_pipeline.py                           1           0  0.91s           2025-04-23T06:09:51                      12
================================================================================
[2025-04-23T13:10:23.193+0700] {manager.py:997} INFO - 
================================================================================
DAG File Processing Stats

File Path                                 PID    Runtime      # DAGs    # Errors  Last Runtime    Last Run               Last # of DB Queries
----------------------------------------  -----  ---------  --------  ----------  --------------  -------------------  ----------------------
/home/minhle/mlops/dags/data_pipeline.py                           1           0  0.91s           2025-04-23T06:10:23                      12
================================================================================
[2025-04-23T13:10:54.565+0700] {manager.py:997} INFO - 
================================================================================
DAG File Processing Stats

File Path                                 PID    Runtime      # DAGs    # Errors  Last Runtime    Last Run               Last # of DB Queries
----------------------------------------  -----  ---------  --------  ----------  --------------  -------------------  ----------------------
/home/minhle/mlops/dags/data_pipeline.py                           1           0  1.21s           2025-04-23T06:10:54                      12
================================================================================
[2025-04-23T13:11:09.569+0700] {manager.py:821} INFO - Searching for files in /home/minhle/mlops/dags
[2025-04-23T13:11:09.571+0700] {manager.py:824} INFO - There are 1 files in /home/minhle/mlops/dags
[2025-04-23T13:11:26.246+0700] {manager.py:997} INFO - 
================================================================================
DAG File Processing Stats

File Path                                 PID    Runtime      # DAGs    # Errors  Last Runtime    Last Run               Last # of DB Queries
----------------------------------------  -----  ---------  --------  ----------  --------------  -------------------  ----------------------
/home/minhle/mlops/dags/data_pipeline.py                           1           0  1.61s           2025-04-23T06:11:26                      12
================================================================================
[2025-04-23T13:11:57.502+0700] {manager.py:997} INFO - 
================================================================================
DAG File Processing Stats

File Path                                 PID    Runtime      # DAGs    # Errors  Last Runtime    Last Run               Last # of DB Queries
----------------------------------------  -----  ---------  --------  ----------  --------------  -------------------  ----------------------
/home/minhle/mlops/dags/data_pipeline.py                           1           0  1.11s           2025-04-23T06:11:57                      12
================================================================================
[2025-04-23T13:12:28.698+0700] {manager.py:997} INFO - 
================================================================================
DAG File Processing Stats

File Path                                 PID    Runtime      # DAGs    # Errors  Last Runtime    Last Run               Last # of DB Queries
----------------------------------------  -----  ---------  --------  ----------  --------------  -------------------  ----------------------
/home/minhle/mlops/dags/data_pipeline.py                           1           0  1.01s           2025-04-23T06:12:28                      12
================================================================================
[2025-04-23T13:12:59.676+0700] {manager.py:997} INFO - 
================================================================================
DAG File Processing Stats

File Path                                 PID    Runtime      # DAGs    # Errors  Last Runtime    Last Run               Last # of DB Queries
----------------------------------------  -----  ---------  --------  ----------  --------------  -------------------  ----------------------
/home/minhle/mlops/dags/data_pipeline.py                           1           0  0.81s           2025-04-23T06:12:59                      12
================================================================================
[2025-04-23T13:13:30.726+0700] {manager.py:997} INFO - 
================================================================================
DAG File Processing Stats

File Path                                 PID    Runtime      # DAGs    # Errors  Last Runtime    Last Run               Last # of DB Queries
----------------------------------------  -----  ---------  --------  ----------  --------------  -------------------  ----------------------
/home/minhle/mlops/dags/data_pipeline.py                           1           0  0.91s           2025-04-23T06:13:30                      12
================================================================================
[2025-04-23T13:14:01.494+0700] {manager.py:997} INFO - 
================================================================================
DAG File Processing Stats

File Path                                 PID    Runtime      # DAGs    # Errors  Last Runtime    Last Run               Last # of DB Queries
----------------------------------------  -----  ---------  --------  ----------  --------------  -------------------  ----------------------
/home/minhle/mlops/dags/data_pipeline.py                           1           0  0.71s           2025-04-23T06:14:01                      12
================================================================================
[2025-04-23T13:14:32.262+0700] {manager.py:997} INFO - 
================================================================================
DAG File Processing Stats

File Path                                 PID    Runtime      # DAGs    # Errors  Last Runtime    Last Run               Last # of DB Queries
----------------------------------------  -----  ---------  --------  ----------  --------------  -------------------  ----------------------
/home/minhle/mlops/dags/data_pipeline.py                           1           0  0.71s           2025-04-23T06:14:32                      12
================================================================================
[2025-04-23T13:15:03.051+0700] {manager.py:997} INFO - 
================================================================================
DAG File Processing Stats

File Path                                 PID    Runtime      # DAGs    # Errors  Last Runtime    Last Run               Last # of DB Queries
----------------------------------------  -----  ---------  --------  ----------  --------------  -------------------  ----------------------
/home/minhle/mlops/dags/data_pipeline.py                           1           0  0.71s           2025-04-23T06:15:03                      12
================================================================================
[2025-04-23T13:15:33.840+0700] {manager.py:997} INFO - 
================================================================================
DAG File Processing Stats

File Path                                 PID    Runtime      # DAGs    # Errors  Last Runtime    Last Run               Last # of DB Queries
----------------------------------------  -----  ---------  --------  ----------  --------------  -------------------  ----------------------
/home/minhle/mlops/dags/data_pipeline.py                           1           0  0.71s           2025-04-23T06:15:33                      12
================================================================================
[2025-04-23T13:16:05.900+0700] {manager.py:997} INFO - 
================================================================================
DAG File Processing Stats

File Path                                 PID    Runtime      # DAGs    # Errors  Last Runtime    Last Run               Last # of DB Queries
----------------------------------------  -----  ---------  --------  ----------  --------------  -------------------  ----------------------
/home/minhle/mlops/dags/data_pipeline.py                           1           0  0.71s           2025-04-23T06:16:05                      12
================================================================================
[2025-04-23T13:16:10.727+0700] {manager.py:821} INFO - Searching for files in /home/minhle/mlops/dags
[2025-04-23T13:16:10.730+0700] {manager.py:824} INFO - There are 1 files in /home/minhle/mlops/dags
[2025-04-23T13:16:37.390+0700] {manager.py:997} INFO - 
================================================================================
DAG File Processing Stats

File Path                                 PID    Runtime      # DAGs    # Errors  Last Runtime    Last Run               Last # of DB Queries
----------------------------------------  -----  ---------  --------  ----------  --------------  -------------------  ----------------------
/home/minhle/mlops/dags/data_pipeline.py                           1           0  0.70s           2025-04-23T06:16:37                      12
================================================================================
[2025-04-23T13:17:08.726+0700] {manager.py:997} INFO - 
================================================================================
DAG File Processing Stats

File Path                                 PID    Runtime      # DAGs    # Errors  Last Runtime    Last Run               Last # of DB Queries
----------------------------------------  -----  ---------  --------  ----------  --------------  -------------------  ----------------------
/home/minhle/mlops/dags/data_pipeline.py                           1           0  0.71s           2025-04-23T06:17:08                      12
================================================================================
[2025-04-23T13:17:40.788+0700] {manager.py:997} INFO - 
================================================================================
DAG File Processing Stats

File Path                                 PID    Runtime      # DAGs    # Errors  Last Runtime    Last Run               Last # of DB Queries
----------------------------------------  -----  ---------  --------  ----------  --------------  -------------------  ----------------------
/home/minhle/mlops/dags/data_pipeline.py                           1           0  0.71s           2025-04-23T06:17:40                      12
================================================================================
[2025-04-23T13:18:11.706+0700] {manager.py:997} INFO - 
================================================================================
DAG File Processing Stats

File Path                                 PID    Runtime      # DAGs    # Errors  Last Runtime    Last Run               Last # of DB Queries
----------------------------------------  -----  ---------  --------  ----------  --------------  -------------------  ----------------------
/home/minhle/mlops/dags/data_pipeline.py                           1           0  0.81s           2025-04-23T06:18:11                      12
================================================================================
[2025-04-23T13:18:43.080+0700] {manager.py:997} INFO - 
================================================================================
DAG File Processing Stats

File Path                                 PID    Runtime      # DAGs    # Errors  Last Runtime    Last Run               Last # of DB Queries
----------------------------------------  -----  ---------  --------  ----------  --------------  -------------------  ----------------------
/home/minhle/mlops/dags/data_pipeline.py                           1           0  1.31s           2025-04-23T06:18:43                      12
================================================================================
[2025-04-23T13:19:14.708+0700] {manager.py:997} INFO - 
================================================================================
DAG File Processing Stats

File Path                                 PID    Runtime      # DAGs    # Errors  Last Runtime    Last Run               Last # of DB Queries
----------------------------------------  -----  ---------  --------  ----------  --------------  -------------------  ----------------------
/home/minhle/mlops/dags/data_pipeline.py                           1           0  0.71s           2025-04-23T06:19:14                      12
================================================================================
[2025-04-23T13:19:45.441+0700] {manager.py:997} INFO - 
================================================================================
DAG File Processing Stats

File Path                                 PID    Runtime      # DAGs    # Errors  Last Runtime    Last Run               Last # of DB Queries
----------------------------------------  -----  ---------  --------  ----------  --------------  -------------------  ----------------------
/home/minhle/mlops/dags/data_pipeline.py                           1           0  0.71s           2025-04-23T06:19:45                      12
================================================================================
[2025-04-23T13:20:16.282+0700] {manager.py:997} INFO - 
================================================================================
DAG File Processing Stats

File Path                                 PID    Runtime      # DAGs    # Errors  Last Runtime    Last Run               Last # of DB Queries
----------------------------------------  -----  ---------  --------  ----------  --------------  -------------------  ----------------------
/home/minhle/mlops/dags/data_pipeline.py                           1           0  0.71s           2025-04-23T06:20:16                      12
================================================================================
[2025-04-23T13:20:47.230+0700] {manager.py:997} INFO - 
================================================================================
DAG File Processing Stats

File Path                                 PID    Runtime      # DAGs    # Errors  Last Runtime    Last Run               Last # of DB Queries
----------------------------------------  -----  ---------  --------  ----------  --------------  -------------------  ----------------------
/home/minhle/mlops/dags/data_pipeline.py                           1           0  0.71s           2025-04-23T06:20:47                      12
================================================================================
[2025-04-23T13:21:10.758+0700] {manager.py:821} INFO - Searching for files in /home/minhle/mlops/dags
[2025-04-23T13:21:10.759+0700] {manager.py:824} INFO - There are 1 files in /home/minhle/mlops/dags
[2025-04-23T13:21:18.512+0700] {manager.py:997} INFO - 
================================================================================
DAG File Processing Stats

File Path                                 PID    Runtime      # DAGs    # Errors  Last Runtime    Last Run               Last # of DB Queries
----------------------------------------  -----  ---------  --------  ----------  --------------  -------------------  ----------------------
/home/minhle/mlops/dags/data_pipeline.py                           1           0  0.81s           2025-04-23T06:21:18                      12
================================================================================
[2025-04-23T13:21:49.670+0700] {manager.py:997} INFO - 
================================================================================
DAG File Processing Stats

File Path                                 PID    Runtime      # DAGs    # Errors  Last Runtime    Last Run               Last # of DB Queries
----------------------------------------  -----  ---------  --------  ----------  --------------  -------------------  ----------------------
/home/minhle/mlops/dags/data_pipeline.py                           1           0  0.81s           2025-04-23T06:21:49                      12
================================================================================
[2025-04-23T13:22:20.500+0700] {manager.py:997} INFO - 
================================================================================
DAG File Processing Stats

File Path                                 PID    Runtime      # DAGs    # Errors  Last Runtime    Last Run               Last # of DB Queries
----------------------------------------  -----  ---------  --------  ----------  --------------  -------------------  ----------------------
/home/minhle/mlops/dags/data_pipeline.py                           1           0  0.71s           2025-04-23T06:22:20                      12
================================================================================
[2025-04-23T13:22:51.639+0700] {manager.py:997} INFO - 
================================================================================
DAG File Processing Stats

File Path                                 PID    Runtime      # DAGs    # Errors  Last Runtime    Last Run               Last # of DB Queries
----------------------------------------  -----  ---------  --------  ----------  --------------  -------------------  ----------------------
/home/minhle/mlops/dags/data_pipeline.py                           1           0  0.71s           2025-04-23T06:22:51                      12
================================================================================
[2025-04-23T13:23:22.417+0700] {manager.py:997} INFO - 
================================================================================
DAG File Processing Stats

File Path                                 PID    Runtime      # DAGs    # Errors  Last Runtime    Last Run               Last # of DB Queries
----------------------------------------  -----  ---------  --------  ----------  --------------  -------------------  ----------------------
/home/minhle/mlops/dags/data_pipeline.py                           1           0  0.71s           2025-04-23T06:23:22                      12
================================================================================
[2025-04-23T13:23:53.376+0700] {manager.py:997} INFO - 
================================================================================
DAG File Processing Stats

File Path                                 PID    Runtime      # DAGs    # Errors  Last Runtime    Last Run               Last # of DB Queries
----------------------------------------  -----  ---------  --------  ----------  --------------  -------------------  ----------------------
/home/minhle/mlops/dags/data_pipeline.py                           1           0  0.81s           2025-04-23T06:23:53                      12
================================================================================
[2025-04-23T13:24:24.352+0700] {manager.py:997} INFO - 
================================================================================
DAG File Processing Stats

File Path                                 PID    Runtime      # DAGs    # Errors  Last Runtime    Last Run               Last # of DB Queries
----------------------------------------  -----  ---------  --------  ----------  --------------  -------------------  ----------------------
/home/minhle/mlops/dags/data_pipeline.py                           1           0  0.91s           2025-04-23T06:24:24                      12
================================================================================
[2025-04-23T13:24:55.128+0700] {manager.py:997} INFO - 
================================================================================
DAG File Processing Stats

File Path                                 PID    Runtime      # DAGs    # Errors  Last Runtime    Last Run               Last # of DB Queries
----------------------------------------  -----  ---------  --------  ----------  --------------  -------------------  ----------------------
/home/minhle/mlops/dags/data_pipeline.py                           1           0  0.72s           2025-04-23T06:24:55                      12
================================================================================
[2025-04-23T13:25:25.906+0700] {manager.py:997} INFO - 
================================================================================
DAG File Processing Stats

File Path                                 PID    Runtime      # DAGs    # Errors  Last Runtime    Last Run               Last # of DB Queries
----------------------------------------  -----  ---------  --------  ----------  --------------  -------------------  ----------------------
/home/minhle/mlops/dags/data_pipeline.py                           1           0  0.71s           2025-04-23T06:25:25                      12
================================================================================
[2025-04-23T13:25:56.688+0700] {manager.py:997} INFO - 
================================================================================
DAG File Processing Stats

File Path                                 PID    Runtime      # DAGs    # Errors  Last Runtime    Last Run               Last # of DB Queries
----------------------------------------  -----  ---------  --------  ----------  --------------  -------------------  ----------------------
/home/minhle/mlops/dags/data_pipeline.py                           1           0  0.71s           2025-04-23T06:25:56                      12
================================================================================
[2025-04-23T13:26:11.298+0700] {manager.py:821} INFO - Searching for files in /home/minhle/mlops/dags
[2025-04-23T13:26:11.300+0700] {manager.py:824} INFO - There are 1 files in /home/minhle/mlops/dags
[2025-04-23T13:26:27.483+0700] {manager.py:997} INFO - 
================================================================================
DAG File Processing Stats

File Path                                 PID    Runtime      # DAGs    # Errors  Last Runtime    Last Run               Last # of DB Queries
----------------------------------------  -----  ---------  --------  ----------  --------------  -------------------  ----------------------
/home/minhle/mlops/dags/data_pipeline.py                           1           0  0.71s           2025-04-23T06:26:27                      12
================================================================================
[2025-04-23T13:26:59.469+0700] {manager.py:997} INFO - 
================================================================================
DAG File Processing Stats

File Path                                 PID    Runtime      # DAGs    # Errors  Last Runtime    Last Run               Last # of DB Queries
----------------------------------------  -----  ---------  --------  ----------  --------------  -------------------  ----------------------
/home/minhle/mlops/dags/data_pipeline.py                           1           0  1.83s           2025-04-23T06:26:59                      12
================================================================================
[2025-04-23T13:27:30.335+0700] {manager.py:997} INFO - 
================================================================================
DAG File Processing Stats

File Path                                 PID    Runtime      # DAGs    # Errors  Last Runtime    Last Run               Last # of DB Queries
----------------------------------------  -----  ---------  --------  ----------  --------------  -------------------  ----------------------
/home/minhle/mlops/dags/data_pipeline.py                           1           0  0.71s           2025-04-23T06:27:30                      12
================================================================================
[2025-04-23T13:28:01.819+0700] {manager.py:997} INFO - 
================================================================================
DAG File Processing Stats

File Path                                 PID    Runtime      # DAGs    # Errors  Last Runtime    Last Run               Last # of DB Queries
----------------------------------------  -----  ---------  --------  ----------  --------------  -------------------  ----------------------
/home/minhle/mlops/dags/data_pipeline.py                           1           0  1.41s           2025-04-23T06:28:01                      12
================================================================================
[2025-04-23T13:28:32.552+0700] {manager.py:997} INFO - 
================================================================================
DAG File Processing Stats

File Path                                 PID    Runtime      # DAGs    # Errors  Last Runtime    Last Run               Last # of DB Queries
----------------------------------------  -----  ---------  --------  ----------  --------------  -------------------  ----------------------
/home/minhle/mlops/dags/data_pipeline.py                           1           0  0.71s           2025-04-23T06:28:32                      12
================================================================================
[2025-04-23T13:29:03.338+0700] {manager.py:997} INFO - 
================================================================================
DAG File Processing Stats

File Path                                 PID    Runtime      # DAGs    # Errors  Last Runtime    Last Run               Last # of DB Queries
----------------------------------------  -----  ---------  --------  ----------  --------------  -------------------  ----------------------
/home/minhle/mlops/dags/data_pipeline.py                           1           0  0.71s           2025-04-23T06:29:03                      12
================================================================================
[2025-04-23T13:29:34.992+0700] {manager.py:997} INFO - 
================================================================================
DAG File Processing Stats

File Path                                 PID    Runtime      # DAGs    # Errors  Last Runtime    Last Run               Last # of DB Queries
----------------------------------------  -----  ---------  --------  ----------  --------------  -------------------  ----------------------
/home/minhle/mlops/dags/data_pipeline.py                           1           0  0.71s           2025-04-23T06:29:34                      12
================================================================================
[2025-04-23T13:30:05.810+0700] {manager.py:997} INFO - 
================================================================================
DAG File Processing Stats

File Path                                 PID    Runtime      # DAGs    # Errors  Last Runtime    Last Run               Last # of DB Queries
----------------------------------------  -----  ---------  --------  ----------  --------------  -------------------  ----------------------
/home/minhle/mlops/dags/data_pipeline.py                           1           0  0.71s           2025-04-23T06:30:05                      12
================================================================================
[2025-04-23T13:30:36.901+0700] {manager.py:997} INFO - 
================================================================================
DAG File Processing Stats

File Path                                 PID    Runtime      # DAGs    # Errors  Last Runtime    Last Run               Last # of DB Queries
----------------------------------------  -----  ---------  --------  ----------  --------------  -------------------  ----------------------
/home/minhle/mlops/dags/data_pipeline.py                           1           0  0.91s           2025-04-23T06:30:36                      12
================================================================================
[2025-04-23T13:31:07.794+0700] {manager.py:997} INFO - 
================================================================================
DAG File Processing Stats

File Path                                 PID    Runtime      # DAGs    # Errors  Last Runtime    Last Run               Last # of DB Queries
----------------------------------------  -----  ---------  --------  ----------  --------------  -------------------  ----------------------
/home/minhle/mlops/dags/data_pipeline.py                           1           0  0.71s           2025-04-23T06:31:07                      12
================================================================================
[2025-04-23T13:31:12.284+0700] {manager.py:821} INFO - Searching for files in /home/minhle/mlops/dags
[2025-04-23T13:31:12.286+0700] {manager.py:824} INFO - There are 1 files in /home/minhle/mlops/dags
[2025-04-23T13:31:38.613+0700] {manager.py:997} INFO - 
================================================================================
DAG File Processing Stats

File Path                                 PID    Runtime      # DAGs    # Errors  Last Runtime    Last Run               Last # of DB Queries
----------------------------------------  -----  ---------  --------  ----------  --------------  -------------------  ----------------------
/home/minhle/mlops/dags/data_pipeline.py                           1           0  0.71s           2025-04-23T06:31:38                      12
================================================================================
[2025-04-23T13:32:09.421+0700] {manager.py:997} INFO - 
================================================================================
DAG File Processing Stats

File Path                                 PID    Runtime      # DAGs    # Errors  Last Runtime    Last Run               Last # of DB Queries
----------------------------------------  -----  ---------  --------  ----------  --------------  -------------------  ----------------------
/home/minhle/mlops/dags/data_pipeline.py                           1           0  0.71s           2025-04-23T06:32:09                      12
================================================================================
[2025-04-23T13:32:42.018+0700] {manager.py:997} INFO - 
================================================================================
DAG File Processing Stats

File Path                                 PID    Runtime      # DAGs    # Errors  Last Runtime    Last Run               Last # of DB Queries
----------------------------------------  -----  ---------  --------  ----------  --------------  -------------------  ----------------------
/home/minhle/mlops/dags/data_pipeline.py                           1           0  0.91s           2025-04-23T06:32:42                      12
================================================================================
[2025-04-23T13:33:58.190+0700] {manager.py:465} INFO - Exiting gracefully upon receiving signal 15
[2025-04-23T13:33:58.264+0700] {manager.py:483} INFO - Processing files using up to 1 processes at a time 
[2025-04-23T13:33:58.264+0700] {manager.py:484} INFO - Process each file at most once every 30 seconds
[2025-04-23T13:33:58.264+0700] {manager.py:485} INFO - Checking for new files in /home/minhle/mlops/dags every 300 seconds
[2025-04-23T13:33:58.264+0700] {manager.py:821} INFO - Searching for files in /home/minhle/mlops/dags
[2025-04-23T13:33:58.265+0700] {manager.py:824} INFO - There are 1 files in /home/minhle/mlops/dags
[2025-04-23T13:33:59.268+0700] {manager.py:997} INFO - 
================================================================================
DAG File Processing Stats

File Path                                 PID    Runtime      # DAGs    # Errors  Last Runtime    Last Run               Last # of DB Queries
----------------------------------------  -----  ---------  --------  ----------  --------------  -------------------  ----------------------
/home/minhle/mlops/dags/data_pipeline.py                           1           0  0.91s           2025-04-23T06:33:59                      12
================================================================================
[2025-04-23T13:34:35.122+0700] {manager.py:997} INFO - 
================================================================================
DAG File Processing Stats

File Path                                 PID    Runtime      # DAGs    # Errors  Last Runtime    Last Run               Last # of DB Queries
----------------------------------------  -----  ---------  --------  ----------  --------------  -------------------  ----------------------
/home/minhle/mlops/dags/data_pipeline.py                           1           0  1.21s           2025-04-23T06:34:35                      12
================================================================================
[2025-04-23T13:35:07.976+0700] {manager.py:997} INFO - 
================================================================================
DAG File Processing Stats

File Path                                 PID    Runtime      # DAGs    # Errors  Last Runtime    Last Run               Last # of DB Queries
----------------------------------------  -----  ---------  --------  ----------  --------------  -------------------  ----------------------
/home/minhle/mlops/dags/data_pipeline.py                           1           0  0.83s           2025-04-23T06:35:07                      12
================================================================================
[2025-04-23T13:35:40.136+0700] {manager.py:997} INFO - 
================================================================================
DAG File Processing Stats

File Path                                 PID    Runtime      # DAGs    # Errors  Last Runtime    Last Run               Last # of DB Queries
----------------------------------------  -----  ---------  --------  ----------  --------------  -------------------  ----------------------
/home/minhle/mlops/dags/data_pipeline.py                           1           0  0.81s           2025-04-23T06:35:40                      12
================================================================================
[2025-04-23T13:36:15.215+0700] {manager.py:465} INFO - Exiting gracefully upon receiving signal 15
[2025-04-23T13:36:23.868+0700] {manager.py:483} INFO - Processing files using up to 1 processes at a time 
[2025-04-23T13:36:23.868+0700] {manager.py:484} INFO - Process each file at most once every 30 seconds
[2025-04-23T13:36:23.868+0700] {manager.py:485} INFO - Checking for new files in /home/minhle/mlops/dags every 300 seconds
[2025-04-23T13:36:23.868+0700] {manager.py:821} INFO - Searching for files in /home/minhle/mlops/dags
[2025-04-23T13:36:23.869+0700] {manager.py:824} INFO - There are 2 files in /home/minhle/mlops/dags
[2025-04-23T13:36:25.724+0700] {manager.py:997} INFO - 
================================================================================
DAG File Processing Stats

File Path                                  PID    Runtime      # DAGs    # Errors  Last Runtime    Last Run               Last # of DB Queries
-----------------------------------------  -----  ---------  --------  ----------  --------------  -------------------  ----------------------
/home/minhle/mlops/dags/model_training.py                           0           1  1.72s           2025-04-23T06:36:25                       3
/home/minhle/mlops/dags/data_pipeline.py                            0           0                                                            0
================================================================================
[2025-04-23T13:37:05.443+0700] {manager.py:997} INFO - 
================================================================================
DAG File Processing Stats

File Path                                  PID    Runtime      # DAGs    # Errors  Last Runtime    Last Run               Last # of DB Queries
-----------------------------------------  -----  ---------  --------  ----------  --------------  -------------------  ----------------------
/home/minhle/mlops/dags/model_training.py                           0           1  1.81s           2025-04-23T06:37:05                       5
/home/minhle/mlops/dags/data_pipeline.py                            1           0  0.91s           2025-04-23T06:36:37                      12
================================================================================
[2025-04-23T13:37:40.133+0700] {manager.py:997} INFO - 
================================================================================
DAG File Processing Stats

File Path                                  PID    Runtime      # DAGs    # Errors  Last Runtime    Last Run               Last # of DB Queries
-----------------------------------------  -----  ---------  --------  ----------  --------------  -------------------  ----------------------
/home/minhle/mlops/dags/model_training.py                           0           1  1.81s           2025-04-23T06:37:40                       5
/home/minhle/mlops/dags/data_pipeline.py                            1           0  0.81s           2025-04-23T06:37:15                      12
================================================================================
[2025-04-23T13:38:13.456+0700] {manager.py:997} INFO - 
================================================================================
DAG File Processing Stats

File Path                                  PID    Runtime      # DAGs    # Errors  Last Runtime    Last Run               Last # of DB Queries
-----------------------------------------  -----  ---------  --------  ----------  --------------  -------------------  ----------------------
/home/minhle/mlops/dags/model_training.py                           1           0  2.61s           2025-04-23T06:38:09                      45
/home/minhle/mlops/dags/data_pipeline.py                            1           0  0.91s           2025-04-23T06:37:51                      12
================================================================================
[2025-04-23T13:40:39.577+0700] {manager.py:465} INFO - Exiting gracefully upon receiving signal 15
[2025-04-23T13:40:39.648+0700] {manager.py:483} INFO - Processing files using up to 1 processes at a time 
[2025-04-23T13:40:39.648+0700] {manager.py:484} INFO - Process each file at most once every 30 seconds
[2025-04-23T13:40:39.648+0700] {manager.py:485} INFO - Checking for new files in /home/minhle/mlops/dags every 300 seconds
[2025-04-23T13:40:39.649+0700] {manager.py:821} INFO - Searching for files in /home/minhle/mlops/dags
[2025-04-23T13:40:39.650+0700] {manager.py:824} INFO - There are 2 files in /home/minhle/mlops/dags
[2025-04-23T13:40:41.710+0700] {manager.py:997} INFO - 
================================================================================
DAG File Processing Stats

File Path                                  PID    Runtime      # DAGs    # Errors  Last Runtime    Last Run               Last # of DB Queries
-----------------------------------------  -----  ---------  --------  ----------  --------------  -------------------  ----------------------
/home/minhle/mlops/dags/model_training.py                           1           0  1.91s           2025-04-23T06:40:41                      34
/home/minhle/mlops/dags/data_pipeline.py                            0           0                                                            0
================================================================================
[2025-04-23T13:41:51.769+0700] {manager.py:465} INFO - Exiting gracefully upon receiving signal 15
[2025-04-23T13:41:51.841+0700] {manager.py:483} INFO - Processing files using up to 1 processes at a time 
[2025-04-23T13:41:51.842+0700] {manager.py:484} INFO - Process each file at most once every 30 seconds
[2025-04-23T13:41:51.842+0700] {manager.py:485} INFO - Checking for new files in /home/minhle/mlops/dags every 300 seconds
[2025-04-23T13:41:51.842+0700] {manager.py:821} INFO - Searching for files in /home/minhle/mlops/dags
[2025-04-23T13:41:51.843+0700] {manager.py:824} INFO - There are 2 files in /home/minhle/mlops/dags
[2025-04-23T13:41:53.706+0700] {manager.py:997} INFO - 
================================================================================
DAG File Processing Stats

File Path                                  PID    Runtime      # DAGs    # Errors  Last Runtime    Last Run               Last # of DB Queries
-----------------------------------------  -----  ---------  --------  ----------  --------------  -------------------  ----------------------
/home/minhle/mlops/dags/model_training.py                           1           0  1.73s           2025-04-23T06:41:53                      12
/home/minhle/mlops/dags/data_pipeline.py                            0           0                                                            0
================================================================================
[2025-04-23T13:43:54.966+0700] {manager.py:465} INFO - Exiting gracefully upon receiving signal 15
[2025-04-23T13:43:55.081+0700] {manager.py:483} INFO - Processing files using up to 1 processes at a time 
[2025-04-23T13:43:55.081+0700] {manager.py:484} INFO - Process each file at most once every 30 seconds
[2025-04-23T13:43:55.081+0700] {manager.py:485} INFO - Checking for new files in /home/minhle/mlops/dags every 300 seconds
[2025-04-23T13:43:55.081+0700] {manager.py:821} INFO - Searching for files in /home/minhle/mlops/dags
[2025-04-23T13:43:55.082+0700] {manager.py:824} INFO - There are 2 files in /home/minhle/mlops/dags
[2025-04-23T13:43:57.026+0700] {manager.py:997} INFO - 
================================================================================
DAG File Processing Stats

File Path                                  PID    Runtime      # DAGs    # Errors  Last Runtime    Last Run               Last # of DB Queries
-----------------------------------------  -----  ---------  --------  ----------  --------------  -------------------  ----------------------
/home/minhle/mlops/dags/model_training.py                           1           0  1.81s           2025-04-23T06:43:57                      34
/home/minhle/mlops/dags/data_pipeline.py                            0           0                                                            0
================================================================================
[2025-04-23T13:48:21.620+0700] {manager.py:465} INFO - Exiting gracefully upon receiving signal 15
[2025-04-23T13:48:21.736+0700] {manager.py:483} INFO - Processing files using up to 1 processes at a time 
[2025-04-23T13:48:21.736+0700] {manager.py:484} INFO - Process each file at most once every 30 seconds
[2025-04-23T13:48:21.736+0700] {manager.py:485} INFO - Checking for new files in /home/minhle/mlops/dags every 300 seconds
[2025-04-23T13:48:21.736+0700] {manager.py:821} INFO - Searching for files in /home/minhle/mlops/dags
[2025-04-23T13:48:21.738+0700] {manager.py:824} INFO - There are 2 files in /home/minhle/mlops/dags
[2025-04-23T13:48:23.768+0700] {manager.py:997} INFO - 
================================================================================
DAG File Processing Stats

File Path                                  PID    Runtime      # DAGs    # Errors  Last Runtime    Last Run               Last # of DB Queries
-----------------------------------------  -----  ---------  --------  ----------  --------------  -------------------  ----------------------
/home/minhle/mlops/dags/model_training.py                           1           0  1.91s           2025-04-23T06:48:23                      33
/home/minhle/mlops/dags/data_pipeline.py                            0           0                                                            0
================================================================================
[2025-04-23T13:48:26.127+0700] {manager.py:465} INFO - Exiting gracefully upon receiving signal 15
[2025-04-23T13:48:30.851+0700] {manager.py:483} INFO - Processing files using up to 1 processes at a time 
[2025-04-23T13:48:30.851+0700] {manager.py:484} INFO - Process each file at most once every 30 seconds
[2025-04-23T13:48:30.851+0700] {manager.py:485} INFO - Checking for new files in /home/minhle/mlops/dags every 300 seconds
[2025-04-23T13:48:30.851+0700] {manager.py:821} INFO - Searching for files in /home/minhle/mlops/dags
[2025-04-23T13:48:30.852+0700] {manager.py:824} INFO - There are 2 files in /home/minhle/mlops/dags
[2025-04-23T13:48:32.881+0700] {manager.py:997} INFO - 
================================================================================
DAG File Processing Stats

File Path                                  PID    Runtime      # DAGs    # Errors  Last Runtime    Last Run               Last # of DB Queries
-----------------------------------------  -----  ---------  --------  ----------  --------------  -------------------  ----------------------
/home/minhle/mlops/dags/model_training.py                           1           0  1.82s           2025-04-23T06:48:32                      11
/home/minhle/mlops/dags/data_pipeline.py                            0           0                                                            0
================================================================================
[2025-04-23T13:50:48.237+0700] {manager.py:465} INFO - Exiting gracefully upon receiving signal 15
[2025-04-23T13:50:48.308+0700] {manager.py:483} INFO - Processing files using up to 1 processes at a time 
[2025-04-23T13:50:48.308+0700] {manager.py:484} INFO - Process each file at most once every 30 seconds
[2025-04-23T13:50:48.309+0700] {manager.py:485} INFO - Checking for new files in /home/minhle/mlops/dags every 300 seconds
[2025-04-23T13:50:48.309+0700] {manager.py:821} INFO - Searching for files in /home/minhle/mlops/dags
[2025-04-23T13:50:48.310+0700] {manager.py:824} INFO - There are 2 files in /home/minhle/mlops/dags
[2025-04-23T13:50:50.226+0700] {manager.py:997} INFO - 
================================================================================
DAG File Processing Stats

File Path                                  PID    Runtime      # DAGs    # Errors  Last Runtime    Last Run               Last # of DB Queries
-----------------------------------------  -----  ---------  --------  ----------  --------------  -------------------  ----------------------
/home/minhle/mlops/dags/model_training.py                           1           0  1.82s           2025-04-23T06:50:50                      12
/home/minhle/mlops/dags/data_pipeline.py                            0           0                                                            0
================================================================================
[2025-04-23T13:51:56.462+0700] {manager.py:465} INFO - Exiting gracefully upon receiving signal 15
[2025-04-23T13:51:56.582+0700] {manager.py:483} INFO - Processing files using up to 1 processes at a time 
[2025-04-23T13:51:56.582+0700] {manager.py:484} INFO - Process each file at most once every 30 seconds
[2025-04-23T13:51:56.582+0700] {manager.py:485} INFO - Checking for new files in /home/minhle/mlops/dags every 300 seconds
[2025-04-23T13:51:56.582+0700] {manager.py:821} INFO - Searching for files in /home/minhle/mlops/dags
[2025-04-23T13:51:56.583+0700] {manager.py:824} INFO - There are 2 files in /home/minhle/mlops/dags
[2025-04-23T13:51:58.498+0700] {manager.py:997} INFO - 
================================================================================
DAG File Processing Stats

File Path                                  PID    Runtime      # DAGs    # Errors  Last Runtime    Last Run               Last # of DB Queries
-----------------------------------------  -----  ---------  --------  ----------  --------------  -------------------  ----------------------
/home/minhle/mlops/dags/model_training.py                           1           0  1.81s           2025-04-23T06:51:58                      12
/home/minhle/mlops/dags/data_pipeline.py                            0           0                                                            0
================================================================================
[2025-04-23T13:52:58.002+0700] {manager.py:465} INFO - Exiting gracefully upon receiving signal 15
[2025-04-23T13:52:58.075+0700] {manager.py:483} INFO - Processing files using up to 1 processes at a time 
[2025-04-23T13:52:58.075+0700] {manager.py:484} INFO - Process each file at most once every 30 seconds
[2025-04-23T13:52:58.075+0700] {manager.py:485} INFO - Checking for new files in /home/minhle/mlops/dags every 300 seconds
[2025-04-23T13:52:58.075+0700] {manager.py:821} INFO - Searching for files in /home/minhle/mlops/dags
[2025-04-23T13:52:58.076+0700] {manager.py:824} INFO - There are 2 files in /home/minhle/mlops/dags
[2025-04-23T13:53:00.098+0700] {manager.py:997} INFO - 
================================================================================
DAG File Processing Stats

File Path                                  PID    Runtime      # DAGs    # Errors  Last Runtime    Last Run               Last # of DB Queries
-----------------------------------------  -----  ---------  --------  ----------  --------------  -------------------  ----------------------
/home/minhle/mlops/dags/model_training.py                           1           0  1.81s           2025-04-23T06:53:00                      12
/home/minhle/mlops/dags/data_pipeline.py                            0           0                                                            0
================================================================================
[2025-04-23T13:53:58.038+0700] {manager.py:465} INFO - Exiting gracefully upon receiving signal 15
[2025-04-23T13:53:58.110+0700] {manager.py:483} INFO - Processing files using up to 1 processes at a time 
[2025-04-23T13:53:58.110+0700] {manager.py:484} INFO - Process each file at most once every 30 seconds
[2025-04-23T13:53:58.110+0700] {manager.py:485} INFO - Checking for new files in /home/minhle/mlops/dags every 300 seconds
[2025-04-23T13:53:58.110+0700] {manager.py:821} INFO - Searching for files in /home/minhle/mlops/dags
[2025-04-23T13:53:58.111+0700] {manager.py:824} INFO - There are 2 files in /home/minhle/mlops/dags
[2025-04-23T13:54:00.009+0700] {manager.py:997} INFO - 
================================================================================
DAG File Processing Stats

File Path                                  PID    Runtime      # DAGs    # Errors  Last Runtime    Last Run               Last # of DB Queries
-----------------------------------------  -----  ---------  --------  ----------  --------------  -------------------  ----------------------
/home/minhle/mlops/dags/model_training.py                           1           0  1.71s           2025-04-23T06:54:00                      12
/home/minhle/mlops/dags/data_pipeline.py                            0           0                                                            0
================================================================================
[2025-04-23T13:55:00.074+0700] {manager.py:465} INFO - Exiting gracefully upon receiving signal 15
[2025-04-23T13:55:00.265+0700] {manager.py:483} INFO - Processing files using up to 1 processes at a time 
[2025-04-23T13:55:00.265+0700] {manager.py:484} INFO - Process each file at most once every 30 seconds
[2025-04-23T13:55:00.266+0700] {manager.py:485} INFO - Checking for new files in /home/minhle/mlops/dags every 300 seconds
[2025-04-23T13:55:00.266+0700] {manager.py:821} INFO - Searching for files in /home/minhle/mlops/dags
[2025-04-23T13:55:00.267+0700] {manager.py:824} INFO - There are 2 files in /home/minhle/mlops/dags
[2025-04-23T13:55:02.082+0700] {manager.py:997} INFO - 
================================================================================
DAG File Processing Stats

File Path                                  PID    Runtime      # DAGs    # Errors  Last Runtime    Last Run               Last # of DB Queries
-----------------------------------------  -----  ---------  --------  ----------  --------------  -------------------  ----------------------
/home/minhle/mlops/dags/model_training.py                           1           0  1.71s           2025-04-23T06:55:02                      12
/home/minhle/mlops/dags/data_pipeline.py                            0           0                                                            0
================================================================================
[2025-04-23T13:56:03.035+0700] {manager.py:465} INFO - Exiting gracefully upon receiving signal 15
[2025-04-23T13:56:03.153+0700] {manager.py:483} INFO - Processing files using up to 1 processes at a time 
[2025-04-23T13:56:03.153+0700] {manager.py:484} INFO - Process each file at most once every 30 seconds
[2025-04-23T13:56:03.153+0700] {manager.py:485} INFO - Checking for new files in /home/minhle/mlops/dags every 300 seconds
[2025-04-23T13:56:03.153+0700] {manager.py:821} INFO - Searching for files in /home/minhle/mlops/dags
[2025-04-23T13:56:03.154+0700] {manager.py:824} INFO - There are 2 files in /home/minhle/mlops/dags
[2025-04-23T13:56:05.073+0700] {manager.py:997} INFO - 
================================================================================
DAG File Processing Stats

File Path                                  PID    Runtime      # DAGs    # Errors  Last Runtime    Last Run               Last # of DB Queries
-----------------------------------------  -----  ---------  --------  ----------  --------------  -------------------  ----------------------
/home/minhle/mlops/dags/model_training.py                           1           0  1.81s           2025-04-23T06:56:05                      34
/home/minhle/mlops/dags/data_pipeline.py                            0           0                                                            0
================================================================================
[2025-04-23T13:56:56.678+0700] {manager.py:465} INFO - Exiting gracefully upon receiving signal 15
[2025-04-23T13:56:56.750+0700] {manager.py:483} INFO - Processing files using up to 1 processes at a time 
[2025-04-23T13:56:56.750+0700] {manager.py:484} INFO - Process each file at most once every 30 seconds
[2025-04-23T13:56:56.750+0700] {manager.py:485} INFO - Checking for new files in /home/minhle/mlops/dags every 300 seconds
[2025-04-23T13:56:56.750+0700] {manager.py:821} INFO - Searching for files in /home/minhle/mlops/dags
[2025-04-23T13:56:56.752+0700] {manager.py:824} INFO - There are 2 files in /home/minhle/mlops/dags
[2025-04-23T13:56:58.563+0700] {manager.py:997} INFO - 
================================================================================
DAG File Processing Stats

File Path                                  PID    Runtime      # DAGs    # Errors  Last Runtime    Last Run               Last # of DB Queries
-----------------------------------------  -----  ---------  --------  ----------  --------------  -------------------  ----------------------
/home/minhle/mlops/dags/model_training.py                           1           0  1.71s           2025-04-23T06:56:58                      12
/home/minhle/mlops/dags/data_pipeline.py                            0           0                                                            0
================================================================================
[2025-04-23T13:57:31.340+0700] {manager.py:997} INFO - 
================================================================================
DAG File Processing Stats

File Path                                  PID    Runtime      # DAGs    # Errors  Last Runtime    Last Run               Last # of DB Queries
-----------------------------------------  -----  ---------  --------  ----------  --------------  -------------------  ----------------------
/home/minhle/mlops/dags/model_training.py                           1           0  1.71s           2025-04-23T06:57:31                      12
/home/minhle/mlops/dags/data_pipeline.py                            1           0  0.72s           2025-04-23T06:57:03                      12
================================================================================
[2025-04-23T13:58:03.711+0700] {manager.py:997} INFO - 
================================================================================
DAG File Processing Stats

File Path                                  PID    Runtime      # DAGs    # Errors  Last Runtime    Last Run               Last # of DB Queries
-----------------------------------------  -----  ---------  --------  ----------  --------------  -------------------  ----------------------
/home/minhle/mlops/dags/model_training.py                           1           0  1.71s           2025-04-23T06:58:03                      12
/home/minhle/mlops/dags/data_pipeline.py                            1           0  0.71s           2025-04-23T06:57:34                      12
================================================================================
[2025-04-23T13:58:35.868+0700] {manager.py:997} INFO - 
================================================================================
DAG File Processing Stats

File Path                                  PID    Runtime      # DAGs    # Errors  Last Runtime    Last Run               Last # of DB Queries
-----------------------------------------  -----  ---------  --------  ----------  --------------  -------------------  ----------------------
/home/minhle/mlops/dags/model_training.py                           1           0  1.71s           2025-04-23T06:58:35                      12
/home/minhle/mlops/dags/data_pipeline.py                            1           0  0.73s           2025-04-23T06:58:05                      12
================================================================================
[2025-04-23T13:59:08.527+0700] {manager.py:997} INFO - 
================================================================================
DAG File Processing Stats

File Path                                  PID    Runtime      # DAGs    # Errors  Last Runtime    Last Run               Last # of DB Queries
-----------------------------------------  -----  ---------  --------  ----------  --------------  -------------------  ----------------------
/home/minhle/mlops/dags/model_training.py                           1           0  1.71s           2025-04-23T06:59:08                      12
/home/minhle/mlops/dags/data_pipeline.py                            1           0  0.81s           2025-04-23T06:58:36                      12
================================================================================
[2025-04-23T13:59:40.477+0700] {manager.py:997} INFO - 
================================================================================
DAG File Processing Stats

File Path                                  PID    Runtime      # DAGs    # Errors  Last Runtime    Last Run               Last # of DB Queries
-----------------------------------------  -----  ---------  --------  ----------  --------------  -------------------  ----------------------
/home/minhle/mlops/dags/model_training.py                           1           0  1.71s           2025-04-23T06:59:40                      12
/home/minhle/mlops/dags/data_pipeline.py                            1           0  0.71s           2025-04-23T06:59:10                      12
================================================================================
[2025-04-23T14:00:12.618+0700] {manager.py:997} INFO - 
================================================================================
DAG File Processing Stats

File Path                                  PID    Runtime      # DAGs    # Errors  Last Runtime    Last Run               Last # of DB Queries
-----------------------------------------  -----  ---------  --------  ----------  --------------  -------------------  ----------------------
/home/minhle/mlops/dags/model_training.py                           1           0  1.91s           2025-04-23T07:00:12                      12
/home/minhle/mlops/dags/data_pipeline.py                            1           0  0.71s           2025-04-23T06:59:41                      12
================================================================================
[2025-04-23T14:00:44.444+0700] {manager.py:997} INFO - 
================================================================================
DAG File Processing Stats

File Path                                  PID    Runtime      # DAGs    # Errors  Last Runtime    Last Run               Last # of DB Queries
-----------------------------------------  -----  ---------  --------  ----------  --------------  -------------------  ----------------------
/home/minhle/mlops/dags/model_training.py                           1           0  1.71s           2025-04-23T07:00:44                      12
/home/minhle/mlops/dags/data_pipeline.py                            1           0  0.71s           2025-04-23T07:00:13                      12
================================================================================
[2025-04-23T14:01:16.218+0700] {manager.py:997} INFO - 
================================================================================
DAG File Processing Stats

File Path                                  PID    Runtime      # DAGs    # Errors  Last Runtime    Last Run               Last # of DB Queries
-----------------------------------------  -----  ---------  --------  ----------  --------------  -------------------  ----------------------
/home/minhle/mlops/dags/model_training.py                           1           0  1.71s           2025-04-23T07:01:16                      12
/home/minhle/mlops/dags/data_pipeline.py                            1           0  0.71s           2025-04-23T07:00:45                      12
================================================================================
[2025-04-23T14:01:48.005+0700] {manager.py:997} INFO - 
================================================================================
DAG File Processing Stats

File Path                                  PID    Runtime      # DAGs    # Errors  Last Runtime    Last Run               Last # of DB Queries
-----------------------------------------  -----  ---------  --------  ----------  --------------  -------------------  ----------------------
/home/minhle/mlops/dags/model_training.py                           1           0  1.71s           2025-04-23T07:01:48                      12
/home/minhle/mlops/dags/data_pipeline.py                            1           0  0.71s           2025-04-23T07:01:17                      12
================================================================================
[2025-04-23T14:01:57.042+0700] {manager.py:821} INFO - Searching for files in /home/minhle/mlops/dags
[2025-04-23T14:01:57.044+0700] {manager.py:824} INFO - There are 2 files in /home/minhle/mlops/dags
[2025-04-23T14:02:19.780+0700] {manager.py:997} INFO - 
================================================================================
DAG File Processing Stats

File Path                                  PID    Runtime      # DAGs    # Errors  Last Runtime    Last Run               Last # of DB Queries
-----------------------------------------  -----  ---------  --------  ----------  --------------  -------------------  ----------------------
/home/minhle/mlops/dags/model_training.py                           1           0  1.71s           2025-04-23T07:02:19                      12
/home/minhle/mlops/dags/data_pipeline.py                            1           0  0.71s           2025-04-23T07:01:49                      12
================================================================================
[2025-04-23T14:02:51.557+0700] {manager.py:997} INFO - 
================================================================================
DAG File Processing Stats

File Path                                  PID    Runtime      # DAGs    # Errors  Last Runtime    Last Run               Last # of DB Queries
-----------------------------------------  -----  ---------  --------  ----------  --------------  -------------------  ----------------------
/home/minhle/mlops/dags/model_training.py                           1           0  1.71s           2025-04-23T07:02:51                      12
/home/minhle/mlops/dags/data_pipeline.py                            1           0  0.71s           2025-04-23T07:02:21                      12
================================================================================
[2025-04-23T14:03:23.462+0700] {manager.py:997} INFO - 
================================================================================
DAG File Processing Stats

File Path                                  PID    Runtime      # DAGs    # Errors  Last Runtime    Last Run               Last # of DB Queries
-----------------------------------------  -----  ---------  --------  ----------  --------------  -------------------  ----------------------
/home/minhle/mlops/dags/model_training.py                           1           0  1.81s           2025-04-23T07:03:23                      12
/home/minhle/mlops/dags/data_pipeline.py                            1           0  0.71s           2025-04-23T07:02:53                      12
================================================================================
[2025-04-23T14:03:55.247+0700] {manager.py:997} INFO - 
================================================================================
DAG File Processing Stats

File Path                                  PID    Runtime      # DAGs    # Errors  Last Runtime    Last Run               Last # of DB Queries
-----------------------------------------  -----  ---------  --------  ----------  --------------  -------------------  ----------------------
/home/minhle/mlops/dags/model_training.py                           1           0  1.71s           2025-04-23T07:03:55                      12
/home/minhle/mlops/dags/data_pipeline.py                            1           0  0.73s           2025-04-23T07:03:25                      12
================================================================================
[2025-04-23T14:04:27.030+0700] {manager.py:997} INFO - 
================================================================================
DAG File Processing Stats

File Path                                  PID    Runtime      # DAGs    # Errors  Last Runtime    Last Run               Last # of DB Queries
-----------------------------------------  -----  ---------  --------  ----------  --------------  -------------------  ----------------------
/home/minhle/mlops/dags/model_training.py                           1           0  1.71s           2025-04-23T07:04:27                      12
/home/minhle/mlops/dags/data_pipeline.py                            1           0  0.73s           2025-04-23T07:03:57                      12
================================================================================
[2025-04-23T14:04:58.769+0700] {manager.py:997} INFO - 
================================================================================
DAG File Processing Stats

File Path                                  PID    Runtime      # DAGs    # Errors  Last Runtime    Last Run               Last # of DB Queries
-----------------------------------------  -----  ---------  --------  ----------  --------------  -------------------  ----------------------
/home/minhle/mlops/dags/model_training.py                           1           0  1.71s           2025-04-23T07:04:58                      12
/home/minhle/mlops/dags/data_pipeline.py                            1           0  0.80s           2025-04-23T07:04:28                      12
================================================================================
[2025-04-23T14:05:30.537+0700] {manager.py:997} INFO - 
================================================================================
DAG File Processing Stats

File Path                                  PID    Runtime      # DAGs    # Errors  Last Runtime    Last Run               Last # of DB Queries
-----------------------------------------  -----  ---------  --------  ----------  --------------  -------------------  ----------------------
/home/minhle/mlops/dags/model_training.py                           1           0  1.71s           2025-04-23T07:05:30                      12
/home/minhle/mlops/dags/data_pipeline.py                            1           0  0.71s           2025-04-23T07:05:00                      12
================================================================================
[2025-04-23T14:06:02.313+0700] {manager.py:997} INFO - 
================================================================================
DAG File Processing Stats

File Path                                  PID    Runtime      # DAGs    # Errors  Last Runtime    Last Run               Last # of DB Queries
-----------------------------------------  -----  ---------  --------  ----------  --------------  -------------------  ----------------------
/home/minhle/mlops/dags/model_training.py                           1           0  1.71s           2025-04-23T07:06:02                      12
/home/minhle/mlops/dags/data_pipeline.py                            1           0  0.70s           2025-04-23T07:05:32                      12
================================================================================
[2025-04-23T14:06:34.092+0700] {manager.py:997} INFO - 
================================================================================
DAG File Processing Stats

File Path                                  PID    Runtime      # DAGs    # Errors  Last Runtime    Last Run               Last # of DB Queries
-----------------------------------------  -----  ---------  --------  ----------  --------------  -------------------  ----------------------
/home/minhle/mlops/dags/model_training.py                           1           0  1.71s           2025-04-23T07:06:34                      12
/home/minhle/mlops/dags/data_pipeline.py                            1           0  0.71s           2025-04-23T07:06:04                      12
================================================================================
[2025-04-23T14:06:57.358+0700] {manager.py:821} INFO - Searching for files in /home/minhle/mlops/dags
[2025-04-23T14:06:57.360+0700] {manager.py:824} INFO - There are 2 files in /home/minhle/mlops/dags
[2025-04-23T14:07:06.678+0700] {manager.py:997} INFO - 
================================================================================
DAG File Processing Stats

File Path                                  PID    Runtime      # DAGs    # Errors  Last Runtime    Last Run               Last # of DB Queries
-----------------------------------------  -----  ---------  --------  ----------  --------------  -------------------  ----------------------
/home/minhle/mlops/dags/model_training.py                           1           0  2.51s           2025-04-23T07:07:06                      12
/home/minhle/mlops/dags/data_pipeline.py                            1           0  0.71s           2025-04-23T07:06:35                      12
================================================================================
[2025-04-23T14:07:38.527+0700] {manager.py:997} INFO - 
================================================================================
DAG File Processing Stats

File Path                                  PID    Runtime      # DAGs    # Errors  Last Runtime    Last Run               Last # of DB Queries
-----------------------------------------  -----  ---------  --------  ----------  --------------  -------------------  ----------------------
/home/minhle/mlops/dags/model_training.py                           1           0  1.71s           2025-04-23T07:07:38                      12
/home/minhle/mlops/dags/data_pipeline.py                            1           0  0.71s           2025-04-23T07:07:07                      12
================================================================================
[2025-04-23T14:08:10.675+0700] {manager.py:997} INFO - 
================================================================================
DAG File Processing Stats

File Path                                  PID    Runtime      # DAGs    # Errors  Last Runtime    Last Run               Last # of DB Queries
-----------------------------------------  -----  ---------  --------  ----------  --------------  -------------------  ----------------------
/home/minhle/mlops/dags/model_training.py                           1           0  1.81s           2025-04-23T07:08:10                      12
/home/minhle/mlops/dags/data_pipeline.py                            1           0  0.81s           2025-04-23T07:07:44                      34
================================================================================
[2025-04-23T14:08:42.520+0700] {manager.py:997} INFO - 
================================================================================
DAG File Processing Stats

File Path                                  PID    Runtime      # DAGs    # Errors  Last Runtime    Last Run               Last # of DB Queries
-----------------------------------------  -----  ---------  --------  ----------  --------------  -------------------  ----------------------
/home/minhle/mlops/dags/model_training.py                           1           0  1.71s           2025-04-23T07:08:42                      12
/home/minhle/mlops/dags/data_pipeline.py                            1           0  0.91s           2025-04-23T07:08:15                      12
================================================================================
[2025-04-23T14:09:14.571+0700] {manager.py:997} INFO - 
================================================================================
DAG File Processing Stats

File Path                                  PID    Runtime      # DAGs    # Errors  Last Runtime    Last Run               Last # of DB Queries
-----------------------------------------  -----  ---------  --------  ----------  --------------  -------------------  ----------------------
/home/minhle/mlops/dags/model_training.py                           1           0  1.71s           2025-04-23T07:09:14                      12
/home/minhle/mlops/dags/data_pipeline.py                            1           0  0.81s           2025-04-23T07:08:47                      12
================================================================================
[2025-04-23T14:09:47.113+0700] {manager.py:997} INFO - 
================================================================================
DAG File Processing Stats

File Path                                  PID    Runtime      # DAGs    # Errors  Last Runtime    Last Run               Last # of DB Queries
-----------------------------------------  -----  ---------  --------  ----------  --------------  -------------------  ----------------------
/home/minhle/mlops/dags/model_training.py                           1           0  2.41s           2025-04-23T07:09:47                      12
/home/minhle/mlops/dags/data_pipeline.py                            1           0  1.21s           2025-04-23T07:09:18                      12
================================================================================
[2025-04-23T14:10:18.950+0700] {manager.py:997} INFO - 
================================================================================
DAG File Processing Stats

File Path                                  PID    Runtime      # DAGs    # Errors  Last Runtime    Last Run               Last # of DB Queries
-----------------------------------------  -----  ---------  --------  ----------  --------------  -------------------  ----------------------
/home/minhle/mlops/dags/model_training.py                           1           0  1.71s           2025-04-23T07:10:18                      12
/home/minhle/mlops/dags/data_pipeline.py                            1           0  0.71s           2025-04-23T07:09:49                      12
================================================================================
[2025-04-23T14:10:51.796+0700] {manager.py:997} INFO - 
================================================================================
DAG File Processing Stats

File Path                                  PID    Runtime      # DAGs    # Errors  Last Runtime    Last Run               Last # of DB Queries
-----------------------------------------  -----  ---------  --------  ----------  --------------  -------------------  ----------------------
/home/minhle/mlops/dags/model_training.py                           1           0  2.71s           2025-04-23T07:10:51                      12
/home/minhle/mlops/dags/data_pipeline.py                            1           0  0.71s           2025-04-23T07:10:20                      12
================================================================================
[2025-04-23T14:11:23.724+0700] {manager.py:997} INFO - 
================================================================================
DAG File Processing Stats

File Path                                  PID    Runtime      # DAGs    # Errors  Last Runtime    Last Run               Last # of DB Queries
-----------------------------------------  -----  ---------  --------  ----------  --------------  -------------------  ----------------------
/home/minhle/mlops/dags/model_training.py                           1           0  1.81s           2025-04-23T07:11:23                      12
/home/minhle/mlops/dags/data_pipeline.py                            1           0  0.71s           2025-04-23T07:10:53                      12
================================================================================
[2025-04-23T14:11:55.762+0700] {manager.py:997} INFO - 
================================================================================
DAG File Processing Stats

File Path                                  PID    Runtime      # DAGs    # Errors  Last Runtime    Last Run               Last # of DB Queries
-----------------------------------------  -----  ---------  --------  ----------  --------------  -------------------  ----------------------
/home/minhle/mlops/dags/model_training.py                           1           0  1.71s           2025-04-23T07:11:55                      12
/home/minhle/mlops/dags/data_pipeline.py                            1           0  0.71s           2025-04-23T07:11:25                      12
================================================================================
[2025-04-23T14:11:58.600+0700] {manager.py:821} INFO - Searching for files in /home/minhle/mlops/dags
[2025-04-23T14:11:58.601+0700] {manager.py:824} INFO - There are 2 files in /home/minhle/mlops/dags
[2025-04-23T14:12:27.594+0700] {manager.py:997} INFO - 
================================================================================
DAG File Processing Stats

File Path                                  PID    Runtime      # DAGs    # Errors  Last Runtime    Last Run               Last # of DB Queries
-----------------------------------------  -----  ---------  --------  ----------  --------------  -------------------  ----------------------
/home/minhle/mlops/dags/model_training.py                           1           0  1.71s           2025-04-23T07:12:27                      12
/home/minhle/mlops/dags/data_pipeline.py                            1           0  0.71s           2025-04-23T07:11:57                      12
================================================================================
[2025-04-23T14:13:00.530+0700] {manager.py:997} INFO - 
================================================================================
DAG File Processing Stats

File Path                                  PID    Runtime      # DAGs    # Errors  Last Runtime    Last Run               Last # of DB Queries
-----------------------------------------  -----  ---------  --------  ----------  --------------  -------------------  ----------------------
/home/minhle/mlops/dags/model_training.py                           1           0  2.81s           2025-04-23T07:13:00                      12
/home/minhle/mlops/dags/data_pipeline.py                            1           0  0.71s           2025-04-23T07:12:29                      12
================================================================================
[2025-04-23T14:13:32.357+0700] {manager.py:997} INFO - 
================================================================================
DAG File Processing Stats

File Path                                  PID    Runtime      # DAGs    # Errors  Last Runtime    Last Run               Last # of DB Queries
-----------------------------------------  -----  ---------  --------  ----------  --------------  -------------------  ----------------------
/home/minhle/mlops/dags/model_training.py                           1           0  1.71s           2025-04-23T07:13:32                      12
/home/minhle/mlops/dags/data_pipeline.py                            1           0  0.71s           2025-04-23T07:13:02                      12
================================================================================
[2025-04-23T14:14:04.194+0700] {manager.py:997} INFO - 
================================================================================
DAG File Processing Stats

File Path                                  PID    Runtime      # DAGs    # Errors  Last Runtime    Last Run               Last # of DB Queries
-----------------------------------------  -----  ---------  --------  ----------  --------------  -------------------  ----------------------
/home/minhle/mlops/dags/model_training.py                           1           0  1.71s           2025-04-23T07:14:04                      12
/home/minhle/mlops/dags/data_pipeline.py                            1           0  0.71s           2025-04-23T07:13:34                      12
================================================================================
[2025-04-23T14:14:36.335+0700] {manager.py:997} INFO - 
================================================================================
DAG File Processing Stats

File Path                                  PID    Runtime      # DAGs    # Errors  Last Runtime    Last Run               Last # of DB Queries
-----------------------------------------  -----  ---------  --------  ----------  --------------  -------------------  ----------------------
/home/minhle/mlops/dags/model_training.py                           1           0  2.01s           2025-04-23T07:14:36                      12
/home/minhle/mlops/dags/data_pipeline.py                            1           0  0.71s           2025-04-23T07:14:05                      12
================================================================================
[2025-04-23T14:15:08.234+0700] {manager.py:997} INFO - 
================================================================================
DAG File Processing Stats

File Path                                  PID    Runtime      # DAGs    # Errors  Last Runtime    Last Run               Last # of DB Queries
-----------------------------------------  -----  ---------  --------  ----------  --------------  -------------------  ----------------------
/home/minhle/mlops/dags/model_training.py                           1           0  1.81s           2025-04-23T07:15:08                      12
/home/minhle/mlops/dags/data_pipeline.py                            1           0  0.71s           2025-04-23T07:14:37                      12
================================================================================
[2025-04-23T14:15:39.978+0700] {manager.py:997} INFO - 
================================================================================
DAG File Processing Stats

File Path                                  PID    Runtime      # DAGs    # Errors  Last Runtime    Last Run               Last # of DB Queries
-----------------------------------------  -----  ---------  --------  ----------  --------------  -------------------  ----------------------
/home/minhle/mlops/dags/model_training.py                           1           0  1.62s           2025-04-23T07:15:39                      12
/home/minhle/mlops/dags/data_pipeline.py                            1           0  0.70s           2025-04-23T07:15:10                      12
================================================================================
[2025-04-23T14:16:11.746+0700] {manager.py:997} INFO - 
================================================================================
DAG File Processing Stats

File Path                                  PID    Runtime      # DAGs    # Errors  Last Runtime    Last Run               Last # of DB Queries
-----------------------------------------  -----  ---------  --------  ----------  --------------  -------------------  ----------------------
/home/minhle/mlops/dags/model_training.py                           1           0  1.71s           2025-04-23T07:16:11                      12
/home/minhle/mlops/dags/data_pipeline.py                            1           0  0.70s           2025-04-23T07:15:40                      12
================================================================================
[2025-04-23T14:16:43.527+0700] {manager.py:997} INFO - 
================================================================================
DAG File Processing Stats

File Path                                  PID    Runtime      # DAGs    # Errors  Last Runtime    Last Run               Last # of DB Queries
-----------------------------------------  -----  ---------  --------  ----------  --------------  -------------------  ----------------------
/home/minhle/mlops/dags/model_training.py                           1           0  1.62s           2025-04-23T07:16:43                      12
/home/minhle/mlops/dags/data_pipeline.py                            1           0  0.71s           2025-04-23T07:16:13                      12
================================================================================
[2025-04-23T14:16:58.611+0700] {manager.py:821} INFO - Searching for files in /home/minhle/mlops/dags
[2025-04-23T14:16:58.613+0700] {manager.py:824} INFO - There are 2 files in /home/minhle/mlops/dags
[2025-04-23T14:17:15.360+0700] {manager.py:997} INFO - 
================================================================================
DAG File Processing Stats

File Path                                  PID    Runtime      # DAGs    # Errors  Last Runtime    Last Run               Last # of DB Queries
-----------------------------------------  -----  ---------  --------  ----------  --------------  -------------------  ----------------------
/home/minhle/mlops/dags/model_training.py                           1           0  1.71s           2025-04-23T07:17:15                      12
/home/minhle/mlops/dags/data_pipeline.py                            1           0  0.71s           2025-04-23T07:16:45                      12
================================================================================
[2025-04-23T14:17:47.214+0700] {manager.py:997} INFO - 
================================================================================
DAG File Processing Stats

File Path                                  PID    Runtime      # DAGs    # Errors  Last Runtime    Last Run               Last # of DB Queries
-----------------------------------------  -----  ---------  --------  ----------  --------------  -------------------  ----------------------
/home/minhle/mlops/dags/model_training.py                           1           0  1.71s           2025-04-23T07:17:47                      12
/home/minhle/mlops/dags/data_pipeline.py                            1           0  0.70s           2025-04-23T07:17:16                      12
================================================================================
[2025-04-23T14:18:19.490+0700] {manager.py:997} INFO - 
================================================================================
DAG File Processing Stats

File Path                                  PID    Runtime      # DAGs    # Errors  Last Runtime    Last Run               Last # of DB Queries
-----------------------------------------  -----  ---------  --------  ----------  --------------  -------------------  ----------------------
/home/minhle/mlops/dags/model_training.py                           1           0  2.21s           2025-04-23T07:18:19                      12
/home/minhle/mlops/dags/data_pipeline.py                            1           0  0.71s           2025-04-23T07:17:48                      12
================================================================================
[2025-04-23T14:18:51.277+0700] {manager.py:997} INFO - 
================================================================================
DAG File Processing Stats

File Path                                  PID    Runtime      # DAGs    # Errors  Last Runtime    Last Run               Last # of DB Queries
-----------------------------------------  -----  ---------  --------  ----------  --------------  -------------------  ----------------------
/home/minhle/mlops/dags/model_training.py                           1           0  1.71s           2025-04-23T07:18:51                      12
/home/minhle/mlops/dags/data_pipeline.py                            1           0  0.91s           2025-04-23T07:18:20                      12
================================================================================
[2025-04-23T14:19:23.068+0700] {manager.py:997} INFO - 
================================================================================
DAG File Processing Stats

File Path                                  PID    Runtime      # DAGs    # Errors  Last Runtime    Last Run               Last # of DB Queries
-----------------------------------------  -----  ---------  --------  ----------  --------------  -------------------  ----------------------
/home/minhle/mlops/dags/model_training.py                           1           0  1.71s           2025-04-23T07:19:23                      12
/home/minhle/mlops/dags/data_pipeline.py                            1           0  0.71s           2025-04-23T07:18:53                      12
================================================================================
[2025-04-23T14:19:55.843+0700] {manager.py:997} INFO - 
================================================================================
DAG File Processing Stats

File Path                                  PID    Runtime      # DAGs    # Errors  Last Runtime    Last Run               Last # of DB Queries
-----------------------------------------  -----  ---------  --------  ----------  --------------  -------------------  ----------------------
/home/minhle/mlops/dags/model_training.py                           1           0  2.71s           2025-04-23T07:19:55                      12
/home/minhle/mlops/dags/data_pipeline.py                            1           0  0.72s           2025-04-23T07:19:24                      12
================================================================================
[2025-04-23T14:20:28.259+0700] {manager.py:997} INFO - 
================================================================================
DAG File Processing Stats

File Path                                  PID    Runtime      # DAGs    # Errors  Last Runtime    Last Run               Last # of DB Queries
-----------------------------------------  -----  ---------  --------  ----------  --------------  -------------------  ----------------------
/home/minhle/mlops/dags/model_training.py                           1           0  2.33s           2025-04-23T07:20:28                      12
/home/minhle/mlops/dags/data_pipeline.py                            1           0  1.11s           2025-04-23T07:19:57                      12
================================================================================
[2025-04-23T14:21:00.328+0700] {manager.py:997} INFO - 
================================================================================
DAG File Processing Stats

File Path                                  PID    Runtime      # DAGs    # Errors  Last Runtime    Last Run               Last # of DB Queries
-----------------------------------------  -----  ---------  --------  ----------  --------------  -------------------  ----------------------
/home/minhle/mlops/dags/model_training.py                           1           0  1.71s           2025-04-23T07:21:00                      12
/home/minhle/mlops/dags/data_pipeline.py                            1           0  0.71s           2025-04-23T07:20:30                      12
================================================================================
[2025-04-23T14:21:32.187+0700] {manager.py:997} INFO - 
================================================================================
DAG File Processing Stats

File Path                                  PID    Runtime      # DAGs    # Errors  Last Runtime    Last Run               Last # of DB Queries
-----------------------------------------  -----  ---------  --------  ----------  --------------  -------------------  ----------------------
/home/minhle/mlops/dags/model_training.py                           1           0  1.71s           2025-04-23T07:21:32                      12
/home/minhle/mlops/dags/data_pipeline.py                            1           0  0.81s           2025-04-23T07:21:02                      12
================================================================================
[2025-04-23T14:21:59.511+0700] {manager.py:821} INFO - Searching for files in /home/minhle/mlops/dags
[2025-04-23T14:21:59.514+0700] {manager.py:824} INFO - There are 2 files in /home/minhle/mlops/dags
[2025-04-23T14:22:04.077+0700] {manager.py:997} INFO - 
================================================================================
DAG File Processing Stats

File Path                                  PID    Runtime      # DAGs    # Errors  Last Runtime    Last Run               Last # of DB Queries
-----------------------------------------  -----  ---------  --------  ----------  --------------  -------------------  ----------------------
/home/minhle/mlops/dags/model_training.py                           1           0  1.71s           2025-04-23T07:22:04                      12
/home/minhle/mlops/dags/data_pipeline.py                            1           0  0.71s           2025-04-23T07:21:34                      12
================================================================================
[2025-04-23T14:22:36.418+0700] {manager.py:997} INFO - 
================================================================================
DAG File Processing Stats

File Path                                  PID    Runtime      # DAGs    # Errors  Last Runtime    Last Run               Last # of DB Queries
-----------------------------------------  -----  ---------  --------  ----------  --------------  -------------------  ----------------------
/home/minhle/mlops/dags/model_training.py                           1           0  2.21s           2025-04-23T07:22:36                      12
/home/minhle/mlops/dags/data_pipeline.py                            1           0  0.71s           2025-04-23T07:22:05                      12
================================================================================
[2025-04-23T14:23:08.247+0700] {manager.py:997} INFO - 
================================================================================
DAG File Processing Stats

File Path                                  PID    Runtime      # DAGs    # Errors  Last Runtime    Last Run               Last # of DB Queries
-----------------------------------------  -----  ---------  --------  ----------  --------------  -------------------  ----------------------
/home/minhle/mlops/dags/model_training.py                           1           0  1.71s           2025-04-23T07:23:08                      12
/home/minhle/mlops/dags/data_pipeline.py                            1           0  0.71s           2025-04-23T07:22:38                      12
================================================================================
[2025-04-23T14:23:40.082+0700] {manager.py:997} INFO - 
================================================================================
DAG File Processing Stats

File Path                                  PID    Runtime      # DAGs    # Errors  Last Runtime    Last Run               Last # of DB Queries
-----------------------------------------  -----  ---------  --------  ----------  --------------  -------------------  ----------------------
/home/minhle/mlops/dags/model_training.py                           1           0  1.71s           2025-04-23T07:23:40                      12
/home/minhle/mlops/dags/data_pipeline.py                            1           0  0.71s           2025-04-23T07:23:09                      12
================================================================================
[2025-04-23T14:24:12.517+0700] {manager.py:997} INFO - 
================================================================================
DAG File Processing Stats

File Path                                  PID    Runtime      # DAGs    # Errors  Last Runtime    Last Run               Last # of DB Queries
-----------------------------------------  -----  ---------  --------  ----------  --------------  -------------------  ----------------------
/home/minhle/mlops/dags/model_training.py                           1           0  2.31s           2025-04-23T07:24:12                      12
/home/minhle/mlops/dags/data_pipeline.py                            1           0  0.71s           2025-04-23T07:23:41                      12
================================================================================
[2025-04-23T14:24:44.559+0700] {manager.py:997} INFO - 
================================================================================
DAG File Processing Stats

File Path                                  PID    Runtime      # DAGs    # Errors  Last Runtime    Last Run               Last # of DB Queries
-----------------------------------------  -----  ---------  --------  ----------  --------------  -------------------  ----------------------
/home/minhle/mlops/dags/model_training.py                           1           0  2.01s           2025-04-23T07:24:44                      12
/home/minhle/mlops/dags/data_pipeline.py                            1           0  0.71s           2025-04-23T07:24:14                      12
================================================================================
[2025-04-23T14:25:16.334+0700] {manager.py:997} INFO - 
================================================================================
DAG File Processing Stats

File Path                                  PID    Runtime      # DAGs    # Errors  Last Runtime    Last Run               Last # of DB Queries
-----------------------------------------  -----  ---------  --------  ----------  --------------  -------------------  ----------------------
/home/minhle/mlops/dags/model_training.py                           1           0  1.71s           2025-04-23T07:25:16                      12
/home/minhle/mlops/dags/data_pipeline.py                            1           0  0.71s           2025-04-23T07:24:46                      12
================================================================================
[2025-04-23T14:25:48.107+0700] {manager.py:997} INFO - 
================================================================================
DAG File Processing Stats

File Path                                  PID    Runtime      # DAGs    # Errors  Last Runtime    Last Run               Last # of DB Queries
-----------------------------------------  -----  ---------  --------  ----------  --------------  -------------------  ----------------------
/home/minhle/mlops/dags/model_training.py                           1           0  1.71s           2025-04-23T07:25:48                      12
/home/minhle/mlops/dags/data_pipeline.py                            1           0  0.71s           2025-04-23T07:25:17                      12
================================================================================
[2025-04-23T14:26:19.897+0700] {manager.py:997} INFO - 
================================================================================
DAG File Processing Stats

File Path                                  PID    Runtime      # DAGs    # Errors  Last Runtime    Last Run               Last # of DB Queries
-----------------------------------------  -----  ---------  --------  ----------  --------------  -------------------  ----------------------
/home/minhle/mlops/dags/model_training.py                           1           0  1.71s           2025-04-23T07:26:19                      12
/home/minhle/mlops/dags/data_pipeline.py                            1           0  0.71s           2025-04-23T07:25:49                      12
================================================================================
[2025-04-23T14:26:51.668+0700] {manager.py:997} INFO - 
================================================================================
DAG File Processing Stats

File Path                                  PID    Runtime      # DAGs    # Errors  Last Runtime    Last Run               Last # of DB Queries
-----------------------------------------  -----  ---------  --------  ----------  --------------  -------------------  ----------------------
/home/minhle/mlops/dags/model_training.py                           1           0  1.71s           2025-04-23T07:26:51                      12
/home/minhle/mlops/dags/data_pipeline.py                            1           0  0.71s           2025-04-23T07:26:21                      12
================================================================================
[2025-04-23T14:26:59.642+0700] {manager.py:821} INFO - Searching for files in /home/minhle/mlops/dags
[2025-04-23T14:26:59.644+0700] {manager.py:824} INFO - There are 2 files in /home/minhle/mlops/dags
[2025-04-23T14:27:23.443+0700] {manager.py:997} INFO - 
================================================================================
DAG File Processing Stats

File Path                                  PID    Runtime      # DAGs    # Errors  Last Runtime    Last Run               Last # of DB Queries
-----------------------------------------  -----  ---------  --------  ----------  --------------  -------------------  ----------------------
/home/minhle/mlops/dags/model_training.py                           1           0  1.71s           2025-04-23T07:27:23                      12
/home/minhle/mlops/dags/data_pipeline.py                            1           0  0.70s           2025-04-23T07:26:53                      12
================================================================================
[2025-04-23T14:27:55.217+0700] {manager.py:997} INFO - 
================================================================================
DAG File Processing Stats

File Path                                  PID    Runtime      # DAGs    # Errors  Last Runtime    Last Run               Last # of DB Queries
-----------------------------------------  -----  ---------  --------  ----------  --------------  -------------------  ----------------------
/home/minhle/mlops/dags/model_training.py                           1           0  1.71s           2025-04-23T07:27:55                      12
/home/minhle/mlops/dags/data_pipeline.py                            1           0  0.71s           2025-04-23T07:27:25                      12
================================================================================
[2025-04-23T14:28:26.990+0700] {manager.py:997} INFO - 
================================================================================
DAG File Processing Stats

File Path                                  PID    Runtime      # DAGs    # Errors  Last Runtime    Last Run               Last # of DB Queries
-----------------------------------------  -----  ---------  --------  ----------  --------------  -------------------  ----------------------
/home/minhle/mlops/dags/model_training.py                           1           0  1.71s           2025-04-23T07:28:26                      12
/home/minhle/mlops/dags/data_pipeline.py                            1           0  0.71s           2025-04-23T07:27:56                      12
================================================================================
[2025-04-23T14:28:58.761+0700] {manager.py:997} INFO - 
================================================================================
DAG File Processing Stats

File Path                                  PID    Runtime      # DAGs    # Errors  Last Runtime    Last Run               Last # of DB Queries
-----------------------------------------  -----  ---------  --------  ----------  --------------  -------------------  ----------------------
/home/minhle/mlops/dags/model_training.py                           1           0  1.71s           2025-04-23T07:28:58                      12
/home/minhle/mlops/dags/data_pipeline.py                            1           0  0.71s           2025-04-23T07:28:28                      12
================================================================================
[2025-04-23T14:29:30.538+0700] {manager.py:997} INFO - 
================================================================================
DAG File Processing Stats

File Path                                  PID    Runtime      # DAGs    # Errors  Last Runtime    Last Run               Last # of DB Queries
-----------------------------------------  -----  ---------  --------  ----------  --------------  -------------------  ----------------------
/home/minhle/mlops/dags/model_training.py                           1           0  1.71s           2025-04-23T07:29:30                      12
/home/minhle/mlops/dags/data_pipeline.py                            1           0  0.71s           2025-04-23T07:29:00                      12
================================================================================
[2025-04-23T14:30:02.245+0700] {manager.py:997} INFO - 
================================================================================
DAG File Processing Stats

File Path                                  PID    Runtime      # DAGs    # Errors  Last Runtime    Last Run               Last # of DB Queries
-----------------------------------------  -----  ---------  --------  ----------  --------------  -------------------  ----------------------
/home/minhle/mlops/dags/model_training.py                           1           0  1.62s           2025-04-23T07:30:02                      12
/home/minhle/mlops/dags/data_pipeline.py                            1           0  0.71s           2025-04-23T07:29:32                      12
================================================================================
[2025-04-23T14:30:34.345+0700] {manager.py:997} INFO - 
================================================================================
DAG File Processing Stats

File Path                                  PID    Runtime      # DAGs    # Errors  Last Runtime    Last Run               Last # of DB Queries
-----------------------------------------  -----  ---------  --------  ----------  --------------  -------------------  ----------------------
/home/minhle/mlops/dags/model_training.py                           1           0  2.03s           2025-04-23T07:30:34                      12
/home/minhle/mlops/dags/data_pipeline.py                            1           0  0.71s           2025-04-23T07:30:03                      12
================================================================================
[2025-04-23T14:31:06.555+0700] {manager.py:997} INFO - 
================================================================================
DAG File Processing Stats

File Path                                  PID    Runtime      # DAGs    # Errors  Last Runtime    Last Run               Last # of DB Queries
-----------------------------------------  -----  ---------  --------  ----------  --------------  -------------------  ----------------------
/home/minhle/mlops/dags/model_training.py                           1           0  2.11s           2025-04-23T07:31:06                      12
/home/minhle/mlops/dags/data_pipeline.py                            1           0  0.81s           2025-04-23T07:30:36                      12
================================================================================
[2025-04-23T14:31:38.336+0700] {manager.py:997} INFO - 
================================================================================
DAG File Processing Stats

File Path                                  PID    Runtime      # DAGs    # Errors  Last Runtime    Last Run               Last # of DB Queries
-----------------------------------------  -----  ---------  --------  ----------  --------------  -------------------  ----------------------
/home/minhle/mlops/dags/model_training.py                           1           0  1.71s           2025-04-23T07:31:38                      12
/home/minhle/mlops/dags/data_pipeline.py                            1           0  0.81s           2025-04-23T07:31:08                      12
================================================================================
[2025-04-23T14:32:00.473+0700] {manager.py:821} INFO - Searching for files in /home/minhle/mlops/dags
[2025-04-23T14:32:00.480+0700] {manager.py:824} INFO - There are 2 files in /home/minhle/mlops/dags
[2025-04-23T14:32:10.207+0700] {manager.py:997} INFO - 
================================================================================
DAG File Processing Stats

File Path                                  PID    Runtime      # DAGs    # Errors  Last Runtime    Last Run               Last # of DB Queries
-----------------------------------------  -----  ---------  --------  ----------  --------------  -------------------  ----------------------
/home/minhle/mlops/dags/model_training.py                           1           0  1.81s           2025-04-23T07:32:10                      12
/home/minhle/mlops/dags/data_pipeline.py                            1           0  0.71s           2025-04-23T07:31:40                      12
================================================================================
[2025-04-23T14:32:42.102+0700] {manager.py:997} INFO - 
================================================================================
DAG File Processing Stats

File Path                                  PID    Runtime      # DAGs    # Errors  Last Runtime    Last Run               Last # of DB Queries
-----------------------------------------  -----  ---------  --------  ----------  --------------  -------------------  ----------------------
/home/minhle/mlops/dags/model_training.py                           1           0  1.81s           2025-04-23T07:32:42                      12
/home/minhle/mlops/dags/data_pipeline.py                            1           0  0.81s           2025-04-23T07:32:12                      12
================================================================================
[2025-04-23T14:33:13.879+0700] {manager.py:997} INFO - 
================================================================================
DAG File Processing Stats

File Path                                  PID    Runtime      # DAGs    # Errors  Last Runtime    Last Run               Last # of DB Queries
-----------------------------------------  -----  ---------  --------  ----------  --------------  -------------------  ----------------------
/home/minhle/mlops/dags/model_training.py                           1           0  1.71s           2025-04-23T07:33:13                      12
/home/minhle/mlops/dags/data_pipeline.py                            1           0  0.71s           2025-04-23T07:32:43                      12
================================================================================
[2025-04-23T14:33:45.672+0700] {manager.py:997} INFO - 
================================================================================
DAG File Processing Stats

File Path                                  PID    Runtime      # DAGs    # Errors  Last Runtime    Last Run               Last # of DB Queries
-----------------------------------------  -----  ---------  --------  ----------  --------------  -------------------  ----------------------
/home/minhle/mlops/dags/model_training.py                           1           0  1.71s           2025-04-23T07:33:45                      12
/home/minhle/mlops/dags/data_pipeline.py                            1           0  0.71s           2025-04-23T07:33:14                      12
================================================================================
[2025-04-23T14:34:17.509+0700] {manager.py:997} INFO - 
================================================================================
DAG File Processing Stats

File Path                                  PID    Runtime      # DAGs    # Errors  Last Runtime    Last Run               Last # of DB Queries
-----------------------------------------  -----  ---------  --------  ----------  --------------  -------------------  ----------------------
/home/minhle/mlops/dags/model_training.py                           1           0  1.71s           2025-04-23T07:34:17                      12
/home/minhle/mlops/dags/data_pipeline.py                            1           0  0.72s           2025-04-23T07:33:46                      12
================================================================================
[2025-04-23T14:34:49.384+0700] {manager.py:997} INFO - 
================================================================================
DAG File Processing Stats

File Path                                  PID    Runtime      # DAGs    # Errors  Last Runtime    Last Run               Last # of DB Queries
-----------------------------------------  -----  ---------  --------  ----------  --------------  -------------------  ----------------------
/home/minhle/mlops/dags/model_training.py                           1           0  1.73s           2025-04-23T07:34:49                      12
/home/minhle/mlops/dags/data_pipeline.py                            1           0  0.72s           2025-04-23T07:34:19                      12
================================================================================
[2025-04-23T14:35:21.419+0700] {manager.py:997} INFO - 
================================================================================
DAG File Processing Stats

File Path                                  PID    Runtime      # DAGs    # Errors  Last Runtime    Last Run               Last # of DB Queries
-----------------------------------------  -----  ---------  --------  ----------  --------------  -------------------  ----------------------
/home/minhle/mlops/dags/model_training.py                           1           0  1.91s           2025-04-23T07:35:21                      12
/home/minhle/mlops/dags/data_pipeline.py                            1           0  0.71s           2025-04-23T07:34:51                      12
================================================================================
[2025-04-23T14:35:53.461+0700] {manager.py:997} INFO - 
================================================================================
DAG File Processing Stats

File Path                                  PID    Runtime      # DAGs    # Errors  Last Runtime    Last Run               Last # of DB Queries
-----------------------------------------  -----  ---------  --------  ----------  --------------  -------------------  ----------------------
/home/minhle/mlops/dags/model_training.py                           1           0  1.91s           2025-04-23T07:35:53                      12
/home/minhle/mlops/dags/data_pipeline.py                            1           0  0.91s           2025-04-23T07:35:23                      12
================================================================================
[2025-04-23T14:36:25.385+0700] {manager.py:997} INFO - 
================================================================================
DAG File Processing Stats

File Path                                  PID    Runtime      # DAGs    # Errors  Last Runtime    Last Run               Last # of DB Queries
-----------------------------------------  -----  ---------  --------  ----------  --------------  -------------------  ----------------------
/home/minhle/mlops/dags/model_training.py                           1           0  1.81s           2025-04-23T07:36:25                      12
/home/minhle/mlops/dags/data_pipeline.py                            1           0  0.81s           2025-04-23T07:35:55                      12
================================================================================
[2025-04-23T14:36:57.238+0700] {manager.py:997} INFO - 
================================================================================
DAG File Processing Stats

File Path                                  PID    Runtime      # DAGs    # Errors  Last Runtime    Last Run               Last # of DB Queries
-----------------------------------------  -----  ---------  --------  ----------  --------------  -------------------  ----------------------
/home/minhle/mlops/dags/model_training.py                           1           0  1.71s           2025-04-23T07:36:57                      12
/home/minhle/mlops/dags/data_pipeline.py                            1           0  0.81s           2025-04-23T07:36:27                      12
================================================================================
[2025-04-23T14:37:01.205+0700] {manager.py:821} INFO - Searching for files in /home/minhle/mlops/dags
[2025-04-23T14:37:01.212+0700] {manager.py:824} INFO - There are 2 files in /home/minhle/mlops/dags
[2025-04-23T14:37:29.860+0700] {manager.py:997} INFO - 
================================================================================
DAG File Processing Stats

File Path                                  PID    Runtime      # DAGs    # Errors  Last Runtime    Last Run               Last # of DB Queries
-----------------------------------------  -----  ---------  --------  ----------  --------------  -------------------  ----------------------
/home/minhle/mlops/dags/model_training.py                           1           0  2.41s           2025-04-23T07:37:29                      12
/home/minhle/mlops/dags/data_pipeline.py                            1           0  0.71s           2025-04-23T07:36:59                      12
================================================================================
[2025-04-23T14:38:01.824+0700] {manager.py:997} INFO - 
================================================================================
DAG File Processing Stats

File Path                                  PID    Runtime      # DAGs    # Errors  Last Runtime    Last Run               Last # of DB Queries
-----------------------------------------  -----  ---------  --------  ----------  --------------  -------------------  ----------------------
/home/minhle/mlops/dags/model_training.py                           1           0  1.81s           2025-04-23T07:38:01                      12
/home/minhle/mlops/dags/data_pipeline.py                            1           0  0.71s           2025-04-23T07:37:31                      12
================================================================================
[2025-04-23T14:38:33.687+0700] {manager.py:997} INFO - 
================================================================================
DAG File Processing Stats

File Path                                  PID    Runtime      # DAGs    # Errors  Last Runtime    Last Run               Last # of DB Queries
-----------------------------------------  -----  ---------  --------  ----------  --------------  -------------------  ----------------------
/home/minhle/mlops/dags/model_training.py                           1           0  1.71s           2025-04-23T07:38:33                      12
/home/minhle/mlops/dags/data_pipeline.py                            1           0  0.81s           2025-04-23T07:38:02                      12
================================================================================
[2025-04-23T14:39:05.485+0700] {manager.py:997} INFO - 
================================================================================
DAG File Processing Stats

File Path                                  PID    Runtime      # DAGs    # Errors  Last Runtime    Last Run               Last # of DB Queries
-----------------------------------------  -----  ---------  --------  ----------  --------------  -------------------  ----------------------
/home/minhle/mlops/dags/model_training.py                           1           0  1.71s           2025-04-23T07:39:05                      12
/home/minhle/mlops/dags/data_pipeline.py                            1           0  0.71s           2025-04-23T07:38:35                      12
================================================================================
[2025-04-23T14:39:37.254+0700] {manager.py:997} INFO - 
================================================================================
DAG File Processing Stats

File Path                                  PID    Runtime      # DAGs    # Errors  Last Runtime    Last Run               Last # of DB Queries
-----------------------------------------  -----  ---------  --------  ----------  --------------  -------------------  ----------------------
/home/minhle/mlops/dags/model_training.py                           1           0  1.71s           2025-04-23T07:39:37                      12
/home/minhle/mlops/dags/data_pipeline.py                            1           0  0.71s           2025-04-23T07:39:07                      12
================================================================================
[2025-04-23T14:40:09.027+0700] {manager.py:997} INFO - 
================================================================================
DAG File Processing Stats

File Path                                  PID    Runtime      # DAGs    # Errors  Last Runtime    Last Run               Last # of DB Queries
-----------------------------------------  -----  ---------  --------  ----------  --------------  -------------------  ----------------------
/home/minhle/mlops/dags/model_training.py                           1           0  1.71s           2025-04-23T07:40:09                      12
/home/minhle/mlops/dags/data_pipeline.py                            1           0  0.71s           2025-04-23T07:39:38                      12
================================================================================
[2025-04-23T14:40:40.829+0700] {manager.py:997} INFO - 
================================================================================
DAG File Processing Stats

File Path                                  PID    Runtime      # DAGs    # Errors  Last Runtime    Last Run               Last # of DB Queries
-----------------------------------------  -----  ---------  --------  ----------  --------------  -------------------  ----------------------
/home/minhle/mlops/dags/model_training.py                           1           0  1.71s           2025-04-23T07:40:40                      12
/home/minhle/mlops/dags/data_pipeline.py                            1           0  0.71s           2025-04-23T07:40:10                      12
================================================================================
[2025-04-23T14:41:12.506+0700] {manager.py:997} INFO - 
================================================================================
DAG File Processing Stats

File Path                                  PID    Runtime      # DAGs    # Errors  Last Runtime    Last Run               Last # of DB Queries
-----------------------------------------  -----  ---------  --------  ----------  --------------  -------------------  ----------------------
/home/minhle/mlops/dags/model_training.py                           1           0  1.63s           2025-04-23T07:41:12                      12
/home/minhle/mlops/dags/data_pipeline.py                            1           0  0.71s           2025-04-23T07:40:42                      12
================================================================================
[2025-04-23T14:41:44.187+0700] {manager.py:997} INFO - 
================================================================================
DAG File Processing Stats

File Path                                  PID    Runtime      # DAGs    # Errors  Last Runtime    Last Run               Last # of DB Queries
-----------------------------------------  -----  ---------  --------  ----------  --------------  -------------------  ----------------------
/home/minhle/mlops/dags/model_training.py                           1           0  1.61s           2025-04-23T07:41:44                      12
/home/minhle/mlops/dags/data_pipeline.py                            1           0  0.70s           2025-04-23T07:41:14                      12
================================================================================
[2025-04-23T14:42:01.288+0700] {manager.py:821} INFO - Searching for files in /home/minhle/mlops/dags
[2025-04-23T14:42:01.290+0700] {manager.py:824} INFO - There are 2 files in /home/minhle/mlops/dags
[2025-04-23T14:42:15.870+0700] {manager.py:997} INFO - 
================================================================================
DAG File Processing Stats

File Path                                  PID    Runtime      # DAGs    # Errors  Last Runtime    Last Run               Last # of DB Queries
-----------------------------------------  -----  ---------  --------  ----------  --------------  -------------------  ----------------------
/home/minhle/mlops/dags/model_training.py                           1           0  1.61s           2025-04-23T07:42:15                      12
/home/minhle/mlops/dags/data_pipeline.py                            1           0  0.71s           2025-04-23T07:41:45                      12
================================================================================
[2025-04-23T14:42:47.560+0700] {manager.py:997} INFO - 
================================================================================
DAG File Processing Stats

File Path                                  PID    Runtime      # DAGs    # Errors  Last Runtime    Last Run               Last # of DB Queries
-----------------------------------------  -----  ---------  --------  ----------  --------------  -------------------  ----------------------
/home/minhle/mlops/dags/model_training.py                           1           0  1.63s           2025-04-23T07:42:47                      12
/home/minhle/mlops/dags/data_pipeline.py                            1           0  0.71s           2025-04-23T07:42:17                      12
================================================================================
[2025-04-23T14:43:19.332+0700] {manager.py:997} INFO - 
================================================================================
DAG File Processing Stats

File Path                                  PID    Runtime      # DAGs    # Errors  Last Runtime    Last Run               Last # of DB Queries
-----------------------------------------  -----  ---------  --------  ----------  --------------  -------------------  ----------------------
/home/minhle/mlops/dags/model_training.py                           1           0  1.71s           2025-04-23T07:43:19                      12
/home/minhle/mlops/dags/data_pipeline.py                            1           0  0.71s           2025-04-23T07:42:49                      12
================================================================================
[2025-04-23T14:43:51.107+0700] {manager.py:997} INFO - 
================================================================================
DAG File Processing Stats

File Path                                  PID    Runtime      # DAGs    # Errors  Last Runtime    Last Run               Last # of DB Queries
-----------------------------------------  -----  ---------  --------  ----------  --------------  -------------------  ----------------------
/home/minhle/mlops/dags/model_training.py                           1           0  1.71s           2025-04-23T07:43:51                      12
/home/minhle/mlops/dags/data_pipeline.py                            1           0  0.71s           2025-04-23T07:43:21                      12
================================================================================
[2025-04-23T14:44:22.795+0700] {manager.py:997} INFO - 
================================================================================
DAG File Processing Stats

File Path                                  PID    Runtime      # DAGs    # Errors  Last Runtime    Last Run               Last # of DB Queries
-----------------------------------------  -----  ---------  --------  ----------  --------------  -------------------  ----------------------
/home/minhle/mlops/dags/model_training.py                           1           0  1.62s           2025-04-23T07:44:22                      12
/home/minhle/mlops/dags/data_pipeline.py                            1           0  0.70s           2025-04-23T07:43:52                      12
================================================================================
[2025-04-23T14:44:54.566+0700] {manager.py:997} INFO - 
================================================================================
DAG File Processing Stats

File Path                                  PID    Runtime      # DAGs    # Errors  Last Runtime    Last Run               Last # of DB Queries
-----------------------------------------  -----  ---------  --------  ----------  --------------  -------------------  ----------------------
/home/minhle/mlops/dags/model_training.py                           1           0  1.71s           2025-04-23T07:44:54                      12
/home/minhle/mlops/dags/data_pipeline.py                            1           0  0.71s           2025-04-23T07:44:24                      12
================================================================================
[2025-04-23T14:45:26.256+0700] {manager.py:997} INFO - 
================================================================================
DAG File Processing Stats

File Path                                  PID    Runtime      # DAGs    # Errors  Last Runtime    Last Run               Last # of DB Queries
-----------------------------------------  -----  ---------  --------  ----------  --------------  -------------------  ----------------------
/home/minhle/mlops/dags/model_training.py                           1           0  1.62s           2025-04-23T07:45:26                      12
/home/minhle/mlops/dags/data_pipeline.py                            1           0  0.71s           2025-04-23T07:44:56                      12
================================================================================
[2025-04-23T14:45:58.006+0700] {manager.py:997} INFO - 
================================================================================
DAG File Processing Stats

File Path                                  PID    Runtime      # DAGs    # Errors  Last Runtime    Last Run               Last # of DB Queries
-----------------------------------------  -----  ---------  --------  ----------  --------------  -------------------  ----------------------
/home/minhle/mlops/dags/model_training.py                           1           0  1.70s           2025-04-23T07:45:58                      12
/home/minhle/mlops/dags/data_pipeline.py                            1           0  0.71s           2025-04-23T07:45:27                      12
================================================================================
[2025-04-23T14:46:29.789+0700] {manager.py:997} INFO - 
================================================================================
DAG File Processing Stats

File Path                                  PID    Runtime      # DAGs    # Errors  Last Runtime    Last Run               Last # of DB Queries
-----------------------------------------  -----  ---------  --------  ----------  --------------  -------------------  ----------------------
/home/minhle/mlops/dags/model_training.py                           1           0  1.71s           2025-04-23T07:46:29                      12
/home/minhle/mlops/dags/data_pipeline.py                            1           0  0.81s           2025-04-23T07:45:59                      12
================================================================================
[2025-04-23T14:47:01.576+0700] {manager.py:997} INFO - 
================================================================================
DAG File Processing Stats

File Path                                  PID    Runtime      # DAGs    # Errors  Last Runtime    Last Run               Last # of DB Queries
-----------------------------------------  -----  ---------  --------  ----------  --------------  -------------------  ----------------------
/home/minhle/mlops/dags/model_training.py                           1           0  1.71s           2025-04-23T07:47:01                      12
/home/minhle/mlops/dags/data_pipeline.py                            1           0  0.70s           2025-04-23T07:46:31                      12
================================================================================
[2025-04-23T14:47:02.610+0700] {manager.py:821} INFO - Searching for files in /home/minhle/mlops/dags
[2025-04-23T14:47:02.612+0700] {manager.py:824} INFO - There are 2 files in /home/minhle/mlops/dags
[2025-04-23T14:47:33.757+0700] {manager.py:997} INFO - 
================================================================================
DAG File Processing Stats

File Path                                  PID    Runtime      # DAGs    # Errors  Last Runtime    Last Run               Last # of DB Queries
-----------------------------------------  -----  ---------  --------  ----------  --------------  -------------------  ----------------------
/home/minhle/mlops/dags/model_training.py                           1           0  2.11s           2025-04-23T07:47:33                      12
/home/minhle/mlops/dags/data_pipeline.py                            1           0  0.71s           2025-04-23T07:47:03                      12
================================================================================
[2025-04-23T14:48:05.530+0700] {manager.py:997} INFO - 
================================================================================
DAG File Processing Stats

File Path                                  PID    Runtime      # DAGs    # Errors  Last Runtime    Last Run               Last # of DB Queries
-----------------------------------------  -----  ---------  --------  ----------  --------------  -------------------  ----------------------
/home/minhle/mlops/dags/model_training.py                           1           0  1.71s           2025-04-23T07:48:05                      12
/home/minhle/mlops/dags/data_pipeline.py                            1           0  0.81s           2025-04-23T07:47:35                      12
================================================================================
[2025-04-23T14:48:37.417+0700] {manager.py:997} INFO - 
================================================================================
DAG File Processing Stats

File Path                                  PID    Runtime      # DAGs    # Errors  Last Runtime    Last Run               Last # of DB Queries
-----------------------------------------  -----  ---------  --------  ----------  --------------  -------------------  ----------------------
/home/minhle/mlops/dags/model_training.py                           1           0  1.81s           2025-04-23T07:48:37                      12
/home/minhle/mlops/dags/data_pipeline.py                            1           0  0.81s           2025-04-23T07:48:07                      12
================================================================================
[2025-04-23T14:49:09.189+0700] {manager.py:997} INFO - 
================================================================================
DAG File Processing Stats

File Path                                  PID    Runtime      # DAGs    # Errors  Last Runtime    Last Run               Last # of DB Queries
-----------------------------------------  -----  ---------  --------  ----------  --------------  -------------------  ----------------------
/home/minhle/mlops/dags/model_training.py                           1           0  1.71s           2025-04-23T07:49:09                      12
/home/minhle/mlops/dags/data_pipeline.py                            1           0  0.71s           2025-04-23T07:48:39                      12
================================================================================
[2025-04-23T14:49:40.962+0700] {manager.py:997} INFO - 
================================================================================
DAG File Processing Stats

File Path                                  PID    Runtime      # DAGs    # Errors  Last Runtime    Last Run               Last # of DB Queries
-----------------------------------------  -----  ---------  --------  ----------  --------------  -------------------  ----------------------
/home/minhle/mlops/dags/model_training.py                           1           0  1.71s           2025-04-23T07:49:40                      12
/home/minhle/mlops/dags/data_pipeline.py                            1           0  0.71s           2025-04-23T07:49:10                      12
================================================================================
[2025-04-23T14:50:12.765+0700] {manager.py:997} INFO - 
================================================================================
DAG File Processing Stats

File Path                                  PID    Runtime      # DAGs    # Errors  Last Runtime    Last Run               Last # of DB Queries
-----------------------------------------  -----  ---------  --------  ----------  --------------  -------------------  ----------------------
/home/minhle/mlops/dags/model_training.py                           1           0  1.71s           2025-04-23T07:50:12                      12
/home/minhle/mlops/dags/data_pipeline.py                            1           0  0.71s           2025-04-23T07:49:42                      12
================================================================================
[2025-04-23T14:50:45.344+0700] {manager.py:997} INFO - 
================================================================================
DAG File Processing Stats

File Path                                  PID    Runtime      # DAGs    # Errors  Last Runtime    Last Run               Last # of DB Queries
-----------------------------------------  -----  ---------  --------  ----------  --------------  -------------------  ----------------------
/home/minhle/mlops/dags/model_training.py                           1           0  2.51s           2025-04-23T07:50:45                      12
/home/minhle/mlops/dags/data_pipeline.py                            1           0  0.70s           2025-04-23T07:50:13                      12
================================================================================
[2025-04-23T14:51:17.501+0700] {manager.py:997} INFO - 
================================================================================
DAG File Processing Stats

File Path                                  PID    Runtime      # DAGs    # Errors  Last Runtime    Last Run               Last # of DB Queries
-----------------------------------------  -----  ---------  --------  ----------  --------------  -------------------  ----------------------
/home/minhle/mlops/dags/model_training.py                           1           0  2.01s           2025-04-23T07:51:17                      12
/home/minhle/mlops/dags/data_pipeline.py                            1           0  0.71s           2025-04-23T07:50:47                      12
================================================================================
[2025-04-23T14:51:49.323+0700] {manager.py:997} INFO - 
================================================================================
DAG File Processing Stats

File Path                                  PID    Runtime      # DAGs    # Errors  Last Runtime    Last Run               Last # of DB Queries
-----------------------------------------  -----  ---------  --------  ----------  --------------  -------------------  ----------------------
/home/minhle/mlops/dags/model_training.py                           1           0  1.71s           2025-04-23T07:51:49                      12
/home/minhle/mlops/dags/data_pipeline.py                            1           0  0.70s           2025-04-23T07:51:19                      12
================================================================================
[2025-04-23T14:52:03.624+0700] {manager.py:821} INFO - Searching for files in /home/minhle/mlops/dags
[2025-04-23T14:52:03.627+0700] {manager.py:824} INFO - There are 2 files in /home/minhle/mlops/dags
[2025-04-23T14:52:21.156+0700] {manager.py:997} INFO - 
================================================================================
DAG File Processing Stats

File Path                                  PID    Runtime      # DAGs    # Errors  Last Runtime    Last Run               Last # of DB Queries
-----------------------------------------  -----  ---------  --------  ----------  --------------  -------------------  ----------------------
/home/minhle/mlops/dags/model_training.py                           1           0  1.71s           2025-04-23T07:52:21                      12
/home/minhle/mlops/dags/data_pipeline.py                            1           0  0.71s           2025-04-23T07:51:51                      12
================================================================================
[2025-04-23T14:52:53.101+0700] {manager.py:997} INFO - 
================================================================================
DAG File Processing Stats

File Path                                  PID    Runtime      # DAGs    # Errors  Last Runtime    Last Run               Last # of DB Queries
-----------------------------------------  -----  ---------  --------  ----------  --------------  -------------------  ----------------------
/home/minhle/mlops/dags/model_training.py                           1           0  1.81s           2025-04-23T07:52:53                      12
/home/minhle/mlops/dags/data_pipeline.py                            1           0  0.71s           2025-04-23T07:52:22                      12
================================================================================
[2025-04-23T14:53:25.153+0700] {manager.py:997} INFO - 
================================================================================
DAG File Processing Stats

File Path                                  PID    Runtime      # DAGs    # Errors  Last Runtime    Last Run               Last # of DB Queries
-----------------------------------------  -----  ---------  --------  ----------  --------------  -------------------  ----------------------
/home/minhle/mlops/dags/model_training.py                           1           0  1.91s           2025-04-23T07:53:25                      12
/home/minhle/mlops/dags/data_pipeline.py                            1           0  0.81s           2025-04-23T07:52:55                      12
================================================================================
[2025-04-23T14:53:56.937+0700] {manager.py:997} INFO - 
================================================================================
DAG File Processing Stats

File Path                                  PID    Runtime      # DAGs    # Errors  Last Runtime    Last Run               Last # of DB Queries
-----------------------------------------  -----  ---------  --------  ----------  --------------  -------------------  ----------------------
/home/minhle/mlops/dags/model_training.py                           1           0  1.71s           2025-04-23T07:53:56                      12
/home/minhle/mlops/dags/data_pipeline.py                            1           0  0.71s           2025-04-23T07:53:26                      12
================================================================================
[2025-04-23T14:54:28.608+0700] {manager.py:997} INFO - 
================================================================================
DAG File Processing Stats

File Path                                  PID    Runtime      # DAGs    # Errors  Last Runtime    Last Run               Last # of DB Queries
-----------------------------------------  -----  ---------  --------  ----------  --------------  -------------------  ----------------------
/home/minhle/mlops/dags/model_training.py                           1           0  1.61s           2025-04-23T07:54:28                      12
/home/minhle/mlops/dags/data_pipeline.py                            1           0  0.70s           2025-04-23T07:53:58                      12
================================================================================
[2025-04-23T14:55:00.378+0700] {manager.py:997} INFO - 
================================================================================
DAG File Processing Stats

File Path                                  PID    Runtime      # DAGs    # Errors  Last Runtime    Last Run               Last # of DB Queries
-----------------------------------------  -----  ---------  --------  ----------  --------------  -------------------  ----------------------
/home/minhle/mlops/dags/model_training.py                           1           0  1.71s           2025-04-23T07:55:00                      12
/home/minhle/mlops/dags/data_pipeline.py                            1           0  0.71s           2025-04-23T07:54:30                      12
================================================================================
[2025-04-23T14:55:32.142+0700] {manager.py:997} INFO - 
================================================================================
DAG File Processing Stats

File Path                                  PID    Runtime      # DAGs    # Errors  Last Runtime    Last Run               Last # of DB Queries
-----------------------------------------  -----  ---------  --------  ----------  --------------  -------------------  ----------------------
/home/minhle/mlops/dags/model_training.py                           1           0  1.71s           2025-04-23T07:55:32                      12
/home/minhle/mlops/dags/data_pipeline.py                            1           0  0.71s           2025-04-23T07:55:02                      12
================================================================================
[2025-04-23T14:56:03.929+0700] {manager.py:997} INFO - 
================================================================================
DAG File Processing Stats

File Path                                  PID    Runtime      # DAGs    # Errors  Last Runtime    Last Run               Last # of DB Queries
-----------------------------------------  -----  ---------  --------  ----------  --------------  -------------------  ----------------------
/home/minhle/mlops/dags/model_training.py                           1           0  1.71s           2025-04-23T07:56:03                      12
/home/minhle/mlops/dags/data_pipeline.py                            1           0  0.71s           2025-04-23T07:55:33                      12
================================================================================
[2025-04-23T14:56:35.704+0700] {manager.py:997} INFO - 
================================================================================
DAG File Processing Stats

File Path                                  PID    Runtime      # DAGs    # Errors  Last Runtime    Last Run               Last # of DB Queries
-----------------------------------------  -----  ---------  --------  ----------  --------------  -------------------  ----------------------
/home/minhle/mlops/dags/model_training.py                           1           0  1.71s           2025-04-23T07:56:35                      12
/home/minhle/mlops/dags/data_pipeline.py                            1           0  0.71s           2025-04-23T07:56:05                      12
================================================================================
[2025-04-23T14:57:05.177+0700] {manager.py:821} INFO - Searching for files in /home/minhle/mlops/dags
[2025-04-23T14:57:05.182+0700] {manager.py:824} INFO - There are 2 files in /home/minhle/mlops/dags
[2025-04-23T14:57:07.389+0700] {manager.py:997} INFO - 
================================================================================
DAG File Processing Stats

File Path                                  PID    Runtime      # DAGs    # Errors  Last Runtime    Last Run               Last # of DB Queries
-----------------------------------------  -----  ---------  --------  ----------  --------------  -------------------  ----------------------
/home/minhle/mlops/dags/model_training.py                           1           0  1.62s           2025-04-23T07:57:07                      12
/home/minhle/mlops/dags/data_pipeline.py                            1           0  0.72s           2025-04-23T07:56:37                      12
================================================================================
[2025-04-23T14:57:39.175+0700] {manager.py:997} INFO - 
================================================================================
DAG File Processing Stats

File Path                                  PID    Runtime      # DAGs    # Errors  Last Runtime    Last Run               Last # of DB Queries
-----------------------------------------  -----  ---------  --------  ----------  --------------  -------------------  ----------------------
/home/minhle/mlops/dags/model_training.py                           1           0  1.71s           2025-04-23T07:57:39                      12
/home/minhle/mlops/dags/data_pipeline.py                            1           0  0.70s           2025-04-23T07:57:09                      12
================================================================================
[2025-04-23T14:58:11.147+0700] {manager.py:997} INFO - 
================================================================================
DAG File Processing Stats

File Path                                  PID    Runtime      # DAGs    # Errors  Last Runtime    Last Run               Last # of DB Queries
-----------------------------------------  -----  ---------  --------  ----------  --------------  -------------------  ----------------------
/home/minhle/mlops/dags/model_training.py                           1           0  1.91s           2025-04-23T07:58:11                      12
/home/minhle/mlops/dags/data_pipeline.py                            1           0  0.71s           2025-04-23T07:57:40                      12
================================================================================
[2025-04-23T14:58:42.930+0700] {manager.py:997} INFO - 
================================================================================
DAG File Processing Stats

File Path                                  PID    Runtime      # DAGs    # Errors  Last Runtime    Last Run               Last # of DB Queries
-----------------------------------------  -----  ---------  --------  ----------  --------------  -------------------  ----------------------
/home/minhle/mlops/dags/model_training.py                           1           0  1.71s           2025-04-23T07:58:42                      12
/home/minhle/mlops/dags/data_pipeline.py                            1           0  0.71s           2025-04-23T07:58:12                      12
================================================================================
[2025-04-23T14:59:14.713+0700] {manager.py:997} INFO - 
================================================================================
DAG File Processing Stats

File Path                                  PID    Runtime      # DAGs    # Errors  Last Runtime    Last Run               Last # of DB Queries
-----------------------------------------  -----  ---------  --------  ----------  --------------  -------------------  ----------------------
/home/minhle/mlops/dags/model_training.py                           1           0  1.71s           2025-04-23T07:59:14                      12
/home/minhle/mlops/dags/data_pipeline.py                            1           0  0.71s           2025-04-23T07:58:44                      12
================================================================================
[2025-04-23T14:59:46.489+0700] {manager.py:997} INFO - 
================================================================================
DAG File Processing Stats

File Path                                  PID    Runtime      # DAGs    # Errors  Last Runtime    Last Run               Last # of DB Queries
-----------------------------------------  -----  ---------  --------  ----------  --------------  -------------------  ----------------------
/home/minhle/mlops/dags/model_training.py                           1           0  1.71s           2025-04-23T07:59:46                      12
/home/minhle/mlops/dags/data_pipeline.py                            1           0  0.81s           2025-04-23T07:59:16                      12
================================================================================
[2025-04-23T15:00:18.291+0700] {manager.py:997} INFO - 
================================================================================
DAG File Processing Stats

File Path                                  PID    Runtime      # DAGs    # Errors  Last Runtime    Last Run               Last # of DB Queries
-----------------------------------------  -----  ---------  --------  ----------  --------------  -------------------  ----------------------
/home/minhle/mlops/dags/model_training.py                           1           0  1.71s           2025-04-23T08:00:18                      12
/home/minhle/mlops/dags/data_pipeline.py                            1           0  0.81s           2025-04-23T07:59:48                      12
================================================================================
[2025-04-23T15:00:50.389+0700] {manager.py:997} INFO - 
================================================================================
DAG File Processing Stats

File Path                                  PID    Runtime      # DAGs    # Errors  Last Runtime    Last Run               Last # of DB Queries
-----------------------------------------  -----  ---------  --------  ----------  --------------  -------------------  ----------------------
/home/minhle/mlops/dags/model_training.py                           1           0  2.01s           2025-04-23T08:00:50                      12
/home/minhle/mlops/dags/data_pipeline.py                            1           0  0.91s           2025-04-23T08:00:20                      12
================================================================================
[2025-04-23T15:01:22.671+0700] {manager.py:997} INFO - 
================================================================================
DAG File Processing Stats

File Path                                  PID    Runtime      # DAGs    # Errors  Last Runtime    Last Run               Last # of DB Queries
-----------------------------------------  -----  ---------  --------  ----------  --------------  -------------------  ----------------------
/home/minhle/mlops/dags/model_training.py                           1           0  2.21s           2025-04-23T08:01:22                      12
/home/minhle/mlops/dags/data_pipeline.py                            1           0  0.71s           2025-04-23T08:00:51                      12
================================================================================
[2025-04-23T15:01:54.425+0700] {manager.py:997} INFO - 
================================================================================
DAG File Processing Stats

File Path                                  PID    Runtime      # DAGs    # Errors  Last Runtime    Last Run               Last # of DB Queries
-----------------------------------------  -----  ---------  --------  ----------  --------------  -------------------  ----------------------
/home/minhle/mlops/dags/model_training.py                           1           0  1.71s           2025-04-23T08:01:54                      12
/home/minhle/mlops/dags/data_pipeline.py                            1           0  0.71s           2025-04-23T08:01:24                      12
================================================================================
[2025-04-23T15:02:05.501+0700] {manager.py:821} INFO - Searching for files in /home/minhle/mlops/dags
[2025-04-23T15:02:05.503+0700] {manager.py:824} INFO - There are 2 files in /home/minhle/mlops/dags
[2025-04-23T15:02:26.765+0700] {manager.py:997} INFO - 
================================================================================
DAG File Processing Stats

File Path                                  PID    Runtime      # DAGs    # Errors  Last Runtime    Last Run               Last # of DB Queries
-----------------------------------------  -----  ---------  --------  ----------  --------------  -------------------  ----------------------
/home/minhle/mlops/dags/model_training.py                           1           0  2.33s           2025-04-23T08:02:26                      12
/home/minhle/mlops/dags/data_pipeline.py                            1           0  0.71s           2025-04-23T08:01:56                      12
================================================================================
[2025-04-23T15:02:58.659+0700] {manager.py:997} INFO - 
================================================================================
DAG File Processing Stats

File Path                                  PID    Runtime      # DAGs    # Errors  Last Runtime    Last Run               Last # of DB Queries
-----------------------------------------  -----  ---------  --------  ----------  --------------  -------------------  ----------------------
/home/minhle/mlops/dags/model_training.py                           1           0  1.81s           2025-04-23T08:02:58                      12
/home/minhle/mlops/dags/data_pipeline.py                            1           0  0.81s           2025-04-23T08:02:28                      12
================================================================================
[2025-04-23T15:03:30.434+0700] {manager.py:997} INFO - 
================================================================================
DAG File Processing Stats

File Path                                  PID    Runtime      # DAGs    # Errors  Last Runtime    Last Run               Last # of DB Queries
-----------------------------------------  -----  ---------  --------  ----------  --------------  -------------------  ----------------------
/home/minhle/mlops/dags/model_training.py                           1           0  1.71s           2025-04-23T08:03:30                      12
/home/minhle/mlops/dags/data_pipeline.py                            1           0  0.81s           2025-04-23T08:03:00                      12
================================================================================
[2025-04-23T15:04:02.222+0700] {manager.py:997} INFO - 
================================================================================
DAG File Processing Stats

File Path                                  PID    Runtime      # DAGs    # Errors  Last Runtime    Last Run               Last # of DB Queries
-----------------------------------------  -----  ---------  --------  ----------  --------------  -------------------  ----------------------
/home/minhle/mlops/dags/model_training.py                           1           0  1.71s           2025-04-23T08:04:02                      12
/home/minhle/mlops/dags/data_pipeline.py                            1           0  0.81s           2025-04-23T08:03:32                      12
================================================================================
[2025-04-23T15:04:34.108+0700] {manager.py:997} INFO - 
================================================================================
DAG File Processing Stats

File Path                                  PID    Runtime      # DAGs    # Errors  Last Runtime    Last Run               Last # of DB Queries
-----------------------------------------  -----  ---------  --------  ----------  --------------  -------------------  ----------------------
/home/minhle/mlops/dags/model_training.py                           1           0  1.81s           2025-04-23T08:04:34                      12
/home/minhle/mlops/dags/data_pipeline.py                            1           0  0.71s           2025-04-23T08:04:03                      12
================================================================================
[2025-04-23T15:05:05.819+0700] {manager.py:997} INFO - 
================================================================================
DAG File Processing Stats

File Path                                  PID    Runtime      # DAGs    # Errors  Last Runtime    Last Run               Last # of DB Queries
-----------------------------------------  -----  ---------  --------  ----------  --------------  -------------------  ----------------------
/home/minhle/mlops/dags/model_training.py                           1           0  1.71s           2025-04-23T08:05:05                      12
/home/minhle/mlops/dags/data_pipeline.py                            1           0  0.71s           2025-04-23T08:04:35                      12
================================================================================
[2025-04-23T15:05:37.604+0700] {manager.py:997} INFO - 
================================================================================
DAG File Processing Stats

File Path                                  PID    Runtime      # DAGs    # Errors  Last Runtime    Last Run               Last # of DB Queries
-----------------------------------------  -----  ---------  --------  ----------  --------------  -------------------  ----------------------
/home/minhle/mlops/dags/model_training.py                           1           0  1.71s           2025-04-23T08:05:37                      12
/home/minhle/mlops/dags/data_pipeline.py                            1           0  0.71s           2025-04-23T08:05:07                      12
================================================================================
[2025-04-23T15:06:09.383+0700] {manager.py:997} INFO - 
================================================================================
DAG File Processing Stats

File Path                                  PID    Runtime      # DAGs    # Errors  Last Runtime    Last Run               Last # of DB Queries
-----------------------------------------  -----  ---------  --------  ----------  --------------  -------------------  ----------------------
/home/minhle/mlops/dags/model_training.py                           1           0  1.71s           2025-04-23T08:06:09                      12
/home/minhle/mlops/dags/data_pipeline.py                            1           0  0.72s           2025-04-23T08:05:38                      12
================================================================================
[2025-04-23T15:06:41.854+0700] {manager.py:997} INFO - 
================================================================================
DAG File Processing Stats

File Path                                  PID    Runtime      # DAGs    # Errors  Last Runtime    Last Run               Last # of DB Queries
-----------------------------------------  -----  ---------  --------  ----------  --------------  -------------------  ----------------------
/home/minhle/mlops/dags/model_training.py                           1           0  2.41s           2025-04-23T08:06:41                      12
/home/minhle/mlops/dags/data_pipeline.py                            1           0  0.72s           2025-04-23T08:06:11                      12
================================================================================
[2025-04-23T15:07:06.407+0700] {manager.py:821} INFO - Searching for files in /home/minhle/mlops/dags
[2025-04-23T15:07:06.409+0700] {manager.py:824} INFO - There are 2 files in /home/minhle/mlops/dags
[2025-04-23T15:07:14.119+0700] {manager.py:997} INFO - 
================================================================================
DAG File Processing Stats

File Path                                  PID    Runtime      # DAGs    # Errors  Last Runtime    Last Run               Last # of DB Queries
-----------------------------------------  -----  ---------  --------  ----------  --------------  -------------------  ----------------------
/home/minhle/mlops/dags/model_training.py                           1           0  2.21s           2025-04-23T08:07:14                      12
/home/minhle/mlops/dags/data_pipeline.py                            1           0  0.91s           2025-04-23T08:06:43                      12
================================================================================
[2025-04-23T15:07:45.906+0700] {manager.py:997} INFO - 
================================================================================
DAG File Processing Stats

File Path                                  PID    Runtime      # DAGs    # Errors  Last Runtime    Last Run               Last # of DB Queries
-----------------------------------------  -----  ---------  --------  ----------  --------------  -------------------  ----------------------
/home/minhle/mlops/dags/model_training.py                           1           0  1.71s           2025-04-23T08:07:45                      12
/home/minhle/mlops/dags/data_pipeline.py                            1           0  1.61s           2025-04-23T08:07:16                      12
================================================================================
[2025-04-23T15:08:17.890+0700] {manager.py:997} INFO - 
================================================================================
DAG File Processing Stats

File Path                                  PID    Runtime      # DAGs    # Errors  Last Runtime    Last Run               Last # of DB Queries
-----------------------------------------  -----  ---------  --------  ----------  --------------  -------------------  ----------------------
/home/minhle/mlops/dags/model_training.py                           1           0  1.91s           2025-04-23T08:08:17                      12
/home/minhle/mlops/dags/data_pipeline.py                            1           0  0.71s           2025-04-23T08:07:47                      12
================================================================================
[2025-04-23T15:08:49.674+0700] {manager.py:997} INFO - 
================================================================================
DAG File Processing Stats

File Path                                  PID    Runtime      # DAGs    # Errors  Last Runtime    Last Run               Last # of DB Queries
-----------------------------------------  -----  ---------  --------  ----------  --------------  -------------------  ----------------------
/home/minhle/mlops/dags/model_training.py                           1           0  1.71s           2025-04-23T08:08:49                      12
/home/minhle/mlops/dags/data_pipeline.py                            1           0  1.01s           2025-04-23T08:08:19                      12
================================================================================
[2025-04-23T15:09:21.364+0700] {manager.py:997} INFO - 
================================================================================
DAG File Processing Stats

File Path                                  PID    Runtime      # DAGs    # Errors  Last Runtime    Last Run               Last # of DB Queries
-----------------------------------------  -----  ---------  --------  ----------  --------------  -------------------  ----------------------
/home/minhle/mlops/dags/model_training.py                           1           0  1.62s           2025-04-23T08:09:21                      12
/home/minhle/mlops/dags/data_pipeline.py                            1           0  0.81s           2025-04-23T08:08:51                      12
================================================================================
[2025-04-23T15:09:53.436+0700] {manager.py:997} INFO - 
================================================================================
DAG File Processing Stats

File Path                                  PID    Runtime      # DAGs    # Errors  Last Runtime    Last Run               Last # of DB Queries
-----------------------------------------  -----  ---------  --------  ----------  --------------  -------------------  ----------------------
/home/minhle/mlops/dags/model_training.py                           1           0  2.01s           2025-04-23T08:09:53                      12
/home/minhle/mlops/dags/data_pipeline.py                            1           0  0.81s           2025-04-23T08:09:23                      12
================================================================================
[2025-04-23T15:10:25.287+0700] {manager.py:997} INFO - 
================================================================================
DAG File Processing Stats

File Path                                  PID    Runtime      # DAGs    # Errors  Last Runtime    Last Run               Last # of DB Queries
-----------------------------------------  -----  ---------  --------  ----------  --------------  -------------------  ----------------------
/home/minhle/mlops/dags/model_training.py                           1           0  1.81s           2025-04-23T08:10:25                      12
/home/minhle/mlops/dags/data_pipeline.py                            1           0  0.81s           2025-04-23T08:09:55                      12
================================================================================
[2025-04-23T15:10:57.366+0700] {manager.py:997} INFO - 
================================================================================
DAG File Processing Stats

File Path                                  PID    Runtime      # DAGs    # Errors  Last Runtime    Last Run               Last # of DB Queries
-----------------------------------------  -----  ---------  --------  ----------  --------------  -------------------  ----------------------
/home/minhle/mlops/dags/model_training.py                           1           0  2.01s           2025-04-23T08:10:57                      12
/home/minhle/mlops/dags/data_pipeline.py                            1           0  0.81s           2025-04-23T08:10:27                      12
================================================================================
[2025-04-23T15:11:29.146+0700] {manager.py:997} INFO - 
================================================================================
DAG File Processing Stats

File Path                                  PID    Runtime      # DAGs    # Errors  Last Runtime    Last Run               Last # of DB Queries
-----------------------------------------  -----  ---------  --------  ----------  --------------  -------------------  ----------------------
/home/minhle/mlops/dags/model_training.py                           1           0  1.71s           2025-04-23T08:11:29                      12
/home/minhle/mlops/dags/data_pipeline.py                            1           0  0.81s           2025-04-23T08:10:59                      12
================================================================================
[2025-04-23T15:12:00.947+0700] {manager.py:997} INFO - 
================================================================================
DAG File Processing Stats

File Path                                  PID    Runtime      # DAGs    # Errors  Last Runtime    Last Run               Last # of DB Queries
-----------------------------------------  -----  ---------  --------  ----------  --------------  -------------------  ----------------------
/home/minhle/mlops/dags/model_training.py                           1           0  1.73s           2025-04-23T08:12:00                      12
/home/minhle/mlops/dags/data_pipeline.py                            1           0  0.71s           2025-04-23T08:11:30                      12
================================================================================
[2025-04-23T15:12:06.732+0700] {manager.py:821} INFO - Searching for files in /home/minhle/mlops/dags
[2025-04-23T15:12:06.735+0700] {manager.py:824} INFO - There are 2 files in /home/minhle/mlops/dags
[2025-04-23T15:12:32.749+0700] {manager.py:997} INFO - 
================================================================================
DAG File Processing Stats

File Path                                  PID    Runtime      # DAGs    # Errors  Last Runtime    Last Run               Last # of DB Queries
-----------------------------------------  -----  ---------  --------  ----------  --------------  -------------------  ----------------------
/home/minhle/mlops/dags/model_training.py                           1           0  1.73s           2025-04-23T08:12:32                      12
/home/minhle/mlops/dags/data_pipeline.py                            1           0  0.81s           2025-04-23T08:12:02                      12
================================================================================
[2025-04-23T15:13:04.521+0700] {manager.py:997} INFO - 
================================================================================
DAG File Processing Stats

File Path                                  PID    Runtime      # DAGs    # Errors  Last Runtime    Last Run               Last # of DB Queries
-----------------------------------------  -----  ---------  --------  ----------  --------------  -------------------  ----------------------
/home/minhle/mlops/dags/model_training.py                           1           0  1.71s           2025-04-23T08:13:04                      12
/home/minhle/mlops/dags/data_pipeline.py                            1           0  0.81s           2025-04-23T08:12:34                      12
================================================================================
[2025-04-23T15:13:36.332+0700] {manager.py:997} INFO - 
================================================================================
DAG File Processing Stats

File Path                                  PID    Runtime      # DAGs    # Errors  Last Runtime    Last Run               Last # of DB Queries
-----------------------------------------  -----  ---------  --------  ----------  --------------  -------------------  ----------------------
/home/minhle/mlops/dags/model_training.py                           1           0  1.72s           2025-04-23T08:13:36                      12
/home/minhle/mlops/dags/data_pipeline.py                            1           0  0.81s           2025-04-23T08:13:06                      12
================================================================================
[2025-04-23T15:14:08.079+0700] {manager.py:997} INFO - 
================================================================================
DAG File Processing Stats

File Path                                  PID    Runtime      # DAGs    # Errors  Last Runtime    Last Run               Last # of DB Queries
-----------------------------------------  -----  ---------  --------  ----------  --------------  -------------------  ----------------------
/home/minhle/mlops/dags/model_training.py                           1           0  1.71s           2025-04-23T08:14:08                      12
/home/minhle/mlops/dags/data_pipeline.py                            1           0  0.81s           2025-04-23T08:13:38                      12
================================================================================
[2025-04-23T15:14:39.882+0700] {manager.py:997} INFO - 
================================================================================
DAG File Processing Stats

File Path                                  PID    Runtime      # DAGs    # Errors  Last Runtime    Last Run               Last # of DB Queries
-----------------------------------------  -----  ---------  --------  ----------  --------------  -------------------  ----------------------
/home/minhle/mlops/dags/model_training.py                           1           0  1.71s           2025-04-23T08:14:39                      12
/home/minhle/mlops/dags/data_pipeline.py                            1           0  0.81s           2025-04-23T08:14:09                      12
================================================================================
[2025-04-23T15:15:11.660+0700] {manager.py:997} INFO - 
================================================================================
DAG File Processing Stats

File Path                                  PID    Runtime      # DAGs    # Errors  Last Runtime    Last Run               Last # of DB Queries
-----------------------------------------  -----  ---------  --------  ----------  --------------  -------------------  ----------------------
/home/minhle/mlops/dags/model_training.py                           1           0  1.71s           2025-04-23T08:15:11                      12
/home/minhle/mlops/dags/data_pipeline.py                            1           0  0.81s           2025-04-23T08:14:41                      12
================================================================================
[2025-04-23T15:15:43.444+0700] {manager.py:997} INFO - 
================================================================================
DAG File Processing Stats

File Path                                  PID    Runtime      # DAGs    # Errors  Last Runtime    Last Run               Last # of DB Queries
-----------------------------------------  -----  ---------  --------  ----------  --------------  -------------------  ----------------------
/home/minhle/mlops/dags/model_training.py                           1           0  1.71s           2025-04-23T08:15:43                      12
/home/minhle/mlops/dags/data_pipeline.py                            1           0  0.81s           2025-04-23T08:15:13                      12
================================================================================
[2025-04-23T15:16:15.307+0700] {manager.py:997} INFO - 
================================================================================
DAG File Processing Stats

File Path                                  PID    Runtime      # DAGs    # Errors  Last Runtime    Last Run               Last # of DB Queries
-----------------------------------------  -----  ---------  --------  ----------  --------------  -------------------  ----------------------
/home/minhle/mlops/dags/model_training.py                           1           0  1.81s           2025-04-23T08:16:15                      12
/home/minhle/mlops/dags/data_pipeline.py                            1           0  0.81s           2025-04-23T08:15:45                      12
================================================================================
[2025-04-23T15:16:47.988+0700] {manager.py:997} INFO - 
================================================================================
DAG File Processing Stats

File Path                                  PID    Runtime      # DAGs    # Errors  Last Runtime    Last Run               Last # of DB Queries
-----------------------------------------  -----  ---------  --------  ----------  --------------  -------------------  ----------------------
/home/minhle/mlops/dags/model_training.py                           1           0  2.61s           2025-04-23T08:16:47                      12
/home/minhle/mlops/dags/data_pipeline.py                            1           0  0.72s           2025-04-23T08:16:17                      12
================================================================================
[2025-04-23T15:17:07.052+0700] {manager.py:821} INFO - Searching for files in /home/minhle/mlops/dags
[2025-04-23T15:17:07.054+0700] {manager.py:824} INFO - There are 2 files in /home/minhle/mlops/dags
[2025-04-23T15:17:19.772+0700] {manager.py:997} INFO - 
================================================================================
DAG File Processing Stats

File Path                                  PID    Runtime      # DAGs    # Errors  Last Runtime    Last Run               Last # of DB Queries
-----------------------------------------  -----  ---------  --------  ----------  --------------  -------------------  ----------------------
/home/minhle/mlops/dags/model_training.py                           1           0  1.71s           2025-04-23T08:17:19                      12
/home/minhle/mlops/dags/data_pipeline.py                            1           0  0.81s           2025-04-23T08:16:49                      12
================================================================================
[2025-04-23T15:17:51.553+0700] {manager.py:997} INFO - 
================================================================================
DAG File Processing Stats

File Path                                  PID    Runtime      # DAGs    # Errors  Last Runtime    Last Run               Last # of DB Queries
-----------------------------------------  -----  ---------  --------  ----------  --------------  -------------------  ----------------------
/home/minhle/mlops/dags/model_training.py                           1           0  1.71s           2025-04-23T08:17:51                      12
/home/minhle/mlops/dags/data_pipeline.py                            1           0  0.80s           2025-04-23T08:17:21                      12
================================================================================
[2025-04-23T15:18:23.435+0700] {manager.py:997} INFO - 
================================================================================
DAG File Processing Stats

File Path                                  PID    Runtime      # DAGs    # Errors  Last Runtime    Last Run               Last # of DB Queries
-----------------------------------------  -----  ---------  --------  ----------  --------------  -------------------  ----------------------
/home/minhle/mlops/dags/model_training.py                           1           0  1.81s           2025-04-23T08:18:23                      12
/home/minhle/mlops/dags/data_pipeline.py                            1           0  0.81s           2025-04-23T08:17:53                      12
================================================================================
[2025-04-23T15:18:55.337+0700] {manager.py:997} INFO - 
================================================================================
DAG File Processing Stats

File Path                                  PID    Runtime      # DAGs    # Errors  Last Runtime    Last Run               Last # of DB Queries
-----------------------------------------  -----  ---------  --------  ----------  --------------  -------------------  ----------------------
/home/minhle/mlops/dags/model_training.py                           1           0  1.81s           2025-04-23T08:18:55                      12
/home/minhle/mlops/dags/data_pipeline.py                            1           0  0.81s           2025-04-23T08:18:25                      12
================================================================================
[2025-04-23T15:19:27.328+0700] {manager.py:997} INFO - 
================================================================================
DAG File Processing Stats

File Path                                  PID    Runtime      # DAGs    # Errors  Last Runtime    Last Run               Last # of DB Queries
-----------------------------------------  -----  ---------  --------  ----------  --------------  -------------------  ----------------------
/home/minhle/mlops/dags/model_training.py                           1           0  1.91s           2025-04-23T08:19:27                      12
/home/minhle/mlops/dags/data_pipeline.py                            1           0  0.81s           2025-04-23T08:18:57                      12
================================================================================
[2025-04-23T15:19:59.155+0700] {manager.py:997} INFO - 
================================================================================
DAG File Processing Stats

File Path                                  PID    Runtime      # DAGs    # Errors  Last Runtime    Last Run               Last # of DB Queries
-----------------------------------------  -----  ---------  --------  ----------  --------------  -------------------  ----------------------
/home/minhle/mlops/dags/model_training.py                           1           0  1.73s           2025-04-23T08:19:59                      12
/home/minhle/mlops/dags/data_pipeline.py                            1           0  0.81s           2025-04-23T08:19:29                      12
================================================================================
[2025-04-23T15:20:30.952+0700] {manager.py:997} INFO - 
================================================================================
DAG File Processing Stats

File Path                                  PID    Runtime      # DAGs    # Errors  Last Runtime    Last Run               Last # of DB Queries
-----------------------------------------  -----  ---------  --------  ----------  --------------  -------------------  ----------------------
/home/minhle/mlops/dags/model_training.py                           1           0  1.71s           2025-04-23T08:20:30                      12
/home/minhle/mlops/dags/data_pipeline.py                            1           0  0.80s           2025-04-23T08:20:00                      12
================================================================================
[2025-04-23T15:21:02.839+0700] {manager.py:997} INFO - 
================================================================================
DAG File Processing Stats

File Path                                  PID    Runtime      # DAGs    # Errors  Last Runtime    Last Run               Last # of DB Queries
-----------------------------------------  -----  ---------  --------  ----------  --------------  -------------------  ----------------------
/home/minhle/mlops/dags/model_training.py                           1           0  1.81s           2025-04-23T08:21:02                      12
/home/minhle/mlops/dags/data_pipeline.py                            1           0  0.81s           2025-04-23T08:20:32                      12
================================================================================
[2025-04-23T15:21:34.651+0700] {manager.py:997} INFO - 
================================================================================
DAG File Processing Stats

File Path                                  PID    Runtime      # DAGs    # Errors  Last Runtime    Last Run               Last # of DB Queries
-----------------------------------------  -----  ---------  --------  ----------  --------------  -------------------  ----------------------
/home/minhle/mlops/dags/model_training.py                           1           0  1.72s           2025-04-23T08:21:34                      12
/home/minhle/mlops/dags/data_pipeline.py                            1           0  0.81s           2025-04-23T08:21:04                      12
================================================================================
[2025-04-23T15:22:06.512+0700] {manager.py:997} INFO - 
================================================================================
DAG File Processing Stats

File Path                                  PID    Runtime      # DAGs    # Errors  Last Runtime    Last Run               Last # of DB Queries
-----------------------------------------  -----  ---------  --------  ----------  --------------  -------------------  ----------------------
/home/minhle/mlops/dags/model_training.py                           1           0  1.82s           2025-04-23T08:22:06                      12
/home/minhle/mlops/dags/data_pipeline.py                            1           0  0.81s           2025-04-23T08:21:36                      12
================================================================================
[2025-04-23T15:22:07.545+0700] {manager.py:821} INFO - Searching for files in /home/minhle/mlops/dags
[2025-04-23T15:22:07.550+0700] {manager.py:824} INFO - There are 2 files in /home/minhle/mlops/dags
[2025-04-23T15:22:38.393+0700] {manager.py:997} INFO - 
================================================================================
DAG File Processing Stats

File Path                                  PID    Runtime      # DAGs    # Errors  Last Runtime    Last Run               Last # of DB Queries
-----------------------------------------  -----  ---------  --------  ----------  --------------  -------------------  ----------------------
/home/minhle/mlops/dags/model_training.py                           1           0  1.81s           2025-04-23T08:22:38                      12
/home/minhle/mlops/dags/data_pipeline.py                            1           0  0.81s           2025-04-23T08:22:08                      12
================================================================================
[2025-04-23T15:23:10.176+0700] {manager.py:997} INFO - 
================================================================================
DAG File Processing Stats

File Path                                  PID    Runtime      # DAGs    # Errors  Last Runtime    Last Run               Last # of DB Queries
-----------------------------------------  -----  ---------  --------  ----------  --------------  -------------------  ----------------------
/home/minhle/mlops/dags/model_training.py                           1           0  1.71s           2025-04-23T08:23:10                      12
/home/minhle/mlops/dags/data_pipeline.py                            1           0  0.81s           2025-04-23T08:22:40                      12
================================================================================
[2025-04-23T15:23:42.039+0700] {manager.py:997} INFO - 
================================================================================
DAG File Processing Stats

File Path                                  PID    Runtime      # DAGs    # Errors  Last Runtime    Last Run               Last # of DB Queries
-----------------------------------------  -----  ---------  --------  ----------  --------------  -------------------  ----------------------
/home/minhle/mlops/dags/model_training.py                           1           0  1.81s           2025-04-23T08:23:42                      12
/home/minhle/mlops/dags/data_pipeline.py                            1           0  0.81s           2025-04-23T08:23:11                      12
================================================================================
[2025-04-23T15:24:13.817+0700] {manager.py:997} INFO - 
================================================================================
DAG File Processing Stats

File Path                                  PID    Runtime      # DAGs    # Errors  Last Runtime    Last Run               Last # of DB Queries
-----------------------------------------  -----  ---------  --------  ----------  --------------  -------------------  ----------------------
/home/minhle/mlops/dags/model_training.py                           1           0  1.71s           2025-04-23T08:24:13                      12
/home/minhle/mlops/dags/data_pipeline.py                            1           0  0.81s           2025-04-23T08:23:43                      12
================================================================================
[2025-04-23T15:24:45.593+0700] {manager.py:997} INFO - 
================================================================================
DAG File Processing Stats

File Path                                  PID    Runtime      # DAGs    # Errors  Last Runtime    Last Run               Last # of DB Queries
-----------------------------------------  -----  ---------  --------  ----------  --------------  -------------------  ----------------------
/home/minhle/mlops/dags/model_training.py                           1           0  1.71s           2025-04-23T08:24:45                      12
/home/minhle/mlops/dags/data_pipeline.py                            1           0  0.72s           2025-04-23T08:24:15                      12
================================================================================
[2025-04-23T15:25:17.368+0700] {manager.py:997} INFO - 
================================================================================
DAG File Processing Stats

File Path                                  PID    Runtime      # DAGs    # Errors  Last Runtime    Last Run               Last # of DB Queries
-----------------------------------------  -----  ---------  --------  ----------  --------------  -------------------  ----------------------
/home/minhle/mlops/dags/model_training.py                           1           0  1.71s           2025-04-23T08:25:17                      12
/home/minhle/mlops/dags/data_pipeline.py                            1           0  0.72s           2025-04-23T08:24:47                      12
================================================================================
[2025-04-23T15:25:49.242+0700] {manager.py:997} INFO - 
================================================================================
DAG File Processing Stats

File Path                                  PID    Runtime      # DAGs    # Errors  Last Runtime    Last Run               Last # of DB Queries
-----------------------------------------  -----  ---------  --------  ----------  --------------  -------------------  ----------------------
/home/minhle/mlops/dags/model_training.py                           1           0  1.81s           2025-04-23T08:25:49                      12
/home/minhle/mlops/dags/data_pipeline.py                            1           0  0.81s           2025-04-23T08:25:18                      12
================================================================================
[2025-04-23T15:26:21.012+0700] {manager.py:997} INFO - 
================================================================================
DAG File Processing Stats

File Path                                  PID    Runtime      # DAGs    # Errors  Last Runtime    Last Run               Last # of DB Queries
-----------------------------------------  -----  ---------  --------  ----------  --------------  -------------------  ----------------------
/home/minhle/mlops/dags/model_training.py                           1           0  1.71s           2025-04-23T08:26:21                      12
/home/minhle/mlops/dags/data_pipeline.py                            1           0  0.81s           2025-04-23T08:25:51                      12
================================================================================
[2025-04-23T15:26:52.764+0700] {manager.py:997} INFO - 
================================================================================
DAG File Processing Stats

File Path                                  PID    Runtime      # DAGs    # Errors  Last Runtime    Last Run               Last # of DB Queries
-----------------------------------------  -----  ---------  --------  ----------  --------------  -------------------  ----------------------
/home/minhle/mlops/dags/model_training.py                           1           0  1.71s           2025-04-23T08:26:52                      12
/home/minhle/mlops/dags/data_pipeline.py                            1           0  0.72s           2025-04-23T08:26:22                      12
================================================================================
[2025-04-23T15:27:07.796+0700] {manager.py:821} INFO - Searching for files in /home/minhle/mlops/dags
[2025-04-23T15:27:07.798+0700] {manager.py:824} INFO - There are 2 files in /home/minhle/mlops/dags
[2025-04-23T15:27:24.542+0700] {manager.py:997} INFO - 
================================================================================
DAG File Processing Stats

File Path                                  PID    Runtime      # DAGs    # Errors  Last Runtime    Last Run               Last # of DB Queries
-----------------------------------------  -----  ---------  --------  ----------  --------------  -------------------  ----------------------
/home/minhle/mlops/dags/model_training.py                           1           0  1.71s           2025-04-23T08:27:24                      12
/home/minhle/mlops/dags/data_pipeline.py                            1           0  0.81s           2025-04-23T08:26:54                      12
================================================================================
[2025-04-23T15:27:56.325+0700] {manager.py:997} INFO - 
================================================================================
DAG File Processing Stats

File Path                                  PID    Runtime      # DAGs    # Errors  Last Runtime    Last Run               Last # of DB Queries
-----------------------------------------  -----  ---------  --------  ----------  --------------  -------------------  ----------------------
/home/minhle/mlops/dags/model_training.py                           1           0  1.71s           2025-04-23T08:27:56                      12
/home/minhle/mlops/dags/data_pipeline.py                            1           0  0.72s           2025-04-23T08:27:26                      12
================================================================================
[2025-04-23T15:28:28.192+0700] {manager.py:997} INFO - 
================================================================================
DAG File Processing Stats

File Path                                  PID    Runtime      # DAGs    # Errors  Last Runtime    Last Run               Last # of DB Queries
-----------------------------------------  -----  ---------  --------  ----------  --------------  -------------------  ----------------------
/home/minhle/mlops/dags/model_training.py                           1           0  1.81s           2025-04-23T08:28:28                      12
/home/minhle/mlops/dags/data_pipeline.py                            1           0  0.81s           2025-04-23T08:27:57                      12
================================================================================
[2025-04-23T15:28:59.972+0700] {manager.py:997} INFO - 
================================================================================
DAG File Processing Stats

File Path                                  PID    Runtime      # DAGs    # Errors  Last Runtime    Last Run               Last # of DB Queries
-----------------------------------------  -----  ---------  --------  ----------  --------------  -------------------  ----------------------
/home/minhle/mlops/dags/model_training.py                           1           0  1.71s           2025-04-23T08:28:59                      12
/home/minhle/mlops/dags/data_pipeline.py                            1           0  0.72s           2025-04-23T08:28:29                      12
================================================================================
[2025-04-23T15:29:31.757+0700] {manager.py:997} INFO - 
================================================================================
DAG File Processing Stats

File Path                                  PID    Runtime      # DAGs    # Errors  Last Runtime    Last Run               Last # of DB Queries
-----------------------------------------  -----  ---------  --------  ----------  --------------  -------------------  ----------------------
/home/minhle/mlops/dags/model_training.py                           1           0  1.71s           2025-04-23T08:29:31                      12
/home/minhle/mlops/dags/data_pipeline.py                            1           0  0.81s           2025-04-23T08:29:01                      12
================================================================================
[2025-04-23T15:30:03.542+0700] {manager.py:997} INFO - 
================================================================================
DAG File Processing Stats

File Path                                  PID    Runtime      # DAGs    # Errors  Last Runtime    Last Run               Last # of DB Queries
-----------------------------------------  -----  ---------  --------  ----------  --------------  -------------------  ----------------------
/home/minhle/mlops/dags/model_training.py                           1           0  1.71s           2025-04-23T08:30:03                      12
/home/minhle/mlops/dags/data_pipeline.py                            1           0  0.81s           2025-04-23T08:29:33                      12
================================================================================
[2025-04-23T15:30:35.328+0700] {manager.py:997} INFO - 
================================================================================
DAG File Processing Stats

File Path                                  PID    Runtime      # DAGs    # Errors  Last Runtime    Last Run               Last # of DB Queries
-----------------------------------------  -----  ---------  --------  ----------  --------------  -------------------  ----------------------
/home/minhle/mlops/dags/model_training.py                           1           0  1.71s           2025-04-23T08:30:35                      12
/home/minhle/mlops/dags/data_pipeline.py                            1           0  0.81s           2025-04-23T08:30:05                      12
================================================================================
[2025-04-23T15:31:07.136+0700] {manager.py:997} INFO - 
================================================================================
DAG File Processing Stats

File Path                                  PID    Runtime      # DAGs    # Errors  Last Runtime    Last Run               Last # of DB Queries
-----------------------------------------  -----  ---------  --------  ----------  --------------  -------------------  ----------------------
/home/minhle/mlops/dags/model_training.py                           1           0  1.71s           2025-04-23T08:31:07                      12
/home/minhle/mlops/dags/data_pipeline.py                            1           0  0.80s           2025-04-23T08:30:37                      12
================================================================================
[2025-04-23T15:31:38.909+0700] {manager.py:997} INFO - 
================================================================================
DAG File Processing Stats

File Path                                  PID    Runtime      # DAGs    # Errors  Last Runtime    Last Run               Last # of DB Queries
-----------------------------------------  -----  ---------  --------  ----------  --------------  -------------------  ----------------------
/home/minhle/mlops/dags/model_training.py                           1           0  1.71s           2025-04-23T08:31:38                      12
/home/minhle/mlops/dags/data_pipeline.py                            1           0  0.81s           2025-04-23T08:31:08                      12
================================================================================
[2025-04-23T15:32:07.869+0700] {manager.py:821} INFO - Searching for files in /home/minhle/mlops/dags
[2025-04-23T15:32:07.872+0700] {manager.py:824} INFO - There are 2 files in /home/minhle/mlops/dags
[2025-04-23T15:32:10.803+0700] {manager.py:997} INFO - 
================================================================================
DAG File Processing Stats

File Path                                  PID    Runtime      # DAGs    # Errors  Last Runtime    Last Run               Last # of DB Queries
-----------------------------------------  -----  ---------  --------  ----------  --------------  -------------------  ----------------------
/home/minhle/mlops/dags/model_training.py                           1           0  1.81s           2025-04-23T08:32:10                      12
/home/minhle/mlops/dags/data_pipeline.py                            1           0  0.81s           2025-04-23T08:31:40                      12
================================================================================
[2025-04-23T15:32:42.587+0700] {manager.py:997} INFO - 
================================================================================
DAG File Processing Stats

File Path                                  PID    Runtime      # DAGs    # Errors  Last Runtime    Last Run               Last # of DB Queries
-----------------------------------------  -----  ---------  --------  ----------  --------------  -------------------  ----------------------
/home/minhle/mlops/dags/model_training.py                           1           0  1.71s           2025-04-23T08:32:42                      12
/home/minhle/mlops/dags/data_pipeline.py                            1           0  0.80s           2025-04-23T08:32:12                      12
================================================================================
[2025-04-23T15:33:14.382+0700] {manager.py:997} INFO - 
================================================================================
DAG File Processing Stats

File Path                                  PID    Runtime      # DAGs    # Errors  Last Runtime    Last Run               Last # of DB Queries
-----------------------------------------  -----  ---------  --------  ----------  --------------  -------------------  ----------------------
/home/minhle/mlops/dags/model_training.py                           1           0  1.71s           2025-04-23T08:33:14                      12
/home/minhle/mlops/dags/data_pipeline.py                            1           0  0.81s           2025-04-23T08:32:44                      12
================================================================================
[2025-04-23T15:33:46.193+0700] {manager.py:997} INFO - 
================================================================================
DAG File Processing Stats

File Path                                  PID    Runtime      # DAGs    # Errors  Last Runtime    Last Run               Last # of DB Queries
-----------------------------------------  -----  ---------  --------  ----------  --------------  -------------------  ----------------------
/home/minhle/mlops/dags/model_training.py                           1           0  1.71s           2025-04-23T08:33:46                      12
/home/minhle/mlops/dags/data_pipeline.py                            1           0  0.81s           2025-04-23T08:33:15                      12
================================================================================
[2025-04-23T15:34:18.001+0700] {manager.py:997} INFO - 
================================================================================
DAG File Processing Stats

File Path                                  PID    Runtime      # DAGs    # Errors  Last Runtime    Last Run               Last # of DB Queries
-----------------------------------------  -----  ---------  --------  ----------  --------------  -------------------  ----------------------
/home/minhle/mlops/dags/model_training.py                           1           0  1.71s           2025-04-23T08:34:18                      12
/home/minhle/mlops/dags/data_pipeline.py                            1           0  0.81s           2025-04-23T08:33:48                      12
================================================================================
[2025-04-23T15:34:49.867+0700] {manager.py:997} INFO - 
================================================================================
DAG File Processing Stats

File Path                                  PID    Runtime      # DAGs    # Errors  Last Runtime    Last Run               Last # of DB Queries
-----------------------------------------  -----  ---------  --------  ----------  --------------  -------------------  ----------------------
/home/minhle/mlops/dags/model_training.py                           1           0  1.81s           2025-04-23T08:34:49                      12
/home/minhle/mlops/dags/data_pipeline.py                            1           0  0.81s           2025-04-23T08:34:19                      12
================================================================================
[2025-04-23T15:35:21.636+0700] {manager.py:997} INFO - 
================================================================================
DAG File Processing Stats

File Path                                  PID    Runtime      # DAGs    # Errors  Last Runtime    Last Run               Last # of DB Queries
-----------------------------------------  -----  ---------  --------  ----------  --------------  -------------------  ----------------------
/home/minhle/mlops/dags/model_training.py                           1           0  1.71s           2025-04-23T08:35:21                      12
/home/minhle/mlops/dags/data_pipeline.py                            1           0  0.81s           2025-04-23T08:34:51                      12
================================================================================
[2025-04-23T15:35:53.414+0700] {manager.py:997} INFO - 
================================================================================
DAG File Processing Stats

File Path                                  PID    Runtime      # DAGs    # Errors  Last Runtime    Last Run               Last # of DB Queries
-----------------------------------------  -----  ---------  --------  ----------  --------------  -------------------  ----------------------
/home/minhle/mlops/dags/model_training.py                           1           0  1.71s           2025-04-23T08:35:53                      12
/home/minhle/mlops/dags/data_pipeline.py                            1           0  0.81s           2025-04-23T08:35:23                      12
================================================================================
[2025-04-23T15:36:25.190+0700] {manager.py:997} INFO - 
================================================================================
DAG File Processing Stats

File Path                                  PID    Runtime      # DAGs    # Errors  Last Runtime    Last Run               Last # of DB Queries
-----------------------------------------  -----  ---------  --------  ----------  --------------  -------------------  ----------------------
/home/minhle/mlops/dags/model_training.py                           1           0  1.71s           2025-04-23T08:36:25                      12
/home/minhle/mlops/dags/data_pipeline.py                            1           0  0.81s           2025-04-23T08:35:55                      12
================================================================================
[2025-04-23T15:36:58.445+0700] {manager.py:997} INFO - 
================================================================================
DAG File Processing Stats

File Path                                  PID    Runtime      # DAGs    # Errors  Last Runtime    Last Run               Last # of DB Queries
-----------------------------------------  -----  ---------  --------  ----------  --------------  -------------------  ----------------------
/home/minhle/mlops/dags/model_training.py                           1           0  1.71s           2025-04-23T08:36:58                      12
/home/minhle/mlops/dags/data_pipeline.py                            1           0  0.81s           2025-04-23T08:36:27                      12
================================================================================
[2025-04-23T15:37:08.886+0700] {manager.py:821} INFO - Searching for files in /home/minhle/mlops/dags
[2025-04-23T15:37:08.888+0700] {manager.py:824} INFO - There are 2 files in /home/minhle/mlops/dags
[2025-04-23T15:37:30.418+0700] {manager.py:997} INFO - 
================================================================================
DAG File Processing Stats

File Path                                  PID    Runtime      # DAGs    # Errors  Last Runtime    Last Run               Last # of DB Queries
-----------------------------------------  -----  ---------  --------  ----------  --------------  -------------------  ----------------------
/home/minhle/mlops/dags/model_training.py                           1           0  1.71s           2025-04-23T08:37:30                      12
/home/minhle/mlops/dags/data_pipeline.py                            1           0  0.80s           2025-04-23T08:37:00                      12
================================================================================
[2025-04-23T15:38:02.908+0700] {manager.py:997} INFO - 
================================================================================
DAG File Processing Stats

File Path                                  PID    Runtime      # DAGs    # Errors  Last Runtime    Last Run               Last # of DB Queries
-----------------------------------------  -----  ---------  --------  ----------  --------------  -------------------  ----------------------
/home/minhle/mlops/dags/model_training.py                           1           0  1.71s           2025-04-23T08:38:02                      12
/home/minhle/mlops/dags/data_pipeline.py                            1           0  0.81s           2025-04-23T08:37:32                      12
================================================================================
[2025-04-23T15:38:35.022+0700] {manager.py:997} INFO - 
================================================================================
DAG File Processing Stats

File Path                                  PID    Runtime      # DAGs    # Errors  Last Runtime    Last Run               Last # of DB Queries
-----------------------------------------  -----  ---------  --------  ----------  --------------  -------------------  ----------------------
/home/minhle/mlops/dags/model_training.py                           1           0  1.71s           2025-04-23T08:38:35                      12
/home/minhle/mlops/dags/data_pipeline.py                            1           0  0.81s           2025-04-23T08:38:04                      12
================================================================================
[2025-04-23T15:39:07.134+0700] {manager.py:997} INFO - 
================================================================================
DAG File Processing Stats

File Path                                  PID    Runtime      # DAGs    # Errors  Last Runtime    Last Run               Last # of DB Queries
-----------------------------------------  -----  ---------  --------  ----------  --------------  -------------------  ----------------------
/home/minhle/mlops/dags/model_training.py                           1           0  1.71s           2025-04-23T08:39:07                      12
/home/minhle/mlops/dags/data_pipeline.py                            1           0  0.81s           2025-04-23T08:38:36                      12
================================================================================
[2025-04-23T15:39:40.307+0700] {manager.py:997} INFO - 
================================================================================
DAG File Processing Stats

File Path                                  PID    Runtime      # DAGs    # Errors  Last Runtime    Last Run               Last # of DB Queries
-----------------------------------------  -----  ---------  --------  ----------  --------------  -------------------  ----------------------
/home/minhle/mlops/dags/model_training.py                           1           0  2.61s           2025-04-23T08:39:40                      12
/home/minhle/mlops/dags/data_pipeline.py                            1           0  0.81s           2025-04-23T08:39:08                      12
================================================================================
[2025-04-23T15:40:12.263+0700] {manager.py:997} INFO - 
================================================================================
DAG File Processing Stats

File Path                                  PID    Runtime      # DAGs    # Errors  Last Runtime    Last Run               Last # of DB Queries
-----------------------------------------  -----  ---------  --------  ----------  --------------  -------------------  ----------------------
/home/minhle/mlops/dags/model_training.py                           1           0  1.81s           2025-04-23T08:40:12                      12
/home/minhle/mlops/dags/data_pipeline.py                            1           0  0.81s           2025-04-23T08:39:41                      12
================================================================================
[2025-04-23T15:40:44.039+0700] {manager.py:997} INFO - 
================================================================================
DAG File Processing Stats

File Path                                  PID    Runtime      # DAGs    # Errors  Last Runtime    Last Run               Last # of DB Queries
-----------------------------------------  -----  ---------  --------  ----------  --------------  -------------------  ----------------------
/home/minhle/mlops/dags/model_training.py                           1           0  1.71s           2025-04-23T08:40:44                      12
/home/minhle/mlops/dags/data_pipeline.py                            1           0  0.81s           2025-04-23T08:40:13                      12
================================================================================
[2025-04-23T15:41:15.907+0700] {manager.py:997} INFO - 
================================================================================
DAG File Processing Stats

File Path                                  PID    Runtime      # DAGs    # Errors  Last Runtime    Last Run               Last # of DB Queries
-----------------------------------------  -----  ---------  --------  ----------  --------------  -------------------  ----------------------
/home/minhle/mlops/dags/model_training.py                           1           0  1.81s           2025-04-23T08:41:15                      12
/home/minhle/mlops/dags/data_pipeline.py                            1           0  0.81s           2025-04-23T08:40:45                      12
================================================================================
[2025-04-23T15:41:48.189+0700] {manager.py:997} INFO - 
================================================================================
DAG File Processing Stats

File Path                                  PID    Runtime      # DAGs    # Errors  Last Runtime    Last Run               Last # of DB Queries
-----------------------------------------  -----  ---------  --------  ----------  --------------  -------------------  ----------------------
/home/minhle/mlops/dags/model_training.py                           1           0  2.21s           2025-04-23T08:41:48                      12
/home/minhle/mlops/dags/data_pipeline.py                            1           0  0.81s           2025-04-23T08:41:17                      12
================================================================================
[2025-04-23T15:42:09.293+0700] {manager.py:821} INFO - Searching for files in /home/minhle/mlops/dags
[2025-04-23T15:42:09.295+0700] {manager.py:824} INFO - There are 2 files in /home/minhle/mlops/dags
[2025-04-23T15:42:20.793+0700] {manager.py:997} INFO - 
================================================================================
DAG File Processing Stats

File Path                                  PID    Runtime      # DAGs    # Errors  Last Runtime    Last Run               Last # of DB Queries
-----------------------------------------  -----  ---------  --------  ----------  --------------  -------------------  ----------------------
/home/minhle/mlops/dags/model_training.py                           1           0  2.52s           2025-04-23T08:42:20                      12
/home/minhle/mlops/dags/data_pipeline.py                            1           0  0.81s           2025-04-23T08:41:49                      12
================================================================================
[2025-04-23T15:42:53.549+0700] {manager.py:997} INFO - 
================================================================================
DAG File Processing Stats

File Path                                  PID    Runtime      # DAGs    # Errors  Last Runtime    Last Run               Last # of DB Queries
-----------------------------------------  -----  ---------  --------  ----------  --------------  -------------------  ----------------------
/home/minhle/mlops/dags/model_training.py                           1           0  2.61s           2025-04-23T08:42:53                      12
/home/minhle/mlops/dags/data_pipeline.py                            1           0  0.81s           2025-04-23T08:42:22                      12
================================================================================
[2025-04-23T15:43:25.404+0700] {manager.py:997} INFO - 
================================================================================
DAG File Processing Stats

File Path                                  PID    Runtime      # DAGs    # Errors  Last Runtime    Last Run               Last # of DB Queries
-----------------------------------------  -----  ---------  --------  ----------  --------------  -------------------  ----------------------
/home/minhle/mlops/dags/model_training.py                           1           0  1.71s           2025-04-23T08:43:25                      12
/home/minhle/mlops/dags/data_pipeline.py                            1           0  0.81s           2025-04-23T08:42:55                      12
================================================================================
[2025-04-23T15:43:57.255+0700] {manager.py:997} INFO - 
================================================================================
DAG File Processing Stats

File Path                                  PID    Runtime      # DAGs    # Errors  Last Runtime    Last Run               Last # of DB Queries
-----------------------------------------  -----  ---------  --------  ----------  --------------  -------------------  ----------------------
/home/minhle/mlops/dags/model_training.py                           1           0  1.71s           2025-04-23T08:43:57                      12
/home/minhle/mlops/dags/data_pipeline.py                            1           0  0.81s           2025-04-23T08:43:26                      12
================================================================================
[2025-04-23T15:44:29.040+0700] {manager.py:997} INFO - 
================================================================================
DAG File Processing Stats

File Path                                  PID    Runtime      # DAGs    # Errors  Last Runtime    Last Run               Last # of DB Queries
-----------------------------------------  -----  ---------  --------  ----------  --------------  -------------------  ----------------------
/home/minhle/mlops/dags/model_training.py                           1           0  1.71s           2025-04-23T08:44:29                      12
/home/minhle/mlops/dags/data_pipeline.py                            1           0  0.81s           2025-04-23T08:43:58                      12
================================================================================
[2025-04-23T15:45:00.912+0700] {manager.py:997} INFO - 
================================================================================
DAG File Processing Stats

File Path                                  PID    Runtime      # DAGs    # Errors  Last Runtime    Last Run               Last # of DB Queries
-----------------------------------------  -----  ---------  --------  ----------  --------------  -------------------  ----------------------
/home/minhle/mlops/dags/model_training.py                           1           0  1.81s           2025-04-23T08:45:00                      12
/home/minhle/mlops/dags/data_pipeline.py                            1           0  0.81s           2025-04-23T08:44:30                      12
================================================================================
[2025-04-23T15:45:33.882+0700] {manager.py:997} INFO - 
================================================================================
DAG File Processing Stats

File Path                                  PID    Runtime      # DAGs    # Errors  Last Runtime    Last Run               Last # of DB Queries
-----------------------------------------  -----  ---------  --------  ----------  --------------  -------------------  ----------------------
/home/minhle/mlops/dags/model_training.py                           1           0  2.92s           2025-04-23T08:45:33                      12
/home/minhle/mlops/dags/data_pipeline.py                            1           0  0.91s           2025-04-23T08:45:02                      12
================================================================================
[2025-04-23T15:46:05.934+0700] {manager.py:997} INFO - 
================================================================================
DAG File Processing Stats

File Path                                  PID    Runtime      # DAGs    # Errors  Last Runtime    Last Run               Last # of DB Queries
-----------------------------------------  -----  ---------  --------  ----------  --------------  -------------------  ----------------------
/home/minhle/mlops/dags/model_training.py                           1           0  2.01s           2025-04-23T08:46:05                      12
/home/minhle/mlops/dags/data_pipeline.py                            1           0  0.81s           2025-04-23T08:45:35                      12
================================================================================
[2025-04-23T15:46:37.719+0700] {manager.py:997} INFO - 
================================================================================
DAG File Processing Stats

File Path                                  PID    Runtime      # DAGs    # Errors  Last Runtime    Last Run               Last # of DB Queries
-----------------------------------------  -----  ---------  --------  ----------  --------------  -------------------  ----------------------
/home/minhle/mlops/dags/model_training.py                           1           0  1.71s           2025-04-23T08:46:37                      12
/home/minhle/mlops/dags/data_pipeline.py                            1           0  0.81s           2025-04-23T08:46:07                      12
================================================================================
[2025-04-23T15:47:10.496+0700] {manager.py:997} INFO - 
================================================================================
DAG File Processing Stats

File Path                                  PID    Runtime      # DAGs    # Errors  Last Runtime    Last Run               Last # of DB Queries
-----------------------------------------  -----  ---------  --------  ----------  --------------  -------------------  ----------------------
/home/minhle/mlops/dags/model_training.py                           1           0  2.71s           2025-04-23T08:47:10                      12
/home/minhle/mlops/dags/data_pipeline.py                            1           0  0.81s           2025-04-23T08:46:39                      12
================================================================================
[2025-04-23T15:47:10.647+0700] {manager.py:821} INFO - Searching for files in /home/minhle/mlops/dags
[2025-04-23T15:47:10.648+0700] {manager.py:824} INFO - There are 2 files in /home/minhle/mlops/dags
[2025-04-23T15:47:42.419+0700] {manager.py:997} INFO - 
================================================================================
DAG File Processing Stats

File Path                                  PID    Runtime      # DAGs    # Errors  Last Runtime    Last Run               Last # of DB Queries
-----------------------------------------  -----  ---------  --------  ----------  --------------  -------------------  ----------------------
/home/minhle/mlops/dags/model_training.py                           1           0  1.81s           2025-04-23T08:47:42                      12
/home/minhle/mlops/dags/data_pipeline.py                            1           0  0.81s           2025-04-23T08:47:11                      12
================================================================================
[2025-04-23T15:48:14.393+0700] {manager.py:997} INFO - 
================================================================================
DAG File Processing Stats

File Path                                  PID    Runtime      # DAGs    # Errors  Last Runtime    Last Run               Last # of DB Queries
-----------------------------------------  -----  ---------  --------  ----------  --------------  -------------------  ----------------------
/home/minhle/mlops/dags/model_training.py                           1           0  1.82s           2025-04-23T08:48:14                      12
/home/minhle/mlops/dags/data_pipeline.py                            1           0  0.81s           2025-04-23T08:47:44                      12
================================================================================
[2025-04-23T15:48:46.463+0700] {manager.py:997} INFO - 
================================================================================
DAG File Processing Stats

File Path                                  PID    Runtime      # DAGs    # Errors  Last Runtime    Last Run               Last # of DB Queries
-----------------------------------------  -----  ---------  --------  ----------  --------------  -------------------  ----------------------
/home/minhle/mlops/dags/model_training.py                           1           0  1.91s           2025-04-23T08:48:46                      12
/home/minhle/mlops/dags/data_pipeline.py                            1           0  0.81s           2025-04-23T08:48:15                      12
================================================================================
[2025-04-23T15:49:18.323+0700] {manager.py:997} INFO - 
================================================================================
DAG File Processing Stats

File Path                                  PID    Runtime      # DAGs    # Errors  Last Runtime    Last Run               Last # of DB Queries
-----------------------------------------  -----  ---------  --------  ----------  --------------  -------------------  ----------------------
/home/minhle/mlops/dags/model_training.py                           1           0  1.71s           2025-04-23T08:49:18                      12
/home/minhle/mlops/dags/data_pipeline.py                            1           0  0.91s           2025-04-23T08:48:48                      12
================================================================================
[2025-04-23T15:49:50.368+0700] {manager.py:997} INFO - 
================================================================================
DAG File Processing Stats

File Path                                  PID    Runtime      # DAGs    # Errors  Last Runtime    Last Run               Last # of DB Queries
-----------------------------------------  -----  ---------  --------  ----------  --------------  -------------------  ----------------------
/home/minhle/mlops/dags/model_training.py                           1           0  1.91s           2025-04-23T08:49:50                      12
/home/minhle/mlops/dags/data_pipeline.py                            1           0  0.81s           2025-04-23T08:49:20                      12
================================================================================
[2025-04-23T15:50:22.194+0700] {manager.py:997} INFO - 
================================================================================
DAG File Processing Stats

File Path                                  PID    Runtime      # DAGs    # Errors  Last Runtime    Last Run               Last # of DB Queries
-----------------------------------------  -----  ---------  --------  ----------  --------------  -------------------  ----------------------
/home/minhle/mlops/dags/model_training.py                           1           0  1.71s           2025-04-23T08:50:22                      12
/home/minhle/mlops/dags/data_pipeline.py                            1           0  0.81s           2025-04-23T08:49:52                      12
================================================================================
[2025-04-23T15:50:54.751+0700] {manager.py:997} INFO - 
================================================================================
DAG File Processing Stats

File Path                                  PID    Runtime      # DAGs    # Errors  Last Runtime    Last Run               Last # of DB Queries
-----------------------------------------  -----  ---------  --------  ----------  --------------  -------------------  ----------------------
/home/minhle/mlops/dags/model_training.py                           1           0  2.41s           2025-04-23T08:50:54                      12
/home/minhle/mlops/dags/data_pipeline.py                            1           0  0.81s           2025-04-23T08:50:23                      12
================================================================================
[2025-04-23T15:51:26.645+0700] {manager.py:997} INFO - 
================================================================================
DAG File Processing Stats

File Path                                  PID    Runtime      # DAGs    # Errors  Last Runtime    Last Run               Last # of DB Queries
-----------------------------------------  -----  ---------  --------  ----------  --------------  -------------------  ----------------------
/home/minhle/mlops/dags/model_training.py                           1           0  1.81s           2025-04-23T08:51:26                      12
/home/minhle/mlops/dags/data_pipeline.py                            1           0  0.81s           2025-04-23T08:50:55                      12
================================================================================
[2025-04-23T15:51:58.657+0700] {manager.py:997} INFO - 
================================================================================
DAG File Processing Stats

File Path                                  PID    Runtime      # DAGs    # Errors  Last Runtime    Last Run               Last # of DB Queries
-----------------------------------------  -----  ---------  --------  ----------  --------------  -------------------  ----------------------
/home/minhle/mlops/dags/model_training.py                           1           0  1.81s           2025-04-23T08:51:58                      12
/home/minhle/mlops/dags/data_pipeline.py                            1           0  0.81s           2025-04-23T08:51:28                      12
================================================================================
[2025-04-23T15:52:11.526+0700] {manager.py:821} INFO - Searching for files in /home/minhle/mlops/dags
[2025-04-23T15:52:11.527+0700] {manager.py:824} INFO - There are 2 files in /home/minhle/mlops/dags
[2025-04-23T15:52:30.838+0700] {manager.py:997} INFO - 
================================================================================
DAG File Processing Stats

File Path                                  PID    Runtime      # DAGs    # Errors  Last Runtime    Last Run               Last # of DB Queries
-----------------------------------------  -----  ---------  --------  ----------  --------------  -------------------  ----------------------
/home/minhle/mlops/dags/model_training.py                           1           0  1.81s           2025-04-23T08:52:30                      12
/home/minhle/mlops/dags/data_pipeline.py                            1           0  0.81s           2025-04-23T08:52:00                      12
================================================================================
[2025-04-23T15:53:02.679+0700] {manager.py:997} INFO - 
================================================================================
DAG File Processing Stats

File Path                                  PID    Runtime      # DAGs    # Errors  Last Runtime    Last Run               Last # of DB Queries
-----------------------------------------  -----  ---------  --------  ----------  --------------  -------------------  ----------------------
/home/minhle/mlops/dags/model_training.py                           1           0  1.71s           2025-04-23T08:53:02                      12
/home/minhle/mlops/dags/data_pipeline.py                            1           0  0.82s           2025-04-23T08:52:32                      12
================================================================================
[2025-04-23T15:53:34.593+0700] {manager.py:997} INFO - 
================================================================================
DAG File Processing Stats

File Path                                  PID    Runtime      # DAGs    # Errors  Last Runtime    Last Run               Last # of DB Queries
-----------------------------------------  -----  ---------  --------  ----------  --------------  -------------------  ----------------------
/home/minhle/mlops/dags/model_training.py                           1           0  1.81s           2025-04-23T08:53:34                      12
/home/minhle/mlops/dags/data_pipeline.py                            1           0  0.81s           2025-04-23T08:53:04                      12
================================================================================
[2025-04-23T15:54:06.572+0700] {manager.py:997} INFO - 
================================================================================
DAG File Processing Stats

File Path                                  PID    Runtime      # DAGs    # Errors  Last Runtime    Last Run               Last # of DB Queries
-----------------------------------------  -----  ---------  --------  ----------  --------------  -------------------  ----------------------
/home/minhle/mlops/dags/model_training.py                           1           0  1.82s           2025-04-23T08:54:06                      12
/home/minhle/mlops/dags/data_pipeline.py                            1           0  0.81s           2025-04-23T08:53:36                      12
================================================================================
[2025-04-23T15:54:38.304+0700] {manager.py:997} INFO - 
================================================================================
DAG File Processing Stats

File Path                                  PID    Runtime      # DAGs    # Errors  Last Runtime    Last Run               Last # of DB Queries
-----------------------------------------  -----  ---------  --------  ----------  --------------  -------------------  ----------------------
/home/minhle/mlops/dags/model_training.py                           1           0  1.71s           2025-04-23T08:54:38                      12
/home/minhle/mlops/dags/data_pipeline.py                            1           0  0.81s           2025-04-23T08:54:08                      12
================================================================================
[2025-04-23T15:55:10.284+0700] {manager.py:997} INFO - 
================================================================================
DAG File Processing Stats

File Path                                  PID    Runtime      # DAGs    # Errors  Last Runtime    Last Run               Last # of DB Queries
-----------------------------------------  -----  ---------  --------  ----------  --------------  -------------------  ----------------------
/home/minhle/mlops/dags/model_training.py                           1           0  1.91s           2025-04-23T08:55:10                      12
/home/minhle/mlops/dags/data_pipeline.py                            1           0  0.81s           2025-04-23T08:54:40                      12
================================================================================
[2025-04-23T15:55:42.133+0700] {manager.py:997} INFO - 
================================================================================
DAG File Processing Stats

File Path                                  PID    Runtime      # DAGs    # Errors  Last Runtime    Last Run               Last # of DB Queries
-----------------------------------------  -----  ---------  --------  ----------  --------------  -------------------  ----------------------
/home/minhle/mlops/dags/model_training.py                           1           0  1.71s           2025-04-23T08:55:42                      12
/home/minhle/mlops/dags/data_pipeline.py                            1           0  0.81s           2025-04-23T08:55:12                      12
================================================================================
[2025-04-23T15:56:13.926+0700] {manager.py:997} INFO - 
================================================================================
DAG File Processing Stats

File Path                                  PID    Runtime      # DAGs    # Errors  Last Runtime    Last Run               Last # of DB Queries
-----------------------------------------  -----  ---------  --------  ----------  --------------  -------------------  ----------------------
/home/minhle/mlops/dags/model_training.py                           1           0  1.71s           2025-04-23T08:56:13                      12
/home/minhle/mlops/dags/data_pipeline.py                            1           0  0.81s           2025-04-23T08:55:43                      12
================================================================================
[2025-04-23T15:56:45.818+0700] {manager.py:997} INFO - 
================================================================================
DAG File Processing Stats

File Path                                  PID    Runtime      # DAGs    # Errors  Last Runtime    Last Run               Last # of DB Queries
-----------------------------------------  -----  ---------  --------  ----------  --------------  -------------------  ----------------------
/home/minhle/mlops/dags/model_training.py                           1           0  1.81s           2025-04-23T08:56:45                      12
/home/minhle/mlops/dags/data_pipeline.py                            1           0  0.81s           2025-04-23T08:56:15                      12
================================================================================
[2025-04-23T15:57:12.234+0700] {manager.py:821} INFO - Searching for files in /home/minhle/mlops/dags
[2025-04-23T15:57:12.240+0700] {manager.py:824} INFO - There are 2 files in /home/minhle/mlops/dags
[2025-04-23T15:57:17.709+0700] {manager.py:997} INFO - 
================================================================================
DAG File Processing Stats

File Path                                  PID    Runtime      # DAGs    # Errors  Last Runtime    Last Run               Last # of DB Queries
-----------------------------------------  -----  ---------  --------  ----------  --------------  -------------------  ----------------------
/home/minhle/mlops/dags/model_training.py                           1           0  1.81s           2025-04-23T08:57:17                      12
/home/minhle/mlops/dags/data_pipeline.py                            1           0  0.81s           2025-04-23T08:56:47                      12
================================================================================
[2025-04-23T15:57:49.504+0700] {manager.py:997} INFO - 
================================================================================
DAG File Processing Stats

File Path                                  PID    Runtime      # DAGs    # Errors  Last Runtime    Last Run               Last # of DB Queries
-----------------------------------------  -----  ---------  --------  ----------  --------------  -------------------  ----------------------
/home/minhle/mlops/dags/model_training.py                           1           0  1.71s           2025-04-23T08:57:49                      12
/home/minhle/mlops/dags/data_pipeline.py                            1           0  0.81s           2025-04-23T08:57:19                      12
================================================================================
[2025-04-23T15:58:21.477+0700] {manager.py:997} INFO - 
================================================================================
DAG File Processing Stats

File Path                                  PID    Runtime      # DAGs    # Errors  Last Runtime    Last Run               Last # of DB Queries
-----------------------------------------  -----  ---------  --------  ----------  --------------  -------------------  ----------------------
/home/minhle/mlops/dags/model_training.py                           1           0  1.91s           2025-04-23T08:58:21                      12
/home/minhle/mlops/dags/data_pipeline.py                            1           0  0.81s           2025-04-23T08:57:51                      12
================================================================================
[2025-04-23T15:58:53.255+0700] {manager.py:997} INFO - 
================================================================================
DAG File Processing Stats

File Path                                  PID    Runtime      # DAGs    # Errors  Last Runtime    Last Run               Last # of DB Queries
-----------------------------------------  -----  ---------  --------  ----------  --------------  -------------------  ----------------------
/home/minhle/mlops/dags/model_training.py                           1           0  1.71s           2025-04-23T08:58:53                      12
/home/minhle/mlops/dags/data_pipeline.py                            1           0  0.81s           2025-04-23T08:58:23                      12
================================================================================
[2025-04-23T15:59:25.441+0700] {manager.py:997} INFO - 
================================================================================
DAG File Processing Stats

File Path                                  PID    Runtime      # DAGs    # Errors  Last Runtime    Last Run               Last # of DB Queries
-----------------------------------------  -----  ---------  --------  ----------  --------------  -------------------  ----------------------
/home/minhle/mlops/dags/model_training.py                           1           0  2.11s           2025-04-23T08:59:25                      12
/home/minhle/mlops/dags/data_pipeline.py                            1           0  0.81s           2025-04-23T08:58:55                      12
================================================================================
[2025-04-23T15:59:57.346+0700] {manager.py:997} INFO - 
================================================================================
DAG File Processing Stats

File Path                                  PID    Runtime      # DAGs    # Errors  Last Runtime    Last Run               Last # of DB Queries
-----------------------------------------  -----  ---------  --------  ----------  --------------  -------------------  ----------------------
/home/minhle/mlops/dags/model_training.py                           1           0  1.81s           2025-04-23T08:59:57                      12
/home/minhle/mlops/dags/data_pipeline.py                            1           0  0.81s           2025-04-23T08:59:27                      12
================================================================================
[2025-04-23T16:00:29.264+0700] {manager.py:997} INFO - 
================================================================================
DAG File Processing Stats

File Path                                  PID    Runtime      # DAGs    # Errors  Last Runtime    Last Run               Last # of DB Queries
-----------------------------------------  -----  ---------  --------  ----------  --------------  -------------------  ----------------------
/home/minhle/mlops/dags/model_training.py                           1           0  1.82s           2025-04-23T09:00:29                      12
/home/minhle/mlops/dags/data_pipeline.py                            1           0  0.81s           2025-04-23T08:59:59                      12
================================================================================
[2025-04-23T16:01:01.138+0700] {manager.py:997} INFO - 
================================================================================
DAG File Processing Stats

File Path                                  PID    Runtime      # DAGs    # Errors  Last Runtime    Last Run               Last # of DB Queries
-----------------------------------------  -----  ---------  --------  ----------  --------------  -------------------  ----------------------
/home/minhle/mlops/dags/model_training.py                           1           0  1.81s           2025-04-23T09:01:01                      12
/home/minhle/mlops/dags/data_pipeline.py                            1           0  0.80s           2025-04-23T09:00:31                      12
================================================================================
[2025-04-23T16:01:33.022+0700] {manager.py:997} INFO - 
================================================================================
DAG File Processing Stats

File Path                                  PID    Runtime      # DAGs    # Errors  Last Runtime    Last Run               Last # of DB Queries
-----------------------------------------  -----  ---------  --------  ----------  --------------  -------------------  ----------------------
/home/minhle/mlops/dags/model_training.py                           1           0  1.81s           2025-04-23T09:01:33                      12
/home/minhle/mlops/dags/data_pipeline.py                            1           0  0.81s           2025-04-23T09:01:02                      12
================================================================================
[2025-04-23T16:02:04.912+0700] {manager.py:997} INFO - 
================================================================================
DAG File Processing Stats

File Path                                  PID    Runtime      # DAGs    # Errors  Last Runtime    Last Run               Last # of DB Queries
-----------------------------------------  -----  ---------  --------  ----------  --------------  -------------------  ----------------------
/home/minhle/mlops/dags/model_training.py                           1           0  1.81s           2025-04-23T09:02:04                      12
/home/minhle/mlops/dags/data_pipeline.py                            1           0  0.81s           2025-04-23T09:01:34                      12
================================================================================
[2025-04-23T16:02:13.033+0700] {manager.py:821} INFO - Searching for files in /home/minhle/mlops/dags
[2025-04-23T16:02:13.035+0700] {manager.py:824} INFO - There are 2 files in /home/minhle/mlops/dags
[2025-04-23T16:02:36.641+0700] {manager.py:997} INFO - 
================================================================================
DAG File Processing Stats

File Path                                  PID    Runtime      # DAGs    # Errors  Last Runtime    Last Run               Last # of DB Queries
-----------------------------------------  -----  ---------  --------  ----------  --------------  -------------------  ----------------------
/home/minhle/mlops/dags/model_training.py                           1           0  1.71s           2025-04-23T09:02:36                      12
/home/minhle/mlops/dags/data_pipeline.py                            1           0  0.81s           2025-04-23T09:02:06                      12
================================================================================
[2025-04-23T16:03:08.426+0700] {manager.py:997} INFO - 
================================================================================
DAG File Processing Stats

File Path                                  PID    Runtime      # DAGs    # Errors  Last Runtime    Last Run               Last # of DB Queries
-----------------------------------------  -----  ---------  --------  ----------  --------------  -------------------  ----------------------
/home/minhle/mlops/dags/model_training.py                           1           0  1.71s           2025-04-23T09:03:08                      12
/home/minhle/mlops/dags/data_pipeline.py                            1           0  0.81s           2025-04-23T09:02:38                      12
================================================================================
[2025-04-23T16:03:40.226+0700] {manager.py:997} INFO - 
================================================================================
DAG File Processing Stats

File Path                                  PID    Runtime      # DAGs    # Errors  Last Runtime    Last Run               Last # of DB Queries
-----------------------------------------  -----  ---------  --------  ----------  --------------  -------------------  ----------------------
/home/minhle/mlops/dags/model_training.py                           1           0  1.72s           2025-04-23T09:03:40                      12
/home/minhle/mlops/dags/data_pipeline.py                            1           0  0.81s           2025-04-23T09:03:10                      12
================================================================================
[2025-04-23T16:04:12.212+0700] {manager.py:997} INFO - 
================================================================================
DAG File Processing Stats

File Path                                  PID    Runtime      # DAGs    # Errors  Last Runtime    Last Run               Last # of DB Queries
-----------------------------------------  -----  ---------  --------  ----------  --------------  -------------------  ----------------------
/home/minhle/mlops/dags/model_training.py                           1           0  1.91s           2025-04-23T09:04:12                      12
/home/minhle/mlops/dags/data_pipeline.py                            1           0  0.81s           2025-04-23T09:03:42                      12
================================================================================
[2025-04-23T16:04:44.518+0700] {manager.py:997} INFO - 
================================================================================
DAG File Processing Stats

File Path                                  PID    Runtime      # DAGs    # Errors  Last Runtime    Last Run               Last # of DB Queries
-----------------------------------------  -----  ---------  --------  ----------  --------------  -------------------  ----------------------
/home/minhle/mlops/dags/model_training.py                           1           0  2.21s           2025-04-23T09:04:44                      12
/home/minhle/mlops/dags/data_pipeline.py                            1           0  0.81s           2025-04-23T09:04:14                      12
================================================================================
[2025-04-23T16:05:16.330+0700] {manager.py:997} INFO - 
================================================================================
DAG File Processing Stats

File Path                                  PID    Runtime      # DAGs    # Errors  Last Runtime    Last Run               Last # of DB Queries
-----------------------------------------  -----  ---------  --------  ----------  --------------  -------------------  ----------------------
/home/minhle/mlops/dags/model_training.py                           1           0  1.73s           2025-04-23T09:05:16                      12
/home/minhle/mlops/dags/data_pipeline.py                            1           0  0.81s           2025-04-23T09:04:46                      12
================================================================================
[2025-04-23T16:05:48.120+0700] {manager.py:997} INFO - 
================================================================================
DAG File Processing Stats

File Path                                  PID    Runtime      # DAGs    # Errors  Last Runtime    Last Run               Last # of DB Queries
-----------------------------------------  -----  ---------  --------  ----------  --------------  -------------------  ----------------------
/home/minhle/mlops/dags/model_training.py                           1           0  1.72s           2025-04-23T09:05:48                      12
/home/minhle/mlops/dags/data_pipeline.py                            1           0  0.81s           2025-04-23T09:05:18                      12
================================================================================
[2025-04-23T16:06:19.896+0700] {manager.py:997} INFO - 
================================================================================
DAG File Processing Stats

File Path                                  PID    Runtime      # DAGs    # Errors  Last Runtime    Last Run               Last # of DB Queries
-----------------------------------------  -----  ---------  --------  ----------  --------------  -------------------  ----------------------
/home/minhle/mlops/dags/model_training.py                           1           0  1.71s           2025-04-23T09:06:19                      12
/home/minhle/mlops/dags/data_pipeline.py                            1           0  0.81s           2025-04-23T09:05:49                      12
================================================================================
[2025-04-23T16:06:52.355+0700] {manager.py:997} INFO - 
================================================================================
DAG File Processing Stats

File Path                                  PID    Runtime      # DAGs    # Errors  Last Runtime    Last Run               Last # of DB Queries
-----------------------------------------  -----  ---------  --------  ----------  --------------  -------------------  ----------------------
/home/minhle/mlops/dags/model_training.py                           1           0  1.91s           2025-04-23T09:06:52                      12
/home/minhle/mlops/dags/data_pipeline.py                            1           0  0.81s           2025-04-23T09:06:21                      12
================================================================================
[2025-04-23T16:07:13.132+0700] {manager.py:821} INFO - Searching for files in /home/minhle/mlops/dags
[2025-04-23T16:07:13.139+0700] {manager.py:824} INFO - There are 2 files in /home/minhle/mlops/dags
[2025-04-23T16:07:24.963+0700] {manager.py:997} INFO - 
================================================================================
DAG File Processing Stats

File Path                                  PID    Runtime      # DAGs    # Errors  Last Runtime    Last Run               Last # of DB Queries
-----------------------------------------  -----  ---------  --------  ----------  --------------  -------------------  ----------------------
/home/minhle/mlops/dags/model_training.py                           1           0  2.52s           2025-04-23T09:07:24                      12
/home/minhle/mlops/dags/data_pipeline.py                            1           0  0.81s           2025-04-23T09:06:54                      12
================================================================================
[2025-04-23T16:07:56.905+0700] {manager.py:997} INFO - 
================================================================================
DAG File Processing Stats

File Path                                  PID    Runtime      # DAGs    # Errors  Last Runtime    Last Run               Last # of DB Queries
-----------------------------------------  -----  ---------  --------  ----------  --------------  -------------------  ----------------------
/home/minhle/mlops/dags/data_pipeline.py                            1           0  2.01s           2025-04-23T09:07:28                      12
/home/minhle/mlops/dags/model_training.py                           1           0  1.81s           2025-04-23T09:07:56                      12
================================================================================
[2025-04-23T16:08:29.451+0700] {manager.py:997} INFO - 
================================================================================
DAG File Processing Stats

File Path                                  PID    Runtime      # DAGs    # Errors  Last Runtime    Last Run               Last # of DB Queries
-----------------------------------------  -----  ---------  --------  ----------  --------------  -------------------  ----------------------
/home/minhle/mlops/dags/model_training.py                           1           0  2.42s           2025-04-23T09:08:29                      12
/home/minhle/mlops/dags/data_pipeline.py                            1           0  1.01s           2025-04-23T09:08:00                      12
================================================================================
[2025-04-23T16:09:01.294+0700] {manager.py:997} INFO - 
================================================================================
DAG File Processing Stats

File Path                                  PID    Runtime      # DAGs    # Errors  Last Runtime    Last Run               Last # of DB Queries
-----------------------------------------  -----  ---------  --------  ----------  --------------  -------------------  ----------------------
/home/minhle/mlops/dags/model_training.py                           1           0  1.72s           2025-04-23T09:09:01                      12
/home/minhle/mlops/dags/data_pipeline.py                            1           0  0.81s           2025-04-23T09:08:31                      12
================================================================================
[2025-04-23T16:09:33.243+0700] {manager.py:997} INFO - 
================================================================================
DAG File Processing Stats

File Path                                  PID    Runtime      # DAGs    # Errors  Last Runtime    Last Run               Last # of DB Queries
-----------------------------------------  -----  ---------  --------  ----------  --------------  -------------------  ----------------------
/home/minhle/mlops/dags/model_training.py                           1           0  1.81s           2025-04-23T09:09:33                      12
/home/minhle/mlops/dags/data_pipeline.py                            1           0  0.81s           2025-04-23T09:09:02                      12
================================================================================
[2025-04-23T16:10:05.584+0700] {manager.py:997} INFO - 
================================================================================
DAG File Processing Stats

File Path                                  PID    Runtime      # DAGs    # Errors  Last Runtime    Last Run               Last # of DB Queries
-----------------------------------------  -----  ---------  --------  ----------  --------------  -------------------  ----------------------
/home/minhle/mlops/dags/model_training.py                           1           0  2.21s           2025-04-23T09:10:05                      12
/home/minhle/mlops/dags/data_pipeline.py                            1           0  0.81s           2025-04-23T09:09:35                      12
================================================================================
[2025-04-23T16:10:37.476+0700] {manager.py:997} INFO - 
================================================================================
DAG File Processing Stats

File Path                                  PID    Runtime      # DAGs    # Errors  Last Runtime    Last Run               Last # of DB Queries
-----------------------------------------  -----  ---------  --------  ----------  --------------  -------------------  ----------------------
/home/minhle/mlops/dags/model_training.py                           1           0  1.81s           2025-04-23T09:10:37                      12
/home/minhle/mlops/dags/data_pipeline.py                            1           0  0.81s           2025-04-23T09:10:07                      12
================================================================================
[2025-04-23T16:11:09.514+0700] {manager.py:997} INFO - 
================================================================================
DAG File Processing Stats

File Path                                  PID    Runtime      # DAGs    # Errors  Last Runtime    Last Run               Last # of DB Queries
-----------------------------------------  -----  ---------  --------  ----------  --------------  -------------------  ----------------------
/home/minhle/mlops/dags/model_training.py                           1           0  1.81s           2025-04-23T09:11:09                      12
/home/minhle/mlops/dags/data_pipeline.py                            1           0  0.81s           2025-04-23T09:10:39                      12
================================================================================
[2025-04-23T16:11:41.563+0700] {manager.py:997} INFO - 
================================================================================
DAG File Processing Stats

File Path                                  PID    Runtime      # DAGs    # Errors  Last Runtime    Last Run               Last # of DB Queries
-----------------------------------------  -----  ---------  --------  ----------  --------------  -------------------  ----------------------
/home/minhle/mlops/dags/model_training.py                           1           0  1.91s           2025-04-23T09:11:41                      12
/home/minhle/mlops/dags/data_pipeline.py                            1           0  0.81s           2025-04-23T09:11:11                      12
================================================================================
[2025-04-23T16:12:13.723+0700] {manager.py:997} INFO - 
================================================================================
DAG File Processing Stats

File Path                                  PID    Runtime      # DAGs    # Errors  Last Runtime    Last Run               Last # of DB Queries
-----------------------------------------  -----  ---------  --------  ----------  --------------  -------------------  ----------------------
/home/minhle/mlops/dags/model_training.py                           1           0  2.01s           2025-04-23T09:12:13                      12
/home/minhle/mlops/dags/data_pipeline.py                            1           0  1.01s           2025-04-23T09:11:43                      12
================================================================================
[2025-04-23T16:12:14.824+0700] {manager.py:821} INFO - Searching for files in /home/minhle/mlops/dags
[2025-04-23T16:12:14.825+0700] {manager.py:824} INFO - There are 2 files in /home/minhle/mlops/dags
[2025-04-23T16:12:45.566+0700] {manager.py:997} INFO - 
================================================================================
DAG File Processing Stats

File Path                                  PID    Runtime      # DAGs    # Errors  Last Runtime    Last Run               Last # of DB Queries
-----------------------------------------  -----  ---------  --------  ----------  --------------  -------------------  ----------------------
/home/minhle/mlops/dags/model_training.py                           1           0  1.71s           2025-04-23T09:12:45                      12
/home/minhle/mlops/dags/data_pipeline.py                            1           0  0.80s           2025-04-23T09:12:15                      12
================================================================================
[2025-04-23T16:13:17.418+0700] {manager.py:997} INFO - 
================================================================================
DAG File Processing Stats

File Path                                  PID    Runtime      # DAGs    # Errors  Last Runtime    Last Run               Last # of DB Queries
-----------------------------------------  -----  ---------  --------  ----------  --------------  -------------------  ----------------------
/home/minhle/mlops/dags/model_training.py                           1           0  1.72s           2025-04-23T09:13:17                      12
/home/minhle/mlops/dags/data_pipeline.py                            1           0  0.81s           2025-04-23T09:12:47                      12
================================================================================
[2025-04-23T16:13:49.458+0700] {manager.py:997} INFO - 
================================================================================
DAG File Processing Stats

File Path                                  PID    Runtime      # DAGs    # Errors  Last Runtime    Last Run               Last # of DB Queries
-----------------------------------------  -----  ---------  --------  ----------  --------------  -------------------  ----------------------
/home/minhle/mlops/dags/model_training.py                           1           0  1.91s           2025-04-23T09:13:49                      12
/home/minhle/mlops/dags/data_pipeline.py                            1           0  0.81s           2025-04-23T09:13:18                      12
================================================================================
[2025-04-23T16:14:22.024+0700] {manager.py:997} INFO - 
================================================================================
DAG File Processing Stats

File Path                                  PID    Runtime      # DAGs    # Errors  Last Runtime    Last Run               Last # of DB Queries
-----------------------------------------  -----  ---------  --------  ----------  --------------  -------------------  ----------------------
/home/minhle/mlops/dags/model_training.py                           1           0  2.41s           2025-04-23T09:14:22                      12
/home/minhle/mlops/dags/data_pipeline.py                            1           0  0.81s           2025-04-23T09:13:50                      12
================================================================================
[2025-04-23T16:14:53.983+0700] {manager.py:997} INFO - 
================================================================================
DAG File Processing Stats

File Path                                  PID    Runtime      # DAGs    # Errors  Last Runtime    Last Run               Last # of DB Queries
-----------------------------------------  -----  ---------  --------  ----------  --------------  -------------------  ----------------------
/home/minhle/mlops/dags/model_training.py                           1           0  1.81s           2025-04-23T09:14:53                      12
/home/minhle/mlops/dags/data_pipeline.py                            1           0  1.21s           2025-04-23T09:14:24                      12
================================================================================
[2025-04-23T16:15:25.868+0700] {manager.py:997} INFO - 
================================================================================
DAG File Processing Stats

File Path                                  PID    Runtime      # DAGs    # Errors  Last Runtime    Last Run               Last # of DB Queries
-----------------------------------------  -----  ---------  --------  ----------  --------------  -------------------  ----------------------
/home/minhle/mlops/dags/model_training.py                           1           0  1.81s           2025-04-23T09:15:25                      12
/home/minhle/mlops/dags/data_pipeline.py                            1           0  0.81s           2025-04-23T09:14:56                      12
================================================================================
[2025-04-23T16:15:58.913+0700] {manager.py:997} INFO - 
================================================================================
DAG File Processing Stats

File Path                                  PID    Runtime      # DAGs    # Errors  Last Runtime    Last Run               Last # of DB Queries
-----------------------------------------  -----  ---------  --------  ----------  --------------  -------------------  ----------------------
/home/minhle/mlops/dags/model_training.py                           1           0  2.91s           2025-04-23T09:15:58                      12
/home/minhle/mlops/dags/data_pipeline.py                            1           0  0.81s           2025-04-23T09:15:27                      12
================================================================================
[2025-04-23T16:16:30.746+0700] {manager.py:997} INFO - 
================================================================================
DAG File Processing Stats

File Path                                  PID    Runtime      # DAGs    # Errors  Last Runtime    Last Run               Last # of DB Queries
-----------------------------------------  -----  ---------  --------  ----------  --------------  -------------------  ----------------------
/home/minhle/mlops/dags/model_training.py                           1           0  1.71s           2025-04-23T09:16:30                      12
/home/minhle/mlops/dags/data_pipeline.py                            1           0  0.81s           2025-04-23T09:16:00                      12
================================================================================
[2025-04-23T16:17:02.910+0700] {manager.py:997} INFO - 
================================================================================
DAG File Processing Stats

File Path                                  PID    Runtime      # DAGs    # Errors  Last Runtime    Last Run               Last # of DB Queries
-----------------------------------------  -----  ---------  --------  ----------  --------------  -------------------  ----------------------
/home/minhle/mlops/dags/model_training.py                           1           0  1.81s           2025-04-23T09:17:02                      12
/home/minhle/mlops/dags/data_pipeline.py                            1           0  0.81s           2025-04-23T09:16:32                      12
================================================================================
[2025-04-23T16:17:15.160+0700] {manager.py:821} INFO - Searching for files in /home/minhle/mlops/dags
[2025-04-23T16:17:15.167+0700] {manager.py:824} INFO - There are 2 files in /home/minhle/mlops/dags
[2025-04-23T16:17:35.063+0700] {manager.py:997} INFO - 
================================================================================
DAG File Processing Stats

File Path                                  PID    Runtime      # DAGs    # Errors  Last Runtime    Last Run               Last # of DB Queries
-----------------------------------------  -----  ---------  --------  ----------  --------------  -------------------  ----------------------
/home/minhle/mlops/dags/model_training.py                           1           0  2.01s           2025-04-23T09:17:35                      12
/home/minhle/mlops/dags/data_pipeline.py                            1           0  0.81s           2025-04-23T09:17:04                      12
================================================================================
[2025-04-23T16:18:07.337+0700] {manager.py:997} INFO - 
================================================================================
DAG File Processing Stats

File Path                                  PID    Runtime      # DAGs    # Errors  Last Runtime    Last Run               Last # of DB Queries
-----------------------------------------  -----  ---------  --------  ----------  --------------  -------------------  ----------------------
/home/minhle/mlops/dags/model_training.py                           1           0  2.22s           2025-04-23T09:18:07                      12
/home/minhle/mlops/dags/data_pipeline.py                            1           0  0.81s           2025-04-23T09:17:36                      12
================================================================================
[2025-04-23T16:18:39.646+0700] {manager.py:997} INFO - 
================================================================================
DAG File Processing Stats

File Path                                  PID    Runtime      # DAGs    # Errors  Last Runtime    Last Run               Last # of DB Queries
-----------------------------------------  -----  ---------  --------  ----------  --------------  -------------------  ----------------------
/home/minhle/mlops/dags/model_training.py                           1           0  2.12s           2025-04-23T09:18:39                      12
/home/minhle/mlops/dags/data_pipeline.py                            1           0  0.81s           2025-04-23T09:18:09                      12
================================================================================
[2025-04-23T16:19:11.674+0700] {manager.py:997} INFO - 
================================================================================
DAG File Processing Stats

File Path                                  PID    Runtime      # DAGs    # Errors  Last Runtime    Last Run               Last # of DB Queries
-----------------------------------------  -----  ---------  --------  ----------  --------------  -------------------  ----------------------
/home/minhle/mlops/dags/model_training.py                           1           0  1.91s           2025-04-23T09:19:11                      12
/home/minhle/mlops/dags/data_pipeline.py                            1           0  0.81s           2025-04-23T09:18:41                      12
================================================================================
[2025-04-23T16:19:43.620+0700] {manager.py:997} INFO - 
================================================================================
DAG File Processing Stats

File Path                                  PID    Runtime      # DAGs    # Errors  Last Runtime    Last Run               Last # of DB Queries
-----------------------------------------  -----  ---------  --------  ----------  --------------  -------------------  ----------------------
/home/minhle/mlops/dags/model_training.py                           1           0  1.81s           2025-04-23T09:19:43                      12
/home/minhle/mlops/dags/data_pipeline.py                            1           0  0.81s           2025-04-23T09:19:13                      12
================================================================================
[2025-04-23T16:20:15.724+0700] {manager.py:997} INFO - 
================================================================================
DAG File Processing Stats

File Path                                  PID    Runtime      # DAGs    # Errors  Last Runtime    Last Run               Last # of DB Queries
-----------------------------------------  -----  ---------  --------  ----------  --------------  -------------------  ----------------------
/home/minhle/mlops/dags/model_training.py                           1           0  2.01s           2025-04-23T09:20:15                      12
/home/minhle/mlops/dags/data_pipeline.py                            1           0  0.81s           2025-04-23T09:19:44                      12
================================================================================
[2025-04-23T16:20:47.700+0700] {manager.py:997} INFO - 
================================================================================
DAG File Processing Stats

File Path                                  PID    Runtime      # DAGs    # Errors  Last Runtime    Last Run               Last # of DB Queries
-----------------------------------------  -----  ---------  --------  ----------  --------------  -------------------  ----------------------
/home/minhle/mlops/dags/model_training.py                           1           0  1.91s           2025-04-23T09:20:47                      12
/home/minhle/mlops/dags/data_pipeline.py                            1           0  0.81s           2025-04-23T09:20:17                      12
================================================================================
[2025-04-23T16:21:19.557+0700] {manager.py:997} INFO - 
================================================================================
DAG File Processing Stats

File Path                                  PID    Runtime      # DAGs    # Errors  Last Runtime    Last Run               Last # of DB Queries
-----------------------------------------  -----  ---------  --------  ----------  --------------  -------------------  ----------------------
/home/minhle/mlops/dags/model_training.py                           1           0  1.81s           2025-04-23T09:21:19                      12
/home/minhle/mlops/dags/data_pipeline.py                            1           0  0.81s           2025-04-23T09:20:49                      12
================================================================================
[2025-04-23T16:21:51.435+0700] {manager.py:997} INFO - 
================================================================================
DAG File Processing Stats

File Path                                  PID    Runtime      # DAGs    # Errors  Last Runtime    Last Run               Last # of DB Queries
-----------------------------------------  -----  ---------  --------  ----------  --------------  -------------------  ----------------------
/home/minhle/mlops/dags/model_training.py                           1           0  1.81s           2025-04-23T09:21:51                      12
/home/minhle/mlops/dags/data_pipeline.py                            1           0  0.81s           2025-04-23T09:21:21                      12
================================================================================
[2025-04-23T16:22:16.319+0700] {manager.py:821} INFO - Searching for files in /home/minhle/mlops/dags
[2025-04-23T16:22:16.321+0700] {manager.py:824} INFO - There are 2 files in /home/minhle/mlops/dags
[2025-04-23T16:22:23.251+0700] {manager.py:997} INFO - 
================================================================================
DAG File Processing Stats

File Path                                  PID    Runtime      # DAGs    # Errors  Last Runtime    Last Run               Last # of DB Queries
-----------------------------------------  -----  ---------  --------  ----------  --------------  -------------------  ----------------------
/home/minhle/mlops/dags/model_training.py                           1           0  1.81s           2025-04-23T09:22:23                      12
/home/minhle/mlops/dags/data_pipeline.py                            1           0  0.81s           2025-04-23T09:21:53                      12
================================================================================
[2025-04-23T16:22:55.459+0700] {manager.py:997} INFO - 
================================================================================
DAG File Processing Stats

File Path                                  PID    Runtime      # DAGs    # Errors  Last Runtime    Last Run               Last # of DB Queries
-----------------------------------------  -----  ---------  --------  ----------  --------------  -------------------  ----------------------
/home/minhle/mlops/dags/model_training.py                           1           0  2.11s           2025-04-23T09:22:55                      12
/home/minhle/mlops/dags/data_pipeline.py                            1           0  0.81s           2025-04-23T09:22:25                      12
================================================================================
[2025-04-23T16:23:27.636+0700] {manager.py:997} INFO - 
================================================================================
DAG File Processing Stats

File Path                                  PID    Runtime      # DAGs    # Errors  Last Runtime    Last Run               Last # of DB Queries
-----------------------------------------  -----  ---------  --------  ----------  --------------  -------------------  ----------------------
/home/minhle/mlops/dags/model_training.py                           1           0  2.11s           2025-04-23T09:23:27                      12
/home/minhle/mlops/dags/data_pipeline.py                            1           0  0.82s           2025-04-23T09:22:57                      12
================================================================================
[2025-04-23T16:23:59.427+0700] {manager.py:997} INFO - 
================================================================================
DAG File Processing Stats

File Path                                  PID    Runtime      # DAGs    # Errors  Last Runtime    Last Run               Last # of DB Queries
-----------------------------------------  -----  ---------  --------  ----------  --------------  -------------------  ----------------------
/home/minhle/mlops/dags/model_training.py                           1           0  1.72s           2025-04-23T09:23:59                      12
/home/minhle/mlops/dags/data_pipeline.py                            1           0  0.81s           2025-04-23T09:23:29                      12
================================================================================
[2025-04-23T16:24:31.305+0700] {manager.py:997} INFO - 
================================================================================
DAG File Processing Stats

File Path                                  PID    Runtime      # DAGs    # Errors  Last Runtime    Last Run               Last # of DB Queries
-----------------------------------------  -----  ---------  --------  ----------  --------------  -------------------  ----------------------
/home/minhle/mlops/dags/model_training.py                           1           0  1.81s           2025-04-23T09:24:31                      12
/home/minhle/mlops/dags/data_pipeline.py                            1           0  0.81s           2025-04-23T09:24:01                      12
================================================================================
[2025-04-23T16:25:03.183+0700] {manager.py:997} INFO - 
================================================================================
DAG File Processing Stats

File Path                                  PID    Runtime      # DAGs    # Errors  Last Runtime    Last Run               Last # of DB Queries
-----------------------------------------  -----  ---------  --------  ----------  --------------  -------------------  ----------------------
/home/minhle/mlops/dags/model_training.py                           1           0  1.81s           2025-04-23T09:25:03                      12
/home/minhle/mlops/dags/data_pipeline.py                            1           0  0.72s           2025-04-23T09:24:33                      12
================================================================================
[2025-04-23T16:25:35.059+0700] {manager.py:997} INFO - 
================================================================================
DAG File Processing Stats

File Path                                  PID    Runtime      # DAGs    # Errors  Last Runtime    Last Run               Last # of DB Queries
-----------------------------------------  -----  ---------  --------  ----------  --------------  -------------------  ----------------------
/home/minhle/mlops/dags/model_training.py                           1           0  1.81s           2025-04-23T09:25:35                      12
/home/minhle/mlops/dags/data_pipeline.py                            1           0  0.71s           2025-04-23T09:25:04                      12
================================================================================
[2025-04-23T16:26:06.936+0700] {manager.py:997} INFO - 
================================================================================
DAG File Processing Stats

File Path                                  PID    Runtime      # DAGs    # Errors  Last Runtime    Last Run               Last # of DB Queries
-----------------------------------------  -----  ---------  --------  ----------  --------------  -------------------  ----------------------
/home/minhle/mlops/dags/model_training.py                           1           0  1.81s           2025-04-23T09:26:06                      12
/home/minhle/mlops/dags/data_pipeline.py                            1           0  0.80s           2025-04-23T09:25:36                      12
================================================================================
[2025-04-23T16:26:38.744+0700] {manager.py:997} INFO - 
================================================================================
DAG File Processing Stats

File Path                                  PID    Runtime      # DAGs    # Errors  Last Runtime    Last Run               Last # of DB Queries
-----------------------------------------  -----  ---------  --------  ----------  --------------  -------------------  ----------------------
/home/minhle/mlops/dags/model_training.py                           1           0  1.72s           2025-04-23T09:26:38                      12
/home/minhle/mlops/dags/data_pipeline.py                            1           0  0.81s           2025-04-23T09:26:08                      12
================================================================================
[2025-04-23T16:27:10.513+0700] {manager.py:997} INFO - 
================================================================================
DAG File Processing Stats

File Path                                  PID    Runtime      # DAGs    # Errors  Last Runtime    Last Run               Last # of DB Queries
-----------------------------------------  -----  ---------  --------  ----------  --------------  -------------------  ----------------------
/home/minhle/mlops/dags/model_training.py                           1           0  1.71s           2025-04-23T09:27:10                      12
/home/minhle/mlops/dags/data_pipeline.py                            1           0  0.71s           2025-04-23T09:26:40                      12
================================================================================
[2025-04-23T16:27:16.802+0700] {manager.py:821} INFO - Searching for files in /home/minhle/mlops/dags
[2025-04-23T16:27:16.804+0700] {manager.py:824} INFO - There are 2 files in /home/minhle/mlops/dags
[2025-04-23T16:27:42.394+0700] {manager.py:997} INFO - 
================================================================================
DAG File Processing Stats

File Path                                  PID    Runtime      # DAGs    # Errors  Last Runtime    Last Run               Last # of DB Queries
-----------------------------------------  -----  ---------  --------  ----------  --------------  -------------------  ----------------------
/home/minhle/mlops/dags/model_training.py                           1           0  1.81s           2025-04-23T09:27:42                      12
/home/minhle/mlops/dags/data_pipeline.py                            1           0  0.80s           2025-04-23T09:27:12                      12
================================================================================
[2025-04-23T16:28:14.183+0700] {manager.py:997} INFO - 
================================================================================
DAG File Processing Stats

File Path                                  PID    Runtime      # DAGs    # Errors  Last Runtime    Last Run               Last # of DB Queries
-----------------------------------------  -----  ---------  --------  ----------  --------------  -------------------  ----------------------
/home/minhle/mlops/dags/model_training.py                           1           0  1.71s           2025-04-23T09:28:14                      12
/home/minhle/mlops/dags/data_pipeline.py                            1           0  0.81s           2025-04-23T09:27:44                      12
================================================================================
[2025-04-23T16:28:46.064+0700] {manager.py:997} INFO - 
================================================================================
DAG File Processing Stats

File Path                                  PID    Runtime      # DAGs    # Errors  Last Runtime    Last Run               Last # of DB Queries
-----------------------------------------  -----  ---------  --------  ----------  --------------  -------------------  ----------------------
/home/minhle/mlops/dags/model_training.py                           1           0  1.81s           2025-04-23T09:28:46                      12
/home/minhle/mlops/dags/data_pipeline.py                            1           0  0.81s           2025-04-23T09:28:16                      12
================================================================================
[2025-04-23T16:29:17.952+0700] {manager.py:997} INFO - 
================================================================================
DAG File Processing Stats

File Path                                  PID    Runtime      # DAGs    # Errors  Last Runtime    Last Run               Last # of DB Queries
-----------------------------------------  -----  ---------  --------  ----------  --------------  -------------------  ----------------------
/home/minhle/mlops/dags/model_training.py                           1           0  1.81s           2025-04-23T09:29:17                      12
/home/minhle/mlops/dags/data_pipeline.py                            1           0  0.72s           2025-04-23T09:28:47                      12
================================================================================
[2025-04-23T16:29:49.726+0700] {manager.py:997} INFO - 
================================================================================
DAG File Processing Stats

File Path                                  PID    Runtime      # DAGs    # Errors  Last Runtime    Last Run               Last # of DB Queries
-----------------------------------------  -----  ---------  --------  ----------  --------------  -------------------  ----------------------
/home/minhle/mlops/dags/model_training.py                           1           0  1.71s           2025-04-23T09:29:49                      12
/home/minhle/mlops/dags/data_pipeline.py                            1           0  0.80s           2025-04-23T09:29:19                      12
================================================================================
[2025-04-23T16:30:21.504+0700] {manager.py:997} INFO - 
================================================================================
DAG File Processing Stats

File Path                                  PID    Runtime      # DAGs    # Errors  Last Runtime    Last Run               Last # of DB Queries
-----------------------------------------  -----  ---------  --------  ----------  --------------  -------------------  ----------------------
/home/minhle/mlops/dags/model_training.py                           1           0  1.72s           2025-04-23T09:30:21                      12
/home/minhle/mlops/dags/data_pipeline.py                            1           0  0.81s           2025-04-23T09:29:51                      12
================================================================================
[2025-04-23T16:30:53.377+0700] {manager.py:997} INFO - 
================================================================================
DAG File Processing Stats

File Path                                  PID    Runtime      # DAGs    # Errors  Last Runtime    Last Run               Last # of DB Queries
-----------------------------------------  -----  ---------  --------  ----------  --------------  -------------------  ----------------------
/home/minhle/mlops/dags/model_training.py                           1           0  1.81s           2025-04-23T09:30:53                      12
/home/minhle/mlops/dags/data_pipeline.py                            1           0  0.81s           2025-04-23T09:30:23                      12
================================================================================
[2025-04-23T16:31:25.152+0700] {manager.py:997} INFO - 
================================================================================
DAG File Processing Stats

File Path                                  PID    Runtime      # DAGs    # Errors  Last Runtime    Last Run               Last # of DB Queries
-----------------------------------------  -----  ---------  --------  ----------  --------------  -------------------  ----------------------
/home/minhle/mlops/dags/model_training.py                           1           0  1.71s           2025-04-23T09:31:25                      12
/home/minhle/mlops/dags/data_pipeline.py                            1           0  0.81s           2025-04-23T09:30:55                      12
================================================================================
[2025-04-23T16:31:57.019+0700] {manager.py:997} INFO - 
================================================================================
DAG File Processing Stats

File Path                                  PID    Runtime      # DAGs    # Errors  Last Runtime    Last Run               Last # of DB Queries
-----------------------------------------  -----  ---------  --------  ----------  --------------  -------------------  ----------------------
/home/minhle/mlops/dags/model_training.py                           1           0  1.81s           2025-04-23T09:31:57                      12
/home/minhle/mlops/dags/data_pipeline.py                            1           0  0.81s           2025-04-23T09:31:27                      12
================================================================================
[2025-04-23T16:32:17.085+0700] {manager.py:821} INFO - Searching for files in /home/minhle/mlops/dags
[2025-04-23T16:32:17.087+0700] {manager.py:824} INFO - There are 2 files in /home/minhle/mlops/dags
[2025-04-23T16:32:28.906+0700] {manager.py:997} INFO - 
================================================================================
DAG File Processing Stats

File Path                                  PID    Runtime      # DAGs    # Errors  Last Runtime    Last Run               Last # of DB Queries
-----------------------------------------  -----  ---------  --------  ----------  --------------  -------------------  ----------------------
/home/minhle/mlops/dags/model_training.py                           1           0  1.81s           2025-04-23T09:32:28                      12
/home/minhle/mlops/dags/data_pipeline.py                            1           0  0.81s           2025-04-23T09:31:58                      12
================================================================================
[2025-04-23T16:33:00.682+0700] {manager.py:997} INFO - 
================================================================================
DAG File Processing Stats

File Path                                  PID    Runtime      # DAGs    # Errors  Last Runtime    Last Run               Last # of DB Queries
-----------------------------------------  -----  ---------  --------  ----------  --------------  -------------------  ----------------------
/home/minhle/mlops/dags/model_training.py                           1           0  1.73s           2025-04-23T09:33:00                      12
/home/minhle/mlops/dags/data_pipeline.py                            1           0  0.73s           2025-04-23T09:32:30                      12
================================================================================
[2025-04-23T16:33:32.547+0700] {manager.py:997} INFO - 
================================================================================
DAG File Processing Stats

File Path                                  PID    Runtime      # DAGs    # Errors  Last Runtime    Last Run               Last # of DB Queries
-----------------------------------------  -----  ---------  --------  ----------  --------------  -------------------  ----------------------
/home/minhle/mlops/dags/model_training.py                           1           0  1.81s           2025-04-23T09:33:32                      12
/home/minhle/mlops/dags/data_pipeline.py                            1           0  0.81s           2025-04-23T09:33:02                      12
================================================================================
[2025-04-23T16:34:04.423+0700] {manager.py:997} INFO - 
================================================================================
DAG File Processing Stats

File Path                                  PID    Runtime      # DAGs    # Errors  Last Runtime    Last Run               Last # of DB Queries
-----------------------------------------  -----  ---------  --------  ----------  --------------  -------------------  ----------------------
/home/minhle/mlops/dags/model_training.py                           1           0  1.81s           2025-04-23T09:34:04                      12
/home/minhle/mlops/dags/data_pipeline.py                            1           0  0.81s           2025-04-23T09:33:34                      12
================================================================================
[2025-04-23T16:34:36.220+0700] {manager.py:997} INFO - 
================================================================================
DAG File Processing Stats

File Path                                  PID    Runtime      # DAGs    # Errors  Last Runtime    Last Run               Last # of DB Queries
-----------------------------------------  -----  ---------  --------  ----------  --------------  -------------------  ----------------------
/home/minhle/mlops/dags/model_training.py                           1           0  1.72s           2025-04-23T09:34:36                      12
/home/minhle/mlops/dags/data_pipeline.py                            1           0  0.71s           2025-04-23T09:34:06                      12
================================================================================
[2025-04-23T16:35:08.488+0700] {manager.py:997} INFO - 
================================================================================
DAG File Processing Stats

File Path                                  PID    Runtime      # DAGs    # Errors  Last Runtime    Last Run               Last # of DB Queries
-----------------------------------------  -----  ---------  --------  ----------  --------------  -------------------  ----------------------
/home/minhle/mlops/dags/model_training.py                           1           0  2.21s           2025-04-23T09:35:08                      12
/home/minhle/mlops/dags/data_pipeline.py                            1           0  0.81s           2025-04-23T09:34:38                      12
================================================================================
[2025-04-23T16:35:40.358+0700] {manager.py:997} INFO - 
================================================================================
DAG File Processing Stats

File Path                                  PID    Runtime      # DAGs    # Errors  Last Runtime    Last Run               Last # of DB Queries
-----------------------------------------  -----  ---------  --------  ----------  --------------  -------------------  ----------------------
/home/minhle/mlops/dags/model_training.py                           1           0  1.81s           2025-04-23T09:35:40                      12
/home/minhle/mlops/dags/data_pipeline.py                            1           0  0.71s           2025-04-23T09:35:09                      12
================================================================================
[2025-04-23T16:36:12.242+0700] {manager.py:997} INFO - 
================================================================================
DAG File Processing Stats

File Path                                  PID    Runtime      # DAGs    # Errors  Last Runtime    Last Run               Last # of DB Queries
-----------------------------------------  -----  ---------  --------  ----------  --------------  -------------------  ----------------------
/home/minhle/mlops/dags/model_training.py                           1           0  1.81s           2025-04-23T09:36:12                      12
/home/minhle/mlops/dags/data_pipeline.py                            1           0  0.72s           2025-04-23T09:35:42                      12
================================================================================
[2025-04-23T16:36:44.005+0700] {manager.py:997} INFO - 
================================================================================
DAG File Processing Stats

File Path                                  PID    Runtime      # DAGs    # Errors  Last Runtime    Last Run               Last # of DB Queries
-----------------------------------------  -----  ---------  --------  ----------  --------------  -------------------  ----------------------
/home/minhle/mlops/dags/model_training.py                           1           0  1.71s           2025-04-23T09:36:44                      12
/home/minhle/mlops/dags/data_pipeline.py                            1           0  0.81s           2025-04-23T09:36:14                      12
================================================================================
[2025-04-23T16:37:15.796+0700] {manager.py:997} INFO - 
================================================================================
DAG File Processing Stats

File Path                                  PID    Runtime      # DAGs    # Errors  Last Runtime    Last Run               Last # of DB Queries
-----------------------------------------  -----  ---------  --------  ----------  --------------  -------------------  ----------------------
/home/minhle/mlops/dags/model_training.py                           1           0  1.73s           2025-04-23T09:37:15                      12
/home/minhle/mlops/dags/data_pipeline.py                            1           0  0.81s           2025-04-23T09:36:45                      12
================================================================================
[2025-04-23T16:37:18.050+0700] {manager.py:821} INFO - Searching for files in /home/minhle/mlops/dags
[2025-04-23T16:37:18.052+0700] {manager.py:824} INFO - There are 2 files in /home/minhle/mlops/dags
[2025-04-23T16:37:47.575+0700] {manager.py:997} INFO - 
================================================================================
DAG File Processing Stats

File Path                                  PID    Runtime      # DAGs    # Errors  Last Runtime    Last Run               Last # of DB Queries
-----------------------------------------  -----  ---------  --------  ----------  --------------  -------------------  ----------------------
/home/minhle/mlops/dags/model_training.py                           1           0  1.71s           2025-04-23T09:37:47                      12
/home/minhle/mlops/dags/data_pipeline.py                            1           0  0.81s           2025-04-23T09:37:17                      12
================================================================================
[2025-04-23T16:38:19.369+0700] {manager.py:997} INFO - 
================================================================================
DAG File Processing Stats

File Path                                  PID    Runtime      # DAGs    # Errors  Last Runtime    Last Run               Last # of DB Queries
-----------------------------------------  -----  ---------  --------  ----------  --------------  -------------------  ----------------------
/home/minhle/mlops/dags/model_training.py                           1           0  1.73s           2025-04-23T09:38:19                      12
/home/minhle/mlops/dags/data_pipeline.py                            1           0  0.81s           2025-04-23T09:37:49                      12
================================================================================
[2025-04-23T16:38:51.162+0700] {manager.py:997} INFO - 
================================================================================
DAG File Processing Stats

File Path                                  PID    Runtime      # DAGs    # Errors  Last Runtime    Last Run               Last # of DB Queries
-----------------------------------------  -----  ---------  --------  ----------  --------------  -------------------  ----------------------
/home/minhle/mlops/dags/model_training.py                           1           0  1.72s           2025-04-23T09:38:51                      12
/home/minhle/mlops/dags/data_pipeline.py                            1           0  0.72s           2025-04-23T09:38:21                      12
================================================================================
[2025-04-23T16:39:22.949+0700] {manager.py:997} INFO - 
================================================================================
DAG File Processing Stats

File Path                                  PID    Runtime      # DAGs    # Errors  Last Runtime    Last Run               Last # of DB Queries
-----------------------------------------  -----  ---------  --------  ----------  --------------  -------------------  ----------------------
/home/minhle/mlops/dags/model_training.py                           1           0  1.72s           2025-04-23T09:39:22                      12
/home/minhle/mlops/dags/data_pipeline.py                            1           0  0.81s           2025-04-23T09:38:53                      12
================================================================================
[2025-04-23T16:39:56.444+0700] {manager.py:997} INFO - 
================================================================================
DAG File Processing Stats

File Path                                  PID    Runtime      # DAGs    # Errors  Last Runtime    Last Run               Last # of DB Queries
-----------------------------------------  -----  ---------  --------  ----------  --------------  -------------------  ----------------------
/home/minhle/mlops/dags/model_training.py                           1           0  1.81s           2025-04-23T09:39:56                      12
/home/minhle/mlops/dags/data_pipeline.py                            1           0  0.81s           2025-04-23T09:39:24                      12
================================================================================
[2025-04-23T16:40:29.212+0700] {manager.py:997} INFO - 
================================================================================
DAG File Processing Stats

File Path                                  PID    Runtime      # DAGs    # Errors  Last Runtime    Last Run               Last # of DB Queries
-----------------------------------------  -----  ---------  --------  ----------  --------------  -------------------  ----------------------
/home/minhle/mlops/dags/model_training.py                           1           0  2.01s           2025-04-23T09:40:29                      12
/home/minhle/mlops/dags/data_pipeline.py                            1           0  0.81s           2025-04-23T09:39:58                      12
================================================================================
[2025-04-23T16:41:02.001+0700] {manager.py:997} INFO - 
================================================================================
DAG File Processing Stats

File Path                                  PID    Runtime      # DAGs    # Errors  Last Runtime    Last Run               Last # of DB Queries
-----------------------------------------  -----  ---------  --------  ----------  --------------  -------------------  ----------------------
/home/minhle/mlops/dags/model_training.py                           1           0  2.11s           2025-04-23T09:41:02                      12
/home/minhle/mlops/dags/data_pipeline.py                            1           0  0.72s           2025-04-23T09:40:30                      12
================================================================================
[2025-04-23T16:41:34.168+0700] {manager.py:997} INFO - 
================================================================================
DAG File Processing Stats

File Path                                  PID    Runtime      # DAGs    # Errors  Last Runtime    Last Run               Last # of DB Queries
-----------------------------------------  -----  ---------  --------  ----------  --------------  -------------------  ----------------------
/home/minhle/mlops/dags/model_training.py                           1           0  1.81s           2025-04-23T09:41:34                      12
/home/minhle/mlops/dags/data_pipeline.py                            1           0  0.81s           2025-04-23T09:41:03                      12
================================================================================
[2025-04-23T16:42:06.885+0700] {manager.py:997} INFO - 
================================================================================
DAG File Processing Stats

File Path                                  PID    Runtime      # DAGs    # Errors  Last Runtime    Last Run               Last # of DB Queries
-----------------------------------------  -----  ---------  --------  ----------  --------------  -------------------  ----------------------
/home/minhle/mlops/dags/model_training.py                           1           0  1.73s           2025-04-23T09:42:06                      12
/home/minhle/mlops/dags/data_pipeline.py                            1           0  0.81s           2025-04-23T09:41:35                      12
================================================================================
[2025-04-23T16:42:18.969+0700] {manager.py:821} INFO - Searching for files in /home/minhle/mlops/dags
[2025-04-23T16:42:18.971+0700] {manager.py:824} INFO - There are 2 files in /home/minhle/mlops/dags
[2025-04-23T16:42:38.788+0700] {manager.py:997} INFO - 
================================================================================
DAG File Processing Stats

File Path                                  PID    Runtime      # DAGs    # Errors  Last Runtime    Last Run               Last # of DB Queries
-----------------------------------------  -----  ---------  --------  ----------  --------------  -------------------  ----------------------
/home/minhle/mlops/dags/model_training.py                           1           0  1.81s           2025-04-23T09:42:38                      12
/home/minhle/mlops/dags/data_pipeline.py                            1           0  0.81s           2025-04-23T09:42:08                      12
================================================================================
[2025-04-23T16:43:10.731+0700] {manager.py:997} INFO - 
================================================================================
DAG File Processing Stats

File Path                                  PID    Runtime      # DAGs    # Errors  Last Runtime    Last Run               Last # of DB Queries
-----------------------------------------  -----  ---------  --------  ----------  --------------  -------------------  ----------------------
/home/minhle/mlops/dags/model_training.py                           1           0  1.81s           2025-04-23T09:43:10                      12
/home/minhle/mlops/dags/data_pipeline.py                            1           0  0.81s           2025-04-23T09:42:40                      12
================================================================================
[2025-04-23T16:43:42.507+0700] {manager.py:997} INFO - 
================================================================================
DAG File Processing Stats

File Path                                  PID    Runtime      # DAGs    # Errors  Last Runtime    Last Run               Last # of DB Queries
-----------------------------------------  -----  ---------  --------  ----------  --------------  -------------------  ----------------------
/home/minhle/mlops/dags/model_training.py                           1           0  1.70s           2025-04-23T09:43:42                      12
/home/minhle/mlops/dags/data_pipeline.py                            1           0  0.81s           2025-04-23T09:43:12                      12
================================================================================
[2025-04-23T16:44:14.396+0700] {manager.py:997} INFO - 
================================================================================
DAG File Processing Stats

File Path                                  PID    Runtime      # DAGs    # Errors  Last Runtime    Last Run               Last # of DB Queries
-----------------------------------------  -----  ---------  --------  ----------  --------------  -------------------  ----------------------
/home/minhle/mlops/dags/model_training.py                           1           0  1.81s           2025-04-23T09:44:14                      12
/home/minhle/mlops/dags/data_pipeline.py                            1           0  0.81s           2025-04-23T09:43:44                      12
================================================================================
[2025-04-23T16:44:46.170+0700] {manager.py:997} INFO - 
================================================================================
DAG File Processing Stats

File Path                                  PID    Runtime      # DAGs    # Errors  Last Runtime    Last Run               Last # of DB Queries
-----------------------------------------  -----  ---------  --------  ----------  --------------  -------------------  ----------------------
/home/minhle/mlops/dags/model_training.py                           1           0  1.71s           2025-04-23T09:44:46                      12
/home/minhle/mlops/dags/data_pipeline.py                            1           0  0.81s           2025-04-23T09:44:16                      12
================================================================================
[2025-04-23T16:45:17.965+0700] {manager.py:997} INFO - 
================================================================================
DAG File Processing Stats

File Path                                  PID    Runtime      # DAGs    # Errors  Last Runtime    Last Run               Last # of DB Queries
-----------------------------------------  -----  ---------  --------  ----------  --------------  -------------------  ----------------------
/home/minhle/mlops/dags/model_training.py                           1           0  1.72s           2025-04-23T09:45:17                      12
/home/minhle/mlops/dags/data_pipeline.py                            1           0  0.81s           2025-04-23T09:44:47                      12
================================================================================
[2025-04-23T16:45:49.754+0700] {manager.py:997} INFO - 
================================================================================
DAG File Processing Stats

File Path                                  PID    Runtime      # DAGs    # Errors  Last Runtime    Last Run               Last # of DB Queries
-----------------------------------------  -----  ---------  --------  ----------  --------------  -------------------  ----------------------
/home/minhle/mlops/dags/model_training.py                           1           0  1.72s           2025-04-23T09:45:49                      12
/home/minhle/mlops/dags/data_pipeline.py                            1           0  0.72s           2025-04-23T09:45:18                      12
================================================================================
[2025-04-23T16:46:21.712+0700] {manager.py:997} INFO - 
================================================================================
DAG File Processing Stats

File Path                                  PID    Runtime      # DAGs    # Errors  Last Runtime    Last Run               Last # of DB Queries
-----------------------------------------  -----  ---------  --------  ----------  --------------  -------------------  ----------------------
/home/minhle/mlops/dags/model_training.py                           1           0  1.81s           2025-04-23T09:46:21                      12
/home/minhle/mlops/dags/data_pipeline.py                            1           0  0.80s           2025-04-23T09:45:51                      12
================================================================================
[2025-04-23T16:46:53.651+0700] {manager.py:997} INFO - 
================================================================================
DAG File Processing Stats

File Path                                  PID    Runtime      # DAGs    # Errors  Last Runtime    Last Run               Last # of DB Queries
-----------------------------------------  -----  ---------  --------  ----------  --------------  -------------------  ----------------------
/home/minhle/mlops/dags/model_training.py                           1           0  1.81s           2025-04-23T09:46:53                      12
/home/minhle/mlops/dags/data_pipeline.py                            1           0  0.72s           2025-04-23T09:46:23                      12
================================================================================
[2025-04-23T16:47:19.021+0700] {manager.py:821} INFO - Searching for files in /home/minhle/mlops/dags
[2025-04-23T16:47:19.024+0700] {manager.py:824} INFO - There are 2 files in /home/minhle/mlops/dags
[2025-04-23T16:47:25.606+0700] {manager.py:997} INFO - 
================================================================================
DAG File Processing Stats

File Path                                  PID    Runtime      # DAGs    # Errors  Last Runtime    Last Run               Last # of DB Queries
-----------------------------------------  -----  ---------  --------  ----------  --------------  -------------------  ----------------------
/home/minhle/mlops/dags/model_training.py                           1           0  1.81s           2025-04-23T09:47:25                      12
/home/minhle/mlops/dags/data_pipeline.py                            1           0  0.72s           2025-04-23T09:46:55                      12
================================================================================
[2025-04-23T16:47:57.652+0700] {manager.py:997} INFO - 
================================================================================
DAG File Processing Stats

File Path                                  PID    Runtime      # DAGs    # Errors  Last Runtime    Last Run               Last # of DB Queries
-----------------------------------------  -----  ---------  --------  ----------  --------------  -------------------  ----------------------
/home/minhle/mlops/dags/model_training.py                           1           0  1.81s           2025-04-23T09:47:57                      12
/home/minhle/mlops/dags/data_pipeline.py                            1           0  0.81s           2025-04-23T09:47:27                      12
================================================================================
[2025-04-23T16:48:29.496+0700] {manager.py:997} INFO - 
================================================================================
DAG File Processing Stats

File Path                                  PID    Runtime      # DAGs    # Errors  Last Runtime    Last Run               Last # of DB Queries
-----------------------------------------  -----  ---------  --------  ----------  --------------  -------------------  ----------------------
/home/minhle/mlops/dags/model_training.py                           1           0  1.71s           2025-04-23T09:48:29                      12
/home/minhle/mlops/dags/data_pipeline.py                            1           0  0.81s           2025-04-23T09:47:59                      12
================================================================================
[2025-04-23T16:49:01.417+0700] {manager.py:997} INFO - 
================================================================================
DAG File Processing Stats

File Path                                  PID    Runtime      # DAGs    # Errors  Last Runtime    Last Run               Last # of DB Queries
-----------------------------------------  -----  ---------  --------  ----------  --------------  -------------------  ----------------------
/home/minhle/mlops/dags/model_training.py                           1           0  1.81s           2025-04-23T09:49:01                      12
/home/minhle/mlops/dags/data_pipeline.py                            1           0  0.81s           2025-04-23T09:48:31                      12
================================================================================
[2025-04-23T16:49:33.344+0700] {manager.py:997} INFO - 
================================================================================
DAG File Processing Stats

File Path                                  PID    Runtime      # DAGs    # Errors  Last Runtime    Last Run               Last # of DB Queries
-----------------------------------------  -----  ---------  --------  ----------  --------------  -------------------  ----------------------
/home/minhle/mlops/dags/model_training.py                           1           0  1.81s           2025-04-23T09:49:33                      12
/home/minhle/mlops/dags/data_pipeline.py                            1           0  0.81s           2025-04-23T09:49:02                      12
================================================================================
[2025-04-23T16:50:05.278+0700] {manager.py:997} INFO - 
================================================================================
DAG File Processing Stats

File Path                                  PID    Runtime      # DAGs    # Errors  Last Runtime    Last Run               Last # of DB Queries
-----------------------------------------  -----  ---------  --------  ----------  --------------  -------------------  ----------------------
/home/minhle/mlops/dags/model_training.py                           1           0  1.81s           2025-04-23T09:50:05                      12
/home/minhle/mlops/dags/data_pipeline.py                            1           0  0.81s           2025-04-23T09:49:35                      12
================================================================================
[2025-04-23T16:50:37.317+0700] {manager.py:997} INFO - 
================================================================================
DAG File Processing Stats

File Path                                  PID    Runtime      # DAGs    # Errors  Last Runtime    Last Run               Last # of DB Queries
-----------------------------------------  -----  ---------  --------  ----------  --------------  -------------------  ----------------------
/home/minhle/mlops/dags/model_training.py                           1           0  1.81s           2025-04-23T09:50:37                      12
/home/minhle/mlops/dags/data_pipeline.py                            1           0  0.80s           2025-04-23T09:50:07                      12
================================================================================
[2025-04-23T16:51:09.170+0700] {manager.py:997} INFO - 
================================================================================
DAG File Processing Stats

File Path                                  PID    Runtime      # DAGs    # Errors  Last Runtime    Last Run               Last # of DB Queries
-----------------------------------------  -----  ---------  --------  ----------  --------------  -------------------  ----------------------
/home/minhle/mlops/dags/model_training.py                           1           0  1.81s           2025-04-23T09:51:09                      12
/home/minhle/mlops/dags/data_pipeline.py                            1           0  0.81s           2025-04-23T09:50:39                      12
================================================================================
[2025-04-23T16:51:41.035+0700] {manager.py:997} INFO - 
================================================================================
DAG File Processing Stats

File Path                                  PID    Runtime      # DAGs    # Errors  Last Runtime    Last Run               Last # of DB Queries
-----------------------------------------  -----  ---------  --------  ----------  --------------  -------------------  ----------------------
/home/minhle/mlops/dags/model_training.py                           1           0  1.71s           2025-04-23T09:51:41                      12
/home/minhle/mlops/dags/data_pipeline.py                            1           0  0.72s           2025-04-23T09:51:11                      12
================================================================================
[2025-04-23T16:52:12.950+0700] {manager.py:997} INFO - 
================================================================================
DAG File Processing Stats

File Path                                  PID    Runtime      # DAGs    # Errors  Last Runtime    Last Run               Last # of DB Queries
-----------------------------------------  -----  ---------  --------  ----------  --------------  -------------------  ----------------------
/home/minhle/mlops/dags/model_training.py                           1           0  1.81s           2025-04-23T09:52:12                      12
/home/minhle/mlops/dags/data_pipeline.py                            1           0  0.81s           2025-04-23T09:51:42                      12
================================================================================
[2025-04-23T16:52:19.146+0700] {manager.py:821} INFO - Searching for files in /home/minhle/mlops/dags
[2025-04-23T16:52:19.149+0700] {manager.py:824} INFO - There are 2 files in /home/minhle/mlops/dags
[2025-04-23T16:52:44.810+0700] {manager.py:997} INFO - 
================================================================================
DAG File Processing Stats

File Path                                  PID    Runtime      # DAGs    # Errors  Last Runtime    Last Run               Last # of DB Queries
-----------------------------------------  -----  ---------  --------  ----------  --------------  -------------------  ----------------------
/home/minhle/mlops/dags/model_training.py                           1           0  1.72s           2025-04-23T09:52:44                      12
/home/minhle/mlops/dags/data_pipeline.py                            1           0  0.81s           2025-04-23T09:52:14                      12
================================================================================
[2025-04-23T16:53:16.674+0700] {manager.py:997} INFO - 
================================================================================
DAG File Processing Stats

File Path                                  PID    Runtime      # DAGs    # Errors  Last Runtime    Last Run               Last # of DB Queries
-----------------------------------------  -----  ---------  --------  ----------  --------------  -------------------  ----------------------
/home/minhle/mlops/dags/model_training.py                           1           0  1.71s           2025-04-23T09:53:16                      12
/home/minhle/mlops/dags/data_pipeline.py                            1           0  0.72s           2025-04-23T09:52:46                      12
================================================================================
[2025-04-23T16:53:48.630+0700] {manager.py:997} INFO - 
================================================================================
DAG File Processing Stats

File Path                                  PID    Runtime      # DAGs    # Errors  Last Runtime    Last Run               Last # of DB Queries
-----------------------------------------  -----  ---------  --------  ----------  --------------  -------------------  ----------------------
/home/minhle/mlops/dags/model_training.py                           1           0  1.81s           2025-04-23T09:53:48                      12
/home/minhle/mlops/dags/data_pipeline.py                            1           0  0.81s           2025-04-23T09:53:18                      12
================================================================================
[2025-04-23T16:54:20.529+0700] {manager.py:997} INFO - 
================================================================================
DAG File Processing Stats

File Path                                  PID    Runtime      # DAGs    # Errors  Last Runtime    Last Run               Last # of DB Queries
-----------------------------------------  -----  ---------  --------  ----------  --------------  -------------------  ----------------------
/home/minhle/mlops/dags/model_training.py                           1           0  1.71s           2025-04-23T09:54:20                      12
/home/minhle/mlops/dags/data_pipeline.py                            1           0  0.81s           2025-04-23T09:53:50                      12
================================================================================
[2025-04-23T16:54:52.458+0700] {manager.py:997} INFO - 
================================================================================
DAG File Processing Stats

File Path                                  PID    Runtime      # DAGs    # Errors  Last Runtime    Last Run               Last # of DB Queries
-----------------------------------------  -----  ---------  --------  ----------  --------------  -------------------  ----------------------
/home/minhle/mlops/dags/model_training.py                           1           0  1.81s           2025-04-23T09:54:52                      12
/home/minhle/mlops/dags/data_pipeline.py                            1           0  0.91s           2025-04-23T09:54:22                      12
================================================================================
[2025-04-23T16:55:24.392+0700] {manager.py:997} INFO - 
================================================================================
DAG File Processing Stats

File Path                                  PID    Runtime      # DAGs    # Errors  Last Runtime    Last Run               Last # of DB Queries
-----------------------------------------  -----  ---------  --------  ----------  --------------  -------------------  ----------------------
/home/minhle/mlops/dags/model_training.py                           1           0  1.81s           2025-04-23T09:55:24                      12
/home/minhle/mlops/dags/data_pipeline.py                            1           0  0.81s           2025-04-23T09:54:54                      12
================================================================================
[2025-04-23T16:55:56.721+0700] {manager.py:997} INFO - 
================================================================================
DAG File Processing Stats

File Path                                  PID    Runtime      # DAGs    # Errors  Last Runtime    Last Run               Last # of DB Queries
-----------------------------------------  -----  ---------  --------  ----------  --------------  -------------------  ----------------------
/home/minhle/mlops/dags/model_training.py                           1           0  2.21s           2025-04-23T09:55:56                      12
/home/minhle/mlops/dags/data_pipeline.py                            1           0  0.81s           2025-04-23T09:55:26                      12
================================================================================
[2025-04-23T16:56:28.673+0700] {manager.py:997} INFO - 
================================================================================
DAG File Processing Stats

File Path                                  PID    Runtime      # DAGs    # Errors  Last Runtime    Last Run               Last # of DB Queries
-----------------------------------------  -----  ---------  --------  ----------  --------------  -------------------  ----------------------
/home/minhle/mlops/dags/model_training.py                           1           0  1.81s           2025-04-23T09:56:28                      12
/home/minhle/mlops/dags/data_pipeline.py                            1           0  0.72s           2025-04-23T09:55:58                      12
================================================================================
[2025-04-23T16:57:00.608+0700] {manager.py:997} INFO - 
================================================================================
DAG File Processing Stats

File Path                                  PID    Runtime      # DAGs    # Errors  Last Runtime    Last Run               Last # of DB Queries
-----------------------------------------  -----  ---------  --------  ----------  --------------  -------------------  ----------------------
/home/minhle/mlops/dags/model_training.py                           1           0  1.81s           2025-04-23T09:57:00                      12
/home/minhle/mlops/dags/data_pipeline.py                            1           0  0.81s           2025-04-23T09:56:30                      12
================================================================================
[2025-04-23T16:57:19.921+0700] {manager.py:821} INFO - Searching for files in /home/minhle/mlops/dags
[2025-04-23T16:57:19.924+0700] {manager.py:824} INFO - There are 2 files in /home/minhle/mlops/dags
[2025-04-23T16:57:32.454+0700] {manager.py:997} INFO - 
================================================================================
DAG File Processing Stats

File Path                                  PID    Runtime      # DAGs    # Errors  Last Runtime    Last Run               Last # of DB Queries
-----------------------------------------  -----  ---------  --------  ----------  --------------  -------------------  ----------------------
/home/minhle/mlops/dags/model_training.py                           1           0  1.72s           2025-04-23T09:57:32                      12
/home/minhle/mlops/dags/data_pipeline.py                            1           0  0.81s           2025-04-23T09:57:02                      12
================================================================================
[2025-04-23T16:58:04.313+0700] {manager.py:997} INFO - 
================================================================================
DAG File Processing Stats

File Path                                  PID    Runtime      # DAGs    # Errors  Last Runtime    Last Run               Last # of DB Queries
-----------------------------------------  -----  ---------  --------  ----------  --------------  -------------------  ----------------------
/home/minhle/mlops/dags/model_training.py                           1           0  1.71s           2025-04-23T09:58:04                      12
/home/minhle/mlops/dags/data_pipeline.py                            1           0  0.81s           2025-04-23T09:57:34                      12
================================================================================
[2025-04-23T16:58:36.243+0700] {manager.py:997} INFO - 
================================================================================
DAG File Processing Stats

File Path                                  PID    Runtime      # DAGs    # Errors  Last Runtime    Last Run               Last # of DB Queries
-----------------------------------------  -----  ---------  --------  ----------  --------------  -------------------  ----------------------
/home/minhle/mlops/dags/model_training.py                           1           0  1.81s           2025-04-23T09:58:36                      12
/home/minhle/mlops/dags/data_pipeline.py                            1           0  0.81s           2025-04-23T09:58:06                      12
================================================================================
[2025-04-23T16:59:08.202+0700] {manager.py:997} INFO - 
================================================================================
DAG File Processing Stats

File Path                                  PID    Runtime      # DAGs    # Errors  Last Runtime    Last Run               Last # of DB Queries
-----------------------------------------  -----  ---------  --------  ----------  --------------  -------------------  ----------------------
/home/minhle/mlops/dags/model_training.py                           1           0  1.81s           2025-04-23T09:59:08                      12
/home/minhle/mlops/dags/data_pipeline.py                            1           0  0.81s           2025-04-23T09:58:38                      12
================================================================================
[2025-04-23T16:59:40.150+0700] {manager.py:997} INFO - 
================================================================================
DAG File Processing Stats

File Path                                  PID    Runtime      # DAGs    # Errors  Last Runtime    Last Run               Last # of DB Queries
-----------------------------------------  -----  ---------  --------  ----------  --------------  -------------------  ----------------------
/home/minhle/mlops/dags/model_training.py                           1           0  1.81s           2025-04-23T09:59:40                      12
/home/minhle/mlops/dags/data_pipeline.py                            1           0  0.81s           2025-04-23T09:59:10                      12
================================================================================
[2025-04-23T17:00:12.106+0700] {manager.py:997} INFO - 
================================================================================
DAG File Processing Stats

File Path                                  PID    Runtime      # DAGs    # Errors  Last Runtime    Last Run               Last # of DB Queries
-----------------------------------------  -----  ---------  --------  ----------  --------------  -------------------  ----------------------
/home/minhle/mlops/dags/model_training.py                           1           0  1.81s           2025-04-23T10:00:12                      12
/home/minhle/mlops/dags/data_pipeline.py                            1           0  0.81s           2025-04-23T09:59:42                      12
================================================================================
[2025-04-23T17:00:44.072+0700] {manager.py:997} INFO - 
================================================================================
DAG File Processing Stats

File Path                                  PID    Runtime      # DAGs    # Errors  Last Runtime    Last Run               Last # of DB Queries
-----------------------------------------  -----  ---------  --------  ----------  --------------  -------------------  ----------------------
/home/minhle/mlops/dags/model_training.py                           1           0  1.81s           2025-04-23T10:00:44                      12
/home/minhle/mlops/dags/data_pipeline.py                            1           0  0.93s           2025-04-23T10:00:14                      12
================================================================================
[2025-04-23T17:01:15.841+0700] {manager.py:997} INFO - 
================================================================================
DAG File Processing Stats

File Path                                  PID    Runtime      # DAGs    # Errors  Last Runtime    Last Run               Last # of DB Queries
-----------------------------------------  -----  ---------  --------  ----------  --------------  -------------------  ----------------------
/home/minhle/mlops/dags/model_training.py                           1           0  1.72s           2025-04-23T10:01:15                      12
/home/minhle/mlops/dags/data_pipeline.py                            1           0  0.81s           2025-04-23T10:00:46                      12
================================================================================
[2025-04-23T17:01:47.664+0700] {manager.py:997} INFO - 
================================================================================
DAG File Processing Stats

File Path                                  PID    Runtime      # DAGs    # Errors  Last Runtime    Last Run               Last # of DB Queries
-----------------------------------------  -----  ---------  --------  ----------  --------------  -------------------  ----------------------
/home/minhle/mlops/dags/model_training.py                           1           0  1.71s           2025-04-23T10:01:47                      12
/home/minhle/mlops/dags/data_pipeline.py                            1           0  0.81s           2025-04-23T10:01:17                      12
================================================================================
[2025-04-23T17:02:19.589+0700] {manager.py:997} INFO - 
================================================================================
DAG File Processing Stats

File Path                                  PID    Runtime      # DAGs    # Errors  Last Runtime    Last Run               Last # of DB Queries
-----------------------------------------  -----  ---------  --------  ----------  --------------  -------------------  ----------------------
/home/minhle/mlops/dags/model_training.py                           1           0  1.81s           2025-04-23T10:02:19                      12
/home/minhle/mlops/dags/data_pipeline.py                            1           0  0.81s           2025-04-23T10:01:49                      12
================================================================================
[2025-04-23T17:02:20.694+0700] {manager.py:821} INFO - Searching for files in /home/minhle/mlops/dags
[2025-04-23T17:02:20.695+0700] {manager.py:824} INFO - There are 2 files in /home/minhle/mlops/dags
[2025-04-23T17:02:51.525+0700] {manager.py:997} INFO - 
================================================================================
DAG File Processing Stats

File Path                                  PID    Runtime      # DAGs    # Errors  Last Runtime    Last Run               Last # of DB Queries
-----------------------------------------  -----  ---------  --------  ----------  --------------  -------------------  ----------------------
/home/minhle/mlops/dags/model_training.py                           1           0  1.81s           2025-04-23T10:02:51                      12
/home/minhle/mlops/dags/data_pipeline.py                            1           0  0.71s           2025-04-23T10:02:21                      12
================================================================================
[2025-04-23T17:03:23.457+0700] {manager.py:997} INFO - 
================================================================================
DAG File Processing Stats

File Path                                  PID    Runtime      # DAGs    # Errors  Last Runtime    Last Run               Last # of DB Queries
-----------------------------------------  -----  ---------  --------  ----------  --------------  -------------------  ----------------------
/home/minhle/mlops/dags/model_training.py                           1           0  1.81s           2025-04-23T10:03:23                      12
/home/minhle/mlops/dags/data_pipeline.py                            1           0  1.01s           2025-04-23T10:02:53                      12
================================================================================
[2025-04-23T17:03:55.419+0700] {manager.py:997} INFO - 
================================================================================
DAG File Processing Stats

File Path                                  PID    Runtime      # DAGs    # Errors  Last Runtime    Last Run               Last # of DB Queries
-----------------------------------------  -----  ---------  --------  ----------  --------------  -------------------  ----------------------
/home/minhle/mlops/dags/model_training.py                           1           0  1.81s           2025-04-23T10:03:55                      12
/home/minhle/mlops/dags/data_pipeline.py                            1           0  0.81s           2025-04-23T10:03:25                      12
================================================================================
[2025-04-23T17:04:27.373+0700] {manager.py:997} INFO - 
================================================================================
DAG File Processing Stats

File Path                                  PID    Runtime      # DAGs    # Errors  Last Runtime    Last Run               Last # of DB Queries
-----------------------------------------  -----  ---------  --------  ----------  --------------  -------------------  ----------------------
/home/minhle/mlops/dags/model_training.py                           1           0  1.72s           2025-04-23T10:04:27                      12
/home/minhle/mlops/dags/data_pipeline.py                            1           0  0.81s           2025-04-23T10:03:57                      12
================================================================================
[2025-04-23T17:04:59.334+0700] {manager.py:997} INFO - 
================================================================================
DAG File Processing Stats

File Path                                  PID    Runtime      # DAGs    # Errors  Last Runtime    Last Run               Last # of DB Queries
-----------------------------------------  -----  ---------  --------  ----------  --------------  -------------------  ----------------------
/home/minhle/mlops/dags/model_training.py                           1           0  1.81s           2025-04-23T10:04:59                      12
/home/minhle/mlops/dags/data_pipeline.py                            1           0  0.81s           2025-04-23T10:04:29                      12
================================================================================
[2025-04-23T17:05:31.303+0700] {manager.py:997} INFO - 
================================================================================
DAG File Processing Stats

File Path                                  PID    Runtime      # DAGs    # Errors  Last Runtime    Last Run               Last # of DB Queries
-----------------------------------------  -----  ---------  --------  ----------  --------------  -------------------  ----------------------
/home/minhle/mlops/dags/model_training.py                           1           0  1.81s           2025-04-23T10:05:31                      12
/home/minhle/mlops/dags/data_pipeline.py                            1           0  0.81s           2025-04-23T10:05:01                      12
================================================================================
[2025-04-23T17:06:03.294+0700] {manager.py:997} INFO - 
================================================================================
DAG File Processing Stats

File Path                                  PID    Runtime      # DAGs    # Errors  Last Runtime    Last Run               Last # of DB Queries
-----------------------------------------  -----  ---------  --------  ----------  --------------  -------------------  ----------------------
/home/minhle/mlops/dags/model_training.py                           1           0  1.81s           2025-04-23T10:06:03                      12
/home/minhle/mlops/dags/data_pipeline.py                            1           0  0.81s           2025-04-23T10:05:33                      12
================================================================================
[2025-04-23T17:06:35.301+0700] {manager.py:997} INFO - 
================================================================================
DAG File Processing Stats

File Path                                  PID    Runtime      # DAGs    # Errors  Last Runtime    Last Run               Last # of DB Queries
-----------------------------------------  -----  ---------  --------  ----------  --------------  -------------------  ----------------------
/home/minhle/mlops/dags/model_training.py                           1           0  1.81s           2025-04-23T10:06:35                      12
/home/minhle/mlops/dags/data_pipeline.py                            1           0  0.81s           2025-04-23T10:06:05                      12
================================================================================
[2025-04-23T17:07:07.271+0700] {manager.py:997} INFO - 
================================================================================
DAG File Processing Stats

File Path                                  PID    Runtime      # DAGs    # Errors  Last Runtime    Last Run               Last # of DB Queries
-----------------------------------------  -----  ---------  --------  ----------  --------------  -------------------  ----------------------
/home/minhle/mlops/dags/model_training.py                           1           0  1.81s           2025-04-23T10:07:07                      12
/home/minhle/mlops/dags/data_pipeline.py                            1           0  0.73s           2025-04-23T10:06:37                      12
================================================================================
[2025-04-23T17:07:20.890+0700] {manager.py:821} INFO - Searching for files in /home/minhle/mlops/dags
[2025-04-23T17:07:20.892+0700] {manager.py:824} INFO - There are 2 files in /home/minhle/mlops/dags
[2025-04-23T17:07:39.216+0700] {manager.py:997} INFO - 
================================================================================
DAG File Processing Stats

File Path                                  PID    Runtime      # DAGs    # Errors  Last Runtime    Last Run               Last # of DB Queries
-----------------------------------------  -----  ---------  --------  ----------  --------------  -------------------  ----------------------
/home/minhle/mlops/dags/model_training.py                           1           0  1.81s           2025-04-23T10:07:39                      12
/home/minhle/mlops/dags/data_pipeline.py                            1           0  0.81s           2025-04-23T10:07:09                      12
================================================================================
[2025-04-23T17:08:11.145+0700] {manager.py:997} INFO - 
================================================================================
DAG File Processing Stats

File Path                                  PID    Runtime      # DAGs    # Errors  Last Runtime    Last Run               Last # of DB Queries
-----------------------------------------  -----  ---------  --------  ----------  --------------  -------------------  ----------------------
/home/minhle/mlops/dags/model_training.py                           1           0  1.81s           2025-04-23T10:08:11                      12
/home/minhle/mlops/dags/data_pipeline.py                            1           0  0.80s           2025-04-23T10:07:41                      12
================================================================================
[2025-04-23T17:08:43.093+0700] {manager.py:997} INFO - 
================================================================================
DAG File Processing Stats

File Path                                  PID    Runtime      # DAGs    # Errors  Last Runtime    Last Run               Last # of DB Queries
-----------------------------------------  -----  ---------  --------  ----------  --------------  -------------------  ----------------------
/home/minhle/mlops/dags/model_training.py                           1           0  1.81s           2025-04-23T10:08:43                      12
/home/minhle/mlops/dags/data_pipeline.py                            1           0  0.81s           2025-04-23T10:08:13                      12
================================================================================
[2025-04-23T17:09:15.003+0700] {manager.py:997} INFO - 
================================================================================
DAG File Processing Stats

File Path                                  PID    Runtime      # DAGs    # Errors  Last Runtime    Last Run               Last # of DB Queries
-----------------------------------------  -----  ---------  --------  ----------  --------------  -------------------  ----------------------
/home/minhle/mlops/dags/model_training.py                           1           0  1.73s           2025-04-23T10:09:15                      12
/home/minhle/mlops/dags/data_pipeline.py                            1           0  0.81s           2025-04-23T10:08:45                      12
================================================================================
[2025-04-23T17:09:47.043+0700] {manager.py:997} INFO - 
================================================================================
DAG File Processing Stats

File Path                                  PID    Runtime      # DAGs    # Errors  Last Runtime    Last Run               Last # of DB Queries
-----------------------------------------  -----  ---------  --------  ----------  --------------  -------------------  ----------------------
/home/minhle/mlops/dags/model_training.py                           1           0  1.81s           2025-04-23T10:09:47                      12
/home/minhle/mlops/dags/data_pipeline.py                            1           0  0.80s           2025-04-23T10:09:17                      12
================================================================================
[2025-04-23T17:10:18.987+0700] {manager.py:997} INFO - 
================================================================================
DAG File Processing Stats

File Path                                  PID    Runtime      # DAGs    # Errors  Last Runtime    Last Run               Last # of DB Queries
-----------------------------------------  -----  ---------  --------  ----------  --------------  -------------------  ----------------------
/home/minhle/mlops/dags/model_training.py                           1           0  1.81s           2025-04-23T10:10:18                      12
/home/minhle/mlops/dags/data_pipeline.py                            1           0  0.81s           2025-04-23T10:09:48                      12
================================================================================
[2025-04-23T17:10:50.945+0700] {manager.py:997} INFO - 
================================================================================
DAG File Processing Stats

File Path                                  PID    Runtime      # DAGs    # Errors  Last Runtime    Last Run               Last # of DB Queries
-----------------------------------------  -----  ---------  --------  ----------  --------------  -------------------  ----------------------
/home/minhle/mlops/dags/model_training.py                           1           0  1.81s           2025-04-23T10:10:50                      12
/home/minhle/mlops/dags/data_pipeline.py                            1           0  0.71s           2025-04-23T10:10:20                      12
================================================================================
[2025-04-23T17:11:22.966+0700] {manager.py:997} INFO - 
================================================================================
DAG File Processing Stats

File Path                                  PID    Runtime      # DAGs    # Errors  Last Runtime    Last Run               Last # of DB Queries
-----------------------------------------  -----  ---------  --------  ----------  --------------  -------------------  ----------------------
/home/minhle/mlops/dags/model_training.py                           1           0  2.01s           2025-04-23T10:11:22                      12
/home/minhle/mlops/dags/data_pipeline.py                            1           0  0.73s           2025-04-23T10:10:52                      12
================================================================================
[2025-04-23T17:11:54.920+0700] {manager.py:997} INFO - 
================================================================================
DAG File Processing Stats

File Path                                  PID    Runtime      # DAGs    # Errors  Last Runtime    Last Run               Last # of DB Queries
-----------------------------------------  -----  ---------  --------  ----------  --------------  -------------------  ----------------------
/home/minhle/mlops/dags/model_training.py                           1           0  1.71s           2025-04-23T10:11:54                      12
/home/minhle/mlops/dags/data_pipeline.py                            1           0  0.81s           2025-04-23T10:11:24                      12
================================================================================
[2025-04-23T17:12:21.618+0700] {manager.py:821} INFO - Searching for files in /home/minhle/mlops/dags
[2025-04-23T17:12:21.621+0700] {manager.py:824} INFO - There are 2 files in /home/minhle/mlops/dags
[2025-04-23T17:12:26.860+0700] {manager.py:997} INFO - 
================================================================================
DAG File Processing Stats

File Path                                  PID    Runtime      # DAGs    # Errors  Last Runtime    Last Run               Last # of DB Queries
-----------------------------------------  -----  ---------  --------  ----------  --------------  -------------------  ----------------------
/home/minhle/mlops/dags/model_training.py                           1           0  1.81s           2025-04-23T10:12:26                      12
/home/minhle/mlops/dags/data_pipeline.py                            1           0  0.81s           2025-04-23T10:11:56                      12
================================================================================
[2025-04-23T17:12:59.197+0700] {manager.py:997} INFO - 
================================================================================
DAG File Processing Stats

File Path                                  PID    Runtime      # DAGs    # Errors  Last Runtime    Last Run               Last # of DB Queries
-----------------------------------------  -----  ---------  --------  ----------  --------------  -------------------  ----------------------
/home/minhle/mlops/dags/model_training.py                           1           0  2.21s           2025-04-23T10:12:59                      12
/home/minhle/mlops/dags/data_pipeline.py                            1           0  0.91s           2025-04-23T10:12:28                      12
================================================================================
[2025-04-23T17:13:31.147+0700] {manager.py:997} INFO - 
================================================================================
DAG File Processing Stats

File Path                                  PID    Runtime      # DAGs    # Errors  Last Runtime    Last Run               Last # of DB Queries
-----------------------------------------  -----  ---------  --------  ----------  --------------  -------------------  ----------------------
/home/minhle/mlops/dags/model_training.py                           1           0  1.81s           2025-04-23T10:13:31                      12
/home/minhle/mlops/dags/data_pipeline.py                            1           0  0.72s           2025-04-23T10:13:01                      12
================================================================================
[2025-04-23T17:14:03.398+0700] {manager.py:997} INFO - 
================================================================================
DAG File Processing Stats

File Path                                  PID    Runtime      # DAGs    # Errors  Last Runtime    Last Run               Last # of DB Queries
-----------------------------------------  -----  ---------  --------  ----------  --------------  -------------------  ----------------------
/home/minhle/mlops/dags/model_training.py                           1           0  2.11s           2025-04-23T10:14:03                      12
/home/minhle/mlops/dags/data_pipeline.py                            1           0  0.71s           2025-04-23T10:13:32                      12
================================================================================
[2025-04-23T17:14:35.778+0700] {manager.py:997} INFO - 
================================================================================
DAG File Processing Stats

File Path                                  PID    Runtime      # DAGs    # Errors  Last Runtime    Last Run               Last # of DB Queries
-----------------------------------------  -----  ---------  --------  ----------  --------------  -------------------  ----------------------
/home/minhle/mlops/dags/model_training.py                           1           0  2.31s           2025-04-23T10:14:35                      12
/home/minhle/mlops/dags/data_pipeline.py                            1           0  0.81s           2025-04-23T10:14:05                      12
================================================================================
[2025-04-23T17:15:07.896+0700] {manager.py:997} INFO - 
================================================================================
DAG File Processing Stats

File Path                                  PID    Runtime      # DAGs    # Errors  Last Runtime    Last Run               Last # of DB Queries
-----------------------------------------  -----  ---------  --------  ----------  --------------  -------------------  ----------------------
/home/minhle/mlops/dags/model_training.py                           1           0  2.01s           2025-04-23T10:15:07                      12
/home/minhle/mlops/dags/data_pipeline.py                            1           0  0.81s           2025-04-23T10:14:37                      12
================================================================================
[2025-04-23T17:15:39.955+0700] {manager.py:997} INFO - 
================================================================================
DAG File Processing Stats

File Path                                  PID    Runtime      # DAGs    # Errors  Last Runtime    Last Run               Last # of DB Queries
-----------------------------------------  -----  ---------  --------  ----------  --------------  -------------------  ----------------------
/home/minhle/mlops/dags/model_training.py                           1           0  1.91s           2025-04-23T10:15:39                      12
/home/minhle/mlops/dags/data_pipeline.py                            1           0  0.81s           2025-04-23T10:15:09                      12
================================================================================
[2025-04-23T17:16:11.890+0700] {manager.py:997} INFO - 
================================================================================
DAG File Processing Stats

File Path                                  PID    Runtime      # DAGs    # Errors  Last Runtime    Last Run               Last # of DB Queries
-----------------------------------------  -----  ---------  --------  ----------  --------------  -------------------  ----------------------
/home/minhle/mlops/dags/model_training.py                           1           0  1.81s           2025-04-23T10:16:11                      12
/home/minhle/mlops/dags/data_pipeline.py                            1           0  0.81s           2025-04-23T10:15:41                      12
================================================================================
[2025-04-23T17:16:43.765+0700] {manager.py:997} INFO - 
================================================================================
DAG File Processing Stats

File Path                                  PID    Runtime      # DAGs    # Errors  Last Runtime    Last Run               Last # of DB Queries
-----------------------------------------  -----  ---------  --------  ----------  --------------  -------------------  ----------------------
/home/minhle/mlops/dags/model_training.py                           1           0  1.71s           2025-04-23T10:16:43                      12
/home/minhle/mlops/dags/data_pipeline.py                            1           0  0.81s           2025-04-23T10:16:13                      12
================================================================================
[2025-04-23T17:17:15.705+0700] {manager.py:997} INFO - 
================================================================================
DAG File Processing Stats

File Path                                  PID    Runtime      # DAGs    # Errors  Last Runtime    Last Run               Last # of DB Queries
-----------------------------------------  -----  ---------  --------  ----------  --------------  -------------------  ----------------------
/home/minhle/mlops/dags/model_training.py                           1           0  1.81s           2025-04-23T10:17:15                      12
/home/minhle/mlops/dags/data_pipeline.py                            1           0  0.80s           2025-04-23T10:16:45                      12
================================================================================
[2025-04-23T17:17:21.903+0700] {manager.py:821} INFO - Searching for files in /home/minhle/mlops/dags
[2025-04-23T17:17:21.906+0700] {manager.py:824} INFO - There are 2 files in /home/minhle/mlops/dags
[2025-04-23T17:17:47.539+0700] {manager.py:997} INFO - 
================================================================================
DAG File Processing Stats

File Path                                  PID    Runtime      # DAGs    # Errors  Last Runtime    Last Run               Last # of DB Queries
-----------------------------------------  -----  ---------  --------  ----------  --------------  -------------------  ----------------------
/home/minhle/mlops/dags/model_training.py                           1           0  1.71s           2025-04-23T10:17:47                      12
/home/minhle/mlops/dags/data_pipeline.py                            1           0  0.80s           2025-04-23T10:17:16                      12
================================================================================
[2025-04-23T17:18:19.680+0700] {manager.py:997} INFO - 
================================================================================
DAG File Processing Stats

File Path                                  PID    Runtime      # DAGs    # Errors  Last Runtime    Last Run               Last # of DB Queries
-----------------------------------------  -----  ---------  --------  ----------  --------------  -------------------  ----------------------
/home/minhle/mlops/dags/model_training.py                           1           0  2.01s           2025-04-23T10:18:19                      12
/home/minhle/mlops/dags/data_pipeline.py                            1           0  0.81s           2025-04-23T10:17:49                      12
================================================================================
[2025-04-23T17:18:51.605+0700] {manager.py:997} INFO - 
================================================================================
DAG File Processing Stats

File Path                                  PID    Runtime      # DAGs    # Errors  Last Runtime    Last Run               Last # of DB Queries
-----------------------------------------  -----  ---------  --------  ----------  --------------  -------------------  ----------------------
/home/minhle/mlops/dags/model_training.py                           1           0  1.81s           2025-04-23T10:18:51                      12
/home/minhle/mlops/dags/data_pipeline.py                            1           0  0.81s           2025-04-23T10:18:21                      12
================================================================================
[2025-04-23T17:19:23.557+0700] {manager.py:997} INFO - 
================================================================================
DAG File Processing Stats

File Path                                  PID    Runtime      # DAGs    # Errors  Last Runtime    Last Run               Last # of DB Queries
-----------------------------------------  -----  ---------  --------  ----------  --------------  -------------------  ----------------------
/home/minhle/mlops/dags/model_training.py                           1           0  1.81s           2025-04-23T10:19:23                      12
/home/minhle/mlops/dags/data_pipeline.py                            1           0  1.61s           2025-04-23T10:18:54                      12
================================================================================
[2025-04-23T17:19:55.411+0700] {manager.py:997} INFO - 
================================================================================
DAG File Processing Stats

File Path                                  PID    Runtime      # DAGs    # Errors  Last Runtime    Last Run               Last # of DB Queries
-----------------------------------------  -----  ---------  --------  ----------  --------------  -------------------  ----------------------
/home/minhle/mlops/dags/model_training.py                           1           0  1.72s           2025-04-23T10:19:55                      12
/home/minhle/mlops/dags/data_pipeline.py                            1           0  0.72s           2025-04-23T10:19:25                      12
================================================================================
[2025-04-23T17:20:27.260+0700] {manager.py:997} INFO - 
================================================================================
DAG File Processing Stats

File Path                                  PID    Runtime      # DAGs    # Errors  Last Runtime    Last Run               Last # of DB Queries
-----------------------------------------  -----  ---------  --------  ----------  --------------  -------------------  ----------------------
/home/minhle/mlops/dags/model_training.py                           1           0  1.72s           2025-04-23T10:20:27                      12
/home/minhle/mlops/dags/data_pipeline.py                            1           0  0.81s           2025-04-23T10:19:57                      12
================================================================================
[2025-04-23T17:20:59.187+0700] {manager.py:997} INFO - 
================================================================================
DAG File Processing Stats

File Path                                  PID    Runtime      # DAGs    # Errors  Last Runtime    Last Run               Last # of DB Queries
-----------------------------------------  -----  ---------  --------  ----------  --------------  -------------------  ----------------------
/home/minhle/mlops/dags/model_training.py                           1           0  1.81s           2025-04-23T10:20:59                      12
/home/minhle/mlops/dags/data_pipeline.py                            1           0  0.71s           2025-04-23T10:20:29                      12
================================================================================
[2025-04-23T17:21:31.137+0700] {manager.py:997} INFO - 
================================================================================
DAG File Processing Stats

File Path                                  PID    Runtime      # DAGs    # Errors  Last Runtime    Last Run               Last # of DB Queries
-----------------------------------------  -----  ---------  --------  ----------  --------------  -------------------  ----------------------
/home/minhle/mlops/dags/model_training.py                           1           0  1.81s           2025-04-23T10:21:31                      12
/home/minhle/mlops/dags/data_pipeline.py                            1           0  0.81s           2025-04-23T10:21:01                      12
================================================================================
[2025-04-23T17:22:03.001+0700] {manager.py:997} INFO - 
================================================================================
DAG File Processing Stats

File Path                                  PID    Runtime      # DAGs    # Errors  Last Runtime    Last Run               Last # of DB Queries
-----------------------------------------  -----  ---------  --------  ----------  --------------  -------------------  ----------------------
/home/minhle/mlops/dags/model_training.py                           1           0  1.71s           2025-04-23T10:22:03                      12
/home/minhle/mlops/dags/data_pipeline.py                            1           0  0.72s           2025-04-23T10:21:32                      12
================================================================================
[2025-04-23T17:22:22.431+0700] {manager.py:821} INFO - Searching for files in /home/minhle/mlops/dags
[2025-04-23T17:22:22.434+0700] {manager.py:824} INFO - There are 2 files in /home/minhle/mlops/dags
[2025-04-23T17:22:34.971+0700] {manager.py:997} INFO - 
================================================================================
DAG File Processing Stats

File Path                                  PID    Runtime      # DAGs    # Errors  Last Runtime    Last Run               Last # of DB Queries
-----------------------------------------  -----  ---------  --------  ----------  --------------  -------------------  ----------------------
/home/minhle/mlops/dags/model_training.py                           1           0  1.81s           2025-04-23T10:22:34                      12
/home/minhle/mlops/dags/data_pipeline.py                            1           0  0.70s           2025-04-23T10:22:04                      12
================================================================================
[2025-04-23T17:23:06.803+0700] {manager.py:997} INFO - 
================================================================================
DAG File Processing Stats

File Path                                  PID    Runtime      # DAGs    # Errors  Last Runtime    Last Run               Last # of DB Queries
-----------------------------------------  -----  ---------  --------  ----------  --------------  -------------------  ----------------------
/home/minhle/mlops/dags/model_training.py                           1           0  1.71s           2025-04-23T10:23:06                      12
/home/minhle/mlops/dags/data_pipeline.py                            1           0  0.81s           2025-04-23T10:22:36                      12
================================================================================
[2025-04-23T17:23:38.630+0700] {manager.py:997} INFO - 
================================================================================
DAG File Processing Stats

File Path                                  PID    Runtime      # DAGs    # Errors  Last Runtime    Last Run               Last # of DB Queries
-----------------------------------------  -----  ---------  --------  ----------  --------------  -------------------  ----------------------
/home/minhle/mlops/dags/model_training.py                           1           0  1.71s           2025-04-23T10:23:38                      12
/home/minhle/mlops/dags/data_pipeline.py                            1           0  0.81s           2025-04-23T10:23:08                      12
================================================================================
[2025-04-23T17:24:10.471+0700] {manager.py:997} INFO - 
================================================================================
DAG File Processing Stats

File Path                                  PID    Runtime      # DAGs    # Errors  Last Runtime    Last Run               Last # of DB Queries
-----------------------------------------  -----  ---------  --------  ----------  --------------  -------------------  ----------------------
/home/minhle/mlops/dags/model_training.py                           1           0  1.72s           2025-04-23T10:24:10                      12
/home/minhle/mlops/dags/data_pipeline.py                            1           0  0.80s           2025-04-23T10:23:40                      12
================================================================================
[2025-04-23T17:24:42.293+0700] {manager.py:997} INFO - 
================================================================================
DAG File Processing Stats

File Path                                  PID    Runtime      # DAGs    # Errors  Last Runtime    Last Run               Last # of DB Queries
-----------------------------------------  -----  ---------  --------  ----------  --------------  -------------------  ----------------------
/home/minhle/mlops/dags/model_training.py                           1           0  1.71s           2025-04-23T10:24:42                      12
/home/minhle/mlops/dags/data_pipeline.py                            1           0  0.72s           2025-04-23T10:24:12                      12
================================================================================
[2025-04-23T17:25:14.126+0700] {manager.py:997} INFO - 
================================================================================
DAG File Processing Stats

File Path                                  PID    Runtime      # DAGs    # Errors  Last Runtime    Last Run               Last # of DB Queries
-----------------------------------------  -----  ---------  --------  ----------  --------------  -------------------  ----------------------
/home/minhle/mlops/dags/model_training.py                           1           0  1.71s           2025-04-23T10:25:14                      12
/home/minhle/mlops/dags/data_pipeline.py                            1           0  0.81s           2025-04-23T10:24:44                      12
================================================================================
[2025-04-23T17:25:46.061+0700] {manager.py:997} INFO - 
================================================================================
DAG File Processing Stats

File Path                                  PID    Runtime      # DAGs    # Errors  Last Runtime    Last Run               Last # of DB Queries
-----------------------------------------  -----  ---------  --------  ----------  --------------  -------------------  ----------------------
/home/minhle/mlops/dags/model_training.py                           1           0  1.81s           2025-04-23T10:25:46                      12
/home/minhle/mlops/dags/data_pipeline.py                            1           0  0.72s           2025-04-23T10:25:15                      12
================================================================================
[2025-04-23T17:26:17.910+0700] {manager.py:997} INFO - 
================================================================================
DAG File Processing Stats

File Path                                  PID    Runtime      # DAGs    # Errors  Last Runtime    Last Run               Last # of DB Queries
-----------------------------------------  -----  ---------  --------  ----------  --------------  -------------------  ----------------------
/home/minhle/mlops/dags/model_training.py                           1           0  1.71s           2025-04-23T10:26:17                      12
/home/minhle/mlops/dags/data_pipeline.py                            1           0  0.81s           2025-04-23T10:25:47                      12
================================================================================
[2025-04-23T17:26:49.945+0700] {manager.py:997} INFO - 
================================================================================
DAG File Processing Stats

File Path                                  PID    Runtime      # DAGs    # Errors  Last Runtime    Last Run               Last # of DB Queries
-----------------------------------------  -----  ---------  --------  ----------  --------------  -------------------  ----------------------
/home/minhle/mlops/dags/model_training.py                           1           0  1.81s           2025-04-23T10:26:49                      12
/home/minhle/mlops/dags/data_pipeline.py                            1           0  0.81s           2025-04-23T10:26:19                      12
================================================================================
[2025-04-23T17:27:22.327+0700] {manager.py:997} INFO - 
================================================================================
DAG File Processing Stats

File Path                                  PID    Runtime      # DAGs    # Errors  Last Runtime    Last Run               Last # of DB Queries
-----------------------------------------  -----  ---------  --------  ----------  --------------  -------------------  ----------------------
/home/minhle/mlops/dags/model_training.py                           1           0  2.21s           2025-04-23T10:27:22                      12
/home/minhle/mlops/dags/data_pipeline.py                            1           0  0.71s           2025-04-23T10:26:51                      12
================================================================================
[2025-04-23T17:27:23.414+0700] {manager.py:821} INFO - Searching for files in /home/minhle/mlops/dags
[2025-04-23T17:27:23.416+0700] {manager.py:824} INFO - There are 2 files in /home/minhle/mlops/dags
[2025-04-23T17:27:54.156+0700] {manager.py:997} INFO - 
================================================================================
DAG File Processing Stats

File Path                                  PID    Runtime      # DAGs    # Errors  Last Runtime    Last Run               Last # of DB Queries
-----------------------------------------  -----  ---------  --------  ----------  --------------  -------------------  ----------------------
/home/minhle/mlops/dags/model_training.py                           1           0  1.71s           2025-04-23T10:27:54                      12
/home/minhle/mlops/dags/data_pipeline.py                            1           0  0.81s           2025-04-23T10:27:24                      12
================================================================================
[2025-04-23T17:28:26.219+0700] {manager.py:997} INFO - 
================================================================================
DAG File Processing Stats

File Path                                  PID    Runtime      # DAGs    # Errors  Last Runtime    Last Run               Last # of DB Queries
-----------------------------------------  -----  ---------  --------  ----------  --------------  -------------------  ----------------------
/home/minhle/mlops/dags/model_training.py                           1           0  1.71s           2025-04-23T10:28:26                      12
/home/minhle/mlops/dags/data_pipeline.py                            1           0  0.71s           2025-04-23T10:27:56                      12
================================================================================
[2025-04-23T17:28:58.071+0700] {manager.py:997} INFO - 
================================================================================
DAG File Processing Stats

File Path                                  PID    Runtime      # DAGs    # Errors  Last Runtime    Last Run               Last # of DB Queries
-----------------------------------------  -----  ---------  --------  ----------  --------------  -------------------  ----------------------
/home/minhle/mlops/dags/model_training.py                           1           0  1.71s           2025-04-23T10:28:58                      12
/home/minhle/mlops/dags/data_pipeline.py                            1           0  0.81s           2025-04-23T10:28:28                      12
================================================================================
[2025-04-23T17:29:30.003+0700] {manager.py:997} INFO - 
================================================================================
DAG File Processing Stats

File Path                                  PID    Runtime      # DAGs    # Errors  Last Runtime    Last Run               Last # of DB Queries
-----------------------------------------  -----  ---------  --------  ----------  --------------  -------------------  ----------------------
/home/minhle/mlops/dags/model_training.py                           1           0  1.81s           2025-04-23T10:29:30                      12
/home/minhle/mlops/dags/data_pipeline.py                            1           0  0.70s           2025-04-23T10:28:59                      12
================================================================================
[2025-04-23T17:30:01.843+0700] {manager.py:997} INFO - 
================================================================================
DAG File Processing Stats

File Path                                  PID    Runtime      # DAGs    # Errors  Last Runtime    Last Run               Last # of DB Queries
-----------------------------------------  -----  ---------  --------  ----------  --------------  -------------------  ----------------------
/home/minhle/mlops/dags/model_training.py                           1           0  1.71s           2025-04-23T10:30:01                      12
/home/minhle/mlops/dags/data_pipeline.py                            1           0  0.91s           2025-04-23T10:29:32                      12
================================================================================
[2025-04-23T17:30:33.678+0700] {manager.py:997} INFO - 
================================================================================
DAG File Processing Stats

File Path                                  PID    Runtime      # DAGs    # Errors  Last Runtime    Last Run               Last # of DB Queries
-----------------------------------------  -----  ---------  --------  ----------  --------------  -------------------  ----------------------
/home/minhle/mlops/dags/model_training.py                           1           0  1.72s           2025-04-23T10:30:33                      12
/home/minhle/mlops/dags/data_pipeline.py                            1           0  0.81s           2025-04-23T10:30:03                      12
================================================================================
[2025-04-23T17:31:05.603+0700] {manager.py:997} INFO - 
================================================================================
DAG File Processing Stats

File Path                                  PID    Runtime      # DAGs    # Errors  Last Runtime    Last Run               Last # of DB Queries
-----------------------------------------  -----  ---------  --------  ----------  --------------  -------------------  ----------------------
/home/minhle/mlops/dags/model_training.py                           1           0  1.81s           2025-04-23T10:31:05                      12
/home/minhle/mlops/dags/data_pipeline.py                            1           0  0.81s           2025-04-23T10:30:35                      12
================================================================================
[2025-04-23T17:31:37.381+0700] {manager.py:997} INFO - 
================================================================================
DAG File Processing Stats

File Path                                  PID    Runtime      # DAGs    # Errors  Last Runtime    Last Run               Last # of DB Queries
-----------------------------------------  -----  ---------  --------  ----------  --------------  -------------------  ----------------------
/home/minhle/mlops/dags/model_training.py                           1           0  1.71s           2025-04-23T10:31:37                      12
/home/minhle/mlops/dags/data_pipeline.py                            1           0  0.81s           2025-04-23T10:31:07                      12
================================================================================
[2025-04-23T17:32:09.520+0700] {manager.py:997} INFO - 
================================================================================
DAG File Processing Stats

File Path                                  PID    Runtime      # DAGs    # Errors  Last Runtime    Last Run               Last # of DB Queries
-----------------------------------------  -----  ---------  --------  ----------  --------------  -------------------  ----------------------
/home/minhle/mlops/dags/model_training.py                           1           0  2.01s           2025-04-23T10:32:09                      12
/home/minhle/mlops/dags/data_pipeline.py                            1           0  0.72s           2025-04-23T10:31:39                      12
================================================================================
[2025-04-23T17:32:23.887+0700] {manager.py:821} INFO - Searching for files in /home/minhle/mlops/dags
[2025-04-23T17:32:23.889+0700] {manager.py:824} INFO - There are 2 files in /home/minhle/mlops/dags
[2025-04-23T17:32:41.351+0700] {manager.py:997} INFO - 
================================================================================
DAG File Processing Stats

File Path                                  PID    Runtime      # DAGs    # Errors  Last Runtime    Last Run               Last # of DB Queries
-----------------------------------------  -----  ---------  --------  ----------  --------------  -------------------  ----------------------
/home/minhle/mlops/dags/model_training.py                           1           0  1.71s           2025-04-23T10:32:41                      12
/home/minhle/mlops/dags/data_pipeline.py                            1           0  0.81s           2025-04-23T10:32:11                      12
================================================================================
[2025-04-23T17:33:13.191+0700] {manager.py:997} INFO - 
================================================================================
DAG File Processing Stats

File Path                                  PID    Runtime      # DAGs    # Errors  Last Runtime    Last Run               Last # of DB Queries
-----------------------------------------  -----  ---------  --------  ----------  --------------  -------------------  ----------------------
/home/minhle/mlops/dags/model_training.py                           1           0  1.72s           2025-04-23T10:33:13                      12
/home/minhle/mlops/dags/data_pipeline.py                            1           0  0.81s           2025-04-23T10:32:43                      12
================================================================================
[2025-04-23T17:33:45.019+0700] {manager.py:997} INFO - 
================================================================================
DAG File Processing Stats

File Path                                  PID    Runtime      # DAGs    # Errors  Last Runtime    Last Run               Last # of DB Queries
-----------------------------------------  -----  ---------  --------  ----------  --------------  -------------------  ----------------------
/home/minhle/mlops/dags/model_training.py                           1           0  1.71s           2025-04-23T10:33:45                      12
/home/minhle/mlops/dags/data_pipeline.py                            1           0  0.81s           2025-04-23T10:33:15                      12
================================================================================
[2025-04-23T17:34:16.873+0700] {manager.py:997} INFO - 
================================================================================
DAG File Processing Stats

File Path                                  PID    Runtime      # DAGs    # Errors  Last Runtime    Last Run               Last # of DB Queries
-----------------------------------------  -----  ---------  --------  ----------  --------------  -------------------  ----------------------
/home/minhle/mlops/dags/model_training.py                           1           0  1.71s           2025-04-23T10:34:16                      12
/home/minhle/mlops/dags/data_pipeline.py                            1           0  0.70s           2025-04-23T10:33:46                      12
================================================================================
[2025-04-23T17:34:48.836+0700] {manager.py:997} INFO - 
================================================================================
DAG File Processing Stats

File Path                                  PID    Runtime      # DAGs    # Errors  Last Runtime    Last Run               Last # of DB Queries
-----------------------------------------  -----  ---------  --------  ----------  --------------  -------------------  ----------------------
/home/minhle/mlops/dags/model_training.py                           1           0  1.81s           2025-04-23T10:34:48                      12
/home/minhle/mlops/dags/data_pipeline.py                            1           0  0.72s           2025-04-23T10:34:18                      12
================================================================================
[2025-04-23T17:35:20.666+0700] {manager.py:997} INFO - 
================================================================================
DAG File Processing Stats

File Path                                  PID    Runtime      # DAGs    # Errors  Last Runtime    Last Run               Last # of DB Queries
-----------------------------------------  -----  ---------  --------  ----------  --------------  -------------------  ----------------------
/home/minhle/mlops/dags/model_training.py                           1           0  1.71s           2025-04-23T10:35:20                      12
/home/minhle/mlops/dags/data_pipeline.py                            1           0  0.71s           2025-04-23T10:34:50                      12
================================================================================
[2025-04-23T17:35:52.525+0700] {manager.py:997} INFO - 
================================================================================
DAG File Processing Stats

File Path                                  PID    Runtime      # DAGs    # Errors  Last Runtime    Last Run               Last # of DB Queries
-----------------------------------------  -----  ---------  --------  ----------  --------------  -------------------  ----------------------
/home/minhle/mlops/dags/model_training.py                           1           0  1.71s           2025-04-23T10:35:52                      12
/home/minhle/mlops/dags/data_pipeline.py                            1           0  0.71s           2025-04-23T10:35:22                      12
================================================================================
[2025-04-23T17:36:24.369+0700] {manager.py:997} INFO - 
================================================================================
DAG File Processing Stats

File Path                                  PID    Runtime      # DAGs    # Errors  Last Runtime    Last Run               Last # of DB Queries
-----------------------------------------  -----  ---------  --------  ----------  --------------  -------------------  ----------------------
/home/minhle/mlops/dags/model_training.py                           1           0  1.71s           2025-04-23T10:36:24                      12
/home/minhle/mlops/dags/data_pipeline.py                            1           0  0.71s           2025-04-23T10:35:54                      12
================================================================================
[2025-04-23T17:36:56.515+0700] {manager.py:997} INFO - 
================================================================================
DAG File Processing Stats

File Path                                  PID    Runtime      # DAGs    # Errors  Last Runtime    Last Run               Last # of DB Queries
-----------------------------------------  -----  ---------  --------  ----------  --------------  -------------------  ----------------------
/home/minhle/mlops/dags/model_training.py                           1           0  2.01s           2025-04-23T10:36:56                      12
/home/minhle/mlops/dags/data_pipeline.py                            1           0  0.70s           2025-04-23T10:36:26                      12
================================================================================
[2025-04-23T17:37:24.637+0700] {manager.py:821} INFO - Searching for files in /home/minhle/mlops/dags
[2025-04-23T17:37:24.639+0700] {manager.py:824} INFO - There are 2 files in /home/minhle/mlops/dags
[2025-04-23T17:37:28.407+0700] {manager.py:997} INFO - 
================================================================================
DAG File Processing Stats

File Path                                  PID    Runtime      # DAGs    # Errors  Last Runtime    Last Run               Last # of DB Queries
-----------------------------------------  -----  ---------  --------  ----------  --------------  -------------------  ----------------------
/home/minhle/mlops/dags/model_training.py                           1           0  1.71s           2025-04-23T10:37:28                      12
/home/minhle/mlops/dags/data_pipeline.py                            1           0  0.71s           2025-04-23T10:36:58                      12
================================================================================
[2025-04-23T17:38:00.262+0700] {manager.py:997} INFO - 
================================================================================
DAG File Processing Stats

File Path                                  PID    Runtime      # DAGs    # Errors  Last Runtime    Last Run               Last # of DB Queries
-----------------------------------------  -----  ---------  --------  ----------  --------------  -------------------  ----------------------
/home/minhle/mlops/dags/model_training.py                           1           0  1.71s           2025-04-23T10:38:00                      12
/home/minhle/mlops/dags/data_pipeline.py                            1           0  0.71s           2025-04-23T10:37:30                      12
================================================================================
[2025-04-23T17:38:32.132+0700] {manager.py:997} INFO - 
================================================================================
DAG File Processing Stats

File Path                                  PID    Runtime      # DAGs    # Errors  Last Runtime    Last Run               Last # of DB Queries
-----------------------------------------  -----  ---------  --------  ----------  --------------  -------------------  ----------------------
/home/minhle/mlops/dags/model_training.py                           1           0  1.73s           2025-04-23T10:38:32                      12
/home/minhle/mlops/dags/data_pipeline.py                            1           0  0.71s           2025-04-23T10:38:02                      12
================================================================================
[2025-04-23T17:39:03.972+0700] {manager.py:997} INFO - 
================================================================================
DAG File Processing Stats

File Path                                  PID    Runtime      # DAGs    # Errors  Last Runtime    Last Run               Last # of DB Queries
-----------------------------------------  -----  ---------  --------  ----------  --------------  -------------------  ----------------------
/home/minhle/mlops/dags/model_training.py                           1           0  1.71s           2025-04-23T10:39:03                      12
/home/minhle/mlops/dags/data_pipeline.py                            1           0  0.71s           2025-04-23T10:38:33                      12
================================================================================
[2025-04-23T17:39:35.841+0700] {manager.py:997} INFO - 
================================================================================
DAG File Processing Stats

File Path                                  PID    Runtime      # DAGs    # Errors  Last Runtime    Last Run               Last # of DB Queries
-----------------------------------------  -----  ---------  --------  ----------  --------------  -------------------  ----------------------
/home/minhle/mlops/dags/model_training.py                           1           0  1.71s           2025-04-23T10:39:35                      12
/home/minhle/mlops/dags/data_pipeline.py                            1           0  0.71s           2025-04-23T10:39:05                      12
================================================================================
[2025-04-23T17:40:07.606+0700] {manager.py:997} INFO - 
================================================================================
DAG File Processing Stats

File Path                                  PID    Runtime      # DAGs    # Errors  Last Runtime    Last Run               Last # of DB Queries
-----------------------------------------  -----  ---------  --------  ----------  --------------  -------------------  ----------------------
/home/minhle/mlops/dags/model_training.py                           1           0  1.63s           2025-04-23T10:40:07                      12
/home/minhle/mlops/dags/data_pipeline.py                            1           0  0.81s           2025-04-23T10:39:37                      12
================================================================================
[2025-04-23T17:40:39.437+0700] {manager.py:997} INFO - 
================================================================================
DAG File Processing Stats

File Path                                  PID    Runtime      # DAGs    # Errors  Last Runtime    Last Run               Last # of DB Queries
-----------------------------------------  -----  ---------  --------  ----------  --------------  -------------------  ----------------------
/home/minhle/mlops/dags/model_training.py                           1           0  1.71s           2025-04-23T10:40:39                      12
/home/minhle/mlops/dags/data_pipeline.py                            1           0  0.81s           2025-04-23T10:40:09                      12
================================================================================
[2025-04-23T17:41:11.339+0700] {manager.py:997} INFO - 
================================================================================
DAG File Processing Stats

File Path                                  PID    Runtime      # DAGs    # Errors  Last Runtime    Last Run               Last # of DB Queries
-----------------------------------------  -----  ---------  --------  ----------  --------------  -------------------  ----------------------
/home/minhle/mlops/dags/model_training.py                           1           0  1.71s           2025-04-23T10:41:11                      12
/home/minhle/mlops/dags/data_pipeline.py                            1           0  0.71s           2025-04-23T10:40:41                      12
================================================================================
[2025-04-23T17:41:43.169+0700] {manager.py:997} INFO - 
================================================================================
DAG File Processing Stats

File Path                                  PID    Runtime      # DAGs    # Errors  Last Runtime    Last Run               Last # of DB Queries
-----------------------------------------  -----  ---------  --------  ----------  --------------  -------------------  ----------------------
/home/minhle/mlops/dags/model_training.py                           1           0  1.71s           2025-04-23T10:41:43                      12
/home/minhle/mlops/dags/data_pipeline.py                            1           0  0.71s           2025-04-23T10:41:13                      12
================================================================================
[2025-04-23T17:42:15.008+0700] {manager.py:997} INFO - 
================================================================================
DAG File Processing Stats

File Path                                  PID    Runtime      # DAGs    # Errors  Last Runtime    Last Run               Last # of DB Queries
-----------------------------------------  -----  ---------  --------  ----------  --------------  -------------------  ----------------------
/home/minhle/mlops/dags/model_training.py                           1           0  1.71s           2025-04-23T10:42:15                      12
/home/minhle/mlops/dags/data_pipeline.py                            1           0  0.71s           2025-04-23T10:41:44                      12
================================================================================
[2025-04-23T17:42:25.110+0700] {manager.py:821} INFO - Searching for files in /home/minhle/mlops/dags
[2025-04-23T17:42:25.112+0700] {manager.py:824} INFO - There are 2 files in /home/minhle/mlops/dags
[2025-04-23T17:42:46.970+0700] {manager.py:997} INFO - 
================================================================================
DAG File Processing Stats

File Path                                  PID    Runtime      # DAGs    # Errors  Last Runtime    Last Run               Last # of DB Queries
-----------------------------------------  -----  ---------  --------  ----------  --------------  -------------------  ----------------------
/home/minhle/mlops/dags/model_training.py                           1           0  1.82s           2025-04-23T10:42:46                      12
/home/minhle/mlops/dags/data_pipeline.py                            1           0  0.71s           2025-04-23T10:42:16                      12
================================================================================
[2025-04-23T17:43:18.803+0700] {manager.py:997} INFO - 
================================================================================
DAG File Processing Stats

File Path                                  PID    Runtime      # DAGs    # Errors  Last Runtime    Last Run               Last # of DB Queries
-----------------------------------------  -----  ---------  --------  ----------  --------------  -------------------  ----------------------
/home/minhle/mlops/dags/model_training.py                           1           0  1.71s           2025-04-23T10:43:18                      12
/home/minhle/mlops/dags/data_pipeline.py                            1           0  0.81s           2025-04-23T10:42:48                      12
================================================================================
[2025-04-23T17:43:50.691+0700] {manager.py:997} INFO - 
================================================================================
DAG File Processing Stats

File Path                                  PID    Runtime      # DAGs    # Errors  Last Runtime    Last Run               Last # of DB Queries
-----------------------------------------  -----  ---------  --------  ----------  --------------  -------------------  ----------------------
/home/minhle/mlops/dags/model_training.py                           1           0  1.73s           2025-04-23T10:43:50                      12
/home/minhle/mlops/dags/data_pipeline.py                            1           0  0.71s           2025-04-23T10:43:20                      12
================================================================================
[2025-04-23T17:44:22.540+0700] {manager.py:997} INFO - 
================================================================================
DAG File Processing Stats

File Path                                  PID    Runtime      # DAGs    # Errors  Last Runtime    Last Run               Last # of DB Queries
-----------------------------------------  -----  ---------  --------  ----------  --------------  -------------------  ----------------------
/home/minhle/mlops/dags/model_training.py                           1           0  1.71s           2025-04-23T10:44:22                      12
/home/minhle/mlops/dags/data_pipeline.py                            1           0  0.72s           2025-04-23T10:43:52                      12
================================================================================
[2025-04-23T17:44:54.399+0700] {manager.py:997} INFO - 
================================================================================
DAG File Processing Stats

File Path                                  PID    Runtime      # DAGs    # Errors  Last Runtime    Last Run               Last # of DB Queries
-----------------------------------------  -----  ---------  --------  ----------  --------------  -------------------  ----------------------
/home/minhle/mlops/dags/model_training.py                           1           0  1.71s           2025-04-23T10:44:54                      12
/home/minhle/mlops/dags/data_pipeline.py                            1           0  0.71s           2025-04-23T10:44:24                      12
================================================================================
[2025-04-23T17:45:26.246+0700] {manager.py:997} INFO - 
================================================================================
DAG File Processing Stats

File Path                                  PID    Runtime      # DAGs    # Errors  Last Runtime    Last Run               Last # of DB Queries
-----------------------------------------  -----  ---------  --------  ----------  --------------  -------------------  ----------------------
/home/minhle/mlops/dags/model_training.py                           1           0  1.71s           2025-04-23T10:45:26                      12
/home/minhle/mlops/dags/data_pipeline.py                            1           0  0.71s           2025-04-23T10:44:56                      12
================================================================================
[2025-04-23T17:45:58.108+0700] {manager.py:997} INFO - 
================================================================================
DAG File Processing Stats

File Path                                  PID    Runtime      # DAGs    # Errors  Last Runtime    Last Run               Last # of DB Queries
-----------------------------------------  -----  ---------  --------  ----------  --------------  -------------------  ----------------------
/home/minhle/mlops/dags/model_training.py                           1           0  1.72s           2025-04-23T10:45:58                      12
/home/minhle/mlops/dags/data_pipeline.py                            1           0  0.71s           2025-04-23T10:45:28                      12
================================================================================
[2025-04-23T17:46:30.042+0700] {manager.py:997} INFO - 
================================================================================
DAG File Processing Stats

File Path                                  PID    Runtime      # DAGs    # Errors  Last Runtime    Last Run               Last # of DB Queries
-----------------------------------------  -----  ---------  --------  ----------  --------------  -------------------  ----------------------
/home/minhle/mlops/dags/model_training.py                           1           0  1.71s           2025-04-23T10:46:30                      12
/home/minhle/mlops/dags/data_pipeline.py                            1           0  0.81s           2025-04-23T10:46:00                      12
================================================================================
[2025-04-23T17:47:01.907+0700] {manager.py:997} INFO - 
================================================================================
DAG File Processing Stats

File Path                                  PID    Runtime      # DAGs    # Errors  Last Runtime    Last Run               Last # of DB Queries
-----------------------------------------  -----  ---------  --------  ----------  --------------  -------------------  ----------------------
/home/minhle/mlops/dags/model_training.py                           1           0  1.71s           2025-04-23T10:47:01                      12
/home/minhle/mlops/dags/data_pipeline.py                            1           0  0.72s           2025-04-23T10:46:31                      12
================================================================================
[2025-04-23T17:47:25.319+0700] {manager.py:821} INFO - Searching for files in /home/minhle/mlops/dags
[2025-04-23T17:47:25.321+0700] {manager.py:824} INFO - There are 2 files in /home/minhle/mlops/dags
[2025-04-23T17:47:33.760+0700] {manager.py:997} INFO - 
================================================================================
DAG File Processing Stats

File Path                                  PID    Runtime      # DAGs    # Errors  Last Runtime    Last Run               Last # of DB Queries
-----------------------------------------  -----  ---------  --------  ----------  --------------  -------------------  ----------------------
/home/minhle/mlops/dags/model_training.py                           1           0  1.71s           2025-04-23T10:47:33                      12
/home/minhle/mlops/dags/data_pipeline.py                            1           0  0.72s           2025-04-23T10:47:03                      12
================================================================================
[2025-04-23T17:48:05.601+0700] {manager.py:997} INFO - 
================================================================================
DAG File Processing Stats

File Path                                  PID    Runtime      # DAGs    # Errors  Last Runtime    Last Run               Last # of DB Queries
-----------------------------------------  -----  ---------  --------  ----------  --------------  -------------------  ----------------------
/home/minhle/mlops/dags/model_training.py                           1           0  1.71s           2025-04-23T10:48:05                      12
/home/minhle/mlops/dags/data_pipeline.py                            1           0  0.71s           2025-04-23T10:47:35                      12
================================================================================
[2025-04-23T17:48:37.461+0700] {manager.py:997} INFO - 
================================================================================
DAG File Processing Stats

File Path                                  PID    Runtime      # DAGs    # Errors  Last Runtime    Last Run               Last # of DB Queries
-----------------------------------------  -----  ---------  --------  ----------  --------------  -------------------  ----------------------
/home/minhle/mlops/dags/model_training.py                           1           0  1.71s           2025-04-23T10:48:37                      12
/home/minhle/mlops/dags/data_pipeline.py                            1           0  0.71s           2025-04-23T10:48:07                      12
================================================================================
[2025-04-23T17:49:09.294+0700] {manager.py:997} INFO - 
================================================================================
DAG File Processing Stats

File Path                                  PID    Runtime      # DAGs    # Errors  Last Runtime    Last Run               Last # of DB Queries
-----------------------------------------  -----  ---------  --------  ----------  --------------  -------------------  ----------------------
/home/minhle/mlops/dags/model_training.py                           1           0  1.71s           2025-04-23T10:49:09                      12
/home/minhle/mlops/dags/data_pipeline.py                            1           0  0.71s           2025-04-23T10:48:39                      12
================================================================================
[2025-04-23T17:49:41.441+0700] {manager.py:997} INFO - 
================================================================================
DAG File Processing Stats

File Path                                  PID    Runtime      # DAGs    # Errors  Last Runtime    Last Run               Last # of DB Queries
-----------------------------------------  -----  ---------  --------  ----------  --------------  -------------------  ----------------------
/home/minhle/mlops/dags/model_training.py                           1           0  1.81s           2025-04-23T10:49:41                      12
/home/minhle/mlops/dags/data_pipeline.py                            1           0  0.81s           2025-04-23T10:49:11                      12
================================================================================
[2025-04-23T17:50:13.275+0700] {manager.py:997} INFO - 
================================================================================
DAG File Processing Stats

File Path                                  PID    Runtime      # DAGs    # Errors  Last Runtime    Last Run               Last # of DB Queries
-----------------------------------------  -----  ---------  --------  ----------  --------------  -------------------  ----------------------
/home/minhle/mlops/dags/model_training.py                           1           0  1.71s           2025-04-23T10:50:13                      12
/home/minhle/mlops/dags/data_pipeline.py                            1           0  0.71s           2025-04-23T10:49:43                      12
================================================================================
[2025-04-23T17:50:45.115+0700] {manager.py:997} INFO - 
================================================================================
DAG File Processing Stats

File Path                                  PID    Runtime      # DAGs    # Errors  Last Runtime    Last Run               Last # of DB Queries
-----------------------------------------  -----  ---------  --------  ----------  --------------  -------------------  ----------------------
/home/minhle/mlops/dags/model_training.py                           1           0  1.71s           2025-04-23T10:50:45                      12
/home/minhle/mlops/dags/data_pipeline.py                            1           0  0.71s           2025-04-23T10:50:15                      12
================================================================================
[2025-04-23T17:51:16.943+0700] {manager.py:997} INFO - 
================================================================================
DAG File Processing Stats

File Path                                  PID    Runtime      # DAGs    # Errors  Last Runtime    Last Run               Last # of DB Queries
-----------------------------------------  -----  ---------  --------  ----------  --------------  -------------------  ----------------------
/home/minhle/mlops/dags/model_training.py                           1           0  1.71s           2025-04-23T10:51:16                      12
/home/minhle/mlops/dags/data_pipeline.py                            1           0  0.71s           2025-04-23T10:50:46                      12
================================================================================
[2025-04-23T17:51:48.689+0700] {manager.py:997} INFO - 
================================================================================
DAG File Processing Stats

File Path                                  PID    Runtime      # DAGs    # Errors  Last Runtime    Last Run               Last # of DB Queries
-----------------------------------------  -----  ---------  --------  ----------  --------------  -------------------  ----------------------
/home/minhle/mlops/dags/model_training.py                           1           0  1.71s           2025-04-23T10:51:48                      12
/home/minhle/mlops/dags/data_pipeline.py                            1           0  0.72s           2025-04-23T10:51:18                      12
================================================================================
[2025-04-23T17:52:20.521+0700] {manager.py:997} INFO - 
================================================================================
DAG File Processing Stats

File Path                                  PID    Runtime      # DAGs    # Errors  Last Runtime    Last Run               Last # of DB Queries
-----------------------------------------  -----  ---------  --------  ----------  --------------  -------------------  ----------------------
/home/minhle/mlops/dags/model_training.py                           1           0  1.71s           2025-04-23T10:52:20                      12
/home/minhle/mlops/dags/data_pipeline.py                            1           0  0.71s           2025-04-23T10:51:50                      12
================================================================================
[2025-04-23T17:52:25.445+0700] {manager.py:821} INFO - Searching for files in /home/minhle/mlops/dags
[2025-04-23T17:52:25.447+0700] {manager.py:824} INFO - There are 2 files in /home/minhle/mlops/dags
[2025-04-23T17:52:52.361+0700] {manager.py:997} INFO - 
================================================================================
DAG File Processing Stats

File Path                                  PID    Runtime      # DAGs    # Errors  Last Runtime    Last Run               Last # of DB Queries
-----------------------------------------  -----  ---------  --------  ----------  --------------  -------------------  ----------------------
/home/minhle/mlops/dags/model_training.py                           1           0  1.71s           2025-04-23T10:52:52                      12
/home/minhle/mlops/dags/data_pipeline.py                            1           0  0.71s           2025-04-23T10:52:22                      12
================================================================================
[2025-04-23T17:53:24.242+0700] {manager.py:997} INFO - 
================================================================================
DAG File Processing Stats

File Path                                  PID    Runtime      # DAGs    # Errors  Last Runtime    Last Run               Last # of DB Queries
-----------------------------------------  -----  ---------  --------  ----------  --------------  -------------------  ----------------------
/home/minhle/mlops/dags/model_training.py                           1           0  1.71s           2025-04-23T10:53:24                      12
/home/minhle/mlops/dags/data_pipeline.py                            1           0  0.71s           2025-04-23T10:52:54                      12
================================================================================
[2025-04-23T17:53:56.195+0700] {manager.py:997} INFO - 
================================================================================
DAG File Processing Stats

File Path                                  PID    Runtime      # DAGs    # Errors  Last Runtime    Last Run               Last # of DB Queries
-----------------------------------------  -----  ---------  --------  ----------  --------------  -------------------  ----------------------
/home/minhle/mlops/dags/model_training.py                           1           0  1.81s           2025-04-23T10:53:56                      12
/home/minhle/mlops/dags/data_pipeline.py                            1           0  0.71s           2025-04-23T10:53:26                      12
================================================================================
[2025-04-23T17:54:28.059+0700] {manager.py:997} INFO - 
================================================================================
DAG File Processing Stats

File Path                                  PID    Runtime      # DAGs    # Errors  Last Runtime    Last Run               Last # of DB Queries
-----------------------------------------  -----  ---------  --------  ----------  --------------  -------------------  ----------------------
/home/minhle/mlops/dags/model_training.py                           1           0  1.72s           2025-04-23T10:54:28                      12
/home/minhle/mlops/dags/data_pipeline.py                            1           0  0.71s           2025-04-23T10:53:58                      12
================================================================================
[2025-04-23T17:54:59.790+0700] {manager.py:997} INFO - 
================================================================================
DAG File Processing Stats

File Path                                  PID    Runtime      # DAGs    # Errors  Last Runtime    Last Run               Last # of DB Queries
-----------------------------------------  -----  ---------  --------  ----------  --------------  -------------------  ----------------------
/home/minhle/mlops/dags/model_training.py                           1           0  1.71s           2025-04-23T10:54:59                      12
/home/minhle/mlops/dags/data_pipeline.py                            1           0  0.71s           2025-04-23T10:54:29                      12
================================================================================
[2025-04-23T17:55:32.250+0700] {manager.py:997} INFO - 
================================================================================
DAG File Processing Stats

File Path                                  PID    Runtime      # DAGs    # Errors  Last Runtime    Last Run               Last # of DB Queries
-----------------------------------------  -----  ---------  --------  ----------  --------------  -------------------  ----------------------
/home/minhle/mlops/dags/model_training.py                           1           0  2.31s           2025-04-23T10:55:32                      12
/home/minhle/mlops/dags/data_pipeline.py                            1           0  0.71s           2025-04-23T10:55:01                      12
================================================================================
[2025-04-23T17:56:04.113+0700] {manager.py:997} INFO - 
================================================================================
DAG File Processing Stats

File Path                                  PID    Runtime      # DAGs    # Errors  Last Runtime    Last Run               Last # of DB Queries
-----------------------------------------  -----  ---------  --------  ----------  --------------  -------------------  ----------------------
/home/minhle/mlops/dags/model_training.py                           1           0  1.71s           2025-04-23T10:56:04                      12
/home/minhle/mlops/dags/data_pipeline.py                            1           0  0.72s           2025-04-23T10:55:34                      12
================================================================================
[2025-04-23T17:56:35.959+0700] {manager.py:997} INFO - 
================================================================================
DAG File Processing Stats

File Path                                  PID    Runtime      # DAGs    # Errors  Last Runtime    Last Run               Last # of DB Queries
-----------------------------------------  -----  ---------  --------  ----------  --------------  -------------------  ----------------------
/home/minhle/mlops/dags/model_training.py                           1           0  1.71s           2025-04-23T10:56:35                      12
/home/minhle/mlops/dags/data_pipeline.py                            1           0  0.81s           2025-04-23T10:56:06                      12
================================================================================
[2025-04-23T17:57:07.916+0700] {manager.py:997} INFO - 
================================================================================
DAG File Processing Stats

File Path                                  PID    Runtime      # DAGs    # Errors  Last Runtime    Last Run               Last # of DB Queries
-----------------------------------------  -----  ---------  --------  ----------  --------------  -------------------  ----------------------
/home/minhle/mlops/dags/model_training.py                           1           0  1.71s           2025-04-23T10:57:07                      12
/home/minhle/mlops/dags/data_pipeline.py                            1           0  0.81s           2025-04-23T10:56:37                      12
================================================================================
[2025-04-23T17:57:26.302+0700] {manager.py:821} INFO - Searching for files in /home/minhle/mlops/dags
[2025-04-23T17:57:26.304+0700] {manager.py:824} INFO - There are 2 files in /home/minhle/mlops/dags
[2025-04-23T17:57:39.950+0700] {manager.py:997} INFO - 
================================================================================
DAG File Processing Stats

File Path                                  PID    Runtime      # DAGs    # Errors  Last Runtime    Last Run               Last # of DB Queries
-----------------------------------------  -----  ---------  --------  ----------  --------------  -------------------  ----------------------
/home/minhle/mlops/dags/model_training.py                           1           0  1.71s           2025-04-23T10:57:39                      12
/home/minhle/mlops/dags/data_pipeline.py                            1           0  0.81s           2025-04-23T10:57:09                      12
================================================================================
[2025-04-23T17:58:11.811+0700] {manager.py:997} INFO - 
================================================================================
DAG File Processing Stats

File Path                                  PID    Runtime      # DAGs    # Errors  Last Runtime    Last Run               Last # of DB Queries
-----------------------------------------  -----  ---------  --------  ----------  --------------  -------------------  ----------------------
/home/minhle/mlops/dags/model_training.py                           1           0  1.71s           2025-04-23T10:58:11                      12
/home/minhle/mlops/dags/data_pipeline.py                            1           0  0.71s           2025-04-23T10:57:41                      12
================================================================================
[2025-04-23T17:58:43.532+0700] {manager.py:997} INFO - 
================================================================================
DAG File Processing Stats

File Path                                  PID    Runtime      # DAGs    # Errors  Last Runtime    Last Run               Last # of DB Queries
-----------------------------------------  -----  ---------  --------  ----------  --------------  -------------------  ----------------------
/home/minhle/mlops/dags/model_training.py                           1           0  1.71s           2025-04-23T10:58:43                      12
/home/minhle/mlops/dags/data_pipeline.py                            1           0  0.81s           2025-04-23T10:58:13                      12
================================================================================
[2025-04-23T17:59:15.398+0700] {manager.py:997} INFO - 
================================================================================
DAG File Processing Stats

File Path                                  PID    Runtime      # DAGs    # Errors  Last Runtime    Last Run               Last # of DB Queries
-----------------------------------------  -----  ---------  --------  ----------  --------------  -------------------  ----------------------
/home/minhle/mlops/dags/model_training.py                           1           0  1.71s           2025-04-23T10:59:15                      12
/home/minhle/mlops/dags/data_pipeline.py                            1           0  0.71s           2025-04-23T10:58:45                      12
================================================================================
[2025-04-23T17:59:47.253+0700] {manager.py:997} INFO - 
================================================================================
DAG File Processing Stats

File Path                                  PID    Runtime      # DAGs    # Errors  Last Runtime    Last Run               Last # of DB Queries
-----------------------------------------  -----  ---------  --------  ----------  --------------  -------------------  ----------------------
/home/minhle/mlops/dags/model_training.py                           1           0  1.71s           2025-04-23T10:59:47                      12
/home/minhle/mlops/dags/data_pipeline.py                            1           0  0.71s           2025-04-23T10:59:17                      12
================================================================================
[2025-04-23T18:00:19.397+0700] {manager.py:997} INFO - 
================================================================================
DAG File Processing Stats

File Path                                  PID    Runtime      # DAGs    # Errors  Last Runtime    Last Run               Last # of DB Queries
-----------------------------------------  -----  ---------  --------  ----------  --------------  -------------------  ----------------------
/home/minhle/mlops/dags/model_training.py                           1           0  2.02s           2025-04-23T11:00:19                      12
/home/minhle/mlops/dags/data_pipeline.py                            1           0  0.82s           2025-04-23T10:59:49                      12
================================================================================
[2025-04-23T18:00:51.226+0700] {manager.py:997} INFO - 
================================================================================
DAG File Processing Stats

File Path                                  PID    Runtime      # DAGs    # Errors  Last Runtime    Last Run               Last # of DB Queries
-----------------------------------------  -----  ---------  --------  ----------  --------------  -------------------  ----------------------
/home/minhle/mlops/dags/model_training.py                           1           0  1.71s           2025-04-23T11:00:51                      12
/home/minhle/mlops/dags/data_pipeline.py                            1           0  0.91s           2025-04-23T11:00:21                      12
================================================================================
[2025-04-23T18:01:23.285+0700] {manager.py:997} INFO - 
================================================================================
DAG File Processing Stats

File Path                                  PID    Runtime      # DAGs    # Errors  Last Runtime    Last Run               Last # of DB Queries
-----------------------------------------  -----  ---------  --------  ----------  --------------  -------------------  ----------------------
/home/minhle/mlops/dags/model_training.py                           1           0  2.01s           2025-04-23T11:01:23                      12
/home/minhle/mlops/dags/data_pipeline.py                            1           0  0.72s           2025-04-23T11:00:53                      12
================================================================================
[2025-04-23T18:01:55.252+0700] {manager.py:997} INFO - 
================================================================================
DAG File Processing Stats

File Path                                  PID    Runtime      # DAGs    # Errors  Last Runtime    Last Run               Last # of DB Queries
-----------------------------------------  -----  ---------  --------  ----------  --------------  -------------------  ----------------------
/home/minhle/mlops/dags/model_training.py                           1           0  1.82s           2025-04-23T11:01:55                      12
/home/minhle/mlops/dags/data_pipeline.py                            1           0  0.72s           2025-04-23T11:01:25                      12
================================================================================
[2025-04-23T18:02:27.303+0700] {manager.py:997} INFO - 
================================================================================
DAG File Processing Stats

File Path                                  PID    Runtime      # DAGs    # Errors  Last Runtime    Last Run               Last # of DB Queries
-----------------------------------------  -----  ---------  --------  ----------  --------------  -------------------  ----------------------
/home/minhle/mlops/dags/model_training.py                           1           0  1.91s           2025-04-23T11:02:27                      12
/home/minhle/mlops/dags/data_pipeline.py                            1           0  0.81s           2025-04-23T11:01:57                      12
================================================================================
[2025-04-23T18:02:28.478+0700] {manager.py:821} INFO - Searching for files in /home/minhle/mlops/dags
[2025-04-23T18:02:28.482+0700] {manager.py:824} INFO - There are 2 files in /home/minhle/mlops/dags
[2025-04-23T18:02:59.509+0700] {manager.py:997} INFO - 
================================================================================
DAG File Processing Stats

File Path                                  PID    Runtime      # DAGs    # Errors  Last Runtime    Last Run               Last # of DB Queries
-----------------------------------------  -----  ---------  --------  ----------  --------------  -------------------  ----------------------
/home/minhle/mlops/dags/model_training.py                           1           0  1.91s           2025-04-23T11:02:59                      12
/home/minhle/mlops/dags/data_pipeline.py                            1           0  0.82s           2025-04-23T11:02:29                      12
================================================================================
[2025-04-23T18:03:31.567+0700] {manager.py:997} INFO - 
================================================================================
DAG File Processing Stats

File Path                                  PID    Runtime      # DAGs    # Errors  Last Runtime    Last Run               Last # of DB Queries
-----------------------------------------  -----  ---------  --------  ----------  --------------  -------------------  ----------------------
/home/minhle/mlops/dags/model_training.py                           1           0  1.91s           2025-04-23T11:03:31                      12
/home/minhle/mlops/dags/data_pipeline.py                            1           0  1.11s           2025-04-23T11:03:01                      12
================================================================================
[2025-04-23T18:04:04.014+0700] {manager.py:997} INFO - 
================================================================================
DAG File Processing Stats

File Path                                  PID    Runtime      # DAGs    # Errors  Last Runtime    Last Run               Last # of DB Queries
-----------------------------------------  -----  ---------  --------  ----------  --------------  -------------------  ----------------------
/home/minhle/mlops/dags/model_training.py                           1           0  2.22s           2025-04-23T11:04:04                      12
/home/minhle/mlops/dags/data_pipeline.py                            1           0  0.82s           2025-04-23T11:03:33                      12
================================================================================
[2025-04-23T18:04:35.963+0700] {manager.py:997} INFO - 
================================================================================
DAG File Processing Stats

File Path                                  PID    Runtime      # DAGs    # Errors  Last Runtime    Last Run               Last # of DB Queries
-----------------------------------------  -----  ---------  --------  ----------  --------------  -------------------  ----------------------
/home/minhle/mlops/dags/model_training.py                           1           0  1.91s           2025-04-23T11:04:35                      12
/home/minhle/mlops/dags/data_pipeline.py                            1           0  0.81s           2025-04-23T11:04:06                      12
================================================================================
[2025-04-23T18:05:08.046+0700] {manager.py:997} INFO - 
================================================================================
DAG File Processing Stats

File Path                                  PID    Runtime      # DAGs    # Errors  Last Runtime    Last Run               Last # of DB Queries
-----------------------------------------  -----  ---------  --------  ----------  --------------  -------------------  ----------------------
/home/minhle/mlops/dags/model_training.py                           1           0  1.91s           2025-04-23T11:05:08                      12
/home/minhle/mlops/dags/data_pipeline.py                            1           0  0.81s           2025-04-23T11:04:37                      12
================================================================================
[2025-04-23T18:05:40.104+0700] {manager.py:997} INFO - 
================================================================================
DAG File Processing Stats

File Path                                  PID    Runtime      # DAGs    # Errors  Last Runtime    Last Run               Last # of DB Queries
-----------------------------------------  -----  ---------  --------  ----------  --------------  -------------------  ----------------------
/home/minhle/mlops/dags/model_training.py                           1           0  1.91s           2025-04-23T11:05:40                      12
/home/minhle/mlops/dags/data_pipeline.py                            1           0  0.81s           2025-04-23T11:05:09                      12
================================================================================
[2025-04-23T18:06:12.173+0700] {manager.py:997} INFO - 
================================================================================
DAG File Processing Stats

File Path                                  PID    Runtime      # DAGs    # Errors  Last Runtime    Last Run               Last # of DB Queries
-----------------------------------------  -----  ---------  --------  ----------  --------------  -------------------  ----------------------
/home/minhle/mlops/dags/model_training.py                           1           0  1.91s           2025-04-23T11:06:12                      12
/home/minhle/mlops/dags/data_pipeline.py                            1           0  0.81s           2025-04-23T11:05:42                      12
================================================================================
[2025-04-23T18:06:44.283+0700] {manager.py:997} INFO - 
================================================================================
DAG File Processing Stats

File Path                                  PID    Runtime      # DAGs    # Errors  Last Runtime    Last Run               Last # of DB Queries
-----------------------------------------  -----  ---------  --------  ----------  --------------  -------------------  ----------------------
/home/minhle/mlops/dags/model_training.py                           1           0  1.91s           2025-04-23T11:06:44                      12
/home/minhle/mlops/dags/data_pipeline.py                            1           0  0.81s           2025-04-23T11:06:14                      12
================================================================================
[2025-04-23T18:07:16.313+0700] {manager.py:997} INFO - 
================================================================================
DAG File Processing Stats

File Path                                  PID    Runtime      # DAGs    # Errors  Last Runtime    Last Run               Last # of DB Queries
-----------------------------------------  -----  ---------  --------  ----------  --------------  -------------------  ----------------------
/home/minhle/mlops/dags/model_training.py                           1           0  1.91s           2025-04-23T11:07:16                      12
/home/minhle/mlops/dags/data_pipeline.py                            1           0  0.81s           2025-04-23T11:06:46                      12
================================================================================
[2025-04-23T18:07:28.545+0700] {manager.py:821} INFO - Searching for files in /home/minhle/mlops/dags
[2025-04-23T18:07:28.548+0700] {manager.py:824} INFO - There are 2 files in /home/minhle/mlops/dags
[2025-04-23T18:07:48.379+0700] {manager.py:997} INFO - 
================================================================================
DAG File Processing Stats

File Path                                  PID    Runtime      # DAGs    # Errors  Last Runtime    Last Run               Last # of DB Queries
-----------------------------------------  -----  ---------  --------  ----------  --------------  -------------------  ----------------------
/home/minhle/mlops/dags/model_training.py                           1           0  1.91s           2025-04-23T11:07:48                      12
/home/minhle/mlops/dags/data_pipeline.py                            1           0  0.81s           2025-04-23T11:07:18                      12
================================================================================
[2025-04-23T18:08:20.517+0700] {manager.py:997} INFO - 
================================================================================
DAG File Processing Stats

File Path                                  PID    Runtime      # DAGs    # Errors  Last Runtime    Last Run               Last # of DB Queries
-----------------------------------------  -----  ---------  --------  ----------  --------------  -------------------  ----------------------
/home/minhle/mlops/dags/model_training.py                           1           0  1.91s           2025-04-23T11:08:20                      12
/home/minhle/mlops/dags/data_pipeline.py                            1           0  0.81s           2025-04-23T11:07:50                      12
================================================================================
[2025-04-23T18:08:52.796+0700] {manager.py:997} INFO - 
================================================================================
DAG File Processing Stats

File Path                                  PID    Runtime      # DAGs    # Errors  Last Runtime    Last Run               Last # of DB Queries
-----------------------------------------  -----  ---------  --------  ----------  --------------  -------------------  ----------------------
/home/minhle/mlops/dags/model_training.py                           1           0  2.11s           2025-04-23T11:08:52                      12
/home/minhle/mlops/dags/data_pipeline.py                            1           0  0.81s           2025-04-23T11:08:22                      12
================================================================================
[2025-04-23T18:09:24.962+0700] {manager.py:997} INFO - 
================================================================================
DAG File Processing Stats

File Path                                  PID    Runtime      # DAGs    # Errors  Last Runtime    Last Run               Last # of DB Queries
-----------------------------------------  -----  ---------  --------  ----------  --------------  -------------------  ----------------------
/home/minhle/mlops/dags/model_training.py                           1           0  2.01s           2025-04-23T11:09:24                      12
/home/minhle/mlops/dags/data_pipeline.py                            1           0  0.81s           2025-04-23T11:08:54                      12
================================================================================
[2025-04-23T18:09:57.075+0700] {manager.py:997} INFO - 
================================================================================
DAG File Processing Stats

File Path                                  PID    Runtime      # DAGs    # Errors  Last Runtime    Last Run               Last # of DB Queries
-----------------------------------------  -----  ---------  --------  ----------  --------------  -------------------  ----------------------
/home/minhle/mlops/dags/model_training.py                           1           0  1.91s           2025-04-23T11:09:57                      12
/home/minhle/mlops/dags/data_pipeline.py                            1           0  0.81s           2025-04-23T11:09:26                      12
================================================================================
[2025-04-23T18:10:29.238+0700] {manager.py:997} INFO - 
================================================================================
DAG File Processing Stats

File Path                                  PID    Runtime      # DAGs    # Errors  Last Runtime    Last Run               Last # of DB Queries
-----------------------------------------  -----  ---------  --------  ----------  --------------  -------------------  ----------------------
/home/minhle/mlops/dags/model_training.py                           1           0  2.01s           2025-04-23T11:10:29                      12
/home/minhle/mlops/dags/data_pipeline.py                            1           0  0.81s           2025-04-23T11:09:59                      12
================================================================================
[2025-04-23T18:11:01.317+0700] {manager.py:997} INFO - 
================================================================================
DAG File Processing Stats

File Path                                  PID    Runtime      # DAGs    # Errors  Last Runtime    Last Run               Last # of DB Queries
-----------------------------------------  -----  ---------  --------  ----------  --------------  -------------------  ----------------------
/home/minhle/mlops/dags/model_training.py                           1           0  1.91s           2025-04-23T11:11:01                      12
/home/minhle/mlops/dags/data_pipeline.py                            1           0  0.81s           2025-04-23T11:10:31                      12
================================================================================
[2025-04-23T18:11:33.389+0700] {manager.py:997} INFO - 
================================================================================
DAG File Processing Stats

File Path                                  PID    Runtime      # DAGs    # Errors  Last Runtime    Last Run               Last # of DB Queries
-----------------------------------------  -----  ---------  --------  ----------  --------------  -------------------  ----------------------
/home/minhle/mlops/dags/model_training.py                           1           0  1.91s           2025-04-23T11:11:33                      12
/home/minhle/mlops/dags/data_pipeline.py                            1           0  0.81s           2025-04-23T11:11:03                      12
================================================================================
[2025-04-23T18:12:05.461+0700] {manager.py:997} INFO - 
================================================================================
DAG File Processing Stats

File Path                                  PID    Runtime      # DAGs    # Errors  Last Runtime    Last Run               Last # of DB Queries
-----------------------------------------  -----  ---------  --------  ----------  --------------  -------------------  ----------------------
/home/minhle/mlops/dags/model_training.py                           1           0  1.91s           2025-04-23T11:12:05                      12
/home/minhle/mlops/dags/data_pipeline.py                            1           0  0.81s           2025-04-23T11:11:35                      12
================================================================================
[2025-04-23T18:12:28.867+0700] {manager.py:821} INFO - Searching for files in /home/minhle/mlops/dags
[2025-04-23T18:12:28.873+0700] {manager.py:824} INFO - There are 2 files in /home/minhle/mlops/dags
[2025-04-23T18:12:37.618+0700] {manager.py:997} INFO - 
================================================================================
DAG File Processing Stats

File Path                                  PID    Runtime      # DAGs    # Errors  Last Runtime    Last Run               Last # of DB Queries
-----------------------------------------  -----  ---------  --------  ----------  --------------  -------------------  ----------------------
/home/minhle/mlops/dags/model_training.py                           1           0  1.91s           2025-04-23T11:12:37                      12
/home/minhle/mlops/dags/data_pipeline.py                            1           0  0.81s           2025-04-23T11:12:07                      12
================================================================================
[2025-04-23T18:12:38.182+0700] {manager.py:465} INFO - Exiting gracefully upon receiving signal 15
[2025-04-23T23:41:30.061+0700] {manager.py:483} INFO - Processing files using up to 1 processes at a time 
[2025-04-23T23:41:30.072+0700] {manager.py:484} INFO - Process each file at most once every 30 seconds
[2025-04-23T23:41:30.072+0700] {manager.py:485} INFO - Checking for new files in /home/minhle/mlops/dags every 300 seconds
[2025-04-23T23:41:30.072+0700] {manager.py:821} INFO - Searching for files in /home/minhle/mlops/dags
[2025-04-23T23:41:30.074+0700] {manager.py:824} INFO - There are 2 files in /home/minhle/mlops/dags
[2025-04-23T23:41:31.007+0700] {manager.py:997} INFO - 
================================================================================
DAG File Processing Stats

File Path                                  PID    Runtime      # DAGs    # Errors  Last Runtime    Last Run               Last # of DB Queries
-----------------------------------------  -----  ---------  --------  ----------  --------------  -------------------  ----------------------
/home/minhle/mlops/dags/data_pipeline.py                            0           1  0.91s           2025-04-23T16:41:31                       3
/home/minhle/mlops/dags/model_training.py                           0           0                                                            0
================================================================================
[2025-04-23T23:42:02.209+0700] {manager.py:997} INFO - 
================================================================================
DAG File Processing Stats

File Path                                  PID    Runtime      # DAGs    # Errors  Last Runtime    Last Run               Last # of DB Queries
-----------------------------------------  -----  ---------  --------  ----------  --------------  -------------------  ----------------------
/home/minhle/mlops/dags/model_training.py                           1           0  1.72s           2025-04-23T16:41:33                      12
/home/minhle/mlops/dags/data_pipeline.py                            0           1  1.01s           2025-04-23T16:42:02                       5
================================================================================
[2025-04-23T23:42:33.073+0700] {manager.py:997} INFO - 
================================================================================
DAG File Processing Stats

File Path                                  PID    Runtime      # DAGs    # Errors  Last Runtime    Last Run               Last # of DB Queries
-----------------------------------------  -----  ---------  --------  ----------  --------------  -------------------  ----------------------
/home/minhle/mlops/dags/model_training.py                           1           0  2.01s           2025-04-23T16:42:06                      12
/home/minhle/mlops/dags/data_pipeline.py                            0           1  0.80s           2025-04-23T16:42:33                       5
================================================================================
[2025-04-23T23:43:04.153+0700] {manager.py:997} INFO - 
================================================================================
DAG File Processing Stats

File Path                                  PID    Runtime      # DAGs    # Errors  Last Runtime    Last Run               Last # of DB Queries
-----------------------------------------  -----  ---------  --------  ----------  --------------  -------------------  ----------------------
/home/minhle/mlops/dags/model_training.py                           1           0  2.01s           2025-04-23T16:42:38                      12
/home/minhle/mlops/dags/data_pipeline.py                            0           1  0.92s           2025-04-23T16:43:04                       5
================================================================================
[2025-04-23T23:43:35.025+0700] {manager.py:997} INFO - 
================================================================================
DAG File Processing Stats

File Path                                  PID    Runtime      # DAGs    # Errors  Last Runtime    Last Run               Last # of DB Queries
-----------------------------------------  -----  ---------  --------  ----------  --------------  -------------------  ----------------------
/home/minhle/mlops/dags/model_training.py                           1           0  2.01s           2025-04-23T16:43:11                      12
/home/minhle/mlops/dags/data_pipeline.py                            0           1  0.81s           2025-04-23T16:43:35                       5
================================================================================
[2025-04-23T23:44:05.267+0700] {manager.py:997} INFO - 
================================================================================
DAG File Processing Stats

File Path                                  PID    Runtime      # DAGs    # Errors  Last Runtime    Last Run               Last # of DB Queries
-----------------------------------------  -----  ---------  --------  ----------  --------------  -------------------  ----------------------
/home/minhle/mlops/dags/model_training.py                           1           0  1.91s           2025-04-23T16:43:43                      12
/home/minhle/mlops/dags/data_pipeline.py                            1           0  0.91s           2025-04-23T16:43:57                      34
================================================================================
[2025-04-23T23:44:36.989+0700] {manager.py:997} INFO - 
================================================================================
DAG File Processing Stats

File Path                                  PID    Runtime      # DAGs    # Errors  Last Runtime    Last Run               Last # of DB Queries
-----------------------------------------  -----  ---------  --------  ----------  --------------  -------------------  ----------------------
/home/minhle/mlops/dags/model_training.py                           1           0  2.02s           2025-04-23T16:44:15                      12
/home/minhle/mlops/dags/data_pipeline.py                            1           0  0.91s           2025-04-23T16:44:30                      12
================================================================================
[2025-04-23T23:45:07.211+0700] {manager.py:997} INFO - 
================================================================================
DAG File Processing Stats

File Path                                  PID    Runtime      # DAGs    # Errors  Last Runtime    Last Run               Last # of DB Queries
-----------------------------------------  -----  ---------  --------  ----------  --------------  -------------------  ----------------------
/home/minhle/mlops/dags/model_training.py                           1           0  2.01s           2025-04-23T16:44:48                      12
/home/minhle/mlops/dags/data_pipeline.py                            1           0  1.81s           2025-04-23T16:45:03                      12
================================================================================
[2025-04-23T23:45:38.210+0700] {manager.py:997} INFO - 
================================================================================
DAG File Processing Stats

File Path                                  PID    Runtime      # DAGs    # Errors  Last Runtime    Last Run               Last # of DB Queries
-----------------------------------------  -----  ---------  --------  ----------  --------------  -------------------  ----------------------
/home/minhle/mlops/dags/model_training.py                           1           0  2.91s           2025-04-23T16:45:21                      12
/home/minhle/mlops/dags/data_pipeline.py                            1           0  0.81s           2025-04-23T16:45:35                      12
================================================================================
[2025-04-23T23:46:08.860+0700] {manager.py:997} INFO - 
================================================================================
DAG File Processing Stats

File Path                                  PID    Runtime      # DAGs    # Errors  Last Runtime    Last Run               Last # of DB Queries
-----------------------------------------  -----  ---------  --------  ----------  --------------  -------------------  ----------------------
/home/minhle/mlops/dags/model_training.py                           1           0  2.13s           2025-04-23T16:45:54                      12
/home/minhle/mlops/dags/data_pipeline.py                            1           0  0.92s           2025-04-23T16:46:06                      12
================================================================================
[2025-04-23T23:46:30.824+0700] {manager.py:821} INFO - Searching for files in /home/minhle/mlops/dags
[2025-04-23T23:46:30.830+0700] {manager.py:824} INFO - There are 2 files in /home/minhle/mlops/dags
[2025-04-23T23:46:38.908+0700] {manager.py:997} INFO - 
================================================================================
DAG File Processing Stats

File Path                                  PID    Runtime      # DAGs    # Errors  Last Runtime    Last Run               Last # of DB Queries
-----------------------------------------  -----  ---------  --------  ----------  --------------  -------------------  ----------------------
/home/minhle/mlops/dags/model_training.py                           1           0  1.91s           2025-04-23T16:46:26                      12
/home/minhle/mlops/dags/data_pipeline.py                            1           0  0.81s           2025-04-23T16:46:37                      12
================================================================================
[2025-04-23T23:47:09.060+0700] {manager.py:997} INFO - 
================================================================================
DAG File Processing Stats

File Path                                  PID    Runtime      # DAGs    # Errors  Last Runtime    Last Run               Last # of DB Queries
-----------------------------------------  -----  ---------  --------  ----------  --------------  -------------------  ----------------------
/home/minhle/mlops/dags/model_training.py                           1           0  1.82s           2025-04-23T16:46:58                      12
/home/minhle/mlops/dags/data_pipeline.py                            1           0  0.81s           2025-04-23T16:47:09                      12
================================================================================
[2025-04-23T23:47:40.068+0700] {manager.py:997} INFO - 
================================================================================
DAG File Processing Stats

File Path                                  PID    Runtime      # DAGs    # Errors  Last Runtime    Last Run               Last # of DB Queries
-----------------------------------------  -----  ---------  --------  ----------  --------------  -------------------  ----------------------
/home/minhle/mlops/dags/model_training.py                           1           0  1.82s           2025-04-23T16:47:31                      12
/home/minhle/mlops/dags/data_pipeline.py                            1           0  0.81s           2025-04-23T16:47:40                      12
================================================================================
[2025-04-23T23:48:11.598+0700] {manager.py:997} INFO - 
================================================================================
DAG File Processing Stats

File Path                                  PID    Runtime      # DAGs    # Errors  Last Runtime    Last Run               Last # of DB Queries
-----------------------------------------  -----  ---------  --------  ----------  --------------  -------------------  ----------------------
/home/minhle/mlops/dags/model_training.py                           1           0  2.01s           2025-04-23T16:48:03                      12
/home/minhle/mlops/dags/data_pipeline.py                            1           0  1.01s           2025-04-23T16:48:11                      12
================================================================================
[2025-04-23T23:48:44.238+0700] {manager.py:997} INFO - 
================================================================================
DAG File Processing Stats

File Path                                  PID    Runtime      # DAGs    # Errors  Last Runtime    Last Run               Last # of DB Queries
-----------------------------------------  -----  ---------  --------  ----------  --------------  -------------------  ----------------------
/home/minhle/mlops/dags/model_training.py                           1           0  2.13s           2025-04-23T16:48:38                      12
/home/minhle/mlops/dags/data_pipeline.py                            1           0  0.91s           2025-04-23T16:48:16                      12
================================================================================
[2025-04-23T23:49:14.759+0700] {manager.py:997} INFO - 
================================================================================
DAG File Processing Stats

File Path                                  PID    Runtime      # DAGs    # Errors  Last Runtime    Last Run               Last # of DB Queries
-----------------------------------------  -----  ---------  --------  ----------  --------------  -------------------  ----------------------
/home/minhle/mlops/dags/model_training.py                           1           0  2.11s           2025-04-23T16:49:11                      12
/home/minhle/mlops/dags/data_pipeline.py                            1           0  0.91s           2025-04-23T16:48:48                      12
================================================================================
[2025-04-23T23:49:51.402+0700] {manager.py:997} INFO - 
================================================================================
DAG File Processing Stats

File Path                                  PID    Runtime      # DAGs    # Errors  Last Runtime    Last Run               Last # of DB Queries
-----------------------------------------  -----  ---------  --------  ----------  --------------  -------------------  ----------------------
/home/minhle/mlops/dags/model_training.py                           1           0  1.91s           2025-04-23T16:49:51                      12
/home/minhle/mlops/dags/data_pipeline.py                            1           0  0.81s           2025-04-23T16:49:20                      12
================================================================================
[2025-04-23T23:50:23.513+0700] {manager.py:997} INFO - 
================================================================================
DAG File Processing Stats

File Path                                  PID    Runtime      # DAGs    # Errors  Last Runtime    Last Run               Last # of DB Queries
-----------------------------------------  -----  ---------  --------  ----------  --------------  -------------------  ----------------------
/home/minhle/mlops/dags/model_training.py                           1           0  1.91s           2025-04-23T16:50:23                      12
/home/minhle/mlops/dags/data_pipeline.py                            1           0  0.91s           2025-04-23T16:50:14                      12
================================================================================
[2025-04-23T23:50:55.939+0700] {manager.py:997} INFO - 
================================================================================
DAG File Processing Stats

File Path                                  PID    Runtime      # DAGs    # Errors  Last Runtime    Last Run               Last # of DB Queries
-----------------------------------------  -----  ---------  --------  ----------  --------------  -------------------  ----------------------
/home/minhle/mlops/dags/model_training.py                           1           0  2.11s           2025-04-23T16:50:55                      12
/home/minhle/mlops/dags/data_pipeline.py                            1           0  0.82s           2025-04-23T16:50:45                      12
================================================================================
[2025-04-23T23:51:28.240+0700] {manager.py:997} INFO - 
================================================================================
DAG File Processing Stats

File Path                                  PID    Runtime      # DAGs    # Errors  Last Runtime    Last Run               Last # of DB Queries
-----------------------------------------  -----  ---------  --------  ----------  --------------  -------------------  ----------------------
/home/minhle/mlops/dags/model_training.py                           1           0  2.02s           2025-04-23T16:51:28                      12
/home/minhle/mlops/dags/data_pipeline.py                            1           0  0.83s           2025-04-23T16:51:16                      12
================================================================================
[2025-04-23T23:51:31.087+0700] {manager.py:821} INFO - Searching for files in /home/minhle/mlops/dags
[2025-04-23T23:51:31.092+0700] {manager.py:824} INFO - There are 2 files in /home/minhle/mlops/dags
[2025-04-23T23:52:00.361+0700] {manager.py:997} INFO - 
================================================================================
DAG File Processing Stats

File Path                                  PID    Runtime      # DAGs    # Errors  Last Runtime    Last Run               Last # of DB Queries
-----------------------------------------  -----  ---------  --------  ----------  --------------  -------------------  ----------------------
/home/minhle/mlops/dags/model_training.py                           1           0  2.04s           2025-04-23T16:52:00                      12
/home/minhle/mlops/dags/data_pipeline.py                            1           0  0.82s           2025-04-23T16:51:29                      12
================================================================================
[2025-04-23T23:52:33.114+0700] {manager.py:997} INFO - 
================================================================================
DAG File Processing Stats

File Path                                  PID    Runtime      # DAGs    # Errors  Last Runtime    Last Run               Last # of DB Queries
-----------------------------------------  -----  ---------  --------  ----------  --------------  -------------------  ----------------------
/home/minhle/mlops/dags/model_training.py                           1           0  1.93s           2025-04-23T16:52:33                      12
/home/minhle/mlops/dags/data_pipeline.py                            1           0  1.11s           2025-04-23T16:52:02                      12
================================================================================
[2025-04-23T23:53:05.702+0700] {manager.py:997} INFO - 
================================================================================
DAG File Processing Stats

File Path                                  PID    Runtime      # DAGs    # Errors  Last Runtime    Last Run               Last # of DB Queries
-----------------------------------------  -----  ---------  --------  ----------  --------------  -------------------  ----------------------
/home/minhle/mlops/dags/model_training.py                           1           0  2.11s           2025-04-23T16:53:05                      12
/home/minhle/mlops/dags/data_pipeline.py                            1           0  0.91s           2025-04-23T16:52:34                      12
================================================================================
[2025-04-23T23:53:37.816+0700] {manager.py:997} INFO - 
================================================================================
DAG File Processing Stats

File Path                                  PID    Runtime      # DAGs    # Errors  Last Runtime    Last Run               Last # of DB Queries
-----------------------------------------  -----  ---------  --------  ----------  --------------  -------------------  ----------------------
/home/minhle/mlops/dags/model_training.py                           1           0  1.91s           2025-04-23T16:53:37                      12
/home/minhle/mlops/dags/data_pipeline.py                            1           0  1.13s           2025-04-23T16:53:08                      12
================================================================================
[2025-04-23T23:54:09.981+0700] {manager.py:997} INFO - 
================================================================================
DAG File Processing Stats

File Path                                  PID    Runtime      # DAGs    # Errors  Last Runtime    Last Run               Last # of DB Queries
-----------------------------------------  -----  ---------  --------  ----------  --------------  -------------------  ----------------------
/home/minhle/mlops/dags/model_training.py                           1           0  1.81s           2025-04-23T16:54:09                      12
/home/minhle/mlops/dags/data_pipeline.py                            1           0  0.81s           2025-04-23T16:53:39                      12
================================================================================
[2025-04-23T23:54:43.465+0700] {manager.py:997} INFO - 
================================================================================
DAG File Processing Stats

File Path                                  PID    Runtime      # DAGs    # Errors  Last Runtime    Last Run               Last # of DB Queries
-----------------------------------------  -----  ---------  --------  ----------  --------------  -------------------  ----------------------
/home/minhle/mlops/dags/model_training.py                           1           0  1.81s           2025-04-23T16:54:09                      12
/home/minhle/mlops/dags/data_pipeline.py                            1           0  0.81s           2025-04-23T16:54:43                      12
================================================================================
[2025-04-23T23:55:19.075+0700] {manager.py:997} INFO - 
================================================================================
DAG File Processing Stats

File Path                                  PID    Runtime      # DAGs    # Errors  Last Runtime    Last Run               Last # of DB Queries
-----------------------------------------  -----  ---------  --------  ----------  --------------  -------------------  ----------------------
/home/minhle/mlops/dags/model_training.py                           1           0  1.80s           2025-04-23T16:54:50                      12
/home/minhle/mlops/dags/data_pipeline.py                            1           0  0.81s           2025-04-23T16:55:19                      12
================================================================================
[2025-04-23T23:55:50.745+0700] {manager.py:997} INFO - 
================================================================================
DAG File Processing Stats

File Path                                  PID    Runtime      # DAGs    # Errors  Last Runtime    Last Run               Last # of DB Queries
-----------------------------------------  -----  ---------  --------  ----------  --------------  -------------------  ----------------------
/home/minhle/mlops/dags/model_training.py                           1           0  1.73s           2025-04-23T16:55:23                      12
/home/minhle/mlops/dags/data_pipeline.py                            1           0  0.81s           2025-04-23T16:55:50                      12
================================================================================
[2025-04-23T23:56:21.938+0700] {manager.py:997} INFO - 
================================================================================
DAG File Processing Stats

File Path                                  PID    Runtime      # DAGs    # Errors  Last Runtime    Last Run               Last # of DB Queries
-----------------------------------------  -----  ---------  --------  ----------  --------------  -------------------  ----------------------
/home/minhle/mlops/dags/model_training.py                           1           0  1.72s           2025-04-23T16:55:55                      12
/home/minhle/mlops/dags/data_pipeline.py                            1           0  0.81s           2025-04-23T16:56:21                      12
================================================================================
[2025-04-23T23:56:31.238+0700] {manager.py:821} INFO - Searching for files in /home/minhle/mlops/dags
[2025-04-23T23:56:31.239+0700] {manager.py:824} INFO - There are 2 files in /home/minhle/mlops/dags
[2025-04-23T23:56:53.292+0700] {manager.py:997} INFO - 
================================================================================
DAG File Processing Stats

File Path                                  PID    Runtime      # DAGs    # Errors  Last Runtime    Last Run               Last # of DB Queries
-----------------------------------------  -----  ---------  --------  ----------  --------------  -------------------  ----------------------
/home/minhle/mlops/dags/model_training.py                           1           0  1.81s           2025-04-23T16:56:27                      12
/home/minhle/mlops/dags/data_pipeline.py                            1           0  0.91s           2025-04-23T16:56:53                      12
================================================================================
[2025-04-23T23:57:25.094+0700] {manager.py:997} INFO - 
================================================================================
DAG File Processing Stats

File Path                                  PID    Runtime      # DAGs    # Errors  Last Runtime    Last Run               Last # of DB Queries
-----------------------------------------  -----  ---------  --------  ----------  --------------  -------------------  ----------------------
/home/minhle/mlops/dags/model_training.py                           1           0  1.81s           2025-04-23T16:57:03                      12
/home/minhle/mlops/dags/data_pipeline.py                            1           0  0.81s           2025-04-23T16:57:25                      12
================================================================================
[2025-04-23T23:57:56.335+0700] {manager.py:997} INFO - 
================================================================================
DAG File Processing Stats

File Path                                  PID    Runtime      # DAGs    # Errors  Last Runtime    Last Run               Last # of DB Queries
-----------------------------------------  -----  ---------  --------  ----------  --------------  -------------------  ----------------------
/home/minhle/mlops/dags/model_training.py                           1           0  1.91s           2025-04-23T16:57:36                      12
/home/minhle/mlops/dags/data_pipeline.py                            1           0  0.81s           2025-04-23T16:57:56                      12
================================================================================
